frame,ready,disjoint,freq,begin_ts,blt_ts,range_ts,charts_ts,gauge_ts,map_ts,hud_ts,end_ts,read_latency,span_ms,vp_ms,range_ms,charts_ms,gauge_ms,map_ms,hud_ms
0,1,0,1e+08,22953567431308,22953568667007,22953570122742,22953570359142,22953570377842,22953570693602,22953570895770,22953570895802,16,34.6449,12.357,14.5573,2.364,0.187,3.1576,2.02168
1,1,0,1e+08,22953571719669,22953572563541,22953573206902,22953573344026,22953573370162,22953573603070,22953573786518,22953573786546,16,20.6688,8.43872,6.43361,1.37124,0.26136,2.32908,1.83448
2,1,0,1e+08,22953574528086,22953576652676,22953577101908,22953577209316,22953577231516,22953577568554,22953577742106,22953577742138,16,32.1405,21.2459,4.49232,1.07408,0.222,3.37038,1.73552
3,1,0,1e+08,22953577785482,22953582118805,22953582603237,22953582673085,22953582716853,22953582935717,22953583141641,22953583141673,16,53.5619,43.3332,4.84432,0.69848,0.43768,2.18864,2.05924
4,1,0,1e+08,22953583186149,22953583467237,22953583923853,22953584005769,22953584056777,22953584331776,22953584906729,22953584906833,16,17.2068,2.81088,4.56616,0.81916,0.51008,2.74999,5.74953
5,1,0,1e+08,22953586430045,22953586695846,22953587182430,22953589566926,22953589587722,22953590572080,22953591356814,22953591357026,16,49.2698,2.65801,4.86584,23.845,0.20796,9.84358,7.84734
6,1,0,1e+08,22953591411686,22953591680558,22953592084402,22953592178706,22953592197022,22953592516178,22953592673882,22953592673926,16,12.6224,2.68872,4.03844,0.94304,0.18316,3.19156,1.57704
7,1,0,1e+08,22953592705998,22953593018966,22953594202862,22953594291650,22953594399655,22953594816704,22953594999184,22953594999224,16,22.9323,3.12968,11.839,0.88788,1.08005,4.17049,1.8248
8,1,0,1e+08,22953595044912,22953595305692,22953595695124,22953595775812,22953595800200,22953596316983,22953596748598,22953596748690,16,17.0378,2.6078,3.89432,0.80688,0.24388,5.16783,4.31615
9,1,0,1e+08,22953596871733,22953597191421,22953597704557,22953597792249,22953597811945,22953598052309,22953598214465,22953598214557,16,13.4282,3.19688,5.13136,0.87692,0.19696,2.40364,1.62156
10,1,0,1e+08,22953598802658,22953599358149,22953600312525,22953600432841,22953600453573,22953600719813,22953600887733,22953600887833,16,20.8517,5.55491,9.54376,1.20316,0.20732,2.6624,1.6792
11,1,0,1e+08,22953601449757,22953602006795,22953602998120,22953603106340,22953603169616,22953603450704,22953603626316,22953603626344,16,21.7659,5.57038,9.91325,1.0822,0.63276,2.81088,1.75612
12,1,0,1e+08,22953604241134,22953604736499,22953605818884,22953605882056,22953605948644,22953606234444,22953606426652,22953606426756,16,21.8562,4.95365,10.8239,0.63172,0.66588,2.858,1.92208
13,1,0,1e+08,22953606958338,22953607207480,22953607515840,22953607594716,22953607629976,22953607849732,22953608013656,22953608013708,16,10.5537,2.49142,3.0836,0.78876,0.3526,2.19756,1.63924
14,1,0,1e+08,22953608757327,22953609353587,22953610304897,22953610447429,22953610466361,22953610748177,22953610905485,22953610905517,16,21.4819,5.9626,9.5131,1.42532,0.18932,2.81816,1.57308
15,1,0,1e+08,22953611328776,22953612000530,22953612892276,22953613024972,22953613047776,22953613366676,22953613517104,22953613517136,16,21.8836,6.71754,8.91746,1.32696,0.22804,3.189,1.50428
16,1,0,1e+08,22953614006310,22953614193274,22953614501226,22953614599790,22953614629398,22953615577985,22953615799257,22953615799413,16,17.931,1.86964,3.07952,0.98564,0.29608,9.48587,2.21272
17,1,0,1e+08,22953616901576,22953617126493,22953617442545,22953617520173,22953617557917,22953617715421,22953617850657,22953617850729,16,9.49153,2.24917,3.16052,0.77628,0.37744,1.57504,1.35236
18,1,0,1e+08,22953619005076,22953619977654,22953620611082,22953620719734,22953620738970,22953620974706,22953621153754,22953621153782,16,21.4871,9.72578,6.33428,1.08652,0.19236,2.35736,1.79048
19,1,0,1e+08,22953621634872,22953622209512,22953623242534,22953623373626,22953623391174,22953623691094,22953623841758,22953623841794,16,22.0692,5.7464,10.3302,1.31092,0.17548,2.9992,1.50664
20,1,0,1e+08,22953624252271,22953624475583,22953625682236,22953625796180,22953625813596,22953626101628,22953626308976,22953626309076,16,20.568,2.23312,12.0665,1.13944,0.17416,2.88032,2.07348
21,1,0,1e+08,22953626830149,22953627073254,22953627386646,22953627468578,22953627486386,22953627644818,22953627814370,22953627814478,16,9.84329,2.43105,3.13392,0.81932,0.17808,1.58432,1.69552
22,1,0,1e+08,22953628690941,22953628987229,22953630180594,22953630297654,22953630316566,22953630619822,22953630811106,22953630811202,16,21.2026,2.96288,11.9337,1.1706,0.18912,3.03256,1.91284
23,1,0,1e+08,22953631424178,22953631630254,22953631934786,22953632002886,22953632042926,22953632207626,22953632339962,22953632339986,16,9.15808,2.06076,3.04532,0.681,0.4004,1.647,1.32336
24,1,0,1e+08,22953633158496,22953633654549,22953634643020,22953634776180,22953634793620,22953635112936,22953635275604,22953635275640,16,21.1714,4.96053,9.88471,1.3316,0.1744,3.19316,1.62668
25,1,0,1e+08,22953635928310,22953636440195,22953637462874,22953637612838,22953637629914,22953637910966,22953638080346,22953638080378,16,21.5207,5.11885,10.2268,1.49964,0.17076,2.81052,1.6938
26,1,0,1e+08,22953638518920,22953638896588,22953640080691,22953640200663,22953640218567,22953640552147,22953640710635,22953640710671,16,21.9175,3.77668,11.841,1.19972,0.17904,3.3358,1.58488
27,1,0,1e+08,22953641317839,22953641588751,22953641899003,22953641995219,22953642012507,22953642168607,22953642307419,22953642307499,16,9.8966,2.70912,3.10252,0.96216,0.17288,1.561,1.38812
28,1,0,1e+08,22953643305059,22953643934001,22953644903054,22953644976510,22953645021298,22953645306134,22953645485366,22953645485398,16,21.8034,6.28942,9.69053,0.73456,0.44788,2.84836,1.79232
29,1,0,1e+08,22953646031154,22953646604941,22953647640250,22953647755794,22953647775294,22953648072726,22953648271486,22953648271582,16,22.4043,5.73787,10.3531,1.15544,0.195,2.97432,1.9876
30,1,0,1e+08,22953648884734,22953649876762,22953650511966,22953650622650,22953650643650,22953650875898,22953651042946,22953651043074,16,21.5834,9.92028,6.35204,1.10684,0.21,2.32248,1.67048
31,1,0,1e+08,22953651737136,22953652470875,22953653261980,22953653396880,22953653414952,22953653692740,22953653842648,22953653842680,16,21.0554,7.33739,7.91105,1.349,0.18072,2.77788,1.49908
32,1,0,1e+08,22953654510351,22953655140045,22953656091245,22953656206769,22953656230769,22953656583133,22953656726009,22953656726041,16,22.1569,6.29694,9.512,1.15524,0.24,3.52364,1.42876
33,1,0,1e+08,22953657365126,22953657802057,22953658851308,22953658978884,22953658996820,22953659275748,22953659412196,22953659412228,16,20.471,4.36931,10.4925,1.27576,0.17936,2.78928,1.36448
34,1,0,1e+08,22953660310164,22953661038962,22953661851770,22953661978950,22953661999486,22953662263538,22953662447182,22953662447214,16,21.3705,7.28798,8.12808,1.2718,0.20536,2.64052,1.83644
35,1,0,1e+08,22953663044197,22953663928449,22953664626920,22953664706968,22953664739472,22953665037656,22953665206300,22953665206384,16,21.6219,8.84252,6.98471,0.80048,0.32504,2.98184,1.68644
36,1,0,1e+08,22953665672613,22953666035875,22953667153002,22953667287410,22953667307630,22953667580034,22953667742258,22953667742290,16,20.6968,3.63262,11.1713,1.34408,0.2022,2.72404,1.62224
37,1,0,1e+08,22953668602556,22953669575028,22953670209982,22953670320030,22953670339782,22953670587634,22953670732002,22953670732030,16,21.2947,9.72472,6.34954,1.10048,0.19752,2.47852,1.44368
38,1,0,1e+08,22953671194357,22953672249196,22953672867493,22953672962213,22953672999961,22953673266125,22953673431181,22953673431209,16,22.3685,10.5484,6.18297,0.9472,0.37748,2.66164,1.65056
39,1,0,1e+08,22953673781961,22953674269497,22953675283869,22953675379373,22953675396921,22953675670645,22953675835085,22953675835117,16,20.5316,4.87536,10.1437,0.95504,0.17548,2.73724,1.6444
40,1,0,1e+08,22953676492224,22953676700656,22953677002140,22953677084600,22953677108320,22953677269808,22953677423984,22953677424008,16,9.31784,2.08432,3.01484,0.8246,0.2372,1.61488,1.54176
41,1,0,1e+08,22953678199337,22953678473457,22953678771981,22953678833085,22953678850269,22953679014265,22953679181245,22953679181269,16,9.81932,2.7412,2.98524,0.61104,0.17184,1.63996,1.6698
42,1,0,1e+08,22953679779224,22953680565919,22953681305071,22953681423203,22953681439379,22953681706215,22953681857847,22953681857879,16,20.7866,7.86695,7.39152,1.18132,0.16176,2.66836,1.51632
43,1,0,1e+08,22953682431977,22953683129333,22953683952749,22953684083289,22953684103173,22953684375617,22953684564233,22953684564265,16,21.3229,6.97356,8.23416,1.3054,0.19884,2.72444,1.88616
44,1,0,1e+08,22953684985399,22953685541522,22953686430695,22953686537255,22953686557015,22953686839967,22953687030543,22953687030575,16,20.4518,5.56123,8.89173,1.0656,0.1976,2.82952,1.90576
45,1,0,1e+08,22953687620757,22953688344225,22953689205613,22953689311105,22953689337593,22953689625681,22953689813757,22953689813789,16,21.9303,7.23468,8.61388,1.05492,0.26488,2.88088,1.88076
46,1,0,1e+08,22953690390818,22953690961431,22953691834562,22953691947542,22953691966110,22953692230378,22953692389634,22953692389662,16,19.9884,5.70613,8.73131,1.1298,0.18568,2.64268,1.59256
47,1,0,1e+08,22953692897081,22953693899380,22953694564728,22953694709648,22953694731000,22953695013756,22953695185024,22953695185116,16,22.8803,10.023,6.65348,1.4492,0.21352,2.82756,1.71268
48,1,0,1e+08,22953695702261,22953696099609,22953697083384,22953697221124,22953697238184,22953697542424,22953697706256,22953697706288,16,20.0403,3.97348,9.83775,1.3774,0.1706,3.0424,1.63832
49,1,0,1e+08,22953698325336,22953698865344,22953699801153,22953699911157,22953699929053,22953700196553,22953700351149,22953700351265,16,20.2593,5.40008,9.35809,1.10004,0.17896,2.675,1.54596
50,1,0,1e+08,22953700790934,22953701012690,22953701340818,22953701427182,22953701493050,22953701653866,22953701820982,22953701821074,16,10.3014,2.21756,3.28128,0.86364,0.65868,1.60816,1.67116
51,1,0,1e+08,22953702591489,22953703089856,22953704166353,22953704314153,22953704335913,22953704607189,22953704805345,22953704805461,16,22.1397,4.98367,10.765,1.478,0.2176,2.71276,1.98156
52,1,0,1e+08,22953705616086,22953706435759,22953707183068,22953707293148,22953707310200,22953707581064,22953707726540,22953707726572,16,21.1049,8.19673,7.47309,1.1008,0.17052,2.70864,1.45476
53,1,0,1e+08,22953708433819,22953709148075,22953710016686,22953710143998,22953710165054,22953710438390,22953710589554,22953710589586,16,21.5577,7.14256,8.68611,1.27312,0.21056,2.73336,1.51164
54,1,0,1e+08,22953711044670,22953711642950,22953712608040,22953712767192,22953712788352,22953713078296,22953713253536,22953713253568,16,22.089,5.9828,9.6509,1.59152,0.2116,2.89944,1.7524
55,1,0,1e+08,22953713783900,22953714117094,22953715242342,22953715376558,22953715394442,22953715672474,22953715821058,22953715821090,16,20.3719,3.33194,11.2525,1.34216,0.17884,2.78032,1.48584
56,1,0,1e+08,22953716309184,22953716545424,22953716853184,22953716926400,22953716970176,22953717218085,22953717761112,22953717761302,16,14.5212,2.3624,3.0776,0.73216,0.43776,2.47909,5.43027
57,1,0,1e+08,22953719237013,22953719473783,22953720696876,22953720905888,22953720925680,22953721278256,22953721440804,22953721440840,16,22.0383,2.3677,12.2309,2.09012,0.19792,3.52576,1.62548
58,1,0,1e+08,22953722160209,22953722735540,22953723702547,22953723768307,22953723827723,22953724111299,22953724298319,22953724298347,16,21.3814,5.75331,9.67007,0.6576,0.59416,2.83576,1.8702
59,1,0,1e+08,22953724949982,22953725186638,22953725504258,22953725568702,22953725586898,22953725750518,22953725905070,22953725905094,16,9.55112,2.36656,3.1762,0.64444,0.18196,1.6362,1.54552
60,1,0,1e+08,22953726876874,22953727456365,22953728409926,22953728550110,22953728566578,22953728836622,22953728983478,22953728983510,16,21.0664,5.79491,9.53561,1.40184,0.16468,2.70044,1.46856
61,1,0,1e+08,22953729488295,22953730084254,22953731019187,22953731141743,22953731162459,22953731451403,22953731609047,22953731609079,16,21.2078,5.95959,9.34933,1.22556,0.20716,2.88944,1.57644
62,1,0,1e+08,22953732128749,22953732820958,22953733650341,22953733778993,22953733799989,22953734091029,22953734248121,22953734248157,16,21.1941,6.92209,8.29383,1.28652,0.20996,2.9104,1.57092
63,1,0,1e+08,22953734782425,22953735114992,22953736244612,22953736324672,22953736376336,22953736650644,22953736816132,22953736816224,16,20.338,3.32567,11.2962,0.8006,0.51664,2.74308,1.65488
64,1,0,1e+08,22953737374726,22953737581038,22953737891942,22953737992026,22953738045290,22953738211986,22953738392690,22953738392810,16,10.1808,2.06312,3.10904,1.00084,0.53264,1.66696,1.80704
65,1,0,1e+08,22953739224760,22953739878301,22953740806814,22953740973238,22953740997574,22953741300110,22953741453278,22953741453310,16,22.2855,6.53541,9.28513,1.66424,0.24336,3.02536,1.53168
66,1,0,1e+08,22953741946765,22953742346855,22953743503330,22953743645906,22953743663442,22953743987414,22953744161914,22953744161946,16,22.1518,4.0009,11.5648,1.42576,0.17536,3.23972,1.745
67,1,0,1e+08,22953744735221,22953744934289,22953745244025,22953745305949,22953745346029,22953745543753,22953745682369,22953745682393,16,9.47172,1.99068,3.09736,0.61924,0.4008,1.97724,1.38616
68,1,0,1e+08,22953746368857,22953746636961,22953746950993,22953747019281,22953747043661,22953747534892,22953748000984,22953748001148,16,16.3229,2.68104,3.14032,0.68288,0.2438,4.91231,4.66092
69,1,0,1e+08,22953748815592,22953749112180,22953749489124,22953749582796,22953749604496,22953750514481,22953750739157,22953750739313,16,19.2372,2.96588,3.76944,0.93672,0.217,9.09985,2.24676
70,1,0,1e+08,22953751458486,22953751694902,22953752067198,22953752142534,22953752183558,22953752373930,22953752527490,22953752527514,16,10.6903,2.36416,3.72296,0.75336,0.41024,1.90372,1.5356
71,1,0,1e+08,22953753098877,22953753543308,22953754698276,22953754878148,22953754899152,22953755191924,22953755358200,22953755358236,16,22.5936,4.44431,11.5497,1.79872,0.21004,2.92772,1.66276
72,1,0,1e+08,22953755883134,22953756176847,22953757322514,22953757434650,22953757452826,22953757751010,22953757954526,22953757954558,16,20.7142,2.93713,11.4567,1.12136,0.18176,2.98184,2.03516
73,1,0,1e+08,22953758616416,22953759212511,22953760160098,22953760310474,22953760327566,22953760600190,22953760778138,22953760778174,16,21.6176,5.96095,9.47587,1.50376,0.17092,2.72624,1.77948
74,1,0,1e+08,22953761224309,22953761476754,22953761788714,22953761896002,22953761916490,22953762083462,22953762223474,22953762223498,16,9.99189,2.52445,3.1196,1.07288,0.20488,1.66972,1.40012
75,1,0,1e+08,22953763039408,22953763384324,22953764535968,22953764630268,22953764665940,22953764986592,22953765167032,22953765167064,16,21.2766,3.44916,11.5164,0.943,0.35672,3.20652,1.8044
76,1,0,1e+08,22953765815018,22953766049558,22953766377666,22953766445694,22953766489802,22953766649118,22953766789206,22953766789318,16,9.743,2.3454,3.28108,0.68028,0.44108,1.59316,1.40088
77,1,0,1e+08,22953767529991,22953780430253,22953780876889,22953780930525,22953780966797,22953781181083,22953781740355,22953781740443,16,142.105,129.003,4.46636,0.53636,0.36272,2.14286,5.59272
78,1,0,1e+08,22953781775975,22953782245505,22953782786857,22953782874345,22953782917297,22953783173285,22953783329269,22953783329297,16,15.5332,4.6953,5.41352,0.87488,0.42952,2.55988,1.55984
79,1,0,1e+08,22953783361889,22953783576269,22953784712250,22953784867586,22953784885838,22953785209546,22953785381906,22953785382034,16,20.2014,2.1438,11.3598,1.55336,0.18252,3.23708,1.7236
80,1,0,1e+08,22953785423546,22953788698243,22953789065959,22953789116391,22953789132719,22953789299095,22953789434235,22953789434335,16,40.1079,32.747,3.67716,0.50432,0.16328,1.66376,1.3514
81,1,0,1e+08,22953789466463,22953790209444,22953790911352,22953791016552,22953791034308,22953791305032,22953791491048,22953791491080,16,20.2462,7.42981,7.01908,1.052,0.17756,2.70724,1.86016
82,1,0,1e+08,22953791535720,22953792793416,22953793723338,22953793853070,22953793871998,22953794156686,22953794345278,22953794345310,16,28.0959,12.577,9.29922,1.29732,0.18928,2.84688,1.88592
83,1,0,1e+08,22953794404350,22953795867268,22953796509756,22953796628520,22953796647600,22953796893264,22953797051644,22953797051672,16,26.4732,14.6292,6.42488,1.18764,0.1908,2.45664,1.5838
84,1,0,1e+08,22953797105700,22953797981461,22953799014378,22953799084062,22953799138330,22953799432926,22953799628706,22953799628738,16,25.2304,8.75761,10.3292,0.69684,0.54268,2.94596,1.9578
85,1,0,1e+08,22953799675834,22953800386778,22953800709842,22953800785638,22953800818614,22953800986546,22953801141706,22953801141730,16,14.659,7.10944,3.23064,0.75796,0.32976,1.67932,1.5516
86,1,0,1e+08,22953801182038,22953803452484,22953804104405,22953804223581,22953804245861,22953804511897,22953804682977,22953804683005,16,35.0097,22.7045,6.51921,1.19176,0.2228,2.66036,1.7108
87,1,0,1e+08,22953804722269,22953804990133,22953806212304,22953806329048,22953806349008,22953806629856,22953806783540,22953806783572,16,20.613,2.67864,12.2217,1.16744,0.1996,2.80848,1.53684
88,1,0,1e+08,22953806818316,22953807069940,22953807415052,22953807483892,22953807529832,22953808399271,22953808601489,22953808601549,16,17.8323,2.51624,3.45112,0.6884,0.4594,8.69439,2.02218
89,1,0,1e+08,22953808652641,22953809199301,22953809616641,22953809678617,22953809724649,22953809928137,22953810074713,22953810074737,16,14.221,5.4666,4.1734,0.61976,0.46032,2.03488,1.46576
90,1,0,1e+08,22953810110041,22953811620762,22953812748628,22953812829449,22953812869621,22953813268165,22953813429297,22953813429333,16,33.1929,15.1072,11.2787,0.80821,0.40172,3.98544,1.61132
91,1,0,1e+08,22953813461385,22953813691209,22953814057713,22953814140349,22953814178909,22953814384757,22953814599025,22953814599049,16,11.3766,2.29824,3.66504,0.82636,0.3856,2.05848,2.14268
92,1,0,1e+08,22953814655497,22953815109489,22953815418349,22953815478913,22953815517569,22953815689657,22953815914461,22953815914549,16,12.5905,4.53992,3.0886,0.60564,0.38656,1.72088,2.24804
93,1,0,1e+08,22953815952597,22953817909809,22953818749405,22953818878397,22953818895457,22953819165497,22953819312193,22953819312225,16,33.5963,19.5721,8.39596,1.28992,0.1706,2.7004,1.46696
94,1,0,1e+08,22953819347053,22953819625197,22953819952809,22953820044909,22953820061089,22953820216945,22953820365357,22953820365445,16,10.1839,2.78144,3.27612,0.921,0.1618,1.55856,1.48412
95,1,0,1e+08,22953820400497,22953822355823,22953822688515,22953822806059,22953822845531,22953823744406,22953823981413,22953823981561,16,35.8106,19.5533,3.32692,1.17544,0.39472,8.98875,2.37007
96,1,0,1e+08,22953824016373,22953824295953,22953824757761,22953824818881,22953824897849,22953825112433,22953825249717,22953825249745,16,12.3337,2.7958,4.61808,0.6112,0.78968,2.14584,1.37284
97,1,0,1e+08,22953825284705,22953827380611,22953827704171,22953827808387,22953827844723,22953828756173,22953828997494,22953828997642,16,37.1294,20.9591,3.2356,1.04216,0.36336,9.1145,2.41321
98,1,0,1e+08,22953829029430,22953829342038,22953829812706,22953829908218,22953829966130,22953830155730,22953830331898,22953830331966,16,13.0254,3.12608,4.70668,0.95512,0.57912,1.896,1.76168
99,1,0,1e+08,22953830372742,22953831403454,22953832069080,22953832191224,22953832210604,22953832484260,22953832658612,22953832658640,16,22.859,10.3071,6.65626,1.22144,0.1938,2.73656,1.74352
100,1,0,1e+08,22953832711928,22953833836794,22953834660744,22953834793496,22953834812624,22953835097956,22953835290976,22953835291004,16,25.7908,11.2487,8.2395,1.32752,0.19128,2.85332,1.9302
101,1,0,1e+08,22953835330288,22953835999313,22953836322697,22953836385129,22953836436877,22953836618541,22953836773141,22953836773165,16,14.4288,6.69025,3.23384,0.62432,0.51748,1.81664,1.546
102,1,0,1e+08,22953836806209,22953840020267,22953841077483,22953841210683,22953841230815,22953841496503,22953841657263,22953841657363,16,48.5115,32.1406,10.5722,1.332,0.20132,2.65688,1.6076
103,1,0,1e+08,22953841688791,22953841925371,22953842260451,22953842324447,22953842346791,22953842506407,22953842676915,22953842676987,16,9.88196,2.3658,3.3508,0.63996,0.22344,1.59616,1.70508
104,1,0,1e+08,22953842719191,22953844777454,22953845113094,22953845189338,22953845207650,22953845361370,22953845496530,22953845496602,16,27.7741,20.5826,3.3564,0.76244,0.18312,1.5372,1.3516
105,1,0,1e+08,22953845526090,22953845725030,22953846029418,22953846123498,22953846166178,22953847013204,22953847235365,22953847235517,16,17.0943,1.9894,3.04388,0.9408,0.4268,8.47026,2.22161
106,1,0,1e+08,22953847271477,22953848187318,22953848562002,22953848624578,22953848661270,22953848824146,22953848974110,22953848974206,16,17.0273,9.15841,3.74684,0.62576,0.36692,1.62876,1.49964
107,1,0,1e+08,22953849005114,22953850583165,22953850901709,22953851008189,22953851055073,22953851797184,22953852130857,22953852131009,16,31.259,15.7805,3.18544,1.0648,0.46884,7.42111,3.33673
108,1,0,1e+08,22953852166621,22953852569069,22953853070381,22953853150337,22953853189037,22953853422537,22953853599077,22953853599173,16,14.3255,4.02448,5.01312,0.79956,0.387,2.335,1.7654
109,1,0,1e+08,22953853644169,22953854418385,22953855257025,22953855375529,22953855392981,22953855654469,22953855824185,22953855824217,16,21.8005,7.74216,8.3864,1.18504,0.17452,2.61488,1.69716
110,1,0,1e+08,22953855863577,22953856655388,22953856996188,22953857069788,22953857104072,22953857268416,22953857398560,22953857398584,16,15.3501,7.91811,3.408,0.736,0.34284,1.64344,1.30144
111,1,0,1e+08,22953857431708,22953867218179,22953868001632,22953868349603,22953868372179,22953868891858,22953869066358,22953869066410,16,116.347,97.8647,7.83453,3.47971,0.22576,5.19679,1.745
112,1,0,1e+08,22953869095422,22953870892126,22953872038401,22953872219025,22953872236833,22953872598745,22953872748441,22953872748485,16,36.5306,17.967,11.4628,1.80624,0.17808,3.61912,1.49696
113,1,0,1e+08,22953872788509,22953874900251,22953875820278,22953875939830,22953875955998,22953876241654,22953876416026,22953876416058,16,36.2755,21.1174,9.20027,1.19552,0.16168,2.85656,1.74372
114,1,0,1e+08,22953876448166,22953878831046,22953879405282,22953879502914,22953879552422,22953879845978,22953880032066,22953880032098,16,35.8393,23.8288,5.74236,0.97632,0.49508,2.93556,1.86088
115,1,0,1e+08,22953880070810,22953880774927,22953881579858,22953881707270,22953881729270,22953881987342,22953882177834,22953882177866,16,21.0706,7.04117,8.04931,1.27412,0.22,2.58072,1.90492
116,1,0,1e+08,22953882230262,22953883800122,22953884437192,22953884538692,22953884594320,22953884895608,22953885134424,22953885134452,16,29.0419,15.6986,6.3707,1.015,0.55628,3.01288,2.38816
117,1,0,1e+08,22953885198540,22953886359566,22953886957779,22953887104523,22953887130771,22953887375867,22953887566811,22953887566847,16,23.6831,11.6103,5.98213,1.46744,0.26248,2.45096,1.90944
118,1,0,1e+08,22953887635663,22953889084882,22953889646874,22953889783386,22953889808070,22953890020978,22953890214370,22953890214406,16,25.7874,14.4922,5.61992,1.36512,0.24684,2.12908,1.93392
119,1,0,1e+08,22953890267706,22953891789164,22953892510654,22953892607574,22953892628650,22953892903838,22953893064846,22953893064878,16,27.9717,15.2146,7.2149,0.9692,0.21076,2.75188,1.61008
120,1,0,1e+08,22953893103394,22953894372168,22953895231946,22953895307262,22953895367518,22953895635890,22953895817046,22953895817078,16,27.1368,12.6877,8.59778,0.75316,0.60256,2.68372,1.81156
121,1,0,1e+08,22953895870442,22953896958216,22953897833549,22953897962145,22953897989953,22953898252885,22953898412145,22953898412177,16,25.4173,10.8777,8.75333,1.28596,0.27808,2.62932,1.5926
122,1,0,1e+08,22953898452737,22953899662154,22953900462290,22953900581774,22953900600422,22953900860286,22953901041498,22953901041526,16,25.8879,12.0942,8.00136,1.19484,0.18648,2.59864,1.81212
123,1,0,1e+08,22953901092014,22953902142865,22953903158458,22953903232190,22953903273426,22953903584554,22953903767846,22953903767878,16,26.7586,10.5085,10.1559,0.73732,0.41236,3.11128,1.83292
124,1,0,1e+08,22953903811422,22953905049033,22953905799442,22953905907118,22953905925802,22953906200274,22953906411182,22953906411214,16,25.9979,12.3761,7.50409,1.07676,0.18684,2.74472,2.10908
125,1,0,1e+08,22953906464814,22953907124925,22953907496957,22953907583505,22953907634545,22953908532510,22953908752550,22953908752614,16,22.878,6.60111,3.72032,0.86548,0.5104,8.97965,2.2004
126,1,0,1e+08,22953908797766,22953909811701,22953910453632,22953910631922,22953910733633,22953911330802,22953911604454,22953911604566,16,28.068,10.1394,6.41931,1.7829,1.01711,5.97169,2.73652
127,1,0,1e+08,22953911674974,22953912511500,22953913661430,22953913851558,22953913873858,22953914223682,22953914453482,22953914453518,16,27.7854,8.36526,11.4993,1.90128,0.223,3.49824,2.298
128,1,0,1e+08,22953914517898,22953915140442,22953916394817,22953916536709,22953916565225,22953916869365,22953917106277,22953917106309,16,25.8841,6.22544,12.5437,1.41892,0.28516,3.0414,2.36912
129,1,0,1e+08,22953917171185,22953918506650,22953919186715,22953919338867,22953919369319,22953919641571,22953919879295,22953919879323,16,27.0814,13.3546,6.80065,1.52152,0.30452,2.72252,2.37724
130,1,0,1e+08,22953920039139,22953921058136,22953921716781,22953921851105,22953921877533,22953922102501,22953922316369,22953922316397,16,22.7726,10.19,6.58645,1.34324,0.26428,2.24968,2.13868
131,1,0,1e+08,22953924192667,22953924500319,22953924915379,22953925045051,22953925063891,22953925860731,22953926140712,22953926140772,16,19.481,3.07652,4.1506,1.29672,0.1884,7.9684,2.79981
132,1,0,1e+08,22953927374162,22953927887213,22953928902330,22953929055054,22953929078746,22953929345302,22953929526962,22953929526994,16,21.5283,5.13051,10.1512,1.52724,0.23692,2.66556,1.8166
133,1,0,1e+08,22953931588992,22953931831962,22953932924619,22953933026397,22953933083397,22953933559934,22953933736326,22953933736370,16,21.4738,2.4297,10.9266,1.01778,0.57,4.76537,1.76392
134,1,0,1e+08,22953935250041,22953935743761,22953936333690,22953936431626,22953936478802,22953936731974,22953936975294,22953936975354,16,17.2531,4.9372,5.89929,0.97936,0.47176,2.53172,2.4332
135,1,0,1e+08,22953939185726,22953939962134,22953940767002,22953940925758,22953940956366,22953941228910,22953941366754,22953941366786,16,21.8106,7.76408,8.04868,1.58756,0.30608,2.72544,1.37844
136,1,0,1e+08,22953942797942,22953943332286,22953943828118,22953943959886,22953944006186,22953944881565,22953945128660,22953945128724,16,23.3078,5.34344,4.95832,1.31768,0.463,8.75379,2.47095
137,1,0,1e+08,22953946532256,22953946979105,22953948073442,22953948220050,22953948247822,22953948526418,22953948705798,22953948705830,16,21.7357,4.46849,10.9434,1.46608,0.27772,2.78596,1.7938
138,1,0,1e+08,22953949636454,22953950356559,22953951168646,22953951287574,22953951306730,22953951565682,22953951714346,22953951714378,16,20.7792,7.20105,8.12087,1.18928,0.19156,2.58952,1.48664
139,1,0,1e+08,22953952193107,22953952790046,22953953722433,22953953828117,22953953847661,22953954120345,22953954344753,22953954344873,16,21.5177,5.96939,9.32387,1.05684,0.19544,2.72684,2.24408
140,1,0,1e+08,22953954930106,22953955652279,22953956465222,22953956597798,22953956617278,22953956900390,22953957073578,22953957073606,16,21.435,7.22173,8.12943,1.32576,0.1948,2.83112,1.73188
141,1,0,1e+08,22953957488752,22953958177721,22953959022308,22953959123976,22953959143192,22953959438596,22953959628476,22953959628580,16,21.3983,6.88969,8.44587,1.01668,0.19216,2.95404,1.8988
142,1,0,1e+08,22953960121197,22953960783338,22953961646268,22953961749680,22953961768936,22953962037964,22953962228676,22953962228708,16,21.0751,6.62141,8.6293,1.03412,0.19256,2.69028,1.90712
143,1,0,1e+08,22953962677044,22953963508469,22953964225069,22953964337309,22953964361945,22953964689737,22953964881469,22953964881497,16,22.0445,8.31425,7.166,1.1224,0.24636,3.27792,1.91732
144,1,0,1e+08,22953965418680,22953965914150,22953966890881,22953967011609,22953967030165,22953967331861,22953967505841,22953967505873,16,20.8719,4.9547,9.76731,1.20728,0.18556,3.01696,1.7398
145,1,0,1e+08,22953968169717,22953968955530,22953969689993,22953969807949,22953969827885,22953970101717,22953970291977,22953970292009,16,21.2229,7.85813,7.34463,1.17956,0.19936,2.73832,1.9026
146,1,0,1e+08,22953970799971,22953971454575,22953972339666,22953972464630,22953972487854,22953972803866,22953972996278,22953972996306,16,21.9633,6.54604,8.85091,1.24964,0.23224,3.16012,1.92412
147,1,0,1e+08,22953973777940,22953974677113,22953975356110,22953975501682,22953975524018,22953975791850,22953975938890,22953975938922,16,21.6098,8.99173,6.78997,1.45572,0.22336,2.67832,1.4704
148,1,0,1e+08,22953976443786,22953976726384,22953977103456,22953977189128,22953977214708,22953978166414,22953978370722,22953978370786,16,19.27,2.82598,3.77072,0.85672,0.2558,9.51706,2.04308
149,1,0,1e+08,22953979561609,22953979957860,22953981072890,22953981234366,22953981266714,22953981529858,22953981693554,22953981693586,16,21.3198,3.96251,11.1503,1.61476,0.32348,2.63144,1.63696
150,1,0,1e+08,22953982519634,22953983496616,22953984136245,22953984280661,22953984313669,22953984574005,22953984729049,22953984729157,16,22.0952,9.76982,6.39629,1.44416,0.33008,2.60336,1.55044
151,1,0,1e+08,22953985210464,22953986183030,22953986817194,22953986982394,22953987007514,22953987249062,22953987403158,22953987403186,16,21.9272,9.72566,6.34164,1.652,0.2512,2.41548,1.54096
152,1,0,1e+08,22953988594274,22953988942857,22953989487097,22953989571425,22953989637029,22953989857417,22953990055309,22953990055337,16,14.6106,3.48583,5.4424,0.84328,0.65604,2.20388,1.97892
153,1,0,1e+08,22953990786209,22953991330592,22953992310383,22953992463983,22953992492779,22953992798479,22953992964967,22953992964999,16,21.7879,5.44383,9.79791,1.536,0.28796,3.057,1.66488
154,1,0,1e+08,22953994000650,22953994662334,22953995566582,22953995729898,22953995751766,22953996022646,22953996207538,22953996207642,16,22.0699,6.61684,9.04248,1.63316,0.21868,2.7088,1.84892
155,1,0,1e+08,22953997304715,22953998069648,22953999097842,22953999224926,22953999250798,22953999559618,22953999728290,22953999728318,16,24.236,7.64933,10.2819,1.27084,0.25872,3.0882,1.68672
156,1,0,1e+08,22954000322778,22954001283710,22954001951835,22954002171095,22954002212579,22954002438743,22954002658331,22954002658363,16,23.3559,9.60932,6.68125,2.1926,0.41484,2.26164,2.19588
157,1,0,1e+08,22954004536279,22954004780263,22954005179951,22954005261291,22954005287563,22954005515551,22954005713303,22954005713343,16,11.7706,2.43984,3.99688,0.8134,0.26272,2.27988,1.97752
158,1,0,1e+08,22954006505598,22954006822391,22954008032195,22954008191935,22954008222019,22954008502391,22954008662347,22954008662379,16,21.5678,3.16793,12.098,1.5974,0.30084,2.80372,1.59956
159,1,0,1e+08,22954009987989,22954010451557,22954011035297,22954011165213,22954011187837,22954011418313,22954011569421,22954011569449,16,15.8146,4.63568,5.8374,1.29916,0.22624,2.30476,1.51108
160,1,0,1e+08,22954012108808,22954013047754,22954013686662,22954013807842,22954013832526,22954014089642,22954014282258,22954014282286,16,21.7348,9.38946,6.38908,1.2118,0.24684,2.57116,1.92616
161,1,0,1e+08,22954014838348,22954015474700,22954016348713,22954016497133,22954016524993,22954016789265,22954016988613,22954016988645,16,21.503,6.36352,8.74013,1.4842,0.2786,2.64272,1.99348
162,1,0,1e+08,22954018733702,22954019089931,22954019609799,22954019743199,22954019791179,22954020319658,22954020760326,22954020760414,16,20.2671,3.56229,5.19868,1.334,0.4798,5.28479,4.40668
163,1,0,1e+08,22954022408753,22954023053530,22954023946214,22954024103258,22954024128434,22954024438102,22954024603966,22954024603998,16,21.9524,6.44777,8.92684,1.57044,0.25176,3.09668,1.65864
164,1,0,1e+08,22954025762513,22954026599567,22954027328038,22954027543038,22954027584878,22954027836686,22954028037946,22954028038054,16,22.7554,8.37054,7.28471,2.15,0.4184,2.51808,2.0126
165,1,0,1e+08,22954028896179,22954029181135,22954030397202,22954030526682,22954030549858,22954030865350,22954031056666,22954031056702,16,21.6052,2.84956,12.1607,1.2948,0.23176,3.15492,1.91316
166,1,0,1e+08,22954031605781,22954031843842,22954033101165,22954033226101,22954033249473,22954033539713,22954033739497,22954033739529,16,21.3375,2.38061,12.5732,1.24936,0.23372,2.9024,1.99784
167,1,0,1e+08,22954034485426,22954034700714,22954035142086,22954035217694,22954035306770,22954035613718,22954035808150,22954035808182,16,13.2276,2.15288,4.41372,0.75608,0.89076,3.06948,1.94432
168,1,0,1e+08,22954036222629,22954036864532,22954037742404,22954037866932,22954037886744,22954038173220,22954038332576,22954038332608,16,21.0998,6.41903,8.77872,1.24528,0.19812,2.86476,1.59356
169,1,0,1e+08,22954039220178,22954040252206,22954040858408,22954040965216,22954041009552,22954041279216,22954041465808,22954041465836,16,22.4566,10.3203,6.06202,1.06808,0.44336,2.69664,1.86592
170,1,0,1e+08,22954041993327,22954042585923,22954043524316,22954043666588,22954043690748,22954043954580,22954044147420,22954044147452,16,21.5413,5.92596,9.38393,1.42272,0.2416,2.63832,1.9284
171,1,0,1e+08,22954044785865,22954045711330,22954046374054,22954046504834,22954046530338,22954046785810,22954046919530,22954046919562,16,21.337,9.25465,6.62724,1.3078,0.25504,2.55472,1.3372
172,1,0,1e+08,22954047357985,22954047898053,22954048903290,22954049015766,22954049035318,22954049324462,22954049543514,22954049543618,16,21.8563,5.40068,10.0524,1.12476,0.19552,2.89144,2.19052
173,1,0,1e+08,22954050239122,22954051049723,22954051798438,22954051929442,22954051952582,22954052230050,22954052361238,22954052361270,16,21.2215,8.10601,7.48715,1.31004,0.2314,2.77468,1.31188
174,1,0,1e+08,22954052905611,22954053879614,22954054522586,22954054645218,22954054670050,22954054926794,22954055113350,22954055113378,16,22.0777,9.74003,6.42972,1.22632,0.24832,2.56744,1.86556
175,1,0,1e+08,22954055657046,22954056145831,22954057232609,22954057363505,22954057389777,22954057698169,22954057847885,22954057847917,16,21.9087,4.88785,10.8678,1.30896,0.26272,3.08392,1.49716
176,1,0,1e+08,22954058589465,22954058815199,22954059860412,22954060027633,22954060053881,22954060492125,22954060653421,22954060653461,16,20.64,2.25734,10.4521,1.67221,0.26248,4.38244,1.61296
177,1,0,1e+08,22954061253347,22954061496288,22954061931056,22954062002700,22954062029808,22954062289708,22954062454164,22954062454196,16,12.0085,2.42941,4.34768,0.71644,0.27108,2.599,1.64456
178,1,0,1e+08,22954063096765,22954063321945,22954063748373,22954063813525,22954063843201,22954064070533,22954064245897,22954064245921,16,11.4916,2.2518,4.26428,0.65152,0.29676,2.27332,1.75364
179,1,0,1e+08,22954064800723,22954065347163,22954066324214,22954066441554,22954066466586,22954066748046,22954066939530,22954066939562,16,21.3884,5.4644,9.77051,1.1734,0.25032,2.8146,1.91484
180,1,0,1e+08,22954068577326,22954068933039,22954069429331,22954069519459,22954069578047,22954069796243,22954070157077,22954070157547,16,15.8022,3.55713,4.96292,0.90128,0.58588,2.18196,3.60834
181,1,0,1e+08,22954071516025,22954071757385,22954072155621,22954072215513,22954072246261,22954072541285,22954072783697,22954072783753,16,12.6773,2.4136,3.98236,0.59892,0.30748,2.95024,2.42412
182,1,0,1e+08,22954073315291,22954073537160,22954074017296,22954074084844,22954074109504,22954074986181,22954075199805,22954075199869,16,18.8458,2.21869,4.80136,0.67548,0.2466,8.76677,2.13624
183,1,0,1e+08,22954075964873,22954076219533,22954076595149,22954076681993,22954076700241,22954076954329,22954077129793,22954077129833,16,11.6496,2.5466,3.75616,0.86844,0.18248,2.54088,1.75464
184,1,0,1e+08,22954077522733,22954078201695,22954079042821,22954079165357,22954079190637,22954079490409,22954079648777,22954079648805,16,21.2607,6.78962,8.41126,1.22536,0.2528,2.99772,1.58368
185,1,0,1e+08,22954081291501,22954081536157,22954081980761,22954082079881,22954082113181,22954082562527,22954083020558,22954083020646,16,17.2915,2.44656,4.44604,0.9912,0.333,4.49346,4.58031
186,1,0,1e+08,22954084406949,22954084623901,22954085085117,22954085151037,22954085186841,22954085436737,22954085615561,22954085615593,16,12.0864,2.16952,4.61216,0.6592,0.35804,2.49896,1.78824
187,1,0,1e+08,22954085940566,22954086218867,22954086585147,22954086677455,22954086694975,22954087516245,22954087758807,22954087758871,16,18.183,2.78301,3.6628,0.92308,0.1752,8.2127,2.42562
188,1,0,1e+08,22954088753726,22954089012402,22954090107308,22954090241461,22954090262989,22954090646769,22954090823625,22954090823661,16,20.6993,2.58676,10.9491,1.34153,0.21528,3.8378,1.76856
189,1,0,1e+08,22954091680850,22954092421826,22954093186862,22954093289678,22954093306794,22954093570458,22954093753490,22954093753522,16,20.7267,7.40976,7.65036,1.02816,0.17116,2.63664,1.83032
190,1,0,1e+08,22954094347380,22954095292264,22954095931013,22954096038185,22954096054161,22954096292337,22954096492593,22954096492625,16,21.4525,9.44884,6.38749,1.07172,0.15976,2.38176,2.00256
191,1,0,1e+08,22954097072198,22954097804220,22954098652833,22954098749733,22954098771061,22954099035977,22954099248837,22954099248869,16,21.7667,7.32022,8.48613,0.969,0.21328,2.64916,2.1286
192,1,0,1e+08,22954099721051,22954100330595,22954101228589,22954101341501,22954101360401,22954101630237,22954101819893,22954101819985,16,20.9893,6.09544,8.97994,1.12912,0.189,2.69836,1.89656
193,1,0,1e+08,22954102304743,22954102538138,22954103721100,22954103785452,22954103857316,22954104150824,22954104380476,22954104380508,16,20.7576,2.33395,11.8296,0.64352,0.71864,2.93508,2.29652
194,1,0,1e+08,22954105053757,22954105743657,22954106640478,22954106761426,22954106781546,22954107068994,22954107258810,22954107258842,16,22.0509,6.899,8.96821,1.20948,0.2012,2.87448,1.89816
195,1,0,1e+08,22954107777385,22954107972585,22954108283717,22954108344593,22954108384029,22954108560805,22954108711465,22954108711525,16,9.3414,1.952,3.11132,0.60876,0.39436,1.76776,1.5066
196,1,0,1e+08,22954109426958,22954109654086,22954110869410,22954110953610,22954110993166,22954111348802,22954111501934,22954111501970,16,20.7501,2.27128,12.1532,0.842,0.39556,3.55636,1.53132
197,1,0,1e+08,22954112210123,22954112659862,22954113741673,22954113850701,22954113869113,22954114161657,22954114358413,22954114358445,16,21.4832,4.49739,10.8181,1.09028,0.18412,2.92544,1.96756
198,1,0,1e+08,22954115023230,22954115993666,22954116628314,22954116726714,22954116743750,22954116986714,22954117153482,22954117153514,16,21.3028,9.70436,6.34648,0.984,0.17036,2.42964,1.66768
199,1,0,1e+08,22954117708363,22954118681868,22954119324469,22954119432997,22954119454945,22954119693813,22954119894065,22954119894165,16,21.858,9.73505,6.42601,1.08528,0.21948,2.38868,2.00252
200,1,0,1e+08,22954121415237,22954121714561,22954122192561,22954122268829,22954122288493,22954122518945,22954122728457,22954122728481,16,13.1324,2.99324,4.78,0.76268,0.19664,2.30452,2.09512
201,1,0,1e+08,22954123408322,22954123915782,22954124895998,22954124993730,22954125014418,22954125289034,22954125477494,22954125477526,16,20.692,5.0746,9.80216,0.97732,0.20688,2.74616,1.8846
202,1,0,1e+08,22954126035488,22954126340667,22954127461350,22954127549346,22954127592262,22954127919770,22954128099098,22954128099218,16,20.6373,3.05179,11.2068,0.87996,0.42916,3.27508,1.79328
203,1,0,1e+08,22954128582784,22954128814628,22954129129344,22954129206848,22954129245748,22954129442968,22954129575056,22954129575080,16,9.92296,2.31844,3.14716,0.77504,0.389,1.9722,1.32088
204,1,0,1e+08,22954130422774,22954130654438,22954130991426,22954131057754,22954131108254,22954131266010,22954131402430,22954131402454,16,9.7968,2.31664,3.36988,0.66328,0.505,1.57756,1.3642
205,1,0,1e+08,22954132087545,22954132668511,22954133552393,22954133659733,22954133677113,22954133946737,22954134115805,22954134115901,16,20.2836,5.80966,8.83882,1.0734,0.1738,2.69624,1.69068
206,1,0,1e+08,22954134595001,22954134796961,22954135115241,22954135176117,22954135213857,22954135376445,22954135512701,22954135512725,16,9.17724,2.0196,3.1828,0.60876,0.3774,1.62588,1.36256
207,1,0,1e+08,22954136318453,22954137420705,22954137804833,22954137894553,22954137947797,22954138144413,22954138282837,22954138282861,16,19.6441,11.0225,3.84128,0.8972,0.53244,1.96616,1.38424
208,1,0,1e+08,22954138314113,22954138533905,22954138833589,22954138893585,22954138946353,22954139117797,22954139308421,22954139308513,16,9.944,2.19792,2.99684,0.59996,0.52768,1.71444,1.90624
209,1,0,1e+08,22954139929046,22954140962510,22954141840474,22954141968526,22954141987498,22954142248962,22954142426210,22954142426242,16,24.972,10.3346,8.77964,1.28052,0.18972,2.61464,1.77248
210,1,0,1e+08,22954142747630,22954142974162,22954144055766,22954144144178,22954144217523,22954144580315,22954144742419,22954144742531,16,19.949,2.26532,10.816,0.88412,0.73345,3.62792,1.62104
211,1,0,1e+08,22954145518929,22954146719814,22954147451400,22954147544612,22954147591388,22954147861448,22954148030624,22954148030652,16,25.1172,12.0088,7.31586,0.93212,0.46776,2.7006,1.69176
212,1,0,1e+08,22954148282828,22954148566377,22954149743552,22954149858684,22954149875592,22954150174264,22954150320428,22954150320460,16,20.3763,2.83549,11.7717,1.15132,0.16908,2.98672,1.46164
213,1,0,1e+08,22954150794541,22954151323783,22954152370996,22954152492096,22954152513588,22954152821120,22954152983688,22954152983720,16,21.8918,5.29242,10.4721,1.211,0.21492,3.07532,1.62568
214,1,0,1e+08,22954153536198,22954153803124,22954154122500,22954154215944,22954154254328,22954154456748,22954154584900,22954154584924,16,10.4873,2.66926,3.19376,0.93444,0.38384,2.0242,1.28152
215,1,0,1e+08,22954155334592,22954156082106,22954156967209,22954157128425,22954157151677,22954157453361,22954157670009,22954157670041,16,23.3545,7.47514,8.85103,1.61216,0.23252,3.01684,2.16648
216,1,0,1e+08,22954158107458,22954158312708,22954158617048,22954158678340,22954158719656,22954158882876,22954159016504,22954159016528,16,9.0907,2.0525,3.0434,0.61292,0.41316,1.6322,1.33628
217,1,0,1e+08,22954159843835,22954160500233,22954161422018,22954161538346,22954161558710,22954161826530,22954161987674,22954161987770,16,21.4394,6.56398,9.21785,1.16328,0.20364,2.6782,1.61144
218,1,0,1e+08,22954162435144,22954162707904,22954163028524,22954163115208,22954163133748,22954163290596,22954163439352,22954163439436,16,10.0429,2.7276,3.2062,0.86684,0.1854,1.56848,1.48756
219,1,0,1e+08,22954164338114,22954164538994,22954164851642,22954164914138,22954164951330,22954165123366,22954165279142,22954165279246,16,9.41132,2.0088,3.12648,0.62496,0.37192,1.72036,1.55776
220,1,0,1e+08,22954165952716,22954167894226,22954168530519,22954168640479,22954168661327,22954168906471,22954169045119,22954169045147,16,30.9243,19.4151,6.36293,1.0996,0.20848,2.45144,1.38648
221,1,0,1e+08,22954169092115,22954169478425,22954170580068,22954170722532,22954170748212,22954171046696,22954171216692,22954171216724,16,21.2461,3.8631,11.0164,1.42464,0.2568,2.98484,1.69996
222,1,0,1e+08,22954171259032,22954171484360,22954171823304,22954171884528,22954171927572,22954172104652,22954172252560,22954172252588,16,9.93556,2.25328,3.38944,0.61224,0.43044,1.7708,1.47908
223,1,0,1e+08,22954173565677,22954173910201,22954174378269,22954174440601,22954174503581,22954174717781,22954174865029,22954174865053,16,12.9938,3.44524,4.68068,0.62332,0.6298,2.142,1.47248
224,1,0,1e+08,22954175359127,22954176037656,22954176933664,22954177065712,22954177088368,22954177365852,22954177587656,22954177587744,16,22.2862,6.78529,8.96008,1.32048,0.22656,2.77484,2.21804
225,1,0,1e+08,22954178028554,22954178412245,22954179544092,22954179614744,22954179665016,22954179982700,22954180173768,22954180173868,16,21.4531,3.83691,11.3185,0.70652,0.50272,3.17684,1.91068
226,1,0,1e+08,22954180644298,22954181362858,22954182225377,22954182383429,22954182407497,22954182697373,22954182850849,22954182850881,16,22.0658,7.1856,8.62519,1.58052,0.24068,2.89876,1.53476
227,1,0,1e+08,22954183273399,22954183505411,22954183810835,22954183884091,22954183964231,22954184398107,22954184868566,22954184868658,16,15.9526,2.32012,3.05424,0.73256,0.8014,4.33876,4.70459
228,1,0,1e+08,22954185951498,22954186173814,22954186536974,22954186602938,22954186639822,22954186811214,22954186952234,22954186952258,16,10.0076,2.22316,3.6316,0.65964,0.36884,1.71392,1.4102
229,1,0,1e+08,22954187799521,22954188757890,22954189414576,22954189542644,22954189564884,22954189821548,22954189971800,22954189971828,16,21.7231,9.58369,6.56686,1.28068,0.2224,2.56664,1.50252
230,1,0,1e+08,22954190559160,22954191415193,22954192188235,22954192311411,22954192330999,22954192623491,22954192791791,22954192791819,16,22.3266,8.56033,7.73042,1.23176,0.19588,2.92492,1.683
231,1,0,1e+08,22954193338670,22954194164762,22954194903833,22954195003561,22954195022849,22954195285145,22954195462549,22954195462581,16,21.2391,8.26092,7.39071,0.99728,0.19288,2.62296,1.77404
232,1,0,1e+08,22954196095592,22954196275432,22954196572708,22954196642404,22954196687392,22954196861492,22954196993152,22954196993176,16,8.97584,1.7984,2.97276,0.69696,0.44988,1.741,1.3166
233,1,0,1e+08,22954197679575,22954198180083,22954199119934,22954199217502,22954199298530,22954199568502,22954199755962,22954199755994,16,20.7642,5.00508,9.39851,0.97568,0.81028,2.69972,1.8746
234,1,0,1e+08,22954200608661,22954201473041,22954202124017,22954202235981,22954202255417,22954202508201,22954202656165,22954202656249,16,20.4759,8.6438,6.50976,1.11964,0.19436,2.52784,1.47964
235,1,0,1e+08,22954203349211,22954204151928,22954204969148,22954205102120,22954205122000,22954205388600,22954205562728,22954205562756,16,22.1355,8.02717,8.1722,1.32972,0.1988,2.666,1.74128
236,1,0,1e+08,22954206046356,22954206251432,22954207527241,22954207651305,22954207669289,22954207973189,22954208154629,22954208154665,16,21.0831,2.05076,12.7581,1.24064,0.17984,3.039,1.8144
237,1,0,1e+08,22954208814174,22954209026908,22954210240931,22954210362363,22954210380575,22954210682951,22954210876963,22954210876999,16,20.6283,2.12734,12.1402,1.21432,0.18212,3.02376,1.94012
238,1,0,1e+08,22954211543065,22954211961420,22954213070909,22954213217949,22954213236361,22954213526361,22954213680745,22954213680781,16,21.3772,4.18355,11.0949,1.4704,0.18412,2.9,1.54384
239,1,0,1e+08,22954214207083,22954214490953,22954214810833,22954214882929,22954214904101,22954215066113,22954215219173,22954215219197,16,10.1211,2.8387,3.1988,0.72096,0.21172,1.62012,1.5306
240,1,0,1e+08,22954216018326,22954216894693,22954217529489,22954217613501,22954217648829,22954217893401,22954218056241,22954218056269,16,20.3794,8.76367,6.34796,0.84012,0.35328,2.44572,1.6284
241,1,0,1e+08,22954218715735,22954219687505,22954220355338,22954220454018,22954220472586,22954220734218,22954220931542,22954220931570,16,22.1583,9.7177,6.67833,0.9868,0.18568,2.61632,1.97324
242,1,0,1e+08,22954221545858,22954221956839,22954223070386,22954223219782,22954223239158,22954223534398,22954223720854,22954223720886,16,21.7503,4.10981,11.1355,1.49396,0.19376,2.9524,1.86456
243,1,0,1e+08,22954224244119,22954224467319,22954224775039,22954224836743,22954224866007,22954225033187,22954225165419,22954225165443,16,9.21324,2.232,3.0772,0.61704,0.29264,1.6718,1.32232
244,1,0,1e+08,22954226002661,22954226748043,22954227504218,22954227617910,22954227634694,22954227890634,22954228057634,22954228057754,16,20.5509,7.45382,7.56175,1.13692,0.16784,2.5594,1.67
245,1,0,1e+08,22954228573762,22954229267628,22954230078073,22954230206909,22954230223725,22954230494629,22954230632025,22954230632053,16,20.5829,6.93866,8.10445,1.28836,0.16816,2.70904,1.37396
246,1,0,1e+08,22954231384799,22954232068915,22954232936392,22954233053844,22954233074104,22954233352228,22954233529392,22954233529424,16,21.4462,6.84116,8.67477,1.17452,0.2026,2.78124,1.77164
247,1,0,1e+08,22954234318135,22954234560439,22954235784270,22954235871770,22954235933262,22954236220798,22954236382054,22954236382090,16,20.6395,2.42304,12.2383,0.875,0.61492,2.87536,1.61256
248,1,0,1e+08,22954236942646,22954237337466,22954238452996,22954238580460,22954238597664,22954238896392,22954239062512,22954239062548,16,21.199,3.9482,11.1553,1.27464,0.17204,2.98728,1.6612
249,1,0,1e+08,22954239662525,22954239876177,22954240233925,22954240298421,22954240336253,22954241077547,22954241313680,22954241313740,16,16.5121,2.13652,3.57748,0.64496,0.37832,7.41294,2.36133
250,1,0,1e+08,22954242175420,22954242489582,22954242938634,22954243003450,22954243043602,22954243291918,22954243467406,22954243467494,16,12.9207,3.14162,4.49052,0.64816,0.40152,2.48316,1.75488
251,1,0,1e+08,22954244013595,22954244909058,22954245577766,22954245718734,22954245743158,22954246012770,22954246171986,22954246172014,16,21.5842,8.95463,6.68708,1.40968,0.24424,2.69612,1.59216
252,1,0,1e+08,22954246600256,22954247029105,22954248090489,22954248221517,22954248240329,22954248538001,22954248712641,22954248712673,16,21.1242,4.28849,10.6138,1.31028,0.18812,2.97672,1.7464
253,1,0,1e+08,22954249223665,22954249680793,22954250706518,22954250790006,22954250821330,22954251165090,22954251352118,22954251352226,16,21.2856,4.57128,10.2573,0.83488,0.31324,3.4376,1.87028
254,1,0,1e+08,22954251994536,22954252609742,22954253464073,22954253558617,22954253576257,22954253838473,22954254030761,22954254030789,16,20.3625,6.15206,8.54331,0.94544,0.1764,2.62216,1.92288
255,1,0,1e+08,22954254559156,22954254800793,22954255111185,22954255187113,22954255229269,22954255405417,22954255560149,22954255560173,16,10.0102,2.41637,3.10392,0.75928,0.42156,1.76148,1.54732
256,1,0,1e+08,22954256364094,22954256981290,22954257919296,22954258054116,22954258071576,22954258363468,22954258526980,22954258527016,16,21.6292,6.17196,9.38006,1.3482,0.1746,2.91892,1.63512
257,1,0,1e+08,22954258944793,22954259247561,22954259547585,22954259646605,22954259662901,22954259864157,22954259994497,22954259994521,16,10.4973,3.02768,3.00024,0.9902,0.16296,2.01256,1.3034
258,1,0,1e+08,22954260674951,22954261257792,22954262270416,22954262403880,22954262424252,22954262745056,22954262904432,22954262904464,16,22.2951,5.82841,10.1262,1.33464,0.20372,3.20804,1.59376
259,1,0,1e+08,22954263385386,22954263629578,22954263946190,22954264043486,22954264077138,22954264978540,22954265227313,22954265227485,16,18.421,2.44192,3.16612,0.97296,0.33652,9.01402,2.48773
260,1,0,1e+08,22954266112118,22954266349426,22954267245235,22954267334310,22954267376066,22954267864962,22954268042934,22954268043098,16,19.3098,2.37308,8.95809,0.89075,0.41756,4.88896,1.77972
261,1,0,1e+08,22954268886275,22954269498828,22954270437001,22954270549477,22954270566365,22954270858681,22954271062285,22954271062317,16,21.7604,6.12553,9.38173,1.12476,0.16888,2.92316,2.03604
262,1,0,1e+08,22954271729403,22954272030515,22954273260806,22954273420630,22954273440178,22954273767678,22954273926766,22954273926802,16,21.974,3.01112,12.3029,1.59824,0.19548,3.275,1.59088
263,1,0,1e+08,22954274364260,22954274567324,22954274884044,22954274948260,22954274987332,22954275164292,22954275326692,22954275326716,16,9.62456,2.03064,3.1672,0.64216,0.39072,1.7696,1.624
264,1,0,1e+08,22954275980283,22954276893457,22954277835086,22954277977034,22954277998278,22954278289822,22954278426158,22954278426190,16,24.4591,9.13174,9.41629,1.41948,0.21244,2.91544,1.36336
265,1,0,1e+08,22954278463522,22954278669498,22954279002778,22954279164253,22954279253519,22954280059434,22954280267134,22954280267262,16,18.0374,2.05976,3.3328,1.61475,0.89266,8.05915,2.077
266,1,0,1e+08,22954281003854,22954281211882,22954281545098,22954281611298,22954281643922,22954281803342,22954281941034,22954281941058,16,9.37204,2.08028,3.33216,0.662,0.32624,1.5942,1.37692
267,1,0,1e+08,22954282593953,22954284994844,22954285631774,22954285769390,22954285792578,22954286102738,22954286262626,22954286262654,16,36.687,24.0089,6.3693,1.37616,0.23188,3.1016,1.59888
268,1,0,1e+08,22954286300650,22954286534254,22954287711242,22954287853726,22954287873470,22954288186294,22954288336198,22954288336230,16,20.3558,2.33604,11.7699,1.42484,0.19744,3.12824,1.49904
269,1,0,1e+08,22954288369690,22954288613230,22954288989350,22954289076118,22954289115462,22954290035309,22954290269398,22954290269462,16,18.9977,2.4354,3.7612,0.86768,0.39344,9.19847,2.34089
270,1,0,1e+08,22954290306190,22954291002119,22954291397583,22954291487511,22954291504319,22954292348973,22954292580334,22954292580398,16,22.7421,6.95929,3.95464,0.89928,0.16808,8.44654,2.31361
271,1,0,1e+08,22954293172858,22954305693675,22954306081743,22954306132571,22954306183919,22954306661376,22954307082653,22954307082741,16,139.099,125.208,3.88068,0.50828,0.51348,4.77457,4.21277
272,1,0,1e+08,22954307120137,22954308902851,22954309319751,22954309381643,22954309432863,22954309619807,22954309729951,22954309729975,16,26.0984,17.8271,4.169,0.61892,0.5122,1.86944,1.10144
273,1,0,1e+08,22954309756399,22954311605853,22954311952993,22954312023677,22954312042037,22954312212101,22954312365097,22954312365209,16,26.0881,18.4945,3.4714,0.70684,0.1836,1.70064,1.52996
274,1,0,1e+08,22954312404665,22954314816641,22954315543976,22954315641312,22954315661404,22954315932088,22954316058860,22954316058896,16,36.5423,24.1198,7.27335,0.97336,0.20092,2.70684,1.26772
275,1,0,1e+08,22954316087804,22954316315048,22954316654672,22954316723516,22954316759288,22954317224837,22954317694158,22954317694378,16,16.0657,2.27244,3.39624,0.68844,0.35772,4.65549,4.69321
276,1,0,1e+08,22954317735152,22954319198404,22954320391017,22954320523565,22954320542849,22954320855149,22954321000585,22954321000621,16,32.6547,14.6325,11.9261,1.32548,0.19284,3.123,1.45436
277,1,0,1e+08,22954321034237,22954321319501,22954321691357,22954321766573,22954321807741,22954322651181,22954322898626,22954322898774,16,18.6454,2.85264,3.71856,0.75216,0.41168,8.4344,2.47445
278,1,0,1e+08,22954322933366,22954324430085,22954325620152,22954325700768,22954325740000,22954326109984,22954326263080,22954326263172,16,33.2981,14.9672,11.9007,0.80616,0.39232,3.69984,1.53096
279,1,0,1e+08,22954326296112,22954326530916,22954326892808,22954326969260,22954327010188,22954327183848,22954327377292,22954327377316,16,10.812,2.34804,3.61892,0.76452,0.40928,1.7366,1.93444
280,1,0,1e+08,22954327432652,22954328288500,22954329075449,22954329152261,22954329212409,22954329478409,22954329670253,22954329670333,16,22.3768,8.55848,7.86949,0.76812,0.60148,2.66,1.91844
281,1,0,1e+08,22954329711845,22954330522344,22954330840968,22954330905700,22954330958148,22954331125224,22954331248744,22954331248772,16,15.3693,8.10499,3.18624,0.64732,0.52448,1.67076,1.2352
282,1,0,1e+08,22954331279124,22954333589965,22954334244341,22954334358469,22954334375817,22954334615093,22954334758693,22954334758721,16,34.796,23.1084,6.54376,1.14128,0.17348,2.39276,1.436
283,1,0,1e+08,22954334791641,22954334999521,22954335322817,22954335399869,22954335430161,22954336055275,22954336373469,22954336373533,16,15.8189,2.0788,3.23296,0.77052,0.30292,6.25114,3.18194
284,1,0,1e+08,22954336492645,22954336843326,22954337346110,22954337451674,22954337497950,22954338437718,22954338721522,22954338721742,16,22.291,3.50681,5.02784,1.05564,0.46276,9.39768,2.83804
285,1,0,1e+08,22954338781362,22954339418132,22954339812808,22954339881728,22954339907404,22954340710187,22954340952800,22954340952860,16,21.715,6.3677,3.94676,0.6892,0.25676,8.02783,2.42613
286,1,0,1e+08,22954341040129,22954342051992,22954343180198,22954343303358,22954343323886,22954343672810,22954343853070,22954343853106,16,28.1298,10.1186,11.2821,1.2316,0.20528,3.48924,1.8026
287,1,0,1e+08,22954343902422,22954345229624,22954346003002,22954346155230,22954346175290,22954346437394,22954346602778,22954346602810,16,27.0039,13.272,7.73378,1.52228,0.2006,2.62104,1.65384
288,1,0,1e+08,22954346642026,22954346901645,22954348049326,22954348192782,22954348211178,22954348494370,22954348652946,22954348652978,16,20.1095,2.59619,11.4768,1.43456,0.18396,2.83192,1.58576
289,1,0,1e+08,22954349425167,22954350345608,22954350999209,22954351067593,22954351103473,22954351363837,22954351542433,22954351542461,16,21.1729,9.20441,6.53601,0.68384,0.3588,2.60364,1.78596
290,1,0,1e+08,22954352267903,22954353151273,22954353852547,22954353968923,22954353989747,22954354268867,22954354436123,22954354436151,16,21.6825,8.8337,7.01274,1.16376,0.20824,2.7912,1.67256
291,1,0,1e+08,22954354993497,22954355522963,22954356444604,22954356623744,22954356642496,22954356901984,22954357051676,22954357051704,16,20.5821,5.29466,9.21641,1.7914,0.18752,2.59488,1.49692
292,1,0,1e+08,22954357542764,22954358088906,22954359041413,22954359155073,22954359172977,22954359437965,22954359612001,22954359612033,16,20.6927,5.46142,9.52507,1.1366,0.17904,2.64988,1.74036
293,1,0,1e+08,22954360179524,22954360658310,22954361704868,22954361829108,22954361848472,22954362148624,22954362347852,22954362347884,16,21.6836,4.78786,10.4656,1.2424,0.19364,3.00152,1.99228
294,1,0,1e+08,22954362857300,22954363546009,22954364379465,22954364507009,22954364526893,22954364800625,22954364980665,22954364980693,16,21.2339,6.88709,8.33456,1.27544,0.19884,2.73732,1.8004
295,1,0,1e+08,22954365537278,22954366386551,22954367119517,22954367240057,22954367261905,22954367543677,22954367697037,22954367697069,16,21.5979,8.49273,7.32966,1.2054,0.21848,2.81772,1.5336
296,1,0,1e+08,22954368395521,22954369079264,22954369946054,22954370049470,22954370067502,22954370341426,22954370487758,22954370487790,16,20.9227,6.83743,8.6679,1.03416,0.18032,2.73924,1.46332
297,1,0,1e+08,22954371119301,22954371610638,22954372531012,22954372728744,22954372748792,22954373036692,22954373193080,22954373193116,16,20.7382,4.91337,9.20374,1.97732,0.20048,2.879,1.56388
298,1,0,1e+08,22954373620510,22954373966521,22954375125784,22954375249776,22954375267384,22954375576672,22954375774828,22954375774860,16,21.5435,3.46011,11.5926,1.23992,0.17608,3.09288,1.98156
299,1,0,1e+08,22954376415652,22954377430836,22954378093941,22954378213921,22954378234437,22954378474193,22954378640513,22954378640541,16,22.2489,10.1518,6.63105,1.1998,0.20516,2.39756,1.6632
300,1,0,1e+08,22954379380257,22954379903066,22954380841739,22954380949607,22954380967311,22954381240803,22954381401651,22954381401683,16,20.2143,5.22809,9.38673,1.07868,0.17704,2.73492,1.60848
301,1,0,1e+08,22954382150177,22954382502050,22954382815302,22954382913026,22954382931590,22954383095810,22954383230462,22954383230486,16,10.8031,3.51873,3.13252,0.97724,0.18564,1.6422,1.34652
302,1,0,1e+08,22954383842162,22954384685429,22954385421262,22954385535494,22954385560030,22954385847710,22954386011510,22954386011542,16,21.6938,8.43267,7.35833,1.14232,0.24536,2.8768,1.638
303,1,0,1e+08,22954386627664,22954387704072,22954388342169,22954388406477,22954388433541,22954388670953,22954388820881,22954388820913,16,21.9325,10.7641,6.38097,0.64308,0.27064,2.37412,1.49928
304,1,0,1e+08,22954389348920,22954389953373,22954390843842,22954391012870,22954391031446,22954391304502,22954391473714,22954391473742,16,21.2482,6.04453,8.90469,1.69028,0.18576,2.73056,1.69212
305,1,0,1e+08,22954392129053,22954393069501,22954393707410,22954393817990,22954393838230,22954394108322,22954394257742,22954394257770,16,21.2872,9.40448,6.37909,1.1058,0.2024,2.70092,1.4942
306,1,0,1e+08,22954394777899,22954395248849,22954396297390,22954396417594,22954396437318,22954396726114,22954396897590,22954396897622,16,21.1972,4.7095,10.4854,1.20204,0.19724,2.88796,1.71476
307,1,0,1e+08,22954397456400,22954397686936,22954398817734,22954398896594,22954398928282,22954399311038,22954399471154,22954399471190,16,20.1479,2.30536,11.308,0.7886,0.31688,3.82756,1.60116
308,1,0,1e+08,22954400145576,22954400708238,22954401714142,22954401872378,22954401890962,22954402188750,22954402380438,22954402380470,16,22.3489,5.62662,10.059,1.58236,0.18584,2.97788,1.91688
309,1,0,1e+08,22954402825809,22954403490714,22954404363374,22954404480002,22954404500078,22954404773622,22954404927318,22954404927346,16,21.0154,6.64905,8.7266,1.16628,0.20076,2.73544,1.53696
310,1,0,1e+08,22954406318447,22954406762090,22954407312854,22954407403218,22954407457494,22954407679158,22954407839230,22954407839262,16,15.2081,4.43643,5.50764,0.90364,0.54276,2.21664,1.60072
311,1,0,1e+08,22954408749226,22954409751618,22954410408870,22954410476834,22954410525482,22954410793370,22954410960510,22954410960538,16,22.1131,10.0239,6.57252,0.67964,0.48648,2.67888,1.6714
312,1,0,1e+08,22954411818140,22954412045530,22954413191136,22954413296441,22954413318761,22954413670837,22954413906033,22954413906073,16,20.8793,2.2739,11.4561,1.05305,0.2232,3.52076,2.35196
313,1,0,1e+08,22954414735707,22954415344704,22954416239874,22954416354650,22954416377498,22954416641818,22954416832350,22954416832462,16,20.9676,6.08997,8.9517,1.14776,0.22848,2.6432,1.90532
314,1,0,1e+08,22954417466856,22954418371348,22954419023893,22954419131885,22954419149009,22954419383293,22954419545061,22954419545089,16,20.7823,9.04492,6.52545,1.07992,0.17124,2.34284,1.61768
315,1,0,1e+08,22954420389882,22954421252311,22954422008444,22954422174420,22954422197284,22954422466496,22954422620404,22954422620436,16,22.3055,8.62429,7.56133,1.65976,0.22864,2.69212,1.53908
316,1,0,1e+08,22954423318681,22954423568695,22954424221099,22954424394716,22954424610877,22954425134877,22954425324133,22954425324181,16,20.055,2.50014,6.52404,1.73617,2.16161,5.24,1.89256
317,1,0,1e+08,22954426049794,22954426326078,22954426676770,22954426740918,22954426760242,22954426955394,22954427110082,22954427110170,16,10.6038,2.76284,3.50692,0.64148,0.19324,1.95152,1.54688
318,1,0,1e+08,22954427622404,22954427882072,22954429124263,22954429244431,22954429261827,22954429562883,22954429719631,22954429719667,16,20.9726,2.59668,12.4219,1.20168,0.17396,3.01056,1.56748
319,1,0,1e+08,22954430410851,22954431218148,22954431937234,22954432064102,22954432081226,22954432349078,22954432493634,22954432493662,16,20.8281,8.07297,7.19086,1.26868,0.17124,2.67852,1.44556
320,1,0,1e+08,22954433168192,22954433755214,22954434642008,22954434803884,22954434820696,22954435080664,22954435254864,22954435254896,16,20.867,5.87022,8.86794,1.61876,0.16812,2.59968,1.742
321,1,0,1e+08,22954435762442,22954436667101,22954437310654,22954437403158,22954437459686,22954437693854,22954437843494,22954437843522,16,20.8108,9.04659,6.43553,0.92504,0.56528,2.34168,1.4964
322,1,0,1e+08,22954438330224,22954438817429,22954439820488,22954439945700,22954439965456,22954440243284,22954440421468,22954440421500,16,20.9128,4.87205,10.0306,1.25212,0.19756,2.77828,1.78184
323,1,0,1e+08,22954441192248,22954441867218,22954442809750,22954442933170,22954442951234,22954443243254,22954443411834,22954443411866,16,22.1962,6.7497,9.42532,1.2342,0.18064,2.9202,1.6858
324,1,0,1e+08,22954444021108,22954444889169,22954445583906,22954445671006,22954445719798,22954445966338,22954446133466,22954446133498,16,21.1239,8.68061,6.94737,0.871,0.48792,2.4654,1.67128
325,1,0,1e+08,22954446686608,22954446934924,22954447283864,22954447375168,22954447409240,22954448260623,22954448514868,22954448514928,16,18.2832,2.48316,3.4894,0.91304,0.34072,8.51383,2.54245
326,1,0,1e+08,22954449648013,22954449930837,22954450256881,22954450320177,22954450373669,22954450621091,22954451169049,22954451169141,16,15.2113,2.82824,3.26044,0.63296,0.53492,2.47422,5.47958
327,1,0,1e+08,22954452377887,22954452641999,22954453603156,22954453689966,22954453737644,22954454183605,22954454359129,22954454359173,16,19.8129,2.64112,9.61157,0.8681,0.47678,4.45961,1.75524
328,1,0,1e+08,22954455052999,22954455268203,22954456458597,22954456588405,22954456607157,22954456925341,22954457065237,22954457065273,16,20.1227,2.15204,11.9039,1.29808,0.18752,3.18184,1.39896
329,1,0,1e+08,22954458125851,22954458583605,22954459599998,22954459727038,22954459748062,22954460016514,22954460162234,22954460162266,16,20.3642,4.57754,10.1639,1.2704,0.21024,2.68452,1.4572
330,1,0,1e+08,22954461745074,22954462130979,22954462632075,22954462768387,22954462786267,22954462987595,22954463179155,22954463179183,16,14.3411,3.85905,5.01096,1.36312,0.1788,2.01328,1.9156
331,1,0,1e+08,22954463836271,22954464812370,22954465443830,22954465549234,22954465577358,22954465843690,22954466021526,22954466021554,16,21.8528,9.76099,6.3146,1.05404,0.28124,2.66332,1.77836
332,1,0,1e+08,22954466572917,22954467272630,22954468080862,22954468193294,22954468214722,22954468489206,22954468678282,22954468678310,16,21.0539,6.99713,8.08232,1.12432,0.21428,2.74484,1.89076
333,1,0,1e+08,22954469346969,22954469812931,22954470893473,22954471062497,22954471082065,22954471367597,22954471574069,22954471574101,16,22.2713,4.65962,10.8054,1.69024,0.19568,2.85532,2.06472
334,1,0,1e+08,22954472125400,22954472783910,22954473665830,22954473812318,22954473841186,22954474120046,22954474304626,22954474304658,16,21.7926,6.5851,8.8192,1.46488,0.28868,2.7886,1.8458
335,1,0,1e+08,22954475068477,22954475765461,22954476581306,22954476713410,22954476737038,22954477005198,22954477158902,22954477158930,16,20.9045,6.96984,8.15845,1.32104,0.23628,2.6816,1.53704
336,1,0,1e+08,22954477645411,22954478175995,22954479175237,22954479315289,22954479336425,22954479606065,22954479771257,22954479771345,16,21.2593,5.30584,9.99242,1.40052,0.21136,2.6964,1.65192
337,1,0,1e+08,22954480256676,22954480532519,22954481773645,22954481921629,22954481944617,22954482249145,22954482435677,22954482435709,16,21.7903,2.75843,12.4113,1.47984,0.22988,3.04528,1.86532
338,1,0,1e+08,22954482956935,22954483204757,22954483512445,22954483573941,22954483641389,22954483810461,22954484008737,22954484008817,16,10.5188,2.47822,3.07688,0.61496,0.67448,1.69072,1.98276
339,1,0,1e+08,22954484809598,22954485029520,22954485337976,22954485400436,22954485445940,22954486321986,22954486547425,22954486547581,16,17.3798,2.19922,3.08456,0.6246,0.45504,8.76046,2.25439
340,1,0,1e+08,22954487785156,22954488791122,22954489437891,22954489571747,22954489595819,22954489862423,22954490056951,22954490056979,16,22.7182,10.0597,6.46769,1.33856,0.24072,2.66604,1.94528
341,1,0,1e+08,22954490705940,22954491484175,22954492228293,22954492330101,22954492383849,22954492650789,22954492813213,22954492813245,16,21.073,7.78235,7.44118,1.01808,0.53748,2.6694,1.62424
342,1,0,1e+08,22954493362139,22954494185253,22954494928374,22954495079210,22954495104022,22954495370830,22954495590582,22954495590610,16,22.2847,8.23114,7.43121,1.50836,0.24812,2.66808,2.19752
343,1,0,1e+08,22954497400113,22954497702797,22954498140837,22954498203245,22954498223245,22954498415229,22954498582397,22954498582425,16,11.8231,3.02684,4.3804,0.62408,0.2,1.91984,1.67168
344,1,0,1e+08,22954499127155,22954499664541,22954500627066,22954500694434,22954500732010,22954501001206,22954501178474,22954501178606,16,20.5145,5.37386,9.62525,0.67368,0.37576,2.69196,1.77268
345,1,0,1e+08,22954501830487,22954502061880,22954503104157,22954503172837,22954503239173,22954503616645,22954503780845,22954503780881,16,19.5039,2.31393,10.4228,0.6868,0.66336,3.77472,1.642
346,1,0,1e+08,22954504430732,22954504631028,22954504943904,22954505006528,22954505047056,22954505219836,22954505350596,22954505350620,16,9.19888,2.00296,3.12876,0.62624,0.40528,1.7278,1.3076
347,1,0,1e+08,22954506102897,22954507121965,22954507975662,22954508139742,22954508159774,22954508437014,22954508573498,22954508573526,16,24.7063,10.1907,8.53697,1.6408,0.20032,2.7724,1.36484
348,1,0,1e+08,22954508607106,22954508863650,22954510042784,22954510120412,22954510203628,22954510528628,22954510740860,22954510740892,16,21.3379,2.56544,11.7913,0.77628,0.83216,3.25,2.12232
349,1,0,1e+08,22954511296229,22954511518061,22954511832289,22954511897245,22954511928673,22954512104181,22954512265393,22954512265417,16,9.69188,2.21832,3.14228,0.64956,0.31428,1.75508,1.61212
350,1,0,1e+08,22954512964240,22954513730430,22954514499842,22954514658098,22954514677406,22954514957722,22954515108702,22954515108734,16,21.4449,7.6619,7.69412,1.58256,0.19308,2.80316,1.5098
351,1,0,1e+08,22954515749780,22954515974716,22954516284476,22954516361588,22954516398320,22954516657233,22954517189717,22954517189809,16,14.4003,2.24936,3.0976,0.77112,0.36732,2.58913,5.32484
352,1,0,1e+08,22954518686250,22954519151266,22954520243987,22954520369507,22954520386107,22954520687403,22954520868303,22954520868335,16,21.8209,4.65016,10.9272,1.2552,0.166,3.01296,1.809
353,1,0,1e+08,22954521492962,22954521806782,22954522951649,22954523115269,22954523134245,22954523418441,22954523582501,22954523582533,16,20.8957,3.1382,11.4487,1.6362,0.18976,2.84196,1.6406
354,1,0,1e+08,22954524316685,22954524548765,22954525818394,22954525935126,22954525952442,22954526270486,22954526451386,22954526451422,16,21.3474,2.3208,12.6963,1.16732,0.17316,3.18044,1.809
355,1,0,1e+08,22954527218381,22954527929063,22954528787084,22954528900536,22954528943624,22954529274272,22954529446432,22954529446532,16,22.2815,7.10682,8.58021,1.13452,0.43088,3.30648,1.7216
356,1,0,1e+08,22954529961837,22954530198905,22954530519425,22954530600409,22954530656357,22954530817237,22954530939633,22954530939657,16,9.7782,2.37068,3.2052,0.80984,0.55948,1.6088,1.22396
357,1,0,1e+08,22954531789135,22954532636635,22954533400377,22954533515217,22954533532573,22954533805105,22954534009977,22954534010009,16,22.2087,8.475,7.63742,1.1484,0.17356,2.72532,2.04872
358,1,0,1e+08,22954534469460,22954534703808,22954535009968,22954535079688,22954535122508,22954535291120,22954535425044,22954535425068,16,9.55608,2.34348,3.0616,0.6972,0.4282,1.68612,1.33924
359,1,0,1e+08,22954536287949,22954536533354,22954536848922,22954536915046,22954536934210,22954537105168,22954537664265,22954537664445,16,13.765,2.45405,3.15568,0.66124,0.19164,1.70958,5.59097
360,1,0,1e+08,22954539153872,22954539446362,22954539786966,22954539854294,22954539892902,22954540061798,22954540192570,22954540192594,16,10.3872,2.9249,3.40604,0.67328,0.38608,1.68896,1.30772
361,1,0,1e+08,22954541042691,22954541780501,22954542703177,22954542770605,22954542841109,22954543145977,22954543296917,22954543296953,16,22.5426,7.3781,9.22676,0.67428,0.70504,3.04868,1.5094
362,1,0,1e+08,22954543846772,22954544853241,22954545509601,22954545624885,22954545666461,22954545916909,22954546088933,22954546088965,16,22.4219,10.0647,6.5636,1.15284,0.41576,2.50448,1.72024
363,1,0,1e+08,22954546747066,22954547351403,22954548329153,22954548438681,22954548455585,22954548725285,22954548924113,22954548924201,16,21.7713,6.04337,9.7775,1.09528,0.16904,2.697,1.98828
364,1,0,1e+08,22954549397219,22954549626463,22954549939311,22954550005759,22954550038911,22954550209231,22954550342739,22954550342767,16,9.45548,2.29244,3.12848,0.66448,0.33152,1.7032,1.33508
365,1,0,1e+08,22954551077000,22954551583122,22954552619599,22954552774191,22954552797999,22954553087731,22954553264471,22954553264507,16,21.8751,5.06122,10.3648,1.54592,0.23808,2.89732,1.7674
366,1,0,1e+08,22954553700497,22954554328889,22954555251329,22954555366077,22954555387789,22954555673381,22954555837117,22954555837149,16,21.3665,6.28392,9.2244,1.14748,0.21712,2.85592,1.63736
367,1,0,1e+08,22954556546881,22954557317609,22954558095078,22954558196842,22954558214602,22954558488846,22954558632254,22954558632286,16,20.854,7.70728,7.77469,1.01764,0.1776,2.74244,1.43408
368,1,0,1e+08,22954559124804,22954559309680,22954559615172,22954559702136,22954559772868,22954559943204,22954560114572,22954560114640,16,9.89836,1.84876,3.05492,0.86964,0.70732,1.70336,1.71368
369,1,0,1e+08,22954560828764,22954561168713,22954562349718,22954562484458,22954562507478,22954562792022,22954562970638,22954562970670,16,21.4191,3.39949,11.8101,1.3474,0.2302,2.84544,1.78616
370,1,0,1e+08,22954563619687,22954564563764,22954565214906,22954565324994,22954565342030,22954565604410,22954565767810,22954565767838,16,21.4815,9.44077,6.51142,1.10088,0.17036,2.6238,1.634
371,1,0,1e+08,22954566318373,22954566554521,22954566864673,22954566942845,22954566962513,22954567466814,22954567900092,22954567900180,16,15.8181,2.36148,3.10152,0.78172,0.19668,5.04301,4.33278
372,1,0,1e+08,22954569058965,22954569271301,22954569606465,22954569669865,22954569691477,22954569853353,22954569983913,22954569983937,16,9.24972,2.12336,3.35164,0.634,0.21612,1.61876,1.3056
373,1,0,1e+08,22954570829999,22954572622051,22954573056611,22954573135999,22954573154443,22954573343063,22954573511819,22954573511843,16,26.8184,17.9205,4.3456,0.79388,0.18444,1.8862,1.68756
374,1,0,1e+08,22954573646475,22954574289036,22954575167804,22954575292916,22954575315060,22954575618508,22954575809036,22954575809068,16,21.6259,6.42561,8.78768,1.25112,0.22144,3.03448,1.90528
375,1,0,1e+08,22954576370149,22954576941255,22954577927061,22954578064945,22954578083573,22954578383177,22954578545309,22954578545341,16,21.7519,5.71106,9.85806,1.37884,0.18628,2.99604,1.62132
376,1,0,1e+08,22954579011598,22954579234834,22954579540266,22954579603062,22954579641718,22954579810274,22954579941474,22954579941498,16,9.299,2.23236,3.05432,0.62796,0.38656,1.68556,1.312
377,1,0,1e+08,22954580662549,22954581569600,22954582214790,22954582316678,22954582333454,22954582585810,22954582733466,22954582733494,16,20.7095,9.07051,6.4519,1.01888,0.16776,2.52356,1.47656
378,1,0,1e+08,22954583252570,22954583974034,22954584788672,22954584928448,22954584945444,22954585218600,22954585371436,22954585371464,16,21.1889,7.21464,8.14638,1.39776,0.16996,2.73156,1.52836
379,1,0,1e+08,22954585832377,22954586046209,22954586358581,22954586431553,22954586452397,22954586620473,22954586805325,22954586805393,16,9.73016,2.13832,3.12372,0.72972,0.20844,1.68076,1.84852
380,1,0,1e+08,22954587682184,22954588458016,22954589286458,22954589439658,22954589456074,22954589728778,22954589896366,22954589896398,16,22.1421,7.75832,8.28442,1.532,0.16416,2.72704,1.67588
381,1,0,1e+08,22954590410695,22954591484024,22954592104496,22954592190256,22954592246680,22954592488728,22954592662784,22954592662812,16,22.5212,10.7333,6.20472,0.8576,0.56424,2.42048,1.74056
382,1,0,1e+08,22954593251801,22954594006104,22954594796564,22954594961756,22954594982728,22954595296332,22954595495452,22954595495480,16,22.4368,7.54303,7.9046,1.65192,0.20972,3.13604,1.9912
383,1,0,1e+08,22954595952186,22954596902078,22954597544126,22954597654942,22954597676794,22954597926710,22954598099302,22954598099330,16,21.4714,9.49892,6.42048,1.10816,0.21852,2.49916,1.72592
384,1,0,1e+08,22954599955042,22954600227178,22954600662486,22954600742714,22954600790190,22954601712330,22954601913496,22954601913556,16,19.5851,2.72136,4.35308,0.80228,0.47476,9.2214,2.01166
385,1,0,1e+08,22954603175106,22954603958793,22954604705326,22954604819102,22954604839290,22954605106182,22954605263342,22954605263370,16,20.8826,7.83687,7.46533,1.13776,0.20188,2.66892,1.5716
386,1,0,1e+08,22954606824857,22954607206782,22954607706814,22954607818690,22954607840634,22954608103882,22954608305722,22954608305782,16,14.8092,3.81925,5.00032,1.11876,0.21944,2.63248,2.0184
387,1,0,1e+08,22954610387084,22954611050215,22954611959481,22954612112037,22954612141225,22954612429209,22954612620745,22954612620777,16,22.3369,6.63131,9.09266,1.52556,0.29188,2.87984,1.91536
388,1,0,1e+08,22954613463603,22954614159966,22954614984258,22954615093522,22954615113302,22954615383934,22954615568122,22954615568154,16,21.0455,6.96363,8.24292,1.09264,0.1978,2.70632,1.84188
389,1,0,1e+08,22954616337345,22954617190774,22954617882909,22954617999741,22954618020377,22954618272901,22954618450329,22954618450357,16,21.1301,8.53429,6.92135,1.16832,0.20636,2.52524,1.77428
390,1,0,1e+08,22954620842410,22954621265165,22954622457725,22954622541169,22954622578617,22954622867117,22954623007613,22954623007649,16,21.6524,4.22755,11.9256,0.83444,0.37448,2.885,1.40496
391,1,0,1e+08,22954623893368,22954624192805,22954624874988,22954624974432,22954625000740,22954625237680,22954625407384,22954625407416,16,15.1405,2.99437,6.82183,0.99444,0.26308,2.3694,1.69704
392,1,0,1e+08,22954625531956,22954625760944,22954626187476,22954626253160,22954626269792,22954626499092,22954626676748,22954626676828,16,11.4487,2.28988,4.26532,0.65684,0.16632,2.293,1.77656
393,1,0,1e+08,22954626960058,22954627577173,22954628528642,22954628651410,22954628675054,22954628964158,22954629132962,22954629132990,16,21.7293,6.17115,9.51469,1.22768,0.23644,2.89104,1.68804
394,1,0,1e+08,22954629712190,22954629942614,22954631069044,22954631202801,22954631222705,22954631575909,22954631769481,22954631769517,16,20.5733,2.30424,11.2643,1.33757,0.19904,3.53204,1.93572
395,1,0,1e+08,22954632568988,22954633395731,22954634135286,22954634244130,22954634261438,22954634528418,22954634680058,22954634680090,16,21.111,8.26743,7.39555,1.08844,0.17308,2.6698,1.5164
396,1,0,1e+08,22954635181457,22954635966035,22954636717695,22954636839995,22954636858843,22954637154555,22954637319363,22954637319395,16,21.3794,7.84578,7.5166,1.223,0.18848,2.95712,1.64808
397,1,0,1e+08,22954637665245,22954638020301,22954639217570,22954639375654,22954639394678,22954639698914,22954639869982,22954639870014,16,22.0477,3.55056,11.9727,1.58084,0.19024,3.04236,1.71068
398,1,0,1e+08,22954640460127,22954641186313,22954642131022,22954642203162,22954642261454,22954642553382,22954642731930,22954642731962,16,22.7183,7.26186,9.44709,0.7214,0.58292,2.91928,1.78548
399,1,0,1e+08,22954643379563,22954644085524,22954644891541,22954644958913,22954645035373,22954645325201,22954645505657,22954645505685,16,21.2612,7.05961,8.06017,0.67372,0.7646,2.89828,1.80456
400,1,0,1e+08,22954645998731,22954646246491,22954646557759,22954646621007,22954646639739,22954646800667,22954646935763,22954646935787,16,9.37056,2.4776,3.11268,0.63248,0.18732,1.60928,1.35096
401,1,0,1e+08,22954647623173,22954647843827,22954648142187,22954648202519,22954648220435,22954648392743,22954648550431,22954648550455,16,9.27282,2.20654,2.9836,0.60332,0.17916,1.72308,1.57688
402,1,0,1e+08,22954649171373,22954651253544,22954652096394,22954652178582,22954652226158,22954652494246,22954652643822,22954652643850,16,34.7248,20.8217,8.4285,0.82188,0.47576,2.68088,1.49576
403,1,0,1e+08,22954652681930,22954652906682,22954653264466,22954653339238,22954653363054,22954653527510,22954653726230,22954653726258,16,10.4433,2.24752,3.57784,0.74772,0.23816,1.64456,1.9872
404,1,0,1e+08,22954653776702,22954654152106,22954654465082,22954654528018,22954654569542,22954654749678,22954654895206,22954654895230,16,11.1853,3.75404,3.12976,0.62936,0.41524,1.80136,1.45528
405,1,0,1e+08,22954655114966,22954657082490,22954657893261,22954658011969,22954658029361,22954658307661,22954658459833,22954658459865,16,33.449,19.6752,8.10771,1.18708,0.17392,2.783,1.52172
406,1,0,1e+08,22954658493645,22954658765013,22954659109493,22954659197373,22954659282297,22954659865395,22954660251352,22954660251412,16,17.5777,2.71368,3.4448,0.8788,0.84924,5.83098,3.85957
407,1,0,1e+08,22954660295656,22954660721051,22954661219199,22954661290555,22954661316087,22954661530467,22954661677167,22954661677195,16,13.8154,4.25395,4.98148,0.71356,0.25532,2.1438,1.467
408,1,0,1e+08,22954661994471,22954662729029,22954663496072,22954663635176,22954663660848,22954663937040,22954664088748,22954664088780,16,20.9431,7.34558,7.67043,1.39104,0.25672,2.76192,1.51708
409,1,0,1e+08,22954664636565,22954664910533,22954665207689,22954665271845,22954665300677,22954666192519,22954666460961,22954666461117,16,18.2455,2.73968,2.97156,0.64156,0.28832,8.91842,2.68442
410,1,0,1e+08,22954667306590,22954667528198,22954667884430,22954667949258,22954667971706,22954668135854,22954668272874,22954668272898,16,9.66308,2.21608,3.56232,0.64828,0.22448,1.64148,1.3702
411,1,0,1e+08,22954669056873,22954671128639,22954671848480,22954672070392,22954672090648,22954672344128,22954672493160,22954672493188,16,34.3632,20.7177,7.19841,2.21912,0.20256,2.5348,1.49032
412,1,0,1e+08,22954672526304,22954672738840,22954673075984,22954673163660,22954673187092,22954673350128,22954673505752,22954673505776,16,9.79472,2.12536,3.37144,0.87676,0.23432,1.63036,1.55624
413,1,0,1e+08,22954673544356,22954674088986,22954675242438,22954675325374,22954675351610,22954675727490,22954675899378,22954675899414,16,23.5506,5.4463,11.5345,0.82936,0.26236,3.7588,1.71888
414,1,0,1e+08,22954676023494,22954676242210,22954676587766,22954676662642,22954676710058,22954676882606,22954677064766,22954677064790,16,10.413,2.18716,3.45556,0.74876,0.47416,1.72548,1.8216
415,1,0,1e+08,22954678118605,22954678747781,22954679581097,22954679732237,22954679751889,22954680012957,22954680189981,22954680190013,16,20.7141,6.29176,8.33316,1.5114,0.19652,2.61068,1.77024
416,1,0,1e+08,22954680797256,22954681277072,22954682357781,22954682468309,22954682485737,22954682774989,22954682931993,22954682932029,16,21.3477,4.79816,10.8071,1.10528,0.17428,2.89252,1.57004
417,1,0,1e+08,22954683840242,22954684767968,22954685416116,22954685532844,22954685551932,22954685804364,22954685984732,22954685984760,16,21.4452,9.27726,6.48148,1.16728,0.19088,2.52432,1.80368
418,1,0,1e+08,22954686607724,22954687576804,22954688226528,22954688315068,22954688333016,22954688573324,22954688784236,22954688784352,16,21.7663,9.6908,6.49724,0.8854,0.17948,2.40308,2.10912
419,1,0,1e+08,22954689369130,22954690051479,22954690887070,22954690996538,22954691014442,22954691283510,22954691462234,22954691462266,16,20.9314,6.82349,8.35591,1.09468,0.17904,2.69068,1.78724
420,1,0,1e+08,22954692154728,22954692356820,22954693590249,22954693698409,22954693721541,22954694047753,22954694202581,22954694202617,16,20.4789,2.02092,12.3343,1.0816,0.23132,3.26212,1.54828
421,1,0,1e+08,22954694811716,22954695204937,22954696224406,22954696323134,22954696340658,22954696610846,22954696775922,22954696775958,16,19.6424,3.93221,10.1947,0.98728,0.17524,2.70188,1.65076
422,1,0,1e+08,22954697326287,22954697727109,22954698734669,22954698860705,22954698878277,22954699159317,22954699325281,22954699325313,16,19.9903,4.00822,10.0756,1.26036,0.17572,2.8104,1.65964
423,1,0,1e+08,22954699904650,22954700555561,22954701436560,22954701555468,22954701575276,22954701849116,22954702079176,22954702079272,16,21.7462,6.50911,8.80999,1.18908,0.19808,2.7384,2.3006
424,1,0,1e+08,22954702569166,22954702810542,22954703111094,22954703172566,22954703204110,22954703362694,22954703509406,22954703509494,16,9.40328,2.41376,3.00552,0.61472,0.31544,1.58584,1.46712
425,1,0,1e+08,22954704292651,22954704954842,22954705850850,22954705980258,22954705997506,22954706281034,22954706438694,22954706438726,16,21.4608,6.62191,8.96008,1.29408,0.17248,2.83528,1.5766
426,1,0,1e+08,22954706926103,22954707234756,22954707538472,22954707688088,22954707722200,22954707889404,22954708019036,22954708019060,16,10.9296,3.08653,3.03716,1.49616,0.34112,1.67204,1.29632
427,1,0,1e+08,22954708796072,22954709042968,22954709351944,22954709412212,22954709479564,22954710099073,22954710464392,22954710464456,16,16.6838,2.46896,3.08976,0.60268,0.67352,6.19509,3.65319
428,1,0,1e+08,22954711223479,22954711598695,22954711967095,22954712135376,22954712234501,22954713064173,22954713273045,22954713273097,16,20.4962,3.75216,3.684,1.68281,0.99125,8.29672,2.08872
429,1,0,1e+08,22954713890984,22954714112024,22954714474172,22954714553584,22954714585384,22954714806508,22954714973900,22954714973924,16,10.8294,2.2104,3.62148,0.79412,0.318,2.21124,1.67392
430,1,0,1e+08,22954715685843,22954716284882,22954717250045,22954717397501,22954717422073,22954717685185,22954717898049,22954717898137,16,22.1229,5.99039,9.65163,1.47456,0.24572,2.63112,2.12864
431,1,0,1e+08,22954718464540,22954719215744,22954720002350,22954720104762,22954720122622,22954720447454,22954720647734,22954720647830,16,21.8329,7.51204,7.86606,1.02412,0.1786,3.24832,2.0028
432,1,0,1e+08,22954721320366,22954721918071,22954722768024,22954722886604,22954722903744,22954723194220,22954723338120,22954723338152,16,20.1779,5.97705,8.49953,1.1858,0.1714,2.90476,1.439
433,1,0,1e+08,22954723856839,22954724217746,22954725293497,22954725406349,22954725471185,22954725812781,22954726003737,22954726003769,16,21.4693,3.60907,10.7575,1.12852,0.64836,3.41596,1.90956
434,1,0,1e+08,22954726564280,22954727224308,22954728078877,22954728228133,22954728248633,22954728523849,22954728731229,22954728731261,16,21.6698,6.60028,8.54569,1.49256,0.205,2.75216,2.0738
435,1,0,1e+08,22954729191692,22954729896015,22954730751705,22954730863657,22954730886613,22954731183369,22954731348269,22954731348301,16,21.5661,7.04323,8.5569,1.11952,0.22956,2.96756,1.649
436,1,0,1e+08,22954731829001,22954732410729,22954733351686,22954733469918,22954733486714,22954733776530,22954733926330,22954733926362,16,20.9736,5.81728,9.40957,1.18232,0.16796,2.89816,1.498
437,1,0,1e+08,22954734587405,22954735299084,22954736100958,22954736218414,22954736236090,22954736516838,22954736664126,22954736664158,16,20.7675,7.11679,8.01874,1.17456,0.17676,2.80748,1.47288
438,1,0,1e+08,22954737167140,22954737508120,22954738601040,22954738703312,22954738748700,22954739076624,22954739250028,22954739250116,16,20.8298,3.4098,10.9292,1.02272,0.45388,3.27924,1.73404
439,1,0,1e+08,22954739767952,22954740155236,22954741284825,22954741429657,22954741452165,22954741740785,22954741905449,22954741905481,16,21.3753,3.87284,11.2959,1.44832,0.22508,2.8862,1.64664
440,1,0,1e+08,22954742524486,22954743392145,22954744131478,22954744261418,22954744284126,22954744548354,22954744745246,22954744745274,16,22.2079,8.67659,7.39333,1.2994,0.22708,2.64228,1.96892
441,1,0,1e+08,22954746532183,22954746773304,22954747196932,22954747266404,22954747297696,22954748140004,22954748348205,22954748348265,16,18.1608,2.41121,4.23628,0.69472,0.31292,8.42308,2.08201
442,1,0,1e+08,22954749561212,22954750045946,22954751110858,22954751230354,22954751248154,22954751523778,22954751707534,22954751707566,16,21.4635,4.84734,10.6491,1.19496,0.178,2.75624,1.83756
443,1,0,1e+08,22954752504337,22954753467696,22954754124450,22954754237846,22954754255974,22954754505430,22954754676230,22954754676262,16,21.7192,9.63359,6.56754,1.13396,0.18128,2.49456,1.708
444,1,0,1e+08,22954756072983,22954756518949,22954757097986,22954757219662,22954757238226,22954757468254,22954757617998,22954757618026,16,15.4504,4.45966,5.79037,1.21676,0.18564,2.30028,1.49744
445,1,0,1e+08,22954758381556,22954759049023,22954759889549,22954759957109,22954760007245,22954760283837,22954760488177,22954760488209,16,21.0665,6.67467,8.40526,0.6756,0.50136,2.76592,2.0434
446,1,0,1e+08,22954761183801,22954761942192,22954762783809,22954762919317,22954762937169,22954763217769,22954763371741,22954763371773,16,21.8797,7.58391,8.41617,1.35508,0.17852,2.806,1.53972
447,1,0,1e+08,22954763861798,22954764094814,22954764539630,22954764606662,22954764642330,22954765420340,22954765696886,22954765696950,16,18.3515,2.33016,4.44816,0.67032,0.35668,7.7801,2.76546
448,1,0,1e+08,22954766630388,22954766890768,22954767397664,22954767471448,22954767531540,22954768036933,22954768244541,22954768244585,16,16.142,2.6038,5.06896,0.73784,0.60092,5.05393,2.07608
449,1,0,1e+08,22954768310269,22954768585945,22954769852489,22954769930065,22954769986333,22954770376757,22954770588185,22954770588273,16,22.78,2.75676,12.6654,0.77576,0.56268,3.90424,2.11428
450,1,0,1e+08,22954771267420,22954771962700,22954772792769,22954772912461,22954772930117,22954773201277,22954773365777,22954773365805,16,20.9838,6.9528,8.30069,1.19692,0.17656,2.7116,1.645
451,1,0,1e+08,22954773922107,22954774706199,22954775447250,22954775562618,22954775580510,22954775842722,22954775996034,22954775996066,16,20.7396,7.84092,7.41051,1.15368,0.17892,2.62212,1.53312
452,1,0,1e+08,22954776640514,22954776872946,22954778091348,22954778253220,22954778272348,22954778593136,22954778786796,22954778786832,16,21.4632,2.32432,12.184,1.61872,0.19128,3.20788,1.9366
453,1,0,1e+08,22954779326859,22954779528901,22954779975913,22954780057089,22954780117077,22954780922677,22954781194989,22954781195049,16,18.6819,2.02042,4.47012,0.81176,0.59988,8.056,2.72312
454,1,0,1e+08,22954781685641,22954782007189,22954782410841,22954782493033,22954782539865,22954782725989,22954782903473,22954782903501,16,12.1786,3.21548,4.03652,0.82192,0.46832,1.86124,1.77484
455,1,0,1e+08,22954783407895,22954784141588,22954784906960,22954785039304,22954785058972,22954785322616,22954785481844,22954785481968,16,20.7407,7.33693,7.65372,1.32344,0.19668,2.63644,1.59228
456,1,0,1e+08,22954786180852,22954786804011,22954787666455,22954787771855,22954787788959,22954788061187,22954788215255,22954788215287,16,20.3444,6.23159,8.62444,1.054,0.17104,2.72228,1.54068
457,1,0,1e+08,22954788877252,22954789809801,22954790480104,22954790587244,22954790611072,22954790881568,22954791055860,22954791055888,16,21.7864,9.32549,6.70303,1.0714,0.23828,2.70496,1.74292
458,1,0,1e+08,22954791729305,22954792554286,22954793313853,22954793438261,22954793456041,22954793742841,22954793889333,22954793889365,16,21.6006,8.24981,7.59567,1.24408,0.1778,2.868,1.46492
459,1,0,1e+08,22954794370738,22954795077134,22954795899240,22954796034012,22954796087632,22954796336708,22954796500956,22954796501040,16,21.303,7.06396,8.22106,1.34772,0.5362,2.49076,1.64248
460,1,0,1e+08,22954796940907,22954797974992,22954798609960,22954798728060,22954798772188,22954799007064,22954799170024,22954799170048,16,22.2914,10.3408,6.34968,1.181,0.44128,2.34876,1.6296
461,1,0,1e+08,22954799704479,22954800177715,22954801220018,22954801358386,22954801380482,22954801672286,22954801833098,22954801833130,16,21.2865,4.73236,10.423,1.38368,0.22096,2.91804,1.60812
462,1,0,1e+08,22954802372725,22954803065270,22954803893633,22954804019457,22954804036833,22954804306981,22954804483813,22954804483845,16,21.1112,6.92545,8.28363,1.25824,0.17376,2.70148,1.76832
463,1,0,1e+08,22954804895869,22954805297839,22954806393125,22954806456549,22954806506009,22954806782045,22954807008849,22954807008941,16,21.1307,4.0197,10.9529,0.63424,0.4946,2.76036,2.26804
464,1,0,1e+08,22954807638726,22954808084070,22954809157560,22954809273484,22954809292448,22954809583132,22954809785836,22954809785928,16,21.472,4.45344,10.7349,1.15924,0.18964,2.90684,2.02704
465,1,0,1e+08,22954810424696,22954810618724,22954811857529,22954811939453,22954811969297,22954812322629,22954812498249,22954812498285,16,20.7359,1.94028,12.388,0.81924,0.29844,3.53332,1.7562
466,1,0,1e+08,22954813115252,22954813332364,22954813662656,22954813733016,22954813776184,22954813939696,22954814098748,22954814098824,16,9.83572,2.17112,3.30292,0.7036,0.43168,1.63512,1.59052
467,1,0,1e+08,22954814868213,22954815628138,22954816410062,22954816544406,22954816563014,22954816843582,22954817022902,22954817022934,16,21.5472,7.59925,7.81924,1.34344,0.18608,2.80568,1.7932
468,1,0,1e+08,22954817881374,22954818562732,22954819391399,22954819510683,22954819529179,22954819816091,22954819982487,22954819982519,16,21.0114,6.81358,8.28667,1.19284,0.18496,2.86912,1.66396
469,1,0,1e+08,22954820498775,22954820831996,22954821984485,22954822111725,22954822133969,22954822421045,22954822575953,22954822575985,16,20.7721,3.33221,11.5249,1.2724,0.22244,2.87076,1.54908
470,1,0,1e+08,22954824848491,22954825121063,22954825590143,22954825671163,22954825722347,22954826601688,22954826810541,22954826810601,16,19.6211,2.72572,4.6908,0.8102,0.51184,8.79341,2.08853
471,1,0,1e+08,22954828051257,22954828848131,22954829613570,22954829759042,22954829784622,22954830052438,22954830229514,22954830229546,16,21.7829,7.96874,7.65439,1.45472,0.2558,2.67816,1.77076
472,1,0,1e+08,22954831075037,22954831349017,22954832593465,22954832683234,22954832728622,22954833091286,22954833299686,22954833299722,16,22.2468,2.7398,12.4445,0.89769,0.45388,3.62664,2.084
473,1,0,1e+08,22954834255039,22954834945258,22954835776398,22954835885542,22954835904322,22954836163074,22954836325610,22954836325642,16,20.706,6.90219,8.3114,1.09144,0.1878,2.58752,1.62536
474,1,0,1e+08,22954836834323,22954837513544,22954838377202,22954838499542,22954838520030,22954838803570,22954838957206,22954838957238,16,21.2291,6.79221,8.63658,1.2234,0.20488,2.8354,1.53636
475,1,0,1e+08,22954839490163,22954840201484,22954841002131,22954841113459,22954841138583,22954841418751,22954841590943,22954841590971,16,21.0081,7.11321,8.00647,1.11328,0.25124,2.80168,1.72192
476,1,0,1e+08,22954842152809,22954842385133,22954842702925,22954842766213,22954842792273,22954842989785,22954843150249,22954843150277,16,9.97468,2.32324,3.17792,0.63288,0.2606,1.97512,1.60464
477,1,0,1e+08,22954843750976,22954844190995,22954845226769,22954845311349,22954845357725,22954845663389,22954845838109,22954845838221,16,20.8725,4.40019,10.3577,0.8458,0.46376,3.05664,1.7472
478,1,0,1e+08,22954846365145,22954847748916,22954848412808,22954848532660,22954848555784,22954848820592,22954848976136,22954848976164,16,26.1102,13.8377,6.63892,1.19852,0.23124,2.64808,1.55544
479,1,0,1e+08,22954849100700,22954849302368,22954849613528,22954849691388,22954849727036,22954849886672,22954850033416,22954850033484,16,9.32784,2.01668,3.1116,0.7786,0.35648,1.59636,1.46744
480,1,0,1e+08,22954850978495,22954851439787,22954852498906,22954852656494,22954852673366,22954852993474,22954853146570,22954853146602,16,21.6811,4.61292,10.5912,1.57588,0.16872,3.20108,1.53096
481,1,0,1e+08,22954853607026,22954853902864,22954854208588,22954854269364,22954854296212,22954854459168,22954854612252,22954854612324,16,10.053,2.95838,3.05724,0.60776,0.26848,1.62956,1.53084
482,1,0,1e+08,22954855323328,22954855569008,22954855875632,22954855948064,22954855991280,22954856624639,22954856989332,22954856989420,16,16.6609,2.4568,3.06624,0.72432,0.43216,6.33359,3.64693
483,1,0,1e+08,22954857788320,22954858056906,22954858436566,22954858516014,22954858548374,22954859427325,22954859671542,22954859671690,16,18.8337,2.68586,3.7966,0.79448,0.3236,8.78951,2.44217
484,1,0,1e+08,22954860407774,22954861290154,22954861620458,22954861707318,22954861746766,22954862605681,22954862893680,22954862893836,16,24.8606,8.8238,3.30304,0.8686,0.39448,8.58915,2.87999
485,1,0,1e+08,22954862924928,22954863274505,22954863764261,22954863903017,22954863924737,22954864126289,22954864312713,22954864312805,16,13.8788,3.49577,4.89756,1.38756,0.2172,2.01552,1.86424
486,1,0,1e+08,22954864948773,22954865920472,22954866555680,22954866674192,22954866699668,22954866957532,22954867117976,22954867118004,16,21.6923,9.71699,6.35208,1.18512,0.25476,2.57864,1.60444
487,1,0,1e+08,22954867554214,22954868520341,22954869155778,22954869270394,22954869288174,22954869521442,22954869671054,22954869671134,16,21.1692,9.66127,6.35437,1.14616,0.1778,2.33268,1.49612
488,1,0,1e+08,22954870157245,22954871105776,22954871736021,22954871841909,22954871864529,22954872146241,22954872298621,22954872298653,16,21.4141,9.48531,6.30245,1.05888,0.2262,2.81712,1.5238
489,1,0,1e+08,22954872739682,22954872968110,22954873282118,22954873344254,22954873371962,22954873548050,22954873698146,22954873698174,16,9.58492,2.28428,3.14008,0.62136,0.27708,1.76088,1.50096
490,1,0,1e+08,22954874579803,22954875179862,22954876076173,22954876140141,22954876221845,22954876502197,22954876655877,22954876655909,16,20.7611,6.00059,8.96311,0.63968,0.81704,2.80352,1.5368
491,1,0,1e+08,22954877227061,22954877890875,22954878782546,22954878900154,22954878917470,22954879215010,22954879372854,22954879372890,16,21.4583,6.63814,8.91671,1.17608,0.17316,2.9754,1.57844
492,1,0,1e+08,22954879770884,22954880020468,22954881183952,22954881262508,22954881345288,22954881707048,22954881941804,22954881941836,16,21.7095,2.49584,11.6348,0.78556,0.8278,3.6176,2.34756
493,1,0,1e+08,22954882712180,22954883576410,22954884228110,22954884372806,22954884392130,22954884646042,22954884808198,22954884808230,16,20.9605,8.6423,6.517,1.44696,0.19324,2.53912,1.62156
494,1,0,1e+08,22954885332089,22954885572171,22954885890731,22954885972131,22954886022319,22954886202107,22954886369451,22954886369475,16,10.3739,2.40082,3.1856,0.814,0.50188,1.79788,1.67344
495,1,0,1e+08,22954887146297,22954887854021,22954888694202,22954888823694,22954888845330,22954889103438,22954889282614,22954889282646,16,21.3635,7.07724,8.40181,1.29492,0.21636,2.58108,1.79176
496,1,0,1e+08,22954889775679,22954890377196,22954891263858,22954891444122,22954891462738,22954891715846,22954891919850,22954891919882,16,21.442,6.01517,8.86662,1.80264,0.18616,2.53108,2.04004
497,1,0,1e+08,22954892412513,22954893076214,22954893886705,22954894017853,22954894037977,22954894308449,22954894485213,22954894485241,16,20.7273,6.63701,8.10491,1.31148,0.20124,2.70472,1.76764
498,1,0,1e+08,22954895729731,22954896723396,22954897363565,22954897500129,22954897522541,22954897763969,22954897923237,22954897923265,16,21.9353,9.93665,6.40169,1.36564,0.22412,2.41428,1.59268
499,1,0,1e+08,22954899826671,22954900090792,22954900551468,22954900629972,22954900677928,22954901589596,22954901811181,22954901811241,16,19.8457,2.64121,4.60676,0.78504,0.47956,9.11668,2.21585
500,1,0,1e+08,22954902969289,22954903650017,22954904491578,22954904608814,22954904634006,22954904910434,22954905122710,22954905122742,16,21.5345,6.80728,8.41561,1.17236,0.25192,2.76428,2.12276
501,1,0,1e+08,22954906778669,22954907089061,22954907514221,22954907601197,22954907618005,22954907811237,22954907978545,22954907978581,16,11.9991,3.10392,4.2516,0.86976,0.16808,1.93232,1.67308
502,1,0,1e+08,22954908492237,22954909340003,22954910059802,22954910180634,22954910205462,22954910472350,22954910644098,22954910644126,16,21.5189,8.47766,7.19799,1.20832,0.24828,2.66888,1.71748
503,1,0,1e+08,22954912250038,22954912591850,22954913072466,22954913147054,22954913176102,22954913386422,22954913581398,22954913581430,16,13.3139,3.41812,4.80616,0.74588,0.29048,2.1032,1.94976
504,1,0,1e+08,22954914452731,22954914688600,22954915112168,22954915197992,22954915239348,22954916173102,22954916390926,22954916391074,16,19.3834,2.35869,4.23568,0.85824,0.41356,9.33754,2.17824
505,1,0,1e+08,22954917215734,22954917433166,22954917893094,22954917958806,22954917976186,22954918308958,22954918503178,22954918503218,16,12.8748,2.17432,4.59928,0.65712,0.1738,3.32772,1.9422
506,1,0,1e+08,22954919120577,22954919674457,22954920651489,22954920716713,22954920754161,22954921030557,22954921197285,22954921197317,16,20.7674,5.5388,9.77032,0.65224,0.37448,2.76396,1.66728
507,1,0,1e+08,22954921835228,22954922686904,22954923378496,22954923482812,22954923504472,22954923800824,22954923974436,22954923974464,16,21.3924,8.51676,6.91592,1.04316,0.2166,2.96352,1.73612
508,1,0,1e+08,22954924506971,22954924778699,22954925121603,22954925214847,22954925243711,22954926126021,22954926352234,22954926352374,16,18.454,2.71728,3.42904,0.93244,0.28864,8.8231,2.26213
509,1,0,1e+08,22954927538797,22954927761751,22954928995265,22954929239497,22954929261245,22954929558001,22954929731597,22954929731629,16,21.9283,2.22954,12.3351,2.44232,0.21748,2.96756,1.73596
510,1,0,1e+08,22954930202117,22954931186706,22954931837774,22954932340510,22954932561050,22954932750538,22954932929454,22954932929478,16,27.2736,9.84589,6.51068,5.02736,2.2054,1.89488,1.78916
511,1,0,1e+08,22954933110974,22954933345882,22954934559064,22954935056980,22954935100172,22954935635972,22954935814844,22954935814872,16,27.039,2.34908,12.1318,4.97916,0.43192,5.358,1.78872
512,1,0,1e+08,22954936010120,22954936608846,22954937476201,22954937887445,22954937918561,22954938146837,22954938317613,22954938317641,16,23.0752,5.98726,8.67355,4.11244,0.31116,2.28276,1.70776
513,1,0,1e+08,22954939049641,22954939252913,22954939550821,22954939614913,22954939652605,22954939832405,22954939974197,22954939974225,16,9.24584,2.03272,2.97908,0.64092,0.37692,1.798,1.41792
514,1,0,1e+08,22954940529499,22954941303313,22954942043349,22954942141237,22954942158009,22954942432329,22954942585785,22954942585817,16,20.5632,7.73814,7.40036,0.97888,0.16772,2.7432,1.53456
515,1,0,1e+08,22954943123832,22954943917775,22954944648344,22954944751556,22954944771132,22954945061864,22954945271048,22954945271076,16,21.4724,7.93943,7.30569,1.03212,0.19576,2.90732,2.09184
516,1,0,1e+08,22954945765353,22954946368562,22954947398985,22954947520633,22954947540509,22954947835157,22954947992625,22954947992657,16,22.273,6.03209,10.3042,1.21648,0.19876,2.94648,1.57468
517,1,0,1e+08,22954948401614,22954949017041,22954950007716,22954950137724,22954950162572,22954950476556,22954950663832,22954950663960,16,22.6235,6.15427,9.90675,1.30008,0.24848,3.13984,1.87276
518,1,0,1e+08,22954951301389,22954952106724,22954952906556,22954952968260,22954953035788,22954953304500,22954953477352,22954953477384,16,21.7599,8.05335,7.99832,0.61704,0.67528,2.68712,1.72852
519,1,0,1e+08,22954953963296,22954954479102,22954955522797,22954955644433,22954955662933,22954956010149,22954956163517,22954956163561,16,22.0026,5.15806,10.4369,1.21636,0.185,3.47216,1.53368
520,1,0,1e+08,22954956648482,22954956930902,22954957243010,22954957337698,22954957357302,22954957514278,22954957657370,22954957657490,16,10.0901,2.8242,3.12108,0.94688,0.19604,1.56976,1.43092
521,1,0,1e+08,22954958523852,22954959609234,22954960245552,22954960306372,22954960357480,22954960600052,22954960774388,22954960774420,16,22.5057,10.8538,6.36318,0.6082,0.51108,2.42572,1.74336
522,1,0,1e+08,22954961332551,22954962119275,22954962965455,22954963101455,22954963118723,22954963399451,22954963599175,22954963599239,16,22.6669,7.86724,8.4618,1.36,0.17268,2.80728,1.99724
523,1,0,1e+08,22954964158663,22954964812916,22954965737223,22954965852343,22954965871547,22954966139643,22954966296031,22954966296063,16,21.374,6.54253,9.24307,1.1512,0.19204,2.68096,1.56388
524,1,0,1e+08,22954967180658,22954967939812,22954968716988,22954968837356,22954968862136,22954969117392,22954969302392,22954969302424,16,21.2177,7.59154,7.77176,1.20368,0.2478,2.55256,1.85
525,1,0,1e+08,22954970081907,22954970373964,22954970690112,22954970782940,22954970801436,22954970957656,22954971107176,22954971107244,16,10.2534,2.92057,3.16148,0.92828,0.18496,1.5622,1.4952
526,1,0,1e+08,22954971893479,22954972649625,22954973472656,22954973557160,22954973625304,22954973914624,22954974081500,22954974081532,16,21.8805,7.56146,8.23031,0.84504,0.68144,2.8932,1.66876
527,1,0,1e+08,22954974552312,22954974773828,22954975103860,22954975221012,22954975261992,22954975438728,22954975589908,22954975589980,16,10.3767,2.21516,3.30032,1.17152,0.4098,1.76736,1.5118
528,1,0,1e+08,22954976355371,22954976603935,22954976936267,22954977002523,22954977057995,22954977220203,22954977361011,22954977361095,16,10.0572,2.48564,3.32332,0.66256,0.55472,1.62208,1.40808
529,1,0,1e+08,22954978339186,22954979866413,22954980383189,22954980448053,22954980487665,22954980728365,22954980880953,22954980880981,16,25.418,15.2723,5.16776,0.64864,0.39612,2.407,1.52588
530,1,0,1e+08,22954981164537,22954981604798,22954982708288,22954982839936,22954982861404,22954983147132,22954983331812,22954983331848,16,21.6731,4.40261,11.0349,1.31648,0.21468,2.85728,1.8468
531,1,0,1e+08,22954983962498,22954984385912,22954985548606,22954985677066,22954985696730,22954985991902,22954986180586,22954986180618,16,22.1812,4.23414,11.6269,1.2846,0.19664,2.95172,1.88684
532,1,0,1e+08,22954986829258,22954987102054,22954987413770,22954987474650,22954987506958,22954987668570,22954987835326,22954987835418,16,10.0616,2.72796,3.11716,0.6088,0.32308,1.61612,1.66756
533,1,0,1e+08,22954988668078,22954989643213,22954990285966,22954990405602,22954990422566,22954990651942,22954990802422,22954990802450,16,21.3437,9.75135,6.42753,1.19636,0.16964,2.29376,1.5048
534,1,0,1e+08,22954991269716,22954992051918,22954992819533,22954992973361,22954992991257,22954993250265,22954993421657,22954993421685,16,21.5197,7.82202,7.67615,1.53828,0.17896,2.59008,1.71392
535,1,0,1e+08,22954993924821,22954994548629,22954995468225,22954995581709,22954995599041,22954995871593,22954996018345,22954996018377,16,20.9356,6.23808,9.19596,1.13484,0.17332,2.72552,1.46752
536,1,0,1e+08,22954996459768,22954996688112,22954997848494,22954997917462,22954997973070,22954998279974,22954998470934,22954998470966,16,20.112,2.28344,11.6038,0.68968,0.55608,3.06904,1.9096
537,1,0,1e+08,22954999134800,22954999392731,22955000562214,22955000673366,22955000690874,22955000978138,22955001138386,22955001138418,16,20.0362,2.57931,11.6948,1.11152,0.17508,2.87264,1.60248
538,1,0,1e+08,22955001715418,22955003917747,22955004652832,22955004773792,22955004795844,22955005058544,22955005253480,22955005253508,16,35.3809,22.0233,7.35085,1.2096,0.22052,2.627,1.94936
539,1,0,1e+08,22955005291876,22955005538896,22955005879472,22955005954600,22955006009156,22955006659264,22955007017237,22955007017325,16,17.2545,2.4702,3.40576,0.75128,0.54556,6.50108,3.57973
540,1,0,1e+08,22955007061850,22955007638149,22955008108173,22955008186429,22955008229893,22955008454213,22955008617457,22955008617481,16,15.5563,5.76299,4.70024,0.78256,0.43464,2.2432,1.63244
541,1,0,1e+08,22955008898849,22955011555522,22955012635110,22955012785547,22955012806319,22955013168859,22955013327087,22955013327131,16,44.2828,26.5667,10.7959,1.50437,0.20772,3.6254,1.58228
542,1,0,1e+08,22955013368163,22955013625851,22955014004215,22955014162347,22955014188363,22955015065865,22955015291385,22955015291445,16,19.2328,2.57688,3.78364,1.58132,0.26016,8.77502,2.2552
543,1,0,1e+08,22955015327641,22955015681525,22955016129733,22955016197133,22955016230577,22955016430785,22955016573161,22955016573185,16,12.4554,3.53884,4.48208,0.674,0.33444,2.00208,1.42376
544,1,0,1e+08,22955016614169,22955018266912,22955018922344,22955019036568,22955019054968,22955019297512,22955019487812,22955019487840,16,28.7367,16.5274,6.55432,1.14224,0.184,2.42544,1.903
545,1,0,1e+08,22955019528448,22955021054958,22955021705950,22955021837478,22955021881054,22955022141734,22955022294078,22955022294110,16,27.6566,15.2651,6.50992,1.31528,0.43576,2.6068,1.52344
546,1,0,1e+08,22955022326614,22955022536758,22955022875246,22955022942270,22955022987026,22955023161390,22955023297194,22955023297218,16,9.70604,2.10144,3.38488,0.67024,0.44756,1.74364,1.35804
547,1,0,1e+08,22955023346498,22955025698398,22955026103238,22955026213586,22955026252810,22955027063576,22955027270409,22955027270469,16,39.2397,23.519,4.0484,1.10348,0.39224,8.10766,2.06833
548,1,0,1e+08,22955027305945,22955027643513,22955028105313,22955028195065,22955028217033,22955028436353,22955028625989,22955028626013,16,13.2007,3.37568,4.618,0.89752,0.21968,2.1932,1.89636
549,1,0,1e+08,22955029159535,22955029797299,22955030685154,22955030803674,22955030821902,22955031089958,22955031251658,22955031251686,16,20.9215,6.37764,8.87855,1.1852,0.18228,2.68056,1.617
550,1,0,1e+08,22955031888324,22955032086312,22955032397924,22955032459600,22955032511112,22955032944814,22955033419248,22955033419484,16,15.3116,1.97988,3.11612,0.61676,0.51512,4.33702,4.74434
551,1,0,1e+08,22955034519798,22955034767815,22955035134011,22955035235983,22955035276691,22955035433079,22955035583359,22955035583431,16,10.6363,2.48017,3.66196,1.01972,0.40708,1.56388,1.5028
552,1,0,1e+08,22955036512574,22955037354062,22955038059174,22955038225586,22955038244450,22955038530250,22955038680082,22955038680110,16,21.6754,8.41488,7.05112,1.66412,0.18864,2.858,1.49832
553,1,0,1e+08,22955039226980,22955040203765,22955040935426,22955041066146,22955041085858,22955041363402,22955041544558,22955041544586,16,23.1761,9.76785,7.31661,1.3072,0.19712,2.77544,1.81156
554,1,0,1e+08,22955041929254,22955042723787,22955043462185,22955043592137,22955043608921,22955043854461,22955044023865,22955044023893,16,20.9464,7.94533,7.38398,1.29952,0.16784,2.4554,1.69404
555,1,0,1e+08,22955044572762,22955045283837,22955046106765,22955046253797,22955046274221,22955046542969,22955046765365,22955046765449,16,21.9269,7.11075,8.22928,1.47032,0.20424,2.68748,2.22396
556,1,0,1e+08,22955047254109,22955047458197,22955047772785,22955047836429,22955047858213,22955048014141,22955048177061,22955048177153,16,9.23044,2.04088,3.14588,0.63644,0.21784,1.55928,1.6292
557,1,0,1e+08,22955048919343,22955049142791,22955049453487,22955049516303,22955049559055,22955049741115,22955049884547,22955049884571,16,9.65228,2.23448,3.10696,0.62816,0.42752,1.8206,1.43432
558,1,0,1e+08,22955050551819,22955051050376,22955051378820,22955051459240,22955051493968,22955051737554,22955052294485,22955052294573,16,17.4275,4.98557,3.28444,0.8042,0.34728,2.43586,5.56931
559,1,0,1e+08,22955053138713,22955065855980,22955066267184,22955066320008,22955066338972,22955066524948,22955066669212,22955066669316,16,135.306,127.173,4.11204,0.52824,0.18964,1.85976,1.44264
560,1,0,1e+08,22955066703128,22955068667494,22955069751057,22955069807217,22955069903473,22955070250889,22955070374125,22955070374157,16,36.7103,19.6437,10.8356,0.5616,0.96256,3.47416,1.23236
561,1,0,1e+08,22955070402193,22955072074007,22955072383395,22955072449939,22955072467895,22955072788146,22955073350341,22955073350569,16,29.4838,16.7181,3.09388,0.66544,0.17956,3.20251,5.62195
562,1,0,1e+08,22955073387985,22955075273777,22955075672901,22955075799253,22955075820301,22955076488222,22955076828692,22955076828784,16,34.408,18.8579,3.99124,1.26352,0.21048,6.67921,3.4047
563,1,0,1e+08,22955076867093,22955077314310,22955077821230,22955077883206,22955077920638,22955078140362,22955078321510,22955078321538,16,14.5445,4.47217,5.0692,0.61976,0.37432,2.19724,1.81148
564,1,0,1e+08,22955078367054,22955079964852,22955080882045,22955081002713,22955081019665,22955081292173,22955081459593,22955081459713,16,30.9266,15.978,9.17193,1.20668,0.16952,2.72508,1.6742
565,1,0,1e+08,22955081494033,22955081767569,22955082094241,22955082156553,22955082194881,22955082359893,22955082544709,22955082544733,16,10.507,2.73536,3.26672,0.62312,0.38328,1.65012,1.84816
566,1,0,1e+08,22955082586577,22955083784087,22955084536496,22955084651612,22955084669244,22955084938996,22955085143904,22955085143936,16,25.5736,11.9751,7.52409,1.15116,0.17632,2.69752,2.04908
567,1,0,1e+08,22955085197712,22955086465507,22955087231553,22955087341437,22955087362581,22955087628841,22955087790445,22955087790477,16,25.9276,12.678,7.66046,1.09884,0.21144,2.6626,1.61604
568,1,0,1e+08,22955087833853,22955088674123,22955088995459,22955089106327,22955089127199,22955089883797,22955090159362,22955090159426,16,23.2557,8.4027,3.21336,1.10868,0.20872,7.56598,2.75565
569,1,0,1e+08,22955090193482,22955091336976,22955091762499,22955091942400,22955092083154,22955092775545,22955092957593,22955092957641,16,27.6416,11.4349,4.25523,1.79901,1.40754,6.92391,1.82048
570,1,0,1e+08,22955092991933,22955094462119,22955095525314,22955095639698,22955095656710,22955095931030,22955096102958,22955096102986,16,31.1105,14.7019,10.6319,1.14384,0.17012,2.7432,1.71928
571,1,0,1e+08,22955096149466,22955097378339,22955098139254,22955098262158,22955098283210,22955098561366,22955098733986,22955098734014,16,25.8455,12.2887,7.60915,1.22904,0.21052,2.78156,1.7262
572,1,0,1e+08,22955098774630,22955099939590,22955100792762,22955100943246,22955100962322,22955101237514,22955101402094,22955101402126,16,26.275,11.6496,8.53172,1.50484,0.19076,2.75192,1.6458
573,1,0,1e+08,22955101444018,22955102343502,22955103368667,22955103487095,22955103505535,22955103794791,22955103954379,22955103954411,16,25.1039,8.99484,10.2516,1.18428,0.1844,2.89256,1.59588
574,1,0,1e+08,22955103993171,22955104914933,22955106015874,22955106141298,22955106158722,22955106444466,22955106612710,22955106612742,16,26.1957,9.21762,11.0094,1.25424,0.17424,2.85744,1.68244
575,1,0,1e+08,22955106666482,22955107388160,22955108565271,22955108693775,22955108711623,22955109019183,22955109173035,22955109173071,16,25.0659,7.21678,11.7711,1.28504,0.17848,3.0756,1.53852
576,1,0,1e+08,22955109210607,22955110397242,22955111273224,22955111389864,22955111407880,22955111690736,22955111853392,22955111853420,16,26.4281,11.8663,8.75982,1.1664,0.18016,2.82856,1.62656
577,1,0,1e+08,22955111895532,22955112722039,22955113017031,22955113087035,22955113135647,22955113381622,22955113927757,22955113927947,16,20.3241,8.26507,2.94992,0.70004,0.48612,2.45975,5.46135
578,1,0,1e+08,22955113990013,22955115397600,22955115822532,22955115928984,22955115960500,22955116124680,22955116262576,22955116262604,16,22.7259,14.0759,4.24932,1.06452,0.31516,1.6418,1.37896
579,1,0,1e+08,22955116294608,22955116507044,22955116850844,22955116917140,22955116971628,22955117131536,22955117272436,22955117272464,16,9.77856,2.12436,3.438,0.66296,0.54488,1.59908,1.409
580,1,0,1e+08,22955117303160,22955118575038,22955118895306,22955119012902,22955119036562,22955119190250,22955119346574,22955119346598,16,20.4344,12.7188,3.20268,1.17596,0.2366,1.53688,1.56324
581,1,0,1e+08,22955119383710,22955119604658,22955119937290,22955120050498,22955120117414,22955120951974,22955121178913,22955121179065,16,17.9535,2.20948,3.32632,1.13208,0.66916,8.3456,2.26939
582,1,0,1e+08,22955121215897,22955122058819,22955122432075,22955122500191,22955122532339,22955122706119,22955122860103,22955122860131,16,16.4423,8.42922,3.73256,0.68116,0.32148,1.7378,1.53984
583,1,0,1e+08,22955122908311,22955124515944,22955124840396,22955124936880,22955124967604,22955125895121,22955126150072,22955126150220,16,32.4191,16.0763,3.24452,0.96484,0.30724,9.27517,2.54951
584,1,0,1e+08,22955126185448,22955126478784,22955126956968,22955127025044,22955127095972,22955127320840,22955127505220,22955127505248,16,13.198,2.93336,4.78184,0.68076,0.70928,2.24868,1.8438
585,1,0,1e+08,22955127556796,22955128534823,22955129250753,22955129350941,22955129369241,22955129633497,22955129807229,22955129807313,16,22.5052,9.78027,7.1593,1.00188,0.183,2.64256,1.73732
586,1,0,1e+08,22955129849001,22955130670796,22955130975792,22955131045016,22955131068028,22955131224156,22955131355400,22955131355424,16,15.0642,8.21795,3.04996,0.69224,0.23012,1.56128,1.31244
587,1,0,1e+08,22955131386468,22955133423134,22955133840554,22955133974854,22955133992834,22955134450891,22955134949140,22955134949368,16,35.629,20.3667,4.1742,1.343,0.1798,4.58057,4.98249
588,1,0,1e+08,22955134991874,22955135370655,22955135878227,22955136024119,22955136047427,22955136286563,22955136479819,22955136479843,16,14.8797,3.78781,5.07572,1.45892,0.23308,2.39136,1.93256
589,1,0,1e+08,22955136881969,22955137136447,22955138366493,22955138495217,22955138513901,22955138801821,22955138947113,22955138947145,16,20.6518,2.54478,12.3005,1.28724,0.18684,2.8792,1.45292
590,1,0,1e+08,22955139703562,22955140187929,22955141229853,22955141334369,22955141354993,22955141653665,22955141868865,22955141868897,16,21.6533,4.84367,10.4192,1.04516,0.20624,2.98672,2.152
591,1,0,1e+08,22955142453433,22955142687775,22955143000155,22955143064411,22955143118263,22955143546667,22955144000441,22955144000529,16,15.471,2.34342,3.1238,0.64256,0.53852,4.28404,4.53774
592,1,0,1e+08,22955145391318,22955145714560,22955146877082,22955147032958,22955147060170,22955147333726,22955147498322,22955147498354,16,21.0704,3.23242,11.6252,1.55876,0.27212,2.73556,1.64596
593,1,0,1e+08,22955148254129,22955149280688,22955149888124,22955149975820,22955149998616,22955150270840,22955150422476,22955150422504,16,21.6838,10.2656,6.07436,0.87696,0.22796,2.72224,1.51636
594,1,0,1e+08,22955150947497,22955151470276,22955152458559,22955152614575,22955152646487,22955152924099,22955153111051,22955153111079,16,21.6358,5.22779,9.88283,1.56016,0.31912,2.77612,1.86952
595,1,0,1e+08,22955153791998,22955154687701,22955155340069,22955155447429,22955155465189,22955155721781,22955155872577,22955155872605,16,20.8061,8.95703,6.52368,1.0736,0.1776,2.56592,1.50796
596,1,0,1e+08,22955156390520,22955157096569,22955157912079,22955158032899,22955158055683,22955158336787,22955158510403,22955158510435,16,21.1991,7.06049,8.1551,1.2082,0.22784,2.81104,1.73616
597,1,0,1e+08,22955159034408,22955159259686,22955159579598,22955159654098,22955159689310,22955160485165,22955160726626,22955160726790,16,16.9238,2.25278,3.19912,0.745,0.35212,7.95855,2.41461
598,1,0,1e+08,22955162086748,22955162597694,22955163639994,22955163765138,22955163785206,22955164065254,22955164215510,22955164215542,16,21.2879,5.10946,10.423,1.25144,0.20068,2.80048,1.50256
599,1,0,1e+08,22955165757526,22955166116954,22955166634130,22955166725186,22955166757942,22955166970318,22955167121858,22955167121886,16,13.6436,3.59428,5.17176,0.91056,0.32756,2.12376,1.5154
600,1,0,1e+08,22955169094619,22955169365907,22955170434162,22955170576491,22955170596891,22955170933495,22955171100471,22955171100507,16,20.0589,2.71288,10.6826,1.42329,0.204,3.36604,1.66976
601,1,0,1e+08,22955172036459,22955172824336,22955173834441,22955173992501,22955174015229,22955174291341,22955174466581,22955174466613,16,24.3015,7.87877,10.1011,1.5806,0.22728,2.76112,1.7524
602,1,0,1e+08,22955174870618,22955175489259,22955176385674,22955176508614,22955176532166,22955176825106,22955176986630,22955176986662,16,21.1604,6.18641,8.96415,1.2294,0.23552,2.9294,1.61524
603,1,0,1e+08,22955177510589,22955178114496,22955178994495,22955179091263,22955179108875,22955179374679,22955179529495,22955179529527,16,20.1894,6.03907,8.79999,0.96768,0.17612,2.65804,1.54816
604,1,0,1e+08,22955180058276,22955180603808,22955181569327,22955181671163,22955181706467,22955182028275,22955182185719,22955182185835,16,21.2756,5.45532,9.65519,1.01836,0.35304,3.21808,1.57444
605,1,0,1e+08,22955182589469,22955183041272,22955184122780,22955184258072,22955184280156,22955184554600,22955184726552,22955184726584,16,21.3712,4.51803,10.8151,1.35292,0.22084,2.74444,1.71952
606,1,0,1e+08,22955185263269,22955186028586,22955186823918,22955186932490,22955186950406,22955187218330,22955187411114,22955187411146,16,21.4788,7.65317,7.95332,1.08572,0.17916,2.67924,1.92784
607,1,0,1e+08,22955188071005,22955189036636,22955189669397,22955189777005,22955189793725,22955190062145,22955190215833,22955190215861,16,21.4486,9.65631,6.32761,1.07608,0.1672,2.6842,1.53688
608,1,0,1e+08,22955190700177,22955191293090,22955192178767,22955192309039,22955192328359,22955192599867,22955192805727,22955192805755,16,21.0558,5.92913,8.85677,1.30272,0.1932,2.71508,2.0586
609,1,0,1e+08,22955193522727,22955194410562,22955195048598,22955195165150,22955195183210,22955195445170,22955195604734,22955195604830,16,20.821,8.87835,6.38036,1.16552,0.1806,2.6196,1.59564
610,1,0,1e+08,22955196103573,22955196345699,22955197555031,22955197698847,22955197717443,22955198016843,22955198209247,22955198209283,16,21.0571,2.42126,12.0933,1.43816,0.18596,2.994,1.92404
611,1,0,1e+08,22955198884378,22955199330549,22955200349251,22955200451463,22955200469775,22955200750079,22955200907859,22955200907887,16,20.2351,4.46171,10.187,1.02212,0.18312,2.80304,1.5778
612,1,0,1e+08,22955201483793,22955202460206,22955203131657,22955203214449,22955203245617,22955203526589,22955203682425,22955203682453,16,21.9866,9.76413,6.71451,0.82792,0.31168,2.80972,1.55836
613,1,0,1e+08,22955204158624,22955204379509,22955204684729,22955204752381,22955204789225,22955205720267,22955205966900,22955205967060,16,18.0844,2.20885,3.0522,0.67652,0.36844,9.31042,2.46633
614,1,0,1e+08,22955206795007,22955207013391,22955207356019,22955207417635,22955207435323,22955207605591,22955207762891,22955207762963,16,9.67956,2.18384,3.42628,0.61616,0.17688,1.70268,1.573
615,1,0,1e+08,22955208327987,22955210681160,22955211338161,22955211470605,22955211495561,22955211752641,22955211917717,22955211917749,16,35.8976,23.5317,6.57001,1.32444,0.24956,2.5708,1.65076
616,1,0,1e+08,22955211958373,22955212147525,22955212457317,22955212523945,22955212542261,22955212704541,22955212865245,22955212865309,16,9.06936,1.89152,3.09792,0.66628,0.18316,1.6228,1.60704
617,1,0,1e+08,22955212911381,22955213585380,22955213895588,22955213958416,22955214005612,22955214601301,22955214963856,22955214963948,16,20.5257,6.73999,3.10208,0.62828,0.47196,5.95689,3.62555
618,1,0,1e+08,22955215006044,22955216295557,22955216808722,22955216984007,22955217141457,22955217820789,22955218013753,22955218013801,16,30.0776,12.8951,5.13165,1.75285,1.5745,6.79332,1.92964
619,1,0,1e+08,22955218048741,22955218362997,22955218775561,22955218942273,22955218966497,22955219377261,22955219869148,22955219869236,16,18.205,3.14256,4.12564,1.66712,0.24224,4.10764,4.91887
620,1,0,1e+08,22955220433458,22955220750867,22955221193451,22955221255623,22955221291627,22955221502111,22955221720079,22955221720147,16,12.8669,3.17409,4.42584,0.62172,0.36004,2.10484,2.17968
621,1,0,1e+08,22955222283169,22955222546598,22955222862098,22955222941194,22955222981082,22955223149074,22955223350122,22955223350190,16,10.6702,2.63429,3.155,0.79096,0.39888,1.67992,2.01048
622,1,0,1e+08,22955223951863,22955224161821,22955224469061,22955224531117,22955224558553,22955224713941,22955224907509,22955224907625,16,9.55762,2.09958,3.0724,0.62056,0.27436,1.55388,1.93568
623,1,0,1e+08,22955225652300,22955225892429,22955226207769,22955226286901,22955226337373,22955226532821,22955226716217,22955226716241,16,10.6394,2.40129,3.1534,0.79132,0.50472,1.95448,1.83396
624,1,0,1e+08,22955227291648,22955240281526,22955240611378,22955240661962,22955240709102,22955240902266,22955241018314,22955241018338,16,137.267,129.899,3.29852,0.50584,0.4714,1.93164,1.16048
625,1,0,1e+08,22955241046370,22955242803161,22955243120661,22955243185217,22955243208237,22955243850346,22955244220356,22955244220568,16,31.742,17.5679,3.175,0.64556,0.2302,6.42109,3.7001
626,1,0,1e+08,22955244256220,22955246781460,22955247439921,22955247577377,22955247593517,22955247837129,22955247971161,22955247971193,16,37.1497,25.2524,6.58461,1.37456,0.1614,2.43612,1.34032
627,1,0,1e+08,22955247999853,22955249863164,22955251125988,22955251248264,22955251265172,22955251592484,22955251737684,22955251737724,16,37.3787,18.6331,12.6282,1.22276,0.16908,3.27312,1.452
628,1,0,1e+08,22955251769912,22955252017840,22955252374620,22955252442780,22955252509820,22955253240004,22955253526390,22955253526450,16,17.5654,2.47928,3.5678,0.6816,0.6704,7.30184,2.86386
629,1,0,1e+08,22955253566030,22955254845175,22955256057381,22955256224533,22955256245037,22955256558761,22955256745509,22955256745545,16,31.7951,12.7914,12.1221,1.67152,0.20504,3.13724,1.86748
630,1,0,1e+08,22955256782241,22955257034405,22955257397345,22955257474065,22955257500689,22955257681229,22955258230725,22955258230915,16,14.4867,2.52164,3.6294,0.7672,0.26624,1.8054,5.49496
631,1,0,1e+08,22955258299227,22955259204681,22955259644957,22955259718069,22955259765621,22955260558534,22955260797488,22955260797552,16,24.9832,9.05454,4.40276,0.73112,0.47552,7.92913,2.38954
632,1,0,1e+08,22955260838704,22955261749134,22955262106710,22955262214142,22955262230462,22955262414374,22955262567194,22955262567218,16,17.2851,9.1043,3.57576,1.07432,0.1632,1.83912,1.5282
633,1,0,1e+08,22955262598922,22955264107736,22955265250512,22955265375396,22955265395920,22955265735340,22955265880388,22955265880424,16,32.815,15.0881,11.4278,1.24884,0.20524,3.3942,1.45048
634,1,0,1e+08,22955265914332,22955266147932,22955266556871,22955266731789,22955266957165,22955267608444,22955267803917,22955267803965,16,18.8963,2.336,4.08939,1.74918,2.25376,6.51279,1.95473
635,1,0,1e+08,22955267843957,22955268130477,22955268561269,22955268677553,22955268694797,22955268938606,22955269515529,22955269515719,16,16.7176,2.8652,4.30792,1.16284,0.17244,2.43809,5.76923
636,1,0,1e+08,22955269583959,22955270802389,22955271174821,22955271235273,22955271268613,22955271565035,22955272130875,22955272131095,16,25.4714,12.1843,3.72432,0.60452,0.3334,2.96422,5.6584
637,1,0,1e+08,22955272167674,22955273489285,22955273848445,22955273971337,22955273993109,22955274177061,22955274321601,22955274321625,16,21.5395,13.2161,3.5916,1.22892,0.21772,1.83952,1.4454
638,1,0,1e+08,22955274357529,22955274867971,22955275862408,22955275990832,22955276010416,22955276298468,22955276483880,22955276483912,16,21.2638,5.10442,9.94437,1.28424,0.19584,2.88052,1.85412
639,1,0,1e+08,22955276541116,22955277132874,22955277450798,22955277520698,22955277549882,22955277714618,22955277882514,22955277882538,16,13.4142,5.91758,3.17924,0.699,0.29184,1.64736,1.67896
640,1,0,1e+08,22955277916766,22955279672981,22955280791932,22955280933544,22955280951384,22955281236900,22955281382820,22955281382852,16,34.6609,17.5621,11.1895,1.41612,0.1784,2.85516,1.4592
641,1,0,1e+08,22955281424520,22955281681604,22955282034340,22955282159200,22955282176700,22955282340920,22955282515392,22955282515472,16,10.9095,2.57084,3.52736,1.2486,0.175,1.6422,1.74472
642,1,0,1e+08,22955282556156,22955283762428,22955284428760,22955284542840,22955284579680,22955284833228,22955285021016,22955285021048,16,24.6489,12.0627,6.66332,1.1408,0.3684,2.53548,1.87788
643,1,0,1e+08,22955285067240,22955285783981,22955286108813,22955286209673,22955286244309,22955286427305,22955286622025,22955286622049,16,15.5481,7.16741,3.24832,1.0086,0.34636,1.82996,1.9472
644,1,0,1e+08,22955286660225,22955288884178,22955289541246,22955289658946,22955289677230,22955289935786,22955290131174,22955290131202,16,34.7098,22.2395,6.57068,1.177,0.18284,2.58556,1.95388
645,1,0,1e+08,22955290170046,22955290663486,22955291666426,22955291787770,22955291809426,22955292072046,22955292223430,22955292223546,16,20.535,4.9344,10.0294,1.21344,0.21656,2.6262,1.51384
646,1,0,1e+08,22955292253426,22955293582497,22955294587932,22955294677140,22955294745632,22955295249288,22955295435348,22955295435464,16,31.8204,13.2907,10.0543,0.89208,0.68492,5.03656,1.8606
647,1,0,1e+08,22955295475376,22955295739996,22955296146628,22955296214476,22955296265848,22955296518156,22955297084244,22955297084332,16,16.0896,2.6462,4.06632,0.67848,0.51372,2.52308,5.66088
648,1,0,1e+08,22955297125312,22955298965855,22955300164390,22955300282046,22955300302090,22955300606494,22955300760850,22955300760886,16,36.3557,18.4054,11.9854,1.17656,0.20044,3.04404,1.54356
649,1,0,1e+08,22955300793446,22955301021122,22955301383558,22955301488698,22955301516034,22955302421034,22955302636646,22955302636794,16,18.4335,2.27676,3.62436,1.0514,0.27336,9.05,2.15612
650,1,0,1e+08,22955302667450,22955304310267,22955304623279,22955304727791,22955304761283,22955305571773,22955305783205,22955305783265,16,31.1581,16.4282,3.13012,1.04512,0.33492,8.1049,2.11432
651,1,0,1e+08,22955305816853,22955306224626,22955306714322,22955306787022,22955306859674,22955307081934,22955307274334,22955307274358,16,14.5751,4.07773,4.89696,0.727,0.72652,2.2226,1.924
652,1,0,1e+08,22955307317606,22955308726024,22955309338221,22955309411193,22955309436397,22955309691409,22955309897585,22955309897613,16,25.8001,14.0842,6.12197,0.72972,0.25204,2.55012,2.06176
653,1,0,1e+08,22955309956385,22955310982734,22955311813244,22955311934100,22955311954180,22955312232132,22955312411520,22955312411552,16,24.5517,10.2635,8.3051,1.20856,0.2008,2.77952,1.79388
654,1,0,1e+08,22955312458920,22955313589574,22955314489705,22955314608693,22955314627889,22955314916817,22955315106317,22955315106409,16,26.4749,11.3065,9.00131,1.18988,0.19196,2.88928,1.895
655,1,0,1e+08,22955315159345,22955316528408,22955317167504,22955317279924,22955317296060,22955317554148,22955317727540,22955317727572,16,25.6823,13.6906,6.39096,1.1242,0.16136,2.58088,1.73392
656,1,0,1e+08,22955317772416,22955318551966,22955318849770,22955318917362,22955318952638,22955319124814,22955319254258,22955319254282,16,14.8187,7.7955,2.97804,0.67592,0.35276,1.72176,1.29444
657,1,0,1e+08,22955319285042,22955322722778,22955323598106,22955323737262,22955323757578,22955324026070,22955324170314,22955324170346,16,48.853,34.3774,8.75328,1.39156,0.20316,2.68492,1.44244
658,1,0,1e+08,22955324205294,22955324429786,22955325093859,22955325424777,22955325449833,22955325936524,22955326122128,22955326122176,16,19.1688,2.24492,6.64073,3.30918,0.25056,4.86691,1.85604
659,1,0,1e+08,22955326164088,22955326443940,22955326873672,22955326999968,22955327018204,22955327196792,22955327334648,22955327334672,16,11.7058,2.79852,4.29732,1.26296,0.18236,1.78588,1.37856
660,1,0,1e+08,22955327364516,22955338585063,22955338913407,22955338963815,22955338981291,22955339146243,22955339274823,22955339274891,16,119.104,112.205,3.28344,0.50408,0.17476,1.64952,1.2858
661,1,0,1e+08,22955339302243,22955340974456,22955341320228,22955341403188,22955341430144,22955342124428,22955342441681,22955342441769,16,31.3953,16.7221,3.45772,0.8296,0.26956,6.94284,3.17253
662,1,0,1e+08,22955342550705,22955344312445,22955345567673,22955345688441,22955345713637,22955346007381,22955346157513,22955346157621,16,36.0692,17.6174,12.5523,1.20768,0.25196,2.93744,1.50132
663,1,0,1e+08,22955346185669,22955348157100,22955349229621,22955349350729,22955349366813,22955349673517,22955349832889,22955349832929,16,36.4726,19.7143,10.7252,1.21108,0.16084,3.06704,1.59372
664,1,0,1e+08,22955349866621,22955350108953,22955350478253,22955350541605,22955350557645,22955350726625,22955350869745,22955350869813,16,10.0319,2.42332,3.693,0.63352,0.1604,1.6898,1.4312
665,1,0,1e+08,22955350906449,22955352678567,22955353600795,22955353780507,22955353798831,22955354235377,22955354390717,22955354390761,16,34.8431,17.7212,9.22228,1.79712,0.18324,4.36546,1.5534
666,1,0,1e+08,22955354425885,22955354686933,22955355084721,22955355148489,22955355195549,22955355373469,22955355538757,22955355538829,16,11.1294,2.61048,3.97788,0.63768,0.4706,1.7792,1.65288
667,1,0,1e+08,22955355585249,22955356297367,22955356636247,22955356706151,22955356753191,22955356913335,22955357066363,22955357066459,16,14.8121,7.12118,3.3888,0.69904,0.4704,1.60144,1.53028
668,1,0,1e+08,22955357098379,22955358684965,22955359016613,22955359137121,22955359171329,22955359985376,22955360249392,22955360249584,16,31.512,15.8659,3.31648,1.20508,0.34208,8.14047,2.64016
669,1,0,1e+08,22955360287428,22955360656788,22955361115424,22955361180668,22955361207652,22955361422892,22955361616088,22955361616112,16,13.2868,3.6936,4.58636,0.65244,0.26984,2.1524,1.93196
670,1,0,1e+08,22955361759448,22955362907860,22955363704349,22955363829241,22955363848173,22955364116285,22955364278025,22955364278053,16,25.1861,11.4841,7.96489,1.24892,0.18932,2.68112,1.6174
671,1,0,1e+08,22955364323625,22955365082694,22955365403134,22955365496982,22955365513666,22955365676838,22955365816794,22955365816822,16,14.932,7.59069,3.2044,0.93848,0.16684,1.63172,1.39956
672,1,0,1e+08,22955365851074,22955369008172,22955370107793,22955370252061,22955370269821,22955370537097,22955370683325,22955370683409,16,48.3233,31.571,10.9962,1.44268,0.1776,2.67276,1.46228
673,1,0,1e+08,22955370714421,22955370919885,22955371254309,22955371313277,22955371349813,22955372243025,22955372477248,22955372477308,16,17.6289,2.05464,3.34424,0.58968,0.36536,8.93212,2.34223
674,1,0,1e+08,22955372520478,22955372961904,22955373444424,22955373519568,22955373573480,22955373787832,22955373939772,22955373939876,16,14.194,4.41426,4.8252,0.75144,0.53912,2.14352,1.5194
675,1,0,1e+08,22955373974536,22955375727089,22955376655150,22955376769526,22955376786846,22955377065070,22955377234250,22955377234378,16,32.5984,17.5255,9.28061,1.14376,0.1732,2.78224,1.6918
676,1,0,1e+08,22955377270618,22955377499342,22955377855450,22955377937494,22955377957258,22955378821655,22955379104180,22955379104332,16,18.3371,2.28724,3.56108,0.82044,0.19764,8.64397,2.82525
677,1,0,1e+08,22955379139256,22955380770047,22955381117851,22955381204795,22955381238655,22955381571265,22955382106112,22955382106332,16,29.6708,16.3079,3.47804,0.86944,0.3386,3.3261,5.34847
678,1,0,1e+08,22955382147312,22955382569689,22955383091753,22955383178373,22955383205873,22955383457001,22955383627697,22955383627777,16,14.8047,4.22377,5.22064,0.8662,0.275,2.51128,1.70696
679,1,0,1e+08,22955383671585,22955386274116,22955387115098,22955387249614,22955387271894,22955387546878,22955387700382,22955387700414,16,40.2883,26.0253,8.40982,1.34516,0.2228,2.74984,1.53504
680,1,0,1e+08,22955387737446,22955387978730,22955389111250,22955389241318,22955389260222,22955389603934,22955389784982,22955389785018,16,20.4757,2.41284,11.3252,1.30068,0.18904,3.43712,1.81048
681,1,0,1e+08,22955389827626,22955391248464,22955392465741,22955392569301,22955392587369,22955392875701,22955393065665,22955393065697,16,32.3807,14.2084,12.1728,1.0356,0.18068,2.88332,1.89964
682,1,0,1e+08,22955393118129,22955393388613,22955394449286,22955394597941,22955394617833,22955395040906,22955395202558,22955395202598,16,20.8447,2.70484,10.6067,1.48655,0.19892,4.23073,1.61652
683,1,0,1e+08,22955395236258,22955397125645,22955397863233,22955397981321,22955398004433,22955398284685,22955398445489,22955398445517,16,32.0926,18.8939,7.37588,1.18088,0.23112,2.80252,1.60804
684,1,0,1e+08,22955398486037,22955398717817,22955399056589,22955399128545,22955399157609,22955399319093,22955399453045,22955399453069,16,9.67032,2.3178,3.38772,0.71956,0.29064,1.61484,1.33952
685,1,0,1e+08,22955399488929,22955402343104,22955402984198,22955403102006,22955403122162,22955403368214,22955403504962,22955403504994,16,40.1606,28.5418,6.41094,1.17808,0.20156,2.46052,1.36748
686,1,0,1e+08,22955403535370,22955403751342,22955404069846,22955404149894,22955404185998,22955404996029,22955405225642,22955405225702,16,16.9033,2.15972,3.18504,0.80048,0.36104,8.10031,2.29613
687,1,0,1e+08,22955405329778,22955406946397,22955408065496,22955408149848,22955408189861,22955408569377,22955408741285,22955408741377,16,34.116,16.1662,11.191,0.84352,0.40013,3.79516,1.71908
688,1,0,1e+08,22955408774693,22955409015345,22955409371257,22955409438405,22955409471981,22955409658181,22955409821085,22955409821109,16,10.4642,2.40652,3.55912,0.67148,0.33576,1.862,1.62904
689,1,0,1e+08,22955409864009,22955412162360,22955413155374,22955413246554,22955413328062,22955413598310,22955413761114,22955413761146,16,38.9714,22.9835,9.93014,0.9118,0.81508,2.70248,1.62804
690,1,0,1e+08,22955413792922,22955414021598,22955414966562,22955415062828,22955415154648,22955415619886,22955415801878,22955415801918,16,20.09,2.28676,9.44964,0.96266,0.9182,4.65238,1.81992
691,1,0,1e+08,22955415844842,22955416191794,22955417061454,22955417162159,22955417242893,22955417667014,22955417848946,22955417848990,16,20.0415,3.46952,8.6966,1.00705,0.80734,4.24121,1.81932
692,1,0,1e+08,22955417884590,22955418917956,22955420172898,22955420309334,22955420327554,22955420608218,22955420791134,22955420791166,16,29.0658,10.3337,12.5494,1.36436,0.1822,2.80664,1.82916
693,1,0,1e+08,22955420837302,22955422098551,22955422860042,22955423029342,22955423056322,22955423321094,22955423481734,22955423481762,16,26.4446,12.6125,7.61491,1.693,0.2698,2.64772,1.6064
694,1,0,1e+08,22955423521802,22955426033683,22955426515623,22955426581643,22955426612179,22955426804359,22955426962559,22955426962583,16,34.4078,25.1188,4.8194,0.6602,0.30536,1.9218,1.582
695,1,0,1e+08,22955426998095,22955427892588,22955428552113,22955428678865,22955428700633,22955428940533,22955429134325,22955429134357,16,21.3626,8.94493,6.59525,1.26752,0.21768,2.399,1.93792
696,1,0,1e+08,22955429187461,22955429601922,22955430636186,22955430777538,22955430795542,22955431076070,22955431261658,22955431261690,16,20.7423,4.14461,10.3426,1.41352,0.18004,2.80528,1.85588
697,1,0,1e+08,22955431313666,22955432482723,22955433380189,22955433504905,22955433524745,22955433809201,22955434028209,22955434028241,16,27.1457,11.6906,8.97466,1.24716,0.1984,2.84456,2.19008
698,1,0,1e+08,22955434082081,22955435474618,22955436150254,22955436251922,22955436279234,22955436550618,22955436751070,22955436751098,16,26.6902,13.9254,6.75636,1.01668,0.27312,2.71384,2.00452
699,1,0,1e+08,22955436800146,22955437683959,22955438756171,22955438911007,22955438936167,22955439207823,22955439440391,22955439440423,16,26.4028,8.83813,10.7221,1.54836,0.2516,2.71656,2.32568
700,1,0,1e+08,22955439517259,22955440485749,22955441412886,22955441567282,22955441604362,22955441883462,22955442087738,22955442087766,16,25.7051,9.6849,9.27137,1.54396,0.3708,2.791,2.04276
701,1,0,1e+08,22955442123970,22955444571707,22955445515378,22955445663090,22955445688638,22955445947070,22955446146534,22955446146566,16,40.226,24.4774,9.43671,1.47712,0.25548,2.58432,1.99464
702,1,0,1e+08,22955446191922,22955446942614,22955447823357,22955447897189,22955447916549,22955448227121,22955448418973,22955448419001,16,22.2708,7.50692,8.80743,0.73832,0.1936,3.10572,1.91852
703,1,0,1e+08,22955448456585,22955448696289,22955449278597,22955449454910,22955449524266,22955450179007,22955450395387,22955450395435,16,19.3885,2.39704,5.82308,1.76313,0.69356,6.54741,2.1638
704,1,0,1e+08,22955450435387,22955450791351,22955451176371,22955451249527,22955451274371,22955452145778,22955452369025,22955452369189,16,19.338,3.55964,3.8502,0.73156,0.24844,8.71407,2.23247
705,1,0,1e+08,22955452889335,22955453467617,22955453887113,22955454080245,22955454208839,22955455016190,22955455243262,22955455243398,16,23.5406,5.78282,4.19496,1.93132,1.28594,8.07351,2.27072
706,1,0,1e+08,22955455605991,22955455887839,22955456277047,22955456444615,22955456539952,22955457391598,22955457607722,22955457607778,16,20.0179,2.81848,3.89208,1.67568,0.95337,8.51646,2.16124
707,1,0,1e+08,22955458392079,22955458648377,22955459186557,22955459292133,22955459331533,22955459804561,22955460377963,22955460378063,16,19.8598,2.56298,5.3818,1.05576,0.394,4.73028,5.73402
708,1,0,1e+08,22955460725591,22955461085063,22955461575319,22955461650807,22955461699703,22955461927303,22955462125403,22955462125479,16,13.9989,3.59472,4.90256,0.75488,0.48896,2.276,1.981
709,1,0,1e+08,22955462696585,22955463411422,22955464307155,22955464443339,22955464466675,22955464762567,22955464960123,22955464960155,16,22.6357,7.14837,8.95733,1.36184,0.23336,2.95892,1.97556
710,1,0,1e+08,22955465698977,22955466289137,22955467273637,22955467473853,22955467508769,22955467776465,22955468036977,22955468037089,16,23.3811,5.9016,9.845,2.00216,0.34916,2.67696,2.60512
711,1,0,1e+08,22955469016118,22955469368630,22955470033016,22955470120152,22955470216876,22955470487064,22955470707360,22955470707392,16,16.9127,3.52512,6.64386,0.87136,0.96724,2.70188,2.20296
712,1,0,1e+08,22955471096930,22955471990922,22955472666754,22955472778342,22955472803598,22955473065774,22955473256094,22955473256174,16,21.5924,8.93992,6.75832,1.11588,0.25256,2.62176,1.9032
713,1,0,1e+08,22955474317939,22955474770867,22955475828182,22955475932186,22955475957454,22955476249398,22955476481390,22955476481422,16,21.6348,4.52928,10.5732,1.04004,0.25268,2.91944,2.31992
714,1,0,1e+08,22955477236786,22955478169054,22955478837486,22955478972594,22955478991466,22955479230166,22955479407342,22955479407370,16,21.7058,9.32268,6.68432,1.35108,0.18872,2.387,1.77176
715,1,0,1e+08,22955480138740,22955481118496,22955481777622,22955481936810,22955481968014,22955482205066,22955482401582,22955482401610,16,22.6287,9.79756,6.59126,1.59188,0.31204,2.37052,1.96516
716,1,0,1e+08,22955484495300,22955484805109,22955486023212,22955486147896,22955486170780,22955486513432,22955486685764,22955486685900,16,21.906,3.09809,12.181,1.24684,0.22884,3.42652,1.72332
717,1,0,1e+08,22955488700968,22955489017304,22955489487960,22955489573892,22955489607580,22955490623169,22955490850429,22955490850585,16,21.4962,3.16336,4.70656,0.85932,0.33688,10.1559,2.2726
718,1,0,1e+08,22955492045763,22955492849342,22955493490075,22955493598447,22955493617731,22955493850975,22955493993647,22955493993675,16,19.4791,8.03579,6.40733,1.08372,0.19284,2.33244,1.42672
719,1,0,1e+08,22955495729259,22955496037048,22955496505752,22955496578576,22955496619152,22955496830380,22955497009692,22955497009732,16,12.8047,3.07789,4.68704,0.72824,0.40576,2.11228,1.79312
720,1,0,1e+08,22955497752879,22955498519124,22955499359849,22955499547005,22955499578637,22955499865921,22955500099121,22955500099213,16,23.4633,7.66245,8.40725,1.87156,0.31632,2.87284,2.332
721,1,0,1e+08,22955501075409,22955501740493,22955502596386,22955502717710,22955502740314,22955503029378,22955503176266,22955503176350,16,21.0094,6.65084,8.55893,1.21324,0.22604,2.89064,1.46888
722,1,0,1e+08,22955503589639,22955503965779,22955505109281,22955505237361,22955505259613,22955505556401,22955505716845,22955505716877,16,21.2724,3.7614,11.435,1.2808,0.22252,2.96788,1.60444
723,1,0,1e+08,22955506276104,22955507238638,22955507879878,22955508064186,22955508093238,22955508342714,22955508520390,22955508520418,16,22.4431,9.62534,6.4124,1.84308,0.29052,2.49476,1.77676
724,1,0,1e+08,22955508852033,22955509382036,22955510368090,22955510497918,22955510519366,22955510800218,22955510948306,22955510948338,16,20.963,5.30003,9.86054,1.29828,0.21448,2.80852,1.48088
725,1,0,1e+08,22955511451570,22955511956298,22955512964944,22955513077900,22955513145944,22955513418744,22955513581128,22955513581156,16,21.2959,5.04728,10.0865,1.12956,0.68044,2.728,1.62384
726,1,0,1e+08,22955514300159,22955514965799,22955515813506,22955515880578,22955515958218,22955516224814,22955516427714,22955516427758,16,21.276,6.6564,8.47707,0.67072,0.7764,2.66596,2.029
727,1,0,1e+08,22955517187035,22955518186482,22955518842082,22955518992286,22955519012766,22955519252118,22955519430446,22955519430478,16,22.4344,9.99447,6.556,1.50204,0.2048,2.39352,1.78328
728,1,0,1e+08,22955520163608,22955520633893,22955521645490,22955521752850,22955521771274,22955522058958,22955522272718,22955522272750,16,21.0914,4.70285,10.116,1.0736,0.18424,2.87684,2.1376
729,1,0,1e+08,22955522981636,22955523916302,22955524556022,22955524698398,22955524726530,22955525001978,22955525190586,22955525190614,16,22.0898,9.34666,6.3972,1.42376,0.28132,2.75448,1.88608
730,1,0,1e+08,22955525978478,22955526946296,22955527582781,22955527716177,22955527740761,22955528021617,22955528231413,22955528231441,16,22.5296,9.67818,6.36485,1.33396,0.24584,2.80856,2.09796
731,1,0,1e+08,22955528877299,22955529419162,22955530385606,22955530538254,22955530570074,22955530831918,22955531028018,22955531028050,16,21.5075,5.41863,9.66444,1.52648,0.3182,2.61844,1.961
732,1,0,1e+08,22955531951483,22955532918362,22955533568778,22955533691282,22955533715986,22955533968346,22955534117258,22955534117290,16,21.6581,9.66879,6.50416,1.22504,0.24704,2.5236,1.48912
733,1,0,1e+08,22955534814905,22955535370860,22955536293272,22955536405656,22955536472172,22955536745340,22955536899548,22955536899580,16,20.8468,5.55955,9.22412,1.12384,0.66516,2.73168,1.54208
734,1,0,1e+08,22955537417657,22955538157001,22955538939907,22955539061591,22955539085603,22955539344507,22955539581935,22955539582019,16,21.6436,7.39344,7.82906,1.21684,0.24012,2.58904,2.37428
735,1,0,1e+08,22955540342895,22955540924790,22955541890678,22955542063218,22955542098274,22955542352042,22955542530806,22955542530898,16,21.88,5.81895,9.65888,1.7254,0.35056,2.53768,1.78764
736,1,0,1e+08,22955543286202,22955544216620,22955544890965,22955545057749,22955545090721,22955545323461,22955545470017,22955545470045,16,21.8384,9.30418,6.74345,1.66784,0.32972,2.3274,1.46556
737,1,0,1e+08,22955546728211,22955547162561,22955548230194,22955548393718,22955548425286,22955548696974,22955548897186,22955548897218,16,21.6901,4.3435,10.6763,1.63524,0.31568,2.71688,2.00212
738,1,0,1e+08,22955550139910,22955550461586,22955551728793,22955551933209,22955551953281,22955552246553,22955552439265,22955552439301,16,22.9939,3.21676,12.6721,2.04416,0.20072,2.93272,1.92712
739,1,0,1e+08,22955553204622,22955554160358,22955554812447,22955554943779,22955554969131,22955555212927,22955555388707,22955555388739,16,21.8412,9.55736,6.52089,1.31332,0.25352,2.43796,1.7578
740,1,0,1e+08,22955556087016,22955556930051,22955557667258,22955557776658,22955557799046,22955558078842,22955558231010,22955558231038,16,21.4402,8.43035,7.37207,1.094,0.22388,2.79796,1.52168
741,1,0,1e+08,22955558979454,22955559794999,22955560553122,22955560692690,22955560719130,22955560975886,22955561121714,22955561121746,16,21.4229,8.15545,7.58123,1.39568,0.2644,2.56756,1.45828
742,1,0,1e+08,22955562414082,22955562817641,22955563371145,22955563478317,22955563537241,22955563758505,22955563958709,22955563958741,16,15.4466,4.03559,5.53504,1.07172,0.58924,2.21264,2.00204
743,1,0,1e+08,22955565978068,22955566207928,22955567429685,22955567530149,22955567610473,22955567933817,22955568099713,22955568099745,16,21.2168,2.2986,12.2176,1.00464,0.80324,3.23344,1.65896
744,1,0,1e+08,22955569181002,22955569586966,22955570926994,22955571086822,22955571109354,22955571434854,22955571599922,22955571599958,16,24.1896,4.05964,13.4003,1.59828,0.22532,3.255,1.65068
745,1,0,1e+08,22955572371437,22955573292638,22955573955827,22955574153463,22955574191459,22955574421195,22955574609883,22955574609915,16,22.3848,9.21201,6.63189,1.97636,0.37996,2.29736,1.88688
746,1,0,1e+08,22955575406850,22955576238169,22955576983480,22955577126744,22955577157080,22955577414360,22955577577244,22955577577276,16,21.7043,8.31319,7.45311,1.43264,0.30336,2.5728,1.62884
747,1,0,1e+08,22955578264208,22955578587946,22955579719754,22955579846710,22955579868614,22955580148534,22955580351766,22955580351798,16,20.8759,3.23738,11.3181,1.26956,0.21904,2.7992,2.03232
748,1,0,1e+08,22955581079785,22955582048766,22955582684078,22955582792010,22955582815294,22955583071798,22955583220778,22955583220810,16,21.4102,9.68981,6.35312,1.07932,0.23284,2.56504,1.4898
749,1,0,1e+08,22955584175781,22955584886976,22955585799110,22955585941638,22955585969674,22955586250234,22955586474234,22955586474266,16,22.9849,7.11195,9.12134,1.42528,0.28036,2.8056,2.24
750,1,0,1e+08,22955587488104,22955588104816,22955588723825,22955588849877,22955588876313,22955589113017,22955589258681,22955589258709,16,17.7061,6.16712,6.19009,1.26052,0.26436,2.36704,1.45664
751,1,0,1e+08,22955591133883,22955591429523,22955591923731,22955592073519,22955592104603,22955593028162,22955593244840,22955593244900,16,21.1102,2.9564,4.94208,1.49788,0.31084,9.23559,2.16678
752,1,0,1e+08,22955594283759,22955594510699,22955595784302,22955595947738,22955595966234,22955596320082,22955596461310,22955596461346,16,21.7759,2.2694,12.736,1.63436,0.18496,3.53848,1.41228
753,1,0,1e+08,22955597307193,22955597888614,22955598789694,22955598931010,22955598957134,22955599221002,22955599380974,22955599381010,16,20.7382,5.81421,9.0108,1.41316,0.26124,2.63868,1.59972
754,1,0,1e+08,22955600120268,22955600885423,22955601650308,22955601739448,22955601783572,22955602068552,22955602233440,22955602233472,16,21.132,7.65155,7.64885,0.8914,0.44124,2.8498,1.64888
755,1,0,1e+08,22955602890792,22955603736378,22955604421430,22955604580210,22955604613850,22955604883234,22955605053978,22955605054066,16,21.6327,8.45586,6.85052,1.5878,0.3364,2.69384,1.70744
756,1,0,1e+08,22955605891986,22955606605455,22955607430135,22955607574955,22955607599087,22955607867767,22955608046947,22955608046979,16,21.5499,7.13469,8.2468,1.4482,0.24132,2.6868,1.7918
757,1,0,1e+08,22955608713348,22955609397108,22955610226169,22955610351445,22955610375081,22955610639533,22955610790697,22955610790729,16,20.7738,6.8376,8.29061,1.25276,0.23636,2.64452,1.51164
758,1,0,1e+08,22955611330682,22955611874009,22955612870792,22955612979868,22955613056704,22955613333208,22955613497816,22955613497848,16,21.6717,5.43327,9.96783,1.09076,0.76836,2.76504,1.64608
759,1,0,1e+08,22955614060299,22955615045860,22955615682641,22955615820237,22955615842713,22955616091277,22955616280277,22955616280305,16,22.2001,9.85561,6.36781,1.37596,0.22476,2.48564,1.89
760,1,0,1e+08,22955617686427,22955618038000,22955618532764,22955618672632,22955618703860,22955618964189,22955619512751,22955619512936,16,18.2651,3.51573,4.94764,1.39868,0.31228,2.60329,5.48562
761,1,0,1e+08,22955621331943,22955621901867,22955622877242,22955623003858,22955623073718,22955623363446,22955623534162,22955623534258,16,22.0231,5.69924,9.75375,1.26616,0.6986,2.89728,1.70716
762,1,0,1e+08,22955625463487,22955625719435,22955626182019,22955626304719,22955626360579,22955626808040,22955626992052,22955626992100,16,15.2861,2.55948,4.62584,1.227,0.5586,4.47461,1.84012
763,1,0,1e+08,22955627462457,22955627824299,22955629060964,22955629190312,22955629212248,22955629506892,22955629743668,22955629743788,16,22.8133,3.61842,12.3666,1.29348,0.21936,2.94644,2.36776
764,1,0,1e+08,22955630236066,22955630996473,22955631756293,22955631872777,22955631893077,22955632151129,22955632342109,22955632342141,16,21.0607,7.60407,7.5982,1.16484,0.203,2.58052,1.9098
765,1,0,1e+08,22955633050215,22955633269403,22955633728499,22955633797079,22955633815391,22955634062771,22955634264331,22955634264367,16,12.1415,2.19188,4.59096,0.6858,0.18312,2.4738,2.0156
766,1,0,1e+08,22955634708344,22955635644964,22955636321205,22955636465989,22955636492997,22955636719073,22955636874613,22955636874641,16,21.663,9.3662,6.76241,1.44784,0.27008,2.26076,1.5554
767,1,0,1e+08,22955637793077,22955638656501,22955639329958,22955639421082,22955639450630,22955639719118,22955639925954,22955639925986,16,21.3291,8.63424,6.73457,0.91124,0.29548,2.68488,2.06836
768,1,0,1e+08,22955640528602,22955641045959,22955641975233,22955642087929,22955642107057,22955642380797,22955642545085,22955642545117,16,20.1652,5.17357,9.29274,1.12696,0.19128,2.7374,1.64288
769,1,0,1e+08,22955643089999,22955643290687,22955644506678,22955644587794,22955644631458,22955644967286,22955645147382,22955645147414,16,20.5741,2.00688,12.1599,0.81116,0.43664,3.35828,1.80096
770,1,0,1e+08,22955645707402,22955646134060,22955647230365,22955647326033,22955647344725,22955647634473,22955647831857,22955647831889,16,21.2449,4.26658,10.9631,0.95668,0.18692,2.89748,1.97384
771,1,0,1e+08,22955648420218,22955648829796,22955649931029,22955650028281,22955650047021,22955650331213,22955650520489,22955650520521,16,21.003,4.09578,11.0123,0.97252,0.1874,2.84192,1.89276
772,1,0,1e+08,22955651176441,22955652200630,22955652829198,22955652933862,22955653000850,22955653251090,22955653424898,22955653424926,16,22.4849,10.2419,6.28568,1.04664,0.66988,2.5024,1.73808
773,1,0,1e+08,22955653987131,22955654395822,22955655447734,22955655582134,22955655603730,22955655914162,22955656091634,22955656091666,16,21.0453,4.08691,10.5191,1.344,0.21596,3.10432,1.77472
774,1,0,1e+08,22955656649161,22955657174692,22955658172574,22955658297306,22955658325726,22955658614842,22955658795246,22955658795278,16,21.4612,5.25531,9.97882,1.24732,0.2842,2.89116,1.80404
775,1,0,1e+08,22955659360393,22955660217852,22955660909875,22955661036543,22955661061191,22955661334767,22955661518227,22955661518259,16,21.5787,8.57459,6.92023,1.26668,0.24648,2.73576,1.8346
776,1,0,1e+08,22955661965869,22955662382967,22955663436161,22955663542269,22955663563557,22955663844069,22955664056245,22955664056381,16,20.9051,4.17098,10.5319,1.06108,0.21288,2.80512,2.12176
777,1,0,1e+08,22955664792062,22955665621068,22955666308615,22955666436143,22955666457483,22955666710283,22955666876627,22955666876655,16,20.8459,8.29006,6.87547,1.27528,0.2134,2.528,1.66344
778,1,0,1e+08,22955667426265,22955667990697,22955668973196,22955669123408,22955669140692,22955669432692,22955669628548,22955669628580,16,22.0231,5.64432,9.82499,1.50212,0.17284,2.92,1.95856
779,1,0,1e+08,22955670308145,22955670666323,22955671816434,22955671924106,22955671940834,22955672229018,22955672439474,22955672439506,16,21.3136,3.58178,11.5011,1.07672,0.16728,2.88184,2.10456
780,1,0,1e+08,22955673164393,22955674081813,22955674710933,22955674840217,22955674862341,22955675096893,22955675277121,22955675277149,16,21.1276,9.1742,6.2912,1.29284,0.22124,2.34552,1.80228
781,1,0,1e+08,22955675781819,22955676572671,22955677291109,22955677422077,22955677444445,22955677734657,22955677943845,22955677943873,16,21.6205,7.90852,7.18438,1.30968,0.22368,2.90212,2.09188
782,1,0,1e+08,22955678369915,22955678578221,22955678890713,22955678951845,22955679020697,22955679222373,22955679377457,22955679377481,16,10.0757,2.08306,3.12492,0.61132,0.68852,2.01676,1.55084
783,1,0,1e+08,22955680062477,22955680680392,22955681596802,22955681755646,22955681774198,22955682049482,22955682209354,22955682209382,16,21.469,6.17915,9.1641,1.58844,0.18552,2.75284,1.59872
784,1,0,1e+08,22955683031714,22955683919986,22955684563547,22955684687735,22955684704183,22955684952551,22955685116099,22955685116131,16,20.8442,8.88272,6.43561,1.24188,0.16448,2.48368,1.63548
785,1,0,1e+08,22955685857389,22955686308951,22955687348993,22955687474221,22955687495973,22955687801789,22955688036893,22955688036929,16,21.7954,4.51562,10.4004,1.25228,0.21752,3.05816,2.35104
786,1,0,1e+08,22955688663580,22955688897082,22955689208182,22955689269202,22955689321154,22955689911625,22955690338736,22955690338900,16,16.7532,2.33502,3.111,0.6102,0.51952,5.90471,4.27111
787,1,0,1e+08,22955691284046,22955691500890,22955691853218,22955691920750,22955691955882,22955692609990,22955692991762,22955692991926,16,17.0788,2.16844,3.52328,0.67532,0.35132,6.54108,3.81772
788,1,0,1e+08,22955693871744,22955694099164,22955694479672,22955694569424,22955694602520,22955694845148,22955694997888,22955694997920,16,11.2618,2.2742,3.80508,0.89752,0.33096,2.42628,1.5274
789,1,0,1e+08,22955695510572,22955696068599,22955697116693,22955697230737,22955697252005,22955697554237,22955697737593,22955697737625,16,22.2705,5.58027,10.4809,1.14044,0.21268,3.02232,1.83356
790,1,0,1e+08,22955699080477,22955699465382,22955699985966,22955700047758,22955700099702,22955700323006,22955700496182,22955700496206,16,14.1573,3.84905,5.20584,0.61792,0.51944,2.23304,1.73176
791,1,0,1e+08,22955701093473,22955702064484,22955702693737,22955702825449,22955702849169,22955703115297,22955703270249,22955703270281,16,21.7681,9.71011,6.29253,1.31712,0.2372,2.66128,1.54952
792,1,0,1e+08,22955703846859,22955704764961,22955705424450,22955705537634,22955705555614,22955705810302,22955705984170,22955705984202,16,21.3734,9.18102,6.59489,1.13184,0.1798,2.54688,1.73868
793,1,0,1e+08,22955706560374,22955706897754,22955708014721,22955708132741,22955708150613,22955708438345,22955708602989,22955708603021,16,20.4265,3.3738,11.1697,1.1802,0.17872,2.87732,1.64644
794,1,0,1e+08,22955709177704,22955709662218,22955710592102,22955710656142,22955710722462,22955710989310,22955711206362,22955711206394,16,20.2869,4.84514,9.29884,0.6404,0.6632,2.66848,2.17052
795,1,0,1e+08,22955711714890,22955712348275,22955713219118,22955713334374,22955713351430,22955713627862,22955713784390,22955713784418,16,20.6953,6.33385,8.70843,1.15256,0.17056,2.76432,1.56528
796,1,0,1e+08,22955714281872,22955714969013,22955715822834,22955715938990,22955715957518,22955716247458,22955716423670,22955716423698,16,21.4183,6.87141,8.53821,1.16156,0.18528,2.8994,1.76212
797,1,0,1e+08,22955717428291,22955718174025,22955718947538,22955719077650,22955719099902,22955719392806,22955719612366,22955719612394,16,21.841,7.45734,7.73513,1.30112,0.22252,2.92904,2.1956
798,1,0,1e+08,22955720214818,22955720882536,22955721725171,22955721873967,22955721897403,22955722157943,22955722327663,22955722327695,16,21.1288,6.67718,8.42635,1.48796,0.23436,2.6054,1.6972
799,1,0,1e+08,22955722764016,22955723351751,22955724289526,22955724428642,22955724454358,22955724751342,22955724932082,22955724932114,16,21.681,5.87735,9.37775,1.39116,0.25716,2.96984,1.8074
800,1,0,1e+08,22955725486460,22955725744970,22955726047450,22955726129042,22955726167134,22955726974047,22955727222256,22955727222424,16,17.3596,2.5851,3.0248,0.81592,0.38092,8.06913,2.48209
801,1,0,1e+08,22955728241963,22955728485389,22955728818505,22955728887525,22955728906753,22955729064189,22955729205369,22955729205477,16,9.63514,2.43426,3.33116,0.6902,0.19228,1.57436,1.4118
802,1,0,1e+08,22955730207917,22955730413125,22955730722881,22955730785137,22955730825441,22955730981909,22955731202089,22955731202169,16,9.94252,2.05208,3.09756,0.62256,0.40304,1.56468,2.2018
803,1,0,1e+08,22955731956689,22955732684443,22955733525404,22955733644880,22955733662888,22955733944804,22955734087232,22955734087264,16,21.3057,7.27754,8.40961,1.19476,0.18008,2.81916,1.42428
804,1,0,1e+08,22955734664327,22955734904079,22955735213027,22955735276727,22955735317387,22955735492543,22955735644119,22955735644143,16,9.79816,2.39752,3.08948,0.637,0.4066,1.75156,1.51576
805,1,0,1e+08,22955736322899,22955736509407,22955736820307,22955736888931,22955736910687,22955737066919,22955737219671,22955737219759,16,8.9686,1.86508,3.109,0.68624,0.21756,1.56232,1.52752
806,1,0,1e+08,22955737933921,22955739127009,22955739502249,22955739610769,22955739643777,22955739810709,22955739949709,22955739949733,16,20.1581,11.9309,3.7524,1.0852,0.33008,1.66932,1.39
807,1,0,1e+08,22955739983637,22955740186873,22955740493077,22955740638497,22955740658689,22955741372328,22955741677780,22955741677864,16,16.9423,2.03236,3.06204,1.4542,0.20192,7.13639,3.05452
808,1,0,1e+08,22955742460235,22955742721185,22955743110237,22955743174137,22955743205597,22955743375877,22955743529061,22955743529137,16,10.689,2.6095,3.89052,0.639,0.3146,1.7028,1.53184
809,1,0,1e+08,22955744283944,22955745206452,22955745849877,22955745969809,22955745991861,22955746253833,22955746395201,22955746395233,16,21.1129,9.22508,6.43425,1.19932,0.22052,2.61972,1.41368
810,1,0,1e+08,22955747290548,22955747899634,22955748806817,22955748942237,22955748965781,22955749222169,22955749428265,22955749428361,16,21.3781,6.09086,9.07183,1.3542,0.23544,2.56388,2.06096
811,1,0,1e+08,22955750060202,22955750710602,22955751535518,22955751676286,22955751695750,22955751969098,22955752121914,22955752121942,16,20.6174,6.504,8.24916,1.40768,0.19464,2.73348,1.52816
812,1,0,1e+08,22955752630161,22955753451835,22955754234454,22955754368958,22955754396398,22955754680430,22955754837638,22955754837670,16,22.0751,8.21674,7.82619,1.34504,0.2744,2.84032,1.57208
813,1,0,1e+08,22955755329953,22955755994262,22955756830293,22955757001021,22955757018869,22955757294581,22955757467601,22955757467633,16,21.3768,6.64309,8.36031,1.70728,0.17848,2.75712,1.7302
814,1,0,1e+08,22955757991746,22955758199338,22955759444422,22955759527858,22955759599594,22955759932078,22955760100414,22955760100446,16,21.087,2.07592,12.4508,0.83436,0.71736,3.32484,1.68336
815,1,0,1e+08,22955760661934,22955760877575,22955761213379,22955761275703,22955761326607,22955761530547,22955761670787,22955761670811,16,10.0888,2.15641,3.35804,0.62324,0.50904,2.0394,1.4024
816,1,0,1e+08,22955762269060,22955762721621,22955763748156,22955763846052,22955763865604,22955764151884,22955764331160,22955764331192,16,20.6213,4.52561,10.2653,0.97896,0.19552,2.8628,1.79276
817,1,0,1e+08,22955765270959,22955765529052,22955766322137,22955766494183,22955766568351,22955767073530,22955767254230,22955767254346,16,19.8339,2.58093,7.93085,1.72046,0.74168,5.05179,1.807
818,1,0,1e+08,22955768273604,22955768866337,22955769802289,22955769958145,22955769979753,22955770252773,22955770413057,22955770413085,16,21.3948,5.92733,9.35952,1.55856,0.21608,2.7302,1.60284
819,1,0,1e+08,22955770960268,22955771877064,22955772542210,22955772676030,22955772706238,22955772966114,22955773138746,22955773138774,16,21.7851,9.16796,6.65146,1.3382,0.30208,2.59876,1.72632
820,1,0,1e+08,22955773574661,22955774199001,22955775104631,22955775229047,22955775246339,22955775533807,22955775714395,22955775714427,16,21.3977,6.2434,9.0563,1.24416,0.17292,2.87468,1.80588
821,1,0,1e+08,22955776457787,22955777061954,22955777996125,22955778160925,22955778179125,22955778445661,22955778627781,22955778627809,16,21.7002,6.04167,9.34171,1.648,0.182,2.66536,1.8212
822,1,0,1e+08,22955779059969,22955779293614,22955780481304,22955780550048,22955780690228,22955781020088,22955781241276,22955781241360,16,21.8139,2.33645,11.8769,0.68744,1.4018,3.2986,2.21188
823,1,0,1e+08,22955781809124,22955782247442,22955783389157,22955783534909,22955783552877,22955783857461,22955784051961,22955784051993,16,22.4287,4.38318,11.4171,1.45752,0.17968,3.04584,1.945
824,1,0,1e+08,22955784854724,22955785287189,22955786342874,22955786463858,22955786482246,22955786765046,22955786913022,22955786913054,16,20.5833,4.32465,10.5568,1.20984,0.18388,2.828,1.47976
825,1,0,1e+08,22955787521178,22955788144757,22955789008163,22955789116619,22955789135643,22955789426895,22955789606687,22955789606719,16,20.8554,6.23579,8.63406,1.08456,0.19024,2.91252,1.79792
826,1,0,1e+08,22955790195006,22955790917282,22955791737741,22955791851569,22955791870121,22955792124345,22955792281033,22955792281061,16,20.8605,7.22276,8.20459,1.13828,0.18552,2.54224,1.56688
827,1,0,1e+08,22955793041868,22955793251944,22955793570156,22955793651160,22955793722004,22955794336367,22955794702240,22955794702304,16,16.6044,2.10076,3.18212,0.81004,0.70844,6.14363,3.65873
828,1,0,1e+08,22955795565897,22955795821437,22955796207221,22955796284661,22955796334333,22955796544237,22955796697289,22955796697313,16,11.3142,2.5554,3.85784,0.7744,0.49672,2.09904,1.53052
829,1,0,1e+08,22955797232603,22955797718184,22955798759021,22955798909781,22955798928009,22955799222725,22955799412897,22955799412929,16,21.8033,4.85581,10.4084,1.5076,0.18228,2.94716,1.90172
830,1,0,1e+08,22955799898947,22955800613228,22955801436634,22955801560582,22955801578914,22955801854282,22955802009078,22955802009106,16,21.1016,7.14281,8.23406,1.23948,0.18332,2.75368,1.54796
831,1,0,1e+08,22955802440843,22955802716851,22955803052187,22955803114287,22955803149479,22955803305415,22955803459831,22955803459907,16,10.1906,2.76008,3.35336,0.621,0.35192,1.55936,1.54416
832,1,0,1e+08,22955804088026,22955804387126,22955805585333,22955805665325,22955805774693,22955806070589,22955806246865,22955806246897,16,21.5887,2.991,11.9821,0.79992,1.09368,2.95896,1.76276
833,1,0,1e+08,22955806735247,22955807103934,22955808265706,22955808416182,22955808434518,22955808732834,22955808896078,22955808896110,16,21.6086,3.68687,11.6177,1.50476,0.18336,2.98316,1.63244
834,1,0,1e+08,22955809603071,22955810557510,22955811200074,22955811314482,22955811332146,22955811580082,22955811728282,22955811728314,16,21.2524,9.54439,6.42564,1.14408,0.17664,2.47936,1.482
835,1,0,1e+08,22955812198181,22955813199144,22955813856269,22955813950657,22955813968201,22955814221509,22955814392745,22955814392773,16,21.9459,10.0096,6.57125,0.94388,0.17544,2.53308,1.71236
836,1,0,1e+08,22955814949168,22955815826600,22955816481517,22955816580809,22955816599033,22955816841533,22955817000913,22955817000941,16,20.5177,8.77432,6.54917,0.99292,0.18224,2.425,1.5938
837,1,0,1e+08,22955817530956,22955818269028,22955819104966,22955819233250,22955819251882,22955819546834,22955819701966,22955819701998,16,21.7104,7.38072,8.35938,1.28284,0.18632,2.94952,1.55132
838,1,0,1e+08,22955820204370,22955820561809,22955821718508,22955821857368,22955821879792,22955822214976,22955822364796,22955822364828,16,21.6046,3.57439,11.567,1.3886,0.22424,3.35184,1.4982
839,1,0,1e+08,22955822849614,22955823305932,22955824354998,22955824441870,22955824499070,22955824768418,22955824938142,22955824938174,16,20.8856,4.56318,10.4907,0.86872,0.572,2.69348,1.69724
840,1,0,1e+08,22955825533311,22955826317888,22955827057740,22955827171500,22955827189632,22955827471576,22955827624532,22955827624564,16,20.9125,7.84577,7.39852,1.1376,0.18132,2.81944,1.52956
841,1,0,1e+08,22955828105857,22955829843817,22955830707396,22955830838404,22955830857092,22955831142244,22955831285940,22955831285972,16,31.8011,17.3796,8.63579,1.31008,0.18688,2.85152,1.43696
842,1,0,1e+08,22955831318816,22955831560328,22955831917648,22955832006460,22955832047304,22955832229128,22955832405092,22955832405116,16,10.863,2.41512,3.5732,0.88812,0.40844,1.81824,1.75964
843,1,0,1e+08,22955832657365,22955832927773,22955833266449,22955833395125,22955833418881,22955834201461,22955834467316,22955834467380,16,18.1001,2.70408,3.38676,1.28676,0.23756,7.8258,2.65855
844,1,0,1e+08,22955835536709,22955835798421,22955836166037,22955836234473,22955836276197,22955836434821,22955836563561,22955836563585,16,10.2688,2.61712,3.67616,0.68436,0.41724,1.58624,1.2874
845,1,0,1e+08,22955837294254,22955838007585,22955838836010,22955838938910,22955838958558,22955839218282,22955839436302,22955839436330,16,21.4208,7.13331,8.28425,1.029,0.19648,2.59724,2.1802
846,1,0,1e+08,22955840222973,22955840880731,22955841727668,22955841842224,22955841860528,22955842122036,22955842274660,22955842274692,16,20.5172,6.57758,8.46937,1.14556,0.18304,2.61508,1.52624
847,1,0,1e+08,22955842810754,22955843009342,22955843322750,22955843398766,22955843433542,22955843598666,22955843758350,22955843758374,16,9.4762,1.98588,3.13408,0.76016,0.34776,1.65124,1.59684
848,1,0,1e+08,22955844543374,22955844722838,22955845024386,22955845085642,22955845149346,22955845860746,22955846159804,22955846159892,16,16.1652,1.79464,3.01548,0.61256,0.63704,7.114,2.99058
849,1,0,1e+08,22955847170308,22955847424244,22955847786508,22955847855004,22955847896548,22955848053356,22955848192072,22955848192096,16,10.2179,2.53936,3.62264,0.68496,0.41544,1.56808,1.38716
850,1,0,1e+08,22955848815965,22955849483749,22955850331632,22955850439344,22955850456488,22955850717172,22955850876316,22955850876348,16,20.6038,6.67784,8.47883,1.07712,0.17144,2.60684,1.59144
851,1,0,1e+08,22955851435814,22955851893267,22955852954210,22955853072802,22955853090070,22955853387186,22955853542830,22955853542866,16,21.0705,4.57453,10.6094,1.18592,0.17268,2.97116,1.55644
852,1,0,1e+08,22955853989560,22955854698383,22955855056727,22955855150271,22955855193327,22955855373779,22955855509843,22955855509871,16,15.2031,7.08823,3.58344,0.93544,0.43056,1.80452,1.36064
853,1,0,1e+08,22955855945998,22955856781617,22955857499221,22955857607013,22955857636261,22955857920065,22955858109069,22955858109101,16,21.631,8.35619,7.17604,1.07792,0.29248,2.83804,1.89004
854,1,0,1e+08,22955858636704,22955859255254,22955860198689,22955860335245,22955860352045,22955860640317,22955860799569,22955860799601,16,21.629,6.1855,9.43435,1.36556,0.168,2.88272,1.59252
855,1,0,1e+08,22955861294100,22955861597308,22955861910980,22955861972160,22955862023252,22955862230696,22955862378072,22955862378096,16,10.84,3.03208,3.13672,0.6118,0.51092,2.07444,1.47376
856,1,0,1e+08,22955863176712,22955864119400,22955864763442,22955864877402,22955864895986,22955865154578,22955865303294,22955865303322,16,21.2661,9.42688,6.44042,1.1396,0.18584,2.58592,1.48716
857,1,0,1e+08,22955865826334,22955866705952,22955867401406,22955867575098,22955867601094,22955867889358,22955868034862,22955868034894,16,22.0856,8.79618,6.95454,1.73692,0.25996,2.88264,1.45504
858,1,0,1e+08,22955868482852,22955868705480,22955869919143,22955870084311,22955870102123,22955870402031,22955870592287,22955870592379,16,21.0953,2.22628,12.1366,1.65168,0.17812,2.99908,1.90256
859,1,0,1e+08,22955871240373,22955871434625,22955871741113,22955871820961,22955871852941,22955872011985,22955872197537,22955872197629,16,9.57256,1.94252,3.06488,0.79848,0.3198,1.59044,1.85552
860,1,0,1e+08,22955873047617,22955874049604,22955874692161,22955874827073,22955874854477,22955875144409,22955875314321,22955875314349,16,22.6673,10.0199,6.42557,1.34912,0.27404,2.89932,1.69912
861,1,0,1e+08,22955875691258,22955875952495,22955876274067,22955876336823,22955876400571,22955876557315,22955876708343,22955876708415,16,10.1716,2.61237,3.21572,0.62756,0.63748,1.56744,1.51028
862,1,0,1e+08,22955877579398,22955878436295,22955879177334,22955879266498,22955879287226,22955879575898,22955879754874,22955879754906,16,21.7551,8.56897,7.41039,0.89164,0.20728,2.88672,1.78976
863,1,0,1e+08,22955880302187,22955880581971,22955880905627,22955881018707,22955881062063,22955881256607,22955881394143,22955881394167,16,10.9198,2.79784,3.23656,1.1308,0.43356,1.94544,1.37536
864,1,0,1e+08,22955882103224,22955895344574,22955895751762,22955895802510,22955895851074,22955896559532,22955896879713,22955896879933,16,147.767,132.413,4.07188,0.50748,0.48564,7.08458,3.20181
865,1,0,1e+08,22955896910438,22955898775365,22955899907815,22955900025999,22955900041187,22955900403523,22955900531535,22955900531571,16,36.2113,18.6493,11.3245,1.18184,0.15188,3.62336,1.28012
866,1,0,1e+08,22955900558015,22955902384229,22955903039908,22955903093156,22955903125016,22955903311488,22955903759212,22955903759392,16,32.0138,18.2621,6.55679,0.53248,0.3186,1.86472,4.47724
867,1,0,1e+08,22955903840255,22955905704251,22955906328819,22955906398051,22955906476187,22955906687247,22955906806259,22955906806287,16,29.6603,18.64,6.24568,0.69232,0.78136,2.1106,1.19012
868,1,0,1e+08,22955906834827,22955907623772,22955908422262,22955908565414,22955908584302,22955908841922,22955909032818,22955909032898,16,21.9807,7.88945,7.9849,1.43152,0.18888,2.5762,1.90896
869,1,0,1e+08,22955909071762,22955910131493,22955911168224,22955911284908,22955911303016,22955911572068,22955911733184,22955911733216,16,26.6145,10.5973,10.3673,1.16684,0.18108,2.69052,1.61116
870,1,0,1e+08,22955911764108,22955913496081,22955914155417,22955914291185,22955914315661,22955914574517,22955914777629,22955914777661,16,30.1355,17.3197,6.59336,1.35768,0.24476,2.58856,2.03112
871,1,0,1e+08,22955914850365,22955915905246,22955916733133,22955916840593,22955916857805,22955917118921,22955917282545,22955917282581,16,24.3222,10.5488,8.27887,1.0746,0.17212,2.61116,1.63624
872,1,0,1e+08,22955917342045,22955918677745,22955919344283,22955919479515,22955919495487,22955919738523,22955919905187,22955919905275,16,25.6323,13.357,6.66538,1.35232,0.15972,2.43036,1.66664
873,1,0,1e+08,22955919945607,22955920864675,22955921866125,22955921993149,22955922011149,22955922285925,22955922448645,22955922448677,16,25.0307,9.19068,10.0145,1.27024,0.18,2.74776,1.6272
874,1,0,1e+08,22955922490581,22955923752490,22955924550141,22955924667977,22955924684865,22955924940565,22955925115645,22955925115733,16,26.2515,12.6191,7.97651,1.17836,0.16888,2.557,1.7508
875,1,0,1e+08,22955925167481,22955925929845,22955927156665,22955927286357,22955927303745,22955927610993,22955927808665,22955927808697,16,26.4122,7.62364,12.2682,1.29692,0.17388,3.07248,1.97672
876,1,0,1e+08,22955927849641,22955928770615,22955929784746,22955929909702,22955929926698,22955930192786,22955930383706,22955930383806,16,25.3417,9.20974,10.1413,1.24956,0.16996,2.66088,1.9092
877,1,0,1e+08,22955930432154,22955931955018,22955932605510,22955932727630,22955932751950,22955933012478,22955933168038,22955933168066,16,27.3591,15.2286,6.50492,1.2212,0.2432,2.60528,1.5556
878,1,0,1e+08,22955933213810,22955933915368,22955934616328,22955934944759,22955934968531,22955935474156,22955935675832,22955935675960,16,24.6215,7.01558,7.0096,3.28431,0.23772,5.05625,2.01676
879,1,0,1e+08,22955935720452,22955936567275,22955936920147,22955936991651,22955937042483,22955937217659,22955937350191,22955937350215,16,16.2976,8.46823,3.52872,0.71504,0.50832,1.75176,1.32532
880,1,0,1e+08,22955937387239,22955938926812,22955939608044,22955939783205,22955939896655,22955940404288,22955940601380,22955940601424,16,32.1418,15.3957,6.81232,1.75161,1.1345,5.07633,1.97092
881,1,0,1e+08,22955940641716,22955940897284,22955941327240,22955941385544,22955941431492,22955941624644,22955941778484,22955941778508,16,11.3679,2.55568,4.29956,0.58304,0.45948,1.93152,1.5384
882,1,0,1e+08,22955941817956,22955943016389,22955943838445,22955943997681,22955944014373,22955944284589,22955944458597,22955944458629,16,26.4067,11.9843,8.22056,1.59236,0.16692,2.70216,1.74008
883,1,0,1e+08,22955944501057,22955945284471,22955945587859,22955945663043,22955945694767,22955945859363,22955946030179,22955946030203,16,15.2915,7.83414,3.03388,0.75184,0.31724,1.64596,1.70816
