frame,ready,disjoint,freq,begin_ts,blt_ts,range_ts,charts_ts,gauge_ts,map_ts,hud_ts,end_ts,read_latency,span_ms,vp_ms,range_ms,charts_ms,gauge_ms,map_ms,hud_ms
0,1,0,1e+08,22946278069650,22946280303680,22946281287554,22946281717418,22946281738682,22946282022758,22946282229818,22946282229854,16,41.602,22.3403,9.83874,4.29864,0.21264,2.84076,2.0706
1,1,0,1e+08,22946284252604,22946285492231,22946286351784,22946286510588,22946286532688,22946286784768,22946286927608,22946286927644,16,26.7504,12.3963,8.59553,1.58804,0.221,2.5208,1.4284
2,1,0,1e+08,22946287971749,22946289662944,22946290389598,22946291360047,22946291406557,22946292179926,22946292383274,22946292383450,16,44.117,16.9119,7.26654,9.70449,0.4651,7.73369,2.03348
3,1,0,1e+08,22946292423802,22946292769174,22946293209546,22946293289262,22946293468570,22946293809294,22946294386274,22946294386594,16,19.6279,3.45372,4.40372,0.79716,1.79308,3.40724,5.7698
4,1,0,1e+08,22946295359071,22946295706488,22946296201634,22946296350312,22946297010020,22946297462429,22946297659061,22946297659261,16,23.0019,3.47417,4.95146,1.48678,6.59708,4.52409,1.96632
5,1,0,1e+08,22946299102604,22946304216320,22946305818870,22946305894986,22946306129510,22946306589554,22946306759622,22946306759654,16,76.5705,51.1372,16.0255,0.76116,2.34524,4.60044,1.70068
6,1,0,1e+08,22946306804766,22946307049246,22946307938320,22946310020924,22946310048744,22946310488226,22946310759783,22946310759867,16,39.551,2.4448,8.89074,20.826,0.2782,4.39482,2.71557
7,1,0,1e+08,22946310811663,22946311830568,22946312479304,22946312587300,22946312621688,22946313723752,22946313900608,22946313900656,16,30.8899,10.189,6.48736,1.07996,0.34388,11.0206,1.76856
8,1,0,1e+08,22946313930204,22946314182472,22946314610208,22946314824832,22946314842008,22946315508277,22946315829496,22946315829560,16,18.9936,2.52268,4.27736,2.14624,0.17176,6.66269,3.21219
9,1,0,1e+08,22946315861380,22946316239222,22946316758178,22946316983458,22946317004798,22946317206454,22946317353198,22946317353226,16,14.9185,3.77842,5.18956,2.2528,0.2134,2.01656,1.46744
10,1,0,1e+08,22946317393702,22946320975936,22946322230833,22946322587801,22946322613061,22946323041629,22946323225401,22946323225433,16,58.3173,35.8223,12.549,3.56968,0.2526,4.28568,1.83772
11,1,0,1e+08,22946323274629,22946323586993,22946324838462,22946325134662,22946325158138,22946325428274,22946325588122,22946325588158,16,23.1353,3.12364,12.5147,2.962,0.23476,2.70136,1.59848
12,1,0,1e+08,22946325630874,22946325861038,22946326829789,22946327200304,22946327225680,22946327631732,22946327868348,22946327868384,16,22.3751,2.30164,9.68751,3.70515,0.25376,4.06052,2.36616
13,1,0,1e+08,22946329215752,22946330073759,22946330873566,22946331138542,22946331178090,22946331574046,22946331777986,22946331778014,16,25.6226,8.58007,7.99807,2.64976,0.39548,3.95956,2.0394
14,1,0,1e+08,22946333211798,22946333925574,22946334451102,22946334520194,22946334655678,22946334852626,22946335020026,22946335020058,16,18.0826,7.13776,5.25528,0.69092,1.35484,1.96948,1.674
15,1,0,1e+08,22946335898280,22946336618700,22946337450146,22946337843090,22946338020162,22946338242094,22946338429974,22946338430054,16,25.3177,7.2042,8.31446,3.92944,1.77072,2.21932,1.8788
16,1,0,1e+08,22946339117938,22946339755404,22946340626316,22946340798220,22946340822348,22946341094132,22946341293192,22946341293368,16,21.7543,6.37466,8.70912,1.71904,0.24128,2.71784,1.9906
17,1,0,1e+08,22946342991831,22946343310763,22946343791811,22946343952959,22946343983299,22946344826009,22946345066126,22946345066318,16,20.7449,3.18932,4.81048,1.61148,0.3034,8.4271,2.40117
18,1,0,1e+08,22946346875785,22946348105676,22946349468012,22946349912308,22946349942600,22946350202796,22946350368480,22946350368508,16,34.9272,12.2989,13.6234,4.44296,0.30292,2.60196,1.65684
19,1,0,1e+08,22946350412928,22946350690540,22946351983624,22946352403845,22946352431157,22946352707273,22946352864965,22946352864997,16,24.5207,2.77612,12.9308,4.20221,0.27312,2.76116,1.57692
20,1,0,1e+08,22946352897345,22946353147021,22946354206182,22946354285206,22946354579894,22946355082710,22946355262274,22946355262306,16,23.6496,2.49676,10.5916,0.79024,2.94688,5.02816,1.79564
21,1,0,1e+08,22946356047190,22946356938904,22946357591834,22946357917758,22946357957238,22946358182494,22946358354386,22946358354418,16,23.0723,8.91714,6.5293,3.25924,0.3948,2.25256,1.71892
22,1,0,1e+08,22946359095326,22946359885839,22946360670182,22946360956542,22946360987902,22946361370234,22946361529990,22946361530022,16,24.347,7.90513,7.84343,2.8636,0.3136,3.82332,1.59756
23,1,0,1e+08,22946362086292,22946362926113,22946363833858,22946364185654,22946364211222,22946364447982,22946364589774,22946364589802,16,25.0351,8.39821,9.07745,3.51796,0.25568,2.3676,1.41792
24,1,0,1e+08,22946366709050,22946366952714,22946367460242,22946367565646,22946367603386,22946368784622,22946368978658,22946368978714,16,22.6966,2.43664,5.07528,1.05404,0.3774,11.8124,1.94036
25,1,0,1e+08,22946370177086,22946370802677,22946371728037,22946371861149,22946371883865,22946372140377,22946372286361,22946372286397,16,21.0931,6.25591,9.2536,1.33112,0.22716,2.56512,1.45984
26,1,0,1e+08,22946373036657,22946373972297,22946374654798,22946374781078,22946374807490,22946375044486,22946375176382,22946375176418,16,21.3976,9.3564,6.82501,1.2628,0.26412,2.36996,1.31896
27,1,0,1e+08,22946376297997,22946377157934,22946377815456,22946377931416,22946378018504,22946378275044,22946378440132,22946378440172,16,21.4217,8.59937,6.57522,1.1596,0.87088,2.5654,1.65088
28,1,0,1e+08,22946380661821,22946380923425,22946381379369,22946381462697,22946381513165,22946381847521,22946382112316,22946382112886,16,14.5107,2.61604,4.55944,0.83328,0.50468,3.34356,2.64795
29,1,0,1e+08,22946384529076,22946385411600,22946386138346,22946386262270,22946386281838,22946386531458,22946386683122,22946386683154,16,21.5408,8.82524,7.26746,1.23924,0.19568,2.4962,1.51664
30,1,0,1e+08,22946388887691,22946389120012,22946390539246,22946390708536,22946390729249,22946391139498,22946391338990,22946391339034,16,24.5134,2.32321,14.1923,1.6929,0.20713,4.10249,1.99492
31,1,0,1e+08,22946392036458,22946392785001,22946393577129,22946393759157,22946393788129,22946394029785,22946394181285,22946394181409,16,21.4495,7.48543,7.92128,1.82028,0.28972,2.41656,1.515
32,1,0,1e+08,22946395835130,22946396214305,22946396787153,22946396964053,22946397001509,22946397210649,22946397374137,22946397374165,16,15.3903,3.79175,5.72848,1.769,0.37456,2.0914,1.63488
33,1,0,1e+08,22946398788117,22946399456220,22946400069281,22946400153561,22946400222957,22946400458421,22946400600609,22946400600641,16,18.1252,6.68103,6.13061,0.8428,0.69396,2.35464,1.42188
34,1,0,1e+08,22946402102640,22946402467408,22946402972296,22946403050156,22946403091172,22946403297160,22946403425416,22946403425444,16,13.228,3.64768,5.04888,0.7786,0.41016,2.05988,1.28256
35,1,0,1e+08,22946404104069,22946404771873,22946405640206,22946405772514,22946405795882,22946406084738,22946406216086,22946406216118,16,21.1205,6.67804,8.68333,1.32308,0.23368,2.88856,1.31348
36,1,0,1e+08,22946407025882,22946407647363,22946408527205,22946408677665,22946408699245,22946408963525,22946409087837,22946409087869,16,20.6199,6.21481,8.79842,1.5046,0.2158,2.6428,1.24312
37,1,0,1e+08,22946409810882,22946410070036,22946410586100,22946410646400,22946410661340,22946410912336,22946411142656,22946411142692,16,13.3181,2.59154,5.16064,0.603,0.1494,2.50996,2.3032
38,1,0,1e+08,22946411490569,22946412483817,22946413158153,22946413260829,22946413276073,22946413522333,22946413705577,22946413705689,16,22.1512,9.93248,6.74336,1.02676,0.15244,2.4626,1.83244
39,1,0,1e+08,22946414591275,22946414786391,22946416030574,22946416168818,22946416189310,22946416501822,22946416686170,22946416686202,16,20.9493,1.95116,12.4418,1.38244,0.20492,3.12512,1.84348
40,1,0,1e+08,22946417289525,22946417691516,22946418759185,22946418926385,22946418945345,22946419251413,22946419442237,22946419442265,16,21.5274,4.01991,10.6767,1.672,0.1896,3.06068,1.90824
41,1,0,1e+08,22946420115892,22946420805946,22946421651956,22946421794564,22946421815512,22946422093212,22946422239616,22946422239644,16,21.2375,6.90054,8.4601,1.42608,0.20948,2.777,1.46404
42,1,0,1e+08,22946422841170,22946423057662,22946424125666,22946424212306,22946424248086,22946424664342,22946424848742,22946424848882,16,20.0771,2.16492,10.68,0.8664,0.3578,4.16256,1.844
43,1,0,1e+08,22946425775049,22946426595218,22946427317249,22946427478901,22946427497533,22946427762073,22946427912301,22946427912329,16,21.3728,8.20169,7.22031,1.61652,0.18632,2.6454,1.50228
44,1,0,1e+08,22946428466737,22946428832116,22946429941690,22946430073406,22946430095118,22946430370946,22946430544926,22946430545026,16,20.7829,3.65379,11.0957,1.31716,0.21712,2.75828,1.7398
45,1,0,1e+08,22946431330430,22946432060604,22946432868138,22946433006142,22946433028046,22946433276794,22946433412210,22946433412238,16,20.8181,7.30174,8.07534,1.38004,0.21904,2.48748,1.35416
46,1,0,1e+08,22946434042428,22946434678013,22946435593918,22946435736654,22946435756950,22946436045406,22946436181930,22946436181966,16,21.3954,6.35585,9.15905,1.42736,0.20296,2.88456,1.36524
47,1,0,1e+08,22946436773514,22946437585517,22946438309701,22946438442653,22946438462345,22946438762585,22946438921837,22946438921865,16,21.4835,8.12003,7.24184,1.32952,0.19692,3.0024,1.59252
48,1,0,1e+08,22946439485990,22946439897731,22946440889037,22946440982709,22946441013149,22946441334473,22946441538873,22946441538973,16,20.5298,4.11741,9.91306,0.93672,0.3044,3.21324,2.044
49,1,0,1e+08,22946442201345,22946442429750,22946442758714,22946442817598,22946442870594,22946443046570,22946443176410,22946443176434,16,9.75089,2.28405,3.28964,0.58884,0.52996,1.75976,1.2984
50,1,0,1e+08,22946444111708,22946445093322,22946445760484,22946445866880,22946445890948,22946446157444,22946446335480,22946446335512,16,22.238,9.81614,6.67162,1.06396,0.24068,2.66496,1.78036
51,1,0,1e+08,22946446939937,22946447660051,22946448464767,22946448568619,22946448588167,22946448853643,22946449045779,22946449045811,16,21.0587,7.20114,8.04716,1.03852,0.19548,2.65476,1.92136
52,1,0,1e+08,22946449674712,22946450092225,22946451161545,22946451279793,22946451299793,22946451574929,22946451739301,22946451739333,16,20.6462,4.17513,10.6932,1.18248,0.2,2.75136,1.64372
53,1,0,1e+08,22946452339872,22946453078526,22946453869933,22946454018801,22946454041929,22946454309337,22946454462985,22946454463093,16,21.2322,7.38654,7.91407,1.48868,0.23128,2.67408,1.53648
54,1,0,1e+08,22946455291965,22946455520381,22946455832961,22946455915585,22946455945789,22946456852516,22946457062165,22946457062225,16,17.7026,2.28416,3.1258,0.82624,0.30204,9.06727,2.09649
55,1,0,1e+08,22946458187299,22946458409753,22946458718777,22946458792209,22946458813229,22946458980789,22946459165949,22946459166029,16,9.7873,2.22454,3.09024,0.73432,0.2102,1.6756,1.8516
56,1,0,1e+08,22946460266990,22946460519014,22946460819698,22946460899474,22946460925406,22946461874208,22946462078273,22946462078333,16,18.1134,2.52024,3.00684,0.79776,0.25932,9.48802,2.04065
57,1,0,1e+08,22946462965981,22946463211658,22946463682822,22946463853463,22946463921348,22946464724792,22946464934592,22946464934736,16,19.6876,2.45677,4.71164,1.70641,0.67885,8.03444,2.098
58,1,0,1e+08,22946465830450,22946466275722,22946467366272,22946467466336,22946467486696,22946467777216,22946467913088,22946467913120,16,20.8267,4.45272,10.9055,1.00064,0.2036,2.9052,1.35872
59,1,0,1e+08,22946468617134,22946469440221,22946470195887,22946470331919,22946470355815,22946470605815,22946470737107,22946470737139,16,21.2001,8.23087,7.55666,1.36032,0.23896,2.5,1.31292
60,1,0,1e+08,22946471630513,22946472547690,22946473201931,22946473361863,22946473387191,22946473620247,22946473776879,22946473776911,16,21.464,9.17177,6.54241,1.59932,0.25328,2.33056,1.56632
61,1,0,1e+08,22946475430758,22946475841050,22946476385426,22946476472126,22946476535082,22946476761970,22946476918494,22946476918522,16,14.8776,4.10292,5.44376,0.867,0.62956,2.26888,1.56524
62,1,0,1e+08,22946478994677,22946479226805,22946480485949,22946480580917,22946480654509,22946480965241,22946481126801,22946481126921,16,21.3224,2.32128,12.5914,0.94968,0.73592,3.10732,1.6156
63,1,0,1e+08,22946483341165,22946483605394,22946485019408,22946485088552,22946485137765,22946485552133,22946485719961,22946485720001,16,23.7884,2.64229,14.1401,0.69144,0.49213,4.14368,1.67828
64,1,0,1e+08,22946486789043,22946487614910,22946488270462,22946488430422,22946488451126,22946488702090,22946488837222,22946488837266,16,20.4822,8.25867,6.55552,1.5996,0.20704,2.50964,1.35132
65,1,0,1e+08,22946489814561,22946490100737,22946491345669,22946491475001,22946491505621,22946491795661,22946491935553,22946491935593,16,21.2103,2.86176,12.4493,1.29332,0.3062,2.9004,1.39892
66,1,0,1e+08,22946494010056,22946494311336,22946494804892,22946494922725,22946494997401,22946495942686,22946496188608,22946496188672,16,21.7862,3.0128,4.93556,1.17833,0.74676,9.45285,2.45922
67,1,0,1e+08,22946497679010,22946498604103,22946500009101,22946500149092,22946500172584,22946500624535,22946500797311,22946500797371,16,31.1836,9.25093,14.05,1.39991,0.23492,4.51951,1.72776
68,1,0,1e+08,22946500842035,22946501461953,22946502337856,22946502464724,22946502490816,22946502762156,22946502898664,22946502898700,16,20.5666,6.19918,8.75903,1.26868,0.26092,2.7134,1.36508
69,1,0,1e+08,22946502932712,22946503166624,22946503723661,22946503794281,22946503822625,22946504445920,22946504863317,22946504863405,16,19.3069,2.33912,5.57037,0.7062,0.28344,6.23295,4.17397
70,1,0,1e+08,22946505590187,22946505859385,22946506296269,22946506358261,22946506405701,22946506703297,22946506946438,22946506946486,16,13.563,2.69198,4.36884,0.61992,0.4744,2.97596,2.43141
71,1,0,1e+08,22946507488549,22946507863469,22946508383920,22946508448140,22946508477452,22946508697824,22946508854104,22946508854132,16,13.6558,3.7492,5.20451,0.6422,0.29312,2.20372,1.5628
72,1,0,1e+08,22946509249426,22946509539890,22946509969610,22946510033234,22946510051390,22946510290778,22946510883810,22946510884370,16,16.3494,2.90464,4.2972,0.63624,0.18156,2.39388,5.93032
73,1,0,1e+08,22946511715972,22946512534831,22946512969491,22946513047763,22946513125455,22946513585865,22946514062157,22946514062245,16,23.4627,8.18859,4.3466,0.78272,0.77692,4.6041,4.76292
74,1,0,1e+08,22946514530508,22946514819560,22946515251624,22946515323192,22946515368664,22946515568988,22946515728956,22946515728984,16,11.9848,2.89052,4.32064,0.71568,0.45472,2.00324,1.59968
75,1,0,1e+08,22946516412652,22946516654373,22946517907176,22946517970408,22946518012536,22946518406560,22946518549084,22946518549120,16,21.3647,2.41721,12.528,0.63232,0.42128,3.94024,1.42524
76,1,0,1e+08,22946519379778,22946519757514,22946520851730,22946520934406,22946520978866,22946521289206,22946521458982,22946521459014,16,20.7924,3.77736,10.9422,0.82676,0.4446,3.1034,1.69776
77,1,0,1e+08,22946522327617,22946523183143,22946523964403,22946524074379,22946524095151,22946524377547,22946524552947,22946524552979,16,22.2536,8.55526,7.8126,1.09976,0.20772,2.82396,1.754
78,1,0,1e+08,22946525429510,22946526068466,22946526945154,22946527108874,22946527130286,22946527387826,22946527562754,22946527562786,16,21.3328,6.38956,8.76688,1.6372,0.21412,2.5754,1.74928
79,1,0,1e+08,22946528167096,22946528396617,22946529595244,22946529708000,22946529727324,22946530013928,22946530166876,22946530166996,16,19.999,2.29521,11.9863,1.12756,0.19324,2.86604,1.52948
80,1,0,1e+08,22946531341426,22946531944775,22946532828870,22946532950698,22946532967766,22946533234894,22946533408914,22946533408946,16,20.6752,6.03349,8.84095,1.21828,0.17068,2.67128,1.7402
81,1,0,1e+08,22946534048558,22946534811096,22946535579700,22946535714860,22946535732124,22946536014700,22946536164932,22946536164964,16,21.1641,7.62538,7.68604,1.3516,0.17264,2.82576,1.50232
82,1,0,1e+08,22946536942625,22946537698242,22946538552172,22946538657384,22946538676820,22946538942276,22946539133788,22946539133816,16,21.9119,7.55617,8.5393,1.05212,0.19436,2.65456,1.91512
83,1,0,1e+08,22946539764254,22946540499572,22946541330649,22946541490049,22946541510761,22946541786917,22946541954149,22946541954277,16,21.9002,7.35318,8.31077,1.594,0.20712,2.76156,1.67232
84,1,0,1e+08,22946542688600,22946543063698,22946544155933,22946544254881,22946544298273,22946544643277,22946544778601,22946544778709,16,20.9011,3.75098,10.9224,0.98948,0.43392,3.45004,1.35324
85,1,0,1e+08,22946545486441,22946546143684,22946547041302,22946547175894,22946547196814,22946547472990,22946547658918,22946547658950,16,21.7251,6.57243,8.97618,1.34592,0.2092,2.76176,1.85928
86,1,0,1e+08,22946548256730,22946548977815,22946549903466,22946550034878,22946550056318,22946550340174,22946550492746,22946550492882,16,22.3615,7.21085,9.25651,1.31412,0.2144,2.83856,1.52572
87,1,0,1e+08,22946551184117,22946551425689,22946551730993,22946551788509,22946551829021,22946551988193,22946552131849,22946552132013,16,9.47896,2.41572,3.05304,0.57516,0.40512,1.59172,1.43656
88,1,0,1e+08,22946552943733,22946553785449,22946554507864,22946554615980,22946554632852,22946554888104,22946555036392,22946555036420,16,20.9269,8.41716,7.22415,1.08116,0.16872,2.55252,1.48288
89,1,0,1e+08,22946556078444,22946557005170,22946557639862,22946557750818,22946557771098,22946558007002,22946558210882,22946558210910,16,21.3247,9.26726,6.34692,1.10956,0.2028,2.35904,2.0388
90,1,0,1e+08,22946558829403,22946559667903,22946560408496,22946560582216,22946560605072,22946560884956,22946561031920,22946561032072,16,22.0267,8.385,7.40593,1.7372,0.22856,2.79884,1.46964
91,1,0,1e+08,22946561754451,22946562749702,22946563400103,22946563529803,22946563549643,22946563791099,22946563951147,22946563951175,16,21.9672,9.95251,6.50401,1.297,0.1984,2.41456,1.60048
92,1,0,1e+08,22946564537887,22946565123124,22946566025357,22946566137585,22946566157037,22946566431025,22946566613425,22946566613581,16,20.7569,5.85237,9.02233,1.12228,0.19452,2.73988,1.824
93,1,0,1e+08,22946567159095,22946567395024,22946567723512,22946567788816,22946567887584,22946568043520,22946568181776,22946568181936,16,10.2284,2.35929,3.28488,0.65304,0.98768,1.55936,1.38256
94,1,0,1e+08,22946569061981,22946569865604,22946570605194,22946570731446,22946570751386,22946571031886,22946571193826,22946571193854,16,21.3187,8.03623,7.3959,1.26252,0.1994,2.805,1.6194
95,1,0,1e+08,22946571863951,22946572565240,22946573369024,22946573476756,22946573495616,22946573797440,22946573970648,22946573970680,16,21.0673,7.01289,8.03784,1.07732,0.1886,3.01824,1.73208
96,1,0,1e+08,22946574494968,22946574683596,22946574987332,22946575046400,22946575086756,22946575248844,22946575378264,22946575378288,16,8.8332,1.88628,3.03736,0.59068,0.40356,1.62088,1.2942
97,1,0,1e+08,22946576281055,22946576563308,22946576868476,22946576927528,22946576966212,22946577160332,22946577468315,22946577468500,16,11.8744,2.82253,3.05168,0.59052,0.38684,1.9412,3.07983
98,1,0,1e+08,22946578986604,22946579280760,22946580214272,22946580393018,22946580416200,22946580844318,22946581076890,22946581076930,16,20.9033,2.94156,9.33512,1.78746,0.23182,4.28118,2.32572
99,1,0,1e+08,22946582336056,22946583172879,22946583909210,22946584058062,22946584086090,22946584396058,22946584599578,22946584599686,16,22.6363,8.36823,7.36331,1.48852,0.28028,3.09968,2.0352
100,1,0,1e+08,22946585078897,22946585546186,22946586505149,22946586624453,22946586643053,22946586911577,22946587083457,22946587083589,16,20.0469,4.67289,9.58963,1.19304,0.186,2.68524,1.7188
101,1,0,1e+08,22946587829432,22946588467431,22946589349270,22946589477534,22946589498162,22946589772846,22946589937646,22946589937678,16,21.0825,6.37999,8.81839,1.28264,0.20628,2.74684,1.648
102,1,0,1e+08,22946590478185,22946590700865,22946591028465,22946591087373,22946591152413,22946591307889,22946591454745,22946591454833,16,9.76648,2.2268,3.276,0.58908,0.6504,1.55476,1.46856
103,1,0,1e+08,22946592475792,22946593515254,22946594175961,22946594318437,22946594342709,22946594640681,22946594843433,22946594843529,16,23.6774,10.3946,6.60707,1.42476,0.24272,2.97972,2.02752
104,1,0,1e+08,22946595303537,22946596090427,22946596806826,22946596926158,22946596945670,22946597215930,22946597455206,22946597455298,16,21.5176,7.8689,7.16399,1.19332,0.19512,2.7026,2.39276
105,1,0,1e+08,22946598046255,22946598791292,22946599654410,22946599783218,22946599808890,22946600087234,22946600259762,22946600259794,16,22.1354,7.45037,8.63118,1.28808,0.25672,2.78344,1.72528
106,1,0,1e+08,22946600901544,22946601134418,22946601445474,22946601503030,22946601538354,22946601701758,22946601819142,22946601819166,16,9.17622,2.32874,3.11056,0.57556,0.35324,1.63404,1.17384
107,1,0,1e+08,22946602821313,22946603531014,22946604364345,22946604455465,22946604471973,22946604736633,22946604939637,22946604939665,16,21.1835,7.09701,8.33331,0.9112,0.16508,2.6466,2.03004
108,1,0,1e+08,22946605533336,22946606151647,22946607031525,22946607128961,22946607150037,22946607435217,22946607644741,22946607644773,16,21.1144,6.18311,8.79878,0.97436,0.21076,2.8518,2.09524
109,1,0,1e+08,22946608501462,22946609108660,22946610032638,22946610164430,22946610183698,22946610446406,22946610643174,22946610643206,16,21.4174,6.07198,9.23978,1.31792,0.19268,2.62708,1.96768
110,1,0,1e+08,22946611268128,22946611745131,22946612794240,22946612912596,22946612931804,22946613206792,22946613339756,22946613339788,16,20.7166,4.77003,10.4911,1.18356,0.19208,2.74988,1.32964
111,1,0,1e+08,22946614014887,22946614991770,22946615627282,22946615751386,22946615780622,22946616038854,22946616190814,22946616190842,16,21.7595,9.76883,6.35512,1.24104,0.29236,2.58232,1.5196
112,1,0,1e+08,22946616722168,22946617344004,22946618230418,22946618346362,22946618365718,22946618631550,22946618815398,22946618815494,16,20.9333,6.21836,8.86414,1.15944,0.19356,2.65832,1.83848
113,1,0,1e+08,22946619456636,22946619972735,22946620999474,22946621124406,22946621145314,22946621414066,22946621587858,22946621587962,16,21.3133,5.16099,10.2674,1.24932,0.20908,2.68752,1.73792
114,1,0,1e+08,22946622190598,22946622698879,22946623705762,22946623845394,22946623865706,22946624155654,22946624322502,22946624322534,16,21.3194,5.08281,10.0688,1.39632,0.20312,2.89948,1.66848
115,1,0,1e+08,22946624908694,22946625126508,22946625442844,22946625512704,22946625551584,22946625759924,22946626330175,22946626330275,16,14.2158,2.17814,3.16336,0.6986,0.3888,2.0834,5.70251
116,1,0,1e+08,22946627664944,22946627858652,22946628187832,22946628245596,22946628300492,22946628677853,22946629136285,22946629136373,16,14.7143,1.93708,3.2918,0.57764,0.54896,3.77361,4.58432
117,1,0,1e+08,22946630809276,22946631863490,22946632490822,22946632596658,22946632639530,22946632859410,22946632987830,22946632987858,16,21.7858,10.5421,6.27332,1.05836,0.42872,2.1988,1.2842
118,1,0,1e+08,22946633668899,22946634076455,22946635172556,22946635318152,22946635334840,22946635602816,22946635776544,22946635776576,16,21.0768,4.07556,10.961,1.45596,0.16688,2.67976,1.73728
119,1,0,1e+08,22946636534831,22946637257604,22946638071510,22946638196282,22946638220186,22946638488274,22946638629770,22946638629802,16,20.9497,7.22773,8.13906,1.24772,0.23904,2.68088,1.41496
120,1,0,1e+08,22946639698520,22946640199737,22946641128218,22946641295994,22946641315622,22946641578622,22946641705802,22946641705834,16,20.0731,5.01217,9.28481,1.67776,0.19628,2.63,1.2718
121,1,0,1e+08,22946642298567,22946643283478,22946643922038,22946644044682,22946644076686,22946644323686,22946644458814,22946644458846,16,21.6028,9.84911,6.3856,1.22644,0.32004,2.47,1.35128
122,1,0,1e+08,22946645040482,22946645644236,22946646541100,22946646654712,22946646674752,22946646946352,22946647149004,22946647149032,16,21.0855,6.03754,8.96864,1.13612,0.2004,2.716,2.02652
123,1,0,1e+08,22946647692822,22946647891382,22946649075833,22946649182761,22946649233270,22946649587726,22946649758546,22946649758578,16,20.6576,1.9856,11.8445,1.06928,0.50509,3.54456,1.7082
124,1,0,1e+08,22946650576038,22946651208659,22946652099041,22946652246657,22946652266861,22946652561241,22946652708273,22946652708373,16,21.3234,6.32621,8.90382,1.47616,0.20204,2.9438,1.47032
125,1,0,1e+08,22946653364890,22946653598894,22946653905850,22946653974438,22946654021770,22946654896400,22946655142614,22946655142678,16,17.7779,2.34004,3.06956,0.68588,0.47332,8.7463,2.46214
126,1,0,1e+08,22946656413705,22946656636495,22946656948123,22946657003899,22946657022315,22946657180443,22946657338291,22946657338371,16,9.24666,2.2279,3.11628,0.55776,0.18416,1.58128,1.57848
127,1,0,1e+08,22946658141450,22946659187986,22946659916236,22946660081588,22946660102280,22946660362648,22946660539648,22946660539676,16,23.9823,10.4654,7.2825,1.65352,0.20692,2.60368,1.77
128,1,0,1e+08,22946661120607,22946662116797,22946662827704,22946662966632,22946662990172,22946663236344,22946663375912,22946663375940,16,22.5533,9.9619,7.10907,1.38928,0.2354,2.46172,1.39568
129,1,0,1e+08,22946665503551,22946665790177,22946666215961,22946666291665,22946666346325,22946666545941,22946666721393,22946666721417,16,12.1787,2.86626,4.25784,0.75704,0.5466,1.99616,1.75452
130,1,0,1e+08,22946667565028,22946668212951,22946669119466,22946669237574,22946669294778,22946669573746,22946669728994,22946669729166,16,21.6414,6.47923,9.06515,1.18108,0.57204,2.78968,1.55248
131,1,0,1e+08,22946670572947,22946671436425,22946672203371,22946672357535,22946672387951,22946672657383,22946672795315,22946672795347,16,22.224,8.63478,7.66946,1.54164,0.30416,2.69432,1.37932
132,1,0,1e+08,22946673608488,22946674133907,22946675107332,22946675235160,22946675259104,22946675523624,22946675661856,22946675661888,16,20.534,5.25419,9.73425,1.27828,0.23944,2.6452,1.38232
133,1,0,1e+08,22946676608227,22946677183177,22946678128426,22946678262454,22946678283090,22946678556794,22946678712966,22946678712998,16,21.0477,5.7495,9.45249,1.34028,0.20636,2.73704,1.56172
134,1,0,1e+08,22946679343284,22946679615020,22946680037712,22946680110684,22946680133960,22946680433900,22946680636108,22946680636144,16,12.9286,2.71736,4.22692,0.72972,0.23276,2.9994,2.02208
135,1,0,1e+08,22946681326289,22946682033991,22946682864846,22946682995850,22946683013930,22946683305794,22946683490726,22946683490758,16,21.6447,7.07702,8.30855,1.31004,0.1808,2.91864,1.84932
136,1,0,1e+08,22946684122598,22946685155558,22946685764178,22946685859470,22946685904910,22946686135774,22946686344390,22946686344418,16,22.2182,10.3296,6.0862,0.95292,0.4544,2.30864,2.08616
137,1,0,1e+08,22946686907521,22946687419224,22946688414057,22946688537153,22946688557689,22946688827349,22946689016661,22946689016805,16,21.0928,5.11703,9.94833,1.23096,0.20536,2.6966,1.89312
138,1,0,1e+08,22946689658215,22946690104946,22946691182950,22946691323834,22946691345714,22946691617178,22946691792530,22946691792642,16,21.3443,4.46731,10.78,1.40884,0.2188,2.71464,1.75352
139,1,0,1e+08,22946692442666,22946692727620,22946693037832,22946693099404,22946693159348,22946693371496,22946693516616,22946693516640,16,10.7397,2.84954,3.10212,0.61572,0.59944,2.12148,1.4512
140,1,0,1e+08,22946694192418,22946694430535,22946694729951,22946694787939,22946694861359,22946695473165,22946695863976,22946695864204,16,16.7179,2.38117,2.99416,0.57988,0.7342,6.11806,3.90811
141,1,0,1e+08,22946696751435,22946697013141,22946697373321,22946697454317,22946697498709,22946697655857,22946697801745,22946697801861,16,10.5043,2.61706,3.6018,0.80996,0.44392,1.57148,1.45888
142,1,0,1e+08,22946698505344,22946698917110,22946699985573,22946700112085,22946700131561,22946700404469,22946700578693,22946700578725,16,20.7338,4.11766,10.6846,1.26512,0.19476,2.72908,1.74224
143,1,0,1e+08,22946701217924,22946701458082,22946701777830,22946701857450,22946701880686,22946702037670,22946702186314,22946702186410,16,9.68486,2.40158,3.19748,0.7962,0.23236,1.56984,1.48644
144,1,0,1e+08,22946703012763,22946703943228,22946704587501,22946704691189,22946704708645,22946704949885,22946705097901,22946705097933,16,20.8517,9.30465,6.44273,1.03688,0.17456,2.4124,1.48016
145,1,0,1e+08,22946705931133,22946706833554,22946707542894,22946707674778,22946707691510,22946707949366,22946708125274,22946708125422,16,21.9429,9.02421,7.0934,1.31884,0.16732,2.57856,1.75908
146,1,0,1e+08,22946708543207,22946708917201,22946710059309,22946710169833,22946710187037,22946710462185,22946710623297,22946710623441,16,20.8023,3.73994,11.4211,1.10524,0.17204,2.75148,1.61112
147,1,0,1e+08,22946711315908,22946711545676,22946711853056,22946711911008,22946711934456,22946712090972,22946712227304,22946712227412,16,9.11504,2.29768,3.0738,0.57952,0.23448,1.56516,1.36332
148,1,0,1e+08,22946713095134,22946714815607,22946715528864,22946715639040,22946715660828,22946715933800,22946716084496,22946716084524,16,29.8939,17.2047,7.13257,1.10176,0.21788,2.72972,1.50696
149,1,0,1e+08,22946716117516,22946716331684,22946716669064,22946716745648,22946716769744,22946716935932,22946717086856,22946717086880,16,9.69364,2.14168,3.3738,0.76584,0.24096,1.66188,1.50924
150,1,0,1e+08,22946717503066,22946718495394,22946719136366,22946719242486,22946719260046,22946719494910,22946719638058,22946719638086,16,21.3502,9.92328,6.40972,1.0612,0.1756,2.34864,1.43148
151,1,0,1e+08,22946720445205,22946721276223,22946722009457,22946722113317,22946722135333,22946722409617,22946722615381,22946722615501,16,21.703,8.31018,7.33234,1.0386,0.22016,2.74284,2.05764
152,1,0,1e+08,22946723215275,22946724159872,22946724797317,22946724904625,22946724922961,22946725170625,22946725302793,22946725302825,16,20.8755,9.44597,6.37445,1.07308,0.18336,2.47664,1.32168
153,1,0,1e+08,22946725982750,22946726450740,22946727542449,22946727645361,22946727662517,22946727946925,22946728107633,22946728107669,16,21.2492,4.6799,10.9171,1.02912,0.17156,2.84408,1.60708
154,1,0,1e+08,22946729000819,22946729985002,22946730624424,22946730752748,22946730771896,22946731042792,22946731226832,22946731226860,16,22.2604,9.84183,6.39422,1.28324,0.19148,2.70896,1.8404
155,1,0,1e+08,22946731844346,22946732582386,22946733381105,22946733496757,22946733516849,22946733794097,22946733995705,22946733995749,16,21.514,7.3804,7.98719,1.15652,0.20092,2.77248,2.01608
156,1,0,1e+08,22946734576350,22946734798342,22946735992974,22946736091346,22946736118674,22946736430642,22946736625438,22946736625474,16,20.4912,2.21992,11.9463,0.98372,0.27328,3.11968,1.94796
157,1,0,1e+08,22946737223177,22946738130942,22946738845681,22946738920077,22946738950101,22946739250229,22946739420317,22946739420349,16,21.9717,9.07765,7.14739,0.74396,0.30024,3.00128,1.70088
158,1,0,1e+08,22946740111351,22946740867899,22946741609356,22946741727412,22946741748180,22946742000868,22946742153144,22946742153288,16,20.4194,7.56548,7.41457,1.18056,0.20768,2.52688,1.52276
159,1,0,1e+08,22946743106673,22946743339617,22946743642453,22946743696137,22946743717525,22946743877325,22946744089833,22946744089921,16,9.83248,2.32944,3.02836,0.53684,0.21388,1.598,2.12508
160,1,0,1e+08,22946744799824,22946745488940,22946746269984,22946746366492,22946746385844,22946746651372,22946746824128,22946746824160,16,20.2434,6.89116,7.81044,0.96508,0.19352,2.65528,1.72756
161,1,0,1e+08,22946747287799,22946747846590,22946748821820,22946748946120,22946748965128,22946749264920,22946749436516,22946749436544,16,21.4875,5.58791,9.7523,1.243,0.19008,2.99792,1.71596
162,1,0,1e+08,22946750037894,22946750840083,22946751595745,22946751709393,22946751728733,22946752028973,22946752207353,22946752207385,16,21.6949,8.02189,7.55662,1.13648,0.1934,3.0024,1.7838
163,1,0,1e+08,22946752790869,22946753021809,22946753336681,22946753395681,22946753470365,22946753630333,22946753778449,22946753778517,16,9.87648,2.3094,3.14872,0.59,0.74684,1.59968,1.48116
164,1,0,1e+08,22946754682719,22946755043087,22946756196706,22946756338878,22946756360414,22946756645762,22946756832754,22946756832786,16,21.5007,3.60368,11.5362,1.42172,0.21536,2.85348,1.86992
165,1,0,1e+08,22946757520271,22946757744543,22946758056207,22946758114663,22946758168359,22946758331679,22946758478043,22946758478139,16,9.57868,2.24272,3.11664,0.58456,0.53696,1.6332,1.46364
166,1,0,1e+08,22946759244499,22946759486775,22946759805043,22946759864247,22946759884275,22946760041031,22946760185975,22946760186063,16,9.41564,2.42276,3.18268,0.59204,0.20028,1.56756,1.44944
167,1,0,1e+08,22946760965995,22946761904420,22946762547540,22946762657516,22946762674240,22946762905380,22946763070944,22946763071024,16,21.0503,9.38425,6.4312,1.09976,0.16724,2.3114,1.65564
168,1,0,1e+08,22946763616174,22946764017161,22946765153550,22946765293974,22946765314054,22946765604934,22946765858242,22946765858334,16,22.4216,4.00987,11.3639,1.40424,0.2008,2.9088,2.53308
169,1,0,1e+08,22946766440185,22946767167946,22946768051949,22946768196961,22946768221037,22946768503985,22946768670893,22946768670925,16,22.3074,7.27761,8.84003,1.45012,0.24076,2.82948,1.66908
170,1,0,1e+08,22946769161976,22946769358424,22946769667324,22946769728576,22946769769176,22946769970068,22946770123708,22946770123732,16,9.61756,1.96448,3.089,0.61252,0.406,2.00892,1.5364
171,1,0,1e+08,22946770735100,22946771270222,22946772237002,22946772321066,22946772357098,22946772711466,22946772892442,22946772892542,16,21.5744,5.35122,9.6678,0.84064,0.36032,3.54368,1.80976
172,1,0,1e+08,22946773447760,22946774352834,22946774990928,22946775113636,22946775132792,22946775374468,22946775567636,22946775567664,16,21.199,9.05074,6.38094,1.22708,0.19156,2.41676,1.93168
173,1,0,1e+08,22946776179695,22946776407424,22946776716564,22946776775540,22946776816800,22946776977632,22946777123696,22946777123808,16,9.44113,2.27729,3.0914,0.58976,0.4126,1.60832,1.46064
174,1,0,1e+08,22946778114794,22946778612476,22946779686576,22946779812768,22946779832712,22946780111920,22946780251124,22946780251156,16,21.3636,4.97682,10.741,1.26192,0.19944,2.79208,1.39204
175,1,0,1e+08,22946781176955,22946782138128,22946782791621,22946782890365,22946782910721,22946783179093,22946783343853,22946783343881,16,21.6693,9.61173,6.53493,0.98744,0.20356,2.68372,1.6476
176,1,0,1e+08,22946784192366,22946784381854,22946785571313,22946785647221,22946785678697,22946786016889,22946786176477,22946786176513,16,19.8415,1.89488,11.8946,0.75908,0.31476,3.38192,1.59588
177,1,0,1e+08,22946786902339,22946787274792,22946788376478,22946788493782,22946788512246,22946788800778,22946788993890,22946788993930,16,20.9159,3.72453,11.0169,1.17304,0.18464,2.88532,1.93112
178,1,0,1e+08,22946789636398,22946790093882,22946791159434,22946791314386,22946791333058,22946791620370,22946791769342,22946791769378,16,21.3298,4.57484,10.6555,1.54952,0.18672,2.87312,1.48972
179,1,0,1e+08,22946792486544,22946792686056,22946793889037,22946793972233,22946794011273,22946794352181,22946794518241,22946794518345,16,20.318,1.99512,12.0298,0.83196,0.3904,3.40908,1.6606
180,1,0,1e+08,22946795452982,22946796246501,22946796992035,22946797114203,22946797133559,22946797412967,22946797556743,22946797556771,16,21.0379,7.93519,7.45534,1.22168,0.19356,2.79408,1.43776
181,1,0,1e+08,22946798024627,22946798481823,22946799505713,22946799626089,22946799644881,22946799925429,22946800068513,22946800068545,16,20.4392,4.57196,10.2389,1.20376,0.18792,2.80548,1.43084
182,1,0,1e+08,22946801003921,22946801191697,22946802418962,22946802548110,22946802565354,22946802893942,22946803074058,22946803074094,16,20.7017,1.87776,12.2726,1.29148,0.17244,3.28588,1.80116
183,1,0,1e+08,22946803882998,22946804715959,22946805430661,22946805560245,22946805587553,22946805863269,22946806055533,22946806055561,16,21.7256,8.32961,7.14702,1.29584,0.27308,2.75716,1.92264
184,1,0,1e+08,22946806747296,22946807418934,22946808330529,22946808475297,22946808502137,22946808792405,22946808963177,22946808963205,16,22.1591,6.71638,9.11595,1.44768,0.2684,2.90268,1.70772
185,1,0,1e+08,22946809643816,22946810354249,22946811176129,22946811251853,22946811327145,22946811600161,22946811755601,22946811755633,16,21.1182,7.10433,8.2188,0.75724,0.75292,2.73016,1.5544
186,1,0,1e+08,22946812262861,22946813029977,22946813741101,22946813864361,22946813886057,22946814155889,22946814304357,22946814304389,16,20.4153,7.67116,7.11124,1.2326,0.21696,2.69832,1.48468
187,1,0,1e+08,22946814853110,22946815554827,22946816373657,22946816483413,22946816500997,22946816769517,22946816924201,22946816924229,16,20.7112,7.01717,8.1883,1.09756,0.17584,2.6852,1.54684
188,1,0,1e+08,22946817434836,22946817880373,22946818942480,22946819022988,22946819061260,22946819374992,22946819551668,22946819551812,16,21.1698,4.45537,10.6211,0.80508,0.38272,3.13732,1.76676
189,1,0,1e+08,22946820564410,22946821359373,22946822158337,22946822266189,22946822288457,22946822588957,22946822752165,22946822752197,16,21.8779,7.94963,7.98964,1.07852,0.22268,3.005,1.63208
190,1,0,1e+08,22946823377164,22946824236786,22946824942537,22946825076209,22946825093265,22946825363025,22946825531413,22946825531445,16,21.5428,8.59622,7.05751,1.33672,0.17056,2.6976,1.68388
191,1,0,1e+08,22946826050304,22946826676744,22946827557837,22946827666585,22946827686505,22946827964877,22946828118517,22946828118549,16,20.6825,6.2644,8.81093,1.08748,0.1992,2.78372,1.5364
192,1,0,1e+08,22946828695573,22946829592603,22946830364535,22946830472823,22946830491011,22946830775427,22946830977459,22946830977491,16,22.8192,8.9703,7.71932,1.08288,0.18188,2.84416,2.02032
193,1,0,1e+08,22946831631384,22946832453039,22946833205437,22946833331877,22946833351697,22946833619677,22946833819421,22946833819453,16,21.8807,8.21655,7.52398,1.2644,0.1982,2.6798,1.99744
194,1,0,1e+08,22946834369594,22946835246246,22946835905499,22946836005051,22946836027539,22946836275287,22946836446207,22946836446239,16,20.7664,8.76652,6.59253,0.99552,0.22488,2.47748,1.7092
195,1,0,1e+08,22946837122742,22946838100100,22946838733870,22946838870994,22946838896698,22946839155462,22946839328018,22946839328046,16,22.053,9.77358,6.3377,1.37124,0.25704,2.58764,1.72556
196,1,0,1e+08,22946839885114,22946840653073,22946841394154,22946841498746,22946841518190,22946841801194,22946841982066,22946841982098,16,20.9698,7.67959,7.41081,1.04592,0.19444,2.83004,1.80872
197,1,0,1e+08,22946842642782,22946843434962,22946844198862,22946844366450,22946844389762,22946844664442,22946844802758,22946844802794,16,21.6001,7.9218,7.639,1.67588,0.23312,2.7468,1.38316
198,1,0,1e+08,22946845395622,22946845949174,22946846926456,22946847038988,22946847060192,22946847352372,22946847521500,22946847521532,16,21.2591,5.53552,9.77282,1.12532,0.21204,2.9218,1.69128
199,1,0,1e+08,22946848273827,22946849029456,22946849794241,22946849919441,22946849947781,22946850193329,22946850327733,22946850327765,16,20.5394,7.55629,7.64785,1.252,0.2834,2.45548,1.34404
200,1,0,1e+08,22946851056509,22946851583808,22946852524897,22946852660933,22946852686397,22946852975029,22946853121325,22946853121357,16,20.6485,5.27299,9.41089,1.36036,0.25464,2.88632,1.46296
201,1,0,1e+08,22946853623932,22946853994373,22946855083457,22946855196993,22946855216181,22946855498161,22946855731505,22946855731537,16,21.076,3.70441,10.8908,1.13536,0.19188,2.8198,2.33344
202,1,0,1e+08,22946856551117,22946857386323,22946858123810,22946858290166,22946858310862,22946858582686,22946858720554,22946858720590,16,21.6947,8.35206,7.37487,1.66356,0.20696,2.71824,1.37868
203,1,0,1e+08,22946859327526,22946860290844,22946860972809,22946861168417,22946861195797,22946861441213,22946861579457,22946861579489,16,22.5196,9.63318,6.81965,1.95608,0.2738,2.45416,1.38244
204,1,0,1e+08,22946862010090,22946862471748,22946863418493,22946863527933,22946863545889,22946863822441,22946864058433,22946864058541,16,20.4845,4.61658,9.46745,1.0944,0.17956,2.76552,2.35992
205,1,0,1e+08,22946864748776,22946865478041,22946866283576,22946866356072,22946866419296,22946866680024,22946866880844,22946866880876,16,21.321,7.29265,8.05535,0.72496,0.63224,2.60728,2.0082
206,1,0,1e+08,22946867504613,22946867731457,22946868941705,22946869085237,22946869107257,22946869384741,22946869555965,22946869555997,16,20.5138,2.26844,12.1025,1.43532,0.2202,2.77484,1.71224
207,1,0,1e+08,22946870161998,22946870854225,22946871675385,22946871802785,22946871821233,22946872091965,22946872291261,22946872291345,16,21.2935,6.92227,8.2116,1.274,0.18448,2.70732,1.99296
208,1,0,1e+08,22946872906548,22946873178005,22946873854789,22946874030026,22946874099396,22946874668340,22946874844872,22946874844916,16,19.3837,2.71457,6.76784,1.75237,0.6937,5.68944,1.76532
209,1,0,1e+08,22946875829589,22946876272844,22946877309461,22946877445765,22946877467265,22946877736989,22946877896277,22946877896309,16,20.6672,4.43255,10.3662,1.36304,0.215,2.69724,1.59288
210,1,0,1e+08,22946878666964,22946879511737,22946880181332,22946880315472,22946880338344,22946880592208,22946880736556,22946880736588,16,20.6962,8.44773,6.69595,1.3414,0.22872,2.53864,1.44348
211,1,0,1e+08,22946881496935,22946882024907,22946883019400,22946883172764,22946883193388,22946883464668,22946883614328,22946883614468,16,21.1753,5.27972,9.94493,1.53364,0.20624,2.7128,1.4966
212,1,0,1e+08,22946884426831,22946884810717,22946885949866,22946886071886,22946886091854,22946886363810,22946886495206,22946886495242,16,20.6841,3.83886,11.3915,1.2202,0.19968,2.71956,1.31396
213,1,0,1e+08,22946887289734,22946888019303,22946888880685,22946888985977,22946889060493,22946889304449,22946889439769,22946889439877,16,21.5014,7.29569,8.61382,1.05292,0.74516,2.43956,1.3532
214,1,0,1e+08,22946890158425,22946890520135,22946891665026,22946891791646,22946891811718,22946892107118,22946892261954,22946892261986,16,21.0356,3.6171,11.4489,1.2662,0.20072,2.954,1.54836
215,1,0,1e+08,22946892971686,22946893718312,22946894566980,22946894719872,22946894739804,22946894987208,22946895127808,22946895127952,16,21.5627,7.46626,8.48668,1.52892,0.19932,2.47404,1.406
216,1,0,1e+08,22946895854001,22946896049017,22946896349253,22946896417185,22946896455433,22946896611397,22946896750773,22946896750885,16,8.96884,1.95016,3.00236,0.67932,0.38248,1.55964,1.39376
217,1,0,1e+08,22946897845707,22946898468569,22946899360543,22946899464747,22946899485771,22946899763367,22946899928507,22946899928543,16,20.8284,6.22862,8.91974,1.04204,0.21024,2.77596,1.6514
218,1,0,1e+08,22946900759840,22946901737618,22946902400675,22946902474331,22946902512279,22946902783335,22946902914823,22946902914855,16,21.5502,9.77778,6.63057,0.73656,0.37948,2.71056,1.31488
219,1,0,1e+08,22946904006838,22946904985294,22946905637071,22946905739043,22946905755015,22946905986095,22946906122167,22946906122199,16,21.1536,9.78456,6.51777,1.01972,0.15972,2.3108,1.36072
220,1,0,1e+08,22946906948313,22946907739070,22946908488334,22946908596586,22946908616874,22946908881494,22946909019150,22946909019182,16,20.7087,7.90757,7.49264,1.08252,0.20288,2.6462,1.37656
221,1,0,1e+08,22946909743678,22946910454764,22946911278786,22946911406302,22946911426530,22946911681282,22946911813538,22946911813570,16,20.6989,7.11086,8.24022,1.27516,0.20228,2.54752,1.32256
222,1,0,1e+08,22946912554197,22946913286071,22946914089993,22946914208513,22946914229109,22946914480469,22946914633417,22946914633445,16,20.7925,7.31874,8.03922,1.1852,0.20596,2.5136,1.52948
223,1,0,1e+08,22946915103412,22946915528753,22946916590551,22946916725427,22946916744819,22946917017131,22946917244547,22946917244579,16,21.4117,4.25341,10.618,1.34876,0.19392,2.72312,2.27416
224,1,0,1e+08,22946917879648,22946918441840,22946919341053,22946919461301,22946919480165,22946919747957,22946919920165,22946919920197,16,20.4055,5.62192,8.99213,1.20248,0.18864,2.67792,1.72208
225,1,0,1e+08,22946920494397,22946921032147,22946922027270,22946922176638,22946922204610,22946922488962,22946922649810,22946922649842,16,21.5544,5.3775,9.95123,1.49368,0.27972,2.84352,1.60848
226,1,0,1e+08,22946923269529,22946924016421,22946924922676,22946925066644,22946925086780,22946925351496,22946925526976,22946925527092,16,22.5756,7.46892,9.06255,1.43968,0.20136,2.64716,1.7548
227,1,0,1e+08,22946926143397,22946926874032,22946927735786,22946927876526,22946927894986,22946928171130,22946928314226,22946928314258,16,21.7086,7.30635,8.61754,1.4074,0.1846,2.76144,1.43096
228,1,0,1e+08,22946929135215,22946929953852,22946930656953,22946930772189,22946930791865,22946931046725,22946931169769,22946931169801,16,20.3459,8.18637,7.03101,1.15236,0.19676,2.5486,1.23044
229,1,0,1e+08,22946932173960,22946932417382,22946932727402,22946932860434,22946932882454,22946933683219,22946933933310,22946933933370,16,17.5941,2.43422,3.1002,1.33032,0.2202,8.00765,2.50091
230,1,0,1e+08,22946935318227,22946935841861,22946936874513,22946937013729,22946937034221,22946937337161,22946937473977,22946937474009,16,21.5578,5.23634,10.3265,1.39216,0.20492,3.0294,1.36816
231,1,0,1e+08,22946938149417,22946938858327,22946939677966,22946939798170,22946939818282,22946940093562,22946940237118,22946940237150,16,20.8773,7.0891,8.19639,1.20204,0.20112,2.7528,1.43556
232,1,0,1e+08,22946941036459,22946941961692,22946942607998,22946942723730,22946942744658,22946942976186,22946943125142,22946943125230,16,20.8877,9.25233,6.46306,1.15732,0.20928,2.31528,1.48956
233,1,0,1e+08,22946943731709,22946944708130,22946945343534,22946945494222,22946945524654,22946945781078,22946945909322,22946945909350,16,21.7764,9.76421,6.35404,1.50688,0.30432,2.56424,1.28244
234,1,0,1e+08,22946946674630,22946947558017,22946948257762,22946948382386,22946948404518,22946948660278,22946948825922,22946948825954,16,21.5132,8.83387,6.99745,1.24624,0.22132,2.5576,1.65644
235,1,0,1e+08,22946949291714,22946949682653,22946950785228,22946950936892,22946950956216,22946951224736,22946951404912,22946951405012,16,21.133,3.90939,11.0258,1.51664,0.19324,2.6852,1.80176
236,1,0,1e+08,22946952059584,22946952802380,22946953633913,22946953761785,22946953789165,22946954090969,22946954237057,22946954237089,16,21.7751,7.42796,8.31533,1.27872,0.2738,3.01804,1.46088
237,1,0,1e+08,22946954910516,22946955365726,22946956414028,22946956560572,22946956579752,22946956880960,22946957029476,22946957029512,16,21.19,4.5521,10.483,1.46544,0.1918,3.01208,1.48516
238,1,0,1e+08,22946957612871,22946958130099,22946959126977,22946959259929,22946959281417,22946959543801,22946959695353,22946959695481,16,20.8261,5.17228,9.96878,1.32952,0.21488,2.62384,1.51552
239,1,0,1e+08,22946960530752,22946961429077,22946962095953,22946962260737,22946962292001,22946962558249,22946962695453,22946962695481,16,21.6473,8.98325,6.66876,1.64784,0.31264,2.66248,1.37204
240,1,0,1e+08,22946963568173,22946964159822,22946965049370,22946965181454,22946965200086,22946965474766,22946965624902,22946965624934,16,20.5676,5.91649,8.89548,1.32084,0.18632,2.7468,1.50136
241,1,0,1e+08,22946966400154,22946966879937,22946967836376,22946967999328,22946968019408,22946968284504,22946968429592,22946968429624,16,20.2947,4.79783,9.56439,1.62952,0.2008,2.65096,1.45088
242,1,0,1e+08,22946969007267,22946969204319,22946969626823,22946969685935,22946969749871,22946970002427,22946970185483,22946970185519,16,11.7825,1.97052,4.22504,0.59112,0.63936,2.52556,1.83056
243,1,0,1e+08,22946970794356,22946970997888,22946971414720,22946971481960,22946971505368,22946971715320,22946971866892,22946971866920,16,10.7256,2.03532,4.16832,0.6724,0.23408,2.09952,1.51572
244,1,0,1e+08,22946972443949,22946972665357,22946973039785,22946973121493,22946973154325,22946973407285,22946973565909,22946973565941,16,11.2199,2.21408,3.74428,0.81708,0.32832,2.5296,1.58624
245,1,0,1e+08,22946974091934,22946974287134,22946974644506,22946974781416,22946974843413,22946975614010,22946975866051,22946975866179,16,17.7425,1.952,3.57372,1.3691,0.61997,7.70597,2.52041
246,1,0,1e+08,22946976783708,22946977822128,22946979045666,22946979186782,22946979205338,22946979495750,22946979642394,22946979642426,16,28.5872,10.3842,12.2354,1.41116,0.18556,2.90412,1.46644
247,1,0,1e+08,22946979676370,22946979911130,22946980302502,22946980377978,22946980411650,22946981378861,22946981619773,22946981619953,16,19.4358,2.3476,3.91372,0.75476,0.33672,9.67211,2.40912
248,1,0,1e+08,22946982452499,22946982706168,22946983118936,22946983182536,22946983247408,22946983509040,22946983669428,22946983669460,16,12.1696,2.53669,4.12768,0.636,0.64872,2.61632,1.60388
249,1,0,1e+08,22946984347407,22946985006880,22946985868489,22946985933549,22946986007573,22946986272945,22946986433529,22946986433557,16,20.8615,6.59473,8.61609,0.6506,0.74024,2.65372,1.60584
250,1,0,1e+08,22946986972749,22946987787374,22946988523689,22946988650913,22946988668761,22946988948853,22946989118097,22946989118129,16,21.4538,8.14625,7.36315,1.27224,0.17848,2.80092,1.69244
251,1,0,1e+08,22946989680015,22946990413620,22946991194268,22946991329788,22946991347660,22946991598672,22946991784548,22946991784652,16,21.0464,7.33605,7.80648,1.3552,0.17872,2.51012,1.85876
252,1,0,1e+08,22946992330862,22946992542530,22946993771873,22946993853009,22946993886357,22946994257497,22946994433481,22946994433597,16,21.0273,2.11668,12.2934,0.81136,0.33348,3.7114,1.75984
253,1,0,1e+08,22946995067177,22946995303109,22946995629829,22946995690881,22946995742353,22946995900973,22946996046337,22946996046409,16,9.79232,2.35932,3.2672,0.61052,0.51472,1.5862,1.45364
254,1,0,1e+08,22946996805160,22946997367084,22946998334786,22946998451894,22946998470226,22946998746782,22946998936734,22946998936766,16,21.3161,5.61924,9.67702,1.17108,0.18332,2.76556,1.89952
255,1,0,1e+08,22946999651655,22947000352859,22947001175968,22947001296416,22947001314608,22947001597648,22947001744840,22947001744872,16,20.9322,7.01204,8.23109,1.20448,0.18192,2.8304,1.47192
256,1,0,1e+08,22947002527633,22947002759225,22947003065113,22947003124925,22947003177177,22947003376801,22947003508397,22947003508421,16,9.80788,2.31592,3.05888,0.59812,0.52252,1.99624,1.31596
257,1,0,1e+08,22947004183708,22947004862601,22947005685533,22947005793589,22947005812297,22947006082469,22947006227237,22947006227269,16,20.4356,6.78893,8.22932,1.08056,0.18708,2.70172,1.44768
258,1,0,1e+08,22947006932080,22947007900196,22947008537801,22947008656293,22947008678817,22947008937461,22947009091793,22947009091825,16,21.5975,9.68116,6.37605,1.18492,0.22524,2.58644,1.54332
259,1,0,1e+08,22947009444013,22947010103822,22947010970118,22947011091810,22947011110062,22947011390102,22947011542850,22947011542882,16,20.9887,6.59809,8.66296,1.21692,0.18252,2.8004,1.52748
260,1,0,1e+08,22947012101030,22947012483258,22947012788450,22947012865010,22947012908726,22947013090594,22947013230098,22947013230122,16,11.2909,3.82228,3.05192,0.7656,0.43716,1.81868,1.39504
261,1,0,1e+08,22947013967990,22947014166938,22947015380317,22947015475861,22947015511469,22947015857277,22947016028065,22947016028101,16,20.6011,1.98948,12.1338,0.95544,0.35608,3.45808,1.70788
262,1,0,1e+08,22947016769978,22947017220876,22947018297964,22947018426128,22947018444032,22947018726616,22947018932692,22947018932720,16,21.6274,4.50898,10.7709,1.28164,0.17904,2.82584,2.06076
263,1,0,1e+08,22947019506997,22947020053287,22947021032700,22947021150496,22947021167556,22947021456624,22947021605424,22947021605456,16,20.9846,5.4629,9.79413,1.17796,0.1706,2.89068,1.488
264,1,0,1e+08,22947022265017,22947022457173,22947022755449,22947022824213,22947022867337,22947023032817,22947023201597,22947023201733,16,9.36716,1.92156,2.98276,0.68764,0.43124,1.6548,1.6878
265,1,0,1e+08,22947024132698,22947024390506,22947024701926,22947024761250,22947024796110,22947024966106,22947025098542,22947025098570,16,9.65872,2.57808,3.1142,0.59324,0.3486,1.69996,1.32436
266,1,0,1e+08,22947025761230,22947026258136,22947027386129,22947027449989,22947027483589,22947027817837,22947027974969,22947027975001,16,22.1377,4.96906,11.2799,0.6386,0.336,3.34248,1.57132
267,1,0,1e+08,22947028507700,22947029082016,22947030085890,22947030150126,22947030200378,22947030512870,22947030674138,22947030674170,16,21.6647,5.74316,10.0387,0.64236,0.50252,3.12492,1.61268
268,1,0,1e+08,22947031683283,22947032324529,22947033162909,22947033325649,22947033343985,22947033613109,22947033794061,22947033794089,16,21.1081,6.41246,8.3838,1.6274,0.18336,2.69124,1.80952
269,1,0,1e+08,22947034467173,22947035143373,22947036034271,22947036186779,22947036204159,22947036506027,22947036661399,22947036661431,16,21.9426,6.762,8.90898,1.52508,0.1738,3.01868,1.55372
270,1,0,1e+08,22947037550963,22947038260190,22947039137530,22947039244390,22947039262582,22947039576782,22947039743478,22947039743510,16,21.9255,7.09227,8.7734,1.0686,0.18192,3.142,1.66696
271,1,0,1e+08,22947040382041,22947041202804,22947041935141,22947042073229,22947042094369,22947042415405,22947042573329,22947042573457,16,21.9142,8.20763,7.32337,1.38088,0.2114,3.21036,1.57924
272,1,0,1e+08,22947042960874,22947043319812,22947044458053,22947044566205,22947044587545,22947044875221,22947045079661,22947045079813,16,21.1894,3.58938,11.3824,1.08152,0.2134,2.87676,2.0444
273,1,0,1e+08,22947045695548,22947046148547,22947047178862,22947047294294,22947047312598,22947047613302,22947047781338,22947047781370,16,20.8582,4.52999,10.3032,1.15432,0.18304,3.00704,1.68036
274,1,0,1e+08,22947048370971,22947048695001,22947049907782,22947050050150,22947050068494,22947050398662,22947050594146,22947050594182,16,22.2321,3.2403,12.1278,1.42368,0.18344,3.30168,1.95484
275,1,0,1e+08,22947051087908,22947051511296,22947052640286,22947052755450,22947052773126,22947053071494,22947053232966,22947053232998,16,21.4509,4.23388,11.2899,1.15164,0.17676,2.98368,1.61472
276,1,0,1e+08,22947053748575,22947054519312,22947055293757,22947055460465,22947055484177,22947055808753,22947055985857,22947055986025,16,22.3745,7.70737,7.74445,1.66708,0.23712,3.24576,1.77104
277,1,0,1e+08,22947056550069,22947057544770,22947058203594,22947058345178,22947058363358,22947058599014,22947058800702,22947058800730,16,22.5066,9.94701,6.58824,1.41584,0.1818,2.35656,2.01688
278,1,0,1e+08,22947059372364,22947059959764,22947060934822,22947061057454,22947061074166,22947061356482,22947061508326,22947061508358,16,21.3599,5.874,9.75058,1.22632,0.16712,2.82316,1.51844
279,1,0,1e+08,22947062762638,22947063440529,22947064273735,22947064381003,22947064398199,22947064661447,22947064837979,22947064838011,16,20.7537,6.77891,8.33206,1.07268,0.17196,2.63248,1.76532
280,1,0,1e+08,22947065438555,22947066282808,22947066917629,22947067036025,22947067059877,22947067336677,22947067511441,22947067511469,16,20.7291,8.44253,6.34821,1.18396,0.23852,2.768,1.74764
281,1,0,1e+08,22947068149199,22947068946382,22947069833837,22947069983277,22947070003133,22947070319517,22947070556377,22947070556409,16,24.0721,7.97183,8.87455,1.4944,0.19856,3.16384,2.3686
282,1,0,1e+08,22947071011137,22947071455853,22947072507498,22947072615470,22947072634998,22947072925166,22947073097286,22947073097318,16,20.8618,4.44716,10.5165,1.07972,0.19528,2.90168,1.7212
283,1,0,1e+08,22947073607624,22947074171786,22947075141202,22947075251994,22947075273470,22947075577454,22947075748678,22947075748710,16,21.4109,5.64162,9.69416,1.10792,0.21476,3.03984,1.71224
284,1,0,1e+08,22947076649489,22947077024458,22947078165577,22947078316729,22947078337945,22947078633613,22947078824245,22947078824277,16,21.7479,3.74969,11.4112,1.51152,0.21216,2.95668,1.90632
285,1,0,1e+08,22947079945365,22947080752855,22947081511142,22947081638358,22947081658386,22947081918886,22947082110630,22947082110658,16,21.6529,8.0749,7.58287,1.27216,0.20028,2.605,1.91744
286,1,0,1e+08,22947082956418,22947083665597,22947084488446,22947084629618,22947084647046,22947084904978,22947085095962,22947085096110,16,21.3969,7.09179,8.22849,1.41172,0.17428,2.57932,1.90984
287,1,0,1e+08,22947085974228,22947086704264,22947087495194,22947087629658,22947087652186,22947087912910,22947088085214,22947088085242,16,21.1101,7.30036,7.9093,1.34464,0.22528,2.60724,1.72304
288,1,0,1e+08,22947088880918,22947089780737,22947090425423,22947090553035,22947090574223,22947090825275,22947090974539,22947090974567,16,20.9365,8.99819,6.44686,1.27612,0.21188,2.51052,1.49264
289,1,0,1e+08,22947091533296,22947092484554,22947093173294,22947093298042,22947093320314,22947093588222,22947093758102,22947093758130,16,22.2483,9.51258,6.8874,1.24748,0.22272,2.67908,1.6988
290,1,0,1e+08,22947094199071,22947094419735,22947094730859,22947094793863,22947094832727,22947094999311,22947095129331,22947095129355,16,9.30284,2.20664,3.11124,0.63004,0.38864,1.66584,1.3002
291,1,0,1e+08,22947095955598,22947096711482,22947097572260,22947097698044,22947097718132,22947097988728,22947098158660,22947098158692,16,22.0309,7.55884,8.60778,1.25784,0.20088,2.70596,1.69932
292,1,0,1e+08,22947098578285,22947099237871,22947100190774,22947100316790,22947100338114,22947100632070,22947100778022,22947100778054,16,21.9977,6.59586,9.52903,1.26016,0.21324,2.93956,1.45952
293,1,0,1e+08,22947101548988,22947102280207,22947103088726,22947103154482,22947103215078,22947103500806,22947103715810,22947103715838,16,21.6685,7.31219,8.08519,0.65756,0.60596,2.85728,2.15004
294,1,0,1e+08,22947104204355,22947105236268,22947105897781,22947106002425,22947106020273,22947106275565,22947106434489,22947106434521,16,22.3017,10.3191,6.61513,1.04644,0.17848,2.55292,1.58924
295,1,0,1e+08,22947107299885,22947107928292,22947108777201,22947108959201,22947108978973,22947109258133,22947109443701,22947109443733,16,21.4385,6.28407,8.48909,1.82,0.19772,2.7916,1.85568
296,1,0,1e+08,22947109920293,22947110326572,22947111386792,22947111497040,22947111516932,22947111801120,22947111973912,22947111973948,16,20.5366,4.06279,10.6022,1.10248,0.19892,2.84188,1.72792
297,1,0,1e+08,22947112683578,22947113307753,22947114176097,22947114330321,22947114350637,22947114609373,22947114778717,22947114778749,16,20.9517,6.24175,8.68344,1.54224,0.20316,2.58736,1.69344
298,1,0,1e+08,22947115154015,22947115734132,22947116727998,22947116840910,22947116858606,22947117154870,22947117306790,22947117306822,16,21.5281,5.80117,9.93866,1.12912,0.17696,2.96264,1.5192
299,1,0,1e+08,22947117970118,22947118678840,22947119490045,22947119609757,22947119631009,22947119893841,22947120077725,22947120077753,16,21.0764,7.08722,8.11205,1.19712,0.21252,2.62832,1.83884
300,1,0,1e+08,22947120719128,22947121660448,22947122307254,22947122443986,22947122466670,22947122708922,22947122887534,22947122887562,16,21.6843,9.4132,6.46806,1.36732,0.22684,2.42252,1.78612
301,1,0,1e+08,22947123401201,22947123757164,22947124929628,22947125059760,22947125079712,22947125390580,22947125583936,22947125584036,16,21.8284,3.55963,11.7246,1.30132,0.19952,3.10868,1.93356
302,1,0,1e+08,22947126100846,22947126573359,22947127612961,22947127724465,22947127744769,22947128017521,22947128219261,22947128219297,16,21.1845,4.72513,10.396,1.11504,0.20304,2.72752,2.0174
303,1,0,1e+08,22947128906167,22947129840229,22947130474601,22947130588377,22947130611857,22947130845621,22947130982333,22947130982361,16,20.7619,9.34062,6.34372,1.13776,0.2348,2.33764,1.36712
304,1,0,1e+08,22947131773744,22947132523967,22947133291729,22947133454309,22947133477009,22947133752417,22947133898149,22947133898177,16,21.2443,7.50223,7.67762,1.6258,0.227,2.75408,1.45732
305,1,0,1e+08,22947134494714,22947135201864,22947135997456,22947136151100,22947136173184,22947136453908,22947136622628,22947136622660,16,21.2795,7.0715,7.95592,1.53644,0.22084,2.80724,1.6872
306,1,0,1e+08,22947137087083,22947137343615,22947137650303,22947137708583,22947137782595,22947137981699,22947138141247,22947138141275,16,10.5419,2.56532,3.06688,0.5828,0.74012,1.99104,1.59548
307,1,0,1e+08,22947138870513,22947139073265,22947139381793,22947139442837,22947139483037,22947140117716,22947140464150,22947140464210,16,15.937,2.02752,3.08528,0.61044,0.402,6.34679,3.46434
308,1,0,1e+08,22947141477142,22947141730167,22947142647261,22947142736230,22947142848124,22947143277057,22947143439577,22947143439621,16,19.6248,2.53025,9.17094,0.88969,1.11894,4.28933,1.6252
309,1,0,1e+08,22947144624769,22947144913714,22947145349906,22947145440322,22947145499398,22947145810546,22947145994386,22947145994422,16,13.6965,2.88945,4.36192,0.90416,0.59076,3.11148,1.8384
310,1,0,1e+08,22947146163082,22947146394174,22947146784818,22947146847086,22947146866250,22947147799988,22947148024897,22947148025053,16,18.6197,2.31092,3.90644,0.62268,0.19164,9.33738,2.24909
311,1,0,1e+08,22947149007521,22947149281794,22947150308032,22947150389942,22947150433926,22947150872339,22947151034159,22947151034199,16,20.2668,2.74273,10.2624,0.8191,0.43984,4.38413,1.6182
312,1,0,1e+08,22947151761467,22947152280860,22947153350548,22947153487264,22947153506072,22947153797600,22947153954288,22947153954320,16,21.9285,5.19393,10.6969,1.36716,0.18808,2.91528,1.56688
313,1,0,1e+08,22947154676619,22947155332829,22947156178275,22947156293855,22947156311207,22947156589959,22947156788019,22947156788051,16,21.1143,6.5621,8.45446,1.1558,0.17352,2.78752,1.9806
314,1,0,1e+08,22947157262176,22947157462632,22947158735530,22947158873586,22947158890758,22947159194998,22947159376410,22947159376502,16,21.1433,2.00456,12.729,1.38056,0.17172,3.0424,1.81412
315,1,0,1e+08,22947160207140,22947161162206,22947161821454,22947161906530,22947161936690,22947162217310,22947162384966,22947162384994,16,21.7785,9.55066,6.59248,0.85076,0.3016,2.8062,1.67656
316,1,0,1e+08,22947162997823,22947163639123,22947164547175,22947164667091,22947164687507,22947164954727,22947165148979,22947165149011,16,21.5119,6.413,9.08052,1.19916,0.20416,2.6722,1.94252
317,1,0,1e+08,22947165867266,22947166523012,22947167377526,22947167493358,22947167514126,22947167774222,22947167936246,22947167936278,16,20.6901,6.55746,8.54514,1.15832,0.20768,2.60096,1.62024
318,1,0,1e+08,22947168466378,22947169317345,22947170046600,22947170167808,22947170190848,22947170462496,22947170652444,22947170652472,16,21.8609,8.50967,7.29255,1.21208,0.2304,2.71648,1.89948
319,1,0,1e+08,22947171220293,22947172199946,22947172837742,22947172974250,22947172995038,22947173243814,22947173419774,22947173419802,16,21.9951,9.79653,6.37796,1.36508,0.20788,2.48776,1.7596
320,1,0,1e+08,22947174019739,22947174843488,22947175499785,22947175622789,22947175643501,22947175886209,22947176069997,22947176070025,16,20.5029,8.23749,6.56297,1.23004,0.20712,2.42708,1.83788
321,1,0,1e+08,22947176701542,22947177505675,22947178297464,22947178406752,22947178428364,22947178754308,22947178907304,22947178907340,16,22.058,8.04133,7.91789,1.09288,0.21612,3.25944,1.52996
322,1,0,1e+08,22947179452006,22947180170451,22947180989498,22947181106902,22947181126574,22947181385750,22947181587634,22947181587662,16,21.3566,7.18445,8.19047,1.17404,0.19672,2.59176,2.01884
323,1,0,1e+08,22947182207897,22947183135780,22947183768652,22947183913112,22947183934216,22947184192248,22947184344388,22947184344416,16,21.3652,9.27883,6.32872,1.4446,0.21104,2.58032,1.5214
324,1,0,1e+08,22947184831011,22947185746372,22947186397132,22947186511112,22947186528952,22947186773460,22947187004908,22947187005020,16,21.7401,9.15361,6.5076,1.1398,0.1784,2.44508,2.31448
325,1,0,1e+08,22947187597543,22947187847910,22947189111806,22947189255355,22947189276507,22947189603623,22947189777791,22947189777959,16,21.8042,2.50367,12.639,1.43549,0.21152,3.27116,1.74168
326,1,0,1e+08,22947190441761,22947190650457,22947190962169,22947191031425,22947191066913,22947191222449,22947191360349,22947191360505,16,9.18744,2.08696,3.11712,0.69256,0.35488,1.55536,1.379
327,1,0,1e+08,22947192281847,22947193092557,22947193833501,22947193894973,22947193932129,22947194203901,22947194388713,22947194388849,16,21.07,8.1071,7.40944,0.61472,0.37156,2.71772,1.84812
328,1,0,1e+08,22947195048266,22947195724437,22947196620558,22947196743586,22947196761902,22947197056294,22947197209630,22947197209662,16,21.614,6.76171,8.96121,1.23028,0.18316,2.94392,1.53336
329,1,0,1e+08,22947197864448,22947198307223,22947199398513,22947199518029,22947199537685,22947199823033,22947199999161,22947199999193,16,21.3475,4.42775,10.9129,1.19516,0.19656,2.85348,1.76128
330,1,0,1e+08,22947200873784,22947201779822,22947202475345,22947202597757,22947202619221,22947202891881,22947203091305,22947203091333,16,22.1755,9.06038,6.95523,1.22412,0.21464,2.7266,1.99424
331,1,0,1e+08,22947204567072,22947204943669,22947205452621,22947205534557,22947205590321,22947205793353,22947205957425,22947205957449,16,13.9038,3.76597,5.08952,0.81936,0.55764,2.03032,1.64072
332,1,0,1e+08,22947206831304,22947207778300,22947208448213,22947208616297,22947208643641,22947208893489,22947209029629,22947209029761,16,21.9846,9.46996,6.69913,1.68084,0.27344,2.49848,1.3614
333,1,0,1e+08,22947209627606,22947210575348,22947211224885,22947211341489,22947211362617,22947211606869,22947211774553,22947211774581,16,21.4697,9.47742,6.49537,1.16604,0.21128,2.44252,1.67684
334,1,0,1e+08,22947212295251,22947212770761,22947213865785,22947213941045,22947213988425,22947214301249,22947214476773,22947214476805,16,21.8155,4.7551,10.9502,0.7526,0.4738,3.12824,1.75524
335,1,0,1e+08,22947215053022,22947216082896,22947216778689,22947216862533,22947216903229,22947217195729,22947217339953,22947217340037,16,22.8701,10.2987,6.95793,0.83844,0.40696,2.925,1.44224
336,1,0,1e+08,22947217839700,22947218034684,22947218337164,22947218399456,22947218442896,22947219159503,22947219445727,22947219445935,16,16.0623,1.94984,3.0248,0.62292,0.4344,7.16607,2.86224
337,1,0,1e+08,22947220604539,22947220835123,22947221153539,22947221217415,22947221261207,22947221423379,22947221552887,22947221552911,16,9.48372,2.30584,3.18416,0.63876,0.43792,1.62172,1.29508
338,1,0,1e+08,22947222372904,22947222983273,22947223945126,22947224010390,22947224050046,22947224331658,22947224491370,22947224491402,16,21.185,6.10369,9.61853,0.65264,0.39656,2.81612,1.59712
339,1,0,1e+08,22947225388164,22947225625121,22947225933865,22947225991269,22947226011289,22947226167241,22947226315861,22947226315969,16,9.27805,2.36957,3.08744,0.57404,0.2002,1.55952,1.4862
340,1,0,1e+08,22947227064908,22947227286620,22947227590632,22947227648936,22947227686168,22947228300794,22947228655193,22947228655281,16,15.9037,2.21712,3.04012,0.58304,0.37232,6.14626,3.54399
341,1,0,1e+08,22947229945722,22947230162390,22947230517618,22947230581242,22947230627494,22947230798702,22947230944574,22947230944598,16,9.98876,2.16668,3.55228,0.63624,0.46252,1.71208,1.45872
342,1,0,1e+08,22947231736648,22947232441725,22947233284545,22947233424485,22947233441289,22947233744197,22947233921613,22947233921765,16,21.8512,7.05077,8.4282,1.3994,0.16804,3.02908,1.77416
343,1,0,1e+08,22947234494360,22947235093211,22947236043601,22947236188981,22947236206437,22947236471173,22947236635333,22947236635485,16,21.4112,5.98851,9.5039,1.4538,0.17456,2.64736,1.6416
344,1,0,1e+08,22947237205016,22947237417992,22947237735972,22947237828964,22947237864168,22947238022484,22947238164724,22947238164884,16,9.59868,2.12976,3.1798,0.92992,0.35204,1.58316,1.4224
345,1,0,1e+08,22947239019796,22947239701766,22947240501190,22947240632898,22947240650382,22947240930602,22947241098390,22947241098422,16,20.7863,6.8197,7.99424,1.31708,0.17484,2.8022,1.67788
346,1,0,1e+08,22947241571423,22947242783291,22947243684196,22947243847272,22947243869212,22947244118152,22947244264148,22947244264180,16,26.9276,12.1187,9.00905,1.63076,0.2194,2.4894,1.45996
347,1,0,1e+08,22947244295420,22947244515644,22947244843692,22947244969214,22947245090866,22947245934317,22947246169261,22947246169449,16,18.7403,2.20224,3.28048,1.25522,1.21652,8.43451,2.34944
348,1,0,1e+08,22947246753247,22947247039303,22947247384783,22947247506859,22947247524387,22947247724767,22947247871975,22947247872003,16,11.1876,2.86056,3.4548,1.22076,0.17528,2.0038,1.47208
349,1,0,1e+08,22947248370193,22947249044439,22947249960145,22947250108917,22947250126773,22947250412273,22947250555293,22947250555325,16,21.8513,6.74246,9.15706,1.48772,0.17856,2.855,1.4302
350,1,0,1e+08,22947251155256,22947251898734,22947252773509,22947252884401,22947252904505,22947253203581,22947253391405,22947253391437,16,22.3618,7.43478,8.74775,1.10892,0.20104,2.99076,1.87824
351,1,0,1e+08,22947254148546,22947254424286,22947254740238,22947254802530,22947254850190,22947255022914,22947255172846,22947255172870,16,10.2432,2.7574,3.15952,0.62292,0.4766,1.72724,1.49932
352,1,0,1e+08,22947256024373,22947256750660,22947257579866,22947257728226,22947257746318,22947258023462,22947258192458,22947258192490,16,21.6812,7.26287,8.29206,1.4836,0.18092,2.77144,1.68996
353,1,0,1e+08,22947258699256,22947259203899,22947260234502,22947260323114,22947260387706,22947260685042,22947260837310,22947260837342,16,21.3809,5.04643,10.306,0.88612,0.64592,2.97336,1.52268
354,1,0,1e+08,22947261487957,22947262215738,22947263003721,22947263121569,22947263140129,22947263409009,22947263592841,22947263592873,16,21.0492,7.27781,7.87983,1.17848,0.1856,2.6888,1.83832
355,1,0,1e+08,22947264214906,22947264770584,22947265742018,22947265804718,22947265853570,22947266169018,22947266339314,22947266339346,16,21.2444,5.55678,9.71434,0.627,0.48852,3.15448,1.70296
356,1,0,1e+08,22947267043065,22947267287969,22947267596585,22947267656081,22947267672749,22947267831277,22947267970877,22947267970993,16,9.27928,2.44904,3.08616,0.59496,0.16668,1.58528,1.396
357,1,0,1e+08,22947268606022,22947269247388,22947270175492,22947270274488,22947270306348,22947270601228,22947270816240,22947270816372,16,22.1035,6.41366,9.28104,0.98996,0.3186,2.9488,2.15012
358,1,0,1e+08,22947271383372,22947271694571,22947272868056,22947272977884,22947272995720,22947273276036,22947273438404,22947273438496,16,20.5512,3.11199,11.7348,1.09828,0.17836,2.80316,1.62368
359,1,0,1e+08,22947274127808,22947274338132,22947274655012,22947274722580,22947274750860,22947274918108,22947275053960,22947275053988,16,9.2618,2.10324,3.1688,0.67568,0.2828,1.67248,1.35852
360,1,0,1e+08,22947276031966,22947276963654,22947277609172,22947277742708,22947277760664,22947278023552,22947278193296,22947278193324,16,21.6136,9.31688,6.45518,1.33536,0.17956,2.62888,1.69744
361,1,0,1e+08,22947278807891,22947279153860,22947280286788,22947280399588,22947280419848,22947280710728,22947280855676,22947280855708,16,20.4782,3.45969,11.3293,1.128,0.2026,2.9088,1.44948
362,1,0,1e+08,22947281558719,22947282390199,22947283131370,22947283255174,22947283275846,22947283545430,22947283736502,22947283736534,16,21.7782,8.3148,7.41171,1.23804,0.20672,2.69584,1.91072
363,1,0,1e+08,22947284503208,22947284944059,22947286007141,22947286121297,22947286138493,22947286427409,22947286595689,22947286595721,16,20.9251,4.40851,10.6308,1.14156,0.17196,2.88916,1.6828
364,1,0,1e+08,22947287226885,22947287508221,22947288637852,22947288745500,22947288763144,22947289047696,22947289195512,22947289195544,16,19.6866,2.81336,11.2963,1.07648,0.17644,2.84552,1.47816
365,1,0,1e+08,22947289868934,22947290216543,22947291378144,22947291477816,22947291500148,22947291787084,22947291972068,22947291972100,16,21.0317,3.47609,11.616,0.99672,0.22332,2.86936,1.84984
366,1,0,1e+08,22947292728907,22947293056995,22947294260460,22947294384976,22947294408144,22947294701168,22947294853184,22947294853216,16,21.2431,3.28088,12.0346,1.24516,0.23168,2.93024,1.52016
367,1,0,1e+08,22947295824587,22947296453762,22947297363454,22947297490646,22947297510810,22947297783778,22947297931702,22947297931734,16,21.0715,6.29175,9.09692,1.27192,0.20164,2.72968,1.47924
368,1,0,1e+08,22947298846164,22947299046452,22947299462284,22947299526360,22947299547308,22947299783584,22947299931220,22947299931252,16,10.8509,2.00288,4.15832,0.64076,0.20948,2.36276,1.47636
369,1,0,1e+08,22947300772139,22947301488282,22947302349346,22947302452406,22947302469606,22947302734970,22947302921758,22947302921874,16,21.4973,7.16143,8.61064,1.0306,0.172,2.65364,1.86788
370,1,0,1e+08,22947303571397,22947303869601,22947304302705,22947304395157,22947304411653,22947304618429,22947304785721,22947304785749,16,12.1435,2.98204,4.33104,0.92452,0.16496,2.06776,1.67292
371,1,0,1e+08,22947305329232,22947305757054,22947306860951,22947306989127,22947307006383,22947307286295,22947307466843,22947307466879,16,21.3765,4.27822,11.039,1.28176,0.17256,2.79912,1.80548
372,1,0,1e+08,22947308023740,22947308263995,22947309450708,22947309554176,22947309572608,22947309856828,22947310005524,22947310005560,16,19.8182,2.40255,11.8671,1.03468,0.18432,2.8422,1.48696
373,1,0,1e+08,22947310710557,22947311130945,22947312212237,22947312343049,22947312361561,22947312644229,22947312821321,22947312821353,16,21.108,4.20388,10.8129,1.30812,0.18512,2.82668,1.77092
374,1,0,1e+08,22947313533383,22947313804777,22947314124633,22947314252241,22947314272809,22947314431817,22947314575989,22947314576061,16,10.4268,2.71394,3.19856,1.27608,0.20568,1.59008,1.44172
375,1,0,1e+08,22947315385922,22947315578638,22947315890714,22947315947602,22947315966738,22947316125814,22947316287530,22947316287618,16,9.01696,1.92716,3.12076,0.56888,0.19136,1.59076,1.61716
376,1,0,1e+08,22947317140502,22947317368418,22947317689618,22947317755198,22947317801334,22947317963058,22947318116562,22947318116666,16,9.76164,2.27916,3.212,0.6558,0.46136,1.61724,1.53504
377,1,0,1e+08,22947318797910,22947319386748,22947320279532,22947320394632,22947320413896,22947320684568,22947320848972,22947320849000,16,20.5109,5.88838,8.92784,1.151,0.19264,2.70672,1.64404
378,1,0,1e+08,22947321441530,22947322404470,22947323086366,22947323217314,22947323235314,22947323492378,22947323664886,22947323664914,16,22.2338,9.6294,6.81896,1.30948,0.18,2.57064,1.72508
379,1,0,1e+08,22947324086726,22947324323168,22947324630704,22947324698864,22947324740764,22947324901196,22947325062964,22947325063036,16,9.7631,2.36442,3.07536,0.6816,0.419,1.60432,1.61768
380,1,0,1e+08,22947325934350,22947326141994,22947326446046,22947326504850,22947326553626,22947326716194,22947326893286,22947326893310,16,9.5896,2.07644,3.04052,0.58804,0.48776,1.62568,1.77092
381,1,0,1e+08,22947327654234,22947328083381,22947329193816,22947329316284,22947329333576,22947329611892,22947329795920,22947329796012,16,21.4178,4.29147,11.1044,1.22468,0.17292,2.78316,1.84028
382,1,0,1e+08,22947331369641,22947331769650,22947332279042,22947332345782,22947332397818,22947332612806,22947332788638,22947332788718,16,14.1908,4.00009,5.09392,0.6674,0.52036,2.14988,1.75832
383,1,0,1e+08,22947333370805,22947334222099,22947334944344,22947335097956,22947335118992,22947335404304,22947335555236,22947335555264,16,21.8446,8.51294,7.22245,1.53612,0.21036,2.85312,1.50932
384,1,0,1e+08,22947336127676,22947336381253,22947336681601,22947336746937,22947336776689,22947337645514,22947337899012,22947337899212,16,17.7154,2.53577,3.00348,0.65336,0.29752,8.68825,2.53498
385,1,0,1e+08,22947338960685,22947339222033,22947339550713,22947339613829,22947339645553,22947339806057,22947339954733,22947339954757,16,9.94072,2.61348,3.2868,0.63116,0.31724,1.60504,1.48676
386,1,0,1e+08,22947340529779,22947340773067,22947341095947,22947341170027,22947341201011,22947341362627,22947341505647,22947341505671,16,9.75892,2.43288,3.2288,0.7408,0.30984,1.61616,1.4302
387,1,0,1e+08,22947342225922,22947342637987,22947343783728,22947343918144,22947343940756,22947344232240,22947344410824,22947344410856,16,21.8493,4.12065,11.4574,1.34416,0.22612,2.91484,1.78584
388,1,0,1e+08,22947344926672,22947345435993,22947346474497,22947346591557,22947346608637,22947346913369,22947347052973,22947347053005,16,21.2633,5.09321,10.385,1.1706,0.1708,3.04732,1.39604
389,1,0,1e+08,22947347753514,22947348500239,22947349301463,22947349449579,22947349468027,22947349747411,22947349947803,22947349947835,16,21.9432,7.46725,8.01224,1.48116,0.18448,2.79384,2.00392
390,1,0,1e+08,22947350549905,22947351425158,22947352061790,22947352162658,22947352180786,22947352414850,22947352563322,22947352563354,16,20.1345,8.75253,6.36632,1.00868,0.18128,2.34064,1.48472
391,1,0,1e+08,22947353256525,22947354068773,22947354824140,22947354947772,22947354966288,22947355243060,22947355397992,22947355398020,16,21.4149,8.12248,7.55367,1.23632,0.18516,2.76772,1.54932
392,1,0,1e+08,22947355992573,22947356552761,22947357459182,22947357569614,22947357586482,22947357869094,22947358053226,22947358053370,16,20.608,5.60188,9.06421,1.10432,0.16868,2.82612,1.84132
393,1,0,1e+08,22947358723299,22947358915423,22947360095018,22947360173746,22947360203166,22947360561062,22947360724690,22947360724830,16,20.0153,1.92124,11.7959,0.78728,0.2942,3.57896,1.63628
394,1,0,1e+08,22947361406640,22947362073690,22947362900572,22947363009564,22947363028192,22947363295344,22947363458492,22947363458524,16,20.5188,6.6705,8.26882,1.08992,0.18628,2.67152,1.63148
395,1,0,1e+08,22947364117111,22947364895123,22947365753505,22947365897217,22947365918809,22947366208217,22947366373353,22947366373385,16,22.5627,7.78012,8.58382,1.43712,0.21592,2.89408,1.65136
396,1,0,1e+08,22947366934808,22947367290427,22947368386299,22947368463251,22947368499207,22947368821215,22947369000547,22947369000579,16,20.6577,3.55619,10.9587,0.76952,0.35956,3.22008,1.79332
397,1,0,1e+08,22947369624018,22947369861166,22947370205206,22947370279734,22947370312942,22947370488430,22947370633326,22947370633478,16,10.0946,2.37148,3.4404,0.74528,0.33208,1.75488,1.44896
398,1,0,1e+08,22947371528179,22947371962617,22947373018173,22947373149189,22947373168369,22947373450905,22947373608817,22947373608849,16,20.8067,4.34438,10.5556,1.31016,0.1918,2.82536,1.57912
399,1,0,1e+08,22947374564958,22947374825058,22947375148270,22947375230462,22947375289826,22947376107696,22947376408688,22947376408912,16,18.4395,2.601,3.23212,0.82192,0.59364,8.1787,3.00992
400,1,0,1e+08,22947377540523,22947377766151,22947378734229,22947378828189,22947378913470,22947379325616,22947379482676,22947379482716,16,19.4219,2.25628,9.68078,0.9396,0.85281,4.12146,1.5706
401,1,0,1e+08,22947380504089,22947381138804,22947382066850,22947382169098,22947382186946,22947382455174,22947382630878,22947382631006,16,21.2692,6.34715,9.28046,1.02248,0.17848,2.68228,1.75704
402,1,0,1e+08,22947383135094,22947383428462,22947384579714,22947384755466,22947384776082,22947385055234,22947385248042,22947385248070,16,21.1298,2.93368,11.5125,1.75752,0.20616,2.79152,1.92808
403,1,0,1e+08,22947385906357,22947386130114,22947386440538,22947386500626,22947386518534,22947386678982,22947386848858,22947386848882,16,9.42525,2.23757,3.10424,0.60088,0.17908,1.60448,1.69876
404,1,0,1e+08,22947387650035,22947388543826,22947389248464,22947389368356,22947389387528,22947389668904,22947389858280,22947389858312,16,22.0828,8.93791,7.04638,1.19892,0.19172,2.81376,1.89376
405,1,0,1e+08,22947390439180,22947390663328,22947390988452,22947391048212,22947391065060,22947391220792,22947391365848,22947391365972,16,9.26792,2.24148,3.25124,0.5976,0.16848,1.55732,1.45056
406,1,0,1e+08,22947392262893,22947392894117,22947393778774,22947393922006,22947393939062,22947394211118,22947394413234,22947394413354,16,21.5046,6.31224,8.84657,1.43232,0.17056,2.72056,2.02116
407,1,0,1e+08,22947394953377,22947395925595,22947396649948,22947396794344,22947396816904,22947397095808,22947397257512,22947397257652,16,23.0428,9.72218,7.24353,1.44396,0.2256,2.78904,1.61704
408,1,0,1e+08,22947397793678,22947398511365,22947399294883,22947399412763,22947399431663,22947399696431,22947399856163,22947399856191,16,20.6251,7.17687,7.83518,1.1788,0.189,2.64768,1.59732
409,1,0,1e+08,22947400809358,22947401736482,22947402402821,22947402507993,22947402527765,22947402770413,22947402921277,22947402921305,16,21.1195,9.27124,6.66339,1.05172,0.19772,2.42648,1.50864
410,1,0,1e+08,22947404358004,22947404760102,22947405278222,22947405348570,22947405410042,22947405625010,22947405756182,22947405756206,16,13.982,4.02098,5.1812,0.70348,0.61472,2.14968,1.31172
411,1,0,1e+08,22947406524329,22947407522142,22947408157698,22947408254334,22947408272482,22947408538118,22947408729190,22947408729218,16,22.0489,9.97813,6.35556,0.96636,0.18148,2.65636,1.91072
412,1,0,1e+08,22947409484721,22947410173763,22947410914301,22947411014189,22947411034001,22947411310665,22947411450013,22947411450045,16,19.6532,6.89042,7.40538,0.99888,0.19812,2.76664,1.39348
413,1,0,1e+08,22947412234428,22947412455521,22947412766765,22947412835745,22947412895957,22947413544257,22947413887758,22947413887822,16,16.5339,2.21093,3.11244,0.6898,0.60212,6.483,3.43501
414,1,0,1e+08,22947414931849,22947415187213,22947415529505,22947415617645,22947415634533,22947416405959,22947416681610,22947416681674,16,17.4982,2.55364,3.42292,0.8814,0.16888,7.71426,2.75651
415,1,0,1e+08,22947417965440,22947418194452,22947419261825,22947419449297,22947419468210,22947419870698,22947420037654,22947420037698,16,20.7226,2.29012,10.6737,1.87472,0.18913,4.02488,1.66956
416,1,0,1e+08,22947420785407,22947421015579,22947422197342,22947422262802,22947422318186,22947422656154,22947422820726,22947422820762,16,20.3536,2.30172,11.8176,0.6546,0.55384,3.37968,1.64572
417,1,0,1e+08,22947423630758,22947424315005,22947425168064,22947425291944,22947425309736,22947425576224,22947425728364,22947425728400,16,20.9764,6.84247,8.53059,1.2388,0.17792,2.66488,1.5214
418,1,0,1e+08,22947426305098,22947426562248,22947426925400,22947427056788,22947427076044,22947427231724,22947427373740,22947427373812,16,10.6871,2.5715,3.63152,1.31388,0.19256,1.5568,1.42016
419,1,0,1e+08,22947428588446,22947429539705,22947430175709,22947430280757,22947430298521,22947430534189,22947430682137,22947430682169,16,20.9372,9.51259,6.36004,1.05048,0.17764,2.35668,1.47948
420,1,0,1e+08,22947431575423,22947432271515,22947433088045,22947433235701,22947433258305,22947433531089,22947433728437,22947433728465,16,21.5304,6.96092,8.1653,1.47656,0.22604,2.72784,1.97348
421,1,0,1e+08,22947434398833,22947434685901,22947435866366,22947435986782,22947436005502,22947436306790,22947436463706,22947436463742,16,20.6491,2.87068,11.8047,1.20416,0.1872,3.01288,1.56916
422,1,0,1e+08,22947437142320,22947437378613,22947437694021,22947437760933,22947437782741,22947437939345,22947438067881,22947438067905,16,9.25585,2.36293,3.15408,0.66912,0.21808,1.56604,1.28536
423,1,0,1e+08,22947438930371,22947439199163,22947439518771,22947439594219,22947439622179,22947439778875,22947439909783,22947439909807,16,9.79436,2.68792,3.19608,0.75448,0.2796,1.56696,1.30908
424,1,0,1e+08,22947440521931,22947440818515,22947442016854,22947442162930,22947442186078,22947442487894,22947442667482,22947442667574,16,21.4564,2.96584,11.9834,1.46076,0.23148,3.01816,1.79588
425,1,0,1e+08,22947443446561,22947444485032,22947445147464,22947445214644,22947445260788,22947445504684,22947445645144,22947445645176,16,21.9861,10.3847,6.62432,0.6718,0.46144,2.43896,1.4046
426,1,0,1e+08,22947446276424,22947447051516,22947447894685,22947448030145,22947448048177,22947448338929,22947448528421,22947448528453,16,22.5203,7.75092,8.43169,1.3546,0.18032,2.90752,1.89492
427,1,0,1e+08,22947449051841,22947449644437,22947450569749,22947450674789,22947450691905,22947450962329,22947451110997,22947451111029,16,20.5919,5.92596,9.25312,1.0504,0.17116,2.70424,1.48668
428,1,0,1e+08,22947451784054,22947452109311,22947452414083,22947452509351,22947452537095,22947452693307,22947452826403,22947452826487,16,10.4243,3.25257,3.04772,0.95268,0.27744,1.56212,1.33096
429,1,0,1e+08,22947453887545,22947454664490,22947455500810,22947455608866,22947455631074,22947455891050,22947456053178,22947456053278,16,21.6573,7.76945,8.3632,1.08056,0.22208,2.59976,1.62128
430,1,0,1e+08,22947456835813,22947457198182,22947458303350,22947458385654,22947458420574,22947458762490,22947458925006,22947458925094,16,20.8928,3.62369,11.0517,0.82304,0.3492,3.41916,1.62516
431,1,0,1e+08,22947459608403,22947459887919,22947461070945,22947461169893,22947461188105,22947461470949,22947461655417,22947461655449,16,20.4705,2.79516,11.8303,0.98948,0.18212,2.82844,1.84468
432,1,0,1e+08,22947462302801,22947463233557,22947463896094,22947464018174,22947464037130,22947464294122,22947464438550,22947464438578,16,21.3578,9.30756,6.62537,1.2208,0.18956,2.56992,1.44428
433,1,0,1e+08,22947465228138,22947465422886,22947466619013,22947466706553,22947466748313,22947467115877,22947467281121,22947467281157,16,20.5302,1.94748,11.9613,0.8754,0.4176,3.67564,1.65244
434,1,0,1e+08,22947468215798,22947469035675,22947469756046,22947469884550,22947469901886,22947470188718,22947470339826,22947470339858,16,21.2406,8.19877,7.20371,1.28504,0.17336,2.86832,1.51108
435,1,0,1e+08,22947470953062,22947471193788,22947472479168,22947472599196,22947472617816,22947472918296,22947473079512,22947473079544,16,21.2648,2.40726,12.8538,1.20028,0.1862,3.0048,1.61216
436,1,0,1e+08,22947473837681,22947474196371,22947475336425,22947475480117,22947475497249,22947475779337,22947475935193,22947475935289,16,20.9761,3.5869,11.4005,1.43692,0.17132,2.82088,1.55856
437,1,0,1e+08,22947476598155,22947477518771,22947478210982,22947478294778,22947478329614,22947478594646,22947478748718,22947478748746,16,21.5059,9.20616,6.92211,0.83796,0.34836,2.65032,1.54072
438,1,0,1e+08,22947479641649,22947480176157,22947481153946,22947481274050,22947481291314,22947481569206,22947481753514,22947481753546,16,21.119,5.34508,9.77789,1.20104,0.17264,2.77892,1.84308
439,1,0,1e+08,22947482700910,22947483594363,22947484338540,22947484492612,22947484514476,22947484779544,22947484971192,22947484971220,16,22.7031,8.93453,7.44177,1.54072,0.21864,2.65068,1.91648
440,1,0,1e+08,22947485865099,22947486455455,22947487364698,22947487484614,22947487502834,22947487779874,22947487926406,22947487926438,16,20.6134,5.90356,9.09243,1.19916,0.1822,2.7704,1.46532
441,1,0,1e+08,22947488943425,22947489923377,22947490562357,22947490662621,22947490684841,22947490928945,22947491105589,22947491105617,16,21.6219,9.79952,6.3898,1.00264,0.2222,2.44104,1.76644
442,1,0,1e+08,22947492636393,22947493005706,22947493517582,22947493593318,22947493627526,22947493838366,22947494021158,22947494021182,16,13.8479,3.69313,5.11876,0.75736,0.34208,2.1084,1.82792
443,1,0,1e+08,22947494793589,22947495658764,22947496370180,22947496516136,22947496537588,22947496807604,22947496951628,22947496951656,16,21.5807,8.65175,7.11416,1.45956,0.21452,2.70016,1.44024
444,1,0,1e+08,22947497529081,22947497836758,22947498974115,22947499100327,22947499121739,22947499414551,22947499596119,22947499596203,16,20.6712,3.07677,11.3736,1.26212,0.21412,2.92812,1.81568
445,1,0,1e+08,22947500429363,22947501006226,22947501966633,22947502099197,22947502121381,22947502390173,22947502549245,22947502549281,16,21.1992,5.76863,9.60407,1.32564,0.22184,2.68792,1.59072
446,1,0,1e+08,22947503199400,22947504067200,22947504825931,22947504952811,22947504973991,22947505246383,22947505404911,22947505404995,16,22.056,8.678,7.58731,1.2688,0.2118,2.72392,1.58528
447,1,0,1e+08,22947506235625,22947506878225,22947507774917,22947507889665,22947507906313,22947508169897,22947508328297,22947508328329,16,20.927,6.426,8.96692,1.14748,0.16648,2.63584,1.584
448,1,0,1e+08,22947509284213,22947510204180,22947510880987,22947510989799,22947511006147,22947511259695,22947511401115,22947511401147,16,21.1693,9.19967,6.76807,1.08812,0.16348,2.53548,1.4142
449,1,0,1e+08,22947512128648,22947513105420,22947513750853,22947513866313,22947513890409,22947514134041,22947514339433,22947514339561,16,22.1091,9.76772,6.45433,1.1546,0.24096,2.43632,2.05392
450,1,0,1e+08,22947514974712,22947515880260,22947516532113,22947516664125,22947516691653,22947516949593,22947517112889,22947517112921,16,21.3821,9.05548,6.51853,1.32012,0.27528,2.5794,1.63296
451,1,0,1e+08,22947517979864,22947518653251,22947519497942,22947519581214,22947519646398,22947519910854,22947520090434,22947520090462,16,21.106,6.73387,8.44691,0.83272,0.65184,2.64456,1.7958
452,1,0,1e+08,22947520693038,22947521249586,22947522163394,22947522292646,22947522313598,22947522596774,22947522759266,22947522759298,16,20.6626,5.56548,9.13808,1.29252,0.20952,2.83176,1.62492
453,1,0,1e+08,22947523855047,22947524442028,22947525041800,22947525172792,22947525192700,22947525419584,22947525559052,22947525559080,16,17.0403,5.86981,5.99772,1.30992,0.19908,2.26884,1.39468
454,1,0,1e+08,22947526089688,22947526836700,22947527742946,22947527892694,22947527913514,22947528193154,22947528388970,22947528388998,16,22.9931,7.47012,9.06246,1.49748,0.2082,2.7964,1.95816
455,1,0,1e+08,22947529121894,22947529800424,22947530606675,22947530758471,22947530780647,22947531046051,22947531184939,22947531184967,16,20.6307,6.7853,8.06251,1.51796,0.22176,2.65404,1.38888
456,1,0,1e+08,22947531882112,22947532761946,22947533472386,22947533617186,22947533638474,22947533889286,22947534019174,22947534019206,16,21.3709,8.79834,7.1044,1.448,0.21288,2.50812,1.29888
457,1,0,1e+08,22947534639324,22947535079628,22947536197945,22947536353077,22947536372605,22947536652309,22947536841805,22947536841937,16,22.0261,4.40304,11.1832,1.55132,0.19528,2.79704,1.89496
458,1,0,1e+08,22947537456105,22947537670062,22947537973646,22947538030462,22947538056022,22947538237814,22947538393030,22947538393054,16,9.36949,2.13957,3.03584,0.56816,0.2556,1.81792,1.55216
459,1,0,1e+08,22947539557025,22947539766482,22947540664623,22947540752744,22947540851324,22947541274734,22947541481314,22947541481510,16,19.2448,2.09457,8.98141,0.88121,0.9858,4.2341,2.0658
460,1,0,1e+08,22947542339103,22947542538909,22947542848229,22947542909781,22947542947681,22947543110561,22947543254081,22947543254105,16,9.15002,1.99806,3.0932,0.61552,0.379,1.6288,1.4352
461,1,0,1e+08,22947544126547,22947544509263,22947545608612,22947545725908,22947545744168,22947546036016,22947546189172,22947546189204,16,20.6266,3.82716,10.9935,1.17296,0.1826,2.91848,1.53156
462,1,0,1e+08,22947546890735,22947547090287,22947548286572,22947548368416,22947548406508,22947548739688,22947548918088,22947548918124,16,20.2739,1.99552,11.9629,0.81844,0.38092,3.3318,1.784
463,1,0,1e+08,22947549609620,22947550414596,22947551145448,22947551272320,22947551290520,22947551562716,22947551768372,22947551768500,16,21.5888,8.04976,7.30852,1.26872,0.182,2.72196,2.05656
464,1,0,1e+08,22947552382181,22947552966045,22947553863278,22947554001858,22947554018050,22947554323906,22947554507926,22947554507958,16,21.2578,5.83864,8.97233,1.3858,0.16192,3.05856,1.8402
465,1,0,1e+08,22947555127522,22947555722303,22947556593081,22947556667861,22947556709769,22947557015125,22947557173901,22947557173933,16,20.4641,5.94781,8.70778,0.7478,0.41908,3.05356,1.58776
466,1,0,1e+08,22947557878925,22947558293364,22947559452606,22947559582990,22947559604138,22947559896218,22947560155934,22947560156054,16,22.7713,4.14439,11.5924,1.30384,0.21148,2.9208,2.59716
467,1,0,1e+08,22947560807528,22947561507005,22947562385320,22947562512656,22947562533544,22947562820404,22947563003996,22947563004024,16,21.965,6.99477,8.78315,1.27336,0.20888,2.8686,1.83592
468,1,0,1e+08,22947563541452,22947564112354,22947564980180,22947565112628,22947565132756,22947565410708,22947565581392,22947565581424,16,20.3997,5.70902,8.67826,1.32448,0.20128,2.77952,1.70684
469,1,0,1e+08,22947566321218,22947566867967,22947567775956,22947567896368,22947567917124,22947568182100,22947568397692,22947568397724,16,20.7651,5.46749,9.07989,1.20412,0.20756,2.64976,2.15592
470,1,0,1e+08,22947568967447,22947569402382,22947570551708,22947570711208,22947570730656,22947571062880,22947571228172,22947571228208,16,22.6076,4.34935,11.4933,1.595,0.19448,3.32224,1.65292
471,1,0,1e+08,22947572066015,22947572751338,22947573649958,22947573803118,22947573823746,22947574117506,22947574264458,22947574264490,16,21.9848,6.85323,8.9862,1.5316,0.20628,2.9376,1.46952
472,1,0,1e+08,22947574800829,22947575286542,22947576363239,22947576484119,22947576504331,22947576802719,22947576975599,22947576975631,16,21.748,4.85713,10.767,1.2088,0.20212,2.98388,1.7288
473,1,0,1e+08,22947577608969,22947578229626,22947579092716,22947579211292,22947579230548,22947579492888,22947579674304,22947579674336,16,20.6537,6.20657,8.6309,1.18576,0.19256,2.6234,1.81416
474,1,0,1e+08,22947580655805,22947581284333,22947582180349,22947582311081,22947582334801,22947582620513,22947582754465,22947582754497,16,20.9869,6.28528,8.96016,1.30732,0.2372,2.85712,1.33952
475,1,0,1e+08,22947583473724,22947583699462,22947584954045,22947585057257,22947585122469,22947585410697,22947585593317,22947585593349,16,21.1962,2.25738,12.5458,1.03212,0.65212,2.88228,1.8262
476,1,0,1e+08,22947586149656,22947586355293,22947586680717,22947586758377,22947586816313,22947586999681,22947587124501,22947587124525,16,9.74869,2.05637,3.25424,0.7766,0.57936,1.83368,1.2482
477,1,0,1e+08,22947587930601,22947588173651,22947588502015,22947588562035,22947588622323,22947588780923,22947588926299,22947588926443,16,9.95842,2.4305,3.28364,0.6002,0.60288,1.586,1.45376
478,1,0,1e+08,22947589697010,22947590329158,22947591268013,22947591443289,22947591460693,22947591740125,22947591880461,22947591880493,16,21.8348,6.32148,9.38855,1.75276,0.17404,2.79432,1.40336
479,1,0,1e+08,22947592537114,22947593066808,22947593973965,22947594090017,22947594108857,22947594374749,22947594553061,22947594553093,16,20.1598,5.29694,9.07157,1.16052,0.1884,2.65892,1.78312
480,1,0,1e+08,22947595229923,22947595939460,22947596713041,22947596827585,22947596845081,22947597127833,22947597274177,22947597274209,16,20.4429,7.09537,7.73581,1.14544,0.17496,2.82752,1.46344
481,1,0,1e+08,22947597879710,22947598609636,22947599487572,22947599605400,22947599624428,22947599904300,22947600093568,22947600093600,16,22.1389,7.29926,8.77936,1.17828,0.19028,2.79872,1.89268
482,1,0,1e+08,22947600838926,22947601732364,22947602512972,22947602624236,22947602643948,22947602899664,22947603041024,22947603041060,16,22.0213,8.93438,7.80608,1.11264,0.19712,2.55716,1.4136
483,1,0,1e+08,22947603825076,22947604521582,22947605315350,22947605423390,22947605443966,22947605709094,22947605936754,22947605936790,16,21.1171,6.96506,7.93768,1.0804,0.20576,2.65128,2.2766
484,1,0,1e+08,22947606711425,22947607278774,22947608244753,22947608394437,22947608413209,22947608678577,22947608858441,22947608858569,16,21.4714,5.67349,9.65979,1.49684,0.18772,2.65368,1.79864
485,1,0,1e+08,22947609491474,22947610196052,22947611006961,22947611110705,22947611131353,22947611405765,22947611624081,22947611624109,16,21.3264,7.04578,8.10909,1.03744,0.20648,2.74412,2.18316
486,1,0,1e+08,22947612204358,22947612878493,22947613781484,22947613902940,22947613922672,22947614214132,22947614389328,22947614389360,16,21.85,6.74135,9.02991,1.21456,0.19732,2.9146,1.75196
487,1,0,1e+08,22947615003202,22947615304366,22947615615522,22947615673078,22947615713506,22947615887874,22947616013894,22947616013918,16,10.1072,3.01164,3.11156,0.57556,0.40428,1.74368,1.2602
488,1,0,1e+08,22947616802477,22947617715181,22947618390446,22947618487610,22947618505250,22947618753510,22947618914166,22947618914198,16,21.1172,9.12704,6.75265,0.97164,0.1764,2.4826,1.60656
489,1,0,1e+08,22947619930421,22947620170085,22947620484561,22947620612757,22947620629325,22947621378289,22947621693682,22947621693846,16,17.6343,2.39664,3.14476,1.28196,0.16568,7.48964,3.15393
490,1,0,1e+08,22947622799171,22947623048033,22947624158202,22947624312546,22947624333602,22947624694866,22947624877078,22947624877114,16,20.7794,2.48862,11.1017,1.54344,0.21056,3.61264,1.82212
491,1,0,1e+08,22947625889621,22947626785094,22947627487516,22947627617584,22947627632624,22947627890596,22947628032648,22947628032676,16,21.4306,8.95473,7.02422,1.30068,0.1504,2.57972,1.42052
492,1,0,1e+08,22947628658368,22947629590961,22947630233662,22947630366706,22947630389178,22947630633854,22947630784006,22947630784038,16,21.2567,9.32593,6.42701,1.33044,0.22472,2.44676,1.50152
493,1,0,1e+08,22947631435929,22947632471537,22947633127279,22947633266671,22947633296971,22947633560683,22947633698831,22947633698859,16,22.6293,10.3561,6.55742,1.39392,0.303,2.63712,1.38148
494,1,0,1e+08,22947634198221,22947634692358,22947635732493,22947635879321,22947635901677,22947636204117,22947636392369,22947636392405,16,21.9418,4.94137,10.4014,1.46828,0.22356,3.0244,1.88252
495,1,0,1e+08,22947636962913,22947637617660,22947638564513,22947638741025,22947638762469,22947639038045,22947639205529,22947639205633,16,22.4272,6.54747,9.46853,1.76512,0.21444,2.75576,1.67484
496,1,0,1e+08,22947639602631,22947639949585,22947641081133,22947641189121,22947641208549,22947641500189,22947641705221,22947641705257,16,21.0263,3.46954,11.3155,1.07988,0.19428,2.9164,2.05032
497,1,0,1e+08,22947642488027,22947643148601,22947643998026,22947644122930,22947644143366,22947644427154,22947644604250,22947644604278,16,21.1625,6.60574,8.49425,1.24904,0.20436,2.83788,1.77096
498,1,0,1e+08,22947645220309,22947645508190,22947645814594,22947645874954,22947645916406,22947646183592,22947646740962,22947646741210,16,15.209,2.87881,3.06404,0.6036,0.41452,2.67186,5.5737
499,1,0,1e+08,22947647652053,22947647900111,22947648286667,22947648351967,22947648387819,22947648609107,22947648754619,22947648754643,16,11.0259,2.48058,3.86556,0.653,0.35852,2.21288,1.45512
500,1,0,1e+08,22947649331647,22947649603311,22947649983858,22947650158429,22947650363131,22947651038914,22947651224238,22947651224290,16,18.9264,2.71664,3.80547,1.74571,2.04702,6.75783,1.85324
501,1,0,1e+08,22947652184299,22947652436463,22947653488676,22947653640125,22947653661378,22947654053566,22947654229494,22947654229530,16,20.4523,2.52164,10.5221,1.51449,0.21253,3.92188,1.75928
502,1,0,1e+08,22947655359321,22947655578407,22947655888035,22947655947271,22947655989175,22947656204587,22947656348955,22947656348979,16,9.89658,2.19086,3.09628,0.59236,0.41904,2.15412,1.44368
503,1,0,1e+08,22947656974993,22947657399142,22947658506456,22947658626324,22947658643816,22947658938624,22947659110816,22947659110848,16,21.3586,4.24149,11.0731,1.19868,0.17492,2.94808,1.72192
504,1,0,1e+08,22947659679763,22947660338816,22947661185160,22947661301392,22947661320880,22947661600124,22947661789900,22947661789984,16,21.1022,6.59053,8.46344,1.16232,0.19488,2.79244,1.89776
505,1,0,1e+08,22947662594172,22947663368591,22947664205213,22947664343897,22947664362285,22947664636513,22947664804241,22947664804269,16,22.101,7.74419,8.36622,1.38684,0.18388,2.74228,1.67728
506,1,0,1e+08,22947665350360,22947665635508,22947665992608,22947666054904,22947666127260,22947666845847,22947667087698,22947667087758,16,17.374,2.85148,3.571,0.62296,0.72356,7.18587,2.41851
507,1,0,1e+08,22947667800647,22947668083140,22947668461984,22947668521816,22947668571156,22947669438288,22947669676387,22947669676447,16,18.758,2.82493,3.78844,0.59832,0.4934,8.67132,2.38099
508,1,0,1e+08,22947670646162,22947670855712,22947671224496,22947671282940,22947671348600,22947672067455,22947672343732,22947672343888,16,16.9773,2.0955,3.68784,0.58444,0.6566,7.18855,2.76277
509,1,0,1e+08,22947673247428,22947673478956,22947673870632,22947673988796,22947674009000,22947674375228,22947674598930,22947674598986,16,13.5156,2.31528,3.91676,1.18164,0.20204,3.66228,2.23702
510,1,0,1e+08,22947675005222,22947675393162,22947675905286,22947675994846,22947676060370,22947676746825,22947677053232,22947677053400,16,20.4818,3.8794,5.12124,0.8956,0.65524,6.86455,3.06407
511,1,0,1e+08,22947677727744,22947677973721,22947678374989,22947678435141,22947678483381,22947679355664,22947679579609,22947679579765,16,18.5202,2.45977,4.01268,0.60152,0.4824,8.72283,2.23945
512,1,0,1e+08,22947680619561,22947680829609,22947681227133,22947681288981,22947681326245,22947682160840,22947682421394,22947682421630,16,18.0207,2.10048,3.97524,0.61848,0.37264,8.34595,2.60554
513,1,0,1e+08,22947683234500,22947683468172,22947683818108,22947683945408,22947683962544,22947684813536,22947685089818,22947685089882,16,18.5538,2.33672,3.49936,1.273,0.17136,8.50992,2.76282
514,1,0,1e+08,22947685900089,22947686154117,22947686518993,22947686662170,22947686783651,22947687612109,22947687834017,22947687834073,16,19.3398,2.54028,3.64876,1.43177,1.21481,8.28458,2.21908
515,1,0,1e+08,22947688739099,22947688966487,22947689428846,22947689600852,22947689669564,22947690436834,22947690639366,22947690639414,16,19.0032,2.27388,4.62359,1.72006,0.68712,7.6727,2.02532
516,1,0,1e+08,22947691627896,22947692037128,22947693113619,22947693238883,22947693285099,22947693608123,22947693774919,22947693775063,16,21.4717,4.09232,10.7649,1.25264,0.46216,3.23024,1.66796
517,1,0,1e+08,22947694386633,22947694867610,22947695931680,22947696097700,22947696116576,22947696396548,22947696599696,22947696599728,16,22.1309,4.80977,10.6407,1.6602,0.18876,2.79972,2.03148
518,1,0,1e+08,22947697352896,22947697884563,22947698784518,22947698897510,22947698917370,22947699184434,22947699341278,22947699341310,16,19.8841,5.31667,8.99955,1.12992,0.1986,2.67064,1.56844
519,1,0,1e+08,22947700769750,22947701017578,22947701701944,22947701875454,22947701930264,22947702567131,22947702766119,22947702766163,16,19.9641,2.47828,6.84366,1.7351,0.5481,6.36867,1.98988
520,1,0,1e+08,22947703725719,22947704505820,22947705243570,22947705366350,22947705388978,22947705634062,22947705783446,22947705783478,16,20.5776,7.80101,7.3775,1.2278,0.22628,2.45084,1.49384
521,1,0,1e+08,22947706449409,22947707308838,22947707956490,22947708086350,22947708113422,22947708371646,22947708525458,22947708525490,16,20.7608,8.59429,6.47652,1.2986,0.27072,2.58224,1.53812
522,1,0,1e+08,22947709544570,22947709931293,22947711024266,22947711172206,22947711193014,22947711478258,22947711661790,22947711661822,16,21.1725,3.86723,10.9297,1.4794,0.20808,2.85244,1.83532
523,1,0,1e+08,22947712923518,22947713764508,22947714554034,22947714726434,22947714754450,22947715028350,22947715217606,22947715217634,16,22.9412,8.4099,7.89526,1.724,0.28016,2.739,1.89256
524,1,0,1e+08,22947716139431,22947716410503,22947717622762,22947717774846,22947717806086,22947718094682,22947718308846,22947718308886,16,21.6945,2.71072,12.1226,1.52084,0.3124,2.88596,2.14164
525,1,0,1e+08,22947719249191,22947719500468,22947720703338,22947720919022,22947720960406,22947721237782,22947721445002,22947721445046,16,21.9585,2.51277,12.0287,2.15684,0.41384,2.77376,2.0722
526,1,0,1e+08,22947722434269,22947722972450,22947723957377,22947724030849,22947724093829,22947724355253,22947724486621,22947724486653,16,20.5238,5.38181,9.84927,0.73472,0.6298,2.61424,1.31368
527,1,0,1e+08,22947725483233,22947726189345,22947727027674,22947727142506,22947727213858,22947727466794,22947727609222,22947727609322,16,21.2609,7.06112,8.38329,1.14832,0.71352,2.52936,1.42428
528,1,0,1e+08,22947729436078,22947729701730,22947730150538,22947730232802,22947730277506,22947730474738,22947730654898,22947730654926,16,12.1885,2.65652,4.48808,0.82264,0.44704,1.97232,1.8016
529,1,0,1e+08,22947731307601,22947732149583,22947732874184,22947733030996,22947733063264,22947733328364,22947733461092,22947733461120,16,21.5352,8.41982,7.24601,1.56812,0.32268,2.651,1.32728
530,1,0,1e+08,22947734339301,22947735135443,22947735864810,22947735979666,22947736008430,22947736253614,22947736428642,22947736428674,16,20.8937,7.96142,7.29367,1.14856,0.28764,2.45184,1.75028
531,1,0,1e+08,22947737559302,22947738592832,22947739232785,22947739320125,22947739351805,22947739584965,22947739746045,22947739746077,16,21.8677,10.3353,6.39953,0.8734,0.3168,2.3316,1.6108
532,1,0,1e+08,22947741829055,22947742203493,22947742724153,22947742819069,22947742846593,22947743075533,22947743291241,22947743291277,16,14.6222,3.74438,5.2066,0.94916,0.27524,2.2894,2.15708
533,1,0,1e+08,22947744441084,22947744731533,22947745919474,22947746073174,22947746091406,22947746402510,22947746594702,22947746594738,16,21.5365,2.90449,11.8794,1.537,0.18232,3.11104,1.92192
534,1,0,1e+08,22947747661510,22947747928458,22947749162450,22947749239470,22947749323090,22947749710694,22947749910154,22947749910346,16,22.4884,2.66948,12.3399,0.7702,0.8362,3.87604,1.9946
535,1,0,1e+08,22947750587954,22947751097977,22947752137243,22947752270803,22947752295003,22947752587639,22947752792215,22947752792247,16,22.0429,5.10023,10.3927,1.3356,0.242,2.92636,2.04576
536,1,0,1e+08,22947753454129,22947754376364,22947755034801,22947755179437,22947755207917,22947755459705,22947755624525,22947755624561,16,21.7043,9.22235,6.58437,1.44636,0.2848,2.51788,1.6482
537,1,0,1e+08,22947757670344,22947757944545,22947759294321,22947759374106,22947759459690,22947759891974,22947760046254,22947760046298,16,23.7595,2.74201,13.4978,0.79785,0.85584,4.32284,1.5428
538,1,0,1e+08,22947761107674,22947761930076,22947762567749,22947762684389,22947762706097,22947762943189,22947763127513,22947763127553,16,20.1988,8.22402,6.37673,1.1664,0.21708,2.37092,1.84324
539,1,0,1e+08,22947764089507,22947764727613,22947765675933,22947765797157,22947765875577,22947766135489,22947766314505,22947766314537,16,22.2503,6.38106,9.4832,1.21224,0.7842,2.59912,1.79016
540,1,0,1e+08,22947767328247,22947767826420,22947768857072,22947769045436,22947769083124,22947769375164,22947769570860,22947769570896,16,22.4265,4.98173,10.3065,1.88364,0.37688,2.9204,1.95696
541,1,0,1e+08,22947771759095,22947772041584,22947772516276,22947772596480,22947772620464,22947772940068,22947773129876,22947773129920,16,13.7082,2.82489,4.74692,0.80204,0.23984,3.19604,1.89808
542,1,0,1e+08,22947773383918,22947773680514,22947774166634,22947774234198,22947774251294,22947774469262,22947774624366,22947774624398,16,12.4048,2.96596,4.8612,0.67564,0.17096,2.17968,1.55104
543,1,0,1e+08,22947775052342,22947775532891,22947776545998,22947776654858,22947776672854,22947776940722,22947777086826,22947777086858,16,20.3452,4.80549,10.1311,1.0886,0.17996,2.67868,1.46104
544,1,0,1e+08,22947778020069,22947778721115,22947779586758,22947779704562,22947779728278,22947780007954,22947780156574,22947780156606,16,21.3654,7.01046,8.65643,1.17804,0.23716,2.79676,1.4862
545,1,0,1e+08,22947781136702,22947782212433,22947782826266,22947782897138,22947782919378,22947783181102,22947783357442,22947783357470,16,22.2077,10.7573,6.13833,0.70872,0.2224,2.61724,1.7634
546,1,0,1e+08,22947783947602,22947784179368,22947785435621,22947785566857,22947785586085,22947785904613,22947786073013,22947786073049,16,21.2545,2.31766,12.5625,1.31236,0.19228,3.18528,1.684
547,1,0,1e+08,22947787023447,22947787273245,22947787697105,22947787757949,22947787839909,22947788133841,22947788705839,22947788705931,16,16.8248,2.49798,4.2386,0.60844,0.8196,2.93932,5.71998
548,1,0,1e+08,22947789325913,22947789641599,22947790075855,22947790137571,22947790186607,22947790393875,22947790521983,22947790522011,16,11.961,3.15686,4.34256,0.61716,0.49036,2.07268,1.28108
549,1,0,1e+08,22947791409552,22947792241631,22947792966472,22947793085552,22947793107404,22947793436580,22947793617944,22947793617972,16,22.0842,8.32079,7.24841,1.1908,0.21852,3.29176,1.81364
550,1,0,1e+08,22947794229583,22947794838394,22947795701564,22947795845808,22947795862752,22947796137480,22947796307820,22947796307852,16,20.7827,6.08811,8.6317,1.44244,0.16944,2.74728,1.7034
551,1,0,1e+08,22947797017779,22947797713939,22947798519374,22947798630998,22947798651818,22947798918622,22947799124614,22947799124646,16,21.0687,6.9616,8.05435,1.11624,0.2082,2.66804,2.05992
552,1,0,1e+08,22947799841214,22947800764674,22947801420826,22947801551446,22947801574586,22947801840742,22947802022086,22947802022114,16,21.809,9.2346,6.56152,1.3062,0.2314,2.66156,1.81344
553,1,0,1e+08,22947802707473,22947803496787,22947804314868,22947804482032,22947804504572,22947804790556,22947804959620,22947804959648,16,22.5218,7.89314,8.18081,1.67164,0.2254,2.85984,1.69064
554,1,0,1e+08,22947805509894,22947806210735,22947807021190,22947807160518,22947807180562,22947807439426,22947807638258,22947807638290,16,21.284,7.00841,8.10455,1.39328,0.20044,2.58864,1.98832
555,1,0,1e+08,22947808197548,22947808399000,22947809640768,22947809733972,22947809769224,22947810148128,22947810345284,22947810345412,16,21.4786,2.01452,12.4177,0.93204,0.35252,3.78904,1.97156
556,1,0,1e+08,22947811001486,22947811584605,22947812476057,22947812611445,22947812631681,22947812918281,22947813117369,22947813117401,16,21.1592,5.83119,8.91452,1.35388,0.20236,2.866,1.99088
557,1,0,1e+08,22947813688970,22947814234268,22947815321848,22947815450208,22947815472144,22947815760104,22947815943116,22947815943148,16,22.5418,5.45298,10.8758,1.2836,0.21936,2.8796,1.83012
558,1,0,1e+08,22947816543564,22947816777926,22947817214966,22947817286086,22947817319642,22947817558422,22947817722818,22947817722850,16,11.7929,2.34362,4.3704,0.7112,0.33556,2.3878,1.64396
559,1,0,1e+08,22947818111342,22947819132120,22947819773028,22947819900056,22947819920372,22947820194348,22947820362328,22947820362356,16,22.5101,10.2078,6.40908,1.27028,0.20316,2.73976,1.6798
560,1,0,1e+08,22947821149975,22947822050816,22947822763318,22947822901686,22947822922018,22947823200806,22947823390822,22947823390902,16,22.4093,9.00841,7.12502,1.38368,0.20332,2.78788,1.90016
561,1,0,1e+08,22947824020366,22947824540124,22947825550570,22947825664754,22947825681246,22947825957842,22947826152914,22947826152946,16,21.3258,5.19758,10.1045,1.14184,0.16492,2.76596,1.95072
562,1,0,1e+08,22947827183365,22947827910260,22947828719313,22947828847885,22947828870457,22947829135109,22947829361785,22947829361869,16,21.785,7.26895,8.09053,1.28572,0.22572,2.64652,2.26676
563,1,0,1e+08,22947830166259,22947830795654,22947831699518,22947831849914,22947831872590,22947832122770,22947832263162,22947832263190,16,20.9693,6.29395,9.03864,1.50396,0.22676,2.5018,1.40392
564,1,0,1e+08,22947832934838,22947833820406,22947834494150,22947834629726,22947834658330,22947834925262,22947835092238,22947835092270,16,21.5743,8.85568,6.73744,1.35576,0.28604,2.66932,1.66976
565,1,0,1e+08,22947835788638,22947836485175,22947837313787,22947837440279,22947837462207,22947837723767,22947837908067,22947837908155,16,21.1952,6.96537,8.28612,1.26492,0.21928,2.6156,1.843
566,1,0,1e+08,22947838850270,22947839536182,22947840411742,22947840509714,22947840588742,22947840854018,22947841006810,22947841006838,16,21.5657,6.85912,8.7556,0.97972,0.79028,2.65276,1.52792
567,1,0,1e+08,22947842064125,22947842697659,22947843600781,22947843785269,22947843818329,22947844083441,22947844243317,22947844243349,16,21.7922,6.33534,9.03122,1.84488,0.3306,2.65112,1.59876
568,1,0,1e+08,22947845462764,22947845895476,22947846929834,22947847052454,22947847073814,22947847342062,22947847512518,22947847512550,16,20.4979,4.32712,10.3436,1.2262,0.2136,2.68248,1.70456
569,1,0,1e+08,22947849984360,22947850250916,22947850723808,22947850817596,22947850849508,22947851803494,22947852052570,22947852052734,16,20.6837,2.66556,4.72892,0.93788,0.31912,9.53986,2.49076
570,1,0,1e+08,22947853452473,22947854331131,22947855087785,22947855242677,22947855271185,22947855509881,22947855663669,22947855663701,16,22.1123,8.78658,7.56654,1.54892,0.28508,2.38696,1.53788
571,1,0,1e+08,22947856552925,22947856886845,22947857602777,22947857699045,22947857733981,22947858244818,22947858818546,22947858818826,16,22.659,3.3392,7.15932,0.96268,0.34936,5.10837,5.73728
572,1,0,1e+08,22947858876952,22947859206185,22947859739901,22947859817737,22947859868809,22947860081313,22947860253957,22947860253985,16,13.7703,3.29233,5.33716,0.77836,0.51072,2.12504,1.72644
573,1,0,1e+08,22947861088142,22947861827782,22947862708202,22947862840722,22947862861334,22947863142378,22947863314110,22947863314138,16,22.26,7.3964,8.8042,1.3252,0.20612,2.81044,1.71732
574,1,0,1e+08,22947864283467,22947864631355,22947865965758,22947866088654,22947866111830,22947866441898,22947866713970,22947866714074,16,24.3061,3.47888,13.344,1.22896,0.23176,3.30068,2.72072
575,1,0,1e+08,22947867521281,22947867917731,22947869284249,22947869454841,22947869477917,22947869797341,22947869969833,22947869969961,16,24.4868,3.9645,13.6652,1.70592,0.23076,3.19424,1.72492
576,1,0,1e+08,22947870771898,22947871605466,22947872298537,22947872438053,22947872459069,22947872709113,22947872876533,22947872876565,16,21.0467,8.33568,6.93071,1.39516,0.21016,2.50044,1.6742
577,1,0,1e+08,22947873642087,22947873909908,22947874767664,22947874955103,22947875062956,22947875738462,22947875942166,22947875942214,16,23.0013,2.67821,8.57756,1.87439,1.07853,6.75506,2.03704
578,1,0,1e+08,22947876492268,22947876718684,22947877311677,22947877387862,22947877418174,22947878379907,22947878721202,22947878721462,16,22.2919,2.26416,5.92993,0.76185,0.30312,9.61733,3.41295
579,1,0,1e+08,22947879429731,22947879702099,22947880216479,22947880287975,22947880330083,22947880827814,22947881057838,22947881057886,16,16.2815,2.72368,5.1438,0.71496,0.42108,4.97731,2.30024
580,1,0,1e+08,22947881172846,22947881681537,22947882650286,22947882796422,22947882815650,22947883103506,22947883256430,22947883256462,16,20.8362,5.08691,9.68749,1.46136,0.19228,2.87856,1.52924
581,1,0,1e+08,22947884055264,22947885006634,22947885653502,22947885765262,22947885784566,22947886034058,22947886213926,22947886213958,16,21.5869,9.5137,6.46868,1.1176,0.19304,2.49492,1.79868
582,1,0,1e+08,22947886933041,22947887388821,22947888439445,22947888544477,22947888565181,22947888838957,22947889013493,22947889013525,16,20.8048,4.5578,10.5062,1.05032,0.20704,2.73776,1.74536
583,1,0,1e+08,22947889804862,22947890066242,22947890735362,22947890836662,22947890873794,22947891258230,22947891498498,22947891498542,16,16.9368,2.6138,6.6912,1.013,0.37132,3.84436,2.40268
584,1,0,1e+08,22947891697038,22947891920634,22947892346410,22947892412178,22947892444898,22947892685754,22947892860638,22947892860666,16,11.6363,2.23596,4.25776,0.65768,0.3272,2.40856,1.74884
585,1,0,1e+08,22947893518742,22947893808355,22947894994690,22947895108942,22947895127914,22947895424650,22947895577546,22947895577582,16,20.5884,2.89613,11.8634,1.14252,0.18972,2.96736,1.52896
586,1,0,1e+08,22947896297370,22947897155135,22947897876682,22947898033390,22947898065934,22947898338410,22947898487226,22947898487254,16,21.8988,8.57765,7.21547,1.56708,0.32544,2.72476,1.48816
587,1,0,1e+08,22947899375556,22947900339858,22947900975418,22947901074178,22947901095186,22947901358206,22947901561554,22947901561582,16,21.8603,9.64302,6.3556,0.9876,0.21008,2.6302,2.03348
588,1,0,1e+08,22947902377603,22947902854587,22947903843969,22947903997033,22947904018657,22947904303193,22947904478557,22947904478589,16,21.0099,4.76984,9.89382,1.53064,0.21624,2.84536,1.75364
589,1,0,1e+08,22947905385343,22947906085858,22947906915938,22947906993282,22947907066406,22947907321914,22947907456006,22947907456042,16,20.707,7.00515,8.3008,0.77344,0.73124,2.55508,1.34092
590,1,0,1e+08,22947908384446,22947909081782,22947909920122,22947910078890,22947910100530,22947910428162,22947910562322,22947910562358,16,21.7791,6.97336,8.3834,1.58768,0.2164,3.27632,1.3416
591,1,0,1e+08,22947911412607,22947911722979,22947912388831,22947912480911,22947912517859,22947912768499,22947912999867,22947912999983,16,15.8738,3.10372,6.65852,0.9208,0.36948,2.5064,2.31368
592,1,0,1e+08,22947913243351,22947913444983,22947913886963,22947913957143,22947913985047,22947914262627,22947914439479,22947914439515,16,11.9616,2.01632,4.4198,0.7018,0.27904,2.7758,1.76852
593,1,0,1e+08,22947915703013,22947916113453,22947916673021,22947916774777,22947916849077,22947917593762,22947917828984,22947917829044,16,21.2603,4.1044,5.59568,1.01756,0.743,7.44685,2.35222
594,1,0,1e+08,22947919587531,22947920480122,22947921138210,22947921279694,22947921312126,22947921564266,22947921708774,22947921708806,16,21.2127,8.92591,6.58088,1.41484,0.32432,2.5214,1.44508
595,1,0,1e+08,22947922494061,22947923286856,22947924043574,22947924159294,22947924183798,22947924439502,22947924599870,22947924599902,16,21.0584,7.92795,7.56718,1.1572,0.24504,2.55704,1.60368
596,1,0,1e+08,22947925432136,22947926345113,22947927013603,22947927152631,22947927177775,22947927415255,22947927543179,22947927543211,16,21.1107,9.12977,6.6849,1.39028,0.25144,2.3748,1.27924
597,1,0,1e+08,22947928594743,22947929247507,22947930114065,22947930251049,22947930277037,22947930527273,22947930667869,22947930667901,16,20.7316,6.52764,8.66558,1.36984,0.25988,2.50236,1.40596
598,1,0,1e+08,22947931550300,22947931756696,22947932153812,22947932209112,22947932226868,22947932448732,22947932614624,22947932614656,16,10.6436,2.06396,3.97116,0.553,0.17756,2.21864,1.65892
599,1,0,1e+08,22947933261290,22947933774062,22947934764131,22947934886463,22947934904983,22947935167535,22947935350523,22947935350679,16,20.8939,5.12772,9.90069,1.22332,0.1852,2.62552,1.82988
600,1,0,1e+08,22947936049694,22947936977104,22947937625309,22947937744257,22947937762181,22947938019893,22947938215757,22947938215885,16,21.6619,9.2741,6.48205,1.18948,0.17924,2.57712,1.95864
601,1,0,1e+08,22947938934634,22947939817135,22947940559256,22947940669680,22947940689060,22947940952048,22947941211488,22947941211632,16,22.77,8.82501,7.42121,1.10424,0.1938,2.62988,2.5944
602,1,0,1e+08,22947941815210,22947942059446,22947942370578,22947942428626,22947942466726,22947942635670,22947942769570,22947942769594,16,9.54384,2.44236,3.11132,0.58048,0.381,1.68944,1.339
603,1,0,1e+08,22947943528601,22947944043377,22947944980954,22947945045330,22947945084606,22947945364678,22947945521902,22947945522034,16,19.9343,5.14776,9.37577,0.64376,0.39276,2.80072,1.57224
604,1,0,1e+08,22947946098433,22947946699940,22947947659157,22947947785353,22947947802529,22947948101537,22947948255953,22947948255985,16,21.5755,6.01507,9.59217,1.26196,0.17176,2.99008,1.54416
605,1,0,1e+08,22947948833641,22947949077650,22947949395138,22947949461766,22947949489662,22947950328267,22947950573783,22947950573843,16,17.402,2.44009,3.17488,0.66628,0.27896,8.38605,2.45516
606,1,0,1e+08,22947951721424,22947951966784,22947952286632,22947952345404,22947952404992,22947952968635,22947953372716,22947953372780,16,16.5136,2.4536,3.19848,0.58772,0.59588,5.63643,4.04081
607,1,0,1e+08,22947954476603,22947954728211,22947955060903,22947955191335,22947955207943,22947955363315,22947955515223,22947955515347,16,10.3874,2.51608,3.32692,1.30432,0.16608,1.55372,1.51908
608,1,0,1e+08,22947956141256,22947956895940,22947957688522,22947957852986,22947957874170,22947958163822,22947958295586,22947958295618,16,21.5436,7.54684,7.92582,1.64464,0.21184,2.89652,1.31764
609,1,0,1e+08,22947959316303,22947959909733,22947960871528,22947960933176,22947961007124,22947961301924,22947961463700,22947961463808,16,21.475,5.9343,9.61795,0.61648,0.73948,2.948,1.61776
610,1,0,1e+08,22947962458919,22947962994615,22947963969058,22947964079490,22947964098910,22947964367674,22947964593338,22947964593366,16,21.3445,5.35696,9.74443,1.10432,0.1942,2.68764,2.25664
611,1,0,1e+08,22947965264139,22947965887815,22947966793841,22947966959221,22947966979665,22947967264677,22947967429525,22947967429557,16,21.6542,6.23676,9.06026,1.6538,0.20444,2.85012,1.64848
612,1,0,1e+08,22947968202653,22947969107092,22947969755462,22947969893582,22947969921066,22947970161146,22947970333078,22947970333110,16,21.3046,9.04439,6.4837,1.3812,0.27484,2.4008,1.71932
613,1,0,1e+08,22947970954898,22947971573326,22947972558068,22947972704264,22947972725132,22947973038936,22947973180044,22947973180076,16,22.2518,6.18428,9.84742,1.46196,0.20868,3.13804,1.41108
614,1,0,1e+08,22947973791345,22947974400314,22947975370370,22947975547002,22947975568294,22947975851862,22947976005382,22947976005414,16,22.1407,6.08969,9.70056,1.76632,0.21292,2.83568,1.5352
615,1,0,1e+08,22947976645264,22947977645562,22947978281748,22947978460268,22947978484292,22947978738160,22947978899144,22947978899172,16,22.5391,10.003,6.36186,1.7852,0.24024,2.53868,1.60984
616,1,0,1e+08,22947979402877,22947980161518,22947981000590,22947981112110,22947981133082,22947981477254,22947981646198,22947981646230,16,22.4335,7.58641,8.39072,1.1152,0.20972,3.44172,1.68944
617,1,0,1e+08,22947982164852,22947982383113,22947982692421,22947982751001,22947982832293,22947983717082,22947983971016,22947983971076,16,18.0622,2.18261,3.09308,0.5858,0.81292,8.84789,2.53934
618,1,0,1e+08,22947984964668,22947985190614,22947985536982,22947985599686,22947985640634,22947986321034,22947986654494,22947986654686,16,16.9002,2.25946,3.46368,0.62704,0.40948,6.804,3.3346
619,1,0,1e+08,22947987521362,22947987769394,22947988151970,22947988212506,22947988264542,22947989055955,22947989298520,22947989298584,16,17.7722,2.48032,3.82576,0.60536,0.52036,7.91413,2.42565
620,1,0,1e+08,22947990286804,22947990537251,22947990877707,22947990940471,22947991052355,22947991307598,22947991853430,22947991853620,16,15.6682,2.50447,3.40456,0.62764,1.11884,2.55243,5.45832
621,1,0,1e+08,22947992808257,22947993109407,22947993495535,22947993556575,22947993643823,22947993848318,22947994440593,22947994440778,16,16.3252,3.0115,3.86128,0.6104,0.87248,2.04495,5.92275
622,1,0,1e+08,22947995494101,22947995785347,22947996166735,22947996247179,22947996288691,22947997183377,22947997390683,22947997390743,16,18.9664,2.91246,3.81388,0.80444,0.41512,8.94686,2.07306
623,1,0,1e+08,22947998321444,22947998567880,22947999445046,22947999555059,22947999603292,22948000107578,22948000296398,22948000296546,16,19.751,2.46436,8.77166,1.10013,0.48233,5.04286,1.8882
624,1,0,1e+08,22948001201797,22948001695321,22948002666444,22948002784508,22948002808576,22948003105756,22948003266512,22948003266548,16,20.6475,4.93524,9.71123,1.18064,0.24068,2.9718,1.60756
625,1,0,1e+08,22948004028739,22948004732514,22948005531594,22948005677818,22948005703138,22948005962718,22948006132926,22948006132958,16,21.0422,7.03775,7.9908,1.46224,0.2532,2.5958,1.70208
626,1,0,1e+08,22948006687551,22948007374299,22948008215077,22948008358941,22948008380309,22948008643037,22948008843185,22948008843217,16,21.5567,6.86748,8.40778,1.43864,0.21368,2.62728,2.00148
627,1,0,1e+08,22948009424007,22948010246331,22948010979532,22948011111276,22948011140108,22948011410960,22948011570192,22948011570220,16,21.4621,8.22324,7.33201,1.31744,0.28832,2.70852,1.59232
628,1,0,1e+08,22948012342854,22948012603484,22948012933776,22948013018244,22948013064252,22948013224992,22948013367332,22948013367448,16,10.2459,2.6063,3.30292,0.84468,0.46008,1.6074,1.4234
629,1,0,1e+08,22948014097178,22948014779687,22948015617325,22948015682457,22948015734809,22948016005021,22948016147077,22948016147109,16,20.4993,6.82509,8.37638,0.65132,0.52352,2.70212,1.42056
630,1,0,1e+08,22948017271903,22948017863672,22948018787632,22948018890428,22948018913432,22948019181688,22948019405200,22948019405308,16,21.3341,5.91769,9.2396,1.02796,0.23004,2.68256,2.23512
631,1,0,1e+08,22948020074688,22948020315377,22948020610365,22948020666253,22948020685289,22948020848409,22948020996465,22948020996561,16,9.21873,2.40689,2.94988,0.55888,0.19036,1.6312,1.48056
632,1,0,1e+08,22948021890282,22948022350486,22948023349760,22948023482500,22948023501356,22948023780472,22948023954336,22948023954456,16,20.6417,4.60204,9.99274,1.3274,0.18856,2.79116,1.73864
633,1,0,1e+08,22948024710212,22948025414064,22948026289534,22948026408046,22948026424134,22948026706226,22948026902582,22948026902610,16,21.924,7.03852,8.7547,1.18512,0.16088,2.82092,1.96356
634,1,0,1e+08,22948027711863,22948028567905,22948029389702,22948029520286,22948029551890,22948029830202,22948030004006,22948030004038,16,22.9217,8.56042,8.21797,1.30584,0.31604,2.78312,1.73804
635,1,0,1e+08,22948030701153,22948031435048,22948032230825,22948032411141,22948032436161,22948032686753,22948032856061,22948032856145,16,21.5499,7.33895,7.95777,1.80316,0.2502,2.50592,1.69308
636,1,0,1e+08,22948033375766,22948033581630,22948033888606,22948033950114,22948033987322,22948034143194,22948034280070,22948034280174,16,9.04408,2.05864,3.06976,0.61508,0.37208,1.55872,1.36876
637,1,0,1e+08,22948035132558,22948035666301,22948036664960,22948036772820,22948036790988,22948037062452,22948037233332,22948037233364,16,21.0081,5.33743,9.98659,1.0786,0.18168,2.71464,1.7088
638,1,0,1e+08,22948037978313,22948038197789,22948038504413,22948038562257,22948038599453,22948038762153,22948038910077,22948038910101,16,9.31788,2.19476,3.06624,0.57844,0.37196,1.627,1.47924
639,1,0,1e+08,22948039942891,22948040227280,22948041394941,22948041532026,22948041550694,22948041930174,22948042093942,22948042093978,16,21.5109,2.84389,11.6766,1.37085,0.18668,3.7948,1.63768
640,1,0,1e+08,22948042690552,22948043331860,22948044270353,22948044394097,22948044410581,22948044702701,22948044845957,22948044845993,16,21.5544,6.41308,9.38493,1.23744,0.16484,2.9212,1.43256
641,1,0,1e+08,22948045502310,22948046134503,22948047081621,22948047223397,22948047241093,22948047514085,22948047665621,22948047665653,16,21.6334,6.32193,9.47118,1.41776,0.17696,2.72992,1.51536
642,1,0,1e+08,22948048279292,22948048550504,22948048956420,22948049030316,22948049062796,22948049328332,22948049506968,22948049507000,16,12.2771,2.71212,4.05916,0.73896,0.3248,2.65536,1.78636
643,1,0,1e+08,22948049938810,22948050767583,22948051486861,22948051625585,22948051643465,22948051902549,22948052053737,22948052053769,16,21.1496,8.28773,7.19278,1.38724,0.1788,2.59084,1.51188
644,1,0,1e+08,22948052553567,22948053478288,22948054126473,22948054240225,22948054258581,22948054543513,22948054717553,22948054717685,16,21.6412,9.24721,6.48185,1.13752,0.18356,2.84932,1.7404
645,1,0,1e+08,22948055348903,22948055595507,22948056846983,22948056969035,22948056986979,22948057318399,22948057489879,22948057489911,16,21.4101,2.46604,12.5148,1.22052,0.17944,3.3142,1.7148
646,1,0,1e+08,22948058137532,22948058729505,22948059610637,22948059737461,22948059759113,22948060026589,22948060173461,22948060173493,16,20.3596,5.91973,8.81132,1.26824,0.21652,2.67476,1.46872
647,1,0,1e+08,22948060789782,22948061430713,22948062378913,22948062557777,22948062575949,22948062865505,22948063046677,22948063046713,16,22.5693,6.40931,9.482,1.78864,0.18172,2.89556,1.81172
648,1,0,1e+08,22948063496782,22948063860566,22948065042193,22948065189461,22948065207453,22948065502469,22948065650481,22948065650517,16,21.5373,3.63784,11.8163,1.47268,0.17992,2.95016,1.48012
649,1,0,1e+08,22948066325227,22948066526663,22948066844755,22948066922035,22948066963559,22948067130699,22948067283331,22948067283447,16,9.5822,2.01436,3.18092,0.7728,0.41524,1.6714,1.52632
650,1,0,1e+08,22948068074959,22948068290567,22948068597211,22948068654399,22948068714211,22948069308338,22948069722240,22948069722520,16,16.4756,2.15608,3.06644,0.57188,0.59812,5.94127,4.13902
651,1,0,1e+08,22948070878236,22948072340782,22948072986594,22948073048326,22948073088850,22948073350218,22948073489530,22948073489558,16,26.1132,14.6255,6.45812,0.61732,0.40524,2.61368,1.39312
652,1,0,1e+08,22948074044023,22948074795345,22948075543661,22948075655137,22948075672465,22948075940613,22948076076365,22948076076393,16,20.3237,7.51322,7.48316,1.11476,0.17328,2.68148,1.35752
653,1,0,1e+08,22948077015031,22948077784382,22948078621828,22948078746300,22948078763860,22948079026448,22948079170552,22948079170584,16,21.5555,7.69351,8.37446,1.24472,0.1756,2.62588,1.44104
654,1,0,1e+08,22948079956241,22948080653993,22948081437670,22948081542054,22948081559770,22948081817738,22948081980302,22948081980334,16,20.2409,6.97752,7.83677,1.04384,0.17716,2.57968,1.62564
655,1,0,1e+08,22948082634606,22948083335492,22948084204420,22948084348968,22948084367208,22948084644908,22948084808212,22948084808300,16,21.7369,7.00886,8.68928,1.44548,0.1824,2.777,1.63304
656,1,0,1e+08,22948085444539,22948085696477,22948086916022,22948087053282,22948087071834,22948087381942,22948087529754,22948087529790,16,20.8525,2.51938,12.1954,1.3726,0.18552,3.10108,1.47812
657,1,0,1e+08,22948088442782,22948089247392,22948090085097,22948090194521,22948090210577,22948090521093,22948090696657,22948090696689,16,22.5391,8.0461,8.37705,1.09424,0.16056,3.10516,1.75564
658,1,0,1e+08,22948091398891,22948091605823,22948091916311,22948091984119,22948092024263,22948092181839,22948092316647,22948092316671,16,9.1778,2.06932,3.10488,0.67808,0.40144,1.57576,1.34808
659,1,0,1e+08,22948093167556,22948093549634,22948094635885,22948094739937,22948094758517,22948095031965,22948095184685,22948095184717,16,20.1716,3.82078,10.8625,1.04052,0.1858,2.73448,1.5272
660,1,0,1e+08,22948096071034,22948097014270,22948097650926,22948097787046,22948097808298,22948098085090,22948098238942,22948098238974,16,21.6794,9.43236,6.36656,1.3612,0.21252,2.76792,1.53852
661,1,0,1e+08,22948098723517,22948099525035,22948100264949,22948100378477,22948100407493,22948100660105,22948100840805,22948100840837,16,21.1732,8.01518,7.39914,1.13528,0.29016,2.52612,1.807
662,1,0,1e+08,22948101618430,22948102353165,22948103138934,22948103277594,22948103295146,22948103559706,22948103695390,22948103695418,16,20.7699,7.34735,7.85769,1.3866,0.17552,2.6456,1.35684
663,1,0,1e+08,22948104402706,22948105238676,22948105968862,22948106094418,22948106117530,22948106384098,22948106552154,22948106552186,16,21.4948,8.3597,7.30186,1.25556,0.23112,2.66568,1.68056
664,1,0,1e+08,22948107230131,22948107814546,22948108693261,22948108757733,22948108830545,22948109095025,22948109250593,22948109250629,16,20.205,5.84415,8.78715,0.64472,0.72812,2.6448,1.55568
665,1,0,1e+08,22948109992457,22948110640399,22948111514337,22948111638489,22948111656329,22948111914941,22948112106513,22948112106661,16,21.142,6.47942,8.73938,1.24152,0.1784,2.58612,1.91572
666,1,0,1e+08,22948112691977,22948113737246,22948114430856,22948114526432,22948114563436,22948114852616,22948115049964,22948115049992,16,23.5801,10.4527,6.9361,0.95576,0.37004,2.8918,1.97348
667,1,0,1e+08,22948115618371,22948116291570,22948117121724,22948117240060,22948117258916,22948117539924,22948117722040,22948117722072,16,21.037,6.73199,8.30154,1.18336,0.18856,2.81008,1.82116
668,1,0,1e+08,22948118294039,22948118917247,22948119795340,22948119866868,22948119927356,22948120228860,22948120389896,22948120389928,16,20.9589,6.23208,8.78093,0.71528,0.60488,3.01504,1.61036
669,1,0,1e+08,22948121377110,22948121589986,22948121898922,22948121955086,22948121992110,22948122160414,22948122298122,22948122298146,16,9.21036,2.12876,3.08936,0.56164,0.37024,1.68304,1.37708
670,1,0,1e+08,22948123076397,22948123794768,22948124700229,22948124807841,22948124825781,22948125113529,22948125319681,22948125319713,16,22.4332,7.18371,9.05461,1.07612,0.1794,2.87748,2.06152
671,1,0,1e+08,22948125980097,22948126949248,22948127581203,22948127691143,22948127716579,22948127981259,22948128159691,22948128159723,16,21.7963,9.69151,6.31955,1.0994,0.25436,2.6468,1.78432
672,1,0,1e+08,22948128784015,22948129493549,22948130312629,22948130427677,22948130447213,22948130723961,22948130888089,22948130888117,16,21.041,7.09534,8.1908,1.15048,0.19536,2.76748,1.64128
673,1,0,1e+08,22948131889379,22948132594869,22948133427288,22948133595928,22948133618720,22948133872388,22948134013860,22948134013892,16,21.2451,7.0549,8.32419,1.6864,0.22792,2.53668,1.41472
674,1,0,1e+08,22948134618924,22948134812404,22948135956808,22948136026389,22948136051877,22948136481041,22948136665613,22948136665645,16,20.4672,1.9348,11.444,0.69581,0.25488,4.29164,1.84572
675,1,0,1e+08,22948137281876,22948137671866,22948138812689,22948138967893,22948138989113,22948139276721,22948139490173,22948139490205,16,22.0833,3.8999,11.4082,1.55204,0.2122,2.87608,2.13452
676,1,0,1e+08,22948140065272,22948140331629,22948141506416,22948141662072,22948141684900,22948142006128,22948142183952,22948142183988,16,21.1872,2.66357,11.7479,1.55656,0.22828,3.21228,1.77824
677,1,0,1e+08,22948142839201,22948143350035,22948144415324,22948144575836,22948144605264,22948144906364,22948145062844,22948145062876,16,22.2368,5.10834,10.6529,1.60512,0.29428,3.011,1.5648
678,1,0,1e+08,22948145799115,22948146572932,22948147202301,22948147349225,22948147369993,22948147615953,22948147801157,22948147801185,16,20.0207,7.73817,6.29369,1.46924,0.20768,2.4596,1.85204
679,1,0,1e+08,22948148415876,22948149116963,22948149930634,22948150065498,22948150088094,22948150371178,22948150539914,22948150539942,16,21.2407,7.01087,8.13671,1.34864,0.22596,2.83084,1.68736
680,1,0,1e+08,22948151082451,22948152012452,22948152651865,22948152782885,22948152812261,22948153078509,22948153267777,22948153267809,16,21.8536,9.30001,6.39413,1.3102,0.29376,2.66248,1.89268
681,1,0,1e+08,22948153795626,22948154519515,22948155405533,22948155534465,22948155556637,22948155843189,22948156010113,22948156010145,16,22.1452,7.23889,8.86018,1.28932,0.22172,2.86552,1.66924
682,1,0,1e+08,22948156596998,22948157358053,22948158195078,22948158327218,22948158351394,22948158634830,22948158798290,22948158798378,16,22.0138,7.61055,8.37025,1.3214,0.24176,2.83436,1.6346
683,1,0,1e+08,22948159276842,22948159518126,22948159828094,22948159894690,22948159946002,22948160119994,22948160249106,22948160249130,16,9.72288,2.41284,3.09968,0.66596,0.51312,1.73992,1.29112
684,1,0,1e+08,22948161338061,22948161537601,22948161837369,22948161897645,22948161938125,22948162101997,22948162233805,22948162233829,16,8.95768,1.9954,2.99768,0.60276,0.4048,1.63872,1.31808
685,1,0,1e+08,22948163026161,22948163261025,22948163581641,22948163641373,22948163662849,22948163820845,22948163964581,22948163964673,16,9.38512,2.34864,3.20616,0.59732,0.21476,1.57996,1.43736
686,1,0,1e+08,22948164715838,22948164913110,22948166124654,22948166204398,22948166270602,22948166561430,22948166728310,22948166728418,16,20.1258,1.97272,12.1154,0.79744,0.66204,2.90828,1.6688
687,1,0,1e+08,22948167428828,22948168659053,22948169290906,22948169436342,22948169461530,22948169737150,22948169890274,22948169890306,16,24.6148,12.3023,6.31853,1.45436,0.25188,2.7562,1.53124
688,1,0,1e+08,22948170194400,22948170554596,22948171746162,22948171880810,22948171899866,22948172199526,22948172342222,22948172342258,16,21.4786,3.60196,11.9157,1.34648,0.19056,2.9966,1.42696
689,1,0,1e+08,22948173261342,22948174095066,22948174854110,22948174967890,22948174986674,22948175257482,22948175434178,22948175434210,16,21.7287,8.33724,7.59044,1.1378,0.18784,2.70808,1.76696
690,1,0,1e+08,22948176038106,22948177024220,22948177672988,22948177808700,22948177850436,22948178098980,22948178260504,22948178260536,16,22.2243,9.86114,6.48768,1.35712,0.41736,2.48544,1.61524
691,1,0,1e+08,22948178946478,22948179692977,22948180449750,22948180510646,22948180587242,22948180855258,22948181060022,22948181060106,16,21.1363,7.46499,7.56773,0.60896,0.76596,2.68016,2.04764
692,1,0,1e+08,22948181676810,22948181934311,22948183134778,22948183319658,22948183339230,22948183636066,22948183788610,22948183788642,16,21.1183,2.57501,12.0047,1.8488,0.19572,2.96836,1.52544
693,1,0,1e+08,22948184440919,22948185028272,22948185993530,22948186114082,22948186138262,22948186440726,22948186597790,22948186597818,16,21.569,5.87353,9.65258,1.20552,0.2418,3.02464,1.57064
694,1,0,1e+08,22948187133385,22948187929780,22948188669724,22948188787876,22948188810624,22948189064052,22948189236096,22948189236236,16,21.0285,7.96395,7.39944,1.18152,0.22748,2.53428,1.72044
695,1,0,1e+08,22948190099501,22948190828788,22948191633030,22948191746522,22948191764274,22948192028518,22948192169842,22948192169878,16,20.7038,7.29287,8.04242,1.13492,0.17752,2.64244,1.41324
696,1,0,1e+08,22948193091583,22948194028112,22948194669394,22948194787018,22948194805250,22948195054986,22948195218386,22948195218414,16,21.2683,9.36529,6.41282,1.17624,0.18232,2.49736,1.634
697,1,0,1e+08,22948196049616,22948196925854,22948197611877,22948197741157,22948197767593,22948198055925,22948198243965,22948198243993,16,21.9438,8.76238,6.86023,1.2928,0.26436,2.88332,1.8804
698,1,0,1e+08,22948198807504,22948199517186,22948200330870,22948200445594,22948200468570,22948200731602,22948200896614,22948200896646,16,20.8914,7.09682,8.13684,1.14724,0.22976,2.63032,1.65012
699,1,0,1e+08,22948201938302,22948202748012,22948203534184,22948203671664,22948203688192,22948203940408,22948204089044,22948204089076,16,21.5077,8.0971,7.86172,1.3748,0.16528,2.52216,1.48636
700,1,0,1e+08,22948204554615,22948205067252,22948205984978,22948206071502,22948206107230,22948206440874,22948206628954,22948206628982,16,20.7437,5.12637,9.17726,0.86524,0.35728,3.33644,1.8808
701,1,0,1e+08,22948207159378,22948207401194,22948207726162,22948207809786,22948207863930,22948208721222,22948208970313,22948208970501,16,18.1112,2.41816,3.24968,0.83624,0.54144,8.57292,2.49091
702,1,0,1e+08,22948209929386,22948210184263,22948210522147,22948210583803,22948210627355,22948210818779,22948210962651,22948210962675,16,10.3329,2.54877,3.37884,0.61656,0.43552,1.91424,1.43872
703,1,0,1e+08,22948211501623,22948212233604,22948213112173,22948213253621,22948213272093,22948213545145,22948213737165,22948213737285,16,22.3566,7.31981,8.78569,1.41448,0.18472,2.73052,1.9202
704,1,0,1e+08,22948214099733,22948214491468,22948215610345,22948215673869,22948215746673,22948216039793,22948216216853,22948216216889,16,21.1716,3.91735,11.1888,0.63524,0.72804,2.9312,1.7706
705,1,0,1e+08,22948216726669,22948217019393,22948217329757,22948217391045,22948217428233,22948217811712,22948218296111,22948218296203,16,15.6953,2.92724,3.10364,0.61288,0.37188,3.83479,4.84399
706,1,0,1e+08,22948219551098,22948219837726,22948220175874,22948220240094,22948220284418,22948220449666,22948220608098,22948220608122,16,10.5702,2.86628,3.38148,0.6422,0.44324,1.65248,1.58432
707,1,0,1e+08,22948221179441,22948221551633,22948221870825,22948221953861,22948222026681,22948222693384,22948223043794,22948223043882,16,18.6444,3.72192,3.19192,0.83036,0.7282,6.66703,3.5041
708,1,0,1e+08,22948223660976,22948223918592,22948224318072,22948224415712,22948224458464,22948225408480,22948225635939,22948225636003,16,19.7503,2.57616,3.9948,0.9764,0.42752,9.50016,2.27459
709,1,0,1e+08,22948226466224,22948226692790,22948227047606,22948227110270,22948227144502,22948227315522,22948227443674,22948227443698,16,9.77474,2.26566,3.54816,0.62664,0.34232,1.7102,1.28152
710,1,0,1e+08,22948228555737,22948228803610,22948229116522,22948229181666,22948229216178,22948229730295,22948230150753,22948230150845,16,15.9511,2.47873,3.12912,0.65144,0.34512,5.14117,4.20458
711,1,0,1e+08,22948231383029,22948231667985,22948232834748,22948233006341,22948233022841,22948233331545,22948233517141,22948233517173,16,21.3414,2.84956,11.6676,1.71593,0.165,3.08704,1.85596
712,1,0,1e+08,22948234059370,22948234270842,22948235471545,22948235539357,22948235593401,22948235905457,22948236161117,22948236161245,16,21.0188,2.11472,12.007,0.67812,0.54044,3.12056,2.5566
713,1,0,1e+08,22948236740980,22948236970769,22948237280441,22948237342029,22948237369869,22948237531157,22948237714557,22948237714581,16,9.73601,2.29789,3.09672,0.61588,0.2784,1.61288,1.834
714,1,0,1e+08,22948238400530,22948239185395,22948240000652,22948240176092,22948240193212,22948240467288,22948240621324,22948240621356,16,22.2083,7.84865,8.15257,1.7544,0.1712,2.74076,1.54036
715,1,0,1e+08,22948242922824,22948243174532,22948243567704,22948243642548,22948243684364,22948244435787,22948244728150,22948244728210,16,18.0539,2.51708,3.93172,0.74844,0.41816,7.51423,2.92363
716,1,0,1e+08,22948245488709,22948245752646,22948246133550,22948246196834,22948246233434,22948246486270,22948246656078,22948246656110,16,11.674,2.63937,3.80904,0.63284,0.366,2.52836,1.69808
717,1,0,1e+08,22948247116408,22948247836838,22948248637100,22948248763396,22948248780904,22948249047884,22948249213600,22948249213632,16,20.9722,7.2043,8.00262,1.26296,0.17508,2.6698,1.65716
718,1,0,1e+08,22948249735863,22948249953807,22948251158924,22948251297064,22948251318116,22948251606932,22948251767268,22948251767304,16,20.3144,2.17944,12.0512,1.3814,0.21052,2.88816,1.60336
719,1,0,1e+08,22948252809714,22948253382890,22948254384446,22948254467550,22948254510194,22948254787306,22948254999762,22948254999846,16,21.9013,5.73176,10.0156,0.83104,0.42644,2.77112,2.12456
720,1,0,1e+08,22948255613906,22948256463922,22948257177918,22948257293994,22948257311790,22948257602514,22948257839266,22948257839378,16,22.2547,8.50016,7.13996,1.16076,0.17796,2.90724,2.36752
721,1,0,1e+08,22948258274999,22948258514021,22948258886293,22948258951121,22948258976301,22948259340922,22948259856007,22948259856095,16,15.811,2.39022,3.72272,0.64828,0.2518,3.64621,5.15085
722,1,0,1e+08,22948260689458,22948260931510,22948261318354,22948261378898,22948261410642,22948261587286,22948261718538,22948261718562,16,10.291,2.42052,3.86844,0.60544,0.31744,1.76644,1.31252
723,1,0,1e+08,22948262271801,22948262882016,22948263801185,22948263934281,22948263951061,22948264212689,22948264443853,22948264443985,16,21.7218,6.10215,9.19169,1.33096,0.1678,2.61628,2.31164
724,1,0,1e+08,22948264989018,22948265216210,22948265539454,22948265620338,22948265659590,22948265828218,22948265982514,22948265982538,16,9.9352,2.27192,3.23244,0.80884,0.39252,1.68628,1.54296
725,1,0,1e+08,22948266597743,22948267313851,22948268135586,22948268273454,22948268290474,22948268569286,22948268728394,22948268728426,16,21.3068,7.16108,8.21735,1.37868,0.1702,2.78812,1.59108
726,1,0,1e+08,22948269084329,22948270170649,22948271343061,22948271504281,22948271522077,22948271839953,22948272000781,22948272000813,16,29.1648,10.8632,11.7241,1.6122,0.17796,3.17876,1.60828
727,1,0,1e+08,22948272034689,22948272265469,22948272748776,22948272924109,22948273047372,22948273819938,22948274034670,22948274034862,16,20.0017,2.3078,4.83307,1.75333,1.23263,7.72566,2.14732
728,1,0,1e+08,22948274293390,22948274572250,22948274931982,22948275026146,22948275043150,22948275214262,22948275352206,22948275352230,16,10.5884,2.7886,3.59732,0.94164,0.17004,1.71112,1.37944
729,1,0,1e+08,22948276383719,22948276661772,22948277849730,22948277931338,22948278013838,22948278335310,22948278511858,22948278511894,16,21.2817,2.78053,11.8796,0.81608,0.825,3.21472,1.76548
730,1,0,1e+08,22948279535534,22948280472406,22948281107746,22948281226222,22948281243274,22948281477786,22948281661642,22948281661670,16,21.2614,9.36872,6.3534,1.18476,0.17052,2.34512,1.83856
731,1,0,1e+08,22948282292343,22948283034269,22948283843643,22948283996051,22948284013307,22948284277615,22948284508151,22948284508267,16,22.1592,7.41926,8.09374,1.52408,0.17256,2.64308,2.30536
732,1,0,1e+08,22948285112560,22948285725753,22948286600716,22948286710112,22948286729468,22948287050684,22948287229160,22948287229192,16,21.1663,6.13193,8.74963,1.09396,0.19356,3.21216,1.78476
733,1,0,1e+08,22948287839446,22948288036290,22948288347506,22948288405422,22948288446154,22948288621182,22948288754714,22948288754738,16,9.15292,1.96844,3.11216,0.57916,0.40732,1.75028,1.33532
734,1,0,1e+08,22948289450633,22948289756323,22948290076463,22948290139755,22948290159571,22948290326959,22948290483887,22948290483911,16,10.3328,3.0569,3.2014,0.63292,0.19816,1.67388,1.56928
735,1,0,1e+08,22948291107258,22948291764495,22948292625217,22948292741741,22948292763149,22948293074437,22948293263493,22948293263593,16,21.5633,6.57237,8.60722,1.16524,0.21408,3.11288,1.89056
736,1,0,1e+08,22948293770630,22948293997106,22948294303662,22948294406918,22948294456818,22948294659974,22948294807554,22948294807578,16,10.3695,2.26476,3.06556,1.03256,0.499,2.03156,1.4758
737,1,0,1e+08,22948295848499,22948296645425,22948297455547,22948297586127,22948297604891,22948297910903,22948298078923,22948298078955,16,22.3046,7.96926,8.10122,1.3058,0.18764,3.06012,1.6802
738,1,0,1e+08,22948298765153,22948299272631,22948300273272,22948300397320,22948300414828,22948300689024,22948300838700,22948300838732,16,20.7358,5.07478,10.0064,1.24048,0.17508,2.74196,1.49676
739,1,0,1e+08,22948301784762,22948302764866,22948303400010,22948303464102,22948303570226,22948303799334,22948303960690,22948303960722,16,21.7596,9.80104,6.35144,0.64092,1.06124,2.29108,1.61356
740,1,0,1e+08,22948304600223,22948305319857,22948305964188,22948306048228,22948306082820,22948306367660,22948306511516,22948306511616,16,19.1139,7.19634,6.44331,0.8404,0.34592,2.8484,1.43856
741,1,0,1e+08,22948307381148,22948308437328,22948309051905,22948309145617,22948309178205,22948309450373,22948309625581,22948309625609,16,22.4446,10.5618,6.14577,0.93712,0.32588,2.72168,1.75208
742,1,0,1e+08,22948310172559,22948310477295,22948311752301,22948311904133,22948311921593,22948312227193,22948312374109,22948312374145,16,22.0159,3.04736,12.7501,1.51832,0.1746,3.056,1.46916
743,1,0,1e+08,22948313099281,22948313309766,22948314497069,22948314633821,22948314654493,22948314966173,22948315153489,22948315153537,16,20.5426,2.10485,11.873,1.36752,0.20672,3.1168,1.87316
744,1,0,1e+08,22948316027730,22948316279022,22948316582466,22948316692606,22948316709578,22948316877210,22948317011166,22948317011190,16,9.8346,2.51292,3.03444,1.1014,0.16972,1.67632,1.33956
745,1,0,1e+08,22948317767027,22948318012329,22948318320049,22948318381185,22948318420469,22948319184032,22948319466174,22948319466330,16,16.993,2.45302,3.0772,0.61136,0.39284,7.63563,2.82142
746,1,0,1e+08,22948320549526,22948320813343,22948321869116,22948322028141,22948322047405,22948322463741,22948322655989,22948322656029,16,21.065,2.63817,10.5577,1.59025,0.19264,4.16336,1.92248
747,1,0,1e+08,22948323490032,22948323758609,22948324988520,22948325135644,22948325154896,22948325443380,22948325585428,22948325585460,16,20.9543,2.68577,12.2991,1.47124,0.19252,2.88484,1.42048
748,1,0,1e+08,22948326365493,22948327096559,22948327925905,22948327998685,22948328040677,22948328312369,22948328458017,22948328458049,16,20.9256,7.31066,8.29346,0.7278,0.41992,2.71692,1.45648
749,1,0,1e+08,22948330047266,22948330459950,22948331005190,22948331101434,22948331147510,22948331554139,22948332073631,22948332073723,16,20.2646,4.12684,5.4524,0.96244,0.46076,4.06629,5.19492
750,1,0,1e+08,22948333649383,22948334541640,22948335185421,22948335323993,22948335341337,22948335587481,22948335747349,22948335747381,16,20.98,8.92257,6.43781,1.38572,0.17344,2.46144,1.59868
751,1,0,1e+08,22948336593069,22948337220470,22948338110358,22948338174558,22948338208154,22948338494434,22948338674978,22948338675082,16,20.8201,6.27401,8.89888,0.642,0.33596,2.8628,1.80544
752,1,0,1e+08,22948339612908,22948340549386,22948341221293,22948341344733,22948341369413,22948341623941,22948341806961,22948341806993,16,21.9409,9.36478,6.71907,1.2344,0.2468,2.54528,1.8302
753,1,0,1e+08,22948342562895,22948343239647,22948344171085,22948344341341,22948344372789,22948344665405,22948344840285,22948344840369,16,22.7747,6.76752,9.31438,1.70256,0.31448,2.92616,1.7488
754,1,0,1e+08,22948345358076,22948345602171,22948346803697,22948346946757,22948346972065,22948347253269,22948347405137,22948347405169,16,20.4709,2.44095,12.0153,1.4306,0.25308,2.81204,1.51868
755,1,0,1e+08,22948348082623,22948348942136,22948349630984,22948349768216,22948349787268,22948350038276,22948350223316,22948350223416,16,21.4079,8.59513,6.88848,1.37232,0.19052,2.51008,1.8504
756,1,0,1e+08,22948350792995,22948351539201,22948352383504,22948352522428,22948352545392,22948352842304,22948352988412,22948352988440,16,21.9545,7.46206,8.44303,1.38924,0.22964,2.96912,1.46108
757,1,0,1e+08,22948353659784,22948353913488,22948354227368,22948354303236,22948354342008,22948354926593,22948355318936,22948355319096,16,16.5931,2.53704,3.1388,0.75868,0.38772,5.84585,3.92343
758,1,0,1e+08,22948356542791,22948356789280,22948357108148,22948357170724,22948357232852,22948357871001,22948358230530,22948358230682,16,16.8789,2.46489,3.18868,0.62576,0.62128,6.38149,3.59529
759,1,0,1e+08,22948359583353,22948359860197,22948361045541,22948361192090,22948361212670,22948361568066,22948361753210,22948361753246,16,21.6989,2.76844,11.8534,1.46549,0.2058,3.55396,1.85144
760,1,0,1e+08,22948362380757,22948362600929,22948363863037,22948363996349,22948364018273,22948364361637,22948364512029,22948364512065,16,21.3131,2.20172,12.6211,1.33312,0.21924,3.43364,1.50392
761,1,0,1e+08,22948365273879,22948366243890,22948366889482,22948367040710,22948367063366,22948367328350,22948367460826,22948367460858,16,21.8698,9.70011,6.45592,1.51228,0.22656,2.64984,1.32476
762,1,0,1e+08,22948367946297,22948368592047,22948369435630,22948369556798,22948369577002,22948369850078,22948370058050,22948370058082,16,21.1179,6.4575,8.43583,1.21168,0.20204,2.73076,2.07972
763,1,0,1e+08,22948370645204,22948371049444,22948372187625,22948372333929,22948372356641,22948372682689,22948372832865,22948372832901,16,21.877,4.0424,11.3818,1.46304,0.22712,3.26048,1.50176
764,1,0,1e+08,22948373546464,22948373789876,22948374091404,22948374150696,22948374203476,22948374958395,22948375220172,22948375220236,16,16.7377,2.43412,3.01528,0.59292,0.5278,7.54919,2.61777
765,1,0,1e+08,22948376413305,22948376623605,22948376948441,22948377003045,22948377035733,22948377214769,22948377367705,22948377367729,16,9.54424,2.103,3.24836,0.54604,0.32688,1.79036,1.52936
766,1,0,1e+08,22948378177671,22948379137862,22948379786322,22948379900702,22948379922582,22948380172430,22948380377658,22948380377690,16,22.0002,9.60191,6.4846,1.1438,0.2188,2.49848,2.05228
767,1,0,1e+08,22948381055412,22948381931196,22948382678525,22948382834937,22948382856893,22948383127921,22948383272477,22948383272505,16,22.1709,8.75784,7.47329,1.56412,0.21956,2.71028,1.44556
768,1,0,1e+08,22948383841210,22948384402096,22948385298516,22948385438032,22948385459720,22948385753280,22948385962784,22948385962816,16,21.2161,5.60886,8.9642,1.39516,0.21688,2.9356,2.09504
769,1,0,1e+08,22948386553470,22948386784498,22948387099526,22948387159262,22948387232882,22948387392242,22948387551386,22948387551410,16,9.9794,2.31028,3.15028,0.59736,0.7362,1.5936,1.59144
770,1,0,1e+08,22948388405881,22948389116902,22948389937424,22948390056748,22948390073436,22948390365008,22948390536364,22948390536396,16,21.3051,7.11021,8.20522,1.19324,0.16688,2.91572,1.71356
771,1,0,1e+08,22948391191796,22948391943227,22948392822409,22948392936185,22948392954401,22948393240561,22948393431489,22948393431517,16,22.3972,7.51431,8.79182,1.13776,0.18216,2.8616,1.90928
772,1,0,1e+08,22948394013802,22948394614877,22948395500618,22948395635274,22948395654818,22948395975758,22948396169686,22948396169722,16,21.5592,6.01075,8.85741,1.34656,0.19544,3.2094,1.93928
773,1,0,1e+08,22948396784609,22948397376837,22948398303162,22948398443098,22948398467946,22948398739162,22948398910890,22948398910918,16,21.2631,5.92228,9.26325,1.39936,0.24848,2.71216,1.71728
774,1,0,1e+08,22948399713888,22948400409019,22948401293161,22948401409037,22948401430321,22948401689845,22948401844601,22948401844633,16,21.3074,6.95131,8.84142,1.15876,0.21284,2.59524,1.54756
775,1,0,1e+08,22948402431113,22948403281262,22948403996490,22948404181566,22948404208254,22948404476986,22948404628618,22948404628650,16,21.9754,8.50149,7.15228,1.85076,0.26688,2.68732,1.51632
776,1,0,1e+08,22948405377408,22948406094728,22948406849853,22948407005393,22948407027421,22948407287037,22948407441029,22948407441057,16,20.6365,7.1732,7.55125,1.5554,0.22028,2.59616,1.53992
777,1,0,1e+08,22948408028107,22948408759048,22948409549826,22948409664902,22948409686274,22948409946806,22948410129910,22948410129942,16,21.0184,7.30941,7.90778,1.15076,0.21372,2.60532,1.83104
778,1,0,1e+08,22948410664870,22948411330705,22948412216465,22948412326813,22948412342865,22948412629569,22948412762865,22948412762897,16,20.9803,6.65835,8.8576,1.10348,0.16052,2.86704,1.33296
779,1,0,1e+08,22948413978820,22948414606159,22948415512752,22948415648000,22948415673200,22948415972356,22948416153904,22948416153936,16,21.7512,6.27339,9.06593,1.35248,0.252,2.99156,1.81548
780,1,0,1e+08,22948416917954,22948417698483,22948418455534,22948418582258,22948418614574,22948418875126,22948419015598,22948419015630,16,20.9768,7.80529,7.57051,1.26724,0.32316,2.60552,1.40472
781,1,0,1e+08,22948419770520,22948420641530,22948421330225,22948421490453,22948421515241,22948421768549,22948421905993,22948421906021,16,21.355,8.7101,6.88695,1.60228,0.24788,2.53308,1.37444
782,1,0,1e+08,22948422395627,22948423236895,22948423977701,22948424095073,22948424125565,22948424403141,22948424600569,22948424600597,16,22.0497,8.41268,7.40806,1.17372,0.30492,2.77576,1.97428
783,1,0,1e+08,22948425174200,22948425786683,22948426703684,22948426834496,22948426856272,22948427130336,22948427296952,22948427297036,16,21.2284,6.12483,9.17001,1.30812,0.21776,2.74064,1.66616
784,1,0,1e+08,22948427993125,22948428932008,22948429579441,22948429662161,22948429720265,22948429967849,22948430105677,22948430105705,16,21.1258,9.38883,6.47433,0.8272,0.58104,2.47584,1.37828
785,1,0,1e+08,22948430732230,22948431713317,22948432375143,22948432458403,22948432492367,22948432770171,22948432918975,22948432919003,16,21.8677,9.81087,6.61826,0.8326,0.33964,2.77804,1.48804
786,1,0,1e+08,22948433640854,22948434460922,22948435250060,22948435391592,22948435417720,22948435687600,22948435845016,22948435845048,16,22.0419,8.20068,7.89138,1.41532,0.26128,2.6988,1.57416
787,1,0,1e+08,22948436417491,22948437120811,22948437942738,22948438073246,22948438094926,22948438382490,22948438569978,22948438570006,16,21.5252,7.0332,8.21927,1.30508,0.2168,2.87564,1.87488
788,1,0,1e+08,22948439073970,22948439934662,22948440615925,22948440755785,22948440786189,22948441055373,22948441208829,22948441208861,16,21.3489,8.60692,6.81263,1.3986,0.30404,2.69184,1.53456
789,1,0,1e+08,22948442205158,22948442887418,22948443733938,22948443884122,22948443905610,22948444159402,22948444336434,22948444336462,16,21.313,6.8226,8.4652,1.50184,0.21488,2.53792,1.77032
790,1,0,1e+08,22948444856483,22948445578202,22948446432613,22948446564397,22948446585329,22948446883485,22948447044421,22948447044453,16,21.8797,7.21719,8.54411,1.31784,0.20932,2.98156,1.60936
791,1,0,1e+08,22948447642917,22948448461969,22948449192113,22948449297805,22948449337625,22948449633317,22948449806765,22948449806865,16,21.6395,8.19052,7.30144,1.05692,0.3982,2.95692,1.73448
792,1,0,1e+08,22948450191435,22948450377227,22948450677259,22948450740147,22948450790079,22948450969479,22948451116075,22948451116243,16,9.24808,1.85792,3.00032,0.62888,0.49932,1.794,1.46596
793,1,0,1e+08,22948452136387,22948452892216,22948453734309,22948453872541,22948453901693,22948454191821,22948454399405,22948454399433,16,22.6305,7.55829,8.42093,1.38232,0.29152,2.90128,2.07584
794,1,0,1e+08,22948454875062,22948455511539,22948456340151,22948456454531,22948456471679,22948456761663,22948456939579,22948456939611,16,20.6455,6.36477,8.28612,1.1438,0.17148,2.89984,1.77916
795,1,0,1e+08,22948457572401,22948457838341,22948458152873,22948458217445,22948458260141,22948458448881,22948458588717,22948458588745,16,10.1634,2.6594,3.14532,0.64572,0.42696,1.8874,1.39836
796,1,0,1e+08,22948459034285,22948459773954,22948460596250,22948460770222,22948460790874,22948461093022,22948461236142,22948461236174,16,22.0189,7.39669,8.22296,1.73972,0.20652,3.02148,1.4312
797,1,0,1e+08,22948461676259,22948461915087,22948462231555,22948462312103,22948462348539,22948462709753,22948463220777,22948463221053,16,15.4479,2.38828,3.16468,0.80548,0.36436,3.61214,5.11024
798,1,0,1e+08,22948464354708,22948464580692,22948464937628,22948465089234,22948465206289,22948466049861,22948466260566,22948466260630,16,19.0592,2.25984,3.56936,1.51606,1.17055,8.43572,2.10705
799,1,0,1e+08,22948467063254,22948467315214,22948468419436,22948468546009,22948468566113,22948468923897,22948469094177,22948469094245,16,20.3099,2.5196,11.0422,1.26573,0.20104,3.57784,1.7028
800,1,0,1e+08,22948469688056,22948469902460,22948470863684,22948470955252,22948470997894,22948471463606,22948471660982,22948471661102,16,19.7305,2.14404,9.61224,0.91568,0.42642,4.65712,1.97376
801,1,0,1e+08,22948472338931,22948472875142,22948473907578,22948474035942,22948474056326,22948474365390,22948474534662,22948474534766,16,21.9584,5.36211,10.3244,1.28364,0.20384,3.09064,1.69272
802,1,0,1e+08,22948475014780,22948475264704,22948476454926,22948476597498,22948476614082,22948476917438,22948477109626,22948477109722,16,20.9494,2.49924,11.9022,1.42572,0.16584,3.03356,1.92188
803,1,0,1e+08,22948477879523,22948478337719,22948479373646,22948479440798,22948479480290,22948479770666,22948479943610,22948479943710,16,20.6419,4.58196,10.3593,0.67152,0.39492,2.90376,1.72944
804,1,0,1e+08,22948480516375,22948481143270,22948482011226,22948482078382,22948482158122,22948482460266,22948482665070,22948482665102,16,21.4873,6.26895,8.67956,0.67156,0.7974,3.02144,2.04804
805,1,0,1e+08,22948483285632,22948483542620,22948483857628,22948483921368,22948483956728,22948484389526,22948484887724,22948484887876,16,16.0224,2.56988,3.15008,0.6374,0.3536,4.32798,4.98198
806,1,0,1e+08,22948485834169,22948486084715,22948486436007,22948486529167,22948486545899,22948486717103,22948486871919,22948486871987,16,10.3782,2.50546,3.51292,0.9316,0.16732,1.71204,1.54816
807,1,0,1e+08,22948487486047,22948488138595,22948488471431,22948488561603,22948488595551,22948488769475,22948488917211,22948488917235,16,14.3119,6.52548,3.32836,0.90172,0.33948,1.73924,1.47736
808,1,0,1e+08,22948489172453,22948490132289,22948490774608,22948490934572,22948490978292,22948491222196,22948491407140,22948491407252,16,22.348,9.59836,6.42319,1.59964,0.4372,2.43904,1.84944
809,1,0,1e+08,22948491980586,22948492269106,22948492607934,22948492677166,22948492720930,22948492881314,22948493030206,22948493030230,16,10.4964,2.8852,3.38828,0.69232,0.43764,1.60384,1.48892
810,1,0,1e+08,22948494023481,22948494887464,22948495602878,22948495700238,22948495725018,22948496007218,22948496193198,22948496193230,16,21.6975,8.63983,7.15414,0.9736,0.2478,2.822,1.8598
811,1,0,1e+08,22948496877171,22948497474583,22948498406332,22948498575004,22948498594596,22948498863656,22948499021668,22948499021696,16,21.4452,5.97412,9.31749,1.68672,0.19592,2.6906,1.58012
812,1,0,1e+08,22948499647317,22948500512934,22948501207894,22948501318178,22948501334122,22948501590186,22948501734314,22948501734346,16,20.8703,8.65617,6.9496,1.10284,0.15944,2.56064,1.44128
813,1,0,1e+08,22948502237260,22948502990256,22948503757347,22948503881747,22948503900503,22948504180111,22948504358127,22948504358211,16,21.2095,7.52996,7.67091,1.244,0.18756,2.79608,1.78016
814,1,0,1e+08,22948505057603,22948505596024,22948506585194,22948506701866,22948506720786,22948506988426,22948507177566,22948507177706,16,21.201,5.38421,9.8917,1.16672,0.1892,2.6764,1.8914
815,1,0,1e+08,22948507757829,22948507958997,22948508325333,22948508389941,22948508465481,22948509169261,22948509478196,22948509478348,16,17.2052,2.01168,3.66336,0.64608,0.7554,7.0378,3.08935
816,1,0,1e+08,22948510107801,22948510469101,22948510842489,22948510953637,22948511001545,22948511255817,22948511828673,22948511828897,16,17.211,3.613,3.73388,1.11148,0.47908,2.54272,5.72856
817,1,0,1e+08,22948512756891,22948512991799,22948513375711,22948513452699,22948513503215,22948513689295,22948513849275,22948513849299,16,10.9241,2.34908,3.83912,0.76988,0.50516,1.8608,1.5998
818,1,0,1e+08,22948514365214,22948514560834,22948515619842,22948515706696,22948515737476,22948516197221,22948516398589,22948516398705,16,20.3349,1.9562,10.5901,0.86854,0.3078,4.59745,2.01368
819,1,0,1e+08,22948517604021,22948518641520,22948519513092,22948519636120,22948519655920,22948519937064,22948520076888,22948520076920,16,24.729,10.375,8.71572,1.23028,0.198,2.81144,1.39824
820,1,0,1e+08,22948520107732,22948520325068,22948520650580,22948520728296,22948520830905,22948521796093,22948521996349,22948521996405,16,18.8867,2.17336,3.25512,0.77716,1.02609,9.65188,2.00256
821,1,0,1e+08,22948522825500,22948523622656,22948524083064,22948524215344,22948524263564,22948525202272,22948525444020,22948525444204,16,26.187,7.97156,4.60408,1.3228,0.4822,9.38708,2.41748
822,1,0,1e+08,22948525474281,22948525815558,22948526268494,22948526332998,22948526402798,22948526620194,22948526770674,22948526770702,16,12.9642,3.41277,4.52936,0.64504,0.698,2.17396,1.5048
823,1,0,1e+08,22948527118704,22948527713429,22948528690569,22948528828249,22948528848545,22948529137597,22948529287065,22948529287097,16,21.6839,5.94725,9.7714,1.3768,0.20296,2.89052,1.49468
824,1,0,1e+08,22948530170372,22948530941185,22948531672842,22948531789442,22948531811262,22948532071202,22948532233314,22948532233342,16,20.6297,7.70813,7.31657,1.166,0.2182,2.5994,1.62112
825,1,0,1e+08,22948532936992,22948533476016,22948534482641,22948534650233,22948534668701,22948534934657,22948535088169,22948535088201,16,21.5121,5.39024,10.0663,1.67592,0.18468,2.65956,1.53512
826,1,0,1e+08,22948536076951,22948536282323,22948537557218,22948537679698,22948537696410,22948538014762,22948538199386,22948538199418,16,21.2247,2.05372,12.749,1.2248,0.16712,3.18352,1.84624
827,1,0,1e+08,22948538913237,22948539759827,22948540492533,22948540610197,22948540629085,22948540900933,22948541051189,22948541051221,16,21.3798,8.4659,7.32706,1.17664,0.18888,2.71848,1.50256
828,1,0,1e+08,22948541635110,22948542416099,22948543162220,22948543276036,22948543293416,22948543578768,22948543725804,22948543725836,16,20.9073,7.80989,7.46121,1.13816,0.1738,2.85352,1.47036
829,1,0,1e+08,22948544339486,22948544546330,22948544995730,22948545085186,22948545112338,22948545338318,22948545513282,22948545513310,16,11.7382,2.06844,4.494,0.89456,0.27152,2.2598,1.74964
830,1,0,1e+08,22948545900522,22948546335727,22948547444684,22948547541336,22948547600416,22948547871080,22948548044684,22948548044720,16,21.442,4.35205,11.0896,0.96652,0.5908,2.70664,1.73604
831,1,0,1e+08,22948548637132,22948550063867,22948551273009,22948551387621,22948551405629,22948551739149,22948551881933,22948551881969,16,32.4484,14.2674,12.0914,1.14612,0.18008,3.3352,1.42784
832,1,0,1e+08,22948551913053,22948552118297,22948552491261,22948552608769,22948552628085,22948552808281,22948552982177,22948552982201,16,10.6915,2.05244,3.72964,1.17508,0.19316,1.80196,1.73896
833,1,0,1e+08,22948553163341,22948553465261,22948554187794,22948554375125,22948554450983,22948554994236,22948555199180,22948555199360,16,20.3602,3.0192,7.22533,1.87331,0.75858,5.43253,2.04944
834,1,0,1e+08,22948555909336,22948556117316,22948556438696,22948556509020,22948556554784,22948557243356,22948557599604,22948557599812,16,16.9048,2.0798,3.2138,0.70324,0.45764,6.88572,3.56248
835,1,0,1e+08,22948558654783,22948558924549,22948559660207,22948559832986,22948560004325,22948560553337,22948560742453,22948560742497,16,20.8771,2.69766,7.35658,1.72779,1.71339,5.49012,1.89116
836,1,0,1e+08,22948561544064,22948561767152,22948562078504,22948562140636,22948562184456,22948562373744,22948562553544,22948562553568,16,10.095,2.23088,3.11352,0.62132,0.4382,1.89288,1.798
837,1,0,1e+08,22948563127690,22948564757884,22948565553476,22948565665712,22948565688712,22948565970816,22948566113172,22948566113204,16,29.8551,16.3019,7.95592,1.12236,0.23,2.82104,1.42356
838,1,0,1e+08,22948566149052,22948566361792,22948566706316,22948566778068,22948566827336,22948567303522,22948567705342,22948567705406,16,15.5635,2.1274,3.44524,0.71752,0.49268,4.76186,4.0182
839,1,0,1e+08,22948567838358,22948568249455,22948568719647,22948568788539,22948568832423,22948569050359,22948569218027,22948569218055,16,13.797,4.11097,4.70192,0.68892,0.43884,2.17936,1.67668
840,1,0,1e+08,22948570071380,22948573184762,22948573843950,22948574002834,22948574025502,22948574286598,22948574419678,22948574419710,16,43.4833,31.1338,6.59188,1.58884,0.22668,2.61096,1.3308
841,1,0,1e+08,22948574450378,22948574657874,22948575016770,22948575098078,22948575170730,22948575925367,22948576188060,22948576188144,16,17.3777,2.07496,3.58896,0.81308,0.72652,7.54637,2.62693
842,1,0,1e+08,22948576287400,22948576628876,22948577107984,22948577179028,22948577217856,22948577519461,22948578109126,22948578109226,16,18.2183,3.41476,4.79108,0.71044,0.38828,3.01605,5.89665
843,1,0,1e+08,22948578153498,22948578972444,22948579437516,22948579500616,22948579544580,22948579754496,22948579884496,22948579884524,16,17.3103,8.18946,4.65072,0.631,0.43964,2.09916,1.3
844,1,0,1e+08,22948579915192,22948581219164,22948581530404,22948581610564,22948581652752,22948581817892,22948581947408,22948581947432,16,20.3224,13.0397,3.1124,0.8016,0.42188,1.6514,1.29516
845,1,0,1e+08,22948581980456,22948582178396,22948582517340,22948582650100,22948582667796,22948583501982,22948583747372,22948583747612,16,17.6716,1.9794,3.38944,1.3276,0.17696,8.34186,2.4539
846,1,0,1e+08,22948583791380,22948584886505,22948585254233,22948585345117,22948585393357,22948585556689,22948585738877,22948585738901,16,19.4752,10.9512,3.67728,0.90884,0.4824,1.63332,1.82188
847,1,0,1e+08,22948585919269,22948586116897,22948586425805,22948586488953,22948586517021,22948586688725,22948586836069,22948586836181,16,9.16912,1.97628,3.08908,0.63148,0.28068,1.71704,1.47344
848,1,0,1e+08,22948587607951,22948589736374,22948590765357,22948590886129,22948590903449,22948591180261,22948591325705,22948591325737,16,37.1779,21.2842,10.2898,1.20772,0.1732,2.76812,1.45444
849,1,0,1e+08,22948591362213,22948591608257,22948591969337,22948592028113,22948592049485,22948592212169,22948592406817,22948592406949,16,10.4474,2.46044,3.6108,0.58776,0.21372,1.62684,1.94648
850,1,0,1e+08,22948592458329,22948593276292,22948593612256,22948593690680,22948593709008,22948593866688,22948594022708,22948594022732,16,15.644,8.17963,3.35964,0.78424,0.18328,1.5768,1.5602
851,1,0,1e+08,22948594064084,22948596046241,22948596980260,22948597092072,22948597113556,22948597397944,22948597588272,22948597588304,16,35.2422,19.8216,9.34019,1.11812,0.21484,2.84388,1.90328
852,1,0,1e+08,22948597631684,22948597888220,22948598213936,22948598288368,22948598312908,22948598484616,22948598644344,22948598644368,16,10.1268,2.56536,3.25716,0.74432,0.2454,1.71708,1.59728
853,1,0,1e+08,22948598688844,22948611658713,22948612024125,22948612074721,22948612087949,22948612252017,22948612404353,22948612404477,16,137.156,129.699,3.65412,0.50596,0.13228,1.64068,1.52336
854,1,0,1e+08,22948612438461,22948614460134,22948615475553,22948615568545,22948615592781,22948615909373,22948616036165,22948616036193,16,35.9773,20.2167,10.1542,0.92992,0.24236,3.16592,1.26792
855,1,0,1e+08,22948616062781,22948617733328,22948618970297,22948619051357,22948619072209,22948619419553,22948619617741,22948619617877,16,35.551,16.7055,12.3697,0.8106,0.20852,3.47344,1.98188
856,1,0,1e+08,22948619645401,22948621480456,22948622527980,22948622613972,22948622645616,22948623106936,22948623267752,22948623267924,16,36.2252,18.3506,10.4752,0.85992,0.31644,4.6132,1.60816
857,1,0,1e+08,22948623295532,22948623560828,22948623972928,22948624058584,22948624090732,22948624958692,22948625198446,22948625198654,16,19.0312,2.65296,4.121,0.85656,0.32148,8.6796,2.39754
858,1,0,1e+08,22948625239719,22948626297775,22948626628087,22948626689791,22948626729951,22948626942763,22948627104419,22948627104443,16,18.6472,10.5806,3.30312,0.61704,0.4016,2.12812,1.61656
859,1,0,1e+08,22948627140447,22948629472516,22948630119590,22948630220010,22948630235862,22948630467350,22948630612326,22948630612426,16,34.7198,23.3207,6.47074,1.0042,0.15852,2.31488,1.44976
860,1,0,1e+08,22948630649398,22948630909114,22948632132710,22948632283794,22948632316350,22948632663874,22948632805274,22948632805306,16,21.5591,2.59716,12.236,1.51084,0.32556,3.47524,1.414
861,1,0,1e+08,22948632837802,22948633083486,22948633431626,22948633501186,22948633551102,22948634287662,22948634620122,22948634620322,16,17.8252,2.45684,3.4814,0.6956,0.49916,7.3656,3.3246
862,1,0,1e+08,22948634660510,22948635436690,22948635862574,22948635927630,22948635969758,22948636171662,22948636334250,22948636334270,16,16.7376,7.7618,4.25884,0.65056,0.42128,2.01904,1.62588
863,1,0,1e+08,22948636364606,22948637811304,22948638155064,22948638250124,22948638302996,22948638460380,22948638600952,22948638601064,16,22.3646,14.467,3.4376,0.9506,0.52872,1.57384,1.40572
864,1,0,1e+08,22948638631356,22948638824720,22948639145932,22948639208728,22948639254956,22948639903681,22948640227181,22948640227241,16,15.9588,1.93364,3.21212,0.62796,0.46228,6.48725,3.235
865,1,0,1e+08,22948640261381,22948641419108,22948641765908,22948641873112,22948641889492,22948642048664,22948642176556,22948642176580,16,19.152,11.5773,3.468,1.07204,0.1638,1.59172,1.27892
866,1,0,1e+08,22948642206096,22948644594384,22948645261820,22948645379852,22948645400392,22948645653356,22948645824200,22948645824228,16,36.1813,23.8829,6.67436,1.18032,0.2054,2.52964,1.70844
867,1,0,1e+08,22948645864944,22948646544918,22948647356570,22948647447694,22948647510754,22948647774958,22948647930610,22948647930642,16,20.657,6.79974,8.11652,0.91124,0.6306,2.64204,1.55652
868,1,0,1e+08,22948647971682,22948649562192,22948650160101,22948650282381,22948650305077,22948650654648,22948651213927,22948651214019,16,32.4234,15.9051,5.97909,1.2228,0.22696,3.49571,5.59279
869,1,0,1e+08,22948651257463,22948652171244,22948652628788,22948652716052,22948652767836,22948653626158,22948653856624,22948653856684,16,25.9922,9.13781,4.57544,0.87264,0.51784,8.58322,2.30466
870,1,0,1e+08,22948654102796,22948655648051,22948656544578,22948656707758,22948656731298,22948657004610,22948657201982,22948657202010,16,30.9921,15.4526,8.96527,1.6318,0.2354,2.73312,1.97372
871,1,0,1e+08,22948657722613,22948658614084,22948659273218,22948659375826,22948659393910,22948659638006,22948659791998,22948659792026,16,20.6941,8.91471,6.59134,1.02608,0.18084,2.44096,1.53992
872,1,0,1e+08,22948660361524,22948660723847,22948661828946,22948661892882,22948661944246,22948662230334,22948662450826,22948662450866,16,20.8934,3.62323,11.051,0.63936,0.51364,2.86088,2.20492
873,1,0,1e+08,22948663157576,22948663876831,22948664657834,22948664757978,22948664775222,22948665033498,22948665184350,22948665184382,16,20.2681,7.19255,7.81003,1.00144,0.17244,2.58276,1.50852
874,1,0,1e+08,22948665798097,22948666197833,22948667264929,22948667359085,22948667401877,22948667746137,22948667949417,22948667949513,16,21.5142,3.99736,10.671,0.94156,0.42792,3.4426,2.0328
875,1,0,1e+08,22948668525087,22948669163941,22948670106344,22948670281260,22948670298012,22948670574416,22948670770260,22948670770292,16,22.452,6.38854,9.42403,1.74916,0.16752,2.76404,1.95844
876,1,0,1e+08,22948671299990,22948671862353,22948672796654,22948672949982,22948672967354,22948673240626,22948673397518,22948673397550,16,20.9756,5.62363,9.34301,1.53328,0.17372,2.73272,1.56892
877,1,0,1e+08,22948674030475,22948674309623,22948674614067,22948674745139,22948674761427,22948675505015,22948675776952,22948675777016,16,17.4654,2.79148,3.04444,1.31072,0.16288,7.43588,2.71937
878,1,0,1e+08,22948676597463,22948676836995,22948677207699,22948677349807,22948677443822,22948678315422,22948678546730,22948678546866,16,19.494,2.39532,3.70704,1.42108,0.94015,8.716,2.31308
879,1,0,1e+08,22948679997642,22948680228542,22948680824151,22948681001213,22948681100252,22948681793076,22948682013564,22948682013704,16,20.1606,2.309,5.95609,1.77062,0.99039,6.92824,2.20488
880,1,0,1e+08,22948682987878,22948683184350,22948683584446,22948683648970,22948683679770,22948683924086,22948684114754,22948684114798,16,11.2692,1.96472,4.00096,0.64524,0.308,2.44316,1.90668
881,1,0,1e+08,22948684497305,22948684725551,22948685106715,22948685172255,22948685256187,22948685437367,22948685671139,22948685671499,16,11.7419,2.28246,3.81164,0.6554,0.83932,1.8118,2.33772
882,1,0,1e+08,22948687378106,22948687622110,22948688001418,22948688118158,22948688137326,22948688369050,22948688527578,22948688527606,16,11.495,2.44004,3.79308,1.1674,0.19168,2.31724,1.58528
883,1,0,1e+08,22948688920990,22948689874325,22948690602194,22948690722134,22948690747378,22948691039966,22948691249182,22948691249214,16,23.2822,9.53335,7.27869,1.1994,0.25244,2.92588,2.09216
