frame,surf_acquire,vp_total,vp_setup,vp_create_view,vp_set_stream,vp_setter_fmt,vp_setter_src_rect,vp_setter_dst_rect,vp_blt,vp_submit_window,vp_range_pass,clear_prev_above,vp_chart_blend,chart_flush,vp_gauge_blend,gauge_flush,map_resample,vp_map_blend,map_flush1,map_flush2,above_blend,above_flush,flush_total,vp_hud_compute,vp_release_view,amf_create_surface,amf_submit_input,amf_query,amf_packet_write,process_frame_total,pool_index,decoder_tex_id,vp_out_tex_id,array_index,setters_skipped,state_sig,amf_submitted,amf_received,amf_query_calls,amf_outputs,retries,submit_result,query_result,decoder_copy
0,0.0585,8.2877,0.015,0.0029,0.012,0.0091,0.0012,0.0013,4.6954,8.2623,0.0107,0.0001,0.0324,3.0136,0.0212,0.0613,0.0055,0.0063,0.0797,0.082,0.0025,0.0564,3.293,0.0062,0.0095,0.013,12.0979,0.0124,0,20.4738,0,411548832,2147199200,0,0,116476604,1,0,1,0,0,0,24,0
1,0.0488,1.6325,0.8425,0.0025,0.8399,0.8295,0.0082,0.0012,0.2604,0.7766,0.0098,0.0063,0.0074,0.0971,0.0208,0.0756,0.0057,0.0058,0.0931,0.0982,0.0066,0.078,0.442,0.0049,0.0119,0.0184,1.872,0.009,0,3.5845,1,411548832,2147210464,1,0,116476604,2,0,1,0,0,0,24,0
2,0.0461,1.5992,0.6435,0.003,0.6403,0.6314,0.0066,0.0015,0.2476,0.9398,0.0087,0.0064,0.0129,0.1492,0.0283,0.1475,0.0146,0.0069,0.143,0.071,0.0089,0.0726,0.5833,0.0085,0.0148,0.0204,0.8618,0.2479,0.4979,3.5186,2,411548832,2147204832,2,0,116476604,3,1,1,1,0,0,0,0
3,0.0791,2.1972,1.0293,0.004,1.0251,1.0164,0.0057,0.0016,0.2783,1.1482,0.0128,0.0078,0.0091,0.0878,0.0041,0.0436,0.004,0.0045,0.3919,0.1713,0.0026,0.1125,0.8071,0.0128,0.0184,0.0263,0.542,0.1696,0.3276,3.488,3,411548832,2147197792,0,0,116476604,4,2,1,1,0,0,0,0
4,0.1078,2.3109,1.512,0.0065,1.5046,1.4909,0.0102,0.0016,0.3571,0.7858,0.0113,0.0069,0.0085,0.1211,0.0086,0.0745,0.0071,0.0041,0.0699,0.0531,0.0035,0.0493,0.3679,0.0049,0.0118,0.0203,14.5876,0.3566,1.4841,19.4992,4,411548832,2147205536,1,0,116476604,5,3,1,1,0,0,0,0
5,0.0435,1.7147,0.8899,0.0025,0.8873,0.879,0.0059,0.0012,0.4257,0.8155,0.0315,0.0205,0.0157,0.1417,0.0037,0.0318,0.0032,0.0034,0.0435,0.0432,0.0031,0.0401,0.3003,0.0028,0.0087,0.014,0.3384,0.0028,0,2.1162,5,411548832,2147194976,2,0,116476604,6,3,1,0,0,0,24,0
6,0.1059,2.2048,1.2411,0.0062,1.2347,1.2255,0.007,0.0014,0.2987,0.9398,0.0137,0.0081,0.0084,0.1404,0.0084,0.211,0.0068,0.007,0.0808,0.0674,0.0045,0.0733,0.5729,0.0045,0.0228,0.0401,0.7808,0.1485,0.3042,3.7391,6,411548832,2147200608,0,0,116476604,7,4,1,1,0,0,0,0
7,0.0395,2.3209,0.6806,0.0024,0.678,0.6713,0.0045,0.001,0.2041,1.6266,0.0086,0.0047,0.0068,0.1788,0.0042,0.2162,0.0039,0.0036,0.1712,0.1692,0.003,0.6437,1.3791,0.0042,0.0128,0.0173,0.304,0.1487,0.2624,3.2475,7,411548832,2147206944,1,0,116476604,8,5,1,1,0,0,0,0
8,0.0399,4.2117,0.8816,0.0025,0.879,0.8699,0.0068,0.0009,0.2321,3.2792,0.0106,0.0058,0.0062,0.3226,0.0089,0.2037,0.0059,0.0072,0.1905,0.486,0.0243,1.7371,2.9399,0.0258,0.0469,0.0675,9.6431,0.0146,0,13.9859,0,411548832,2147199200,2,0,116476604,9,5,1,0,0,0,24,0
9,0.0601,1.9098,0.8694,0.0057,0.8635,0.849,0.0109,0.002,0.3786,1.0264,0.0159,0.0067,0.0097,0.1134,0.006,0.065,0.0058,0.0183,0.1542,0.1593,0.0075,0.075,0.5669,0.0046,0.0129,0.0196,0.7891,0.2892,0.5421,3.9429,1,411548832,2147210464,0,0,116476604,10,6,1,1,0,0,0,0
10,0.0539,1.4252,0.7841,0.0042,0.7798,0.7675,0.0093,0.0016,0.2778,0.6286,0.0108,0.007,0.0097,0.0909,0.0046,0.0477,0.0036,0.0033,0.0556,0.0527,0.0028,0.0537,0.3006,0.0032,0.0114,0.0189,0.3663,0.2954,0.358,2.7749,2,411548832,2147204832,1,0,116476604,11,7,1,1,0,0,0,0
11,0.0509,2.1531,1.2628,0.0039,1.2587,1.2451,0.0109,0.0012,0.3214,0.8701,0.0094,0.0075,0.0076,0.1099,0.0072,0.0601,0.0047,0.0145,0.0741,0.138,0.0039,0.0988,0.4809,0.0069,0.0185,0.0305,0.481,0.4406,0.4463,3.8965,3,411548832,2147197792,2,0,116476604,12,8,1,1,0,0,0,0
12,0.0595,1.6623,0.887,0.0036,0.8833,0.858,0.023,0.0011,0.2552,0.7509,0.009,0.0065,0.0067,0.0679,0.0039,0.0496,0.0051,0.016,0.1075,0.1205,0.0046,0.0867,0.4322,0.0059,0.0222,0.0334,0.5713,0.3975,0.9961,4.2766,4,411548832,2147205536,0,0,116476604,13,9,1,1,0,0,0,0
13,0.0399,1.3181,0.6722,0.0026,0.6694,0.6627,0.005,0.001,0.1729,0.6322,0.008,0.0043,0.0057,0.0648,0.0028,0.0864,0.009,0.0132,0.1305,0.0684,0.0037,0.0525,0.4026,0.0039,0.0122,0.0151,0.7977,0.4628,1.4897,4.8656,5,411548832,2147194976,1,0,116476604,14,10,1,1,0,0,0,0
14,0.04,1.7261,0.6779,0.0023,0.6755,0.6681,0.0056,0.001,0.1923,1.003,0.0242,0.0125,0.0109,0.13,0.005,0.0396,0.005,0.0105,0.0681,0.0987,0.0319,0.3415,0.6779,0.0198,0.041,0.0664,2.5472,0.9774,1.159,7.2091,6,411548832,2147200608,2,0,116476604,15,11,1,1,0,0,0,0
15,0.0591,1.5545,0.6635,0.0032,0.6602,0.6534,0.0049,0.0012,0.2938,0.8774,0.0102,0.0053,0.009,0.15,0.0114,0.0843,0.0063,0.0096,0.1013,0.0834,0.0052,0.0922,0.5112,0.0079,0.0128,0.0183,0.2948,0.0037,0,1.9331,7,411548832,2147206944,0,0,116476604,16,11,1,0,0,0,24,0
16,0.0414,1.4074,0.6147,0.0025,0.6121,0.606,0.0044,0.0009,0.1994,0.7546,0.0079,0.0047,0.006,0.148,0.0101,0.0709,0.0069,0.0202,0.0974,0.0689,0.0032,0.0984,0.4836,0.0059,0.0212,0.0279,4.0738,0.8541,1.186,8.4199,0,411548832,2147199200,1,0,116476604,17,12,1,1,0,0,0,0
17,0.0458,1.4177,0.7427,0.0025,0.7401,0.7313,0.0065,0.0013,0.1907,0.6351,0.0096,0.0058,0.0069,0.1394,0.0053,0.0802,0.0051,0.0035,0.0741,0.0529,0.0022,0.0508,0.3974,0.0037,0.0188,0.0174,0.2601,0.2679,0.2949,2.5192,1,411548832,2147210464,2,0,116476604,18,13,1,1,0,0,0,0
18,0.0394,1.1776,0.6784,0.0024,0.6759,0.6678,0.0062,0.001,0.1755,0.4631,0.0079,0.0044,0.0055,0.0576,0.0033,0.0292,0.0028,0.0062,0.0601,0.0538,0.0029,0.0458,0.2465,0.0039,0.0184,0.0307,0.4434,0.2399,0.419,2.5623,2,411548832,2147204832,0,0,116476604,19,14,1,1,0,0,0,0
19,0.0573,1.5134,0.839,0.0051,0.8334,0.8228,0.0077,0.0015,0.2422,0.6583,0.0107,0.0059,0.0077,0.0966,0.007,0.0498,0.0066,0.0083,0.08,0.0768,0.0038,0.051,0.3542,0.0047,0.0093,0.0167,0.285,0.1944,0.3757,2.6083,3,411548832,2147197792,1,0,116476604,20,15,1,1,0,0,0,0
20,0.0438,1.4354,0.7161,0.0026,0.7134,0.7054,0.0054,0.0012,0.1929,0.6969,0.0088,0.0056,0.0072,0.1048,0.0076,0.0627,0.0063,0.0057,0.0854,0.0829,0.007,0.107,0.4428,0.005,0.0114,0.017,0.3227,0.1909,0.3802,2.6051,4,411548832,2147205536,2,0,116476604,21,16,1,1,0,0,0,0
21,0.0449,1.6408,0.7282,0.0026,0.7254,0.7169,0.0063,0.0014,0.3228,0.8898,0.0187,0.0125,0.0183,0.128,0.007,0.0767,0.0069,0.0049,0.0943,0.0552,0.0051,0.1239,0.4781,0.0064,0.0129,0.0245,0.5357,0.363,1.197,4.1486,5,411548832,2147194976,0,0,116476604,22,17,1,1,0,0,0,0
22,0.0522,1.3293,0.7076,0.0028,0.7046,0.6962,0.006,0.0012,0.2103,0.5969,0.0233,0.0125,0.0086,0.099,0.0061,0.0346,0.0054,0.0074,0.0663,0.0629,0.0048,0.0451,0.3079,0.0034,0.0139,0.0261,0.3057,0.2737,0.4741,2.7207,6,411548832,2147200608,1,0,116476604,23,18,1,1,0,0,0,0
23,0.0633,1.4906,0.7731,0.0043,0.7685,0.7594,0.0065,0.0012,0.2945,0.6906,0.0238,0.0129,0.0122,0.1001,0.0032,0.0667,0.0054,0.0034,0.0502,0.0541,0.0034,0.0513,0.3224,0.0041,0.0159,0.0251,1.2388,0.0102,0,2.8348,7,411548832,2147206944,2,0,116476604,24,18,1,0,0,0,24,0
24,0.0399,2.1726,0.8984,0.0028,0.8954,0.8812,0.0111,0.0015,0.4108,1.2475,0.0687,0.014,0.0103,0.2584,0.0216,0.1917,0.0079,0.009,0.0953,0.0734,0.0044,0.0631,0.6819,0.0064,0.0139,0.0218,0.7757,0.3793,1.8731,6.0228,0,411548832,2147199200,0,0,116476604,25,19,1,1,0,0,0,0
25,0.0444,1.3416,0.8098,0.0021,0.8076,0.7998,0.0055,0.0012,0.2058,0.5113,0.0086,0.0055,0.0075,0.0726,0.0046,0.0308,0.0052,0.0043,0.0606,0.0496,0.0033,0.0451,0.2587,0.0035,0.008,0.0296,0.2533,0.1799,0.2417,2.2611,1,411548832,2147210464,1,0,116476604,26,20,1,1,0,0,0,0
26,0.0439,1.3394,0.6957,0.0026,0.693,0.684,0.0067,0.0011,0.2249,0.6248,0.0077,0.0054,0.0061,0.0643,0.004,0.0908,0.0079,0.0048,0.0757,0.0655,0.0033,0.0547,0.351,0.0038,0.0112,0.0174,0.3333,0.2747,0.2563,2.4668,2,411548832,2147204832,2,0,116476604,27,21,1,1,0,0,0,0
27,0.0512,1.6893,0.761,0.0032,0.7576,0.7478,0.007,0.0013,0.2066,0.888,0.0098,0.0056,0.0074,0.2905,0.0075,0.0875,0.0047,0.0038,0.094,0.0782,0.0026,0.0791,0.6293,0.0054,0.0251,0.0313,2.1449,1.074,1.102,6.8795,3,411548832,2147197792,0,0,116476604,28,22,1,1,0,0,0,0
28,0.0387,1.2216,0.6461,0.0024,0.6435,0.6369,0.0045,0.0011,0.1871,0.5603,0.0078,0.0044,0.0055,0.0879,0.0069,0.0504,0.0051,0.0054,0.0745,0.0642,0.0036,0.048,0.325,0.0026,0.0083,0.0223,0.3044,0.2431,0.3708,2.4465,4,411548832,2147205536,1,0,116476604,29,23,1,1,0,0,0,0
29,0.0519,1.5806,0.6545,0.0022,0.6521,0.6446,0.005,0.0013,0.3257,0.9077,0.0101,0.0065,0.0077,0.2031,0.0108,0.071,0.0158,0.0068,0.1249,0.0689,0.0037,0.0407,0.5086,0.0043,0.0115,0.0204,0.409,0.6369,1.1927,4.5871,5,411548832,2147194976,2,0,116476604,30,24,1,1,0,0,0,0
30,0.0477,1.6055,0.6666,0.0027,0.6638,0.6563,0.0057,0.0012,0.2043,0.9109,0.0086,0.0047,0.0049,0.4371,0.012,0.0739,0.005,0.004,0.0395,0.0428,0.0022,0.06,0.6533,0.006,0.0173,0.0268,0.3344,0.1831,0.71,3.2179,6,411548832,2147200608,0,0,116476604,31,25,1,1,0,0,0,0
31,0.0408,1.369,0.661,0.0028,0.6579,0.6506,0.0052,0.0014,0.2269,0.6794,0.0473,0.0079,0.0086,0.0999,0.0167,0.0792,0.0056,0.0038,0.0703,0.0522,0.0017,0.0505,0.3521,0.0041,0.0165,0.0175,0.2504,0.1954,0.284,2.4174,7,411548832,2147206944,1,0,116476604,32,26,1,1,0,0,0,0
32,0.0408,1.2177,0.6645,0.0023,0.6621,0.6549,0.0052,0.0011,0.1794,0.5036,0.0087,0.0051,0.0049,0.0601,0.0046,0.032,0.0045,0.0069,0.0631,0.0602,0.0037,0.057,0.2724,0.0077,0.0211,0.0415,0.5693,0.3415,0.5525,3.173,0,411548832,2147199200,2,0,116476604,33,27,1,1,0,0,0,0
33,0.0398,2.058,0.6504,0.0026,0.6477,0.6407,0.005,0.0011,0.2718,1.3729,0.0106,0.0071,0.0095,0.1121,0.0078,0.0635,0.0063,0.0049,0.7469,0.0804,0.0026,0.0406,1.0435,0.0031,0.019,0.0348,1.4424,0.8998,1.1459,6.6834,1,411548832,2147210464,0,0,116476604,34,28,1,1,0,0,0,0
34,0.0503,1.5151,0.777,0.0052,0.7717,0.757,0.0112,0.002,0.3158,0.7255,0.0122,0.0095,0.0127,0.1454,0.0078,0.0663,0.0038,0.006,0.0597,0.0418,0.0023,0.0333,0.3465,0.0024,0.007,0.0134,0.2156,0.1534,0.2211,2.3049,2,411548832,2147204832,1,0,116476604,35,29,1,1,0,0,0,0
35,0.041,1.5115,0.7253,0.0025,0.7227,0.7144,0.0063,0.0011,0.289,0.7711,0.0111,0.0065,0.0101,0.1227,0.0082,0.0677,0.006,0.009,0.0965,0.0957,0.0023,0.037,0.4196,0.0027,0.0085,0.0147,0.2708,0.2095,0.3152,2.5743,3,411548832,2147197792,2,0,116476604,36,30,1,1,0,0,0,0
36,0.0446,1.2133,0.6697,0.0024,0.6672,0.6596,0.0052,0.001,0.1933,0.5091,0.009,0.0047,0.006,0.0601,0.0038,0.031,0.0057,0.006,0.0661,0.06,0.004,0.0516,0.2688,0.0035,0.0193,0.0333,0.3053,0.2147,0.6963,2.8029,4,411548832,2147205536,0,0,116476604,37,31,1,1,0,0,0,0
37,0.0464,1.4769,0.6941,0.0023,0.6917,0.6845,0.0053,0.0012,0.1985,0.7643,0.0093,0.0058,0.0077,0.1566,0.0208,0.1174,0.0105,0.0058,0.0967,0.061,0.0068,0.0551,0.4868,0.0033,0.0107,0.0181,0.3558,0.2678,0.2283,2.6421,5,411548832,2147194976,1,0,116476604,38,32,1,1,0,0,0,0
38,0.0611,1.4999,0.8894,0.0046,0.8844,0.8759,0.0066,0.0011,0.1835,0.5875,0.0181,0.0147,0.0166,0.1096,0.0079,0.0393,0.007,0.0033,0.1102,0.0326,0.0027,0.0311,0.3228,0.0033,0.0121,0.0253,0.2916,0.2547,0.3884,2.7531,6,411548832,2147200608,2,0,116476604,39,33,1,1,0,0,0,0
39,0.0462,1.6975,0.6545,0.0026,0.6518,0.6448,0.0048,0.0013,0.2719,1.0191,0.0114,0.0063,0.0132,0.2196,0.0213,0.1153,0.0083,0.0107,0.134,0.108,0.0071,0.0742,0.6511,0.0073,0.0152,0.0232,0.3552,0.3188,1.0791,3.8783,7,411548832,2147206944,0,0,116476604,40,34,1,1,0,0,0,0
40,0.0391,1.2331,0.645,0.0021,0.6428,0.6354,0.0057,0.0008,0.2812,0.5583,0.0087,0.0057,0.0067,0.0857,0.0069,0.0365,0.005,0.0055,0.0361,0.0328,0.0028,0.0346,0.2257,0.0048,0.0177,0.0349,0.2266,0.1418,0.2147,2.0285,0,411548832,2147199200,1,0,116476604,41,35,1,1,0,0,0,0
41,0.0479,1.4159,0.6843,0.0028,0.6814,0.6731,0.0058,0.0013,0.3192,0.7061,0.0124,0.0108,0.0161,0.1723,0.0083,0.0411,0.0049,0.0078,0.0369,0.0322,0.0019,0.0313,0.3138,0.0042,0.0142,0.0269,0.3357,0.2631,0.4539,2.7845,1,411548832,2147210464,2,0,116476604,42,36,1,1,0,0,0,0
42,0.0537,1.7048,0.7424,0.0026,0.7397,0.7243,0.0122,0.0017,0.2494,0.9326,0.0101,0.006,0.0075,0.2059,0.0234,0.1441,0.0141,0.0075,0.1068,0.0588,0.0029,0.0796,0.5952,0.006,0.0191,0.0396,0.6378,0.2362,0.4346,3.3199,2,411548832,2147204832,0,0,116476604,43,37,1,1,0,0,0,0
43,0.0551,1.5105,0.9945,0.003,0.9914,0.9801,0.0086,0.0014,0.2769,0.5003,0.0076,0.0051,0.0061,0.0666,0.0037,0.0315,0.0033,0.0035,0.031,0.0283,0.002,0.0281,0.1855,0.0028,0.009,0.0141,0.3104,0.2822,0.2146,2.5132,3,411548832,2147197792,1,0,116476604,44,38,1,1,0,0,0,0
44,0.0408,1.4341,0.6748,0.0026,0.6721,0.6636,0.0063,0.0016,0.2951,0.7399,0.011,0.0068,0.01,0.1294,0.0086,0.0644,0.0065,0.0062,0.0632,0.0608,0.0045,0.06,0.3778,0.005,0.012,0.0177,1.1017,0.7948,1.1435,5.2944,4,411548832,2147205536,2,0,116476604,45,39,1,1,0,0,0,0
45,0.0403,1.4213,0.7596,0.0029,0.7566,0.7478,0.0064,0.0015,0.3206,0.6468,0.026,0.0177,0.0164,0.1025,0.007,0.0418,0.0055,0.0052,0.0349,0.0308,0.002,0.0284,0.2384,0.0026,0.0088,0.0138,0.2549,0.0032,0,1.7356,5,411548832,2147194976,0,0,116476604,46,39,1,0,0,0,24,0
46,0.0508,1.531,0.8371,0.0034,0.8335,0.8255,0.0061,0.0011,0.264,0.6733,0.0102,0.006,0.009,0.1172,0.0056,0.0441,0.0059,0.0068,0.0608,0.0452,0.0036,0.0853,0.3526,0.0041,0.0127,0.0159,0.6637,0.198,1.0562,3.8941,6,411548832,2147200608,1,0,116476604,47,40,1,1,0,0,0,0
47,0.5048,4.2254,1.8386,0.0692,1.7684,1.7332,0.0278,0.0036,0.9323,2.327,0.033,0.0239,0.0333,0.3332,0.0262,0.2241,0.0192,0.0222,0.3551,0.1684,0.0065,0.1142,1.195,0.0158,0.039,0.0548,0.7816,0.3264,0.3511,6.483,7,411548832,2147206944,2,0,116476604,48,41,1,1,0,0,0,0
48,0.0388,1.1965,0.6168,0.0025,0.6141,0.6066,0.0054,0.0011,0.2091,0.5376,0.0083,0.0057,0.0076,0.1168,0.0061,0.0353,0.0061,0.0059,0.0332,0.0532,0.0036,0.0388,0.2773,0.0036,0.0223,0.0439,0.3226,0.3038,0.4508,2.6305,0,411548832,2147199200,0,0,116476604,49,42,1,1,0,0,0,0
49,0.0568,1.3808,0.9258,0.0034,0.9221,0.9036,0.0156,0.0016,0.2304,0.4419,0.0074,0.0045,0.0081,0.0639,0.0041,0.0282,0.0029,0.0029,0.0271,0.027,0.0021,0.0265,0.1727,0.0027,0.0072,0.0814,0.2516,0.2904,0.4564,2.7513,1,411548832,2147210464,1,0,116476604,50,43,1,1,0,0,0,0
50,0.0515,1.5754,0.7667,0.0038,0.7627,0.7521,0.0076,0.0018,0.2878,0.793,0.0103,0.0074,0.0086,0.1343,0.0171,0.0807,0.0061,0.0063,0.0668,0.0817,0.0063,0.065,0.4285,0.0043,0.0091,0.0166,0.2826,0.1802,0.2892,2.557,2,411548832,2147204832,2,0,116476604,51,44,1,1,0,0,0,0
51,0.0491,2.11,0.7649,0.0037,0.7609,0.7508,0.0074,0.0014,0.7492,1.3179,0.0124,0.0077,0.0114,0.1419,0.0076,0.0696,0.0072,0.0093,0.1058,0.1148,0.0059,0.0611,0.4932,0.0058,0.0163,0.0273,0.4602,0.287,0.3646,3.514,3,411548832,2147197792,0,0,116476604,52,45,1,1,0,0,0,0
52,0.0612,1.4981,0.7518,0.0042,0.7474,0.738,0.0066,0.0016,0.3044,0.7253,0.01,0.0058,0.0099,0.1495,0.008,0.0642,0.0058,0.0065,0.0518,0.048,0.0036,0.0461,0.3596,0.0051,0.0135,0.0173,0.2883,0.2271,0.2965,2.5802,4,411548832,2147205536,1,0,116476604,53,46,1,1,0,0,0,0
53,0.0496,1.8626,0.8947,0.0034,0.8911,0.8764,0.0118,0.0015,0.2884,0.9445,0.0132,0.0073,0.0176,0.1705,0.0085,0.1378,0.0161,0.0088,0.1081,0.0855,0.0075,0.0586,0.5605,0.0067,0.014,0.0235,0.4056,0.3087,0.332,3.2989,5,411548832,2147194976,2,0,116476604,54,47,1,1,0,0,0,0
54,0.0403,1.1241,0.644,0.0024,0.6415,0.634,0.0058,0.001,0.222,0.4548,0.0074,0.0042,0.005,0.0558,0.0036,0.0331,0.004,0.0053,0.0358,0.0357,0.0024,0.0329,0.1933,0.0035,0.0146,0.0269,0.2913,0.148,0.2242,2,6,411548832,2147200608,0,0,116476604,55,48,1,1,0,0,0,0
55,0.0537,1.98,1.2454,0.0041,1.241,1.229,0.0096,0.0011,0.3088,0.6962,0.009,0.0066,0.0087,0.1316,0.0049,0.0699,0.0109,0.0056,0.0552,0.0379,0.002,0.034,0.3286,0.0044,0.0219,0.0414,0.4949,0.2521,0.3554,3.3731,7,411548832,2147206944,1,0,116476604,56,49,1,1,0,0,0,0
56,0.0437,1.5167,0.6526,0.0027,0.6497,0.6421,0.0056,0.0012,0.2218,0.8348,0.022,0.0205,0.0131,0.1062,0.0096,0.1828,0.0099,0.0093,0.0897,0.0726,0.0043,0.0581,0.5094,0.0053,0.016,0.0291,1.4034,0.0091,0,3.008,0,411548832,2147199200,2,0,116476604,57,49,1,0,0,0,24,0
57,0.0587,1.7244,0.8257,0.0039,0.8216,0.8087,0.0102,0.0013,0.2882,0.858,0.0096,0.0063,0.0086,0.1521,0.01,0.1337,0.0103,0.0084,0.0865,0.0406,0.0027,0.0851,0.498,0.0077,0.0246,0.0367,1.311,0.6546,0.7488,5.0709,1,411548832,2147210464,0,0,116476604,58,50,1,1,0,0,0,0
58,0.0441,1.5805,0.8097,0.0031,0.8063,0.7925,0.0107,0.0015,0.3453,0.7515,0.0212,0.0123,0.0106,0.1339,0.0064,0.0585,0.0074,0.0059,0.0476,0.0477,0.0025,0.0436,0.3313,0.0027,0.0094,0.0166,0.4881,0.172,0.1765,2.6357,2,411548832,2147204832,1,0,116476604,59,51,1,1,0,0,0,0
59,0.0466,1.4911,0.8237,0.0032,0.8204,0.8118,0.0069,0.001,0.254,0.6526,0.0084,0.0045,0.0061,0.108,0.0091,0.1004,0.0062,0.006,0.0633,0.0451,0.0034,0.0308,0.3476,0.0024,0.0086,0.0149,0.2301,0.1766,0.2505,2.4147,3,411548832,2147197792,2,0,116476604,60,52,1,1,0,0,0,0
60,0.0475,3.7351,0.7833,0.0026,0.7806,0.7698,0.0082,0.0013,0.215,2.8436,0.0118,0.0077,0.0079,0.0887,0.0042,0.1301,0.0078,0.0053,0.0551,1.3214,0.0443,0.8668,2.4621,0.0601,0.0673,0.0843,2.2578,1.1149,0.6247,8.782,4,411548832,2147205536,0,0,116476604,61,53,1,1,0,0,0,0
61,0.0498,1.1411,0.6603,0.0028,0.6574,0.6495,0.0051,0.0015,0.2193,0.4503,0.009,0.0048,0.0058,0.0572,0.0033,0.0305,0.0047,0.0048,0.0362,0.0329,0.002,0.03,0.1868,0.0049,0.0176,0.0313,0.3072,0.1499,0.2968,2.1193,5,411548832,2147194976,1,0,116476604,62,54,1,1,0,0,0,0
62,0.048,1.2442,0.6987,0.003,0.6954,0.6868,0.0061,0.0015,0.1962,0.5108,0.0091,0.0053,0.0057,0.1102,0.0209,0.0362,0.0058,0.0048,0.0359,0.0355,0.0024,0.0331,0.2509,0.0041,0.0198,0.039,0.2862,0.2393,0.5851,2.6954,6,411548832,2147200608,2,0,116476604,63,55,1,1,0,0,0,0
63,0.0456,1.2864,0.7524,0.0028,0.7495,0.7407,0.006,0.0015,0.2112,0.5011,0.0104,0.0054,0.0057,0.0724,0.0075,0.0444,0.007,0.0046,0.0476,0.0366,0.0028,0.0356,0.2366,0.004,0.0198,0.0338,0.3104,0.1619,0.444,2.4813,7,411548832,2147206944,0,0,116476604,64,56,1,1,0,0,0,0
64,0.054,1.5972,0.7859,0.0037,0.782,0.774,0.0057,0.0012,0.3519,0.7954,0.0118,0.0079,0.0133,0.213,0.017,0.0596,0.0043,0.0046,0.0362,0.0317,0.0021,0.0312,0.3717,0.0039,0.0088,0.0144,0.2647,0.1314,0.2371,2.4301,0,411548832,2147199200,1,0,116476604,65,57,1,1,0,0,0,0
65,0.0386,1.3352,0.6509,0.0025,0.6484,0.6404,0.0061,0.0012,0.2038,0.6501,0.0074,0.0043,0.0056,0.1227,0.0049,0.0942,0.0071,0.0061,0.0507,0.0721,0.0137,0.0447,0.3844,0.0055,0.0204,0.0281,1.624,0.9769,1.0375,5.6629,1,411548832,2147210464,2,0,116476604,66,58,1,1,0,0,0,0
66,0.0388,1.3692,0.7403,0.003,0.7372,0.7238,0.0109,0.0012,0.2266,0.6067,0.0087,0.0054,0.0097,0.0991,0.0066,0.048,0.0081,0.0046,0.0402,0.0617,0.0113,0.0644,0.3134,0.0045,0.0145,0.0161,0.2978,0.2491,0.2654,2.452,2,411548832,2147204832,0,0,116476604,67,59,1,1,0,0,0,0
67,0.0443,1.1994,0.6971,0.0024,0.6946,0.6866,0.0056,0.001,0.1891,0.4675,0.0081,0.0044,0.0052,0.0852,0.0044,0.0482,0.005,0.0052,0.037,0.033,0.0022,0.0319,0.2353,0.0038,0.0186,0.0333,0.2913,0.1478,0.2066,2.058,3,411548832,2147197792,1,0,116476604,68,60,1,1,0,0,0,0
68,0.0423,1.3061,0.6133,0.0029,0.6102,0.6023,0.0056,0.0014,0.2785,0.6581,0.0113,0.0065,0.0135,0.1689,0.0052,0.0449,0.0046,0.0049,0.0374,0.0345,0.0026,0.0353,0.321,0.0045,0.0217,0.0168,0.4514,0.3011,0.5811,3.0967,4,411548832,2147205536,2,0,116476604,69,61,1,1,0,0,0,0
69,0.0421,1.5112,0.6681,0.0028,0.6652,0.6587,0.0046,0.001,0.3324,0.8197,0.0119,0.0067,0.0152,0.1603,0.0118,0.0719,0.0065,0.0058,0.0621,0.0597,0.0047,0.0579,0.4119,0.0056,0.0137,0.0213,0.2961,0.1872,0.3273,2.6752,5,411548832,2147194976,0,0,116476604,70,62,1,1,0,0,0,0
70,0.0442,1.5051,0.7663,0.0023,0.7638,0.7559,0.0055,0.0016,0.2783,0.705,0.0108,0.0057,0.0093,0.1119,0.0083,0.0671,0.0068,0.0061,0.0624,0.0594,0.0048,0.0618,0.3626,0.0052,0.0199,0.031,0.3237,0.162,0.2725,2.556,6,411548832,2147200608,1,0,116476604,71,63,1,1,0,0,0,0
71,0.0524,1.1599,0.6287,0.004,0.6244,0.6145,0.0079,0.0008,0.1888,0.5161,0.0076,0.0051,0.0061,0.1162,0.0055,0.0421,0.0081,0.0059,0.0473,0.0368,0.0026,0.0345,0.2769,0.0039,0.0082,0.0135,0.3378,0.2045,0.2213,2.1509,7,411548832,2147206944,2,0,116476604,72,64,1,1,0,0,0,0
72,0.0559,1.6534,0.9202,0.003,0.9168,0.9016,0.0119,0.0016,0.2431,0.6858,0.0103,0.0073,0.0083,0.0948,0.005,0.0874,0.0172,0.0058,0.0772,0.061,0.0035,0.0515,0.3719,0.0054,0.0279,0.0473,0.6088,1.1058,4.8767,10.9339,0,411548832,2147199200,0,0,116476604,73,65,1,1,0,0,0,0
73,0.0677,2.0661,0.9805,0.0057,0.9745,0.9575,0.0136,0.0015,0.3892,1.0569,0.0257,0.0147,0.0151,0.1968,0.026,0.0773,0.0066,0.0052,0.061,0.1052,0.0069,0.1037,0.544,0.013,0.019,0.0239,0.5359,0.3061,0.4023,3.6994,1,411548832,2147210464,1,0,116476604,74,66,1,1,0,0,0,0
74,0.0507,1.5006,0.8561,0.005,0.8509,0.8399,0.0087,0.0012,0.2417,0.6094,0.0094,0.0055,0.009,0.1047,0.0075,0.0547,0.0052,0.0056,0.0557,0.0494,0.0033,0.0467,0.3112,0.0048,0.0181,0.0327,0.3693,0.2451,0.3966,2.8612,2,411548832,2147204832,2,0,116476604,75,67,1,1,0,0,0,0
75,0.0486,5.0165,0.9602,0.0028,0.9572,0.9059,0.0403,0.0061,1.4236,3.9542,0.0501,0.034,0.048,0.7297,0.0428,0.4851,0.0631,0.0206,0.4338,0.279,0.016,0.2665,2.1941,0.0242,0.0638,0.0856,2.135,0.8305,0.5111,9.1358,3,411548832,2147197792,0,0,116476604,76,68,1,1,0,0,0,0
76,0.0565,1.1643,0.6935,0.0024,0.6908,0.683,0.0053,0.0014,0.188,0.4414,0.0081,0.004,0.0052,0.0754,0.005,0.0447,0.0035,0.0036,0.0333,0.0302,0.0021,0.031,0.2146,0.0037,0.0173,0.0327,0.434,0.2696,0.2454,2.3726,4,411548832,2147205536,1,0,116476604,77,69,1,1,0,0,0,0
77,0.049,1.8399,0.6845,0.003,0.6813,0.6658,0.0119,0.002,0.3849,1.1262,0.0197,0.0129,0.0142,0.1995,0.0229,0.1145,0.0084,0.01,0.1323,0.1114,0.0079,0.0685,0.6262,0.0077,0.0178,0.0292,0.3981,0.2852,0.5333,3.3872,5,411548832,2147194976,2,0,116476604,78,70,1,1,0,0,0,0
78,0.0432,1.2813,0.697,0.0033,0.6936,0.6853,0.0057,0.0013,0.2272,0.5513,0.0096,0.0054,0.0073,0.086,0.0063,0.0496,0.0058,0.0063,0.0461,0.0433,0.0036,0.0428,0.2678,0.0052,0.0206,0.0341,0.2614,0.1695,0.2236,2.1634,6,411548832,2147200608,0,0,116476604,79,71,1,1,0,0,0,0
79,0.0551,1.8716,0.7949,0.0038,0.791,0.7792,0.0086,0.0019,0.5589,1.0497,0.0201,0.015,0.0188,0.1425,0.0105,0.069,0.0065,0.0052,0.0624,0.0613,0.0058,0.06,0.3952,0.0053,0.0162,0.0199,0.3526,0.1845,0.332,3.0105,7,411548832,2147206944,1,0,116476604,80,72,1,1,0,0,0,0
80,0.0524,1.5975,0.6227,0.0023,0.6203,0.6115,0.0065,0.0012,0.2432,0.9128,0.0107,0.007,0.0127,0.3407,0.0084,0.0892,0.0069,0.0053,0.0667,0.0545,0.004,0.0531,0.6042,0.0047,0.014,0.0222,0.3397,0.2148,0.3017,2.7292,0,411548832,2147199200,2,0,116476604,81,73,1,1,0,0,0,0
81,0.0433,1.5315,0.7169,0.003,0.7138,0.7055,0.0062,0.001,0.3055,0.7964,0.0111,0.0072,0.0139,0.1679,0.0114,0.0686,0.0066,0.0073,0.0637,0.0584,0.0046,0.0569,0.4155,0.0051,0.0111,0.0174,0.297,0.1937,0.4514,2.9114,1,411548832,2147210464,0,0,116476604,82,74,1,1,0,0,0,0
82,0.0415,1.3534,0.662,0.0026,0.6592,0.6501,0.007,0.0012,0.2711,0.6764,0.011,0.0068,0.0149,0.1625,0.0109,0.0689,0.0069,0.0061,0.0501,0.0296,0.002,0.0268,0.3379,0.0027,0.0083,0.0175,0.3164,0.2462,0.3124,2.4608,2,411548832,2147204832,1,0,116476604,83,75,1,1,0,0,0,0
83,0.0402,2.016,0.9194,0.0035,0.9158,0.8974,0.0146,0.0022,0.3821,1.0644,0.0129,0.0099,0.013,0.1457,0.0088,0.1301,0.0122,0.0141,0.1679,0.0756,0.0044,0.0713,0.5906,0.0062,0.021,0.0339,0.906,0.8212,0.9461,5.4663,3,411548832,2147197792,2,0,116476604,84,76,1,1,0,0,0,0
84,0.0427,1.1494,0.6529,0.0025,0.6501,0.6427,0.0051,0.0011,0.1951,0.469,0.0076,0.0049,0.0073,0.0731,0.0049,0.0533,0.0056,0.0037,0.0366,0.0323,0.0025,0.0334,0.2287,0.0039,0.0171,0.0315,0.2754,0.2121,0.3414,2.2492,4,411548832,2147205536,0,0,116476604,85,77,1,1,0,0,0,0
85,0.0424,1.2952,0.6513,0.0026,0.6486,0.639,0.0073,0.0012,0.2169,0.6199,0.0089,0.005,0.0092,0.1746,0.008,0.0629,0.0057,0.0049,0.0468,0.0318,0.0025,0.0337,0.3498,0.0034,0.0136,0.0243,0.298,0.2284,0.3664,2.4908,5,411548832,2147194976,1,0,116476604,86,78,1,1,0,0,0,0
86,0.0399,1.3351,0.6541,0.0023,0.6517,0.6438,0.006,0.001,0.2067,0.6527,0.0085,0.0046,0.0074,0.151,0.0081,0.0594,0.007,0.0056,0.0471,0.052,0.0075,0.0752,0.3847,0.0057,0.0165,0.0226,0.3309,0.2181,0.3664,2.494,6,411548832,2147200608,2,0,116476604,87,79,1,1,0,0,0,0
87,0.0483,1.5215,0.7273,0.0026,0.7245,0.7153,0.0068,0.0015,0.2895,0.7727,0.012,0.007,0.0133,0.1528,0.0107,0.0695,0.0065,0.0058,0.0626,0.0636,0.0044,0.0614,0.4099,0.006,0.0139,0.0179,0.3343,0.237,0.3872,2.7501,7,411548832,2147206944,0,0,116476604,88,80,1,1,0,0,0,0
88,0.0461,1.5375,0.7336,0.0031,0.7303,0.7229,0.0055,0.0012,0.2786,0.7893,0.0113,0.0075,0.0129,0.1519,0.011,0.0691,0.0067,0.0085,0.087,0.0776,0.0049,0.0504,0.436,0.0026,0.0082,0.0159,0.303,0.2387,0.3043,2.6612,0,411548832,2147199200,1,0,116476604,89,81,1,1,0,0,0,0
89,0.0413,1.5628,0.6456,0.0022,0.6433,0.6349,0.0062,0.0014,0.2662,0.8916,0.0078,0.0046,0.0056,0.1582,0.0107,0.0814,0.0085,0.0098,0.0717,0.1623,0.0125,0.078,0.5516,0.0064,0.0146,0.025,0.3192,0.1537,0.2265,2.4764,1,411548832,2147210464,2,0,116476604,90,82,1,1,0,0,0,0
90,0.0624,1.4443,0.7151,0.0035,0.7114,0.7035,0.0059,0.0011,0.2571,0.6998,0.0238,0.0155,0.0153,0.1577,0.0061,0.0568,0.0052,0.0115,0.0702,0.0359,0.0022,0.0328,0.3534,0.0032,0.0173,0.0262,0.3417,0.2098,0.374,2.6767,2,411548832,2147204832,0,0,116476604,91,83,1,1,0,0,0,0
91,0.0413,1.2232,0.7383,0.0033,0.7349,0.7268,0.0057,0.0014,0.192,0.455,0.0088,0.0048,0.0073,0.0634,0.0045,0.0435,0.0048,0.0044,0.0401,0.0348,0.0025,0.0367,0.2185,0.0033,0.0173,0.0294,0.2607,0.1561,0.2153,2.0645,3,411548832,2147197792,1,0,116476604,92,84,1,1,0,0,0,0
92,0.0398,1.4165,0.6745,0.0023,0.6721,0.6632,0.0066,0.0012,0.2888,0.7241,0.0113,0.0065,0.0095,0.1252,0.0077,0.0643,0.0067,0.0055,0.0625,0.0619,0.0048,0.0577,0.3716,0.0052,0.0108,0.0184,0.3308,0.1689,0.3179,2.4638,4,411548832,2147205536,2,0,116476604,93,85,1,1,0,0,0,0
93,0.0457,1.2802,0.7057,0.0034,0.7021,0.6929,0.0069,0.0013,0.2264,0.5436,0.0106,0.0048,0.0074,0.0769,0.0051,0.0467,0.0056,0.0062,0.0521,0.0443,0.0036,0.0442,0.2642,0.0039,0.0176,0.035,0.3227,0.2336,0.2628,2.3466,5,411548832,2147194976,0,0,116476604,94,86,1,1,0,0,0,0
94,0.0492,1.413,0.7217,0.0036,0.7178,0.7083,0.0077,0.0008,0.1957,0.6728,0.0088,0.0046,0.0054,0.0635,0.0047,0.0652,0.0081,0.0189,0.0991,0.1078,0.0063,0.0725,0.4081,0.0059,0.0114,0.0177,0.3654,0.196,0.3322,2.6038,6,411548832,2147200608,1,0,116476604,95,87,1,1,0,0,0,0
95,0.0455,1.3375,0.6771,0.0039,0.673,0.6613,0.0088,0.0016,0.2475,0.6374,0.0103,0.0052,0.0095,0.1074,0.0065,0.0583,0.0058,0.0042,0.059,0.0575,0.0034,0.0526,0.3348,0.0041,0.0117,0.0194,0.3356,0.2157,0.3063,2.4108,7,411548832,2147206944,2,0,116476604,96,88,1,1,0,0,0,0
96,0.0386,1.2118,0.6302,0.0024,0.6276,0.6194,0.0063,0.001,0.1835,0.5687,0.0084,0.0044,0.005,0.1844,0.0081,0.0596,0.0056,0.0027,0.0383,0.0276,0.0065,0.0271,0.337,0.0023,0.0079,0.0136,0.2126,0.1941,0.1823,1.9827,0,411548832,2147199200,0,0,116476604,97,89,1,1,0,0,0,0
97,0.0417,1.7237,0.716,0.0029,0.7129,0.7041,0.0063,0.001,0.4013,0.9774,0.0116,0.0082,0.0138,0.2378,0.0126,0.0733,0.0057,0.0063,0.0662,0.0608,0.0049,0.0602,0.4983,0.0059,0.0171,0.0299,0.4511,0.3395,0.5419,3.3838,1,411548832,2147210464,1,0,116476604,98,90,1,1,0,0,0,0
98,0.0426,1.6058,0.7008,0.0029,0.6978,0.6894,0.0059,0.0015,0.3691,0.8861,0.0116,0.0081,0.017,0.1741,0.0113,0.0714,0.0075,0.0058,0.0638,0.0592,0.0046,0.071,0.4395,0.0046,0.0108,0.02,0.2525,0.2203,0.6753,3.1403,2,411548832,2147204832,2,0,116476604,99,91,1,1,0,0,0,0
99,0.0381,1.31,0.6418,0.0023,0.6394,0.633,0.0046,0.0012,0.3154,0.6504,0.0122,0.0118,0.0151,0.1279,0.0063,0.0396,0.0041,0.0041,0.0349,0.0307,0.0028,0.0353,0.2684,0.0038,0.0102,0.015,0.2202,0.1552,0.559,2.5993,3,411548832,2147197792,0,0,116476604,100,92,1,1,0,0,0,0
100,0.0411,1.3385,0.6559,0.0027,0.6531,0.6451,0.006,0.001,0.1906,0.6632,0.0097,0.0051,0.0085,0.1355,0.0107,0.0964,0.0058,0.0063,0.0654,0.0594,0.0039,0.0558,0.4125,0.0043,0.0111,0.0187,0.3279,0.2094,0.2005,2.2871,4,411548832,2147205536,1,0,116476604,101,93,1,1,0,0,0,0
101,0.0496,1.3197,0.6944,0.0036,0.6903,0.6837,0.0049,0.0013,0.163,0.6071,0.0082,0.0045,0.0079,0.1239,0.0198,0.1101,0.0067,0.004,0.063,0.0325,0.0016,0.05,0.3795,0.0035,0.0059,0.0236,1.1545,0.8386,0.9318,4.9118,5,411548832,2147194976,2,0,116476604,102,94,1,1,0,0,0,0
102,0.0417,1.4893,0.8553,0.0033,0.8518,0.8454,0.0043,0.001,0.2258,0.593,0.0093,0.0058,0.0077,0.1021,0.009,0.061,0.0091,0.0132,0.0552,0.0401,0.0022,0.0392,0.2976,0.0076,0.0238,0.0257,0.2956,1.0851,1.5699,5.3715,6,411548832,2147200608,0,0,116476604,103,95,1,1,0,0,0,0
103,0.044,1.3082,0.6689,0.0024,0.6663,0.658,0.0057,0.0016,0.2886,0.6038,0.0112,0.0072,0.0142,0.1161,0.0083,0.0359,0.0056,0.0049,0.0354,0.0336,0.0021,0.0309,0.2519,0.0037,0.0204,0.0317,0.2227,0.1499,0.2581,2.1756,7,411548832,2147206944,1,0,116476604,104,96,1,1,0,0,0,0
104,0.0405,3.3632,0.9622,0.0025,0.9596,0.9493,0.0075,0.0018,0.233,2.277,0.009,0.006,0.0086,0.1974,0.01,0.17,0.0354,0.022,0.7136,0.4668,0.0316,0.3283,1.8761,0.0237,0.0821,0.0748,1.539,1.1368,1.0371,7.8833,0,411548832,2147199200,2,0,116476604,105,97,1,1,0,0,0,0
105,0.0552,1.4074,0.8025,0.0036,0.7986,0.7891,0.0075,0.0012,0.2185,0.5719,0.0085,0.0042,0.0078,0.1077,0.0046,0.0299,0.003,0.0051,0.1013,0.0389,0.0026,0.0322,0.31,0.0041,0.0201,0.0339,0.314,0.1604,0.2521,2.3717,1,411548832,2147210464,0,0,116476604,106,98,1,1,0,0,0,0
106,0.0531,1.9399,0.9193,0.004,0.9151,0.9029,0.009,0.0016,0.3407,0.9886,0.0239,0.0123,0.0132,0.1649,0.024,0.1121,0.0086,0.0058,0.0899,0.0728,0.0049,0.0974,0.5371,0.0065,0.0192,0.0257,0.4292,0.2589,0.4138,3.3333,2,411548832,2147204832,1,0,116476604,107,99,1,1,0,0,0,0
107,0.0414,1.073,0.635,0.0024,0.6324,0.6257,0.0047,0.0012,0.1741,0.4143,0.0079,0.0042,0.0053,0.0664,0.0068,0.0319,0.0027,0.004,0.0338,0.0338,0.0024,0.0325,0.1984,0.0042,0.0104,0.0351,0.4597,0.2204,0.3405,2.3369,3,411548832,2147197792,2,0,116476604,108,100,1,1,0,0,0,0
108,0.045,1.2382,0.7784,0.0025,0.7758,0.7658,0.008,0.0009,0.1917,0.4287,0.009,0.0046,0.006,0.0655,0.0037,0.0315,0.0038,0.0026,0.0315,0.0324,0.0034,0.034,0.1949,0.0048,0.0198,0.0334,0.2986,0.1538,0.3419,2.2781,4,411548832,2147205536,0,0,116476604,109,101,1,1,0,0,0,0
109,0.0413,1.1306,0.6821,0.0025,0.6795,0.6711,0.0063,0.0011,0.1872,0.4195,0.0081,0.0043,0.0059,0.0625,0.0035,0.0359,0.0031,0.0027,0.0308,0.0315,0.0022,0.0337,0.1944,0.0034,0.0184,0.032,0.2947,0.1382,0.2595,2.0366,5,411548832,2147194976,1,0,116476604,110,102,1,1,0,0,0,0
110,0.0409,1.3322,0.6721,0.0026,0.6695,0.6622,0.0053,0.0011,0.2013,0.6413,0.0124,0.0075,0.0101,0.1166,0.0084,0.0631,0.0072,0.0059,0.0638,0.0643,0.0043,0.0627,0.3705,0.0057,0.0112,0.0178,0.5531,0.2542,0.7479,3.3891,6,411548832,2147200608,2,0,116476604,111,103,1,1,0,0,0,0
111,0.0441,1.286,0.6696,0.0025,0.6669,0.6601,0.0048,0.001,0.2132,0.5824,0.0086,0.0045,0.036,0.0858,0.0076,0.0717,0.0061,0.0072,0.0568,0.0406,0.0025,0.0328,0.2877,0.0037,0.0193,0.0529,0.3236,0.1803,0.188,2.2224,7,411548832,2147206944,0,0,116476604,112,104,1,1,0,0,0,0
112,0.0382,1.3858,0.7456,0.0025,0.7426,0.7342,0.0062,0.0012,0.1984,0.6082,0.0271,0.0157,0.0951,0.1262,0.0069,0.029,0.0027,0.0041,0.0313,0.0308,0.0024,0.0298,0.2471,0.0037,0.0207,0.0289,1.0932,0.8468,0.9115,4.9205,0,411548832,2147199200,1,0,116476604,113,105,1,1,0,0,0,0
113,0.0426,1.2265,0.6683,0.0038,0.6643,0.6563,0.0061,0.001,0.1851,0.5223,0.008,0.005,0.0068,0.0858,0.0065,0.0712,0.0067,0.0046,0.0456,0.0478,0.0045,0.0355,0.2859,0.0038,0.0204,0.0344,0.2458,0.1432,0.4876,2.4241,1,411548832,2147210464,2,0,116476604,114,106,1,1,0,0,0,0
114,0.0413,1.784,0.8695,0.0033,0.8659,0.8495,0.0122,0.0024,0.2364,0.8958,0.0084,0.0052,0.0079,0.1549,0.018,0.1417,0.0093,0.005,0.08,0.1441,0.0029,0.0705,0.5912,0.0044,0.0109,0.0165,0.2923,0.2061,0.3371,2.8753,2,411548832,2147204832,0,0,116476604,115,107,1,1,0,0,0,0
115,0.0457,1.4138,0.6373,0.0027,0.6345,0.6265,0.0061,0.0009,0.2718,0.7497,0.0278,0.0158,0.0133,0.148,0.0099,0.0621,0.0055,0.0056,0.0557,0.0566,0.0041,0.0617,0.3841,0.005,0.0154,0.0232,0.2694,0.269,1.0387,3.7492,3,411548832,2147197792,1,0,116476604,116,108,1,1,0,0,0,0
116,0.0399,1.3854,0.6815,0.0024,0.6787,0.6721,0.0049,0.0011,0.2675,0.6827,0.0103,0.0063,0.0093,0.1083,0.0081,0.062,0.0075,0.0059,0.0611,0.0615,0.0048,0.0581,0.351,0.0052,0.0134,0.0171,0.2833,0.1673,0.3242,2.3812,4,411548832,2147205536,2,0,116476604,117,109,1,1,0,0,0,0
117,0.0422,1.8043,0.6643,0.0027,0.6615,0.6539,0.0055,0.0013,0.4058,1.1185,0.0214,0.012,0.0137,0.2898,0.0094,0.1247,0.0083,0.0057,0.0894,0.062,0.0047,0.0597,0.6256,0.0049,0.0129,0.0216,0.405,0.3532,0.5103,3.378,5,411548832,2147194976,0,0,116476604,118,110,1,1,0,0,0,0
118,0.0397,1.5304,0.6678,0.0022,0.6654,0.6575,0.0052,0.0015,0.3219,0.8319,0.0116,0.0075,0.0138,0.1773,0.0114,0.0736,0.0072,0.0059,0.0649,0.0595,0.0046,0.0592,0.4345,0.0055,0.0194,0.0246,0.3699,0.1871,0.3267,2.683,6,411548832,2147200608,1,0,116476604,119,111,1,1,0,0,0,0
119,0.0407,1.4023,0.691,0.0027,0.6881,0.6805,0.0058,0.001,0.3095,0.6795,0.0121,0.0068,0.0136,0.1251,0.0068,0.0532,0.0067,0.0046,0.0429,0.0339,0.0025,0.0511,0.3062,0.005,0.0197,0.0179,0.2408,0.1422,0.2094,2.194,7,411548832,2147206944,2,0,116476604,120,112,1,1,0,0,0,0
120,0.0468,1.5133,0.794,0.0022,0.7917,0.7789,0.0097,0.0016,0.293,0.7009,0.0099,0.0072,0.0092,0.1348,0.0061,0.0564,0.0054,0.005,0.0591,0.054,0.0033,0.0481,0.3524,0.0036,0.0106,0.0162,0.3284,0.2886,0.2276,2.5728,0,411548832,2147199200,0,0,116476604,121,113,1,1,0,0,0,0
121,0.0456,1.6426,0.7104,0.0035,0.7068,0.6966,0.0073,0.0015,0.3295,0.9024,0.0114,0.0075,0.0147,0.1607,0.0115,0.0714,0.0076,0.0061,0.0656,0.0593,0.0045,0.1329,0.4899,0.0114,0.0177,0.0231,0.4662,0.3566,0.3811,3.1484,1,411548832,2147210464,1,0,116476604,122,114,1,1,0,0,0,0
122,0.0419,2.2334,0.7175,0.0031,0.7142,0.706,0.0063,0.0012,0.482,1.4698,0.0317,0.0185,0.0156,0.2112,0.0132,0.2235,0.0217,0.0159,0.1375,0.1122,0.0051,0.1558,0.8402,0.0133,0.0305,0.0535,0.6456,0.3884,0.4144,4.0367,2,411548832,2147204832,2,0,116476604,123,115,1,1,0,0,0,0
123,0.0529,2.1794,1.288,0.0032,1.2846,1.2681,0.0129,0.0018,0.3849,0.8596,0.0255,0.0138,0.0196,0.186,0.0218,0.0493,0.0046,0.0025,0.0384,0.0339,0.0018,0.0603,0.3679,0.0061,0.0181,0.0384,1.9209,1.0587,1.2149,7.1505,3,411548832,2147197792,0,0,116476604,124,116,1,1,0,0,0,0
124,0.0531,1.821,0.7176,0.0025,0.7149,0.7078,0.0051,0.001,0.3307,1.0729,0.0128,0.0087,0.0847,0.2324,0.0228,0.0647,0.0113,0.0064,0.0915,0.124,0.0076,0.0605,0.5731,0.0059,0.0165,0.0296,0.4269,0.1901,0.3765,3.1387,4,411548832,2147205536,1,0,116476604,125,117,1,1,0,0,0,0
125,0.0397,1.3145,0.666,0.0022,0.6637,0.6563,0.0054,0.001,0.2934,0.6189,0.0107,0.0071,0.0138,0.1236,0.0066,0.0439,0.0035,0.0039,0.0373,0.0323,0.0024,0.0311,0.2682,0.0033,0.0154,0.0293,0.2196,0.143,0.1738,2.0471,5,411548832,2147194976,2,0,116476604,126,118,1,1,0,0,0,0
126,0.0449,1.2359,0.6962,0.0026,0.6934,0.6849,0.0058,0.0014,0.2135,0.5066,0.0098,0.0054,0.0075,0.0785,0.0052,0.0519,0.006,0.0042,0.0408,0.0366,0.0027,0.035,0.2428,0.0044,0.0185,0.0312,0.2924,0.1603,0.265,2.1953,6,411548832,2147200608,0,0,116476604,127,119,1,1,0,0,0,0
127,0.0569,1.5028,0.6282,0.0021,0.626,0.6177,0.0064,0.0009,0.3195,0.8485,0.0103,0.0072,0.0127,0.1497,0.0104,0.0699,0.0076,0.0056,0.0605,0.0537,0.0044,0.1186,0.4524,0.0113,0.0156,0.0226,0.3872,0.2417,0.426,2.876,7,411548832,2147206944,1,0,116476604,128,120,1,1,0,0,0,0
128,0.0408,1.4035,0.6532,0.0022,0.6509,0.6431,0.0059,0.001,0.3145,0.7328,0.0113,0.007,0.0092,0.1233,0.007,0.0609,0.0064,0.006,0.0587,0.0569,0.0044,0.055,0.3548,0.0044,0.0102,0.0176,0.2925,0.2279,0.3787,2.5514,0,411548832,2147199200,2,0,116476604,129,121,1,1,0,0,0,0
129,0.1123,2.7283,1.7668,0.0047,1.7618,1.7469,0.0116,0.0016,0.373,0.9388,0.0143,0.0085,0.011,0.1662,0.0095,0.1064,0.0052,0.0078,0.0881,0.0787,0.0039,0.0555,0.4949,0.0038,0.0127,0.0251,0.3129,0.1791,0.2366,3.7622,1,411548832,2147210464,0,0,116476604,130,122,1,1,0,0,0,0
130,0.0418,1.529,0.6784,0.0027,0.6755,0.6681,0.0057,0.0011,0.3376,0.8328,0.0268,0.0202,0.0133,0.1774,0.007,0.0606,0.0057,0.0048,0.0552,0.0568,0.0043,0.0523,0.4023,0.0044,0.0102,0.0173,0.9047,0.0047,0,2.5004,2,411548832,2147204832,1,0,116476604,131,122,1,0,0,0,24,0
131,0.048,1.5072,0.6957,0.0026,0.6929,0.6835,0.0073,0.001,0.3141,0.7938,0.0204,0.0074,0.0128,0.186,0.006,0.0596,0.0051,0.0049,0.0552,0.0536,0.0042,0.054,0.4084,0.0048,0.0111,0.0183,0.7407,0.2074,0.3482,3.0481,3,411548832,2147197792,2,0,116476604,132,123,1,1,0,0,0,0
132,0.0437,1.5374,0.7848,0.0021,0.7826,0.7673,0.0122,0.0016,0.2652,0.7332,0.0076,0.006,0.0071,0.132,0.0044,0.0788,0.0121,0.007,0.0796,0.0566,0.0034,0.0622,0.4092,0.0054,0.0122,0.019,0.7995,0.0053,0,2.408,4,411548832,2147205536,0,0,116476604,133,123,1,0,0,0,24,0
133,0.0483,2.8708,0.7538,0.0031,0.7505,0.7432,0.0051,0.001,0.655,2.0961,0.008,0.005,0.0088,0.4009,0.0081,0.2212,0.0045,0.0054,0.2182,0.257,0.0038,0.2882,1.3855,0.007,0.0132,0.0388,1.7384,0.1377,0.2515,5.2148,5,411548832,2147194976,1,0,116476604,134,124,1,1,0,0,0,0
134,0.0537,96.7529,96.0645,0.003,96.0613,96.0472,0.011,0.0014,0.3263,0.6728,0.0099,0.0054,0.0076,0.1407,0.0047,0.0516,0.0049,0.0029,0.0352,0.0416,0.0022,0.033,0.3021,0.0028,0.0097,0.0144,0.3059,0.2081,0.1883,97.6452,6,411548832,2147200608,2,0,116476604,135,125,1,1,0,0,0,0
135,0.0515,20.43,18.9645,0.0025,18.9619,18.9248,0.0305,0.0036,0.5322,1.4376,0.0136,0.0094,0.0161,0.2399,0.0191,0.2567,0.0205,0.0085,0.1083,0.0844,0.0073,0.0829,0.7722,0.0094,0.0185,0.0256,0.5652,0.2976,0.2951,21.8748,7,411548832,2147206944,0,0,116476604,136,126,1,1,0,0,0,0
136,0.0638,6.5109,6.0371,0.0029,6.0341,6.0256,0.0061,0.0008,0.2171,0.4605,0.0092,0.0051,0.006,0.0887,0.0033,0.0307,0.0029,0.0032,0.0293,0.0289,0.002,0.0286,0.2062,0.0026,0.0076,0.0126,0.2007,0.1278,0.1671,7.1921,0,411548832,2147199200,1,0,116476604,137,127,1,1,0,0,0,0
137,0.0426,25.9455,24.4768,0.0023,24.4744,24.4459,0.0233,0.0026,0.5891,1.4392,0.0205,0.013,0.0272,0.2103,0.0186,0.1397,0.0114,0.01,0.135,0.1094,0.0075,0.1295,0.7239,0.008,0.0178,0.0276,0.3865,0.2362,0.2751,27.1968,1,411548832,2147210464,2,0,116476604,138,128,1,1,0,0,0,0
138,0.0616,1.2458,0.8183,0.0037,0.8144,0.8071,0.0058,0.0009,0.2085,0.4173,0.0078,0.0046,0.0059,0.0614,0.0032,0.0281,0.0028,0.0033,0.0286,0.0282,0.0023,0.0267,0.173,0.0026,0.0043,0.0133,0.2043,0.1182,0.1467,1.8978,2,411548832,2147204832,0,0,116476604,139,129,1,1,0,0,0,0
139,0.219,9.5165,8.5433,0.028,8.5143,8.4917,0.0168,0.003,0.4509,0.9464,0.0161,0.0079,0.0117,0.1414,0.0097,0.0707,0.0072,0.0077,0.0696,0.0671,0.0052,0.0672,0.416,0.0061,0.0167,0.0268,0.4028,0.2806,0.3678,11.0424,3,411548832,2147197792,1,0,116476604,140,130,1,1,0,0,0,0
140,0.0432,1.2431,0.7393,0.0027,0.7364,0.7301,0.0045,0.001,0.2046,0.4912,0.0088,0.0042,0.0064,0.0735,0.0032,0.0609,0.0027,0.0022,0.0496,0.0346,0.0018,0.0339,0.2525,0.0022,0.006,0.0134,0.2691,0.134,0.1542,1.9774,4,411548832,2147205536,2,0,116476604,141,131,1,1,0,0,0,0
141,0.1782,20.2886,19.0806,0.0178,19.0623,19.041,0.0162,0.0018,0.5502,1.1622,0.0251,0.0175,0.0148,0.1882,0.0194,0.0883,0.0106,0.0072,0.0873,0.06,0.0031,0.0745,0.4983,0.006,0.0281,0.0473,0.4979,0.2555,0.3792,21.8482,5,411548832,2147194976,0,0,116476604,142,132,1,1,0,0,0,0
142,0.0485,1.6562,0.9143,0.0033,0.9108,0.8942,0.0134,0.0016,0.3279,0.7157,0.0116,0.0063,0.0075,0.102,0.0063,0.0549,0.0053,0.0039,0.0654,0.0527,0.0041,0.059,0.334,0.0039,0.0143,0.027,0.5248,0.3285,0.3565,3.1815,6,411548832,2147200608,1,0,116476604,143,133,1,1,0,0,0,0
143,0.1711,5.2995,2.42,0.0182,2.4012,2.3558,0.0336,0.0066,1.2098,2.8371,0.038,0.023,0.0423,0.466,0.0229,0.284,0.0161,0.0175,0.2791,0.2083,0.011,0.1911,1.4285,0.0102,0.0249,0.0451,0.781,0.4355,0.4616,7.5539,7,411548832,2147206944,2,0,116476604,144,134,1,1,0,0,0,0
144,0.2292,7.1872,3.5314,0.02,3.5108,3.4424,0.0544,0.0072,1.3946,3.5356,0.0463,0.0328,0.0594,0.9722,0.0413,0.4125,0.0225,0.0108,0.2469,0.1318,0.0074,0.1257,1.8891,0.0111,0.0267,0.0352,0.6759,0.4109,0.3989,9.1992,0,411548832,2147199200,0,0,116476604,145,135,1,1,0,0,0,0
145,0.0841,2.1527,1.16,0.0101,1.1496,1.1304,0.015,0.0021,0.4513,0.9682,0.0113,0.0077,0.0127,0.1558,0.0097,0.0839,0.0045,0.0046,0.0746,0.0685,0.004,0.068,0.4508,0.0047,0.0168,0.0204,0.4142,0.3068,0.3371,3.51,1,411548832,2147210464,1,0,116476604,146,136,1,1,0,0,0,0
146,0.1897,3.3819,1.7045,0.024,1.6798,1.6547,0.0183,0.0036,0.6128,1.6504,0.018,0.0102,0.019,0.3443,0.0137,0.1783,0.0149,0.0077,0.1228,0.1271,0.0063,0.1521,0.9246,0.0112,0.0156,0.026,0.5659,0.2938,0.3678,5.0568,2,411548832,2147204832,2,0,116476604,147,137,1,1,0,0,0,0
147,0.0989,1.6004,0.9108,0.0065,0.904,0.893,0.0078,0.0018,0.2968,0.6707,0.0125,0.0066,0.0101,0.1035,0.0063,0.0543,0.0053,0.0051,0.0537,0.0518,0.0038,0.0509,0.3142,0.0045,0.0113,0.0185,0.303,0.1888,0.2172,2.5769,3,411548832,2147197792,0,0,116476604,148,138,1,1,0,0,0,0
148,0.0736,2.2033,1.0539,0.0051,1.0481,1.0317,0.0119,0.0024,0.495,1.1034,0.0221,0.0121,0.0174,0.1539,0.0095,0.0667,0.0061,0.0061,0.0544,0.1052,0.009,0.1162,0.4964,0.0185,0.0272,0.0383,0.6651,0.3174,0.2416,3.7296,4,411548832,2147205536,1,0,116476604,149,139,1,1,0,0,0,0
149,0.044,1.4098,0.7082,0.0024,0.7056,0.6975,0.0057,0.0017,0.3387,0.6793,0.0122,0.0081,0.0148,0.0972,0.0051,0.037,0.0061,0.0047,0.0431,0.0425,0.0024,0.0577,0.2775,0.0046,0.0128,0.0248,0.3451,0.223,0.2,2.3985,5,411548832,2147194976,2,0,116476604,150,140,1,1,0,0,0,0
150,0.1726,6.9097,3.083,0.0187,3.0637,2.9999,0.0523,0.0051,1.5873,3.7848,0.0442,0.0289,0.0572,0.6866,0.0393,0.2607,0.0099,0.0248,0.3469,0.4082,0.0189,0.2269,1.9293,0.0148,0.027,0.0487,1.3514,0.5264,0.3592,10.0973,6,411548832,2147200608,0,0,116476604,151,141,1,1,0,0,0,0
151,0.0517,1.2271,0.7161,0.0031,0.7128,0.7052,0.0057,0.0011,0.2048,0.4957,0.0091,0.0052,0.0061,0.0741,0.0037,0.0446,0.0052,0.0034,0.0633,0.0347,0.0027,0.0322,0.2489,0.0029,0.0096,0.0145,0.2356,0.1504,0.1768,2.071,7,411548832,2147206944,1,0,116476604,152,142,1,1,0,0,0,0
152,0.0902,2.0951,1.1924,0.0064,1.1855,1.1699,0.0109,0.0026,0.3741,0.8723,0.0158,0.0119,0.014,0.1275,0.0079,0.0633,0.0159,0.006,0.0672,0.0698,0.0048,0.0792,0.407,0.008,0.0169,0.0272,0.452,0.2383,0.2775,3.4162,0,411548832,2147199200,2,0,116476604,153,143,1,1,0,0,0,0
153,0.0995,3.1784,2.1357,0.0044,2.131,2.0391,0.0855,0.0038,0.5367,0.9909,0.0215,0.0115,0.0091,0.1166,0.0063,0.0368,0.0056,0.006,0.0706,0.0524,0.0032,0.0907,0.3671,0.0167,0.0223,0.0367,0.4084,0.1798,0.3286,4.4084,1,411548832,2147210464,0,0,116476604,154,144,1,1,0,0,0,0
154,0.0576,1.8129,0.9705,0.0054,0.9648,0.9532,0.009,0.0012,0.2769,0.8097,0.0164,0.0109,0.0109,0.1362,0.009,0.0666,0.0065,0.0055,0.0858,0.0963,0.0055,0.0671,0.452,0.0081,0.0148,0.0356,0.4671,0.3316,0.3228,3.3581,2,411548832,2147204832,1,0,116476604,155,145,1,1,0,0,0,0
155,0.0826,2.2802,1.2701,0.0084,1.2614,1.2356,0.0191,0.0041,0.4477,0.983,0.0189,0.0113,0.0144,0.1488,0.0092,0.0771,0.0065,0.007,0.0751,0.0734,0.006,0.0732,0.4476,0.0068,0.0167,0.0257,0.4158,0.3163,0.3766,3.7816,3,411548832,2147197792,2,0,116476604,156,146,1,1,0,0,0,0
156,0.0445,1.5586,0.7024,0.0022,0.7001,0.6922,0.0057,0.0014,0.3257,0.8366,0.0115,0.0073,0.0139,0.1669,0.0132,0.0744,0.0067,0.006,0.0671,0.0651,0.0048,0.0595,0.433,0.0056,0.0119,0.0198,0.3758,0.2071,0.3819,2.7841,4,411548832,2147205536,0,0,116476604,157,147,1,1,0,0,0,0
157,0.0379,1.5864,0.642,0.0027,0.6393,0.6309,0.0057,0.0018,0.3553,0.9187,0.0152,0.0132,0.0193,0.1605,0.0112,0.0783,0.0072,0.0061,0.0631,0.0593,0.0046,0.1055,0.4667,0.0078,0.0148,0.0261,0.3895,0.3719,0.584,3.3526,5,411548832,2147194976,1,0,116476604,158,148,1,1,0,0,0,0
158,0.039,1.1974,0.6657,0.0026,0.663,0.6545,0.0057,0.0017,0.193,0.4964,0.0073,0.0049,0.0065,0.0935,0.0046,0.0549,0.0073,0.0042,0.0449,0.0323,0.002,0.0315,0.2571,0.0032,0.0199,0.0384,0.4465,0.3245,0.3906,2.7162,6,411548832,2147200608,2,0,116476604,159,149,1,1,0,0,0,0
159,0.0431,1.2346,0.7053,0.003,0.7022,0.6938,0.0062,0.0012,0.2066,0.4969,0.0077,0.0059,0.0082,0.0978,0.0049,0.0407,0.0065,0.0056,0.0354,0.0329,0.0022,0.0333,0.2401,0.0043,0.0187,0.0355,0.3776,0.2578,0.7182,2.9547,7,411548832,2147206944,0,0,116476604,160,150,1,1,0,0,0,0
160,0.0484,1.8447,0.73,0.0027,0.7271,0.7186,0.0064,0.0011,0.2376,1.0915,0.0167,0.0114,0.0166,0.4421,0.0103,0.0968,0.0057,0.0092,0.1039,0.0625,0.0048,0.0604,0.7657,0.0063,0.0136,0.0217,0.3048,0.3756,1.8082,4.8122,0,411548832,2147199200,1,0,116476604,161,151,1,1,0,0,0,0
161,0.0465,1.5045,0.7475,0.0024,0.745,0.736,0.0064,0.0017,0.2932,0.7267,0.0117,0.0075,0.0141,0.1733,0.0116,0.0715,0.0063,0.0046,0.057,0.0308,0.002,0.0323,0.3649,0.0041,0.0202,0.0152,0.3298,0.2495,0.4694,2.8597,1,411548832,2147210464,2,0,116476604,162,152,1,1,0,0,0,0
162,0.0402,1.3176,0.7486,0.0025,0.7459,0.7331,0.01,0.0015,0.2352,0.5334,0.0082,0.0055,0.0075,0.0835,0.0073,0.0536,0.0045,0.0047,0.0367,0.0327,0.0022,0.0392,0.2457,0.0057,0.0213,0.0346,0.3369,0.2212,0.318,2.4877,2,411548832,2147204832,0,0,116476604,163,153,1,1,0,0,0,0
163,0.0644,1.2534,0.6892,0.0025,0.6864,0.6779,0.0059,0.0011,0.2154,0.53,0.0098,0.0054,0.0071,0.0904,0.005,0.0378,0.0051,0.0052,0.0386,0.0524,0.0044,0.0439,0.2631,0.0045,0.0197,0.0343,0.2973,0.1659,0.3331,2.3508,3,411548832,2147197792,1,0,116476604,164,154,1,1,0,0,0,0
164,0.0548,1.3846,0.821,0.0031,0.8177,0.8084,0.0071,0.0013,0.1783,0.5497,0.0092,0.0113,0.0096,0.087,0.0044,0.0433,0.0066,0.0065,0.0902,0.0594,0.0024,0.034,0.3139,0.0032,0.0074,0.014,0.2764,0.21,0.3347,2.4854,4,411548832,2147205536,2,0,116476604,165,155,1,1,0,0,0,0
165,0.0462,1.4264,0.6985,0.0023,0.696,0.6876,0.0067,0.0009,0.2302,0.7087,0.0121,0.0134,0.0148,0.1635,0.0079,0.0625,0.0073,0.006,0.0623,0.0571,0.0042,0.0545,0.3999,0.0047,0.0118,0.0203,0.2989,0.1759,0.1872,2.289,5,411548832,2147194976,0,0,116476604,166,156,1,1,0,0,0,0
166,0.0482,1.2879,0.6717,0.0032,0.6683,0.6603,0.006,0.0011,0.2104,0.6022,0.0103,0.005,0.0081,0.1649,0.0087,0.07,0.0091,0.0037,0.0446,0.0283,0.0021,0.0284,0.3362,0.0025,0.0082,0.0139,0.2239,0.1587,0.9353,2.9519,6,411548832,2147200608,1,0,116476604,167,157,1,1,0,0,0,0
167,0.0517,1.288,0.7048,0.0027,0.702,0.6942,0.0058,0.0011,0.2455,0.5523,0.0087,0.005,0.0083,0.0762,0.0056,0.0669,0.0069,0.0057,0.0409,0.0372,0.0024,0.0339,0.2551,0.0048,0.0192,0.031,0.3053,0.1816,0.3314,2.4107,7,411548832,2147206944,2,0,116476604,168,158,1,1,0,0,0,0
168,0.0384,1.4193,0.67,0.0022,0.6677,0.6599,0.006,0.0009,0.2728,0.7296,0.0112,0.0069,0.0126,0.1468,0.0109,0.0658,0.0057,0.006,0.0632,0.0573,0.0041,0.0537,0.3868,0.005,0.0116,0.0185,0.3136,0.2073,0.2588,2.4366,0,411548832,2147199200,0,0,116476604,169,159,1,1,0,0,0,0
169,0.0415,1.3136,0.6863,0.003,0.6832,0.6746,0.0063,0.0013,0.2216,0.5972,0.0085,0.005,0.0079,0.1508,0.0087,0.0606,0.0048,0.0046,0.0406,0.0355,0.0026,0.0354,0.3229,0.0045,0.0165,0.0359,0.2301,0.1611,0.2134,2.1428,1,411548832,2147210464,1,0,116476604,170,160,1,1,0,0,0,0
170,0.0417,1.5392,0.6761,0.0032,0.6728,0.6649,0.0055,0.0013,0.2994,0.8393,0.0113,0.0076,0.0153,0.17,0.0117,0.0729,0.0067,0.0051,0.0649,0.059,0.0047,0.0954,0.4622,0.0076,0.0134,0.0227,0.6011,0.4401,0.4441,3.5013,2,411548832,2147204832,2,0,116476604,171,161,1,1,0,0,0,0
171,0.0644,1.3196,0.761,0.0037,0.7567,0.7491,0.0059,0.0009,0.1784,0.5443,0.0089,0.0057,0.0088,0.1139,0.005,0.0762,0.0061,0.0046,0.0539,0.0392,0.0018,0.0349,0.3181,0.002,0.0077,0.0148,0.2185,0.1313,0.2782,2.1585,3,411548832,2147197792,0,0,116476604,172,162,1,1,0,0,0,0
172,0.0609,1.7296,0.9586,0.0046,0.9537,0.9427,0.0077,0.0016,0.3643,0.7298,0.0121,0.0068,0.0088,0.1014,0.0058,0.0513,0.0049,0.0048,0.0505,0.0507,0.0038,0.0534,0.3073,0.0052,0.0238,0.0382,0.4773,0.1918,0.3801,3.0615,4,411548832,2147205536,1,0,116476604,173,163,1,1,0,0,0,0
173,0.1755,3.3585,2.3086,0.0495,2.2582,2.2461,0.0093,0.001,0.2525,1.0095,0.0182,0.0121,0.0145,0.1862,0.0083,0.0854,0.0087,0.014,0.1411,0.13,0.0247,0.0926,0.6353,0.0097,0.024,0.0324,0.3897,0.2942,0.3964,4.9242,5,411548832,2147194976,2,0,116476604,174,164,1,1,0,0,0,0
174,0.0461,1.3642,0.615,0.0024,0.6125,0.6056,0.0048,0.001,0.2644,0.7317,0.0279,0.0124,0.0153,0.1634,0.0073,0.0563,0.0048,0.0053,0.0543,0.0525,0.004,0.0525,0.379,0.0049,0.0102,0.0172,0.3159,0.2075,0.1625,2.2547,6,411548832,2147200608,0,0,116476604,175,165,1,1,0,0,0,0
175,0.0382,1.4285,0.6863,0.002,0.6841,0.6762,0.0056,0.0014,0.2853,0.7226,0.012,0.006,0.0096,0.13,0.0077,0.0657,0.0051,0.0054,0.0613,0.0594,0.0048,0.0587,0.3751,0.0053,0.0116,0.0175,0.3585,0.2788,0.3184,2.7206,7,411548832,2147206944,1,0,116476604,176,166,1,1,0,0,0,0
176,0.0388,1.0727,0.6512,0.0023,0.6488,0.6405,0.0057,0.0014,0.1935,0.4081,0.0082,0.005,0.0053,0.0681,0.0038,0.0291,0.0031,0.0028,0.0284,0.0264,0.0021,0.0263,0.1783,0.0028,0.0079,0.0134,0.1908,0.1206,0.1647,1.7179,0,411548832,2147199200,2,0,116476604,177,167,1,1,0,0,0,0
177,0.0421,1.1682,0.6567,0.002,0.6545,0.647,0.0049,0.0015,0.2052,0.4947,0.0076,0.0046,0.0069,0.0804,0.0044,0.029,0.0028,0.0029,0.0279,0.0545,0.0042,0.0552,0.247,0.0048,0.0103,0.0173,0.3212,0.1826,0.2241,2.1131,1,411548832,2147210464,0,0,116476604,178,168,1,1,0,0,0,0
178,0.0381,83.5401,83.043,0.0021,83.0408,83.0291,0.0091,0.0011,0.2406,0.4805,0.0076,0.0056,0.0079,0.0677,0.0052,0.04,0.0027,0.0021,0.0325,0.0307,0.0016,0.0303,0.2012,0.0025,0.0089,0.0153,0.226,0.1643,0.1838,84.3146,2,411548832,2147204832,1,0,116476604,179,169,1,1,0,0,0,0
179,0.0397,24.2191,23.7622,0.0021,23.76,23.7485,0.0094,0.001,0.198,0.4425,0.007,0.0043,0.0063,0.0655,0.0032,0.0371,0.0027,0.0027,0.0368,0.0353,0.0021,0.0356,0.2103,0.0022,0.0086,0.0152,0.2588,0.1798,0.1838,25.0356,3,411548832,2147197792,2,0,116476604,180,170,1,1,0,0,0,0
180,0.214,19.563,18.932,0.0263,18.9049,18.8933,0.0083,0.001,0.2693,0.6155,0.0103,0.0065,0.0081,0.1093,0.0062,0.056,0.0046,0.0048,0.0479,0.0505,0.0024,0.0331,0.2968,0.0025,0.0086,0.015,0.2314,0.1716,0.1687,20.5168,4,411548832,2147205536,0,0,116476604,181,171,1,1,0,0,0,0
181,0.0504,18.5842,17.275,0.0031,17.2717,17.2475,0.018,0.004,0.6225,1.2804,0.0202,0.0124,0.0197,0.1882,0.0119,0.105,0.009,0.0082,0.0919,0.0831,0.0066,0.0833,0.5515,0.008,0.0161,0.0272,0.4833,0.299,0.3683,20.0509,5,411548832,2147194976,1,0,116476604,182,172,1,1,0,0,0,0
182,0.045,1.4877,0.7403,0.0023,0.7379,0.7296,0.0059,0.0014,0.3136,0.7262,0.0124,0.0077,0.0097,0.1152,0.0074,0.061,0.0054,0.0053,0.0589,0.0569,0.0044,0.0568,0.3488,0.0054,0.0123,0.0202,0.3106,0.1252,0.1747,2.2833,6,411548832,2147200608,2,0,116476604,183,173,1,1,0,0,0,0
183,0.0665,2.3601,1.4781,0.0033,1.4745,1.4597,0.0102,0.0024,0.4589,0.8601,0.0122,0.0064,0.011,0.1354,0.0115,0.092,0.0051,0.0041,0.0421,0.0348,0.0025,0.0354,0.3397,0.0032,0.0122,0.0216,0.288,0.1903,0.2349,3.3383,7,411548832,2147206944,0,0,116476604,184,174,1,1,0,0,0,0
184,0.0667,2.4864,1.2024,0.0041,1.1981,1.1741,0.0193,0.0023,0.494,1.2684,0.0118,0.007,0.0097,0.4765,0.0064,0.0474,0.0042,0.0058,0.1089,0.0459,0.0029,0.0399,0.7186,0.0034,0.0091,0.0154,0.2313,0.1551,0.2026,3.2984,0,411548832,2147199200,1,0,116476604,185,175,1,1,0,0,0,0
185,0.049,1.4309,0.7503,0.0035,0.7464,0.7377,0.0066,0.0011,0.2872,0.6613,0.0109,0.006,0.0095,0.104,0.0065,0.055,0.0055,0.0051,0.0538,0.0523,0.0041,0.0514,0.3165,0.0043,0.0118,0.0174,0.2095,0.1161,0.2115,2.1541,1,411548832,2147210464,2,0,116476604,186,176,1,1,0,0,0,0
186,0.0917,2.6492,1.3605,0.0054,1.3548,1.3317,0.017,0.0029,0.6435,1.2564,0.026,0.0181,0.0172,0.2044,0.0077,0.0751,0.0048,0.0053,0.0709,0.093,0.0056,0.0717,0.5151,0.0061,0.0189,0.0249,0.459,0.2084,0.1689,3.8302,2,411548832,2147204832,0,0,116476604,187,177,1,1,0,0,0,0
187,0.0512,1.5087,0.8817,0.0045,0.8769,0.8617,0.0125,0.0013,0.2886,0.6114,0.0102,0.0066,0.0107,0.0997,0.0055,0.046,0.0031,0.0029,0.0453,0.0457,0.0019,0.0392,0.2759,0.0022,0.0088,0.0165,0.2594,0.1954,0.1405,2.362,3,411548832,2147197792,1,0,116476604,188,178,1,1,0,0,0,0
188,0.0434,1.1882,0.6783,0.0024,0.6757,0.6673,0.0062,0.0014,0.2289,0.481,0.0132,0.0071,0.0071,0.0775,0.0033,0.032,0.0038,0.0032,0.033,0.0318,0.0018,0.0312,0.2055,0.002,0.0156,0.0296,0.3266,0.201,0.3857,2.3457,4,411548832,2147205536,2,0,116476604,189,179,1,1,0,0,0,0
189,0.192,5.1522,2.7831,0.0363,2.7457,2.707,0.0267,0.0064,1.1639,2.3259,0.0232,0.0138,0.034,0.2879,0.0282,0.1451,0.0086,0.0138,0.1974,0.1944,0.0157,0.1706,0.9954,0.0145,0.0246,0.0346,0.9304,0.4217,0.3261,7.3668,5,411548832,2147194976,0,0,116476604,190,180,1,1,0,0,0,0
190,0.0567,1.2311,0.8207,0.0044,0.816,0.8075,0.0058,0.0013,0.1863,0.3964,0.0075,0.0043,0.0054,0.0585,0.0035,0.0302,0.0028,0.0036,0.0304,0.0281,0.002,0.028,0.1752,0.0023,0.0077,0.0137,0.1982,0.1703,0.2533,2.1369,6,411548832,2147200608,1,0,116476604,191,181,1,1,0,0,0,0
191,0.0436,1.5821,0.6885,0.0021,0.6862,0.6716,0.0116,0.0015,0.2769,0.8705,0.0116,0.0056,0.0094,0.1085,0.0065,0.0565,0.022,0.0123,0.0873,0.1409,0.0133,0.1047,0.4979,0.0071,0.014,0.0213,0.3452,0.171,0.1365,2.4771,7,411548832,2147206944,2,0,116476604,192,182,1,1,0,0,0,0
192,0.072,2.0763,1.3482,0.0037,1.344,1.3318,0.0083,0.0018,0.3693,0.6943,0.0177,0.0115,0.0092,0.0967,0.0058,0.0414,0.0052,0.006,0.0409,0.0411,0.0026,0.0371,0.2572,0.0041,0.0179,0.0328,0.5052,0.2878,0.22,3.3671,0,411548832,2147199200,0,0,116476604,193,183,1,1,0,0,0,0
193,0.0397,1.3736,0.6551,0.0025,0.6524,0.645,0.0046,0.0017,0.3218,0.7,0.0113,0.0054,0.009,0.105,0.0062,0.055,0.0054,0.0054,0.0546,0.0529,0.0041,0.0532,0.3207,0.0049,0.0109,0.0176,0.2975,0.1763,0.2178,2.2689,1,411548832,2147210464,1,0,116476604,194,184,1,1,0,0,0,0
194,0.0689,1.9276,1.3019,0.0032,1.2986,1.2849,0.0095,0.0023,0.3134,0.601,0.0145,0.0082,0.0087,0.091,0.0042,0.0349,0.0045,0.0046,0.0369,0.0351,0.0025,0.0339,0.2318,0.0034,0.013,0.0253,0.3247,0.2188,0.3575,3.1375,2,411548832,2147204832,2,0,116476604,195,185,1,1,0,0,0,0
195,0.0738,2.3861,1.1774,0.0057,1.1715,1.1562,0.0118,0.0016,0.4081,1.1497,0.0123,0.0079,0.0127,0.1941,0.0175,0.1407,0.0063,0.0134,0.1163,0.1151,0.0056,0.0789,0.6451,0.0111,0.0248,0.0317,0.524,0.2229,0.3158,3.7382,3,411548832,2147197792,0,0,116476604,196,186,1,1,0,0,0,0
196,0.0366,1.0624,0.64,0.0024,0.6375,0.6292,0.0061,0.0013,0.1972,0.4079,0.0081,0.0045,0.005,0.0618,0.0046,0.0282,0.0034,0.0032,0.028,0.0266,0.0023,0.0279,0.1725,0.003,0.0083,0.0142,0.1989,0.1222,0.166,1.717,4,411548832,2147205536,1,0,116476604,197,187,1,1,0,0,0,0
197,0.0613,1.3184,0.7637,0.003,0.7605,0.7499,0.0079,0.0015,0.2374,0.5382,0.0085,0.0046,0.0074,0.0739,0.0046,0.0369,0.0039,0.0035,0.0374,0.0359,0.0027,0.0709,0.255,0.0055,0.0091,0.0162,0.4705,0.287,0.3448,2.7313,5,411548832,2147194976,2,0,116476604,198,188,1,1,0,0,0,0
198,0.0436,1.4438,0.7543,0.0022,0.7519,0.7435,0.0064,0.0009,0.2898,0.6699,0.0121,0.0066,0.0094,0.1037,0.0069,0.0571,0.0045,0.0052,0.053,0.0523,0.0043,0.0542,0.3203,0.0048,0.0116,0.0179,0.3027,0.2222,0.2229,2.4202,6,411548832,2147200608,0,0,116476604,199,189,1,1,0,0,0,0
199,0.047,1.5641,0.7486,0.0037,0.7448,0.7358,0.0066,0.0013,0.2874,0.7752,0.0123,0.0066,0.011,0.1424,0.0083,0.066,0.0058,0.0063,0.0649,0.0687,0.0051,0.0754,0.4174,0.0079,0.0269,0.0197,0.4002,0.2619,0.3621,2.9099,7,411548832,2147206944,1,0,116476604,200,190,1,1,0,0,0,0
200,0.0393,1.0994,0.6617,0.0023,0.6592,0.6518,0.0058,0.0009,0.2076,0.4244,0.0081,0.0049,0.0053,0.0721,0.0035,0.0285,0.0028,0.0027,0.028,0.027,0.0021,0.0264,0.182,0.0023,0.0073,0.0132,0.3197,0.2062,0.2598,2.1126,0,411548832,2147199200,2,0,116476604,201,191,1,1,0,0,0,0
201,0.046,1.3453,0.6376,0.0023,0.6352,0.6277,0.0052,0.0011,0.2363,0.6806,0.0091,0.0063,0.006,0.1247,0.0084,0.0936,0.0069,0.0046,0.0652,0.0525,0.0034,0.0543,0.3903,0.0043,0.0147,0.0301,0.3971,0.2291,0.4572,2.7326,1,411548832,2147210464,0,0,116476604,202,192,1,1,0,0,0,0
202,0.0458,1.8206,0.7499,0.0027,0.747,0.739,0.0057,0.0012,0.4883,1.0504,0.0137,0.0095,0.0148,0.1841,0.0153,0.0662,0.0054,0.0098,0.073,0.0766,0.0032,0.0768,0.4767,0.0068,0.012,0.0182,0.2913,0.1346,0.1731,2.6124,2,411548832,2147204832,1,0,116476604,203,193,1,1,0,0,0,0
203,0.059,89.4837,88.9647,0.0043,88.9599,88.9489,0.0078,0.0014,0.2395,0.5022,0.009,0.0054,0.0063,0.0755,0.0052,0.0362,0.0036,0.0032,0.0362,0.0351,0.0027,0.0362,0.2192,0.0033,0.009,0.0187,0.3225,0.2185,0.2811,90.5643,3,411548832,2147197792,2,0,116476604,204,194,1,1,0,0,0,0
204,0.039,14.3546,13.2123,0.0024,13.2098,13.1946,0.0119,0.0015,0.3225,1.1181,0.0132,0.0067,0.0099,0.2062,0.0085,0.0835,0.0062,0.0092,0.1024,0.0739,0.0054,0.2563,0.7223,0.0077,0.0145,0.0227,0.4643,0.3296,0.3762,15.9165,4,411548832,2147205536,0,0,116476604,205,195,1,1,0,0,0,0
205,0.0372,27.7018,27.1855,0.0023,27.1831,27.1734,0.0072,0.0013,0.2217,0.5005,0.0087,0.005,0.0079,0.0774,0.0057,0.0438,0.0038,0.0042,0.038,0.0374,0.0029,0.0362,0.2328,0.0034,0.0092,0.0157,0.2377,0.1524,0.2723,28.564,5,411548832,2147194976,1,0,116476604,206,196,1,1,0,0,0,0
206,0.0401,23.192,22.3309,0.0028,22.3279,22.299,0.0239,0.0019,0.4574,0.8348,0.0164,0.0082,0.0102,0.1156,0.0055,0.049,0.0043,0.0044,0.0494,0.049,0.0041,0.0501,0.3131,0.0043,0.0163,0.0261,0.4737,0.2447,0.2503,24.5028,6,411548832,2147200608,2,0,116476604,207,197,1,1,0,0,0,0
207,0.0774,1.7586,1.1174,0.0052,1.112,1.1009,0.0079,0.0016,0.3131,0.6251,0.0142,0.0061,0.0114,0.0946,0.0042,0.0426,0.0031,0.003,0.0416,0.0405,0.002,0.0411,0.2604,0.0033,0.0069,0.0219,0.3664,0.211,0.355,3.0644,7,411548832,2147206944,0,0,116476604,208,198,1,1,0,0,0,0
208,0.0737,2.6125,1.8683,0.0034,1.8646,1.8559,0.0065,0.001,0.3339,0.7226,0.0127,0.0098,0.0088,0.1341,0.0062,0.0679,0.0091,0.0032,0.044,0.0412,0.0022,0.0404,0.3276,0.0039,0.0147,0.0243,0.4326,0.3606,0.3201,4.0702,0,411548832,2147199200,1,0,116476604,209,199,1,1,0,0,0,0
209,0.044,1.5874,0.7346,0.002,0.7324,0.7229,0.0065,0.0016,0.4163,0.8327,0.0123,0.0081,0.0103,0.1151,0.0069,0.0605,0.0056,0.0056,0.0597,0.0568,0.0046,0.0587,0.3508,0.0055,0.0125,0.016,0.1992,0.1381,0.1832,2.3004,1,411548832,2147210464,2,0,116476604,210,200,1,1,0,0,0,0
210,0.0544,2.0131,1.0189,0.0046,1.0141,1.0029,0.0088,0.0016,0.3852,0.9562,0.017,0.0108,0.0282,0.2462,0.0073,0.0623,0.0054,0.0061,0.0605,0.0564,0.0026,0.0571,0.4825,0.0045,0.0174,0.0351,0.4583,0.5084,0.8249,4.3325,2,411548832,2147204832,0,0,116476604,211,201,1,1,0,0,0,0
211,0.0443,1.2936,0.7128,0.0026,0.7101,0.7021,0.006,0.0012,0.2454,0.5635,0.01,0.0049,0.0073,0.0783,0.0052,0.0452,0.0085,0.0059,0.0493,0.046,0.0035,0.0424,0.2612,0.0043,0.0106,0.0165,0.3469,0.2771,0.4404,2.6841,3,411548832,2147197792,1,0,116476604,212,202,1,1,0,0,0,0
212,0.2037,4.6658,2.459,0.0179,2.4405,2.4033,0.0288,0.0041,0.7876,2.1585,0.0211,0.013,0.0271,0.2865,0.0142,0.1573,0.0084,0.0265,0.3171,0.225,0.0151,0.2245,1.2104,0.0207,0.0307,0.0353,0.7406,0.3458,0.4499,6.7283,4,411548832,2147205536,2,0,116476604,213,203,1,1,0,0,0,0
213,0.1348,2.653,1.2491,0.0159,1.2326,1.2097,0.0177,0.0029,0.4452,1.3796,0.0189,0.0107,0.0208,0.2292,0.0219,0.1681,0.0117,0.0154,0.1721,0.138,0.0107,0.0972,0.8046,0.0075,0.0151,0.0238,0.4204,0.2629,0.3466,4.0724,5,411548832,2147194976,0,0,116476604,214,204,1,1,0,0,0,0
214,0.0775,2.1878,1.159,0.0046,1.1542,1.1376,0.0128,0.0022,0.4961,0.9814,0.015,0.0079,0.0121,0.1285,0.0081,0.0697,0.0071,0.0065,0.0694,0.0715,0.0052,0.0694,0.4085,0.0066,0.0258,0.0379,0.6862,0.3033,0.3747,3.9915,6,411548832,2147200608,1,0,116476604,215,205,1,1,0,0,0,0
215,0.0486,1.4444,0.7328,0.0022,0.7305,0.7207,0.0071,0.0015,0.2957,0.6949,0.0151,0.0072,0.012,0.1069,0.0069,0.0856,0.0056,0.0052,0.0606,0.0518,0.0021,0.0318,0.3367,0.0031,0.0099,0.0147,0.3028,0.2532,0.3404,2.9318,7,411548832,2147206944,2,0,116476604,216,206,1,1,0,0,0,0
216,0.0718,2.2502,1.3374,0.0038,1.3334,1.3076,0.0197,0.003,0.5125,0.8986,0.0124,0.0082,0.0135,0.1182,0.0114,0.0764,0.0045,0.0057,0.0553,0.036,0.0025,0.0333,0.3192,0.0033,0.0086,0.0139,0.2191,0.1545,0.2337,3.0852,0,411548832,2147199200,0,0,116476604,217,207,1,1,0,0,0,0
217,0.0441,1.2242,0.8525,0.0026,0.8498,0.8443,0.0038,0.0011,0.1783,0.3619,0.0075,0.0045,0.0057,0.0565,0.0025,0.0242,0.0021,0.0018,0.0247,0.0243,0.0013,0.0242,0.1539,0.0019,0.0036,0.0146,0.2014,0.1472,0.2627,2.0266,1,411548832,2147210464,1,0,116476604,218,208,1,1,0,0,0,0
218,0.0504,1.5933,0.7658,0.0037,0.7618,0.7529,0.0069,0.001,0.3313,0.8057,0.023,0.0085,0.0113,0.1219,0.01,0.0792,0.0082,0.0058,0.1014,0.0509,0.003,0.0411,0.3945,0.0042,0.0095,0.0289,0.3859,0.434,0.5545,3.4163,2,411548832,2147204832,2,0,116476604,219,209,1,1,0,0,0,0
219,0.0377,1.0739,0.6531,0.0021,0.6509,0.6423,0.0066,0.0012,0.2065,0.407,0.0079,0.0039,0.0051,0.057,0.0032,0.0282,0.0029,0.0033,0.0278,0.0267,0.002,0.0268,0.1665,0.0027,0.008,0.0133,0.1932,0.129,0.2082,1.8051,3,411548832,2147197792,0,0,116476604,220,210,1,1,0,0,0,0
220,0.046,1.1259,0.7097,0.0029,0.7067,0.7003,0.0044,0.001,0.193,0.4007,0.0093,0.0044,0.0055,0.0608,0.0041,0.028,0.0035,0.0033,0.0277,0.0268,0.002,0.0268,0.1701,0.0024,0.0094,0.0153,0.2013,0.1773,0.2949,2.0601,4,411548832,2147205536,1,0,116476604,221,211,1,1,0,0,0,0
221,0.0653,1.8001,1.0515,0.0026,1.0487,1.0385,0.0072,0.002,0.2611,0.7213,0.0113,0.0065,0.0084,0.0698,0.0039,0.0339,0.0032,0.0152,0.1161,0.1022,0.006,0.0696,0.3916,0.0076,0.0172,0.0265,0.3808,0.2523,0.4746,3.2561,5,411548832,2147194976,2,0,116476604,222,212,1,1,0,0,0,0
222,0.0768,1.6496,1.0918,0.0051,1.0862,1.0752,0.0086,0.0012,0.2654,0.5414,0.0085,0.006,0.0061,0.0694,0.0037,0.0526,0.007,0.0039,0.0438,0.0338,0.0024,0.0312,0.2308,0.0033,0.0092,0.0156,0.2267,0.1768,0.2059,2.555,6,411548832,2147200608,0,0,116476604,223,213,1,1,0,0,0,0
223,0.0469,1.5791,0.7892,0.004,0.785,0.772,0.0097,0.0018,0.284,0.7566,0.0148,0.0199,0.0133,0.158,0.0069,0.0638,0.0055,0.0067,0.0559,0.0574,0.004,0.0542,0.3893,0.0048,0.0204,0.0346,0.4651,0.3621,0.572,3.3,7,411548832,2147206944,1,0,116476604,224,214,1,1,0,0,0,0
224,0.0767,1.8622,1.2262,0.0037,1.222,1.209,0.0097,0.0011,0.3202,0.6075,0.0116,0.0082,0.0134,0.0694,0.0046,0.0287,0.0043,0.0047,0.0453,0.044,0.0033,0.0402,0.2276,0.0041,0.0131,0.0363,0.4945,0.3844,0.3138,3.5128,0,411548832,2147199200,2,0,116476604,225,215,1,1,0,0,0,0
225,0.1028,1.923,1.0419,0.0062,1.0354,1.023,0.0087,0.002,0.3741,0.8605,0.0117,0.0078,0.0132,0.1586,0.0158,0.0719,0.0055,0.0057,0.0609,0.0579,0.0046,0.0589,0.4082,0.0064,0.0137,0.0195,0.2569,0.1812,0.3266,3.1053,1,411548832,2147210464,0,0,116476604,226,216,1,1,0,0,0,0
226,0.0382,1.0588,0.6242,0.0026,0.6215,0.615,0.0046,0.0011,0.2037,0.4201,0.0082,0.0048,0.0061,0.0676,0.0032,0.0288,0.0032,0.003,0.0281,0.0286,0.0019,0.0273,0.1804,0.0025,0.0087,0.0142,0.2025,0.1245,0.1712,1.7357,2,411548832,2147204832,1,0,116476604,227,217,1,1,0,0,0,0
227,0.0544,3.9278,2.9972,0.0051,2.9919,2.9759,0.0105,0.0023,0.4527,0.907,0.0207,0.0131,0.0108,0.1166,0.0057,0.0397,0.0063,0.0045,0.0419,0.1132,0.0037,0.0679,0.3793,0.004,0.0123,0.0218,0.3008,0.215,0.2853,4.9748,3,411548832,2147197792,2,0,116476604,228,218,1,1,0,0,0,0
228,0.045,1.1906,0.7238,0.0026,0.7211,0.7128,0.0061,0.0011,0.2266,0.4512,0.009,0.0044,0.0054,0.0706,0.0034,0.0299,0.0035,0.0031,0.0285,0.0283,0.002,0.0304,0.1877,0.0026,0.0085,0.0142,0.1984,0.13,0.1831,1.8818,4,411548832,2147205536,0,0,116476604,229,219,1,1,0,0,0,0
229,0.0943,1.8082,1.1015,0.0036,1.0975,1.0868,0.0076,0.0015,0.4055,0.6864,0.0113,0.0064,0.0073,0.0903,0.0047,0.0365,0.0036,0.0035,0.0357,0.0359,0.0026,0.0352,0.2336,0.0032,0.0107,0.0196,0.26,0.194,0.3549,2.9295,5,411548832,2147194976,1,0,116476604,230,220,1,1,0,0,0,0
230,0.0446,1.2575,0.7477,0.0032,0.7443,0.7333,0.0078,0.0014,0.2461,0.4948,0.0088,0.0056,0.0063,0.0772,0.0034,0.0359,0.0025,0.0022,0.0342,0.0318,0.002,0.0328,0.2119,0.0022,0.0092,0.0158,0.2436,0.1761,0.2006,2.088,6,411548832,2147200608,2,0,116476604,231,221,1,1,0,0,0,0
231,0.0383,91.1265,90.5613,0.0024,90.5588,90.5466,0.0094,0.0013,0.2583,0.5494,0.0097,0.0052,0.0071,0.0805,0.0049,0.0416,0.0038,0.0038,0.0405,0.0417,0.0033,0.0409,0.2452,0.0037,0.0095,0.0148,0.2479,0.1978,0.2411,92.0285,7,411548832,2147206944,0,0,116476604,232,222,1,1,0,0,0,0
232,0.0398,24.5836,23.7001,0.0027,23.6973,23.6838,0.0108,0.0013,0.2827,0.8635,0.0096,0.0064,0.0085,0.1105,0.0083,0.0757,0.0064,0.0166,0.1213,0.0993,0.007,0.1012,0.508,0.0044,0.012,0.0188,0.3305,0.1592,0.2754,25.5499,0,411548832,2147199200,1,0,116476604,233,223,1,1,0,0,0,0
233,0.0394,24.9437,24.2612,0.0024,24.2587,24.2432,0.0122,0.0018,0.2933,0.667,0.0095,0.0071,0.0088,0.1299,0.0064,0.0732,0.0055,0.0037,0.0469,0.0358,0.0027,0.0356,0.3214,0.0039,0.0091,0.0148,0.2217,0.1508,0.1809,25.6799,1,411548832,2147210464,2,0,116476604,234,224,1,1,0,0,0,0
234,0.05,29.4148,28.4217,0.0024,28.4192,28.4005,0.0139,0.0019,0.6125,0.9591,0.0241,0.0111,0.0187,0.1163,0.0063,0.0375,0.005,0.0041,0.039,0.0371,0.0024,0.0356,0.2655,0.0041,0.0197,0.0321,0.7255,0.2074,0.2621,30.8953,2,411548832,2147204832,0,0,116476604,235,225,1,1,0,0,0,0
235,0.0428,1.5387,0.9097,0.0024,0.9071,0.8938,0.0104,0.0013,0.277,0.6113,0.0096,0.0061,0.0092,0.1021,0.0078,0.0387,0.0035,0.0047,0.0545,0.0388,0.0061,0.0426,0.2767,0.0054,0.0102,0.0185,0.275,0.1368,0.1579,2.3004,3,411548832,2147197792,1,0,116476604,236,226,1,1,0,0,0,0
236,0.0625,6.9203,5.8051,0.0061,5.7988,5.7802,0.0135,0.0023,0.5697,1.0794,0.0233,0.0136,0.0117,0.1841,0.0104,0.0803,0.0084,0.0075,0.0586,0.0613,0.0028,0.0344,0.4187,0.0046,0.0206,0.0342,0.5726,0.2587,0.3295,8.3844,4,411548832,2147205536,2,0,116476604,237,227,1,1,0,0,0,0
237,0.0406,1.4496,0.6461,0.0026,0.6433,0.6357,0.0053,0.0013,0.2833,0.7854,0.0136,0.0081,0.0139,0.169,0.0098,0.0944,0.007,0.0052,0.0577,0.0542,0.0042,0.054,0.4293,0.005,0.0111,0.0171,0.2931,0.1922,0.2203,2.3631,5,411548832,2147194976,0,0,116476604,238,228,1,1,0,0,0,0
238,0.2084,22.6006,21.326,0.0279,21.297,21.2771,0.014,0.0026,0.436,1.2493,0.0209,0.0107,0.0096,0.1533,0.0245,0.1952,0.012,0.0092,0.1222,0.1319,0.0085,0.0989,0.7015,0.0071,0.0136,0.0229,0.3895,0.2585,0.2494,23.9049,6,411548832,2147200608,1,0,116476604,239,229,1,1,0,0,0,0
239,0.0526,3.502,0.7032,0.003,0.7001,0.6927,0.0057,0.001,0.8778,2.7282,0.0423,0.0233,0.0389,0.4694,0.0341,0.2953,0.0254,0.0253,0.2856,0.2681,0.0232,0.2691,1.5875,0.0245,0.0428,0.0667,1.2954,0.9072,1.2172,7.9007,7,411548832,2147206944,2,0,116476604,240,230,1,1,0,0,0,0
240,0.0993,3.1973,1.9353,0.0089,1.9261,1.9102,0.0127,0.0013,0.3676,1.217,0.0139,0.0092,0.0114,0.1829,0.0085,0.103,0.0053,0.0064,0.1038,0.1012,0.0035,0.2877,0.7786,0.0056,0.0251,0.0409,0.6826,0.3479,0.3198,5.0392,0,411548832,2147199200,0,0,116476604,241,231,1,1,0,0,0,0
241,0.0458,1.3757,0.6879,0.0025,0.6853,0.6763,0.0061,0.0017,0.2865,0.6648,0.0102,0.0053,0.0094,0.102,0.0065,0.056,0.0045,0.0045,0.0538,0.0568,0.0046,0.0536,0.3222,0.0047,0.0133,0.0223,0.322,0.2195,0.2455,2.4138,1,411548832,2147210464,1,0,116476604,242,232,1,1,0,0,0,0
242,0.0645,2.3863,1.5345,0.0034,1.5309,1.5141,0.0128,0.0021,0.3774,0.8302,0.0114,0.0075,0.0125,0.1376,0.0074,0.0644,0.0057,0.0063,0.0625,0.0607,0.0047,0.0601,0.3853,0.0054,0.0124,0.0194,0.3408,0.2105,0.329,3.507,2,411548832,2147204832,2,0,116476604,243,233,1,1,0,0,0,0
243,0.0399,1.181,0.6331,0.0022,0.6307,0.6232,0.0055,0.0009,0.1857,0.5224,0.008,0.005,0.0079,0.0726,0.0041,0.0308,0.0027,0.0025,0.0288,0.0551,0.0106,0.0895,0.2768,0.0066,0.0151,0.0212,0.3312,0.221,0.3136,2.2909,3,411548832,2147197792,0,0,116476604,244,234,1,1,0,0,0,0
244,0.0465,1.6054,0.7316,0.0036,0.7278,0.7197,0.0059,0.0013,0.2297,0.8411,0.008,0.0052,0.0067,0.0775,0.0038,0.0503,0.0097,0.0144,0.1946,0.1254,0.0089,0.0936,0.5414,0.0071,0.0192,0.0319,0.4792,0.2815,0.5869,3.2724,4,411548832,2147205536,1,0,116476604,245,235,1,1,0,0,0,0
245,0.0448,1.4344,0.7144,0.0022,0.7119,0.7042,0.0054,0.0015,0.326,0.7008,0.0113,0.0059,0.0104,0.1036,0.0068,0.0525,0.0049,0.0049,0.0543,0.0524,0.0041,0.0529,0.3157,0.0047,0.0117,0.0177,0.2978,0.1409,0.1777,2.2381,5,411548832,2147194976,2,0,116476604,246,236,1,1,0,0,0,0
246,0.0845,1.9142,0.8984,0.006,0.8921,0.8742,0.0143,0.0017,0.407,0.9835,0.0277,0.0164,0.0205,0.1691,0.0079,0.1045,0.0054,0.009,0.0741,0.0531,0.0049,0.072,0.4728,0.0048,0.0179,0.0285,0.5037,0.2806,0.4391,3.5157,6,411548832,2147200608,0,0,116476604,247,237,1,1,0,0,0,0
247,0.0399,1.2559,0.6457,0.002,0.6435,0.636,0.0046,0.0016,0.2245,0.5957,0.0084,0.005,0.0073,0.1222,0.0087,0.0908,0.0079,0.0028,0.0487,0.0303,0.0019,0.0297,0.3217,0.0029,0.0089,0.0136,0.2393,0.1852,0.1875,2.132,7,411548832,2147206944,1,0,116476604,248,238,1,1,0,0,0,0
248,0.0908,1.8588,1.1853,0.0031,1.1821,1.1693,0.0099,0.0014,0.3525,0.6497,0.0154,0.0084,0.0084,0.0868,0.0049,0.0419,0.0049,0.0041,0.0377,0.037,0.0027,0.0365,0.2399,0.0037,0.0127,0.0233,0.3171,0.2252,0.3201,3.0304,0,411548832,2147199200,2,0,116476604,249,239,1,1,0,0,0,0
249,0.1089,2.4164,1.6534,0.0039,1.649,1.6394,0.0067,0.0014,0.3166,0.7428,0.0129,0.0069,0.0102,0.1153,0.0074,0.0629,0.0053,0.0056,0.0615,0.061,0.0048,0.0605,0.3612,0.0054,0.0118,0.0199,0.3291,0.2524,0.2448,3.5246,1,411548832,2147210464,0,0,116476604,250,240,1,1,0,0,0,0
250,0.047,1.2166,0.7441,0.0029,0.741,0.7326,0.0057,0.0013,0.2348,0.4565,0.0093,0.0059,0.0068,0.0619,0.0037,0.0302,0.0029,0.0029,0.0308,0.0294,0.0021,0.0288,0.1811,0.0034,0.0093,0.015,0.2025,0.1645,0.2875,2.1609,2,411548832,2147204832,1,0,116476604,251,241,1,1,0,0,0,0
251,0.0478,1.4074,0.6742,0.0026,0.6714,0.6633,0.006,0.001,0.3159,0.7127,0.0136,0.008,0.0102,0.1077,0.0071,0.0581,0.0054,0.0051,0.0556,0.0554,0.0044,0.0555,0.3323,0.0049,0.0128,0.0205,0.336,0.2867,0.443,2.8035,3,411548832,2147197792,2,0,116476604,252,242,1,1,0,0,0,0
252,0.088,1.7042,1.0286,0.0035,1.0248,1.0114,0.0094,0.0017,0.3343,0.6503,0.0136,0.007,0.0084,0.0888,0.0046,0.0413,0.0039,0.0047,0.043,0.0401,0.0037,0.0466,0.2598,0.0038,0.0148,0.0236,0.3386,0.3477,0.2882,3.0681,4,411548832,2147205536,0,0,116476604,253,243,1,1,0,0,0,0
253,0.0677,1.9201,1.1984,0.003,1.195,1.1841,0.0083,0.0019,0.3455,0.6824,0.025,0.0262,0.0129,0.1157,0.0047,0.0309,0.004,0.0047,0.0333,0.0339,0.0021,0.0336,0.2474,0.0035,0.0222,0.0434,0.2612,0.1236,0.2656,2.8081,5,411548832,2147194976,1,0,116476604,254,244,1,1,0,0,0,0
254,0.303,3.0339,1.5638,0.0123,1.5511,1.5272,0.0191,0.0024,0.5023,1.4271,0.0187,0.0099,0.0182,0.2832,0.0121,0.1428,0.0113,0.0052,0.1615,0.0854,0.0039,0.1541,0.827,0.0095,0.0274,0.0351,0.6064,0.3419,0.3153,4.8748,6,411548832,2147200608,2,0,116476604,255,245,1,1,0,0,0,0
255,0.2194,3.4547,2.0789,0.0252,2.0527,2.0182,0.0267,0.0037,0.5616,1.3503,0.0135,0.0104,0.0175,0.1918,0.0104,0.2211,0.0095,0.0071,0.1108,0.0892,0.0052,0.0865,0.6994,0.0062,0.0149,0.0255,0.4859,0.2801,0.3555,5.047,7,411548832,2147206944,0,0,116476604,256,246,1,1,0,0,0,0
256,0.0714,2.5913,1.3404,0.0069,1.3333,1.3142,0.0149,0.0022,0.4157,1.2276,0.0404,0.0122,0.0166,0.2225,0.0133,0.1399,0.0057,0.01,0.1358,0.0826,0.0046,0.113,0.6938,0.0072,0.0141,0.0205,0.3637,0.2413,0.27,3.7472,0,411548832,2147199200,1,0,116476604,257,247,1,1,0,0,0,0
257,0.0899,2.2968,1.0355,0.0094,1.0258,1.0033,0.0171,0.003,0.4769,1.2306,0.0149,0.0099,0.021,0.2262,0.0176,0.0977,0.0087,0.0095,0.1483,0.091,0.0062,0.0844,0.6476,0.0081,0.0177,0.0283,0.4609,0.304,0.4676,4.0156,1,411548832,2147210464,2,0,116476604,258,248,1,1,0,0,0,0
258,0.0405,1.157,0.6674,0.0022,0.6651,0.6586,0.0049,0.0008,0.2102,0.4606,0.0082,0.0044,0.0056,0.0677,0.0046,0.0413,0.0058,0.004,0.0346,0.0331,0.0022,0.0313,0.208,0.0034,0.0156,0.0316,0.2436,0.127,0.1725,1.9238,2,411548832,2147204832,0,0,116476604,259,249,1,1,0,0,0,0
259,0.0396,1.1004,0.652,0.002,0.6499,0.6428,0.005,0.0011,0.2025,0.4352,0.0086,0.005,0.0053,0.0737,0.0044,0.0331,0.0029,0.0033,0.0292,0.0276,0.0019,0.0314,0.195,0.0027,0.0075,0.0134,0.1943,0.128,0.2326,1.8234,3,411548832,2147197792,1,0,116476604,260,250,1,1,0,0,0,0
260,0.0651,1.468,0.7621,0.0036,0.7582,0.7465,0.0088,0.0016,0.2984,0.6889,0.0105,0.0063,0.0096,0.1155,0.0067,0.0556,0.0051,0.0047,0.0553,0.0535,0.004,0.0536,0.3335,0.0046,0.0088,0.0186,0.2076,0.1512,0.2017,2.2416,4,411548832,2147205536,2,0,116476604,261,251,1,1,0,0,0,0
261,0.0926,1.6335,0.827,0.0025,0.8244,0.8085,0.0126,0.0016,0.2859,0.7888,0.009,0.0051,0.0081,0.1526,0.0064,0.0768,0.0087,0.004,0.0679,0.0854,0.0047,0.0627,0.4454,0.0052,0.011,0.0187,0.2737,0.1415,0.1749,2.4584,5,411548832,2147194976,0,0,116476604,262,252,1,1,0,0,0,0
262,0.0388,98.8205,97.3744,0.0024,97.3719,97.3413,0.025,0.0027,0.6008,1.416,0.0176,0.0116,0.0262,0.2733,0.0117,0.1516,0.0192,0.0091,0.0981,0.084,0.0064,0.0841,0.6911,0.0093,0.0199,0.0284,0.4695,0.2652,0.3169,100.154,6,411548832,2147200608,1,0,116476604,263,253,1,1,0,0,0,0
263,0.0682,18.9989,18.4162,0.0031,18.4129,18.3978,0.0122,0.0012,0.2685,0.5661,0.0119,0.0057,0.0077,0.0837,0.0043,0.0431,0.0029,0.0032,0.0438,0.0414,0.0022,0.0418,0.2538,0.0026,0.0096,0.0189,0.3034,0.2218,0.2294,20.0046,7,411548832,2147206944,2,0,116476604,264,254,1,1,0,0,0,0
264,0.0601,21.7714,20.9833,0.0037,20.9794,20.9651,0.0109,0.0018,0.3694,0.7681,0.0128,0.0079,0.0104,0.1064,0.0069,0.0586,0.0055,0.0058,0.0572,0.0562,0.0043,0.0558,0.3342,0.005,0.0113,0.019,0.313,0.1917,0.2457,22.7587,0,411548832,2147199200,0,0,116476604,265,255,1,1,0,0,0,0
265,0.0413,26.103,24.6776,0.0026,24.6749,24.6517,0.0175,0.0029,0.5923,1.3858,0.0192,0.0126,0.0163,0.245,0.0082,0.1294,0.0097,0.0085,0.1184,0.1011,0.015,0.0914,0.6853,0.0073,0.0236,0.0351,0.3809,0.224,0.2436,27.2163,1,411548832,2147210464,1,0,116476604,266,256,1,1,0,0,0,0
266,0.0436,1.504,0.6673,0.0029,0.6641,0.651,0.0102,0.0015,0.3081,0.8148,0.0107,0.0063,0.0135,0.1312,0.0139,0.0805,0.0056,0.0059,0.0763,0.0844,0.0042,0.0621,0.4345,0.0062,0.0126,0.0211,0.3699,0.2542,0.2468,2.6773,2,411548832,2147204832,2,0,116476604,267,257,1,1,0,0,0,0
267,0.0602,14.709,13.7616,0.0033,13.7579,13.7303,0.0219,0.0026,0.4064,0.9233,0.0142,0.0086,0.013,0.1415,0.0076,0.0812,0.0061,0.006,0.0765,0.0734,0.0044,0.0731,0.4457,0.005,0.015,0.0262,0.4862,0.3891,0.3499,16.2791,3,411548832,2147197792,0,0,116476604,268,258,1,1,0,0,0,0
268,0.0423,1.3085,0.6974,0.0022,0.6951,0.683,0.0098,0.0011,0.2425,0.5982,0.0092,0.0052,0.009,0.0931,0.0049,0.0576,0.0031,0.0074,0.042,0.0546,0.0058,0.0566,0.3039,0.0032,0.0066,0.0157,0.3042,0.2139,0.3175,2.3661,4,411548832,2147205536,1,0,116476604,269,259,1,1,0,0,0,0
269,0.0595,23.6203,22.665,0.0031,22.6615,22.643,0.0129,0.0036,0.5306,0.916,0.0169,0.0121,0.0103,0.1363,0.0081,0.051,0.0056,0.0049,0.0453,0.0419,0.0025,0.0396,0.3141,0.0041,0.02,0.035,0.3942,0.2561,0.2898,24.8562,5,411548832,2147194976,2,0,116476604,270,260,1,1,0,0,0,0
270,0.0705,1.362,0.901,0.003,0.8979,0.8878,0.0074,0.0011,0.2159,0.4401,0.0105,0.0059,0.0064,0.0684,0.0036,0.0295,0.0034,0.0034,0.0295,0.0275,0.0019,0.0276,0.1825,0.0027,0.0123,0.0208,0.2749,0.1589,0.2248,2.2687,6,411548832,2147200608,0,0,116476604,271,261,1,1,0,0,0,0
271,0.0817,2.1999,1.2411,0.0069,1.234,1.215,0.0151,0.0022,0.4157,0.9325,0.0151,0.009,0.013,0.1528,0.0075,0.0831,0.0048,0.0057,0.0716,0.0694,0.0037,0.0706,0.4475,0.0045,0.0161,0.0268,0.4563,0.2943,0.4363,3.6929,7,411548832,2147206944,1,0,116476604,272,262,1,1,0,0,0,0
272,0.0699,2.0568,1.0564,0.0053,1.0509,1.0348,0.0129,0.0015,0.3062,0.9248,0.0113,0.0071,0.009,0.1199,0.0092,0.0569,0.0074,0.0129,0.1032,0.1467,0.008,0.115,0.5417,0.0055,0.0145,0.0187,0.385,0.1973,0.2271,3.1066,0,411548832,2147199200,2,0,116476604,273,263,1,1,0,0,0,0
273,0.0635,1.5947,0.8151,0.0034,0.8111,0.8,0.0082,0.0016,0.3736,0.7443,0.0169,0.0093,0.0084,0.1276,0.0149,0.0444,0.0038,0.0032,0.0436,0.0425,0.002,0.0426,0.3007,0.0047,0.0213,0.0311,1.1879,1.2091,1.0775,5.9123,1,411548832,2147210464,0,0,116476604,274,264,1,1,0,0,0,0
274,0.0757,2.5091,1.2788,0.0078,1.2708,1.256,0.0106,0.0027,0.3968,1.2042,0.0134,0.0087,0.0131,0.1515,0.0094,0.0764,0.0064,0.0211,0.2792,0.1248,0.0071,0.0799,0.7118,0.008,0.0166,0.0245,0.4376,0.266,0.2951,3.8117,2,411548832,2147204832,1,0,116476604,275,265,1,1,0,0,0,0
275,0.0385,1.2037,0.7036,0.0022,0.7013,0.692,0.0064,0.002,0.2533,0.4798,0.0104,0.0061,0.0059,0.0663,0.0035,0.0313,0.0034,0.0042,0.0298,0.0286,0.0019,0.0283,0.1843,0.003,0.0114,0.0195,0.2487,0.1843,0.6308,2.589,3,411548832,2147197792,2,0,116476604,276,266,1,1,0,0,0,0
276,0.1164,2.0137,1.1387,0.0048,1.133,1.1239,0.0069,0.0011,0.3096,0.8559,0.0112,0.0064,0.0113,0.1166,0.0072,0.0628,0.0061,0.0056,0.0617,0.0609,0.0045,0.1815,0.4835,0.0042,0.0115,0.0183,0.269,0.1836,0.3872,3.2727,4,411548832,2147205536,0,0,116476604,277,267,1,1,0,0,0,0
277,0.042,1.3117,0.7145,0.0025,0.7118,0.7036,0.0065,0.0008,0.1978,0.5789,0.009,0.0048,0.0057,0.086,0.0092,0.0793,0.0051,0.0051,0.0556,0.0537,0.0042,0.0532,0.3278,0.0047,0.0113,0.0183,0.3004,0.2078,0.2658,2.3917,5,411548832,2147194976,1,0,116476604,278,268,1,1,0,0,0,0
278,0.0785,3.2028,2.2952,0.0068,2.288,2.271,0.0124,0.0022,0.4354,0.8832,0.0166,0.0063,0.0132,0.1281,0.0079,0.0636,0.0058,0.0057,0.0624,0.061,0.0045,0.0608,0.3759,0.0056,0.0146,0.0249,0.9869,0.2767,0.2764,5.0792,6,411548832,2147200608,2,0,116476604,279,269,1,1,0,0,0,0
279,0.1763,4.9596,2.9866,0.0184,2.9676,2.9366,0.0225,0.0045,0.6309,1.9425,0.0218,0.0138,0.0283,0.4232,0.0403,0.2327,0.013,0.0188,0.1914,0.1409,0.0147,0.1417,1.1299,0.0109,0.0192,0.0292,0.4962,0.3209,0.4045,6.667,7,411548832,2147206944,0,0,116476604,280,270,1,1,0,0,0,0
280,0.0611,2.8661,1.861,0.0024,1.8583,1.8481,0.0066,0.002,0.5675,0.9838,0.0148,0.0096,0.0116,0.1256,0.0077,0.062,0.0063,0.0059,0.0607,0.0609,0.0052,0.0359,0.3451,0.0036,0.0122,0.0219,0.2873,0.2792,0.4261,4.2471,0,411548832,2147199200,1,0,116476604,281,271,1,1,0,0,0,0
281,0.0884,2.6175,1.9159,0.0056,1.9102,1.8965,0.0098,0.0024,0.3715,0.6782,0.0112,0.0088,0.0085,0.086,0.0048,0.0408,0.0052,0.0047,0.0441,0.0411,0.003,0.0397,0.2517,0.0041,0.012,0.025,0.3201,0.2598,0.4681,4.0639,1,411548832,2147210464,2,0,116476604,282,272,1,1,0,0,0,0
282,0.0473,1.5125,0.8649,0.0039,0.8607,0.8479,0.0101,0.0013,0.2638,0.6294,0.009,0.0067,0.0101,0.1023,0.0079,0.0421,0.0066,0.0045,0.0379,0.0701,0.0037,0.0537,0.3061,0.0058,0.011,0.0184,0.2916,0.2149,0.2283,2.5029,2,411548832,2147204832,0,0,116476604,283,273,1,1,0,0,0,0
283,0.1265,3.2218,2.1986,0.0044,2.1937,2.1738,0.0139,0.0029,0.5172,1.0032,0.0136,0.0074,0.0095,0.1448,0.0138,0.0886,0.0062,0.0068,0.0835,0.0533,0.0036,0.0427,0.4129,0.0044,0.0116,0.0236,0.3015,0.2159,0.3073,4.4705,3,411548832,2147197792,1,0,116476604,284,274,1,1,0,0,0,0
284,0.0452,1.1074,0.6977,0.0025,0.695,0.6869,0.0061,0.0011,0.1848,0.3977,0.0076,0.0045,0.0052,0.0598,0.0033,0.0288,0.0028,0.0028,0.0289,0.0301,0.002,0.0307,0.1783,0.0026,0.0067,0.0136,0.3075,0.1374,0.1784,1.9366,4,411548832,2147205536,2,0,116476604,285,275,1,1,0,0,0,0
285,0.0809,2.1166,1.2488,0.0031,1.2455,1.2314,0.0098,0.0021,0.4216,0.831,0.0194,0.0098,0.0115,0.1304,0.0061,0.0595,0.0038,0.0047,0.0523,0.0479,0.0021,0.0489,0.339,0.0063,0.0219,0.039,0.7193,0.589,0.5419,4.6391,5,411548832,2147194976,0,0,116476604,286,276,1,1,0,0,0,0
286,0.0428,1.4893,0.7096,0.0022,0.7073,0.6995,0.0058,0.001,0.3476,0.7603,0.0111,0.0067,0.01,0.1146,0.0069,0.0608,0.0059,0.0055,0.0597,0.0586,0.0044,0.0569,0.3506,0.0056,0.0114,0.02,0.2696,0.1363,0.1845,2.2647,6,411548832,2147200608,1,0,116476604,287,277,1,1,0,0,0,0
287,0.2104,3.7331,2.1809,0.0185,2.1618,2.1298,0.0241,0.0049,0.7413,1.5173,0.0214,0.0122,0.02,0.2393,0.0147,0.1165,0.0108,0.0098,0.1035,0.1008,0.0079,0.0992,0.6593,0.0085,0.022,0.035,0.5619,0.3314,0.4194,5.5488,7,411548832,2147206944,2,0,116476604,288,278,1,1,0,0,0,0
288,0.0711,3.1985,1.9421,0.0032,1.9385,1.9275,0.0086,0.0013,0.651,1.2247,0.0154,0.0112,0.0115,0.1406,0.0072,0.1064,0.0148,0.0074,0.0711,0.0672,0.0047,0.0982,0.4835,0.009,0.0194,0.0357,0.5959,0.4269,0.729,5.5573,0,411548832,2147199200,0,0,116476604,289,279,1,1,0,0,0,0
289,0.0408,1.061,0.6469,0.0027,0.6441,0.6371,0.005,0.0013,0.1943,0.4006,0.0083,0.0038,0.0051,0.0593,0.0032,0.0282,0.0026,0.0027,0.0288,0.0283,0.002,0.0285,0.1731,0.0025,0.0072,0.014,0.2664,0.1618,0.203,1.9366,1,411548832,2147210464,1,0,116476604,290,280,1,1,0,0,0,0
290,0.0407,1.3072,0.6855,0.0032,0.6822,0.6735,0.0065,0.001,0.2325,0.6044,0.0083,0.0049,0.006,0.0833,0.009,0.0718,0.0048,0.0052,0.0558,0.0539,0.0043,0.0539,0.3187,0.0049,0.0103,0.0181,0.3002,0.1401,0.1847,2.1086,2,411548832,2147204832,2,0,116476604,291,281,1,1,0,0,0,0
291,0.0452,6.0528,4.9616,0.0032,4.9583,4.9396,0.0136,0.0026,0.5115,1.0584,0.0199,0.0109,0.0131,0.2349,0.0092,0.0756,0.0043,0.0041,0.0351,0.031,0.0021,0.0917,0.4683,0.0081,0.0182,0.0288,0.4977,0.3087,0.2736,7.4178,3,411548832,2147197792,0,0,116476604,292,282,1,1,0,0,0,0
292,0.0594,1.511,1.0069,0.004,1.0028,0.9908,0.0095,0.0011,0.2412,0.4865,0.0087,0.0056,0.0062,0.0652,0.0037,0.0313,0.0034,0.0034,0.0305,0.0308,0.0023,0.0461,0.2039,0.0044,0.0112,0.0153,0.2148,0.1436,0.1813,2.2549,4,411548832,2147205536,1,0,116476604,293,283,1,1,0,0,0,0
293,0.0557,6.3889,1.6993,0.0035,1.6955,1.6406,0.0424,0.0069,1.4693,4.582,0.0567,0.0294,0.0608,0.5952,0.0382,0.2625,0.0221,0.0698,0.4851,0.6204,0.039,0.7382,2.7014,0.0627,0.0706,0.0908,1.5805,0.5472,0.5613,9.6041,5,411548832,2147194976,2,0,116476604,294,284,1,1,0,0,0,0
294,0.0436,1.1137,0.697,0.0026,0.6939,0.6861,0.0055,0.0015,0.1996,0.4031,0.008,0.0052,0.0054,0.0598,0.0029,0.0283,0.0022,0.0022,0.0282,0.0275,0.0016,0.0277,0.1715,0.0021,0.0081,0.0151,0.208,0.1349,0.1819,1.8574,6,411548832,2147200608,0,0,116476604,295,285,1,1,0,0,0,0
295,0.0396,72.425,71.143,0.0023,71.1405,71.1116,0.0225,0.0032,0.5754,1.2546,0.0212,0.0107,0.0172,0.1955,0.0118,0.1048,0.0097,0.008,0.1061,0.0841,0.0064,0.0862,0.5767,0.0074,0.0164,0.0268,0.4696,0.4639,0.3947,74.2084,7,411548832,2147206944,1,0,116476604,296,286,1,1,0,0,0,0
296,0.045,1.4602,0.6727,0.0023,0.6703,0.6632,0.0053,0.001,0.3556,0.7658,0.0115,0.0077,0.0101,0.1154,0.0069,0.0594,0.0056,0.0052,0.0585,0.0567,0.0045,0.057,0.347,0.0052,0.0128,0.0204,0.3292,0.2149,0.294,2.5453,0,411548832,2147199200,2,0,116476604,297,287,1,1,0,0,0,0
297,0.0935,1.936,1.115,0.0037,1.1111,1.1005,0.0076,0.0013,0.3684,0.7929,0.0146,0.0074,0.01,0.1188,0.0072,0.061,0.006,0.006,0.0603,0.0582,0.0045,0.0581,0.3564,0.0056,0.0161,0.0281,0.3784,0.2411,0.4198,3.2688,1,411548832,2147210464,0,0,116476604,298,288,1,1,0,0,0,0
298,0.045,1.1856,0.7288,0.0026,0.726,0.7179,0.0054,0.0012,0.2269,0.4425,0.0094,0.0054,0.0061,0.0646,0.0031,0.0292,0.0027,0.0032,0.0291,0.0278,0.002,0.027,0.1777,0.0026,0.0077,0.016,0.3192,0.2092,0.1916,2.1245,2,411548832,2147204832,1,0,116476604,299,289,1,1,0,0,0,0
299,0.0476,1.3673,0.7589,0.0034,0.7554,0.7456,0.0068,0.0017,0.2765,0.5903,0.0216,0.0056,0.0078,0.0866,0.0042,0.0451,0.0033,0.0032,0.043,0.0421,0.0024,0.0417,0.2585,0.0029,0.0097,0.0169,0.3733,0.295,0.4263,2.8645,3,411548832,2147197792,2,0,116476604,300,290,1,1,0,0,0,0
300,0.0506,1.7447,0.91,0.0036,0.9063,0.897,0.0063,0.0018,0.3017,0.8062,0.0119,0.0064,0.0107,0.1087,0.0059,0.0563,0.0068,0.0059,0.0774,0.0684,0.004,0.1282,0.439,0.0082,0.0163,0.0251,0.6152,0.364,0.4218,3.5536,4,411548832,2147205536,0,0,116476604,301,291,1,1,0,0,0,0
301,0.0606,2.1565,1.432,0.0039,1.428,1.4182,0.006,0.0024,0.3784,0.7068,0.0122,0.0066,0.0113,0.1116,0.0052,0.0411,0.0039,0.0044,0.0408,0.0387,0.0029,0.0402,0.2724,0.0041,0.0105,0.0196,0.3991,0.2071,0.2689,3.3404,5,411548832,2147194976,1,0,116476604,302,292,1,1,0,0,0,0
302,0.0712,1.7591,1.0791,0.0041,1.0749,1.0607,0.0106,0.0018,0.2749,0.6592,0.0112,0.0068,0.0078,0.1341,0.0132,0.0446,0.0034,0.0024,0.0434,0.0571,0.0047,0.0448,0.324,0.0042,0.0134,0.0205,0.284,0.1704,0.2743,2.7566,6,411548832,2147200608,2,0,116476604,303,293,1,1,0,0,0,0
303,0.0916,1.6653,0.8975,0.0042,0.8931,0.8856,0.005,0.0012,0.3178,0.748,0.0121,0.0066,0.0106,0.119,0.0073,0.0622,0.0054,0.006,0.0627,0.0611,0.0047,0.0609,0.3659,0.0053,0.0122,0.0191,0.2575,0.1398,0.1821,2.4734,7,411548832,2147206944,0,0,116476604,304,294,1,1,0,0,0,0
304,0.0585,2.3583,1.0939,0.0035,1.0901,1.0792,0.0083,0.0015,0.4947,1.2411,0.0259,0.0155,0.013,0.1706,0.0073,0.0504,0.0058,0.0079,0.0507,0.0405,0.0031,0.3386,0.6508,0.0101,0.0151,0.0175,0.355,0.1715,0.1839,3.2843,0,411548832,2147199200,1,0,116476604,305,295,1,1,0,0,0,0
305,0.0869,2.8786,1.317,0.0117,1.3048,1.2768,0.0221,0.003,0.4973,1.5312,0.014,0.0091,0.0226,0.3769,0.0123,0.1565,0.0111,0.0103,0.15,0.1155,0.009,0.1192,0.9181,0.0179,0.0202,0.0213,0.4304,0.3088,0.2923,4.3059,1,411548832,2147210464,2,0,116476604,306,296,1,1,0,0,0,0
306,0.0556,1.694,0.9457,0.0039,0.9417,0.9314,0.0073,0.0016,0.3058,0.728,0.0111,0.0076,0.0115,0.136,0.007,0.0518,0.0028,0.0029,0.0497,0.0706,0.0036,0.0574,0.3655,0.0046,0.0114,0.018,0.3592,0.2334,0.2287,2.7747,2,411548832,2147204832,0,0,116476604,307,297,1,1,0,0,0,0
307,0.0669,1.9562,1.0305,0.0081,1.0222,1.008,0.0104,0.0021,0.3217,0.9059,0.0134,0.0075,0.0142,0.137,0.009,0.072,0.0075,0.0072,0.0758,0.1292,0.0093,0.0881,0.5021,0.006,0.0096,0.0244,0.3579,0.2443,0.2616,3.2472,3,411548832,2147197792,1,0,116476604,308,298,1,1,0,0,0,0
308,0.0488,1.9111,0.8037,0.0047,0.7988,0.7839,0.0116,0.0018,0.3363,1.0778,0.0121,0.0069,0.0092,0.1862,0.0096,0.146,0.0061,0.0175,0.14,0.1389,0.0058,0.0498,0.6609,0.0058,0.0167,0.0255,0.4868,0.4318,0.4062,3.6087,4,411548832,2147205536,2,0,116476604,309,299,1,1,0,0,0,0
309,0.0608,1.6376,0.803,0.0049,0.798,0.7885,0.007,0.001,0.2812,0.807,0.0106,0.0064,0.0085,0.1712,0.011,0.068,0.0081,0.0072,0.0742,0.0807,0.0047,0.0626,0.4567,0.0051,0.0161,0.0236,0.4296,0.2591,0.3715,3.047,5,411548832,2147194976,0,0,116476604,310,300,1,1,0,0,0,0
310,0.0733,1.4579,0.9222,0.0047,0.9173,0.9097,0.0054,0.001,0.1921,0.4999,0.008,0.0048,0.0055,0.1096,0.0048,0.0406,0.0062,0.0052,0.0383,0.0365,0.0023,0.0355,0.2605,0.0043,0.0165,0.0409,0.2941,0.3257,0.6268,3.2298,6,411548832,2147200608,1,0,116476604,311,301,1,1,0,0,0,0
311,0.0453,1.4783,0.711,0.0025,0.7083,0.6997,0.0059,0.0016,0.3028,0.7431,0.0118,0.0067,0.0097,0.1226,0.009,0.066,0.0063,0.0072,0.0643,0.0616,0.0048,0.0579,0.3724,0.0052,0.0165,0.0214,0.339,0.2321,0.4873,2.8027,7,411548832,2147206944,2,0,116476604,312,302,1,1,0,0,0,0
312,0.0405,1.3299,0.6157,0.0024,0.6131,0.6011,0.0087,0.0015,0.2,0.6964,0.008,0.0051,0.0075,0.1274,0.0086,0.0734,0.0058,0.017,0.0756,0.0934,0.0035,0.0632,0.433,0.0026,0.0098,0.0159,0.2836,0.2451,0.2199,2.3754,0,411548832,2147199200,0,0,116476604,313,303,1,1,0,0,0,0
313,0.0433,1.4996,0.7698,0.003,0.7665,0.7538,0.0103,0.0012,0.2603,0.7095,0.0097,0.0065,0.009,0.1449,0.0085,0.063,0.0049,0.0055,0.0741,0.0551,0.0024,0.0578,0.3949,0.0026,0.0091,0.0178,0.2963,0.2292,0.1965,2.4617,1,411548832,2147210464,1,0,116476604,314,304,1,1,0,0,0,0
314,0.07,2.0266,1.0597,0.0082,1.0512,1.0363,0.0119,0.0018,0.3018,0.9309,0.011,0.0063,0.012,0.1855,0.0266,0.101,0.0074,0.0057,0.0913,0.0818,0.0045,0.078,0.5376,0.0074,0.0233,0.034,0.494,0.3176,0.354,3.5761,2,411548832,2147204832,2,0,116476604,315,305,1,1,0,0,0,0
315,0.0633,1.5175,0.9453,0.0042,0.9409,0.9323,0.0062,0.0011,0.206,0.544,0.0101,0.0048,0.0098,0.0919,0.01,0.0505,0.0058,0.0054,0.0479,0.0444,0.0032,0.043,0.2777,0.0046,0.0155,0.0343,0.2963,0.1791,0.2459,2.5029,3,411548832,2147197792,0,0,116476604,316,306,1,1,0,0,0,0
316,0.0519,1.7988,0.7829,0.0041,0.7786,0.7665,0.0089,0.0018,0.245,0.9828,0.0108,0.0053,0.0086,0.1389,0.0073,0.1923,0.0105,0.0168,0.0974,0.1499,0.0087,0.0743,0.6528,0.0085,0.0205,0.0287,0.568,0.4824,0.4345,3.7348,4,411548832,2147205536,1,0,116476604,317,307,1,1,0,0,0,0
317,0.0444,1.4957,0.707,0.0024,0.7045,0.696,0.0058,0.0019,0.2731,0.7664,0.0106,0.0052,0.0106,0.1451,0.0165,0.0672,0.0063,0.0059,0.0647,0.0601,0.0038,0.0835,0.4206,0.0065,0.0135,0.0207,0.3684,0.2792,0.625,3.0953,5,411548832,2147194976,2,0,116476604,318,308,1,1,0,0,0,0
318,0.0585,1.9546,0.9721,0.0026,0.9694,0.9572,0.0104,0.001,0.3253,0.9115,0.0165,0.0099,0.0122,0.1544,0.0127,0.0901,0.0081,0.0108,0.084,0.0825,0.0036,0.084,0.495,0.0103,0.0447,0.0614,1.3528,0.9136,1.1069,6.1896,6,411548832,2147200608,0,0,116476604,319,309,1,1,0,0,0,0
319,0.0635,1.4055,0.9278,0.0027,0.9249,0.9168,0.0059,0.0011,0.1922,0.4361,0.0099,0.0059,0.0075,0.0673,0.0029,0.0309,0.0025,0.0051,0.0348,0.035,0.0019,0.0333,0.2013,0.0034,0.0209,0.0401,0.4575,0.3058,0.2575,2.7768,7,411548832,2147206944,1,0,116476604,320,310,1,1,0,0,0,0
320,0.0444,1.4146,0.815,0.0027,0.8119,0.8037,0.0055,0.0012,0.2044,0.5591,0.0102,0.0076,0.007,0.1051,0.0044,0.0683,0.0046,0.0039,0.0441,0.0364,0.0023,0.052,0.3059,0.0042,0.0231,0.047,0.3625,0.2617,0.5995,3.0306,0,411548832,2147199200,2,0,116476604,321,311,1,1,0,0,0,0
321,0.0424,1.2333,0.7486,0.0025,0.746,0.7387,0.0051,0.0009,0.1996,0.4551,0.0081,0.005,0.0053,0.0726,0.0048,0.0353,0.0037,0.0043,0.0381,0.0353,0.0018,0.033,0.2143,0.0035,0.016,0.032,0.2631,0.1536,0.2667,2.1672,1,411548832,2147210464,0,0,116476604,322,312,1,1,0,0,0,0
322,0.0592,1.8378,1.1484,0.0025,1.1457,1.1364,0.0063,0.0016,0.2383,0.6487,0.0117,0.0064,0.0068,0.0823,0.0045,0.0735,0.0052,0.0069,0.0696,0.0646,0.0042,0.0639,0.3539,0.0048,0.0182,0.0499,0.3651,0.2397,0.5247,3.3456,2,411548832,2147204832,1,0,116476604,323,313,1,1,0,0,0,0
323,0.0945,2.3727,1.478,0.0039,1.4739,1.4605,0.0102,0.0016,0.2716,0.8592,0.0295,0.0192,0.0212,0.2074,0.0174,0.0609,0.0035,0.0047,0.0341,0.0732,0.0064,0.0926,0.4682,0.0071,0.0221,0.034,1.7286,1.03,1.0453,7.0561,3,411548832,2147197792,2,0,116476604,324,314,1,1,0,0,0,0
324,0.0748,1.8386,0.9162,0.0037,0.9122,0.8987,0.0094,0.0021,0.247,0.8641,0.0141,0.0075,0.009,0.1476,0.0097,0.0824,0.0098,0.0249,0.0932,0.1146,0.0079,0.0774,0.5152,0.0097,0.0371,0.0253,1.8162,1.1641,1.1491,7.0151,4,411548832,2147205536,0,0,116476604,325,315,1,1,0,0,0,0
325,0.0754,1.9199,1.3223,0.0042,1.3169,1.3096,0.0052,0.0013,0.2067,0.5692,0.0106,0.005,0.008,0.0935,0.0049,0.0604,0.0075,0.0088,0.0757,0.0397,0.0022,0.0357,0.305,0.0042,0.0079,0.0347,0.3054,0.1938,0.3112,3.0301,5,411548832,2147194976,1,0,116476604,326,316,1,1,0,0,0,0
326,0.0514,1.5805,0.9347,0.004,0.9305,0.9185,0.0093,0.0011,0.2446,0.6276,0.0093,0.0117,0.0106,0.1259,0.0066,0.0511,0.0051,0.0039,0.0513,0.0479,0.0033,0.0458,0.322,0.0037,0.0091,0.0197,0.3269,0.2506,0.3182,3.2345,6,411548832,2147200608,2,0,116476604,327,317,1,1,0,0,0,0
327,0.0721,2.0307,1.2549,0.0064,1.2482,1.2361,0.0087,0.0015,0.2912,0.7099,0.0135,0.0089,0.0086,0.1028,0.0056,0.0623,0.0073,0.0092,0.0641,0.0595,0.0041,0.0562,0.3449,0.009,0.0389,0.0552,0.5175,0.5361,0.4826,4.0932,7,411548832,2147206944,0,0,116476604,328,318,1,1,0,0,0,0
328,0.0508,1.3738,0.7749,0.0031,0.7717,0.7562,0.0118,0.0021,0.2371,0.5741,0.0089,0.0058,0.0085,0.1191,0.0054,0.0458,0.004,0.0039,0.0432,0.0416,0.0021,0.0413,0.291,0.0027,0.0102,0.0364,0.301,0.2512,0.5656,2.8044,0,411548832,2147199200,1,0,116476604,329,319,1,1,0,0,0,0
329,0.0405,1.2947,0.7135,0.0024,0.711,0.7025,0.0064,0.0013,0.1822,0.5506,0.0093,0.0061,0.0079,0.0931,0.0107,0.0642,0.0112,0.0046,0.0596,0.0507,0.0027,0.0375,0.3051,0.0037,0.018,0.0371,0.301,0.2807,0.3307,2.5152,1,411548832,2147210464,2,0,116476604,330,320,1,1,0,0,0,0
330,0.0428,1.6765,0.6774,0.0028,0.6745,0.6667,0.0058,0.0012,0.2283,0.9712,0.0086,0.0061,0.0077,0.0859,0.0088,0.2342,0.0122,0.009,0.0987,0.1354,0.0131,0.1048,0.659,0.0081,0.0168,0.0258,0.3924,0.2567,1.091,4.0476,2,411548832,2147204832,0,0,116476604,331,321,1,1,0,0,0,0
331,0.0534,1.9142,0.7973,0.0025,0.7947,0.7849,0.0065,0.0021,0.2526,1.0877,0.0132,0.0085,0.0094,0.3246,0.0106,0.1154,0.0158,0.0069,0.1402,0.0945,0.0069,0.0741,0.7488,0.0049,0.0162,0.0311,0.69,0.4968,1.3957,5.2568,3,411548832,2147197792,1,0,116476604,332,322,1,1,0,0,0,0
332,0.0686,2.1412,1.2086,0.0038,1.2047,1.1928,0.0093,0.0012,0.3242,0.8864,0.01,0.0075,0.0086,0.1021,0.0156,0.1178,0.0115,0.0096,0.1193,0.0794,0.0038,0.0571,0.4757,0.0084,0.0263,0.0401,0.3255,0.2773,0.371,3.4905,4,411548832,2147205536,2,0,116476604,333,323,1,1,0,0,0,0
333,0.0614,2.0851,0.8983,0.0026,0.8955,0.8861,0.007,0.0013,0.4099,1.1476,0.0132,0.0074,0.009,0.2243,0.0108,0.1119,0.0048,0.0072,0.1541,0.1121,0.0045,0.0581,0.6605,0.0129,0.0234,0.0317,1.1826,1.1603,1.3709,7.1344,5,411548832,2147194976,0,0,116476604,334,324,1,1,0,0,0,0
334,0.0811,1.8179,1.0564,0.0035,1.0527,1.0414,0.008,0.0017,0.3058,0.7224,0.0125,0.0074,0.009,0.1132,0.0086,0.0598,0.0073,0.0067,0.0629,0.0569,0.004,0.0562,0.349,0.0053,0.0225,0.0382,0.3084,0.2574,0.3821,3.1351,6,411548832,2147200608,1,0,116476604,335,325,1,1,0,0,0,0
335,0.0566,1.5347,0.9821,0.0028,0.9791,0.9726,0.0036,0.0016,0.2406,0.5278,0.011,0.0066,0.0069,0.0834,0.0055,0.0402,0.0049,0.0059,0.0424,0.0349,0.0021,0.0344,0.2353,0.0041,0.0117,0.0355,0.2926,0.2342,1.2387,5.0936,7,411548832,2147206944,2,0,116476604,336,326,1,1,0,0,0,0
336,0.047,1.5879,0.7128,0.0027,0.71,0.7032,0.0051,0.0008,0.3076,0.8515,0.0129,0.0099,0.0146,0.1793,0.0114,0.0702,0.0073,0.0065,0.065,0.0565,0.0044,0.0902,0.4612,0.0077,0.0141,0.0226,0.4716,0.3141,0.4081,3.0769,0,411548832,2147199200,0,0,116476604,337,327,1,1,0,0,0,0
337,0.0422,15.4976,1.3594,0.0024,1.3568,1.3189,0.0244,0.0071,1.116,14.1058,0.0405,0.026,0.0588,6.9484,0.0315,5.559,0.0227,0.0171,0.146,0.06,0.004,0.0509,12.7643,0.0064,0.0212,0.0264,0.6231,0.2997,0.3081,17.2479,1,411548832,2147210464,1,0,116476604,338,328,1,1,0,0,0,0
338,0.0524,1.7748,0.8489,0.0042,0.8444,0.8369,0.0055,0.0011,0.2336,0.8966,0.0093,0.0054,0.0086,0.1477,0.0185,0.0833,0.0078,0.01,0.1078,0.1221,0.0046,0.1222,0.5831,0.0064,0.0186,0.0252,0.5937,0.4927,1.201,4.6538,2,411548832,2147204832,2,0,116476604,339,329,1,1,0,0,0,0
339,0.0633,1.8232,0.9233,0.0058,0.9173,0.9017,0.0119,0.0019,0.3671,0.876,0.013,0.0087,0.0143,0.1854,0.008,0.0699,0.0071,0.0064,0.0675,0.0572,0.0036,0.056,0.436,0.0045,0.0144,0.0227,0.4462,0.337,0.5436,3.6876,3,411548832,2147197792,0,0,116476604,340,330,1,1,0,0,0,0
340,0.0664,1.7777,1.0588,0.0058,1.0527,1.038,0.0115,0.0018,0.2956,0.6992,0.0123,0.0077,0.0106,0.1555,0.0066,0.0486,0.005,0.0045,0.0447,0.0475,0.0039,0.0459,0.3422,0.004,0.0119,0.0178,0.3041,0.3156,0.6072,3.5614,4,411548832,2147205536,1,0,116476604,341,331,1,1,0,0,0,0
341,0.0445,1.1693,0.688,0.0028,0.685,0.6771,0.0059,0.001,0.1959,0.4513,0.0089,0.005,0.0064,0.0658,0.0046,0.0327,0.003,0.0053,0.0396,0.0373,0.0028,0.0353,0.2107,0.0049,0.0175,0.0351,0.345,0.2175,0.5932,2.6321,5,411548832,2147194976,2,0,116476604,342,332,1,1,0,0,0,0
342,0.1009,4.1937,2.2117,0.0098,2.2016,2.1831,0.0128,0.0029,0.8,1.8947,0.0317,0.0203,0.0215,0.2098,0.0102,0.0923,0.0095,0.008,0.0994,0.1028,0.0046,0.4334,0.9377,0.0352,0.0568,0.0706,1.0586,1.1792,1.3067,9.1925,6,411548832,2147200608,0,0,116476604,343,333,1,1,0,0,0,0
343,0.0407,1.183,0.6699,0.0029,0.6669,0.6592,0.0058,0.001,0.1741,0.4847,0.0082,0.0042,0.0054,0.1019,0.0079,0.0411,0.0055,0.0043,0.0452,0.0372,0.0025,0.0372,0.2626,0.0051,0.0204,0.084,0.2858,0.2925,0.3724,2.5253,7,411548832,2147206944,1,0,116476604,344,334,1,1,0,0,0,0
344,0.0424,1.0852,0.6364,0.0031,0.6332,0.6268,0.0044,0.001,0.1818,0.4211,0.0087,0.0053,0.0052,0.0589,0.0035,0.0342,0.0039,0.0043,0.0376,0.0348,0.0027,0.0317,0.1972,0.0039,0.0168,0.032,0.3339,0.2602,0.2697,2.2055,0,411548832,2147199200,2,0,116476604,345,335,1,1,0,0,0,0
345,0.0403,1.4338,0.6625,0.0021,0.6602,0.651,0.0065,0.0018,0.283,0.7537,0.0114,0.0072,0.0135,0.1489,0.0121,0.0698,0.0067,0.0053,0.0613,0.0599,0.0052,0.0566,0.3965,0.005,0.0107,0.0168,0.2866,0.2616,1.2856,3.643,1,411548832,2147210464,0,0,116476604,346,336,1,1,0,0,0,0
346,0.0382,1.1687,0.6619,0.0025,0.6593,0.6532,0.0041,0.001,0.2165,0.4799,0.0081,0.0056,0.0077,0.0737,0.0071,0.0384,0.0058,0.0049,0.0378,0.0328,0.0022,0.0319,0.2146,0.0028,0.0174,0.0295,0.2804,0.1663,0.304,2.1443,2,411548832,2147204832,1,0,116476604,347,337,1,1,0,0,0,0
347,0.0463,1.3933,0.6646,0.0025,0.662,0.6546,0.0055,0.001,0.277,0.7102,0.0112,0.0068,0.0096,0.1327,0.008,0.0621,0.0063,0.0053,0.0612,0.0593,0.0041,0.0551,0.3704,0.0047,0.0115,0.0181,0.3267,0.2398,0.3212,2.5195,3,411548832,2147197792,2,0,116476604,348,338,1,1,0,0,0,0
348,0.0514,1.1652,0.6903,0.0033,0.6869,0.6786,0.0063,0.001,0.1771,0.4433,0.0084,0.0047,0.0051,0.0669,0.0052,0.0484,0.0049,0.0046,0.038,0.0362,0.0026,0.0331,0.2226,0.0034,0.0175,0.0338,0.4452,0.2187,1.324,3.9068,4,411548832,2147205536,0,0,116476604,349,339,1,1,0,0,0,0
349,0.0407,1.3513,0.6644,0.0027,0.6616,0.657,0.0028,0.0013,0.2012,0.6722,0.0075,0.0046,0.007,0.1683,0.0111,0.067,0.0061,0.0071,0.0615,0.058,0.0043,0.0569,0.4117,0.0049,0.0075,0.0188,0.2626,0.2093,0.3198,2.4337,5,411548832,2147194976,1,0,116476604,350,340,1,1,0,0,0,0
350,0.0536,1.6111,0.8816,0.0042,0.8771,0.8678,0.007,0.0011,0.2654,0.7083,0.0103,0.0067,0.0099,0.1411,0.0074,0.0617,0.0049,0.0047,0.0641,0.0565,0.0034,0.0627,0.3861,0.004,0.0124,0.0193,0.3451,0.1965,0.4341,2.8756,6,411548832,2147200608,2,0,116476604,351,341,1,1,0,0,0,0
351,0.0431,1.7279,0.8042,0.0025,0.8015,0.7863,0.012,0.0014,0.2992,0.8389,0.0139,0.0087,0.0154,0.2102,0.0067,0.0754,0.0132,0.0035,0.0669,0.0349,0.0016,0.0615,0.4489,0.0183,0.0523,0.074,2.1168,1.5583,1.402,7.9123,7,411548832,2147206944,0,0,116476604,352,342,1,1,0,0,0,0
352,0.0398,1.5337,0.8017,0.0025,0.7991,0.7852,0.0109,0.0016,0.2386,0.7099,0.0091,0.0061,0.0093,0.1453,0.0094,0.0951,0.0089,0.0049,0.0641,0.0535,0.0032,0.0517,0.4097,0.0046,0.0137,0.0189,0.3751,0.2672,1.3222,3.9869,0,411548832,2147199200,1,0,116476604,353,343,1,1,0,0,0,0
353,0.0418,1.3635,0.7719,0.0025,0.7693,0.7548,0.0114,0.0016,0.1901,0.5589,0.0086,0.0045,0.0057,0.0635,0.003,0.0318,0.0029,0.0158,0.0739,0.0913,0.0046,0.0513,0.3118,0.0071,0.0209,0.0348,0.3256,0.215,0.3331,2.4965,1,411548832,2147210464,2,0,116476604,354,344,1,1,0,0,0,0
354,0.0393,2.0322,0.6781,0.0025,0.6754,0.6676,0.0059,0.0009,0.3367,1.3274,0.011,0.0067,0.1735,0.2796,0.0097,0.1308,0.0096,0.0112,0.1127,0.1325,0.0045,0.0934,0.749,0.0082,0.0141,0.0267,1.6402,1.282,1.4349,7.4267,2,411548832,2147204832,0,0,116476604,355,345,1,1,0,0,0,0
355,0.0481,1.3923,0.6414,0.0024,0.6389,0.6323,0.0044,0.0014,0.2639,0.7321,0.0106,0.0064,0.013,0.1322,0.0107,0.0985,0.0063,0.0057,0.0605,0.0555,0.0042,0.0526,0.3993,0.0048,0.0112,0.0178,0.3194,0.2303,0.2982,2.4815,3,411548832,2147197792,1,0,116476604,356,346,1,1,0,0,0,0
356,0.0424,1.5106,0.6832,0.0026,0.6805,0.6723,0.0056,0.0014,0.2826,0.8045,0.0122,0.0162,0.0178,0.1916,0.012,0.0674,0.0063,0.007,0.0627,0.0572,0.004,0.0571,0.436,0.0036,0.0134,0.0238,0.317,0.306,0.4524,2.9322,4,411548832,2147205536,2,0,116476604,357,347,1,1,0,0,0,0
357,0.0441,1.4906,0.7307,0.0025,0.7281,0.7207,0.0053,0.0012,0.2939,0.7391,0.0101,0.0065,0.0139,0.1433,0.0096,0.0639,0.0074,0.0068,0.0588,0.0562,0.0039,0.0525,0.3747,0.005,0.012,0.0191,0.2722,0.2653,0.3059,2.641,5,411548832,2147194976,0,0,116476604,358,348,1,1,0,0,0,0
358,0.047,1.616,0.7444,0.0027,0.7416,0.7324,0.0067,0.0014,0.2253,0.8447,0.0102,0.0058,0.0085,0.1801,0.0129,0.144,0.0114,0.006,0.0911,0.0623,0.0049,0.0677,0.5452,0.006,0.0165,0.0243,0.3672,0.2629,0.437,3.0179,6,411548832,2147200608,1,0,116476604,359,349,1,1,0,0,0,0
359,0.0486,1.3693,0.7945,0.003,0.7913,0.7816,0.0073,0.0011,0.1971,0.5397,0.0101,0.0054,0.0054,0.1107,0.0092,0.0636,0.0045,0.0039,0.0381,0.0435,0.0019,0.0369,0.2928,0.0043,0.0182,0.0386,0.2906,0.2238,0.315,2.5028,7,411548832,2147206944,2,0,116476604,360,350,1,1,0,0,0,0
360,0.0428,1.3773,0.657,0.0032,0.6535,0.6455,0.0063,0.001,0.1899,0.6855,0.0088,0.0053,0.0069,0.0878,0.0034,0.0931,0.0044,0.0113,0.0875,0.0991,0.0057,0.07,0.4375,0.0054,0.0226,0.0163,0.2961,0.3495,1.2497,4.1419,0,411548832,2147199200,0,0,116476604,361,351,1,1,0,0,0,0
361,0.0422,1.7373,0.8321,0.0031,0.8288,0.8191,0.0072,0.0013,0.2453,0.881,0.0095,0.0058,0.0076,0.1157,0.0066,0.0962,0.0247,0.0102,0.1601,0.1189,0.0053,0.0611,0.552,0.0049,0.016,0.0205,0.3765,0.2103,1.9744,4.8063,1,411548832,2147210464,1,0,116476604,362,352,1,1,0,0,0,0
362,0.0554,1.7343,0.7988,0.0026,0.796,0.7869,0.0063,0.0017,0.3943,0.9164,0.0126,0.0081,0.0152,0.1775,0.0214,0.122,0.0052,0.0054,0.0561,0.0523,0.004,0.0298,0.4377,0.004,0.0124,0.0218,0.4167,0.929,1.112,5.2299,2,411548832,2147204832,2,0,116476604,363,353,1,1,0,0,0,0
363,0.0429,1.1375,0.7506,0.0024,0.748,0.7434,0.0031,0.0008,0.1536,0.3647,0.0076,0.0044,0.0058,0.0572,0.0028,0.0319,0.0019,0.0021,0.0289,0.0283,0.0016,0.0329,0.1792,0.0023,0.0076,0.0325,0.2757,0.1647,0.2412,2.0722,3,411548832,2147197792,0,0,116476604,364,354,1,1,0,0,0,0
364,0.0437,1.3616,0.6574,0.0029,0.6543,0.6416,0.0093,0.0018,0.2692,0.6743,0.0101,0.0062,0.0099,0.1106,0.0073,0.0619,0.0069,0.0062,0.0593,0.0573,0.0038,0.0549,0.344,0.0047,0.0156,0.0229,0.4314,0.329,1.1648,3.8644,4,411548832,2147205536,1,0,116476604,365,355,1,1,0,0,0,0
365,0.0522,1.6802,0.8493,0.0027,0.8465,0.8333,0.0104,0.0014,0.275,0.8135,0.0142,0.0062,0.0122,0.1575,0.0097,0.1113,0.0115,0.0176,0.0784,0.0712,0.0064,0.0307,0.4491,0.0037,0.0103,0.0195,0.4518,0.4626,1.5786,5.2702,5,411548832,2147194976,2,0,116476604,366,356,1,1,0,0,0,0
366,0.0394,1.4928,0.816,0.0022,0.8137,0.7974,0.0129,0.0018,0.3432,0.6438,0.0097,0.0066,0.0093,0.1245,0.005,0.0348,0.0051,0.003,0.0349,0.0315,0.0016,0.0265,0.2522,0.0026,0.0184,0.0343,0.228,0.1968,0.2529,2.4225,6,411548832,2147200608,0,0,116476604,367,357,1,1,0,0,0,0
367,0.0449,1.3842,0.6823,0.0033,0.6789,0.6694,0.0069,0.0016,0.204,0.6712,0.0171,0.0172,0.0128,0.1731,0.0072,0.0979,0.0088,0.0051,0.0486,0.0359,0.0022,0.0306,0.3861,0.0033,0.0175,0.0285,1.244,0.9022,1.0938,5.4823,7,411548832,2147206944,1,0,116476604,368,358,1,1,0,0,0,0
368,0.0421,1.3565,0.7003,0.0025,0.6974,0.6892,0.006,0.0013,0.1731,0.6321,0.0086,0.0049,0.0054,0.1521,0.0177,0.0661,0.0053,0.0058,0.0586,0.0573,0.0034,0.0602,0.3943,0.0053,0.0154,0.0211,0.363,0.1699,1.0892,3.3844,0,411548832,2147199200,2,0,116476604,369,359,1,1,0,0,0,0
369,0.0675,1.7084,0.7463,0.0027,0.7434,0.7353,0.0056,0.0015,0.255,0.9313,0.0105,0.0076,0.0073,0.4428,0.0122,0.0774,0.0028,0.0027,0.0354,0.0306,0.0021,0.0328,0.619,0.0063,0.0192,0.0243,0.3523,0.2734,0.3343,3.0686,1,411548832,2147210464,0,0,116476604,370,360,1,1,0,0,0,0
370,0.0692,2.5809,1.1267,0.0042,1.1224,1.1108,0.0089,0.0016,0.4185,1.3813,0.0299,0.0125,0.0141,0.3219,0.0179,0.1286,0.021,0.0076,0.0947,0.0542,0.0029,0.2108,0.8102,0.0335,0.0447,0.0598,1.7499,1.7397,1.8671,9.9217,2,411548832,2147204832,1,0,116476604,371,361,1,1,0,0,0,0
371,0.0763,2.0185,1.2274,0.0554,1.1717,1.1625,0.0066,0.0015,0.2902,0.7421,0.0105,0.0079,0.01,0.1222,0.0118,0.0766,0.0094,0.0071,0.0796,0.0415,0.0037,0.0537,0.3736,0.0074,0.0272,0.0221,0.3876,0.3107,0.6413,3.9459,3,411548832,2147197792,2,0,116476604,372,362,1,1,0,0,0,0
372,0.0644,2.1723,1.0761,0.0032,1.0723,1.0608,0.0082,0.0014,0.3635,1.0549,0.0194,0.0112,0.0167,0.1582,0.0107,0.0912,0.009,0.0075,0.0914,0.1003,0.0021,0.1549,0.596,0.0064,0.0207,0.0365,1.0003,0.6545,1.7195,6.419,4,411548832,2147205536,0,0,116476604,373,363,1,1,0,0,0,0
373,0.0443,1.9125,0.9123,0.0025,0.9097,0.8955,0.0096,0.0029,0.3292,0.9533,0.0142,0.0084,0.0095,0.1614,0.0036,0.0718,0.0054,0.0086,0.1089,0.0819,0.0145,0.1198,0.5438,0.009,0.0276,0.0469,0.3723,0.281,0.4471,3.3803,5,411548832,2147194976,1,0,116476604,374,364,1,1,0,0,0,0
374,0.0554,1.3741,0.6896,0.0045,0.6849,0.6749,0.0077,0.0013,0.2285,0.6622,0.0081,0.006,0.0098,0.1718,0.0058,0.0825,0.0063,0.0055,0.0523,0.0342,0.004,0.0349,0.3757,0.0052,0.0083,0.0299,0.3926,0.4005,0.4059,2.9418,6,411548832,2147200608,2,0,116476604,375,365,1,1,0,0,0,0
375,0.0473,1.484,0.8642,0.004,0.86,0.851,0.0068,0.001,0.2189,0.5873,0.0105,0.0061,0.0089,0.0819,0.0051,0.062,0.0055,0.0046,0.0593,0.0558,0.0034,0.0554,0.3144,0.0046,0.0194,0.0409,0.4202,0.3002,0.4666,2.9741,7,411548832,2147206944,0,0,116476604,376,366,1,1,0,0,0,0
376,0.0452,1.9026,0.8907,0.0027,0.8879,0.871,0.0137,0.0016,0.3689,0.9895,0.0104,0.0078,0.0155,0.19,0.0174,0.1363,0.006,0.0029,0.0638,0.055,0.0087,0.0928,0.5379,0.0073,0.0136,0.0234,0.3675,0.1938,0.378,3.1332,0,411548832,2147199200,1,0,116476604,377,367,1,1,0,0,0,0
377,0.0569,2.4782,0.9,0.0048,0.895,0.8807,0.0103,0.002,0.396,1.526,0.0282,0.0178,0.0165,0.3182,0.013,0.1376,0.0115,0.0335,0.2081,0.1624,0.0058,0.1514,0.9777,0.0111,0.0344,0.0421,0.7485,0.5068,0.5169,4.9471,1,411548832,2147210464,2,0,116476604,378,368,1,1,0,0,0,0
378,0.0667,1.8474,1.1454,0.003,1.1421,1.13,0.0083,0.0019,0.2352,0.6534,0.013,0.006,0.0081,0.076,0.0046,0.036,0.0039,0.0045,0.1077,0.0787,0.0054,0.0657,0.3641,0.0045,0.0291,0.0472,0.4807,0.3291,0.7164,3.9303,2,411548832,2147204832,0,0,116476604,379,369,1,1,0,0,0,0
379,0.0555,2.2222,1.1015,0.0031,1.0983,1.0817,0.013,0.0014,0.3245,1.0693,0.0123,0.0088,0.01,0.1516,0.0105,0.1078,0.0231,0.0055,0.1018,0.1343,0.011,0.1424,0.6379,0.0116,0.0344,0.0382,1.7322,1.0728,1.2756,7.4094,3,411548832,2147197792,1,0,116476604,380,370,1,1,0,0,0,0
380,0.0554,1.5948,0.854,0.0027,0.851,0.8414,0.0068,0.0015,0.2516,0.6969,0.0105,0.0066,0.0074,0.1378,0.0057,0.0846,0.0167,0.0057,0.0779,0.0389,0.0025,0.0393,0.3785,0.0052,0.0251,0.0303,0.7558,1.0759,1.2541,5.5801,4,411548832,2147205536,2,0,116476604,381,371,1,1,0,0,0,0
381,0.0535,1.5165,0.7532,0.0031,0.75,0.7427,0.0054,0.0013,0.2092,0.7299,0.0085,0.0049,0.007,0.2376,0.0105,0.0652,0.0076,0.0048,0.0556,0.0533,0.0034,0.0512,0.4629,0.0055,0.0209,0.0389,0.4467,0.3082,0.3491,2.9154,5,411548832,2147194976,0,0,116476604,382,372,1,1,0,0,0,0
382,0.0762,2.0385,1.2033,0.0062,1.1969,1.1819,0.0105,0.0024,0.3078,0.8077,0.031,0.0186,0.0155,0.1666,0.0076,0.0619,0.0045,0.0047,0.0624,0.057,0.0034,0.0561,0.404,0.0038,0.0149,0.0284,0.516,0.5455,0.5479,4.2133,6,411548832,2147200608,1,0,116476604,383,373,1,1,0,0,0,0
383,0.0482,1.6075,0.7439,0.0024,0.7414,0.7327,0.0062,0.0016,0.2655,0.8399,0.0155,0.006,0.0084,0.2162,0.01,0.0938,0.0077,0.0072,0.0688,0.0606,0.0041,0.0619,0.5013,0.0062,0.014,0.0223,0.5801,0.5647,1.2172,4.9232,7,411548832,2147206944,2,0,116476604,384,374,1,1,0,0,0,0
384,0.0463,1.5642,0.7495,0.0026,0.7468,0.7379,0.0067,0.0013,0.2641,0.7946,0.0119,0.0071,0.0071,0.1695,0.0177,0.0797,0.0061,0.0075,0.0723,0.0484,0.0029,0.0901,0.46,0.0033,0.012,0.0166,0.4696,0.3434,0.4621,3.2477,0,411548832,2147199200,0,0,116476604,385,375,1,1,0,0,0,0
385,0.0455,1.3927,0.799,0.0032,0.7956,0.7868,0.0069,0.0008,0.195,0.5573,0.007,0.0039,0.0055,0.061,0.0027,0.0718,0.0088,0.0057,0.0794,0.0536,0.0066,0.0446,0.3104,0.0069,0.0208,0.0263,0.2921,0.207,0.2699,2.4226,1,411548832,2147210464,1,0,116476604,386,376,1,1,0,0,0,0
386,0.0776,2.2677,1.2237,0.0044,1.219,1.2038,0.0118,0.0018,0.306,1.0215,0.0078,0.0052,0.0082,0.1805,0.0247,0.1373,0.0114,0.0122,0.0991,0.1018,0.0052,0.1064,0.6251,0.005,0.0126,0.0268,2.0136,1.1566,1.4607,7.8119,2,411548832,2147204832,2,0,116476604,387,377,1,1,0,0,0,0
387,0.0423,1.4559,0.6748,0.0029,0.6718,0.6633,0.006,0.0015,0.2719,0.7625,0.0105,0.0068,0.0125,0.1234,0.0105,0.0757,0.0066,0.0059,0.0601,0.0585,0.0044,0.1036,0.4213,0.0048,0.0109,0.019,0.3391,0.214,0.3734,2.6405,3,411548832,2147197792,0,0,116476604,388,378,1,1,0,0,0,0
388,0.0439,1.3337,0.735,0.0025,0.7324,0.7242,0.0059,0.0012,0.2033,0.564,0.0097,0.0057,0.0092,0.0861,0.016,0.0503,0.0048,0.0083,0.051,0.0563,0.0029,0.0494,0.2931,0.0047,0.0169,0.0367,0.3217,0.2182,0.2644,2.4307,4,411548832,2147205536,1,0,116476604,389,379,1,1,0,0,0,0
389,0.0407,1.2876,0.7498,0.003,0.7465,0.7387,0.0054,0.0014,0.2261,0.5015,0.0082,0.0049,0.0074,0.0777,0.0057,0.0354,0.0034,0.0032,0.0345,0.0439,0.004,0.0374,0.2289,0.0041,0.0203,0.0312,0.2538,0.1554,0.2672,2.1871,5,411548832,2147194976,2,0,116476604,390,380,1,1,0,0,0,0
390,0.0475,4.4443,0.9325,0.0038,0.9285,0.9181,0.0083,0.0012,0.2479,3.4143,0.0127,0.0081,0.0085,0.7395,0.0391,0.6723,0.0565,0.0387,0.4751,0.4816,0.0451,0.5106,2.8791,0.0365,0.0631,0.0731,1.4255,1.1827,0.7109,8.8682,6,411548832,2147200608,0,0,116476604,391,381,1,1,0,0,0,0
391,0.0423,1.334,0.8034,0.0034,0.7997,0.7918,0.0058,0.0011,0.2423,0.499,0.0091,0.0061,0.0088,0.0741,0.0078,0.0392,0.0043,0.0031,0.0327,0.0301,0.002,0.0297,0.2058,0.0033,0.0173,0.0332,0.3211,0.1911,0.3241,2.4456,7,411548832,2147206944,1,0,116476604,392,382,1,1,0,0,0,0
392,0.0427,1.38,0.7722,0.0029,0.7691,0.7617,0.0055,0.0011,0.2763,0.5709,0.0095,0.0064,0.009,0.0999,0.0082,0.0422,0.004,0.0036,0.0382,0.0313,0.0022,0.0308,0.2424,0.0032,0.0211,0.0335,0.2665,0.187,0.2872,2.4292,0,411548832,2147199200,2,0,116476604,393,383,1,1,0,0,0,0
393,0.0436,1.4243,0.6931,0.0028,0.6901,0.6842,0.0036,0.0017,0.2371,0.715,0.01,0.0067,0.0074,0.1531,0.0043,0.076,0.0164,0.0074,0.1026,0.0452,0.0026,0.0322,0.4091,0.0039,0.0095,0.0152,0.33,0.2508,0.2076,2.524,1,411548832,2147210464,0,0,116476604,394,384,1,1,0,0,0,0
394,0.0418,1.7349,1.0044,0.0023,1.002,0.9919,0.0075,0.0012,0.2079,0.7008,0.0092,0.0053,0.0099,0.1064,0.0193,0.0982,0.0103,0.0064,0.0583,0.0762,0.0038,0.07,0.4091,0.0074,0.0213,0.0195,0.3541,0.2333,0.3845,3.0802,2,411548832,2147204832,1,0,116476604,395,385,1,1,0,0,0,0
395,0.0474,1.6229,0.7152,0.0034,0.7116,0.6997,0.0094,0.0016,0.255,0.8718,0.01,0.0053,0.0095,0.1609,0.0155,0.1403,0.0116,0.006,0.1131,0.0794,0.0067,0.0438,0.5375,0.0048,0.0202,0.0409,1.6277,1.1023,1.2091,6.4651,3,411548832,2147197792,2,0,116476604,396,386,1,1,0,0,0,0
396,0.0407,1.3979,0.7831,0.0022,0.7808,0.7718,0.007,0.0012,0.2041,0.5888,0.0086,0.0049,0.0068,0.071,0.0039,0.0452,0.0053,0.0138,0.0846,0.0732,0.0028,0.0538,0.3278,0.0044,0.0109,0.0333,0.3151,0.1741,0.1997,2.3097,4,411548832,2147205536,0,0,116476604,397,387,1,1,0,0,0,0
397,0.0479,1.3552,0.824,0.0027,0.8211,0.814,0.0048,0.0013,0.2319,0.5017,0.0102,0.0052,0.0074,0.0708,0.0049,0.0368,0.003,0.0032,0.0336,0.0469,0.0035,0.0352,0.2233,0.004,0.015,0.0375,0.3062,0.5281,1.0582,4.0097,5,411548832,2147194976,1,0,116476604,398,388,1,1,0,0,0,0
398,0.0438,1.4736,0.9713,0.0024,0.9686,0.9597,0.0067,0.0009,0.1909,0.4695,0.0091,0.0053,0.0057,0.0799,0.0035,0.047,0.0042,0.0043,0.0366,0.0347,0.0019,0.0371,0.2353,0.0047,0.0177,0.036,0.3457,0.2208,0.2788,2.5777,6,411548832,2147200608,2,0,116476604,399,389,1,1,0,0,0,0
399,0.0409,1.5284,0.8118,0.0029,0.8088,0.7954,0.0102,0.0017,0.272,0.684,0.0106,0.0061,0.01,0.1151,0.0073,0.0621,0.0051,0.006,0.0601,0.0552,0.0034,0.0599,0.3524,0.0048,0.0216,0.0205,0.3501,0.2373,0.3249,2.7054,7,411548832,2147206944,0,0,116476604,400,390,1,1,0,0,0,0
400,0.042,1.3068,0.6507,0.0022,0.6483,0.6406,0.0057,0.0011,0.1899,0.6202,0.0107,0.0069,0.0067,0.0805,0.0114,0.1119,0.0058,0.0039,0.068,0.0493,0.0053,0.058,0.3677,0.0042,0.021,0.0204,0.2491,0.2372,0.4696,2.697,0,411548832,2147199200,1,0,116476604,401,391,1,1,0,0,0,0
401,0.0478,1.6873,0.9111,0.0024,0.9085,0.8983,0.008,0.0009,0.2631,0.7579,0.0083,0.0054,0.0061,0.1326,0.0128,0.1037,0.0054,0.0073,0.081,0.0498,0.0028,0.0632,0.4303,0.0101,0.0111,0.0176,0.3609,0.9211,1.0126,4.6597,1,411548832,2147210464,2,0,116476604,402,392,1,1,0,0,0,0
402,0.0408,1.4622,0.6734,0.0025,0.6707,0.6627,0.006,0.0011,0.2944,0.7651,0.0125,0.0069,0.0105,0.1471,0.0099,0.065,0.0063,0.0061,0.066,0.0618,0.0045,0.061,0.4009,0.0052,0.014,0.0269,0.2764,0.1922,0.3577,2.5797,2,411548832,2147204832,0,0,116476604,403,393,1,1,0,0,0,0
403,0.0396,1.3268,0.6725,0.0026,0.6699,0.6618,0.0059,0.001,0.224,0.6271,0.0209,0.0114,0.0101,0.1005,0.0072,0.0484,0.0066,0.0055,0.0614,0.0572,0.0042,0.0564,0.3239,0.0061,0.0149,0.0284,0.5674,0.1875,0.5829,2.9618,3,411548832,2147197792,1,0,116476604,404,394,1,1,0,0,0,0
404,0.0627,1.2356,0.6792,0.0021,0.6766,0.6688,0.0058,0.0011,0.213,0.5261,0.0082,0.0043,0.0054,0.0824,0.0068,0.0622,0.0049,0.0061,0.0514,0.0393,0.0029,0.0298,0.2651,0.0039,0.016,0.0332,0.3008,0.1754,0.3049,2.2658,4,411548832,2147205536,2,0,116476604,405,395,1,1,0,0,0,0
405,0.0382,1.3703,0.6829,0.0021,0.6807,0.6733,0.0053,0.001,0.2025,0.6607,0.0106,0.0692,0.0135,0.1243,0.0074,0.0396,0.0042,0.0049,0.0383,0.0848,0.0035,0.0456,0.3326,0.0052,0.0165,0.0247,0.3104,0.183,0.212,2.276,5,411548832,2147194976,0,0,116476604,406,396,1,1,0,0,0,0
406,0.0458,1.7004,0.7322,0.0026,0.7294,0.7217,0.0055,0.0014,0.3227,0.9359,0.0135,0.0102,0.0105,0.1258,0.0057,0.0908,0.0354,0.0079,0.1579,0.0847,0.005,0.054,0.5132,0.0049,0.0227,0.0788,0.2786,0.1938,0.1795,2.6246,6,411548832,2147200608,1,0,116476604,407,397,1,1,0,0,0,0
407,0.0434,1.5052,0.7558,0.0036,0.752,0.7394,0.0096,0.0016,0.2732,0.7211,0.0109,0.0064,0.0097,0.1292,0.0085,0.0677,0.0056,0.006,0.0677,0.0629,0.0035,0.0587,0.3862,0.0049,0.0144,0.0253,0.4292,0.2331,0.4655,2.9305,7,411548832,2147206944,2,0,116476604,408,398,1,1,0,0,0,0
408,0.0459,2.0594,0.9009,0.0043,0.896,0.8796,0.0131,0.0015,0.3506,1.1217,0.0138,0.0106,0.0114,0.2087,0.0116,0.2178,0.0125,0.0044,0.0622,0.0773,0.0032,0.1225,0.6885,0.007,0.0225,0.0333,0.5902,0.3684,0.4025,3.7828,0,411548832,2147199200,0,0,116476604,409,399,1,1,0,0,0,0
409,0.0452,1.4533,0.6747,0.0026,0.672,0.6637,0.0062,0.001,0.3245,0.7601,0.0212,0.012,0.0122,0.1339,0.0074,0.0606,0.0073,0.0051,0.0552,0.0527,0.0039,0.0531,0.3555,0.0042,0.0106,0.0176,0.3015,0.1957,0.1654,2.3033,1,411548832,2147210464,1,0,116476604,410,400,1,1,0,0,0,0
410,0.0861,2.761,1.4158,0.0082,1.4072,1.3851,0.0177,0.0025,0.5808,1.315,0.0286,0.0208,0.0186,0.2223,0.0091,0.1274,0.0117,0.0079,0.1063,0.0796,0.006,0.0778,0.6134,0.0075,0.0179,0.0277,0.4263,0.2859,0.3812,4.2173,2,411548832,2147204832,2,0,116476604,411,401,1,1,0,0,0,0
411,0.0443,1.3933,0.7128,0.0024,0.7103,0.7017,0.0059,0.0014,0.2312,0.6429,0.0109,0.0064,0.0092,0.1082,0.0071,0.061,0.006,0.006,0.0608,0.0604,0.0043,0.0582,0.3486,0.0054,0.0221,0.0354,0.3187,0.234,0.2716,2.4934,3,411548832,2147197792,0,0,116476604,412,402,1,1,0,0,0,0
412,0.0467,1.3332,0.7157,0.0024,0.7132,0.7057,0.005,0.0015,0.3004,0.5892,0.0117,0.0074,0.0133,0.0693,0.0062,0.051,0.0048,0.0046,0.039,0.0375,0.0022,0.0327,0.2295,0.0039,0.0175,0.036,0.3434,0.2155,0.5544,2.768,4,411548832,2147205536,1,0,116476604,413,403,1,1,0,0,0,0
413,0.0406,1.283,0.8303,0.0022,0.828,0.8197,0.0064,0.001,0.1841,0.4198,0.0091,0.0053,0.0064,0.0588,0.0034,0.0306,0.005,0.0037,0.0379,0.0324,0.0029,0.0321,0.1918,0.0035,0.0181,0.0327,0.2685,0.1425,0.1789,2.0809,5,411548832,2147194976,2,0,116476604,414,404,1,1,0,0,0,0
414,0.0415,1.6153,0.6984,0.0027,0.6956,0.6796,0.0121,0.0019,0.3383,0.8832,0.0138,0.0084,0.012,0.1574,0.0093,0.0445,0.0054,0.0261,0.1222,0.0849,0.0044,0.0449,0.4539,0.0044,0.0194,0.0423,0.6154,0.2793,0.4579,3.302,6,411548832,2147200608,0,0,116476604,415,405,1,1,0,0,0,0
415,0.0519,1.9554,1.149,0.0033,1.1456,1.1326,0.0098,0.0011,0.3193,0.7764,0.0084,0.0068,0.0078,0.1658,0.0174,0.0793,0.0085,0.0088,0.0634,0.04,0.0022,0.0345,0.383,0.0052,0.0181,0.0185,0.2765,0.2349,0.3501,3.0904,7,411548832,2147206944,1,0,116476604,416,406,1,1,0,0,0,0
416,0.0606,1.6107,0.9404,0.0033,0.9367,0.9257,0.0084,0.0015,0.2122,0.6214,0.0092,0.0057,0.008,0.0821,0.0045,0.0566,0.0074,0.0079,0.0801,0.0749,0.0042,0.0559,0.3496,0.0063,0.0337,0.0404,0.3002,0.1725,0.2894,2.7149,0,411548832,2147199200,2,0,116476604,417,407,1,1,0,0,0,0
417,0.0403,1.3997,0.6879,0.0023,0.6855,0.6762,0.0067,0.0014,0.2747,0.6924,0.0106,0.0069,0.0096,0.1102,0.0075,0.0618,0.0066,0.0053,0.0617,0.0596,0.0044,0.0616,0.3549,0.0048,0.0111,0.0167,0.3199,0.2113,0.2988,2.427,1,411548832,2147210464,0,0,116476604,418,408,1,1,0,0,0,0
418,0.0397,1.2048,0.6542,0.0027,0.6513,0.6431,0.006,0.001,0.1842,0.5356,0.0079,0.0047,0.0061,0.0987,0.0064,0.056,0.006,0.0047,0.0469,0.0469,0.0046,0.0503,0.2988,0.0038,0.0101,0.0145,0.2075,0.1459,0.1892,1.9305,2,411548832,2147204832,1,0,116476604,419,409,1,1,0,0,0,0
419,0.047,1.3833,0.733,0.0022,0.7307,0.7189,0.0088,0.0015,0.2021,0.6351,0.0091,0.005,0.0076,0.1559,0.0057,0.0739,0.0151,0.0068,0.0641,0.0494,0.0026,0.0277,0.371,0.0031,0.0084,0.0141,0.2534,0.1691,0.1924,2.2048,3,411548832,2147197792,2,0,116476604,420,410,1,1,0,0,0,0
420,0.0537,2.96,0.8891,0.0028,0.8859,0.8765,0.007,0.0014,1.2529,2.0326,0.0124,0.0085,0.0075,0.1433,0.0084,0.1039,0.008,0.0109,0.0728,0.1604,0.0223,0.1989,0.6793,0.0095,0.0256,0.0305,0.6811,1.1411,0.9878,6.621,4,411548832,2147205536,0,0,116476604,421,411,1,1,0,0,0,0
421,0.0428,1.4207,0.6842,0.0023,0.6818,0.6727,0.007,0.001,0.2739,0.7034,0.0126,0.0062,0.0101,0.1172,0.0074,0.0642,0.0074,0.0055,0.0606,0.061,0.0053,0.0582,0.3612,0.0062,0.0216,0.0212,0.2384,0.1708,0.2443,2.38,5,411548832,2147194976,1,0,116476604,422,412,1,1,0,0,0,0
422,0.0489,1.2331,0.7183,0.0026,0.7155,0.7072,0.0056,0.0013,0.1987,0.4839,0.0095,0.0053,0.0055,0.0887,0.007,0.043,0.0043,0.005,0.0376,0.0329,0.0025,0.0336,0.2358,0.0044,0.0173,0.0375,0.4444,0.316,0.3853,2.7206,6,411548832,2147200608,2,0,116476604,423,413,1,1,0,0,0,0
423,0.0466,1.2478,0.7422,0.0028,0.7393,0.7295,0.0068,0.0016,0.2061,0.4719,0.0097,0.0049,0.0058,0.0733,0.0051,0.038,0.0042,0.0048,0.0379,0.0347,0.0022,0.0354,0.2193,0.0046,0.019,0.0315,0.3072,0.1751,0.3213,2.3257,7,411548832,2147206944,0,0,116476604,424,414,1,1,0,0,0,0
424,0.0438,1.2646,0.8282,0.0022,0.8258,0.8191,0.0046,0.0012,0.1671,0.4088,0.0082,0.0046,0.0049,0.0563,0.0034,0.0386,0.0061,0.0039,0.041,0.0319,0.0024,0.0323,0.2001,0.0033,0.0154,0.0316,0.2796,0.1409,0.4417,2.4229,0,411548832,2147199200,1,0,116476604,425,415,1,1,0,0,0,0
425,0.0434,1.4205,0.7167,0.0026,0.714,0.7049,0.0063,0.0017,0.2821,0.6697,0.0119,0.0071,0.0137,0.1376,0.0117,0.076,0.0075,0.0041,0.0428,0.0322,0.0025,0.0302,0.3188,0.0041,0.0192,0.0371,0.2593,0.2199,0.3592,2.5379,1,411548832,2147210464,2,0,116476604,426,416,1,1,0,0,0,0
426,0.064,1.4991,0.9247,0.0049,0.9195,0.9092,0.0073,0.0015,0.2218,0.5405,0.0098,0.006,0.0082,0.0835,0.0061,0.047,0.0065,0.0051,0.0466,0.0438,0.0034,0.0417,0.2626,0.0055,0.0202,0.0316,0.2729,0.2091,0.4565,2.7188,2,411548832,2147204832,0,0,116476604,427,417,1,1,0,0,0,0
427,0.0433,1.9724,0.7757,0.0027,0.7728,0.7564,0.0128,0.0022,0.4488,1.173,0.0313,0.0225,0.0194,0.2975,0.014,0.1117,0.0067,0.0058,0.0657,0.0528,0.0094,0.0727,0.6004,0.0049,0.014,0.0224,0.3341,0.2478,0.1859,2.9898,3,411548832,2147197792,1,0,116476604,428,418,1,1,0,0,0,0
428,0.0522,1.6756,0.948,0.0053,0.9424,0.927,0.0128,0.0014,0.2686,0.7117,0.0094,0.006,0.0103,0.1482,0.0062,0.082,0.0075,0.0074,0.0564,0.0508,0.0045,0.0454,0.3828,0.0029,0.0099,0.0155,0.2668,0.1593,0.2295,2.5489,4,411548832,2147205536,2,0,116476604,429,419,1,1,0,0,0,0
429,0.0409,1.5824,0.6681,0.0027,0.6653,0.6564,0.0069,0.0012,0.3695,0.8976,0.0112,0.0072,0.015,0.1531,0.0121,0.0692,0.007,0.0069,0.0913,0.0744,0.0049,0.0639,0.4519,0.004,0.0103,0.0167,0.2702,0.1975,0.4428,2.7679,5,411548832,2147194976,0,0,116476604,430,420,1,1,0,0,0,0
430,0.0434,1.5091,0.7365,0.0021,0.7342,0.7273,0.0052,0.0009,0.2953,0.7549,0.0106,0.0071,0.014,0.1429,0.0103,0.063,0.0068,0.0075,0.0623,0.058,0.0046,0.0602,0.3864,0.0049,0.0106,0.016,0.2622,0.3275,0.7231,3.2957,6,411548832,2147200608,1,0,116476604,431,421,1,1,0,0,0,0
431,0.0394,1.1429,0.6746,0.0028,0.6717,0.6647,0.0052,0.0009,0.1804,0.4406,0.0086,0.0041,0.0049,0.0702,0.0038,0.0331,0.006,0.0048,0.0478,0.0343,0.0023,0.0317,0.2171,0.004,0.0154,0.0285,0.3137,0.147,0.1881,1.9996,7,411548832,2147206944,2,0,116476604,432,422,1,1,0,0,0,0
432,0.0571,1.428,0.8023,0.0042,0.7977,0.7881,0.0073,0.001,0.1997,0.6003,0.0099,0.0098,0.0292,0.1028,0.0053,0.0437,0.0054,0.004,0.0807,0.0592,0.0039,0.0369,0.3233,0.0038,0.0174,0.0169,0.3559,0.2528,0.3188,2.5997,0,411548832,2147199200,0,0,116476604,433,423,1,1,0,0,0,0
433,0.0566,1.6443,1.0447,0.0028,1.0417,1.0319,0.0073,0.0011,0.2007,0.5511,0.0071,0.0052,0.005,0.0891,0.0046,0.057,0.0051,0.0043,0.0407,0.0391,0.0026,0.0717,0.2976,0.0147,0.0273,0.0439,0.4281,0.228,0.3141,2.9203,1,411548832,2147210464,1,0,116476604,434,424,1,1,0,0,0,0
434,0.0585,1.2016,0.6367,0.0028,0.6338,0.6268,0.0048,0.0013,0.2489,0.5326,0.0085,0.0053,0.0067,0.0797,0.0063,0.0384,0.0043,0.0044,0.0418,0.038,0.0028,0.0379,0.2358,0.0045,0.0171,0.0358,0.2452,0.141,0.1881,1.9903,2,411548832,2147204832,2,0,116476604,435,425,1,1,0,0,0,0
435,0.0866,2.234,1.151,0.0094,1.1414,1.1201,0.0165,0.0025,0.4436,1.0564,0.0178,0.0102,0.0166,0.1779,0.0108,0.0879,0.0075,0.0078,0.0846,0.0851,0.0067,0.0828,0.5183,0.0073,0.0159,0.0261,0.4602,0.2695,0.4123,3.7049,3,411548832,2147197792,0,0,116476604,436,426,1,1,0,0,0,0
436,0.0943,2.5695,1.2583,0.0116,1.2464,1.2273,0.0145,0.0019,0.4059,1.2747,0.027,0.0145,0.0202,0.2654,0.0248,0.106,0.0072,0.0072,0.092,0.14,0.0088,0.1357,0.7391,0.0062,0.0204,0.0313,0.6306,0.3489,0.3248,4.2586,4,411548832,2147205536,1,0,116476604,437,427,1,1,0,0,0,0
437,0.0458,1.5186,0.8322,0.0032,0.8288,0.8174,0.0086,0.0015,0.2575,0.6668,0.0083,0.006,0.0093,0.1205,0.0055,0.0606,0.0052,0.0056,0.0622,0.0604,0.0033,0.053,0.3567,0.0034,0.0103,0.0205,0.3498,0.1599,0.1967,2.4191,5,411548832,2147194976,2,0,116476604,438,428,1,1,0,0,0,0
438,0.066,1.8475,0.9831,0.0057,0.9771,0.9605,0.0125,0.002,0.4067,0.8422,0.0141,0.0073,0.0112,0.1247,0.007,0.0605,0.0059,0.006,0.0607,0.0606,0.0044,0.061,0.3675,0.0048,0.0135,0.0217,0.3474,0.2175,0.2563,2.9415,6,411548832,2147200608,0,0,116476604,439,429,1,1,0,0,0,0
439,0.1084,2.0074,1.2873,0.0069,1.2801,1.2689,0.0078,0.0018,0.2801,0.7013,0.0096,0.0077,0.0156,0.1453,0.0082,0.0591,0.0065,0.0055,0.0641,0.0454,0.0034,0.0406,0.3545,0.0038,0.0106,0.02,0.367,0.3133,0.3808,3.4635,7,411548832,2147206944,1,0,116476604,440,430,1,1,0,0,0,0
440,0.0486,1.2294,0.7265,0.0023,0.7238,0.7156,0.0056,0.0015,0.1993,0.4663,0.0085,0.0061,0.0057,0.0597,0.0057,0.0492,0.0061,0.005,0.0411,0.0344,0.0023,0.0339,0.2183,0.0041,0.0209,0.0368,0.3006,0.1366,0.2857,2.1902,0,411548832,2147199200,2,0,116476604,441,431,1,1,0,0,0,0
441,0.045,1.2209,0.7308,0.0025,0.7281,0.7182,0.0075,0.0016,0.1976,0.4554,0.0094,0.0056,0.0055,0.0632,0.0036,0.0339,0.0063,0.004,0.0394,0.0406,0.0027,0.0337,0.2108,0.0038,0.0215,0.0337,0.3039,0.1658,0.2496,2.1761,1,411548832,2147210464,0,0,116476604,442,432,1,1,0,0,0,0
442,0.0424,1.5234,0.7207,0.0025,0.7181,0.7099,0.006,0.0012,0.3253,0.783,0.0119,0.0083,0.0141,0.1406,0.0079,0.0652,0.0067,0.0061,0.0653,0.0576,0.0044,0.0573,0.386,0.0048,0.0118,0.0183,0.3813,0.1704,0.3822,2.7164,2,411548832,2147204832,1,0,116476604,443,433,1,1,0,0,0,0
443,0.0457,1.4916,0.7229,0.0032,0.7196,0.7099,0.0066,0.0015,0.2926,0.7285,0.0121,0.0069,0.0098,0.1146,0.0081,0.0637,0.0065,0.0063,0.0658,0.0642,0.0051,0.0596,0.3679,0.0048,0.0235,0.0417,0.508,0.4172,1.6796,4.7746,3,411548832,2147197792,2,0,116476604,444,434,1,1,0,0,0,0
444,0.0454,1.4449,0.7178,0.0029,0.7147,0.7071,0.0055,0.0011,0.2801,0.6896,0.0123,0.006,0.0096,0.1092,0.0079,0.0622,0.0062,0.0059,0.0591,0.0583,0.0042,0.0561,0.3449,0.0048,0.0228,0.037,0.3021,0.235,0.4152,2.7107,4,411548832,2147205536,0,0,116476604,445,435,1,1,0,0,0,0
445,0.0454,1.2092,0.7422,0.0026,0.7395,0.7306,0.0069,0.0011,0.1885,0.4331,0.0091,0.004,0.0066,0.0642,0.0035,0.0382,0.0045,0.0039,0.0356,0.0321,0.0026,0.0326,0.2027,0.0038,0.0198,0.0329,0.3064,0.183,0.3385,2.3184,5,411548832,2147194976,1,0,116476604,446,436,1,1,0,0,0,0
446,0.0436,1.155,0.6447,0.0025,0.642,0.6341,0.0062,0.0009,0.1732,0.4959,0.0081,0.0054,0.0071,0.1235,0.0103,0.0446,0.0061,0.0056,0.038,0.0325,0.0022,0.0312,0.2698,0.0028,0.0078,0.0976,0.3011,0.2242,0.4497,2.4117,6,411548832,2147200608,2,0,116476604,447,437,1,1,0,0,0,0
447,0.04,1.3727,0.6643,0.0021,0.662,0.654,0.006,0.0012,0.2045,0.6892,0.0206,0.016,0.0121,0.1258,0.0067,0.0458,0.0066,0.0063,0.0593,0.0551,0.0041,0.112,0.398,0.0071,0.0115,0.0175,0.3107,0.2296,0.2982,2.449,7,411548832,2147206944,0,0,116476604,448,438,1,1,0,0,0,0
448,0.0614,1.6835,0.9834,0.0034,0.9797,0.969,0.0078,0.0012,0.2615,0.6589,0.0085,0.0058,0.0066,0.0964,0.0053,0.0722,0.0035,0.0046,0.0554,0.0634,0.0033,0.0623,0.3497,0.0048,0.026,0.0296,0.5266,0.2986,0.4139,3.2749,0,411548832,2147199200,1,0,116476604,449,439,1,1,0,0,0,0
449,0.0421,1.1808,0.6725,0.003,0.6694,0.6612,0.0056,0.0014,0.1991,0.4772,0.0088,0.0055,0.0067,0.0695,0.006,0.0395,0.0049,0.0055,0.0421,0.0378,0.0027,0.04,0.2289,0.0044,0.0173,0.036,0.3211,0.2644,0.4097,2.5007,1,411548832,2147210464,2,0,116476604,450,440,1,1,0,0,0,0
450,0.0449,1.4407,0.6786,0.0024,0.6761,0.6676,0.0064,0.0011,0.2919,0.7439,0.0131,0.0124,0.0133,0.1377,0.0083,0.0624,0.0054,0.0065,0.0629,0.0562,0.0043,0.0565,0.3757,0.0048,0.0104,0.0177,0.4671,0.1842,0.3436,2.6736,2,411548832,2147204832,0,0,116476604,451,441,1,1,0,0,0,0
451,0.0434,1.8341,1.0249,0.0028,1.022,1.0138,0.0064,0.0009,0.2258,0.7677,0.011,0.0046,0.0075,0.1244,0.0145,0.0924,0.0081,0.0098,0.0787,0.0636,0.0025,0.1081,0.4672,0.0091,0.0251,0.0415,1.7065,1.0406,1.5178,7.3937,3,411548832,2147197792,1,0,116476604,452,442,1,1,0,0,0,0
452,0.041,1.1756,0.6777,0.002,0.6755,0.6673,0.0064,0.001,0.1844,0.4059,0.0086,0.0041,0.0052,0.0602,0.0037,0.0282,0.0027,0.0043,0.0298,0.0333,0.0023,0.0328,0.1843,0.0032,0.0785,0.0329,0.2775,0.2127,0.272,2.2034,4,411548832,2147205536,2,0,116476604,453,443,1,1,0,0,0,0
453,0.0397,1.9166,0.6631,0.0022,0.6608,0.6527,0.0059,0.001,0.8329,1.2373,0.0117,0.0062,0.0104,0.1169,0.0079,0.0633,0.0064,0.0072,0.0622,0.0614,0.0044,0.0358,0.3396,0.0034,0.0101,0.0148,0.2708,0.243,0.2807,2.978,5,411548832,2147194976,0,0,116476604,454,444,1,1,0,0,0,0
454,0.0395,1.4921,0.6852,0.0026,0.6825,0.6743,0.0059,0.0014,0.3314,0.7869,0.0115,0.0089,0.0123,0.1401,0.0076,0.0668,0.0073,0.0054,0.0644,0.057,0.0043,0.0566,0.3849,0.0045,0.012,0.0179,0.3324,0.2139,0.2733,2.5202,6,411548832,2147200608,1,0,116476604,455,445,1,1,0,0,0,0
455,0.0397,1.7034,0.6595,0.002,0.6574,0.6504,0.0052,0.001,0.1786,1.0223,0.009,0.0047,0.005,0.5396,0.008,0.0815,0.0053,0.006,0.0591,0.0545,0.0046,0.0564,0.7911,0.0049,0.013,0.0201,0.318,0.2667,0.4475,3.0654,7,411548832,2147206944,2,0,116476604,456,446,1,1,0,0,0,0
456,0.0404,1.84,0.6864,0.0026,0.6837,0.6713,0.0093,0.0015,0.3481,1.1238,0.0136,0.0088,0.0111,0.2526,0.0113,0.1088,0.0127,0.0059,0.0663,0.1489,0.0125,0.1032,0.6798,0.0095,0.0189,0.0278,0.4109,0.2812,0.4066,3.2622,0,411548832,2147199200,0,0,116476604,457,447,1,1,0,0,0,0
457,0.0403,1.4344,0.6357,0.0028,0.6328,0.6248,0.006,0.0011,0.2926,0.7756,0.0112,0.0064,0.014,0.1499,0.0113,0.0708,0.0066,0.0054,0.0645,0.0588,0.0045,0.0645,0.4085,0.0076,0.0141,0.0221,0.3364,0.2496,0.4608,2.7976,1,411548832,2147210464,1,0,116476604,458,448,1,1,0,0,0,0
458,0.0456,1.6166,0.697,0.0032,0.6936,0.6841,0.0075,0.001,0.2774,0.8974,0.0241,0.0133,0.0158,0.1413,0.0089,0.1234,0.0088,0.0103,0.0959,0.0891,0.0056,0.068,0.5177,0.0059,0.0127,0.022,0.361,0.1913,0.4039,2.8409,2,411548832,2147204832,2,0,116476604,459,449,1,1,0,0,0,0
459,0.0454,1.4665,0.7343,0.0022,0.7319,0.7234,0.0065,0.0011,0.2785,0.7145,0.012,0.0067,0.0141,0.1498,0.0108,0.0637,0.006,0.0064,0.0594,0.0569,0.0045,0.0358,0.3656,0.0034,0.0117,0.016,0.2586,0.2649,0.3115,2.5683,3,411548832,2147197792,0,0,116476604,460,450,1,1,0,0,0,0
460,0.1099,1.8426,0.988,0.0033,0.9842,0.9741,0.0073,0.0015,0.3066,0.8045,0.0085,0.0071,0.008,0.0972,0.0068,0.0542,0.006,0.0149,0.0747,0.1191,0.0054,0.0759,0.4211,0.0136,0.0271,0.0408,0.3278,0.2572,2.1919,5.1505,4,411548832,2147205536,1,0,116476604,461,451,1,1,0,0,0,0
461,0.047,1.5466,0.7591,0.0029,0.7561,0.7489,0.0049,0.0011,0.3198,0.7726,0.0243,0.0146,0.0192,0.1661,0.0157,0.0523,0.0059,0.0036,0.0408,0.0274,0.0021,0.0682,0.3548,0.0046,0.0092,0.0186,0.2723,0.1425,0.2709,2.4626,5,411548832,2147194976,2,0,116476604,462,452,1,1,0,0,0,0
462,0.0472,1.4542,0.8118,0.0033,0.8084,0.8011,0.0049,0.0011,0.2122,0.6028,0.0101,0.0066,0.0067,0.1745,0.0158,0.0487,0.0049,0.0055,0.0388,0.0316,0.0024,0.0331,0.3267,0.0053,0.0243,0.0158,0.3154,0.2344,0.2306,2.5949,6,411548832,2147200608,0,0,116476604,463,453,1,1,0,0,0,0
463,0.0487,1.2917,0.7169,0.0038,0.7128,0.7044,0.0057,0.0014,0.2386,0.5414,0.0089,0.0044,0.0074,0.1086,0.0067,0.0436,0.0048,0.0049,0.0341,0.0357,0.0029,0.0312,0.2532,0.0045,0.0187,0.0332,0.4062,0.1746,0.3234,2.5158,7,411548832,2147206944,1,0,116476604,464,454,1,1,0,0,0,0
464,0.0401,1.3909,0.8543,0.003,0.8512,0.8437,0.0056,0.0009,0.2135,0.5019,0.0085,0.0058,0.0064,0.0811,0.0058,0.0476,0.004,0.0048,0.0402,0.0411,0.0019,0.0324,0.2424,0.0038,0.0198,0.0349,0.27,0.1672,1.107,3.2789,0,411548832,2147199200,2,0,116476604,465,455,1,1,0,0,0,0
465,0.0435,1.2005,0.6955,0.0023,0.6931,0.6835,0.0068,0.0015,0.203,0.469,0.0096,0.0062,0.0057,0.0616,0.0037,0.0339,0.0047,0.0055,0.0504,0.0385,0.0023,0.0361,0.2205,0.0037,0.0221,0.037,0.3811,0.2306,0.3046,2.3974,1,411548832,2147210464,0,0,116476604,466,456,1,1,0,0,0,0
466,0.0425,1.2445,0.6584,0.0024,0.6559,0.6484,0.0049,0.0011,0.2049,0.562,0.0135,0.0148,0.012,0.1367,0.008,0.0444,0.0064,0.0074,0.04,0.0331,0.0022,0.03,0.2842,0.0033,0.0132,0.0249,0.3407,0.2511,0.5539,2.6907,2,411548832,2147204832,1,0,116476604,467,457,1,1,0,0,0,0
467,0.0458,1.4243,0.8148,0.0026,0.8121,0.8044,0.0054,0.0011,0.2004,0.5938,0.0182,0.0119,0.0104,0.1015,0.005,0.0893,0.0084,0.0089,0.0667,0.0373,0.0017,0.0261,0.3209,0.0022,0.0089,0.0156,0.4372,0.7439,1.7343,5.0636,3,411548832,2147197792,2,0,116476604,468,458,1,1,0,0,0,0
468,0.042,1.3694,0.8087,0.0028,0.8057,0.7975,0.006,0.0012,0.1717,0.5233,0.0077,0.0046,0.0049,0.0679,0.0036,0.0657,0.0081,0.004,0.0563,0.0456,0.0023,0.0724,0.3079,0.0043,0.0221,0.0805,0.2809,0.1809,0.2969,2.4597,4,411548832,2147205536,0,0,116476604,469,459,1,1,0,0,0,0
469,0.0414,1.4808,0.7847,0.0023,0.7823,0.774,0.0053,0.0015,0.3129,0.6787,0.0117,0.0077,0.015,0.1542,0.0163,0.0378,0.0054,0.0046,0.0332,0.0346,0.0025,0.0321,0.2919,0.0046,0.0111,0.0185,0.3782,0.3039,0.2737,2.6811,5,411548832,2147194976,1,0,116476604,470,460,1,1,0,0,0,0
470,0.0425,1.4492,0.8832,0.0025,0.8805,0.8687,0.0087,0.0021,0.198,0.5218,0.0108,0.006,0.0056,0.0728,0.0029,0.034,0.0021,0.0076,0.0755,0.0472,0.0037,0.0484,0.2779,0.0039,0.0272,0.042,0.4225,0.1876,0.6145,2.9491,6,411548832,2147200608,2,0,116476604,471,461,1,1,0,0,0,0
471,0.0454,2.0871,0.8617,0.0026,0.8589,0.8388,0.0155,0.0017,0.4256,1.194,0.0309,0.0201,0.02,0.29,0.0103,0.0883,0.0051,0.005,0.1031,0.0933,0.0099,0.0756,0.6503,0.0044,0.0175,0.0438,1.3927,0.8659,1.1676,6.3994,7,411548832,2147206944,0,0,116476604,472,462,1,1,0,0,0,0
472,0.0454,1.1903,0.6913,0.0026,0.6886,0.6809,0.0055,0.0013,0.2176,0.4666,0.0081,0.0059,0.0076,0.0721,0.0054,0.0328,0.0048,0.0053,0.0347,0.0314,0.0026,0.0304,0.2014,0.0036,0.0194,0.0319,0.44,0.3175,0.3074,2.5526,0,411548832,2147199200,1,0,116476604,473,463,1,1,0,0,0,0
473,0.0564,1.4232,0.7151,0.0037,0.7113,0.7029,0.006,0.0015,0.3232,0.6755,0.012,0.008,0.0168,0.1084,0.0074,0.053,0.0056,0.0046,0.0423,0.0418,0.0032,0.039,0.2845,0.0044,0.018,0.0198,0.3059,0.1649,0.2234,2.3601,1,411548832,2147210464,2,0,116476604,474,464,1,1,0,0,0,0
474,0.0452,1.3177,0.6962,0.0024,0.6936,0.6858,0.0059,0.0011,0.1907,0.6061,0.0093,0.0046,0.0057,0.141,0.0061,0.037,0.0072,0.0046,0.0989,0.048,0.0021,0.0435,0.3684,0.0022,0.0076,0.0163,0.234,0.1575,0.1756,2.0839,2,411548832,2147204832,0,0,116476604,475,465,1,1,0,0,0,0
475,0.0911,2.723,1.4288,0.0094,1.4191,1.3983,0.0149,0.0028,0.5649,1.2706,0.0274,0.0145,0.0181,0.2481,0.0109,0.0924,0.0078,0.0081,0.0867,0.0837,0.0065,0.0831,0.594,0.0072,0.0148,0.0232,0.4919,0.261,0.3171,4.1357,3,411548832,2147197792,1,0,116476604,476,466,1,1,0,0,0,0
476,0.0456,1.3849,0.8792,0.002,0.877,0.8682,0.0068,0.001,0.2259,0.4912,0.007,0.0045,0.0054,0.0803,0.004,0.0406,0.0022,0.0023,0.0278,0.0296,0.003,0.052,0.2303,0.0029,0.0085,0.0148,0.2345,0.15,0.1726,2.1523,4,411548832,2147205536,2,0,116476604,477,467,1,1,0,0,0,0
477,0.0397,1.4695,0.663,0.0023,0.6606,0.6522,0.006,0.0011,0.3677,0.7877,0.0108,0.007,0.0103,0.129,0.007,0.0598,0.0051,0.005,0.0579,0.0556,0.0042,0.0585,0.3608,0.0044,0.0113,0.0176,0.2592,0.1233,0.1634,2.1909,5,411548832,2147194976,0,0,116476604,478,468,1,1,0,0,0,0
478,0.0465,1.1083,0.7036,0.0034,0.6999,0.6926,0.0048,0.0011,0.1965,0.3919,0.0065,0.0042,0.0054,0.0632,0.0025,0.027,0.0018,0.0016,0.0263,0.0249,0.0013,0.0264,0.1678,0.0016,0.0073,0.0135,0.1876,0.1193,0.2358,1.8276,6,411548832,2147200608,1,0,116476604,479,469,1,1,0,0,0,0
479,0.0389,94.6853,93.916,0.0025,93.9134,93.8984,0.0117,0.0014,0.3031,0.7513,0.0085,0.0052,0.0093,0.1277,0.0052,0.0967,0.0042,0.0038,0.07,0.0493,0.0071,0.0497,0.3934,0.006,0.0107,0.0181,0.3009,0.1877,0.2169,95.6108,7,411548832,2147206944,2,0,116476604,480,470,1,1,0,0,0,0
480,0.0682,6.1517,5.691,0.005,5.6855,5.6749,0.0078,0.0017,0.2212,0.4476,0.0083,0.0047,0.0056,0.0654,0.0027,0.0306,0.002,0.0018,0.0292,0.0288,0.0014,0.0401,0.1941,0.003,0.0077,0.0154,0.2919,0.1706,0.1713,7.0213,0,411548832,2147199200,0,0,116476604,481,471,1,1,0,0,0,0
481,0.0395,25.4462,24.8832,0.0026,24.8805,24.8671,0.0109,0.0012,0.2629,0.5473,0.01,0.0071,0.0074,0.0833,0.0039,0.0486,0.0026,0.0025,0.0378,0.037,0.002,0.0358,0.2425,0.0025,0.0096,0.0155,0.2397,0.1441,0.1986,26.2136,1,411548832,2147210464,1,0,116476604,482,472,1,1,0,0,0,0
482,0.0397,26.8605,26.0616,0.0021,26.0594,26.0456,0.0106,0.0016,0.4267,0.7703,0.0147,0.0099,0.013,0.1074,0.0057,0.0435,0.0049,0.0056,0.0439,0.0428,0.0027,0.0401,0.2777,0.0035,0.0152,0.0287,0.3866,0.2743,0.2626,28.0855,2,411548832,2147204832,2,0,116476604,483,473,1,1,0,0,0,0
483,0.0508,1.973,0.7566,0.0032,0.7533,0.7448,0.0061,0.0015,0.3284,1.1877,0.0124,0.0068,0.0113,0.1218,0.0077,0.0663,0.0062,0.0105,0.1898,0.2557,0.0135,0.1387,0.7723,0.0104,0.0185,0.022,0.4851,0.2869,0.2728,3.3276,3,411548832,2147197792,0,0,116476604,484,474,1,1,0,0,0,0
484,0.0856,1.8681,0.891,0.0033,0.8873,0.8748,0.0081,0.0029,0.3413,0.9044,0.0121,0.0065,0.0058,0.0773,0.0033,0.0393,0.0027,0.0022,0.0385,0.0387,0.0037,0.3117,0.5055,0.0154,0.048,0.064,2.2087,0.9494,1.1507,7.1337,4,411548832,2147205536,1,0,116476604,485,475,1,1,0,0,0,0
485,0.0795,1.8646,1.2223,0.0071,1.2148,1.1946,0.0152,0.0025,0.3495,0.6141,0.0107,0.0092,0.0107,0.0863,0.0051,0.0305,0.0038,0.0046,0.0323,0.0302,0.0018,0.0307,0.21,0.0035,0.0155,0.033,0.3876,0.2882,0.454,3.3814,5,411548832,2147194976,2,0,116476604,486,476,1,1,0,0,0,0
486,0.0582,1.7222,0.8721,0.0037,0.8681,0.8575,0.0078,0.0015,0.3822,0.8284,0.0135,0.0076,0.0106,0.1192,0.0069,0.0617,0.0058,0.0101,0.0675,0.0639,0.006,0.0607,0.373,0.0056,0.0133,0.0201,0.2757,0.1885,0.2573,2.6979,6,411548832,2147200608,0,0,116476604,487,477,1,1,0,0,0,0
487,0.0449,1.0301,0.6354,0.003,0.632,0.6247,0.0053,0.0012,0.182,0.3809,0.0083,0.004,0.0051,0.0562,0.0032,0.0279,0.0029,0.0027,0.0283,0.0266,0.002,0.0262,0.1652,0.0024,0.0078,0.0143,0.1937,0.124,0.1795,1.7026,7,411548832,2147206944,1,0,116476604,488,478,1,1,0,0,0,0
488,0.0545,22.6185,21.7943,0.0035,21.7906,21.7742,0.0127,0.0011,0.3887,0.7928,0.0181,0.0109,0.0095,0.119,0.0069,0.0836,0.0038,0.0038,0.0528,0.0417,0.0021,0.0416,0.3387,0.0034,0.0186,0.0307,0.4058,0.2216,0.2668,23.7883,0,411548832,2147199200,2,0,116476604,489,479,1,1,0,0,0,0
489,0.061,1.7155,1.0411,0.0033,1.0376,1.0228,0.0122,0.001,0.224,0.6462,0.0077,0.0058,0.0084,0.1292,0.0062,0.0512,0.004,0.015,0.0806,0.061,0.0036,0.0376,0.3596,0.0057,0.017,0.0298,0.3639,0.2638,0.4126,3.0503,1,411548832,2147210464,0,0,116476604,490,480,1,1,0,0,0,0
490,0.1065,3.4779,2.2508,0.005,2.2455,2.2331,0.0089,0.0015,0.4019,1.1765,0.0243,0.0122,0.0149,0.2062,0.0238,0.1396,0.0086,0.0107,0.1618,0.0556,0.0078,0.0843,0.6475,0.0114,0.0318,0.0523,0.5231,0.4352,0.5579,5.4524,2,411548832,2147204832,1,0,116476604,491,481,1,1,0,0,0,0
491,0.0531,1.8485,0.7876,0.0039,0.7836,0.7724,0.0084,0.0018,0.3954,1.0378,0.0115,0.0068,0.0148,0.1879,0.0145,0.1119,0.0085,0.0057,0.0672,0.1226,0.0088,0.0674,0.557,0.0064,0.0134,0.0245,0.3492,0.3712,0.4338,3.4631,3,411548832,2147197792,2,0,116476604,492,482,1,1,0,0,0,0
492,0.0513,1.7239,0.7227,0.0038,0.7187,0.7101,0.0059,0.001,0.468,0.9665,0.0152,0.0079,0.0115,0.1303,0.0076,0.0652,0.0067,0.0062,0.0664,0.052,0.0026,0.1046,0.4185,0.0149,0.0203,0.0313,0.5404,0.3762,0.5533,3.5418,4,411548832,2147205536,0,0,116476604,493,483,1,1,0,0,0,0
493,0.0524,2.8825,1.6613,0.0041,1.6569,1.6275,0.0225,0.0029,0.5434,1.1624,0.0174,0.0102,0.0157,0.1687,0.0065,0.0946,0.0127,0.0143,0.1149,0.0727,0.005,0.068,0.5189,0.0099,0.0348,0.0446,0.3342,0.1743,0.2101,3.8743,5,411548832,2147194976,1,0,116476604,494,484,1,1,0,0,0,0
494,0.048,1.132,0.7206,0.0035,0.7169,0.7105,0.0046,0.0009,0.1914,0.3979,0.0082,0.0043,0.0051,0.0593,0.0033,0.0295,0.0031,0.0026,0.0284,0.0277,0.0021,0.0276,0.1725,0.0022,0.0077,0.0136,0.1923,0.1221,0.1568,1.7773,6,411548832,2147200608,2,0,116476604,495,485,1,1,0,0,0,0
495,0.0412,1.165,0.6459,0.0023,0.6435,0.6361,0.0055,0.0013,0.1885,0.5043,0.0075,0.0043,0.0051,0.0619,0.0035,0.0626,0.0082,0.0043,0.0616,0.0472,0.003,0.0384,0.2717,0.0036,0.0091,0.0133,0.2323,0.2076,0.2429,2.0866,7,411548832,2147206944,0,0,116476604,496,486,1,1,0,0,0,0
496,0.1813,3.9347,2.1004,0.0351,2.0647,2.031,0.0255,0.0043,0.7115,1.8043,0.0213,0.0147,0.0289,0.3485,0.025,0.1946,0.014,0.0104,0.1777,0.1157,0.0088,0.1104,0.9469,0.0095,0.0181,0.0277,0.49,0.2853,0.3554,5.5391,0,411548832,2147199200,1,0,116476604,497,487,1,1,0,0,0,0
497,0.3103,5.0086,2.9134,0.0214,2.8907,2.8506,0.0294,0.0064,0.8062,2.0486,0.0191,0.0132,0.0268,0.2948,0.0163,0.2205,0.0145,0.0169,0.1466,0.2589,0.0154,0.174,1.0948,0.0109,0.0294,0.0384,0.7158,0.3496,0.4496,7.1397,1,411548832,2147210464,2,0,116476604,498,488,1,1,0,0,0,0
498,0.0776,2.4455,1.7341,0.0038,1.7302,1.7086,0.0163,0.0019,0.2416,0.6902,0.0079,0.0045,0.0068,0.1014,0.0103,0.102,0.0086,0.0053,0.0649,0.0606,0.0047,0.0602,0.3891,0.0054,0.0118,0.0186,0.3305,0.2047,0.3801,3.5936,2,411548832,2147204832,0,0,116476604,499,489,1,1,0,0,0,0
499,0.0578,1.7727,0.936,0.0041,0.9316,0.9187,0.0096,0.0013,0.3629,0.8193,0.0114,0.0065,0.01,0.127,0.008,0.1206,0.0068,0.0042,0.0617,0.0452,0.0034,0.0427,0.3972,0.004,0.0101,0.0163,0.2797,0.1875,0.3464,2.9091,3,411548832,2147197792,1,0,116476604,500,490,1,1,0,0,0,0
500,0.0383,1.0123,0.6071,0.0023,0.6047,0.5976,0.0052,0.0008,0.1909,0.3911,0.0092,0.004,0.0053,0.0563,0.0033,0.028,0.0031,0.0032,0.0275,0.0259,0.002,0.0266,0.1643,0.0025,0.0079,0.0144,0.1926,0.1282,0.2471,1.7977,4,411548832,2147205536,2,0,116476604,501,491,1,1,0,0,0,0
501,0.1063,1.7113,1.236,0.0035,1.2318,1.2236,0.0062,0.0011,0.2217,0.46,0.0089,0.0049,0.0068,0.0658,0.0039,0.0352,0.003,0.0033,0.0334,0.032,0.0023,0.0318,0.1982,0.0029,0.0088,0.0154,0.2325,0.1428,0.186,2.5307,5,411548832,2147194976,0,0,116476604,502,492,1,1,0,0,0,0
502,0.0434,1.0798,0.6704,0.002,0.6683,0.6601,0.0059,0.0014,0.1891,0.3936,0.0086,0.0046,0.0055,0.055,0.0034,0.0267,0.0032,0.0029,0.0276,0.0262,0.002,0.033,0.1685,0.0025,0.0083,0.0149,0.2118,0.1259,0.1857,1.7818,6,411548832,2147200608,1,0,116476604,503,493,1,1,0,0,0,0
503,0.043,1.5023,0.7485,0.0029,0.7455,0.7385,0.0051,0.001,0.3742,0.7245,0.009,0.0046,0.0065,0.1332,0.0061,0.0476,0.0053,0.0063,0.0419,0.0388,0.0032,0.0379,0.2994,0.0052,0.0164,0.0303,0.383,0.3167,0.5564,3.0603,7,411548832,2147206944,2,0,116476604,504,494,1,1,0,0,0,0
504,0.0446,1.5572,0.8048,0.0032,0.8015,0.7895,0.0092,0.0016,0.3592,0.7239,0.0163,0.0098,0.0099,0.1218,0.0052,0.0452,0.0065,0.0061,0.0458,0.0423,0.0032,0.0414,0.2965,0.0048,0.0156,0.0287,0.3842,0.2929,0.4203,3.0593,0,411548832,2147199200,0,0,116476604,505,495,1,1,0,0,0,0
505,0.052,1.2771,0.6366,0.0042,0.6322,0.6185,0.0102,0.002,0.2457,0.6271,0.0109,0.0061,0.0123,0.1204,0.0056,0.0531,0.0037,0.0037,0.051,0.0516,0.0031,0.0507,0.3268,0.0039,0.0058,0.0182,0.4143,0.2146,0.2465,2.4649,1,411548832,2147210464,1,0,116476604,506,496,1,1,0,0,0,0
506,0.0451,1.3739,0.7255,0.0025,0.7228,0.7141,0.0065,0.001,0.2298,0.6312,0.008,0.0045,0.0054,0.0818,0.0036,0.0732,0.0068,0.0068,0.0852,0.0603,0.0035,0.0535,0.354,0.0041,0.0104,0.0176,0.3239,0.1254,0.223,2.2331,2,411548832,2147204832,2,0,116476604,507,497,1,1,0,0,0,0
507,0.0408,93.1614,92.3103,0.0023,92.3079,92.2884,0.0158,0.0022,0.3492,0.8283,0.0098,0.0068,0.0072,0.1256,0.0058,0.0746,0.0089,0.0057,0.078,0.0579,0.006,0.0736,0.4097,0.0109,0.0172,0.0174,0.2313,0.1423,0.1824,93.9158,3,411548832,2147197792,0,0,116476604,508,498,1,1,0,0,0,0
508,0.0404,24.2716,23.111,0.0027,23.1082,23.0844,0.0191,0.0026,0.5194,1.1395,0.0128,0.0083,0.0121,0.1431,0.0097,0.1367,0.009,0.0074,0.1075,0.0766,0.0059,0.0753,0.5392,0.0077,0.013,0.0222,0.363,0.2252,0.3061,25.4387,4,411548832,2147205536,1,0,116476604,509,499,1,1,0,0,0,0
509,0.1024,17.0093,15.3996,0.0045,15.395,15.3557,0.0326,0.0035,0.6672,1.5829,0.0146,0.0106,0.019,0.2646,0.0173,0.2719,0.0104,0.0081,0.0992,0.086,0.0068,0.088,0.8097,0.0078,0.0163,0.0247,0.4447,0.2869,0.3809,18.4755,5,411548832,2147194976,2,0,116476604,510,500,1,1,0,0,0,0
510,0.0847,12.3203,10.0532,0.0092,10.0436,10.0173,0.0188,0.0037,0.7119,2.1737,0.0296,0.0153,0.0144,0.1845,0.0072,0.1268,0.0051,0.0061,0.0751,0.5199,0.0383,0.3907,1.297,0.032,0.0567,0.0812,1.9631,1.0637,1.2158,17.5746,6,411548832,2147200608,0,0,116476604,511,501,1,1,0,0,0,0
511,0.1769,3.5458,1.7168,0.0139,1.7021,1.6777,0.018,0.0034,0.6896,1.7937,0.0182,0.0125,0.0206,0.2235,0.0162,0.1578,0.0132,0.0127,0.2094,0.1745,0.0132,0.206,0.9712,0.0145,0.0214,0.0294,0.623,0.3291,0.3508,5.3061,7,411548832,2147206944,1,0,116476604,512,502,1,1,0,0,0,0
512,0.183,5.2174,2.8167,0.0185,2.7976,2.7557,0.0334,0.0046,0.7676,2.3685,0.0198,0.0153,0.0283,0.8283,0.0215,0.1847,0.008,0.0139,0.1894,0.1445,0.0137,0.1132,1.4601,0.0085,0.0199,0.0297,0.4353,0.2941,0.5393,7.0525,0,411548832,2147199200,2,0,116476604,513,503,1,1,0,0,0,0
513,0.0612,1.3686,0.9205,0.0033,0.917,0.9103,0.0049,0.0008,0.2014,0.4303,0.0078,0.0037,0.0075,0.0795,0.0038,0.0291,0.0028,0.0025,0.0295,0.0278,0.0019,0.0271,0.193,0.0027,0.009,0.0192,0.272,0.2547,1.2818,3.7629,1,411548832,2147210464,0,0,116476604,514,504,1,1,0,0,0,0
514,0.0465,1.4406,0.7376,0.0025,0.7349,0.7257,0.0068,0.0012,0.3117,0.6862,0.0106,0.0059,0.0098,0.1048,0.0066,0.0588,0.0052,0.0052,0.0574,0.0572,0.0044,0.0399,0.3181,0.0026,0.0105,0.0162,0.2631,0.2135,0.2278,2.369,2,411548832,2147204832,1,0,116476604,515,505,1,1,0,0,0,0
515,0.0969,2.2035,1.6833,0.0031,1.6798,1.6702,0.0067,0.0018,0.2629,0.4971,0.0116,0.0066,0.0057,0.0643,0.0038,0.0322,0.0038,0.004,0.0319,0.03,0.0026,0.0303,0.1887,0.0032,0.0123,0.0208,0.9291,0.798,1.4637,6.216,3,411548832,2147197792,2,0,116476604,516,506,1,1,0,0,0,0
516,0.0619,2.1566,1.5894,0.0033,1.5859,1.5717,0.0099,0.0026,0.2817,0.5452,0.0119,0.0067,0.0069,0.0727,0.0039,0.0382,0.0046,0.0045,0.0371,0.0343,0.0026,0.0329,0.2152,0.0032,0.0124,0.0226,0.29,0.1935,0.2771,3.1721,4,411548832,2147205536,0,0,116476604,517,507,1,1,0,0,0,0
517,0.0492,1.4289,0.7109,0.0029,0.7078,0.6996,0.0062,0.0013,0.3237,0.7001,0.0116,0.0064,0.0101,0.1037,0.0063,0.0545,0.0047,0.0049,0.0532,0.0528,0.0042,0.0536,0.3178,0.0046,0.0107,0.0194,0.2975,0.1682,0.1795,2.2697,5,411548832,2147194976,1,0,116476604,518,508,1,1,0,0,0,0
518,0.0942,2.7412,1.4168,0.0059,1.4106,1.3961,0.01,0.0022,0.4533,1.2896,0.0225,0.0146,0.0126,0.2274,0.0061,0.1614,0.0079,0.0166,0.1554,0.1052,0.0051,0.0878,0.7372,0.0065,0.0215,0.0284,0.4888,1.116,1.6828,7.3563,6,411548832,2147200608,2,0,116476604,519,509,1,1,0,0,0,0
519,0.046,1.4045,0.7741,0.0022,0.7714,0.7638,0.0061,0.0008,0.221,0.6101,0.0083,0.0041,0.0074,0.0917,0.006,0.0481,0.0034,0.0046,0.0426,0.0661,0.0094,0.0892,0.3377,0.0039,0.0083,0.0191,0.2914,0.172,0.1655,2.2898,7,411548832,2147206944,0,0,116476604,520,510,1,1,0,0,0,0
520,0.2012,5.1725,2.957,0.0675,2.8889,2.8507,0.0306,0.0038,0.6448,2.1766,0.0187,0.0129,0.0207,0.3717,0.0223,0.2949,0.0129,0.0104,0.2833,0.2357,0.0096,0.2147,1.4003,0.0111,0.0216,0.0339,0.781,0.4961,0.7996,8.1021,0,411548832,2147199200,1,0,116476604,521,511,1,1,0,0,0,0
521,0.0792,3.3257,1.9118,0.0062,1.9051,1.8862,0.015,0.0021,0.6428,1.3831,0.0142,0.008,0.0146,0.2116,0.0087,0.1402,0.0058,0.0065,0.1017,0.1109,0.0052,0.0996,0.664,0.0069,0.0204,0.023,0.5085,0.239,0.2615,4.6735,1,411548832,2147210464,2,0,116476604,522,512,1,1,0,0,0,0
522,0.0742,1.4186,0.8732,0.0038,0.8692,0.8584,0.0078,0.0015,0.2596,0.5288,0.0084,0.0069,0.0074,0.0772,0.0037,0.0387,0.003,0.003,0.0386,0.0371,0.002,0.037,0.2286,0.0025,0.0095,0.0159,0.2674,0.1934,0.1847,2.2997,2,411548832,2147204832,0,0,116476604,523,513,1,1,0,0,0,0
523,0.0394,1.605,0.8706,0.0021,0.8683,0.8535,0.0115,0.0018,0.3226,0.7153,0.0099,0.0069,0.0055,0.0992,0.0041,0.0364,0.0029,0.0028,0.0467,0.0723,0.007,0.0903,0.3449,0.0048,0.0125,0.0201,0.2278,0.1395,0.1604,2.3158,3,411548832,2147197792,1,0,116476604,524,514,1,1,0,0,0,0
524,0.1,2.5689,2.0026,0.0047,1.9975,1.9857,0.0075,0.0022,0.2772,0.5451,0.0136,0.0082,0.0073,0.0728,0.0036,0.0311,0.0038,0.0048,0.0339,0.0294,0.0022,0.0503,0.2175,0.0028,0.0122,0.0223,0.2805,0.2191,0.2727,3.6384,4,411548832,2147205536,2,0,116476604,525,515,1,1,0,0,0,0
525,0.0859,2.515,1.8598,0.0039,1.8557,1.8351,0.0152,0.0023,0.4,0.6394,0.0087,0.0049,0.0077,0.0653,0.0041,0.0342,0.0033,0.0035,0.033,0.0326,0.0024,0.0333,0.1984,0.0029,0.009,0.0166,0.2379,0.1663,0.1772,3.321,5,411548832,2147194976,0,0,116476604,526,516,1,1,0,0,0,0
526,0.04,1.3345,0.6575,0.0023,0.6551,0.6473,0.0055,0.0014,0.2841,0.659,0.011,0.0059,0.0092,0.1031,0.0068,0.0543,0.0053,0.0049,0.0547,0.0529,0.0041,0.0521,0.3171,0.0046,0.0113,0.0173,0.2958,0.1815,0.2149,2.2329,6,411548832,2147200608,1,0,116476604,527,517,1,1,0,0,0,0
527,0.0397,1.3678,0.6659,0.0024,0.6634,0.655,0.0063,0.0012,0.2857,0.6842,0.0109,0.006,0.0092,0.104,0.0067,0.0552,0.0056,0.0049,0.0673,0.057,0.0043,0.0573,0.3408,0.0045,0.0105,0.0171,0.31,0.1832,0.1743,2.2148,7,411548832,2147206944,2,0,116476604,528,518,1,1,0,0,0,0
528,0.0662,20.9333,19.265,0.0034,19.2612,19.2367,0.0186,0.0033,0.672,1.5517,0.0181,0.0132,0.0145,0.1742,0.0113,0.0912,0.0083,0.019,0.2503,0.1564,0.0113,0.0948,0.7669,0.0067,0.0168,0.0266,0.4619,0.2765,0.3466,22.2927,0,411548832,2147199200,0,0,116476604,529,519,1,1,0,0,0,0
529,0.0643,1.8901,1.0527,0.003,1.0495,1.0367,0.0093,0.0024,0.3749,0.811,0.0145,0.0083,0.0108,0.1262,0.0075,0.0603,0.0062,0.0062,0.0603,0.0594,0.0045,0.059,0.3652,0.0056,0.0148,0.0261,0.3851,0.2516,0.4299,3.3295,1,411548832,2147210464,1,0,116476604,530,520,1,1,0,0,0,0
530,0.0412,1.39,0.7,0.0023,0.6975,0.6901,0.0049,0.0015,0.2953,0.6705,0.0106,0.0066,0.0101,0.1035,0.0066,0.0546,0.0047,0.0055,0.0532,0.0532,0.0041,0.052,0.3165,0.0045,0.0113,0.0187,0.3001,0.1661,0.1797,2.2124,2,411548832,2147204832,2,0,116476604,531,521,1,1,0,0,0,0
531,0.0758,2.4191,1.5079,0.0069,1.5008,1.4832,0.0133,0.002,0.4248,0.8848,0.0164,0.0084,0.0118,0.1346,0.0099,0.0656,0.0056,0.0061,0.0609,0.0606,0.0046,0.063,0.3847,0.005,0.017,0.0285,0.4545,0.4142,0.3616,4.1306,3,411548832,2147197792,0,0,116476604,532,522,1,1,0,0,0,0
532,0.039,1.0481,0.6524,0.0022,0.65,0.6437,0.0045,0.0007,0.1873,0.382,0.0079,0.0042,0.0056,0.0542,0.0032,0.0262,0.0027,0.003,0.0273,0.0266,0.0018,0.0265,0.1608,0.0024,0.0083,0.0138,0.1969,0.1179,0.146,1.6689,4,411548832,2147205536,1,0,116476604,533,523,1,1,0,0,0,0
533,0.0576,25.886,24.5539,0.0027,24.5511,24.5325,0.0124,0.0027,0.7035,1.3072,0.02,0.0134,0.0128,0.2197,0.0073,0.0706,0.0045,0.009,0.0803,0.0798,0.0026,0.0723,0.5227,0.0044,0.0145,0.0213,0.3949,0.1976,0.2401,26.9827,5,411548832,2147194976,2,0,116476604,534,524,1,1,0,0,0,0
534,0.04,1.5892,0.65,0.0024,0.6475,0.64,0.0055,0.0009,0.2884,0.9143,0.0111,0.0069,0.0132,0.1676,0.0092,0.0857,0.0042,0.0162,0.0883,0.0981,0.0048,0.1086,0.5483,0.0061,0.0166,0.0199,0.45,0.3025,0.2158,2.8154,6,411548832,2147200608,0,0,116476604,535,525,1,1,0,0,0,0
535,0.0424,13.9108,12.774,0.0029,12.7709,12.7518,0.0141,0.0026,0.498,1.1106,0.0235,0.0117,0.0136,0.1503,0.0083,0.0628,0.0065,0.0073,0.0632,0.1617,0.0075,0.0825,0.5205,0.0059,0.0155,0.0317,0.3224,0.2133,0.2911,14.9959,7,411548832,2147206944,1,0,116476604,536,526,1,1,0,0,0,0
536,0.0455,1.5189,0.7027,0.0024,0.7002,0.693,0.0056,0.0011,0.2913,0.7957,0.0114,0.0068,0.009,0.1121,0.0067,0.0568,0.0046,0.0044,0.1012,0.0864,0.0043,0.0896,0.4461,0.0054,0.0127,0.0208,0.3328,0.2153,0.241,2.5488,0,411548832,2147199200,2,0,116476604,537,527,1,1,0,0,0,0
537,0.1324,2.8575,1.0566,0.0036,1.0523,1.0368,0.0113,0.002,0.8468,1.7518,0.0261,0.0165,0.0204,0.31,0.0298,0.1132,0.0073,0.0131,0.1273,0.1094,0.006,0.1011,0.761,0.009,0.0295,0.0483,0.536,0.2532,0.2611,4.2865,1,411548832,2147210464,0,0,116476604,538,528,1,1,0,0,0,0
538,0.063,1.2364,0.7633,0.004,0.759,0.751,0.0061,0.0009,0.2235,0.4603,0.007,0.004,0.0063,0.0679,0.0035,0.0305,0.0032,0.0033,0.0296,0.0288,0.0021,0.0441,0.2009,0.0031,0.0068,0.0133,0.2341,0.1308,0.1513,1.9438,2,411548832,2147204832,1,0,116476604,539,529,1,1,0,0,0,0
539,0.0437,6.0435,4.8064,0.004,4.8023,4.7791,0.0169,0.0031,0.5736,1.2128,0.0229,0.0106,0.0104,0.2258,0.0106,0.1134,0.0091,0.0079,0.0829,0.0655,0.0049,0.061,0.5486,0.0057,0.0142,0.0224,0.3132,0.1864,0.2501,7.0348,3,411548832,2147197792,2,0,116476604,540,530,1,1,0,0,0,0
540,0.0535,1.3734,0.8154,0.0032,0.8121,0.8006,0.0086,0.0012,0.2919,0.5407,0.0079,0.0058,0.0084,0.0799,0.0038,0.0346,0.0027,0.0032,0.0324,0.0303,0.0018,0.0306,0.2078,0.003,0.0103,0.0153,0.2799,0.1522,0.1562,2.1796,4,411548832,2147205536,0,0,116476604,541,531,1,1,0,0,0,0
541,0.0469,82.1274,78.9427,0.0024,78.9401,78.8666,0.057,0.0097,1.3366,3.1457,0.0337,0.0215,0.044,0.652,0.061,0.322,0.0212,0.013,0.2437,0.1778,0.0107,0.1712,1.5667,0.0118,0.0254,0.0392,0.8527,0.3725,0.4437,84.1774,5,411548832,2147194976,1,0,116476604,542,532,1,1,0,0,0,0
542,0.2434,10.4965,9.6992,0.0582,9.6393,9.6203,0.0135,0.002,0.3557,0.7716,0.0118,0.0074,0.0106,0.1133,0.0071,0.0617,0.005,0.0055,0.0619,0.0585,0.0046,0.0567,0.3521,0.0057,0.0149,0.0214,0.323,0.1781,0.2174,11.7312,6,411548832,2147200608,2,0,116476604,543,533,1,1,0,0,0,0
543,0.0407,24.6185,23.5261,0.0025,23.5236,23.5069,0.0123,0.0024,0.3997,1.0732,0.0129,0.0079,0.0148,0.1915,0.0197,0.1234,0.0078,0.0067,0.0845,0.1,0.0087,0.0795,0.5789,0.0066,0.0125,0.0191,0.2799,0.1609,0.2006,25.4705,7,411548832,2147206944,0,0,116476604,544,534,1,1,0,0,0,0
544,0.0398,26.7346,25.9977,0.0024,25.9952,25.9789,0.0127,0.0018,0.3831,0.7067,0.0188,0.0106,0.0093,0.1017,0.0056,0.0414,0.0048,0.0042,0.0397,0.0384,0.0032,0.0374,0.2586,0.0029,0.0171,0.0323,0.35,0.2439,0.2381,27.8589,0,411548832,2147199200,1,0,116476604,545,535,1,1,0,0,0,0
545,0.048,1.3101,0.7661,0.0035,0.7624,0.7536,0.0062,0.0016,0.2424,0.5274,0.0095,0.0054,0.0072,0.0791,0.0041,0.0426,0.0028,0.003,0.0418,0.0404,0.0023,0.0401,0.244,0.0027,0.0104,0.0158,0.2837,0.1602,0.1855,2.1342,1,411548832,2147210464,2,0,116476604,546,536,1,1,0,0,0,0
546,0.0684,5.1122,2.1244,0.004,2.1201,2.1113,0.0065,0.0015,0.3859,2.9082,0.0335,0.0213,0.0396,0.6861,0.0489,0.5358,0.0555,0.0286,0.4385,0.2682,0.0234,0.2727,2.2013,0.0302,0.0517,0.0716,1.3575,1.0779,0.6409,8.9753,2,411548832,2147204832,0,0,116476604,547,537,1,1,0,0,0,0
547,0.199,4.4606,2.6071,0.0196,2.5862,2.5488,0.0299,0.004,0.5443,1.8111,0.016,0.0108,0.0168,0.3168,0.0178,0.279,0.0297,0.0155,0.2009,0.1519,0.0092,0.172,1.1206,0.0136,0.0241,0.0445,0.7103,0.3272,0.2864,6.3014,3,411548832,2147197792,1,0,116476604,548,538,1,1,0,0,0,0
548,0.0449,1.3081,0.7606,0.0027,0.7576,0.7494,0.0057,0.0012,0.2451,0.5311,0.0086,0.0048,0.0068,0.0866,0.003,0.0366,0.002,0.0021,0.0364,0.037,0.0017,0.0486,0.2452,0.0089,0.0099,0.0181,0.2777,0.1387,0.1762,2.1109,4,411548832,2147205536,2,0,116476604,549,539,1,1,0,0,0,0
549,0.0754,2.6853,1.2256,0.0237,1.2017,1.1778,0.0189,0.0028,0.4687,1.4058,0.0164,0.0109,0.0179,0.1878,0.0085,0.1725,0.0069,0.0078,0.1597,0.147,0.0107,0.1697,0.8367,0.0113,0.0314,0.0458,0.8603,0.2898,0.3296,4.5602,5,411548832,2147194976,0,0,116476604,550,540,1,1,0,0,0,0
550,0.0408,1.4362,0.9003,0.0023,0.8979,0.8894,0.006,0.0015,0.2535,0.5187,0.0133,0.008,0.0103,0.0845,0.0037,0.0373,0.0032,0.0041,0.0334,0.0301,0.0018,0.0295,0.2148,0.0021,0.0102,0.0183,0.265,0.2577,0.56,2.9814,6,411548832,2147200608,1,0,116476604,551,541,1,1,0,0,0,0
551,0.0687,3.4123,2.2572,0.0237,2.2334,2.2106,0.0181,0.0027,0.4312,1.1119,0.0182,0.0119,0.016,0.1596,0.008,0.1253,0.01,0.0071,0.1131,0.1182,0.0048,0.0723,0.5885,0.0087,0.0275,0.0338,0.5016,0.2325,0.2489,4.7252,7,411548832,2147206944,2,0,116476604,552,542,1,1,0,0,0,0
552,0.1007,2.3145,1.1765,0.0099,1.1664,1.1473,0.0147,0.0024,0.5061,1.1129,0.0181,0.0122,0.0169,0.1642,0.0101,0.0889,0.0076,0.0077,0.0867,0.0868,0.0067,0.0849,0.5115,0.0071,0.0148,0.0243,0.4387,0.2344,0.2785,3.5846,0,411548832,2147199200,0,0,116476604,553,543,1,1,0,0,0,0
553,0.0977,2.6903,1.7073,0.0083,1.6987,1.6797,0.0142,0.0025,0.4366,0.957,0.0162,0.0099,0.0133,0.1522,0.0101,0.0802,0.007,0.0055,0.0726,0.0686,0.005,0.0662,0.4398,0.0055,0.0152,0.0266,0.4048,0.2819,0.3096,4.0259,1,411548832,2147210464,1,0,116476604,554,544,1,1,0,0,0,0
554,0.0395,1.4097,0.6841,0.0025,0.6815,0.6743,0.0049,0.0013,0.2976,0.7066,0.01,0.0071,0.0108,0.1129,0.0072,0.0605,0.0057,0.0056,0.0588,0.0582,0.0043,0.0563,0.3467,0.0051,0.0113,0.0196,0.3217,0.2087,0.261,2.4273,2,411548832,2147204832,2,0,116476604,555,545,1,1,0,0,0,0
555,0.0817,2.6245,1.2474,0.0071,1.2401,1.2206,0.0145,0.0027,0.4642,1.3364,0.0161,0.0088,0.0126,0.1656,0.0118,0.0929,0.0113,0.0217,0.2414,0.1236,0.0066,0.1432,0.7667,0.008,0.028,0.0329,0.7395,0.2458,0.3635,4.3249,3,411548832,2147197792,0,0,116476604,556,546,1,1,0,0,0,0
556,0.1843,3.3444,2.2469,0.0208,2.2254,2.2006,0.0189,0.0027,0.4987,1.0729,0.0142,0.0088,0.014,0.16,0.0102,0.0885,0.0071,0.0079,0.0882,0.0816,0.0057,0.0726,0.4909,0.0066,0.0144,0.0235,0.4034,0.2774,0.2786,4.7306,4,411548832,2147205536,1,0,116476604,557,547,1,1,0,0,0,0
557,0.0678,1.8865,0.9691,0.0065,0.9624,0.9476,0.0105,0.0025,0.426,0.8941,0.0145,0.0074,0.0123,0.1282,0.0078,0.0675,0.0064,0.0061,0.0697,0.065,0.0051,0.0652,0.3956,0.0059,0.0138,0.0216,0.3499,0.2025,0.2449,2.9449,5,411548832,2147194976,2,0,116476604,558,548,1,1,0,0,0,0
558,0.0626,2.1704,1.035,0.0028,1.032,1.011,0.0152,0.0034,0.4235,1.1024,0.0149,0.0084,0.009,0.213,0.0124,0.0944,0.0096,0.0074,0.1429,0.0589,0.0032,0.09,0.5992,0.007,0.0221,0.0315,0.6759,0.2907,0.467,3.9756,6,411548832,2147200608,0,0,116476604,559,549,1,1,0,0,0,0
559,0.0475,1.1418,0.7217,0.002,0.7196,0.7124,0.0055,0.0009,0.1999,0.4049,0.0084,0.0043,0.0057,0.058,0.0032,0.028,0.0028,0.0028,0.0279,0.0278,0.002,0.0275,0.1692,0.0029,0.0081,0.0138,0.2199,0.1207,0.1647,1.8574,7,411548832,2147206944,1,0,116476604,560,550,1,1,0,0,0,0
560,0.0668,2.1775,1.1289,0.0035,1.1252,1.1108,0.011,0.0021,0.4555,1.0266,0.0219,0.0161,0.0109,0.1295,0.0047,0.052,0.0045,0.024,0.0744,0.1034,0.0079,0.108,0.4673,0.0071,0.0137,0.0198,0.3473,0.2238,0.2831,3.2797,0,411548832,2147199200,2,0,116476604,561,551,1,1,0,0,0,0
561,0.1081,1.9242,1.1773,0.0031,1.1737,1.1597,0.0114,0.0013,0.2941,0.7292,0.0195,0.0118,0.0136,0.1589,0.0072,0.0484,0.0099,0.003,0.0593,0.0407,0.0067,0.0426,0.3499,0.0057,0.0099,0.0176,0.28,0.1501,0.247,2.8546,1,411548832,2147210464,0,0,116476604,562,552,1,1,0,0,0,0
562,0.0452,1.6239,0.753,0.0032,0.7496,0.7406,0.0072,0.0011,0.3849,0.852,0.0192,0.013,0.0147,0.1518,0.0073,0.0617,0.0055,0.0052,0.0594,0.0571,0.0044,0.056,0.386,0.005,0.0109,0.0168,0.3197,0.1351,0.1721,2.4272,2,411548832,2147204832,1,0,116476604,563,553,1,1,0,0,0,0
563,0.0427,1.8649,0.8797,0.0023,0.8772,0.8588,0.0148,0.0018,0.3127,0.965,0.0138,0.0077,0.0081,0.1993,0.0134,0.1099,0.0062,0.0096,0.1005,0.0947,0.006,0.0702,0.5746,0.005,0.012,0.0192,0.2744,0.1418,0.1754,2.6852,3,411548832,2147197792,2,0,116476604,564,554,1,1,0,0,0,0
564,0.0435,1.2715,0.8286,0.0029,0.8256,0.8171,0.0068,0.0009,0.1916,0.429,0.0076,0.004,0.0055,0.0899,0.0039,0.029,0.0029,0.0029,0.029,0.0273,0.002,0.0278,0.203,0.0026,0.0077,0.0131,0.2064,0.121,0.1571,1.924,4,411548832,2147205536,0,0,116476604,565,555,1,1,0,0,0,0
565,0.0458,1.1138,0.6808,0.0026,0.678,0.6697,0.0062,0.0015,0.2012,0.4205,0.0088,0.0047,0.006,0.0656,0.0037,0.0291,0.0029,0.0026,0.0317,0.0286,0.0022,0.0277,0.1827,0.0025,0.007,0.014,0.2026,0.1094,0.1584,1.7487,5,411548832,2147194976,1,0,116476604,566,556,1,1,0,0,0,0
566,0.0396,84.7664,84.0285,0.0023,84.0261,84.0118,0.0114,0.0015,0.2719,0.7171,0.0082,0.005,0.0056,0.0622,0.0042,0.0331,0.0033,0.0176,0.114,0.0685,0.0088,0.104,0.3818,0.0058,0.0132,0.0171,0.2878,0.137,0.1771,85.6111,6,411548832,2147200608,2,0,116476604,567,557,1,1,0,0,0,0
567,0.0463,23.5415,22.8916,0.0037,22.8877,22.8764,0.0089,0.0012,0.2105,0.6275,0.0071,0.0046,0.0066,0.0745,0.0037,0.0384,0.0028,0.0029,0.0609,0.0583,0.0117,0.1315,0.3636,0.0078,0.0123,0.0199,0.3597,0.1964,0.2173,24.6485,7,411548832,2147206944,0,0,116476604,568,558,1,1,0,0,0,0
568,0.038,25.0546,24.2179,0.0021,24.2157,24.2007,0.0116,0.0018,0.3971,0.8162,0.0121,0.0074,0.0105,0.1259,0.0073,0.0586,0.0051,0.0052,0.0578,0.0565,0.0046,0.0569,0.3557,0.0048,0.0119,0.0187,0.242,0.145,0.1813,25.8042,0,411548832,2147199200,1,0,116476604,569,559,1,1,0,0,0,0
569,0.0396,22.6288,21.6591,0.0021,21.6569,21.636,0.016,0.0019,0.4721,0.9429,0.0155,0.0083,0.0113,0.1355,0.0079,0.0708,0.0069,0.0057,0.0693,0.0605,0.0047,0.0606,0.3967,0.0055,0.0156,0.0234,0.3727,0.2486,0.3036,23.8091,1,411548832,2147210464,2,0,116476604,570,560,1,1,0,0,0,0
570,0.0487,1.1009,0.6725,0.0026,0.6697,0.662,0.0054,0.0013,0.2041,0.4145,0.0089,0.0046,0.0058,0.0616,0.0033,0.0291,0.0028,0.0026,0.0296,0.0276,0.0015,0.0279,0.1758,0.002,0.0073,0.0148,0.2472,0.1575,0.1734,1.8767,2,411548832,2147204832,0,0,116476604,571,561,1,1,0,0,0,0
571,0.0531,7.2521,6.4328,0.0041,6.4286,6.4106,0.0133,0.0023,0.4859,0.8043,0.0214,0.012,0.0148,0.1015,0.0052,0.0364,0.0046,0.0045,0.039,0.0351,0.0027,0.0324,0.2444,0.0031,0.0083,0.0181,0.2832,0.1669,0.2056,8.1536,3,411548832,2147197792,1,0,116476604,572,562,1,1,0,0,0,0
572,0.0472,1.5326,0.8781,0.0038,0.8737,0.8599,0.0105,0.0017,0.2853,0.6363,0.0104,0.0061,0.0106,0.1031,0.0081,0.0417,0.0034,0.0046,0.0588,0.0416,0.0068,0.0444,0.2896,0.0058,0.011,0.0189,0.2728,0.1906,0.1793,2.3909,4,411548832,2147205536,2,0,116476604,573,563,1,1,0,0,0,0
573,0.0626,3.446,0.9576,0.0035,0.9537,0.9425,0.0089,0.0013,0.3927,2.4138,0.0156,0.0097,0.0118,0.1847,0.0073,0.1263,0.016,0.041,0.2764,0.6313,0.0421,0.6117,1.8304,0.0297,0.0482,0.0721,1.5163,0.8507,1.5364,8.4045,5,411548832,2147194976,0,0,116476604,574,564,1,1,0,0,0,0
574,0.0883,2.3711,1.6033,0.0051,1.598,1.5808,0.0128,0.0029,0.3393,0.7481,0.012,0.007,0.0117,0.1112,0.007,0.0591,0.0055,0.0055,0.0605,0.0575,0.0045,0.0567,0.345,0.0048,0.0116,0.0187,0.2527,0.1196,0.1495,3.1033,6,411548832,2147200608,1,0,116476604,575,565,1,1,0,0,0,0
575,0.0634,2.5195,1.6008,0.0027,1.598,1.5851,0.0085,0.0021,0.4118,0.8846,0.0186,0.0111,0.0161,0.1391,0.0081,0.0648,0.0067,0.0074,0.063,0.0593,0.0048,0.0613,0.3875,0.005,0.0171,0.0307,0.4186,0.2241,0.2642,3.6919,7,411548832,2147206944,2,0,116476604,576,566,1,1,0,0,0,0
576,0.1075,2.5256,1.5693,0.0131,1.5552,1.5316,0.0187,0.0024,0.4016,0.9338,0.018,0.0123,0.0163,0.1366,0.0089,0.0792,0.0069,0.0067,0.0765,0.0757,0.0058,0.075,0.443,0.0062,0.0133,0.023,0.5349,0.2741,0.2712,3.9354,0,411548832,2147199200,0,0,116476604,577,567,1,1,0,0,0,0
577,0.0519,1.5896,0.8417,0.0047,0.8367,0.8222,0.0112,0.002,0.3069,0.7193,0.012,0.0074,0.0103,0.1065,0.008,0.0489,0.0035,0.0049,0.0586,0.0585,0.0026,0.0734,0.3459,0.012,0.0177,0.0303,0.5367,0.815,1.4669,5.1773,1,411548832,2147210464,1,0,116476604,578,568,1,1,0,0,0,0
578,0.215,6.6318,4.0288,0.0181,4.0092,3.9351,0.0564,0.0075,1.343,2.5674,0.0338,0.029,0.0609,0.3725,0.0196,0.167,0.0135,0.0149,0.1663,0.1589,0.0126,0.1464,1.0111,0.0104,0.0209,0.0325,0.6456,0.3668,0.4493,8.5926,2,411548832,2147204832,2,0,116476604,579,569,1,1,0,0,0,0
579,0.0489,1.2978,0.6718,0.0024,0.6692,0.6607,0.0061,0.0015,0.2053,0.6116,0.0094,0.0059,0.0057,0.0643,0.0038,0.0773,0.0109,0.0059,0.0862,0.0689,0.0039,0.0557,0.3524,0.003,0.0085,0.0156,0.381,0.201,0.2117,2.3176,3,411548832,2147197792,0,0,116476604,580,570,1,1,0,0,0,0
580,0.1251,3.6828,1.5687,0.0172,1.551,1.5219,0.023,0.0029,0.6753,2.0801,0.0205,0.0118,0.0246,0.2817,0.0148,0.4797,0.0113,0.0215,0.2404,0.1406,0.0072,0.1286,1.271,0.0092,0.0216,0.0293,0.4686,0.3695,0.5322,5.6897,4,411548832,2147205536,1,0,116476604,581,571,1,1,0,0,0,0
581,0.0396,1.2324,0.6637,0.0019,0.6617,0.6537,0.006,0.0011,0.1818,0.55,0.0078,0.0044,0.0054,0.0811,0.0091,0.077,0.0051,0.0055,0.0549,0.0522,0.004,0.0516,0.3168,0.005,0.0108,0.0179,0.2957,0.1765,0.2618,2.1526,5,411548832,2147194976,2,0,116476604,582,572,1,1,0,0,0,0
582,0.1743,2.0094,0.934,0.0033,0.9305,0.9122,0.0142,0.0021,0.4257,1.0511,0.0129,0.0081,0.014,0.2412,0.0185,0.1078,0.005,0.0081,0.0857,0.069,0.0045,0.0379,0.5416,0.0052,0.0162,0.0244,0.2517,0.1445,0.1888,2.9425,6,411548832,2147200608,0,0,116476604,583,573,1,1,0,0,0,0
583,0.0442,1.7736,1.0082,0.0034,1.0046,0.9895,0.011,0.002,0.436,0.7364,0.0156,0.0095,0.0088,0.0927,0.0053,0.0345,0.0042,0.0043,0.0374,0.036,0.0024,0.04,0.2406,0.0037,0.0167,0.0272,0.3906,0.1923,0.1465,2.7345,7,411548832,2147206944,1,0,116476604,584,574,1,1,0,0,0,0
584,0.1082,1.9489,1.2893,0.0047,1.2841,1.2713,0.0093,0.0021,0.3512,0.6355,0.0128,0.0084,0.0077,0.0819,0.0046,0.0369,0.0038,0.0044,0.0408,0.0366,0.0025,0.0361,0.2323,0.0031,0.0127,0.0231,0.3245,0.2184,0.2779,3.0776,0,411548832,2147199200,2,0,116476604,585,575,1,1,0,0,0,0
585,0.0446,2.7586,1.3934,0.0028,1.3903,1.3769,0.0093,0.0023,0.4608,1.3382,0.0193,0.0086,0.0122,0.3441,0.0088,0.1518,0.0123,0.0071,0.078,0.091,0.0053,0.1243,0.7892,0.0061,0.0175,0.0231,0.4171,0.19,0.1472,3.7384,1,411548832,2147210464,0,0,116476604,586,576,1,1,0,0,0,0
586,0.0536,2.0976,1.3014,0.0028,1.2985,1.2836,0.0117,0.0017,0.3372,0.7759,0.0141,0.0088,0.0103,0.132,0.0075,0.0611,0.0053,0.0054,0.0601,0.0584,0.0045,0.0594,0.371,0.0049,0.0123,0.0204,0.3592,0.2534,0.133,3.0373,2,411548832,2147204832,1,0,116476604,587,577,1,1,0,0,0,0
587,0.071,1.8198,1.0647,0.0022,1.0623,1.0532,0.0065,0.0012,0.303,0.7302,0.0102,0.005,0.006,0.076,0.0044,0.0332,0.0043,0.015,0.0709,0.1129,0.0062,0.0702,0.3632,0.0073,0.0161,0.0233,0.39,0.2879,0.5541,3.3983,3,411548832,2147197792,2,0,116476604,588,578,1,1,0,0,0,0
588,0.0399,5.8705,1.702,0.0024,1.6995,1.6825,0.0141,0.0018,1.2107,4.0843,0.0425,0.0265,0.0594,0.7036,0.0397,0.5766,0.0226,0.0226,0.5325,0.334,0.0318,0.4335,2.5802,0.0205,0.0496,0.0728,1.8257,0.8106,0.6645,9.7946,4,411548832,2147205536,0,0,116476604,589,579,1,1,0,0,0,0
589,0.3315,6.4128,2.7902,0.0336,2.7553,2.6857,0.0561,0.0073,1.3068,3.5835,0.036,0.0271,0.0608,0.8059,0.032,0.3647,0.0214,0.038,0.3539,0.2439,0.0157,0.2417,2.0101,0.0146,0.025,0.0358,0.8204,0.4533,0.4784,8.8603,5,411548832,2147194976,1,0,116476604,590,580,1,1,0,0,0,0
590,0.0378,1.224,0.6594,0.0022,0.6568,0.6478,0.0064,0.0011,0.2886,0.5503,0.0108,0.0064,0.0095,0.1029,0.0038,0.03,0.0026,0.0032,0.0297,0.0275,0.0019,0.0272,0.2173,0.0025,0.0085,0.0135,0.1947,0.1158,0.1351,1.8167,6,411548832,2147200608,2,0,116476604,591,581,1,1,0,0,0,0
591,0.041,67.5973,66.7567,0.0022,66.7544,66.7395,0.0099,0.0018,0.4556,0.8052,0.0176,0.0109,0.0152,0.1091,0.0065,0.0449,0.0059,0.0046,0.0417,0.0404,0.0025,0.04,0.2761,0.0038,0.0209,0.0361,0.3186,0.1814,0.2144,68.5606,7,411548832,2147206944,0,0,116476604,592,582,1,1,0,0,0,0
592,0.0425,1.0991,0.6829,0.0028,0.6799,0.6715,0.0058,0.0013,0.1988,0.4026,0.0077,0.0053,0.0052,0.0589,0.0033,0.0276,0.0031,0.0028,0.0277,0.0271,0.002,0.028,0.1693,0.0021,0.0083,0.0142,0.194,0.1163,0.1351,1.7065,0,411548832,2147199200,1,0,116476604,593,583,1,1,0,0,0,0
593,0.0706,8.4866,6.2013,0.0083,6.1923,6.1739,0.0131,0.0022,0.4982,2.1763,0.0231,0.0136,0.0095,0.1315,0.0074,0.0474,0.0057,0.0099,0.1893,0.1122,0.0085,1.0496,1.53,0.0567,0.0674,0.0737,2.326,1.2103,1.0791,14.1601,1,411548832,2147210464,2,0,116476604,594,584,1,1,0,0,0,0
594,0.071,2.0949,1.2924,0.0025,1.2897,1.273,0.0125,0.0025,0.4525,0.7857,0.0215,0.0132,0.0112,0.1103,0.0052,0.0393,0.006,0.0063,0.0405,0.0375,0.0023,0.0311,0.2587,0.0026,0.0086,0.0204,0.3064,0.2046,0.2608,3.116,2,411548832,2147204832,0,0,116476604,595,585,1,1,0,0,0,0
595,0.0586,1.5257,0.8263,0.0031,0.823,0.8142,0.0064,0.0013,0.2809,0.6795,0.0099,0.0065,0.007,0.0901,0.0041,0.0765,0.0042,0.0037,0.0433,0.0715,0.0078,0.0659,0.3473,0.0041,0.0115,0.017,0.2741,0.1718,0.213,2.4065,3,411548832,2147197792,1,0,116476604,596,586,1,1,0,0,0,0
596,0.0492,1.1808,0.7659,0.0021,0.7637,0.7568,0.0046,0.0014,0.1851,0.4,0.0076,0.0036,0.0068,0.0636,0.0028,0.0311,0.0021,0.0022,0.0303,0.0296,0.0016,0.029,0.1836,0.002,0.0089,0.017,0.2621,0.1905,0.2418,2.1142,4,411548832,2147205536,2,0,116476604,597,587,1,1,0,0,0,0
597,0.2103,7.0745,3.7289,0.0231,3.705,3.639,0.0513,0.0073,1.1891,3.294,0.0321,0.0192,0.0301,0.4937,0.0476,0.3322,0.0148,0.0205,0.408,0.4119,0.0167,0.2372,1.883,0.0198,0.0334,0.0394,0.8865,0.3327,0.3203,9.1062,5,411548832,2147194976,0,0,116476604,598,588,1,1,0,0,0,0
598,0.0411,1.3865,0.7135,0.0024,0.711,0.7019,0.0062,0.0019,0.3086,0.6555,0.0117,0.0074,0.0097,0.1088,0.007,0.0553,0.0049,0.0055,0.0545,0.0427,0.0019,0.028,0.2893,0.0034,0.0094,0.0211,0.3237,0.498,0.9286,3.7584,6,411548832,2147200608,1,0,116476604,599,589,1,1,0,0,0,0
599,0.1782,3.8611,2.0498,0.018,2.0312,2.0045,0.0203,0.0031,0.633,1.7745,0.0222,0.0142,0.0211,0.3154,0.0159,0.277,0.0244,0.009,0.1913,0.1139,0.0068,0.1071,1.0047,0.0091,0.0235,0.0326,0.5032,0.256,0.2472,5.2932,7,411548832,2147206944,2,0,116476604,600,590,1,1,0,0,0,0
600,2.5067,6.207,4.2417,0.0543,4.1857,4.1674,0.0092,0.0044,1.0044,1.9303,0.0204,0.0144,0.0216,0.2438,0.0156,0.1313,0.0103,0.0089,0.1176,0.1006,0.0082,0.2056,0.7989,0.0142,0.0221,0.0322,0.8094,0.3258,0.285,10.405,0,411548832,2147199200,0,0,116476604,601,591,1,1,0,0,0,0
601,0.0674,2.3034,1.6875,0.0042,1.6828,1.6707,0.0093,0.0014,0.3144,0.5967,0.0115,0.0069,0.0105,0.0735,0.0054,0.0399,0.0037,0.0039,0.0436,0.0382,0.003,0.0349,0.2301,0.0035,0.0107,0.0183,0.2992,0.1862,0.2869,3.3287,1,411548832,2147210464,1,0,116476604,602,592,1,1,0,0,0,0
602,0.0739,2.2981,1.0106,0.0074,1.003,0.9864,0.0121,0.0023,0.4847,1.2517,0.0173,0.0112,0.0196,0.2099,0.0222,0.1376,0.0105,0.011,0.1246,0.1014,0.009,0.0741,0.6476,0.0082,0.0225,0.0336,0.6002,0.2431,0.2406,3.6991,2,411548832,2147204832,2,0,116476604,603,593,1,1,0,0,0,0
603,0.0677,2.3499,0.9595,0.0061,0.9532,0.9376,0.0118,0.0021,0.4786,1.3603,0.0151,0.0101,0.0165,0.1674,0.0085,0.1076,0.0169,0.012,0.2336,0.1299,0.0101,0.1357,0.7742,0.0089,0.019,0.0306,0.4518,0.2217,0.2175,3.5221,3,411548832,2147197792,0,0,116476604,604,594,1,1,0,0,0,0
604,0.0632,2.1095,1.0483,0.0081,1.04,1.0241,0.0118,0.0022,0.4486,1.0402,0.0212,0.0127,0.0112,0.1712,0.0085,0.0835,0.0086,0.0104,0.0797,0.0768,0.0032,0.0748,0.486,0.021,0.0142,0.0173,0.5281,0.1539,0.1713,3.2394,4,411548832,2147205536,1,0,116476604,605,595,1,1,0,0,0,0
605,0.0563,1.5654,0.9269,0.0048,0.9219,0.9077,0.0106,0.0017,0.3093,0.623,0.0099,0.0072,0.0082,0.1004,0.006,0.0492,0.0034,0.0036,0.0401,0.0374,0.0029,0.0373,0.2644,0.0039,0.0093,0.0152,0.2247,0.1484,0.2276,2.3728,5,411548832,2147194976,2,0,116476604,606,596,1,1,0,0,0,0
606,0.0457,1.2427,0.7392,0.0035,0.7356,0.7249,0.0076,0.0021,0.2221,0.4884,0.0098,0.005,0.0069,0.0741,0.0046,0.039,0.0037,0.0035,0.0382,0.0377,0.0028,0.0339,0.2229,0.003,0.0091,0.015,0.2364,0.2163,0.2459,2.2134,6,411548832,2147200608,0,0,116476604,607,597,1,1,0,0,0,0
607,0.097,1.6282,1.1611,0.0076,1.1532,1.1454,0.0055,0.0009,0.2233,0.4538,0.0073,0.0047,0.0059,0.063,0.0039,0.0336,0.0039,0.0036,0.0322,0.0315,0.0026,0.0312,0.1915,0.003,0.0068,0.014,0.2156,0.1278,0.2373,2.4375,7,411548832,2147206944,1,0,116476604,608,598,1,1,0,0,0,0
608,0.0445,1.4013,0.6768,0.0027,0.674,0.6664,0.0058,0.001,0.31,0.7033,0.0129,0.0076,0.0103,0.1126,0.0066,0.0565,0.0054,0.0054,0.0553,0.0533,0.004,0.0523,0.33,0.0047,0.0121,0.0219,0.3037,0.2069,0.3337,2.5123,0,411548832,2147199200,2,0,116476604,609,599,1,1,0,0,0,0
609,0.0498,1.8351,0.9648,0.0029,0.9617,0.9478,0.0099,0.0021,0.4535,0.8319,0.0202,0.0121,0.0157,0.1166,0.0077,0.0429,0.0075,0.0064,0.0481,0.0444,0.0031,0.0414,0.2934,0.0048,0.0221,0.038,0.445,0.3433,0.1838,3.1401,1,411548832,2147210464,0,0,116476604,610,600,1,1,0,0,0,0
610,0.0518,1.8416,0.996,0.0034,0.9923,0.9759,0.0129,0.0019,0.3581,0.7977,0.0108,0.0081,0.0145,0.0859,0.0091,0.0586,0.0092,0.0059,0.0854,0.0628,0.0046,0.068,0.3607,0.0086,0.0307,0.0479,0.3272,0.2888,0.4178,3.3249,2,411548832,2147204832,1,0,116476604,611,601,1,1,0,0,0,0
611,0.0431,1.681,0.6582,0.0024,0.6556,0.6475,0.0063,0.0009,0.3851,0.9947,0.0113,0.0071,0.0134,0.1697,0.0107,0.0733,0.0066,0.0057,0.0609,0.1514,0.0076,0.0784,0.5337,0.0057,0.0158,0.0281,0.4245,0.3317,0.3905,3.143,3,411548832,2147197792,2,0,116476604,612,602,1,1,0,0,0,0
612,0.0416,1.699,0.6264,0.0031,0.623,0.6165,0.0052,0.0009,0.4141,1.0458,0.0294,0.014,0.0148,0.1867,0.0106,0.1052,0.0056,0.0147,0.1056,0.0657,0.0052,0.0599,0.5231,0.0064,0.0167,0.0246,0.4029,0.2229,1.5731,4.3188,4,411548832,2147205536,0,0,116476604,613,603,1,1,0,0,0,0
613,0.0451,1.2438,0.6438,0.0024,0.6412,0.6326,0.0059,0.0015,0.1843,0.5627,0.009,0.0043,0.0057,0.0966,0.0173,0.0939,0.0059,0.0044,0.0468,0.0394,0.002,0.0403,0.317,0.0057,0.0212,0.035,0.27,0.1637,0.2569,2.1676,5,411548832,2147194976,1,0,116476604,614,604,1,1,0,0,0,0
614,0.0442,1.1826,0.6449,0.0042,0.6405,0.6311,0.007,0.0012,0.2181,0.5041,0.0091,0.006,0.0083,0.0709,0.0052,0.0466,0.0064,0.0036,0.0394,0.0386,0.0026,0.04,0.2355,0.0046,0.0211,0.0371,0.3746,0.1859,0.2421,2.282,6,411548832,2147200608,2,0,116476604,615,605,1,1,0,0,0,0
615,0.0393,1.475,0.6743,0.0024,0.6718,0.657,0.0118,0.0014,0.3176,0.7743,0.0249,0.0142,0.0151,0.1468,0.0064,0.0569,0.006,0.0052,0.0558,0.0552,0.0043,0.0546,0.3693,0.0048,0.0146,0.0271,0.3249,0.2688,0.3555,2.7259,7,411548832,2147206944,0,0,116476604,616,606,1,1,0,0,0,0
616,0.0455,1.3335,0.8408,0.0028,0.8379,0.8315,0.0047,0.0011,0.2051,0.4506,0.0095,0.0055,0.0054,0.0674,0.0031,0.0348,0.0057,0.0048,0.0329,0.0336,0.0026,0.0327,0.2014,0.0032,0.024,0.2433,2.1339,1.1661,0.8979,6.6429,0,411548832,2147199200,1,0,116476604,617,607,1,1,0,0,0,0
617,0.0508,1.1816,0.6944,0.0027,0.6915,0.6853,0.0044,0.001,0.1964,0.4536,0.0109,0.0068,0.0074,0.0754,0.0034,0.0342,0.0028,0.0048,0.034,0.0347,0.003,0.0308,0.2091,0.0052,0.02,0.0366,0.4276,0.2203,0.8941,3.155,1,411548832,2147210464,2,0,116476604,618,608,1,1,0,0,0,0
618,0.1953,6.2322,2.4629,0.0245,2.4373,2.3994,0.0266,0.0067,1.2919,3.727,0.0504,0.0317,0.0658,1.1878,0.0521,0.2404,0.0162,0.0258,0.2768,0.2494,0.0174,0.1803,2.1347,0.0187,0.0276,0.0386,0.7988,0.4441,0.3572,8.4775,2,411548832,2147204832,0,0,116476604,619,609,1,1,0,0,0,0
619,0.082,3.8757,1.0748,0.0026,1.072,1.0594,0.0085,0.0018,0.4025,2.5879,0.0117,0.0085,0.0102,0.1631,0.064,0.4483,0.022,0.0244,0.4066,0.3688,0.0205,0.5727,1.9595,0.0354,0.1843,0.07,1.4305,0.8206,0.944,7.8775,3,411548832,2147197792,1,0,116476604,620,610,1,1,0,0,0,0
620,0.0479,1.1387,0.6974,0.0035,0.6936,0.6842,0.0066,0.0011,0.1685,0.4111,0.0086,0.0045,0.0056,0.0704,0.0051,0.0297,0.0029,0.0038,0.0349,0.0328,0.0027,0.0327,0.2005,0.0041,0.0182,0.0307,0.6635,1.4654,0.9256,5.2345,4,411548832,2147205536,2,0,116476604,621,611,1,1,0,0,0,0
621,0.0425,1.3846,0.7569,0.0028,0.7539,0.7415,0.01,0.0011,0.2247,0.5983,0.0094,0.0061,0.01,0.1026,0.0067,0.0609,0.0041,0.0034,0.0664,0.0388,0.0069,0.0491,0.3178,0.0038,0.0192,0.0136,0.243,0.1707,0.2771,2.3607,5,411548832,2147194976,0,0,116476604,622,612,1,1,0,0,0,0
622,0.045,1.2986,0.7499,0.0035,0.7462,0.7387,0.0058,0.0008,0.1888,0.5128,0.0083,0.0055,0.0076,0.0971,0.0072,0.0509,0.0042,0.0043,0.0407,0.0415,0.0039,0.0434,0.2736,0.0037,0.0262,0.0149,0.3098,0.2232,0.8298,3.0285,6,411548832,2147200608,1,0,116476604,623,613,1,1,0,0,0,0
623,0.0404,1.2809,0.7688,0.0027,0.7659,0.7586,0.0051,0.0011,0.1984,0.478,0.0077,0.0048,0.0074,0.0633,0.0029,0.0607,0.0066,0.0035,0.0424,0.0404,0.0023,0.0298,0.2366,0.0033,0.0192,0.0335,0.2347,0.17,0.2297,2.1823,7,411548832,2147206944,2,0,116476604,624,614,1,1,0,0,0,0
624,0.0415,1.4477,0.6811,0.0023,0.6786,0.6697,0.0064,0.0014,0.298,0.7456,0.0109,0.0068,0.0107,0.1412,0.008,0.0627,0.007,0.0073,0.0624,0.0578,0.0043,0.0559,0.38,0.0051,0.0117,0.0247,0.3479,0.2309,0.5706,2.894,0,411548832,2147199200,0,0,116476604,625,615,1,1,0,0,0,0
625,0.0405,1.4814,0.703,0.0026,0.7003,0.6916,0.0069,0.001,0.2956,0.759,0.0115,0.0071,0.0101,0.1375,0.0084,0.0685,0.0069,0.0061,0.0665,0.0639,0.0046,0.06,0.3964,0.0054,0.0114,0.0187,0.341,0.3383,0.3807,2.9441,1,411548832,2147210464,1,0,116476604,626,616,1,1,0,0,0,0
626,0.0398,1.3913,0.6616,0.0025,0.659,0.6516,0.0051,0.0015,0.2724,0.7106,0.0112,0.0067,0.0106,0.119,0.0082,0.0657,0.0058,0.0061,0.0645,0.0649,0.0047,0.0588,0.3729,0.0049,0.0115,0.0242,0.2514,0.1924,0.3583,2.4813,2,411548832,2147204832,2,0,116476604,627,617,1,1,0,0,0,0
627,0.0612,1.4718,0.8681,0.0032,0.8644,0.8556,0.0067,0.0012,0.229,0.5685,0.0127,0.0125,0.0109,0.1157,0.0059,0.044,0.0054,0.0064,0.0397,0.0386,0.0027,0.0353,0.2733,0.0035,0.0192,0.0293,0.3013,0.2103,0.333,2.617,3,411548832,2147197792,0,0,116476604,628,618,1,1,0,0,0,0
628,0.0505,1.5291,0.7129,0.0027,0.7101,0.7021,0.006,0.001,0.3008,0.7956,0.0116,0.0072,0.014,0.1716,0.0119,0.067,0.0058,0.0052,0.063,0.0622,0.0043,0.0585,0.4223,0.0051,0.0127,0.0192,0.3321,0.2011,0.3121,2.6165,4,411548832,2147205536,1,0,116476604,629,619,1,1,0,0,0,0
629,0.0394,1.4048,0.6722,0.0022,0.6699,0.6633,0.0047,0.0014,0.2652,0.7152,0.0107,0.0065,0.0134,0.1443,0.0102,0.0665,0.0069,0.0071,0.0583,0.0573,0.0043,0.0525,0.3789,0.0046,0.0109,0.0171,0.3215,0.2074,0.2443,2.3985,5,411548832,2147194976,2,0,116476604,630,620,1,1,0,0,0,0
630,0.0529,1.4485,0.7796,0.003,0.7763,0.7697,0.0051,0.001,0.2131,0.637,0.0103,0.0055,0.0075,0.0829,0.0038,0.0711,0.0179,0.0069,0.0921,0.0543,0.0034,0.0575,0.3579,0.0036,0.0141,0.036,0.775,1.1402,0.9001,5.1191,6,411548832,2147200608,0,0,116476604,631,621,1,1,0,0,0,0
631,0.0472,2.964,0.6627,0.0031,0.6593,0.6518,0.0052,0.0011,0.2337,2.2183,0.0391,0.0127,0.0091,0.1385,0.0044,0.0661,0.0248,0.0434,0.4948,0.4154,0.0173,0.6524,1.7672,0.0486,0.0556,0.0828,1.824,1.1558,0.9113,7.661,7,411548832,2147206944,1,0,116476604,632,622,1,1,0,0,0,0
632,0.0407,1.357,0.6609,0.0025,0.6583,0.6502,0.006,0.001,0.2342,0.6683,0.0103,0.0066,0.0077,0.142,0.0107,0.0647,0.0053,0.0051,0.0605,0.0538,0.0034,0.0527,0.3737,0.0053,0.0197,0.0177,0.4991,1.9753,1.0792,5.6557,0,411548832,2147199200,2,0,116476604,633,623,1,1,0,0,0,0
633,0.0397,1.1231,0.6647,0.0024,0.6621,0.6539,0.0063,0.0011,0.1748,0.4286,0.0078,0.0043,0.0057,0.067,0.0051,0.0375,0.005,0.0047,0.0357,0.0338,0.0024,0.0345,0.2085,0.0039,0.0157,0.0329,0.2447,0.135,0.1708,1.8861,1,411548832,2147210464,0,0,116476604,634,624,1,1,0,0,0,0
634,0.0418,1.2644,0.6069,0.003,0.6037,0.5964,0.0055,0.0008,0.2918,0.6352,0.0111,0.0065,0.0111,0.1447,0.0059,0.0377,0.0052,0.0049,0.037,0.0367,0.0024,0.0314,0.2875,0.0032,0.0091,0.0196,0.22,0.1435,0.1912,2.0148,2,411548832,2147204832,1,0,116476604,635,625,1,1,0,0,0,0
635,0.0419,1.1167,0.6274,0.0021,0.6252,0.619,0.0041,0.0012,0.1867,0.4536,0.0079,0.0046,0.005,0.0571,0.0034,0.0291,0.0043,0.0047,0.0326,0.0403,0.0033,0.0655,0.2246,0.0051,0.0212,0.0323,0.327,0.1832,0.2017,2.0504,3,411548832,2147197792,2,0,116476604,636,626,1,1,0,0,0,0
636,0.0566,1.4819,0.9437,0.0025,0.941,0.9315,0.0074,0.0011,0.2634,0.501,0.0117,0.006,0.0075,0.0667,0.004,0.0284,0.0037,0.0036,0.0314,0.0317,0.0027,0.0318,0.19,0.0048,0.022,0.035,0.3881,0.2989,0.3573,2.8581,4,411548832,2147205536,0,0,116476604,637,627,1,1,0,0,0,0
637,0.0497,4.6905,0.7472,0.0026,0.7445,0.7363,0.0058,0.0011,0.3932,3.8405,0.0437,0.0217,0.0416,0.5212,0.0384,0.3003,0.026,0.0412,0.7542,0.8462,0.0421,0.699,3.1209,0.04,0.0587,0.0903,2.1711,0.8591,0.5364,8.8808,5,411548832,2147194976,1,0,116476604,638,628,1,1,0,0,0,0
638,0.0383,1.4234,0.6955,0.0024,0.693,0.686,0.0053,0.0009,0.2609,0.7105,0.0111,0.0063,0.0131,0.1445,0.0113,0.0642,0.0066,0.0068,0.0579,0.0565,0.0043,0.0526,0.3757,0.0049,0.0103,0.0209,0.2555,0.1874,0.3352,2.4703,6,411548832,2147200608,2,0,116476604,639,629,1,1,0,0,0,0
639,0.0486,1.5495,0.7278,0.0025,0.7251,0.7177,0.0056,0.0009,0.3004,0.8023,0.012,0.0076,0.0142,0.1619,0.0109,0.0733,0.007,0.0072,0.0666,0.0632,0.0047,0.0591,0.4241,0.0053,0.0115,0.0198,0.3509,0.2608,0.1895,2.5611,7,411548832,2147206944,0,0,116476604,640,630,1,1,0,0,0,0
640,0.0479,2.4528,1.0061,0.0033,1.0026,0.9789,0.019,0.0022,0.3064,1.4038,0.0142,0.0091,0.0081,0.3985,0.0166,0.168,0.0123,0.0375,0.1331,0.1953,0.0096,0.0718,0.9667,0.0092,0.0252,0.0494,0.4232,0.4348,0.6252,4.5826,0,411548832,2147199200,1,0,116476604,641,631,1,1,0,0,0,0
641,0.0385,1.793,0.8289,0.0023,0.8265,0.8184,0.0065,0.0008,0.1959,0.9233,0.0127,0.0083,0.0081,0.094,0.0049,0.271,0.0074,0.009,0.1103,0.0797,0.0099,0.0966,0.6516,0.0089,0.025,0.0349,1.9065,0.7022,0.7603,6.0118,1,411548832,2147210464,2,0,116476604,642,632,1,1,0,0,0,0
642,0.061,1.5268,0.8599,0.0031,0.8567,0.8478,0.0065,0.0012,0.2006,0.6217,0.0079,0.0043,0.0069,0.1054,0.0036,0.0486,0.0077,0.005,0.0606,0.0856,0.002,0.0618,0.362,0.017,0.0275,0.0308,0.3755,0.1801,0.1879,2.539,2,411548832,2147204832,0,0,116476604,643,633,1,1,0,0,0,0
643,0.0442,1.3733,0.7354,0.0033,0.7319,0.7214,0.0078,0.0018,0.238,0.6189,0.0092,0.0059,0.0096,0.1189,0.0089,0.0694,0.005,0.0064,0.0474,0.0441,0.0029,0.0424,0.3222,0.0043,0.0124,0.0154,0.3931,0.2629,0.3615,2.694,3,411548832,2147197792,1,0,116476604,644,634,1,1,0,0,0,0
644,0.0418,1.5153,0.7228,0.0023,0.7204,0.7062,0.0114,0.0015,0.2781,0.776,0.0104,0.0061,0.0131,0.1874,0.0081,0.0523,0.0099,0.0064,0.074,0.0584,0.0044,0.055,0.4271,0.0049,0.0091,0.0182,0.3373,0.1994,0.2338,2.5125,4,411548832,2147205536,2,0,116476604,645,635,1,1,0,0,0,0
645,0.0475,1.6066,0.7261,0.0026,0.7232,0.7102,0.0098,0.0018,0.2534,0.8568,0.01,0.0059,0.0084,0.1803,0.0228,0.128,0.0111,0.0066,0.0981,0.0578,0.0043,0.0553,0.5195,0.0049,0.0136,0.0238,0.3761,0.2586,1.3329,4.2195,5,411548832,2147194976,0,0,116476604,646,636,1,1,0,0,0,0
646,0.0513,1.4893,0.6941,0.0034,0.6904,0.6807,0.0076,0.0011,0.2217,0.7709,0.0089,0.0052,0.0068,0.0986,0.0178,0.0707,0.0071,0.0112,0.1077,0.1156,0.005,0.0779,0.4705,0.009,0.0162,0.0196,0.3516,0.2088,1.4948,4.4185,6,411548832,2147200608,1,0,116476604,647,637,1,1,0,0,0,0
647,0.0395,1.4173,0.6546,0.0023,0.6522,0.6436,0.0066,0.001,0.1959,0.7428,0.0095,0.0045,0.0071,0.0891,0.005,0.1308,0.0098,0.0067,0.133,0.079,0.0036,0.0592,0.4911,0.0038,0.0122,0.0174,0.3781,0.1769,0.2264,2.431,7,411548832,2147206944,2,0,116476604,648,638,1,1,0,0,0,0
648,0.0415,2.0884,0.6858,0.0026,0.6831,0.6751,0.006,0.0011,0.6728,1.3418,0.0143,0.0097,0.0177,0.268,0.0144,0.0749,0.0042,0.0034,0.0407,0.1242,0.0158,0.0604,0.5682,0.008,0.0318,0.0695,2.1516,0.8578,0.8075,6.6583,0,411548832,2147199200,0,0,116476604,649,639,1,1,0,0,0,0
649,0.0401,1.4613,0.7861,0.0025,0.7834,0.7698,0.0108,0.0012,0.2667,0.6572,0.0091,0.0052,0.009,0.126,0.0111,0.057,0.0062,0.0034,0.0543,0.0378,0.0066,0.0531,0.3282,0.0045,0.0108,0.0173,0.2749,0.1964,0.3042,2.4535,1,411548832,2147210464,1,0,116476604,650,640,1,1,0,0,0,0
650,0.0405,1.215,0.6451,0.0024,0.6425,0.6346,0.0059,0.001,0.2049,0.5572,0.0099,0.005,0.0077,0.1319,0.0077,0.0516,0.006,0.0057,0.0432,0.0375,0.0021,0.0342,0.2984,0.0029,0.0075,0.0166,0.3107,0.3007,0.3645,2.5525,2,411548832,2147204832,2,0,116476604,651,641,1,1,0,0,0,0
651,0.0419,1.5034,0.7324,0.0026,0.7297,0.7225,0.0051,0.0008,0.2692,0.741,0.0118,0.0064,0.0135,0.1544,0.0133,0.0659,0.0074,0.0073,0.0607,0.0583,0.0045,0.0547,0.394,0.0051,0.0168,0.0313,0.3488,0.2562,0.3515,2.7884,3,411548832,2147197792,0,0,116476604,652,642,1,1,0,0,0,0
652,0.0629,1.5987,0.7621,0.0049,0.757,0.7485,0.0066,0.0011,0.2427,0.7691,0.0259,0.0119,0.0107,0.1957,0.0202,0.0726,0.0045,0.0052,0.0482,0.0543,0.0036,0.0497,0.4205,0.0157,0.0449,0.0527,1.298,0.7856,1.563,6.0534,4,411548832,2147205536,1,0,116476604,653,643,1,1,0,0,0,0
653,0.0503,1.3991,0.6921,0.0029,0.6888,0.6756,0.0102,0.0017,0.3033,0.6905,0.0108,0.0064,0.0113,0.109,0.0056,0.0578,0.0042,0.0047,0.0573,0.054,0.0031,0.0535,0.3316,0.004,0.0099,0.0187,0.3246,0.2022,0.2414,2.4039,5,411548832,2147194976,2,0,116476604,654,644,1,1,0,0,0,0
654,0.0392,1.4467,0.6662,0.0021,0.6639,0.6561,0.0057,0.0011,0.3186,0.7641,0.0114,0.0059,0.0088,0.1213,0.0069,0.0569,0.0045,0.0052,0.0552,0.0992,0.0037,0.0561,0.3887,0.0045,0.0102,0.017,0.31,0.1427,0.1361,2.2,6,411548832,2147200608,0,0,116476604,655,645,1,1,0,0,0,0
655,0.04,1.4607,0.6907,0.0023,0.6883,0.6798,0.0063,0.0011,0.3075,0.7524,0.0107,0.0056,0.0093,0.1708,0.0061,0.059,0.0048,0.0052,0.0545,0.0525,0.004,0.0522,0.389,0.0043,0.0109,0.0178,0.3007,0.1789,0.1341,2.2465,7,411548832,2147206944,1,0,116476604,656,646,1,1,0,0,0,0
656,0.0405,82.7238,81.9464,0.0021,81.9441,81.9303,0.01,0.0018,0.4249,0.7469,0.018,0.0129,0.0103,0.1033,0.0057,0.0398,0.0045,0.0046,0.0386,0.0362,0.0027,0.0365,0.2544,0.0036,0.017,0.0316,0.3741,0.2703,0.1747,83.7418,0,411548832,2147199200,2,0,116476604,657,647,1,1,0,0,0,0
657,0.0438,1.4045,0.7241,0.0033,0.7207,0.7122,0.0062,0.0014,0.3192,0.6653,0.0122,0.0066,0.0108,0.1221,0.0076,0.0627,0.0034,0.0054,0.0373,0.0343,0.0024,0.0335,0.2899,0.0029,0.0087,0.0154,0.2253,0.1288,0.1539,2.085,1,411548832,2147210464,0,0,116476604,658,648,1,1,0,0,0,0
658,0.12,10.8349,10.2469,0.0111,10.2353,10.2215,0.011,0.0012,0.2638,0.5712,0.0118,0.0063,0.0082,0.0864,0.0052,0.0515,0.0042,0.0039,0.0405,0.0397,0.003,0.0391,0.2572,0.0033,0.0092,0.0168,0.2526,0.1388,0.259,11.773,2,411548832,2147204832,1,0,116476604,659,649,1,1,0,0,0,0
659,0.0436,23.8456,23.0416,0.0025,23.0389,23.0175,0.0166,0.0021,0.4576,0.7893,0.0167,0.0108,0.0097,0.1066,0.0065,0.0408,0.0044,0.0038,0.0442,0.0403,0.0023,0.0379,0.2698,0.0027,0.008,0.0156,0.3152,0.2481,0.2057,24.881,3,411548832,2147197792,2,0,116476604,660,650,1,1,0,0,0,0
660,0.1421,3.7636,1.6801,0.0187,1.661,1.6325,0.0223,0.0033,0.665,2.038,0.0184,0.0119,0.0152,0.2965,0.0176,0.4208,0.0222,0.0141,0.1924,0.127,0.0104,0.1913,1.228,0.0195,0.0282,0.0338,0.6733,0.385,0.2456,5.5115,4,411548832,2147205536,0,0,116476604,661,651,1,1,0,0,0,0
661,0.0539,1.4166,0.7677,0.0058,0.7617,0.7516,0.0063,0.0021,0.2804,0.6319,0.0106,0.0064,0.0128,0.1085,0.0046,0.0529,0.0035,0.0036,0.0466,0.0454,0.0028,0.0452,0.2986,0.0037,0.0086,0.018,0.2967,0.1985,0.1694,2.385,5,411548832,2147194976,1,0,116476604,662,652,1,1,0,0,0,0
662,0.0545,1.678,0.857,0.0024,0.8543,0.8453,0.0069,0.001,0.3626,0.7931,0.0109,0.0077,0.0102,0.1183,0.0057,0.0654,0.0039,0.0048,0.063,0.0621,0.0035,0.0646,0.3734,0.0043,0.0157,0.0322,0.4946,0.23,0.2656,2.9367,6,411548832,2147200608,2,0,116476604,663,653,1,1,0,0,0,0
663,0.0515,1.953,1.3019,0.0028,1.299,1.2889,0.006,0.0028,0.3199,0.6363,0.0206,0.0117,0.0141,0.1031,0.0057,0.0347,0.0049,0.0056,0.0384,0.034,0.0025,0.0319,0.2421,0.003,0.0084,0.0145,0.2085,0.1177,0.1375,2.5947,7,411548832,2147206944,0,0,116476604,664,654,1,1,0,0,0,0
664,0.1697,3.3714,1.7574,0.013,1.744,1.7143,0.0234,0.0034,0.5652,1.5832,0.0187,0.0128,0.0226,0.2568,0.0276,0.2222,0.015,0.008,0.1009,0.1526,0.0135,0.1418,0.8743,0.0106,0.0209,0.0271,0.4806,0.2588,0.3942,4.9944,0,411548832,2147199200,1,0,116476604,665,655,1,1,0,0,0,0
665,0.1717,4.3457,2.4591,0.0174,2.441,2.4126,0.0222,0.0032,0.6035,1.8568,0.0182,0.0108,0.0202,0.2873,0.0198,0.2637,0.0153,0.0164,0.2139,0.2077,0.0146,0.1417,1.1143,0.0099,0.0193,0.0282,0.5442,0.4629,0.558,6.4389,1,411548832,2147210464,2,0,116476604,666,656,1,1,0,0,0,0
666,0.0469,4.8427,1.6354,0.0027,1.6322,1.5878,0.034,0.007,1.2614,3.1277,0.0413,0.0268,0.0612,0.5615,0.0268,0.2779,0.0184,0.0191,0.2688,0.2544,0.0153,0.2556,1.6182,0.017,0.0399,0.0751,1.467,0.8486,0.4855,8.3394,2,411548832,2147204832,0,0,116476604,667,657,1,1,0,0,0,0
667,0.0691,1.8136,1.0019,0.0049,0.9968,0.9832,0.0103,0.0022,0.3115,0.7625,0.0133,0.0075,0.0089,0.0971,0.0058,0.0467,0.0059,0.0047,0.0466,0.0437,0.0036,0.1539,0.388,0.0083,0.0275,0.113,0.9057,0.232,0.3418,3.7558,3,411548832,2147197792,1,0,116476604,668,658,1,1,0,0,0,0
668,0.2209,2.9078,1.5289,0.0206,1.5075,1.4833,0.0184,0.0027,0.627,1.3532,0.0187,0.0126,0.0246,0.1849,0.0113,0.0879,0.0082,0.0071,0.1276,0.0934,0.0054,0.1288,0.6226,0.0062,0.0161,0.0254,0.5063,0.2265,0.2427,4.3956,4,411548832,2147205536,2,0,116476604,669,659,1,1,0,0,0,0
669,0.1251,2.0713,1.6066,0.0073,1.5988,1.5919,0.005,0.0012,0.207,0.4539,0.0081,0.0038,0.0083,0.0704,0.0039,0.0345,0.0032,0.0029,0.0349,0.0358,0.0017,0.034,0.2096,0.0022,0.0044,0.0164,0.2474,0.134,0.1573,2.8682,5,411548832,2147194976,0,0,116476604,670,660,1,1,0,0,0,0
670,0.0503,1.8031,0.9786,0.0038,0.9746,0.9614,0.0099,0.0016,0.2928,0.8021,0.0125,0.0093,0.0089,0.1013,0.0058,0.0731,0.0094,0.007,0.0983,0.0801,0.0063,0.0833,0.4361,0.0069,0.0141,0.0218,0.3179,0.2345,0.6299,3.3371,6,411548832,2147200608,1,0,116476604,671,661,1,1,0,0,0,0
671,0.0663,1.4633,0.8612,0.0049,0.8561,0.8468,0.0064,0.0014,0.2706,0.585,0.0108,0.0053,0.0079,0.0847,0.0056,0.0482,0.0054,0.0039,0.0444,0.0434,0.0033,0.0424,0.2631,0.004,0.0104,0.0167,0.2503,0.1935,0.2109,2.4735,7,411548832,2147206944,2,0,116476604,672,662,1,1,0,0,0,0
672,0.1183,2.2458,1.6403,0.0082,1.6315,1.6164,0.0117,0.0017,0.2903,0.5895,0.0095,0.0064,0.0089,0.0801,0.0056,0.0474,0.0035,0.004,0.0359,0.0438,0.0032,0.0426,0.2498,0.0036,0.0088,0.0148,0.2415,0.2288,0.1476,3.1259,0,411548832,2147199200,0,0,116476604,673,663,1,1,0,0,0,0
673,0.1737,3.1088,1.7801,0.0186,1.7609,1.7315,0.0226,0.0033,0.6244,1.2991,0.0167,0.0103,0.0163,0.1799,0.012,0.1022,0.0086,0.0098,0.1002,0.0944,0.0078,0.0977,0.5744,0.0085,0.0179,0.0282,0.7206,0.2603,0.2197,4.713,1,411548832,2147210464,1,0,116476604,674,664,1,1,0,0,0,0
674,0.0682,1.5815,1.0053,0.0033,1.0016,0.9916,0.0066,0.0017,0.2795,0.5534,0.0129,0.0071,0.0078,0.083,0.004,0.0351,0.0036,0.0037,0.0367,0.0345,0.0023,0.0352,0.2245,0.0028,0.0125,0.0207,0.2887,0.1811,0.2128,2.495,2,411548832,2147204832,2,0,116476604,675,665,1,1,0,0,0,0
675,0.0434,1.3979,0.7171,0.0027,0.7139,0.7057,0.0064,0.0009,0.2885,0.6619,0.0108,0.0059,0.0095,0.1045,0.0062,0.0538,0.0047,0.005,0.0535,0.0532,0.004,0.0518,0.3168,0.0045,0.0115,0.0178,0.2519,0.1062,0.1434,2.0607,3,411548832,2147197792,0,0,116476604,676,666,1,1,0,0,0,0
676,0.0896,2.803,1.8385,0.0039,1.8344,1.824,0.0073,0.0017,0.4527,0.9362,0.0164,0.0104,0.0111,0.1438,0.0062,0.0682,0.005,0.0063,0.0764,0.0624,0.0048,0.0606,0.4114,0.0052,0.017,0.0262,0.3865,0.2273,0.2945,4.0256,4,411548832,2147205536,1,0,116476604,677,667,1,1,0,0,0,0
677,0.0683,1.1947,0.7275,0.0023,0.725,0.7162,0.007,0.001,0.2215,0.4516,0.0103,0.0052,0.006,0.0751,0.0043,0.0324,0.0031,0.0029,0.0289,0.0267,0.002,0.0269,0.19,0.0028,0.0089,0.0155,0.209,0.1087,0.1301,1.8322,5,411548832,2147194976,2,0,116476604,678,668,1,1,0,0,0,0
678,0.0992,2.027,1.4853,0.0036,1.4813,1.4705,0.0081,0.0013,0.2818,0.5207,0.0108,0.0071,0.0098,0.0698,0.0042,0.0308,0.0036,0.0039,0.0312,0.0295,0.0023,0.0288,0.1901,0.0032,0.0116,0.0199,0.2657,0.1817,0.177,2.904,6,411548832,2147200608,0,0,116476604,679,669,1,1,0,0,0,0
679,0.0397,1.0687,0.6695,0.0025,0.6669,0.6588,0.0061,0.0012,0.1864,0.3852,0.0077,0.0047,0.0051,0.0537,0.0031,0.0281,0.0029,0.0028,0.0286,0.0282,0.0019,0.0264,0.165,0.0026,0.0076,0.0143,0.1952,0.1068,0.1425,1.6641,7,411548832,2147206944,1,0,116476604,680,670,1,1,0,0,0,0
680,0.0435,1.3858,0.6654,0.0023,0.6628,0.6556,0.0052,0.0009,0.3051,0.6994,0.0129,0.0087,0.01,0.1116,0.0063,0.056,0.0054,0.0053,0.0553,0.0532,0.0042,0.0549,0.331,0.0046,0.0119,0.0189,0.358,0.265,1.1959,3.7012,0,411548832,2147199200,2,0,116476604,681,671,1,1,0,0,0,0
681,0.0546,5.1239,1.5511,0.0024,1.5486,1.4958,0.0395,0.0071,1.318,3.4525,0.0432,0.026,0.0421,0.4938,0.0339,0.2814,0.0246,0.026,0.2785,0.2697,0.0215,0.4981,1.8215,0.0641,0.0801,0.0862,1.9533,0.6794,0.3537,8.6398,1,411548832,2147210464,0,0,116476604,682,672,1,1,0,0,0,0
682,0.045,1.955,0.9983,0.0029,0.9952,0.9789,0.0131,0.0017,0.3882,0.9362,0.0134,0.0109,0.0156,0.1312,0.0088,0.1087,0.0078,0.0092,0.0946,0.0721,0.0056,0.0568,0.4634,0.0056,0.0123,0.0209,0.3041,0.1348,0.1381,2.72,2,411548832,2147204832,1,0,116476604,683,673,1,1,0,0,0,0
683,0.1016,1.9312,1.0621,0.0069,1.055,1.0409,0.0096,0.002,0.3909,0.847,0.0142,0.0075,0.0106,0.1274,0.008,0.0652,0.0059,0.0063,0.0645,0.0645,0.0047,0.0624,0.384,0.0056,0.0132,0.0219,0.3697,0.2272,0.4209,3.3482,3,411548832,2147197792,2,0,116476604,684,674,1,1,0,0,0,0
684,0.0401,1.4065,0.7357,0.0021,0.7335,0.7246,0.0068,0.0011,0.2818,0.6532,0.0106,0.0061,0.0094,0.1031,0.0064,0.0547,0.0051,0.005,0.0535,0.052,0.0039,0.052,0.3153,0.0042,0.0109,0.0177,0.2483,0.1088,0.1276,2.0519,4,411548832,2147205536,0,0,116476604,685,675,1,1,0,0,0,0
685,0.1131,20.2951,19.5073,0.0038,19.5034,19.4842,0.0152,0.0016,0.3731,0.76,0.0147,0.0084,0.0116,0.1125,0.0058,0.0539,0.0049,0.0053,0.054,0.0504,0.0028,0.052,0.3228,0.0044,0.0162,0.0258,0.4242,0.2981,0.1893,21.5435,5,411548832,2147194976,1,0,116476604,686,676,1,1,0,0,0,0
686,0.0448,1.1438,0.695,0.0024,0.6924,0.6847,0.0054,0.001,0.2143,0.436,0.0076,0.0049,0.005,0.0654,0.0033,0.0308,0.0032,0.0025,0.0367,0.027,0.0021,0.0271,0.187,0.0024,0.0076,0.0137,0.1869,0.1098,0.1252,1.7267,6,411548832,2147200608,2,0,116476604,687,677,1,1,0,0,0,0
687,0.0724,11.6875,10.5795,0.0027,10.5765,10.559,0.0135,0.0016,0.4874,1.0756,0.0197,0.0109,0.0133,0.1689,0.0061,0.1016,0.0062,0.0085,0.0657,0.061,0.0066,0.1015,0.4987,0.012,0.0199,0.0287,0.4017,0.3015,0.3818,13.3449,7,411548832,2147206944,0,0,116476604,688,678,1,1,0,0,0,0
688,0.2018,7.4853,3.1474,0.0272,3.119,2.9291,0.0451,0.0059,1.1262,4.2909,0.0352,0.0226,0.0387,0.8721,0.0369,0.4537,0.0344,0.0302,0.554,0.3834,0.0229,0.2393,2.5025,0.0153,0.0288,0.0405,0.8286,0.4478,0.3216,9.6583,0,411548832,2147199200,1,0,116476604,689,679,1,1,0,0,0,0
689,0.0793,2.2364,1.2017,0.0082,1.1933,1.1721,0.0162,0.0028,0.3943,1.0125,0.0162,0.0086,0.013,0.1588,0.0123,0.0994,0.0096,0.009,0.1016,0.0888,0.0079,0.0768,0.5254,0.0062,0.0126,0.0221,0.3967,0.2168,0.3492,3.4839,1,411548832,2147210464,2,0,116476604,690,680,1,1,0,0,0,0
690,0.0732,1.9647,0.9535,0.006,0.9472,0.9346,0.0094,0.0023,0.3389,0.9643,0.013,0.0071,0.0146,0.1643,0.0061,0.1013,0.0044,0.0055,0.0963,0.0967,0.0045,0.1002,0.5588,0.0052,0.0263,0.042,0.7875,0.2312,0.1746,3.4403,2,411548832,2147204832,0,0,116476604,691,681,1,1,0,0,0,0
691,0.0423,1.3783,0.7102,0.0033,0.7068,0.6978,0.0064,0.0014,0.2666,0.6477,0.0088,0.0051,0.0067,0.0872,0.0056,0.0628,0.0095,0.0085,0.0832,0.0503,0.0035,0.0391,0.3226,0.0045,0.0113,0.0183,0.3411,0.2248,0.3123,2.5263,3,411548832,2147197792,1,0,116476604,692,682,1,1,0,0,0,0
692,0.05,2.1709,1.1451,0.0051,1.1399,1.0822,0.0535,0.0017,0.5076,0.9957,0.0191,0.0119,0.0137,0.1514,0.009,0.0705,0.0072,0.0063,0.0716,0.066,0.0033,0.046,0.4055,0.0043,0.018,0.0255,0.425,0.1435,0.1522,3.0886,4,411548832,2147205536,2,0,116476604,693,683,1,1,0,0,0,0
693,0.0395,1.2529,0.6646,0.0021,0.6624,0.6546,0.0059,0.001,0.1907,0.5743,0.0078,0.0041,0.0054,0.059,0.0034,0.0679,0.0085,0.0045,0.0536,0.0969,0.0076,0.0558,0.3332,0.0035,0.0082,0.0144,0.2065,0.1028,0.1741,1.9125,5,411548832,2147194976,0,0,116476604,694,684,1,1,0,0,0,0
694,0.1014,2.5316,1.5897,0.0053,1.5839,1.5638,0.0162,0.0022,0.4895,0.9139,0.0226,0.0125,0.0127,0.1636,0.007,0.067,0.0037,0.0036,0.0425,0.0405,0.0022,0.0373,0.3509,0.003,0.0146,0.0325,0.3583,0.1457,0.1891,3.5085,6,411548832,2147200608,1,0,116476604,695,685,1,1,0,0,0,0
695,0.0426,1.3694,0.9114,0.0023,0.909,0.8967,0.0094,0.0014,0.2366,0.444,0.0084,0.0049,0.0049,0.0624,0.004,0.0273,0.003,0.0024,0.0272,0.0273,0.0021,0.0269,0.1711,0.0025,0.008,0.0144,0.1965,0.0924,0.1348,1.9721,7,411548832,2147206944,2,0,116476604,696,686,1,1,0,0,0,0
696,0.0514,13.2192,4.0715,0.0039,4.0674,4.0507,0.0124,0.0024,1.4447,9.1007,0.0435,0.0324,0.0658,0.6291,0.0489,0.2807,0.0182,0.0628,3.2123,2.8941,0.0336,0.2859,7.3021,0.0228,0.0292,0.036,0.6729,0.3065,0.2884,14.82,0,411548832,2147199200,0,0,116476604,697,687,1,1,0,0,0,0
697,0.3149,3.6245,2.5692,0.0106,2.5579,2.5431,0.0107,0.0018,0.419,1.0244,0.0134,0.0089,0.0154,0.1909,0.0077,0.1047,0.0174,0.0056,0.0888,0.0673,0.0051,0.0646,0.5163,0.0065,0.0196,0.0289,0.4555,0.2409,0.1873,5.0492,1,411548832,2147210464,1,0,116476604,698,688,1,1,0,0,0,0
698,0.0476,58.6034,57.5974,0.0036,57.5933,57.5778,0.0118,0.0014,0.4936,0.969,0.0223,0.0115,0.0164,0.1406,0.0094,0.062,0.0069,0.0069,0.0623,0.0601,0.0043,0.059,0.384,0.0053,0.0211,0.0381,0.4417,0.1584,0.1805,59.6114,2,411548832,2147204832,2,0,116476604,699,689,1,1,0,0,0,0
699,0.0381,0.9894,0.6024,0.0024,0.5999,0.5933,0.0049,0.0008,0.1732,0.3742,0.0076,0.0043,0.0048,0.0547,0.0032,0.0299,0.0031,0.0024,0.0288,0.0268,0.002,0.0277,0.1679,0.0024,0.0073,0.0129,0.189,0.1023,0.1384,1.5676,3,411548832,2147197792,0,0,116476604,700,690,1,1,0,0,0,0
700,0.0594,33.7966,32.3694,0.0034,32.3656,32.3478,0.0127,0.0024,0.8026,1.3905,0.0237,0.014,0.0145,0.1558,0.007,0.1433,0.0077,0.007,0.0846,0.0463,0.0022,0.058,0.488,0.0155,0.0228,0.0329,0.4978,0.3038,0.4409,35.4132,4,411548832,2147205536,1,0,116476604,701,691,1,1,0,0,0,0
701,0.0502,1.1987,0.6776,0.0032,0.6742,0.6646,0.0065,0.0014,0.2269,0.5008,0.011,0.0062,0.0074,0.0822,0.0042,0.0376,0.0034,0.0035,0.0358,0.0357,0.0028,0.0365,0.2278,0.003,0.0129,0.0209,0.2787,0.1593,0.2757,2.1619,5,411548832,2147194976,2,0,116476604,702,692,1,1,0,0,0,0
702,0.1074,2.5121,1.565,0.0071,1.5574,1.5416,0.0113,0.0024,0.5847,0.9261,0.0109,0.0067,0.0089,0.1035,0.0064,0.0479,0.0044,0.0049,0.046,0.0445,0.0032,0.0446,0.2865,0.0041,0.0118,0.0193,0.2969,0.1596,0.1986,3.4485,6,411548832,2147200608,0,0,116476604,703,693,1,1,0,0,0,0
703,0.0975,2.2653,1.142,0.01,1.1317,1.1088,0.0178,0.0026,0.4535,1.098,0.017,0.0102,0.0167,0.1762,0.0124,0.107,0.0103,0.0081,0.0909,0.0854,0.0069,0.0864,0.5459,0.0071,0.0152,0.0237,0.4432,0.2375,0.3129,3.5786,7,411548832,2147206944,1,0,116476604,704,694,1,1,0,0,0,0
704,0.2001,4.6925,2.8574,0.0317,2.8244,2.79,0.0281,0.0031,0.5855,1.7898,0.0197,0.0133,0.0197,0.3254,0.0195,0.2688,0.0206,0.018,0.1947,0.1361,0.0088,0.1264,1.0514,0.018,0.0292,0.0271,0.5231,0.2468,0.2537,6.174,0,411548832,2147199200,2,0,116476604,705,695,1,1,0,0,0,0
705,0.108,2.436,1.0291,0.008,1.0204,1.0002,0.0152,0.0028,0.4426,1.352,0.0154,0.0094,0.0171,0.2441,0.0267,0.2181,0.0113,0.0082,0.1319,0.0732,0.0056,0.0707,0.738,0.0638,0.0359,0.0492,0.5185,0.2476,0.2247,3.7891,1,411548832,2147210464,0,0,116476604,706,696,1,1,0,0,0,0
706,0.0866,2.6222,1.3722,0.0066,1.3651,1.3462,0.0139,0.0031,0.5403,1.2256,0.013,0.0082,0.0168,0.1856,0.0085,0.1424,0.0081,0.0064,0.09,0.0916,0.0049,0.0961,0.6057,0.0056,0.0143,0.0224,0.549,0.237,0.2541,3.9331,2,411548832,2147204832,1,0,116476604,707,697,1,1,0,0,0,0
707,0.1576,2.3172,1.5496,0.0089,1.5393,1.5244,0.0113,0.0015,0.2898,0.7484,0.0107,0.0063,0.0085,0.156,0.0078,0.0757,0.0037,0.0033,0.0549,0.0505,0.0027,0.069,0.4061,0.0037,0.011,0.0197,0.3717,0.2489,0.1524,3.4233,3,411548832,2147197792,2,0,116476604,708,698,1,1,0,0,0,0
708,0.0685,1.9456,1.0087,0.0058,1.0028,0.9869,0.012,0.002,0.4685,0.9143,0.0139,0.0086,0.0115,0.128,0.0081,0.0688,0.0057,0.0058,0.0594,0.0592,0.0043,0.0601,0.3755,0.0055,0.0134,0.0216,0.3508,0.1934,0.2071,2.9421,4,411548832,2147205536,0,0,116476604,709,699,1,1,0,0,0,0
709,0.0655,1.8156,0.9846,0.0034,0.9811,0.9684,0.0092,0.002,0.3486,0.8064,0.0158,0.0074,0.0127,0.1295,0.0077,0.0658,0.0061,0.006,0.0646,0.0623,0.0049,0.0623,0.3845,0.0057,0.0154,0.0302,0.4581,0.2521,0.1399,2.9081,5,411548832,2147194976,1,0,116476604,710,700,1,1,0,0,0,0
710,0.0454,1.2874,0.6782,0.0022,0.6759,0.6695,0.0047,0.0009,0.2843,0.5952,0.0107,0.0064,0.0095,0.1054,0.0066,0.0553,0.0049,0.0035,0.0439,0.0294,0.0018,0.026,0.26,0.0025,0.0078,0.0155,0.2007,0.1097,0.1142,1.8717,6,411548832,2147200608,2,0,116476604,711,701,1,1,0,0,0,0
711,0.0454,5.4628,4.366,0.0032,4.3624,4.3413,0.0141,0.0036,0.6196,1.0766,0.0154,0.0086,0.0104,0.1178,0.0076,0.1195,0.0071,0.0065,0.0655,0.0434,0.0033,0.0411,0.3873,0.0039,0.0112,0.0188,0.2615,0.1536,0.1719,6.2594,7,411548832,2147206944,0,0,116476604,712,702,1,1,0,0,0,0
712,0.0537,1.2022,0.7193,0.0038,0.7152,0.707,0.0062,0.0009,0.2279,0.4672,0.0086,0.0057,0.0072,0.0665,0.0049,0.0343,0.0037,0.0032,0.0326,0.0317,0.0024,0.032,0.1971,0.0028,0.0093,0.0151,0.2255,0.2396,0.2378,2.0956,0,411548832,2147199200,1,0,116476604,713,703,1,1,0,0,0,0
713,0.0489,1.4281,0.7795,0.0025,0.7769,0.7663,0.0076,0.002,0.3335,0.6208,0.0204,0.0095,0.0106,0.0921,0.0045,0.0336,0.0054,0.0038,0.0341,0.0321,0.0024,0.0292,0.2211,0.0029,0.0174,0.0226,0.3758,0.2433,0.3378,2.6731,1,411548832,2147210464,2,0,116476604,714,704,1,1,0,0,0,0
714,0.0483,1.8124,0.9387,0.0029,0.9357,0.9273,0.006,0.0012,0.3486,0.8319,0.0205,0.0132,0.014,0.1456,0.0083,0.0631,0.006,0.0076,0.0636,0.0629,0.0044,0.0613,0.3965,0.0057,0.025,0.0361,0.442,0.2466,0.2435,3.0442,2,411548832,2147204832,0,0,116476604,715,705,1,1,0,0,0,0
715,0.0627,1.8307,0.9041,0.0047,0.8992,0.8871,0.009,0.0018,0.367,0.8884,0.0181,0.0121,0.0138,0.1623,0.0088,0.0687,0.0063,0.0089,0.068,0.066,0.0049,0.0685,0.4335,0.0064,0.0256,0.0226,0.3546,0.2133,0.1859,2.8269,3,411548832,2147197792,1,0,116476604,716,706,1,1,0,0,0,0
716,0.0983,1.8141,0.8415,0.004,0.8373,0.8255,0.0087,0.0017,0.2659,0.9257,0.0111,0.0062,0.0102,0.099,0.0062,0.0522,0.005,0.017,0.1733,0.141,0.0079,0.1115,0.577,0.0129,0.0284,0.0478,0.6302,0.3759,0.3426,3.6086,4,411548832,2147205536,2,0,116476604,717,707,1,1,0,0,0,0
717,0.0483,1.7867,0.7788,0.0029,0.7758,0.7603,0.0112,0.0022,0.4541,0.9815,0.016,0.0121,0.0194,0.1355,0.01,0.1075,0.0162,0.0051,0.0702,0.0533,0.0031,0.0657,0.4322,0.0047,0.0164,0.0216,0.6098,0.3346,0.2775,3.2935,5,411548832,2147194976,0,0,116476604,718,708,1,1,0,0,0,0
718,0.0384,1.0618,0.6427,0.0026,0.64,0.6326,0.006,0.001,0.209,0.4081,0.0062,0.0045,0.0057,0.0552,0.0032,0.0284,0.0026,0.0027,0.0282,0.0269,0.0019,0.0281,0.1668,0.0025,0.0055,0.0133,0.1994,0.1033,0.1223,1.6673,6,411548832,2147200608,1,0,116476604,719,709,1,1,0,0,0,0
719,0.1717,6.4385,2.3028,0.0181,2.284,2.2216,0.0507,0.0057,1.4587,4.0992,0.04,0.0282,0.0573,0.9696,0.065,0.4997,0.0238,0.0304,0.3442,0.3089,0.0211,0.2124,2.3348,0.0128,0.0232,0.0338,0.6746,0.298,0.322,8.1975,7,411548832,2147206944,2,0,116476604,720,710,1,1,0,0,0,0
720,0.0457,1.6209,0.761,0.0031,0.7577,0.75,0.0062,0.001,0.251,0.834,0.0108,0.0076,0.0083,0.1899,0.0146,0.1031,0.0074,0.0032,0.0783,0.0679,0.0052,0.0747,0.5139,0.0053,0.0178,0.0219,0.4007,0.1644,0.1261,2.5304,0,411548832,2147199200,0,0,116476604,721,711,1,1,0,0,0,0
721,0.0621,2.8801,1.8726,0.0031,1.8692,1.8568,0.0088,0.0021,0.5027,0.978,0.0164,0.0093,0.0116,0.1552,0.0079,0.0635,0.0061,0.0059,0.0624,0.0601,0.0045,0.0597,0.4009,0.0055,0.016,0.0279,0.3191,0.1944,0.2149,3.8507,1,411548832,2147210464,1,0,116476604,722,712,1,1,0,0,0,0
722,0.0408,1.3863,0.6567,0.0026,0.6538,0.6445,0.006,0.0018,0.3143,0.7155,0.0101,0.0063,0.0109,0.1285,0.0072,0.061,0.0056,0.0051,0.0601,0.0574,0.0045,0.0358,0.3428,0.0031,0.0079,0.0146,0.2357,0.1107,0.1187,2.0106,2,411548832,2147204832,2,0,116476604,723,713,1,1,0,0,0,0
723,0.0462,82.8612,82.0018,0.0031,81.9985,81.9786,0.0163,0.0017,0.371,0.8388,0.009,0.008,0.0076,0.124,0.0061,0.0837,0.0091,0.0054,0.0818,0.0656,0.0048,0.0511,0.4062,0.0041,0.0112,0.016,0.2159,0.1144,0.1164,83.4838,3,411548832,2147197792,0,0,116476604,724,714,1,1,0,0,0,0
724,0.0453,24.4595,23.8993,0.0028,23.8965,23.8828,0.0106,0.0014,0.2392,0.546,0.0089,0.0046,0.0066,0.0724,0.0045,0.0391,0.0038,0.0031,0.0387,0.0751,0.0033,0.0397,0.265,0.0031,0.0085,0.015,0.2308,0.1237,0.111,25.0922,4,411548832,2147205536,1,0,116476604,725,715,1,1,0,0,0,0
725,0.0398,23.8706,23.1047,0.0032,23.1014,23.0918,0.0074,0.0009,0.1997,0.735,0.0074,0.0039,0.0067,0.1055,0.006,0.0476,0.0046,0.0046,0.0635,0.1478,0.0135,0.1078,0.4722,0.0101,0.0219,0.0214,0.3225,0.1309,0.1333,24.6314,5,411548832,2147194976,2,0,116476604,726,716,1,1,0,0,0,0
726,0.1035,25.9293,24.8401,0.0028,24.8369,24.8162,0.0161,0.0026,0.5069,1.0676,0.0208,0.013,0.0118,0.175,0.0123,0.0993,0.0072,0.0089,0.0694,0.0645,0.0046,0.0613,0.4695,0.0054,0.0126,0.0208,0.3714,0.1476,0.1485,26.8561,6,411548832,2147200608,0,0,116476604,727,717,1,1,0,0,0,0
727,0.0415,1.0134,0.6174,0.0027,0.6146,0.6067,0.0058,0.0008,0.1824,0.3832,0.0071,0.0043,0.0052,0.0566,0.0035,0.0284,0.0026,0.0027,0.0284,0.0278,0.002,0.0268,0.168,0.0025,0.0072,0.0129,0.1874,0.1361,0.1164,1.6021,7,411548832,2147206944,1,0,116476604,728,718,1,1,0,0,0,0
728,0.0772,10.7957,8.2352,0.0039,8.2309,8.2117,0.014,0.0018,0.8543,2.4911,0.0424,0.0271,0.0394,0.4504,0.0286,0.2417,0.0193,0.022,0.2308,0.2279,0.0172,0.2452,1.396,0.0208,0.0427,0.0683,1.7593,1.2899,1.0181,15.7279,0,411548832,2147199200,2,0,116476604,729,719,1,1,0,0,0,0
729,0.0639,1.9215,1.1613,0.0038,1.1574,1.1441,0.0103,0.0021,0.291,0.7384,0.0118,0.0083,0.0075,0.1123,0.0068,0.1091,0.0039,0.004,0.0686,0.0603,0.0019,0.0441,0.3944,0.0044,0.0124,0.0224,0.4135,0.3032,0.2616,3.211,1,411548832,2147210464,0,0,116476604,730,720,1,1,0,0,0,0
730,0.047,1.2846,0.6902,0.0031,0.6869,0.6755,0.0086,0.0017,0.2246,0.5745,0.0088,0.0053,0.0075,0.1084,0.004,0.0615,0.003,0.0027,0.0385,0.0393,0.002,0.0588,0.3065,0.0068,0.0122,0.0178,0.3065,0.2388,0.2969,2.4967,2,411548832,2147204832,1,0,116476604,731,721,1,1,0,0,0,0
731,0.1012,3.122,1.5621,0.0139,1.5476,1.5226,0.0198,0.0027,0.4807,1.5206,0.0151,0.0091,0.0146,0.2495,0.0155,0.1156,0.0125,0.0356,0.2208,0.1649,0.0114,0.1541,0.9049,0.0093,0.0232,0.0264,0.537,0.3048,0.1653,4.4712,3,411548832,2147197792,2,0,116476604,732,722,1,1,0,0,0,0
732,0.0553,1.9774,0.9457,0.0057,0.9397,0.9245,0.0122,0.0015,0.3052,1.0044,0.0109,0.0066,0.0106,0.1371,0.0088,0.1315,0.0079,0.0109,0.1394,0.1213,0.0057,0.0953,0.6246,0.0069,0.0186,0.021,0.4135,0.1685,0.1348,2.9219,4,411548832,2147205536,0,0,116476604,733,723,1,1,0,0,0,0
733,0.1836,6.496,3.6026,0.0181,3.5839,3.5342,0.0371,0.0065,1.2046,2.8443,0.035,0.0182,0.0302,0.3358,0.0204,0.1786,0.0138,0.0378,0.3972,0.2897,0.0171,0.2303,1.4316,0.0181,0.0307,0.0463,0.9237,0.4308,0.3565,8.7435,5,411548832,2147194976,1,0,116476604,734,724,1,1,0,0,0,0
734,0.0845,2.5822,1.5094,0.007,1.5021,1.4832,0.0141,0.0031,0.5234,1.036,0.0214,0.0119,0.0188,0.1841,0.0124,0.0912,0.0055,0.0048,0.0547,0.0479,0.0029,0.0456,0.4235,0.0042,0.0214,0.0402,0.6805,0.3543,0.1836,4.0845,6,411548832,2147200608,2,0,116476604,735,725,1,1,0,0,0,0
735,0.0598,1.8535,1.1899,0.0039,1.1856,1.1747,0.0082,0.0018,0.3206,0.6437,0.0083,0.0078,0.0086,0.0898,0.0036,0.0411,0.0037,0.0051,0.0496,0.0518,0.0033,0.0433,0.2756,0.0033,0.0115,0.0191,0.2966,0.1723,0.1339,2.6644,7,411548832,2147206944,0,0,116476604,736,726,1,1,0,0,0,0
736,0.0987,1.8727,1.069,0.0032,1.0653,1.0548,0.0069,0.0017,0.3465,0.7781,0.0144,0.0097,0.0114,0.1221,0.0071,0.0599,0.0059,0.0055,0.061,0.0586,0.0046,0.0589,0.3605,0.0053,0.0152,0.0216,0.2596,0.1449,0.1841,2.7211,0,411548832,2147199200,1,0,116476604,737,727,1,1,0,0,0,0
737,0.0473,1.3086,0.7056,0.0026,0.7029,0.6934,0.0065,0.0017,0.2963,0.5866,0.0118,0.0068,0.0102,0.1092,0.0044,0.0342,0.0037,0.0035,0.0326,0.0313,0.0023,0.033,0.2403,0.0031,0.0091,0.0158,0.2254,0.1192,0.118,1.9409,1,411548832,2147210464,2,0,116476604,738,728,1,1,0,0,0,0
738,0.126,2.2689,1.2606,0.0037,1.2565,1.2395,0.0127,0.0026,0.5723,0.9743,0.0219,0.0143,0.0129,0.1465,0.0074,0.0457,0.0052,0.0049,0.0461,0.0417,0.0032,0.0388,0.3188,0.0047,0.0191,0.0328,0.3499,0.1442,0.3655,3.5663,2,411548832,2147204832,0,0,116476604,739,729,1,1,0,0,0,0
739,0.0461,1.1738,0.7227,0.0028,0.7196,0.7122,0.0052,0.0011,0.2242,0.4368,0.0098,0.0058,0.0056,0.0609,0.0035,0.0281,0.0029,0.0035,0.0279,0.0285,0.0021,0.0279,0.1733,0.0032,0.0082,0.0145,0.2031,0.111,0.1146,1.7629,3,411548832,2147197792,1,0,116476604,740,730,1,1,0,0,0,0
740,0.0888,2.6644,1.3837,0.0044,1.3792,1.3665,0.009,0.0019,0.5107,1.2377,0.0138,0.0084,0.0157,0.1701,0.0211,0.1333,0.0077,0.0112,0.0873,0.0809,0.0056,0.1523,0.6239,0.0095,0.0261,0.0496,0.7297,0.3415,0.3642,4.4908,4,411548832,2147205536,2,0,116476604,741,731,1,1,0,0,0,0
741,0.0417,1.5519,0.6672,0.0021,0.665,0.6571,0.0056,0.0013,0.2822,0.8593,0.0133,0.0072,0.0111,0.1138,0.0074,0.0592,0.0052,0.006,0.0611,0.0579,0.0044,0.2141,0.5061,0.0096,0.0148,0.0218,0.5064,0.2534,0.2102,2.8002,5,411548832,2147194976,0,0,116476604,742,732,1,1,0,0,0,0
742,0.0454,1.152,0.715,0.0023,0.7125,0.706,0.0047,0.0009,0.2029,0.4215,0.0092,0.0047,0.0073,0.0663,0.0044,0.0297,0.0028,0.0026,0.0276,0.027,0.0021,0.0282,0.1788,0.0032,0.0094,0.0185,0.2266,0.1239,0.1507,1.8401,6,411548832,2147200608,1,0,116476604,743,733,1,1,0,0,0,0
743,0.0441,1.5291,0.8807,0.0026,0.8779,0.8577,0.0152,0.0026,0.3172,0.6186,0.0149,0.0106,0.0095,0.0948,0.0043,0.0359,0.0059,0.005,0.0375,0.0363,0.0026,0.0344,0.2389,0.0044,0.0156,0.0329,0.3762,0.289,0.3899,2.9113,7,411548832,2147206944,2,0,116476604,744,734,1,1,0,0,0,0
744,0.0483,1.2037,0.7052,0.0033,0.7018,0.6925,0.0069,0.0011,0.2401,0.4754,0.0108,0.0073,0.0065,0.0692,0.0038,0.0285,0.0032,0.0039,0.033,0.0304,0.002,0.0295,0.1906,0.0029,0.0123,0.0268,0.3139,0.3572,0.3132,2.475,0,411548832,2147199200,0,0,116476604,745,735,1,1,0,0,0,0
745,0.1372,2.1945,1.0581,0.0133,1.0443,1.0279,0.0115,0.0022,0.4581,1.1138,0.0134,0.0084,0.012,0.1565,0.0073,0.0854,0.0051,0.0061,0.0957,0.1464,0.0094,0.0949,0.5789,0.0077,0.0137,0.0204,0.4508,0.2627,0.1918,3.4439,1,411548832,2147210464,1,0,116476604,746,736,1,1,0,0,0,0
746,0.1516,2.7716,1.8348,0.0091,1.8254,1.7987,0.0218,0.0028,0.4424,0.9096,0.0128,0.0077,0.0121,0.1415,0.0069,0.069,0.0048,0.0048,0.0663,0.0648,0.0038,0.0625,0.4041,0.0039,0.0146,0.0281,0.4664,0.2722,0.2382,4.1516,2,411548832,2147204832,2,0,116476604,747,737,1,1,0,0,0,0
747,0.0565,1.555,0.9434,0.0038,0.9395,0.9277,0.0088,0.0016,0.2731,0.5947,0.0113,0.0065,0.0079,0.0866,0.0063,0.0466,0.0044,0.0049,0.0455,0.044,0.0036,0.0456,0.2683,0.0036,0.0104,0.0172,0.424,0.1728,0.1687,2.5401,3,411548832,2147197792,0,0,116476604,748,738,1,1,0,0,0,0
748,0.0429,1.2323,0.6918,0.0024,0.6892,0.6811,0.0058,0.0012,0.2029,0.5245,0.0135,0.0054,0.0069,0.1192,0.0039,0.0501,0.0043,0.0046,0.0368,0.0362,0.002,0.0314,0.2737,0.004,0.0098,0.0155,0.2587,0.1771,0.2135,2.0533,4,411548832,2147205536,1,0,116476604,749,739,1,1,0,0,0,0
749,0.0378,1.1083,0.678,0.0021,0.6757,0.6684,0.0053,0.0015,0.2063,0.4173,0.0078,0.0043,0.0058,0.0653,0.0033,0.0282,0.0028,0.0029,0.0294,0.0269,0.002,0.0264,0.1762,0.0025,0.0076,0.0136,0.19,0.1076,0.1707,1.7247,5,411548832,2147194976,2,0,116476604,750,740,1,1,0,0,0,0
750,0.0422,80.3528,79.1318,0.0022,79.1294,79.1086,0.0147,0.0031,0.6007,1.1801,0.0202,0.0161,0.0115,0.153,0.0165,0.0843,0.007,0.0089,0.0601,0.0997,0.013,0.0723,0.4694,0.0068,0.0267,0.035,0.2826,0.1569,0.178,81.1934,6,411548832,2147200608,0,0,116476604,751,741,1,1,0,0,0,0
751,0.0395,1.2785,0.7,0.0025,0.6974,0.6806,0.0132,0.0021,0.2436,0.5589,0.011,0.0063,0.006,0.0768,0.0042,0.0477,0.0044,0.0034,0.0381,0.0552,0.0041,0.0502,0.268,0.0038,0.0122,0.0176,0.3694,0.1733,0.1384,2.1437,7,411548832,2147206944,1,0,116476604,752,742,1,1,0,0,0,0
752,0.0523,32.1307,31.3378,0.0028,31.3346,31.3224,0.0091,0.0015,0.2808,0.7735,0.0093,0.0059,0.0059,0.1036,0.012,0.1006,0.0086,0.0066,0.0874,0.0681,0.0054,0.066,0.4257,0.0058,0.0116,0.0182,0.367,0.2203,0.2008,33.1436,0,411548832,2147199200,2,0,116476604,753,743,1,1,0,0,0,0
753,0.0403,20.3669,18.9127,0.0024,18.9101,18.886,0.0197,0.0022,0.4985,1.4165,0.0137,0.0084,0.018,0.1889,0.0097,0.1874,0.0072,0.0064,0.1724,0.1547,0.0057,0.1292,0.8326,0.007,0.0258,0.0281,0.6136,0.297,0.2422,21.8334,1,411548832,2147210464,0,0,116476604,754,744,1,1,0,0,0,0
754,0.0437,1.498,0.7808,0.002,0.7785,0.7713,0.0054,0.0009,0.3096,0.697,0.0119,0.0064,0.0098,0.1087,0.0068,0.0576,0.0048,0.005,0.054,0.054,0.0043,0.0535,0.3278,0.0046,0.0117,0.0174,0.3002,0.1735,0.189,2.393,2,411548832,2147204832,1,0,116476604,755,745,1,1,0,0,0,0
755,0.0459,3.9904,3.2557,0.0033,3.2522,3.2387,0.0098,0.0016,0.3887,0.7018,0.0158,0.009,0.0102,0.0922,0.0066,0.0399,0.0055,0.0061,0.0404,0.0378,0.0025,0.0371,0.2474,0.0041,0.0185,0.0306,0.3451,0.1483,0.1621,4.8556,3,411548832,2147197792,2,0,116476604,756,746,1,1,0,0,0,0
756,0.058,2.2782,1.3219,0.0035,1.3183,1.3081,0.0082,0.0013,0.4397,0.9358,0.025,0.0113,0.0113,0.1316,0.0107,0.0848,0.0054,0.0062,0.0683,0.0628,0.0047,0.0614,0.4089,0.0057,0.0118,0.0198,0.3625,0.1767,0.2152,3.2503,4,411548832,2147205536,0,0,116476604,757,747,1,1,0,0,0,0
757,0.1854,6.7973,2.5713,0.0186,2.5521,2.4821,0.0539,0.0086,1.6657,4.1683,0.0461,0.028,0.0605,0.6768,0.0453,0.4759,0.0384,0.0198,0.2498,0.3507,0.0383,0.4144,2.1676,0.0257,0.0383,0.0478,0.9082,0.3684,0.2824,8.9679,5,411548832,2147194976,1,0,116476604,758,748,1,1,0,0,0,0
758,0.0475,1.9394,1.0197,0.0028,1.0166,1.0075,0.0066,0.0016,0.465,0.8783,0.0171,0.0107,0.0123,0.1038,0.0057,0.0415,0.0052,0.0087,0.0519,0.067,0.0048,0.0688,0.333,0.0073,0.0235,0.037,0.6546,0.4582,0.3258,3.6955,6,411548832,2147200608,2,0,116476604,759,749,1,1,0,0,0,0
759,0.0375,1.3303,0.654,0.0022,0.6516,0.6432,0.0061,0.0013,0.2843,0.6585,0.0104,0.006,0.0094,0.1036,0.0065,0.0556,0.0051,0.0055,0.0526,0.052,0.0041,0.0522,0.316,0.0051,0.0106,0.0172,0.2922,0.168,0.1331,2.0986,7,411548832,2147206944,0,0,116476604,760,750,1,1,0,0,0,0
760,0.0397,1.0612,0.6641,0.0027,0.6613,0.6538,0.0056,0.001,0.1838,0.3836,0.0085,0.0044,0.0048,0.0541,0.0032,0.0271,0.003,0.0027,0.0288,0.0277,0.002,0.0274,0.1651,0.0024,0.0074,0.0137,0.2797,0.1684,0.277,2.0732,0,411548832,2147199200,1,0,116476604,761,751,1,1,0,0,0,0
761,0.0663,11.1155,10.3998,0.0059,10.3936,10.3807,0.0088,0.0013,0.3745,0.683,0.0161,0.0103,0.0138,0.0879,0.005,0.0378,0.0057,0.0056,0.0407,0.038,0.0024,0.0355,0.2399,0.0041,0.0186,0.0332,0.5034,0.229,0.1736,12.2955,1,411548832,2147210464,2,0,116476604,762,752,1,1,0,0,0,0
762,0.0656,2.1295,1.3782,0.004,1.3738,1.3649,0.0054,0.0021,0.311,0.7304,0.0117,0.0068,0.0112,0.1165,0.0075,0.0634,0.0057,0.0055,0.0649,0.0686,0.0039,0.0449,0.3583,0.003,0.0135,0.0167,0.2606,0.1207,0.1976,2.9021,2,411548832,2147204832,0,0,116476604,763,753,1,1,0,0,0,0
763,0.0404,1.2415,0.6369,0.003,0.6338,0.6273,0.0045,0.0012,0.1799,0.5782,0.0081,0.0043,0.0054,0.0549,0.0033,0.0262,0.0027,0.0168,0.0942,0.0836,0.0043,0.0771,0.336,0.0125,0.0151,0.0245,0.3087,0.1425,0.1177,1.9908,3,411548832,2147197792,1,0,116476604,764,754,1,1,0,0,0,0
764,0.0506,25.3993,24.6267,0.0043,24.6222,24.6058,0.0118,0.0024,0.4471,0.7414,0.0152,0.0095,0.0104,0.1024,0.0049,0.0338,0.004,0.0041,0.036,0.0311,0.0021,0.033,0.2363,0.003,0.017,0.0282,0.2397,0.1778,0.1665,26.199,4,411548832,2147205536,2,0,116476604,765,755,1,1,0,0,0,0
765,0.0441,1.517,0.7087,0.0026,0.706,0.6966,0.0072,0.0013,0.3254,0.779,0.026,0.0111,0.0124,0.1147,0.0072,0.0616,0.0053,0.0056,0.0636,0.0611,0.005,0.0674,0.3684,0.0052,0.017,0.0314,0.4148,0.234,0.2096,2.6398,5,411548832,2147194976,0,0,116476604,766,756,1,1,0,0,0,0
766,0.0767,2.3055,1.7719,0.0034,1.7683,1.759,0.0066,0.0015,0.2508,0.5159,0.0099,0.0066,0.0076,0.0807,0.0042,0.0358,0.004,0.004,0.0351,0.0339,0.0026,0.0336,0.2191,0.0031,0.0094,0.018,0.24,0.1364,0.1613,3.0662,6,411548832,2147200608,1,0,116476604,767,757,1,1,0,0,0,0
767,0.0443,1.8336,0.7245,0.0027,0.7214,0.713,0.006,0.0013,0.2336,1.0946,0.0097,0.0064,0.0079,0.6372,0.0053,0.0527,0.0031,0.003,0.0329,0.0452,0.0024,0.0491,0.8171,0.0028,0.0089,0.0151,0.2696,0.1344,0.1622,2.5784,7,411548832,2147206944,2,0,116476604,768,758,1,1,0,0,0,0
768,0.123,3.0109,1.6357,0.013,1.6224,1.5902,0.0233,0.005,0.5991,1.3401,0.0177,0.0131,0.023,0.2175,0.0235,0.1414,0.0091,0.009,0.093,0.0785,0.007,0.0867,0.6171,0.0099,0.0216,0.034,0.4724,0.2364,0.4519,4.5728,0,411548832,2147199200,0,0,116476604,769,759,1,1,0,0,0,0
769,0.0412,1.6573,0.7171,0.0032,0.7137,0.7056,0.006,0.0014,0.4039,0.8636,0.0097,0.0051,0.0058,0.0788,0.0051,0.0538,0.0066,0.0082,0.061,0.044,0.0038,0.144,0.3816,0.0257,0.0452,0.064,1.3882,0.676,0.721,5.0927,1,411548832,2147210464,1,0,116476604,770,760,1,1,0,0,0,0
770,0.0476,1.358,0.698,0.0026,0.6953,0.688,0.0051,0.0013,0.2625,0.6411,0.0105,0.0053,0.01,0.1046,0.0063,0.0554,0.0052,0.0049,0.0548,0.0536,0.004,0.0534,0.3218,0.0045,0.0113,0.0194,0.3127,0.3323,0.2147,2.4891,2,411548832,2147204832,2,0,116476604,771,761,1,1,0,0,0,0
771,0.0464,1.2757,0.8052,0.0038,0.8013,0.7929,0.006,0.0011,0.2076,0.4541,0.0107,0.0047,0.0058,0.0761,0.0041,0.0324,0.003,0.0032,0.033,0.0326,0.0022,0.0319,0.206,0.0028,0.0085,0.0158,0.2541,0.1406,0.142,2.0168,3,411548832,2147197792,0,0,116476604,772,762,1,1,0,0,0,0
772,0.1134,1.6714,1.0431,0.0038,1.0382,1.0281,0.0079,0.001,0.2406,0.6127,0.0125,0.0066,0.0079,0.1105,0.0109,0.0511,0.0057,0.0034,0.0553,0.0544,0.0027,0.043,0.3143,0.003,0.0093,0.0162,0.3568,0.1399,0.1349,2.5467,4,411548832,2147205536,1,0,116476604,773,763,1,1,0,0,0,0
773,0.086,3.6989,2.8685,0.009,2.8592,2.8452,0.0092,0.0027,0.3803,0.8003,0.0148,0.0092,0.0096,0.142,0.0166,0.0502,0.0072,0.0056,0.047,0.0658,0.0025,0.0377,0.3427,0.0037,0.0166,0.0281,1.3823,1.0478,0.764,7.535,5,411548832,2147194976,2,0,116476604,774,764,1,1,0,0,0,0
774,0.063,1.6544,0.8969,0.0054,0.891,0.88,0.0085,0.0015,0.3019,0.7386,0.0112,0.0078,0.0121,0.1366,0.0096,0.0729,0.0045,0.0043,0.0565,0.0522,0.0034,0.0541,0.3723,0.0053,0.012,0.0172,0.4192,0.1955,0.214,2.7068,6,411548832,2147200608,0,0,116476604,775,765,1,1,0,0,0,0
775,0.0863,7.5738,2.1066,0.0045,2.1016,2.0506,0.0377,0.0078,1.6381,5.3664,0.0462,0.0281,0.0696,0.6875,0.0343,0.4611,0.0195,0.0262,0.4835,0.533,0.0227,1.241,3.4061,0.0443,0.0631,0.0873,2.0015,0.5355,0.355,11.1763,7,411548832,2147206944,1,0,116476604,776,766,1,1,0,0,0,0
776,0.046,1.1537,0.7267,0.0026,0.7239,0.7151,0.0062,0.0011,0.199,0.4116,0.0078,0.0045,0.0053,0.0623,0.0032,0.0299,0.0027,0.0022,0.0302,0.0295,0.0014,0.0291,0.181,0.002,0.0084,0.0145,0.2122,0.1048,0.1342,1.7678,0,411548832,2147199200,2,0,116476604,777,767,1,1,0,0,0,0
777,0.0902,6.0661,1.8886,0.0044,1.8839,1.8675,0.0128,0.0021,0.8492,4.0803,0.0503,0.0285,0.0395,0.8907,0.0417,0.4727,0.0243,0.0743,0.4069,0.4664,0.0244,0.6354,2.8721,0.0409,0.0608,0.078,2.0783,0.7208,0.6178,10.0129,1,411548832,2147210464,0,0,116476604,778,768,1,1,0,0,0,0
778,0.0437,1.1301,0.7252,0.0024,0.7224,0.7148,0.0057,0.0009,0.1924,0.3897,0.0085,0.0047,0.0055,0.0554,0.0033,0.0271,0.0028,0.0031,0.027,0.026,0.0019,0.0263,0.1618,0.0024,0.0086,0.0153,0.2031,0.1197,0.18,1.8369,2,411548832,2147204832,1,0,116476604,779,769,1,1,0,0,0,0
779,0.0606,1.5527,0.9422,0.0033,0.9388,0.9282,0.0079,0.0013,0.2422,0.5938,0.0106,0.0056,0.0066,0.0648,0.0038,0.031,0.0037,0.0041,0.1491,0.0333,0.0025,0.0296,0.3078,0.0031,0.0103,0.0199,0.5111,0.9633,1.3865,5.334,3,411548832,2147197792,2,0,116476604,780,770,1,1,0,0,0,0
780,0.0528,1.5343,0.9693,0.0026,0.9666,0.9546,0.0093,0.0014,0.2448,0.5428,0.0083,0.0054,0.006,0.0977,0.0107,0.043,0.0035,0.0028,0.0384,0.0366,0.002,0.036,0.2517,0.0036,0.0122,0.0196,0.2957,0.1309,0.1375,2.2949,4,411548832,2147205536,0,0,116476604,781,771,1,1,0,0,0,0
781,0.0619,6.574,2.0015,0.0037,1.9976,1.9505,0.0348,0.0068,1.383,4.4818,0.0417,0.0256,0.0696,0.8141,0.0674,0.5459,0.035,0.0397,0.4713,0.3483,0.0227,0.5307,2.7103,0.0524,0.0597,0.0762,1.3957,0.5111,0.3618,9.3668,5,411548832,2147194976,1,0,116476604,782,772,1,1,0,0,0,0
782,0.0416,1.1349,0.644,0.0024,0.6415,0.6336,0.0057,0.001,0.2012,0.4753,0.0084,0.0054,0.0076,0.0825,0.0083,0.0538,0.0037,0.0024,0.0344,0.0295,0.0016,0.0291,0.2293,0.0029,0.0097,0.0151,0.2175,0.1106,0.1723,1.7992,6,411548832,2147200608,2,0,116476604,783,773,1,1,0,0,0,0
783,0.0421,1.3598,0.745,0.0024,0.7424,0.7332,0.0071,0.001,0.2311,0.5975,0.009,0.005,0.0066,0.1242,0.0098,0.0618,0.0026,0.0024,0.0468,0.0427,0.0018,0.0451,0.3206,0.0033,0.011,0.016,0.2671,0.1085,0.1356,2.0371,7,411548832,2147206944,0,0,116476604,784,774,1,1,0,0,0,0
784,0.0661,2.0654,1.1937,0.0032,1.1902,1.1802,0.0074,0.0013,0.4149,0.8537,0.0216,0.0101,0.0084,0.1147,0.0097,0.0755,0.0051,0.0053,0.0586,0.0551,0.0044,0.0582,0.3621,0.005,0.0117,0.0166,0.3113,0.1585,0.1168,2.8406,0,411548832,2147199200,1,0,116476604,785,775,1,1,0,0,0,0
785,0.0893,2.2534,1.4644,0.0036,1.4604,1.4501,0.0077,0.0014,0.3413,0.7655,0.0128,0.0076,0.0138,0.1203,0.0068,0.0607,0.0059,0.0056,0.0591,0.0577,0.0043,0.0575,0.3553,0.0051,0.0135,0.0211,0.3544,0.1468,0.1652,3.167,1,411548832,2147210464,2,0,116476604,786,776,1,1,0,0,0,0
786,0.0521,1.4281,0.93,0.0023,0.9276,0.9201,0.0056,0.0009,0.2037,0.4821,0.008,0.0048,0.006,0.0929,0.0094,0.0536,0.0032,0.003,0.0306,0.0281,0.0027,0.028,0.2332,0.0036,0.0091,0.0169,0.2042,0.1437,0.1176,2.0737,2,411548832,2147204832,0,0,116476604,787,777,1,1,0,0,0,0
787,0.1301,3.3191,1.7819,0.0204,1.7606,1.7248,0.0289,0.0034,0.6112,1.4957,0.0185,0.0116,0.0183,0.191,0.0101,0.1178,0.0066,0.0068,0.118,0.2015,0.0208,0.1387,0.767,0.0125,0.0265,0.0313,0.5685,0.3324,0.2981,4.9412,3,411548832,2147197792,1,0,116476604,788,778,1,1,0,0,0,0
788,0.181,2.8716,1.5906,0.0188,1.5713,1.5472,0.0179,0.0035,0.547,1.2544,0.0209,0.0114,0.0201,0.1822,0.0124,0.1051,0.0089,0.009,0.1023,0.1078,0.0078,0.1008,0.5982,0.008,0.0166,0.0304,0.8983,0.3295,0.2756,4.8554,4,411548832,2147205536,2,0,116476604,789,779,1,1,0,0,0,0
789,0.1991,4.7309,2.5479,0.0378,2.5088,2.4661,0.0327,0.005,0.7267,2.1516,0.0192,0.0139,0.0243,0.3845,0.0189,0.2116,0.0235,0.0163,0.1935,0.2424,0.0132,0.2338,1.2658,0.0133,0.0192,0.0301,0.4775,0.2315,0.2637,6.1609,5,411548832,2147194976,0,0,116476604,790,780,1,1,0,0,0,0
790,0.0794,2.1426,1.1229,0.0076,1.1151,1.0916,0.0192,0.0023,0.4391,0.9982,0.0179,0.0092,0.0145,0.1569,0.0108,0.0882,0.0088,0.0065,0.0768,0.0749,0.0059,0.074,0.4708,0.0062,0.0128,0.0219,0.3925,0.3011,0.4438,3.649,6,411548832,2147200608,1,0,116476604,791,781,1,1,0,0,0,0
791,0.0561,1.5991,0.9481,0.0046,0.9434,0.9336,0.0078,0.001,0.2203,0.6153,0.0098,0.0046,0.0061,0.103,0.0058,0.0435,0.0024,0.0027,0.0388,0.0514,0.0025,0.113,0.3497,0.0072,0.0156,0.0399,0.4219,0.2494,0.2611,2.8632,7,411548832,2147206944,2,0,116476604,792,782,1,1,0,0,0,0
792,0.0633,1.7141,0.9444,0.0036,0.9405,0.9293,0.0079,0.0019,0.3486,0.7509,0.0134,0.0089,0.0104,0.1241,0.007,0.0608,0.005,0.0061,0.0601,0.0589,0.0024,0.0343,0.3382,0.0039,0.0103,0.0208,0.2718,0.2471,0.2321,2.7494,0,411548832,2147199200,0,0,116476604,793,783,1,1,0,0,0,0
793,0.0475,1.3877,0.7018,0.0024,0.6989,0.6889,0.0073,0.0018,0.2952,0.6677,0.0112,0.0065,0.0094,0.1023,0.0065,0.0542,0.005,0.0053,0.0533,0.053,0.004,0.0519,0.3147,0.0044,0.0108,0.0195,0.2848,0.1102,0.1174,2.0663,1,411548832,2147210464,1,0,116476604,794,784,1,1,0,0,0,0
794,0.0914,2.2291,1.4675,0.0046,1.4627,1.4485,0.0103,0.0025,0.3784,0.7265,0.016,0.0105,0.0128,0.1155,0.0068,0.0453,0.0051,0.0065,0.0412,0.039,0.0023,0.0356,0.2766,0.0038,0.0211,0.0311,0.4061,0.225,0.4329,3.6922,2,411548832,2147204832,2,0,116476604,795,785,1,1,0,0,0,0
795,0.0413,1.4431,0.7375,0.0026,0.7348,0.7255,0.007,0.0014,0.2954,0.6856,0.0119,0.0066,0.0098,0.1055,0.0068,0.0575,0.0058,0.0061,0.0566,0.0543,0.0042,0.0549,0.3288,0.0045,0.0124,0.0188,0.318,0.1463,0.1203,2.1915,3,411548832,2147197792,0,0,116476604,796,786,1,1,0,0,0,0
796,0.0767,3.0557,2.1412,0.0042,2.1368,2.1126,0.0186,0.0027,0.3692,0.8881,0.0148,0.0083,0.0075,0.1597,0.0154,0.0865,0.0098,0.0094,0.0576,0.0647,0.0047,0.0666,0.4351,0.0059,0.017,0.0445,1.5589,0.828,1.0267,7.2176,4,411548832,2147205536,1,0,116476604,797,787,1,1,0,0,0,0
797,0.0453,1.1415,0.722,0.0027,0.7192,0.7119,0.0051,0.0012,0.1966,0.4052,0.0084,0.0045,0.0056,0.06,0.0033,0.0279,0.0029,0.003,0.028,0.0273,0.0021,0.0285,0.1717,0.0031,0.0087,0.0152,0.206,0.11,0.15,1.789,5,411548832,2147194976,2,0,116476604,798,788,1,1,0,0,0,0
798,0.0972,2.1907,1.2733,0.0038,1.2689,1.2615,0.0051,0.001,0.3593,0.8926,0.0145,0.0078,0.0109,0.1227,0.0074,0.1496,0.0052,0.0058,0.0713,0.061,0.0046,0.061,0.4656,0.0054,0.014,0.0214,0.3557,0.2199,0.2354,3.2939,6,411548832,2147200608,0,0,116476604,799,789,1,1,0,0,0,0
799,0.05,1.5535,0.746,0.0034,0.7424,0.7337,0.0061,0.0014,0.3204,0.7873,0.0128,0.0071,0.0103,0.1182,0.0072,0.0604,0.0059,0.0146,0.0602,0.0919,0.0052,0.0611,0.3918,0.0054,0.0125,0.0181,0.2293,0.1054,0.1474,2.2109,7,411548832,2147206944,1,0,116476604,800,790,1,1,0,0,0,0
800,0.0608,1.8493,0.9434,0.0035,0.9397,0.9308,0.007,0.0013,0.4682,0.883,0.0147,0.008,0.0098,0.114,0.0071,0.0605,0.006,0.0051,0.0577,0.0578,0.0044,0.0567,0.3467,0.0062,0.0133,0.0244,0.3694,0.2581,0.2086,2.9789,0,411548832,2147199200,2,0,116476604,801,791,1,1,0,0,0,0
801,0.0833,2.448,1.497,0.0055,1.491,1.4685,0.0167,0.0029,0.4289,0.9213,0.0092,0.0061,0.0092,0.1052,0.0051,0.0596,0.0038,0.004,0.0614,0.0848,0.007,0.1102,0.4212,0.0198,0.0179,0.0231,0.4751,0.1728,0.1674,3.5549,1,411548832,2147210464,0,0,116476604,802,792,1,1,0,0,0,0
802,0.0514,1.6604,0.9815,0.0043,0.977,0.9634,0.011,0.0013,0.2716,0.6591,0.0097,0.0061,0.0093,0.1291,0.0087,0.0531,0.0071,0.0048,0.0531,0.0459,0.0031,0.0478,0.329,0.0041,0.0117,0.0185,0.2966,0.1824,0.1435,2.5454,2,411548832,2147204832,1,0,116476604,803,793,1,1,0,0,0,0
803,0.0628,2.336,1.4134,0.0052,1.408,1.395,0.0099,0.0015,0.3334,0.8996,0.012,0.0102,0.0141,0.1487,0.0071,0.1109,0.0131,0.0067,0.103,0.0596,0.0052,0.0594,0.4816,0.0072,0.014,0.0221,0.3386,0.1893,0.192,3.3125,3,411548832,2147197792,2,0,116476604,804,794,1,1,0,0,0,0
804,0.0624,2.181,0.8661,0.006,0.86,0.8473,0.0096,0.0019,0.3472,1.2937,0.0126,0.0061,0.01,0.3714,0.0126,0.1257,0.0091,0.01,0.1079,0.1724,0.0071,0.0862,0.8636,0.0076,0.0142,0.0198,0.3157,0.1992,0.1685,3.1508,4,411548832,2147205536,0,0,116476604,805,795,1,1,0,0,0,0
805,0.1848,6.1273,2.4015,0.0189,2.3821,2.3326,0.0376,0.0063,1.7507,3.6764,0.0463,0.031,0.065,0.7819,0.0445,0.203,0.0154,0.0156,0.1743,0.2297,0.0191,0.2533,1.6422,0.0209,0.0314,0.0395,0.9088,0.3396,0.2904,8.1735,5,411548832,2147194976,1,0,116476604,806,796,1,1,0,0,0,0
806,0.0817,1.7189,0.9723,0.0048,0.9669,0.9575,0.007,0.0011,0.3146,0.7272,0.0113,0.0065,0.0099,0.1137,0.007,0.0611,0.0055,0.0057,0.0593,0.0584,0.0047,0.058,0.3505,0.0052,0.0119,0.0182,0.3707,0.1526,0.1832,2.6283,6,411548832,2147200608,2,0,116476604,807,797,1,1,0,0,0,0
807,0.044,1.1149,0.6962,0.0026,0.6934,0.6845,0.0069,0.001,0.1975,0.4041,0.009,0.0043,0.005,0.0597,0.0033,0.0276,0.0031,0.0029,0.0305,0.027,0.002,0.0264,0.1712,0.0026,0.0079,0.0154,0.2049,0.1128,0.1276,1.7301,7,411548832,2147206944,0,0,116476604,808,798,1,1,0,0,0,0
808,0.0476,1.3911,0.7414,0.0035,0.7377,0.7284,0.0065,0.0014,0.2469,0.6287,0.0099,0.0057,0.0075,0.0843,0.0051,0.0493,0.0063,0.0059,0.0654,0.0637,0.0047,0.0628,0.3255,0.0052,0.0131,0.0197,0.4289,0.199,0.2757,2.5692,0,411548832,2147199200,1,0,116476604,809,799,1,1,0,0,0,0
809,0.0743,3.339,1.0676,0.0031,1.0643,1.0543,0.0071,0.0014,0.3173,2.1865,0.0122,0.0074,0.009,0.1975,0.0643,0.5275,0.0383,0.0363,0.4057,0.2548,0.0154,0.2505,1.636,0.0224,0.051,0.0793,2.4719,0.937,0.7761,8.2518,1,411548832,2147210464,2,0,116476604,810,800,1,1,0,0,0,0
810,0.0655,2.1039,0.9979,0.005,0.9926,0.9723,0.0161,0.0018,0.4094,1.0676,0.0079,0.006,0.0081,0.1817,0.0101,0.1541,0.0169,0.0092,0.1092,0.0605,0.0032,0.0725,0.578,0.0095,0.0245,0.0352,0.536,0.2245,0.311,3.5302,2,411548832,2147204832,0,0,116476604,811,801,1,1,0,0,0,0
811,0.0421,1.1304,0.6782,0.0027,0.6754,0.6678,0.0056,0.001,0.206,0.4376,0.0085,0.0044,0.0061,0.0648,0.0032,0.0339,0.0028,0.0024,0.0329,0.0328,0.0018,0.0328,0.1972,0.0022,0.0082,0.0149,0.2297,0.1054,0.1238,1.7429,3,411548832,2147197792,1,0,116476604,812,802,1,1,0,0,0,0
812,0.0435,1.1824,0.7204,0.0024,0.7179,0.7112,0.0045,0.0013,0.1984,0.4477,0.0084,0.0046,0.0053,0.0643,0.004,0.037,0.0038,0.0037,0.0361,0.0358,0.003,0.0359,0.2091,0.0033,0.0083,0.0141,0.3109,0.1624,0.1873,2.0511,4,411548832,2147205536,2,0,116476604,813,803,1,1,0,0,0,0
813,0.0381,1.2838,0.7206,0.0022,0.7183,0.7091,0.0066,0.0013,0.226,0.5352,0.0108,0.0059,0.0064,0.0662,0.0038,0.0294,0.0037,0.0033,0.031,0.0306,0.0024,0.0282,0.1854,0.0837,0.0153,0.0267,0.3594,0.2281,0.3465,2.4931,5,411548832,2147194976,0,0,116476604,814,804,1,1,0,0,0,0
814,0.0668,2.0076,1.1218,0.0057,1.1159,1.1002,0.0115,0.0021,0.3269,0.8638,0.0118,0.0074,0.0099,0.1109,0.0068,0.0622,0.0047,0.0042,0.0611,0.0611,0.0033,0.1824,0.4777,0.0053,0.0118,0.0216,0.411,0.1907,0.1891,3.0719,6,411548832,2147200608,1,0,116476604,815,805,1,1,0,0,0,0
815,0.0399,1.0812,0.6598,0.002,0.6578,0.649,0.0064,0.0014,0.1917,0.4028,0.0075,0.004,0.0054,0.0569,0.0032,0.0279,0.0032,0.003,0.0278,0.0275,0.002,0.0341,0.1742,0.0054,0.0111,0.0253,0.3824,0.2054,0.1754,2.064,7,411548832,2147206944,2,0,116476604,816,806,1,1,0,0,0,0
816,0.0605,1.8569,1.0295,0.0023,1.027,1.0112,0.0128,0.0018,0.335,0.8003,0.0145,0.009,0.0107,0.1246,0.0092,0.0711,0.0062,0.0062,0.0673,0.0683,0.0052,0.06,0.3913,0.0061,0.0151,0.0258,0.4054,0.2073,0.1986,2.8977,0,411548832,2147199200,0,0,116476604,817,807,1,1,0,0,0,0
817,0.0474,1.1008,0.5569,0.0036,0.5532,0.5474,0.004,0.0012,0.2216,0.534,0.0073,0.0039,0.007,0.1055,0.0031,0.0359,0.0039,0.0025,0.0378,0.0261,0.0012,0.0719,0.2772,0.0022,0.0034,0.0197,0.2165,0.1094,0.1843,1.8116,1,411548832,2147210464,1,0,116476604,818,808,1,1,0,0,0,0
818,0.1068,2.9905,1.8056,0.0124,1.7927,1.7671,0.0204,0.0026,0.4861,1.1581,0.0171,0.0105,0.0186,0.2242,0.0099,0.1051,0.0055,0.0056,0.0941,0.0824,0.0042,0.0822,0.588,0.0048,0.0145,0.0299,0.5204,0.2696,0.3254,4.4553,2,411548832,2147204832,2,0,116476604,819,809,1,1,0,0,0,0
819,0.0482,1.6103,0.868,0.0021,0.8657,0.8526,0.0103,0.0015,0.297,0.7256,0.0101,0.0057,0.0094,0.1222,0.008,0.0399,0.0032,0.0066,0.0544,0.1041,0.0029,0.0544,0.375,0.0027,0.008,0.0178,0.4439,0.1581,0.2544,2.741,3,411548832,2147197792,0,0,116476604,820,810,1,1,0,0,0,0
820,0.0495,1.5042,0.8858,0.0023,0.8833,0.8742,0.007,0.0011,0.2706,0.6032,0.0102,0.0058,0.0087,0.0862,0.0036,0.0506,0.0063,0.0038,0.0659,0.0348,0.0016,0.0474,0.2849,0.0035,0.0083,0.0139,0.2533,0.2151,2.1567,4.8433,4,411548832,2147205536,1,0,116476604,821,811,1,1,0,0,0,0
821,0.1103,2.3774,1.4373,0.0068,1.4302,1.4135,0.0133,0.0019,0.3817,0.9219,0.0132,0.0073,0.0158,0.1546,0.0094,0.0843,0.0055,0.0047,0.0996,0.0654,0.0035,0.0649,0.4688,0.0047,0.0103,0.0197,0.3703,0.1737,0.405,3.6225,5,411548832,2147194976,2,0,116476604,822,812,1,1,0,0,0,0
822,0.0551,1.2306,0.7272,0.0022,0.7247,0.7201,0.0029,0.0009,0.1672,0.4843,0.007,0.0043,0.0049,0.0605,0.0024,0.0288,0.0021,0.0018,0.0284,0.0357,0.0034,0.1316,0.285,0.0036,0.0113,0.0169,0.2898,0.1757,0.2009,2.1335,6,411548832,2147200608,0,0,116476604,823,813,1,1,0,0,0,0
823,0.0485,57.9086,56.874,0.0035,56.8704,56.8537,0.0126,0.002,0.4816,1.0175,0.016,0.0098,0.01,0.1056,0.0042,0.0391,0.0054,0.0056,0.0428,0.1343,0.0167,0.1332,0.455,0.004,0.0094,0.0162,0.3125,0.2289,0.2444,58.9332,7,411548832,2147206944,1,0,116476604,824,814,1,1,0,0,0,0
824,0.0436,1.3869,0.6841,0.0028,0.6812,0.6727,0.0065,0.001,0.2769,0.684,0.0104,0.0066,0.0089,0.1041,0.0115,0.064,0.0051,0.005,0.0592,0.0582,0.0048,0.0579,0.3434,0.005,0.0109,0.0196,0.3231,0.1771,0.1342,2.2274,0,411548832,2147199200,2,0,116476604,825,815,1,1,0,0,0,0
825,0.1738,10.1219,8.8262,0.0183,8.8073,8.7826,0.0201,0.0023,0.5369,1.2569,0.0185,0.0118,0.0131,0.155,0.0104,0.0774,0.0072,0.0079,0.0777,0.1382,0.0109,0.164,0.6123,0.0179,0.0228,0.0312,0.6078,0.2483,0.2242,11.6536,1,411548832,2147210464,0,0,116476604,826,816,1,1,0,0,0,0
826,0.0394,1.3274,0.6744,0.0025,0.6718,0.6646,0.0051,0.0012,0.2729,0.6394,0.0105,0.0056,0.0096,0.1012,0.0067,0.0566,0.0049,0.0048,0.0552,0.0549,0.0042,0.0439,0.3118,0.0026,0.0081,0.0135,0.1947,0.1029,0.1273,1.9018,2,411548832,2147204832,1,0,116476604,827,817,1,1,0,0,0,0
827,0.0552,21.9702,20.9413,0.0029,20.9383,20.9201,0.0143,0.0018,0.4819,0.9929,0.0221,0.0118,0.0133,0.1551,0.0085,0.0668,0.0074,0.008,0.0705,0.065,0.0051,0.0638,0.4212,0.0059,0.0211,0.0348,0.3899,0.1731,0.2026,22.9675,3,411548832,2147197792,2,0,116476604,828,818,1,1,0,0,0,0
828,0.0408,1.0801,0.6376,0.0023,0.6352,0.6277,0.0056,0.0011,0.2176,0.4291,0.0081,0.0043,0.0052,0.0601,0.005,0.0279,0.0028,0.0029,0.0296,0.0283,0.0019,0.0287,0.1746,0.0025,0.0076,0.0128,0.1961,0.1052,0.1893,1.7229,4,411548832,2147205536,0,0,116476604,829,819,1,1,0,0,0,0
829,0.1064,10.9018,9.7967,0.0046,9.7917,9.7751,0.012,0.0024,0.4839,1.0751,0.0209,0.0141,0.0152,0.1434,0.0087,0.0617,0.0055,0.0069,0.0611,0.1051,0.0057,0.1214,0.4927,0.0128,0.0187,0.0281,0.4424,0.2212,0.2283,12.1136,5,411548832,2147194976,1,0,116476604,830,820,1,1,0,0,0,0
830,0.0736,1.5039,0.9667,0.0039,0.9626,0.9523,0.0074,0.0016,0.2584,0.5144,0.0127,0.008,0.0077,0.0695,0.004,0.0348,0.004,0.004,0.036,0.0331,0.0023,0.0327,0.2061,0.0032,0.0126,0.0204,0.2749,0.1559,0.2602,2.4257,6,411548832,2147200608,2,0,116476604,831,821,1,1,0,0,0,0
831,0.0443,1.3599,0.6781,0.0021,0.6757,0.6675,0.0061,0.0011,0.2871,0.6631,0.0123,0.0061,0.0091,0.1023,0.0066,0.0544,0.0054,0.0051,0.0546,0.0528,0.0041,0.0534,0.3175,0.0044,0.0118,0.0176,0.2981,0.1776,0.1311,2.1945,7,411548832,2147206944,0,0,116476604,832,822,1,1,0,0,0,0
832,0.0579,6.2072,5.1018,0.0053,5.0963,5.0744,0.0161,0.0035,0.5006,1.0731,0.0174,0.0151,0.0153,0.2008,0.0059,0.0971,0.008,0.0077,0.0519,0.0858,0.0059,0.0482,0.4838,0.0072,0.0177,0.035,0.3404,0.1698,0.2338,7.2043,0,411548832,2147199200,1,0,116476604,833,823,1,1,0,0,0,0
833,0.135,3.7128,2.1254,0.0161,2.1086,2.0793,0.0217,0.0042,0.732,1.5573,0.0186,0.0111,0.028,0.2509,0.0233,0.182,0.0115,0.006,0.0983,0.0872,0.0055,0.0854,0.7038,0.0069,0.0169,0.0319,0.6335,0.261,0.2385,5.2076,1,411548832,2147210464,2,0,116476604,834,824,1,1,0,0,0,0
834,0.1801,5.6774,2.4945,0.0185,2.4755,2.4278,0.0343,0.007,1.4854,3.1381,0.0324,0.0179,0.0301,0.3255,0.0205,0.1742,0.0137,0.0217,0.387,0.297,0.0184,0.2801,1.4638,0.0163,0.0271,0.0396,0.7507,0.3676,0.316,7.6219,2,411548832,2147204832,0,0,116476604,835,825,1,1,0,0,0,0
835,0.0958,2.0229,1.4795,0.0045,1.4744,1.4622,0.0089,0.0014,0.2742,0.521,0.0108,0.0077,0.0071,0.0736,0.0039,0.0316,0.0033,0.0041,0.0328,0.0305,0.0024,0.0308,0.1993,0.003,0.0123,0.0228,0.2734,0.1594,0.1965,2.9093,3,411548832,2147197792,1,0,116476604,836,826,1,1,0,0,0,0
836,0.0444,1.0807,0.6841,0.0028,0.6811,0.6703,0.0083,0.0011,0.1841,0.3829,0.0072,0.0041,0.0055,0.0565,0.0032,0.0274,0.0027,0.0026,0.0282,0.0274,0.0019,0.0264,0.1659,0.0027,0.0078,0.015,0.1884,0.1089,0.1418,1.6788,4,411548832,2147205536,2,0,116476604,837,827,1,1,0,0,0,0
837,0.0454,22.8396,21.9787,0.0026,21.976,21.9596,0.0122,0.0022,0.3521,0.8341,0.0132,0.0118,0.015,0.114,0.0073,0.0814,0.0061,0.0156,0.0696,0.0529,0.005,0.0776,0.3955,0.0059,0.0154,0.0222,0.2936,0.1574,0.2173,23.7315,5,411548832,2147194976,0,0,116476604,838,828,1,1,0,0,0,0
838,0.0411,1.4294,0.6784,0.0027,0.6755,0.6674,0.0056,0.0014,0.3105,0.7318,0.0121,0.0063,0.0102,0.1146,0.0071,0.0614,0.0052,0.0058,0.0626,0.0598,0.0048,0.0601,0.3585,0.0053,0.0122,0.0184,0.3103,0.1138,0.1241,2.1383,6,411548832,2147200608,1,0,116476604,839,829,1,1,0,0,0,0
839,0.1079,16.7703,15.5259,0.0036,15.5222,15.4956,0.0198,0.0042,0.5466,1.2142,0.0191,0.0105,0.0168,0.1999,0.0122,0.1039,0.0094,0.0074,0.0942,0.0864,0.0065,0.0843,0.5687,0.007,0.0178,0.0281,0.4787,0.2719,0.3922,18.2722,7,411548832,2147206944,2,0,116476604,840,830,1,1,0,0,0,0
840,0.0692,1.9492,1.1509,0.0059,1.1448,1.13,0.011,0.0018,0.35,0.7806,0.0147,0.009,0.0111,0.1292,0.007,0.0595,0.0056,0.0065,0.0587,0.0571,0.0046,0.0561,0.3606,0.0049,0.0092,0.0246,0.3506,0.2057,0.2352,3.0121,0,411548832,2147199200,0,0,116476604,841,831,1,1,0,0,0,0
841,0.1795,4.5967,2.5004,0.0183,2.4816,2.448,0.0251,0.0044,0.9931,2.0543,0.0274,0.0191,0.0359,0.3715,0.0285,0.1442,0.0092,0.0094,0.1334,0.1243,0.0072,0.1249,0.8983,0.0112,0.0276,0.0359,0.6668,0.4225,0.355,6.5895,1,411548832,2147210464,1,0,116476604,842,832,1,1,0,0,0,0
842,0.0574,8.2223,3.4282,0.0026,3.4255,3.3601,0.0519,0.0076,1.5264,4.7317,0.0386,0.0237,0.0425,0.914,0.0486,0.5749,0.1824,0.0265,0.5878,0.3277,0.0259,0.3554,2.7598,0.0187,0.0394,0.0492,1.1519,0.5693,0.3844,10.976,2,411548832,2147204832,2,0,116476604,843,833,1,1,0,0,0,0
843,0.0429,1.4532,0.7005,0.0025,0.6975,0.69,0.0051,0.0012,0.3453,0.736,0.012,0.0082,0.0132,0.1091,0.0065,0.0566,0.0047,0.0048,0.0549,0.0531,0.0042,0.0526,0.3263,0.0049,0.0106,0.0177,0.2976,0.1739,0.1637,2.2876,3,411548832,2147197792,0,0,116476604,844,834,1,1,0,0,0,0
844,0.0475,1.2522,0.8139,0.003,0.8107,0.8026,0.006,0.0012,0.2076,0.4231,0.0093,0.0055,0.0057,0.0584,0.0037,0.0308,0.0031,0.0033,0.0301,0.0294,0.0021,0.0287,0.1774,0.0025,0.0088,0.0154,0.2144,0.1155,0.1403,1.8955,4,411548832,2147205536,1,0,116476604,845,835,1,1,0,0,0,0
845,0.0453,1.2651,0.7994,0.0031,0.7962,0.7888,0.0055,0.001,0.2244,0.4507,0.0086,0.0049,0.0065,0.0654,0.004,0.0313,0.0032,0.0032,0.0328,0.0292,0.0022,0.0285,0.1872,0.0029,0.0088,0.015,0.2462,0.1287,0.1501,1.9978,5,411548832,2147194976,2,0,116476604,846,836,1,1,0,0,0,0
846,0.0487,1.3442,0.6957,0.0024,0.6932,0.6861,0.0049,0.0013,0.2827,0.6348,0.0092,0.0063,0.0073,0.1408,0.0044,0.0662,0.004,0.0031,0.0405,0.032,0.0023,0.0294,0.3089,0.0028,0.0079,0.0147,0.2058,0.1311,0.1652,2.0401,6,411548832,2147200608,0,0,116476604,847,837,1,1,0,0,0,0
847,0.0496,1.8961,0.854,0.0023,0.8516,0.8346,0.0139,0.0015,0.3838,1.0036,0.017,0.0107,0.0143,0.1503,0.0075,0.0634,0.0061,0.0115,0.1295,0.12,0.0046,0.067,0.5302,0.0088,0.0229,0.0354,0.4448,0.8439,1.0824,5.0905,7,411548832,2147206944,1,0,116476604,848,838,1,1,0,0,0,0
848,0.0521,1.8815,1.0713,0.0026,1.0686,1.0596,0.0067,0.0013,0.3802,0.7756,0.0195,0.0113,0.0104,0.1131,0.0044,0.0416,0.0052,0.0197,0.0616,0.0552,0.0047,0.0401,0.3116,0.0031,0.0199,0.0365,0.4305,0.2317,0.2205,3.0438,0,411548832,2147199200,2,0,116476604,849,839,1,1,0,0,0,0
849,0.0742,2.3826,1.2536,0.0039,1.2491,1.2323,0.0126,0.0022,0.5729,1.1092,0.0259,0.0147,0.0151,0.1658,0.0089,0.0518,0.0067,0.0062,0.0519,0.1302,0.003,0.046,0.4457,0.004,0.0113,0.0185,0.3887,0.191,0.1812,3.368,1,411548832,2147210464,0,0,116476604,850,840,1,1,0,0,0,0
850,0.0487,1.6659,0.8337,0.0038,0.8296,0.817,0.0102,0.0013,0.3,0.7709,0.0149,0.0085,0.0116,0.1236,0.0055,0.0449,0.0089,0.0042,0.0439,0.0566,0.0032,0.1105,0.3795,0.0267,0.0372,0.0542,1.7675,1.3012,1.8784,8.7722,2,411548832,2147204832,1,0,116476604,851,841,1,1,0,0,0,0
851,0.0653,1.8761,1.0709,0.0055,1.0652,1.0537,0.0086,0.0012,0.3098,0.7876,0.0085,0.0057,0.0073,0.0999,0.0074,0.1086,0.0122,0.0048,0.109,0.0557,0.0036,0.0439,0.4171,0.0044,0.0111,0.0203,0.3691,0.1703,0.2645,3.0197,3,411548832,2147197792,2,0,116476604,852,842,1,1,0,0,0,0
852,0.0545,8.2963,3.0053,0.0029,3.0023,2.9343,0.0549,0.008,1.2245,5.2106,0.0328,0.0245,0.0393,0.9017,0.0514,0.8012,0.0649,0.0398,0.7312,0.517,0.0415,0.6635,3.6146,0.0343,0.055,0.0608,1.2277,0.456,0.3845,10.8932,4,411548832,2147205536,0,0,116476604,853,843,1,1,0,0,0,0
853,0.0488,1.5594,0.8897,0.0043,0.8853,0.876,0.0071,0.0011,0.2885,0.6508,0.0093,0.0057,0.0108,0.0961,0.0055,0.0585,0.0063,0.0036,0.0631,0.0477,0.0027,0.0441,0.3095,0.0036,0.0114,0.0159,0.3389,0.1679,0.1832,2.4986,5,411548832,2147194976,1,0,116476604,854,844,1,1,0,0,0,0
854,0.0565,1.4857,0.853,0.0047,0.8479,0.8407,0.0051,0.0013,0.2513,0.618,0.0091,0.006,0.0091,0.0934,0.0047,0.0641,0.0034,0.0037,0.0698,0.0469,0.0027,0.0472,0.3214,0.003,0.0069,0.0172,0.3056,0.1679,0.225,2.5527,6,411548832,2147200608,2,0,116476604,855,845,1,1,0,0,0,0
855,0.0483,1.5871,0.7575,0.0029,0.7544,0.7468,0.0054,0.0012,0.2424,0.805,0.0104,0.006,0.0073,0.1486,0.01,0.1685,0.0068,0.0033,0.0723,0.0461,0.0042,0.0689,0.5044,0.0054,0.0154,0.0241,1.2036,2.3606,0.8619,7.2444,7,411548832,2147206944,0,0,116476604,856,846,1,1,0,0,0,0
856,0.0809,2.3221,1.17,0.0074,1.1621,1.15,0.008,0.0021,0.4614,1.1292,0.0215,0.0157,0.0121,0.1612,0.0084,0.1027,0.0222,0.0083,0.1382,0.0906,0.0093,0.0609,0.5536,0.0051,0.0123,0.0221,0.4716,0.2732,0.2198,3.5714,0,411548832,2147199200,1,0,116476604,857,847,1,1,0,0,0,0
857,0.0577,1.5987,0.9796,0.0038,0.9755,0.9603,0.0118,0.0016,0.307,0.6038,0.0113,0.0071,0.0107,0.1087,0.0057,0.0419,0.0025,0.003,0.0336,0.0316,0.0019,0.0328,0.2486,0.0022,0.0087,0.0173,0.2637,0.1705,0.1809,2.4895,1,411548832,2147210464,2,0,116476604,858,848,1,1,0,0,0,0
858,0.1288,2.9911,1.5782,0.0178,1.5597,1.5404,0.0128,0.0037,0.5462,1.3837,0.019,0.0113,0.0199,0.2258,0.0101,0.1341,0.0224,0.0212,0.1347,0.1168,0.0103,0.094,0.7054,0.0081,0.0184,0.0325,0.5523,0.3044,0.3152,4.5857,2,411548832,2147204832,0,0,116476604,859,849,1,1,0,0,0,0
859,0.0829,2.1602,1.4888,0.0026,1.4859,1.4704,0.0105,0.0034,0.3511,0.6541,0.0156,0.0084,0.0113,0.1167,0.0052,0.049,0.0033,0.0039,0.0277,0.0283,0.0019,0.0246,0.2463,0.0027,0.0076,0.0192,0.2972,0.1849,0.2669,3.2216,3,411548832,2147197792,1,0,116476604,860,850,1,1,0,0,0,0
860,0.0963,3.4513,1.583,0.0139,1.5685,1.5386,0.0229,0.0034,0.6656,1.8345,0.0203,0.014,0.0268,0.2825,0.0152,0.1407,0.016,0.0182,0.2742,0.1827,0.0108,0.1435,1.0236,0.0111,0.0212,0.025,0.5832,0.2754,0.28,5.0318,4,411548832,2147205536,2,0,116476604,861,851,1,1,0,0,0,0
861,0.0524,1.5123,0.9014,0.004,0.8972,0.8883,0.0065,0.0011,0.2323,0.581,0.0099,0.0058,0.0093,0.1109,0.0062,0.0472,0.0041,0.0058,0.0479,0.0445,0.0025,0.046,0.2965,0.0029,0.013,0.0237,0.3326,0.2425,0.3376,2.7101,5,411548832,2147194976,0,0,116476604,862,852,1,1,0,0,0,0
862,0.0532,1.3128,0.7193,0.0046,0.7144,0.7047,0.0066,0.0015,0.2369,0.5612,0.0099,0.006,0.007,0.0822,0.0069,0.0489,0.0053,0.0051,0.0488,0.0455,0.0034,0.0459,0.2713,0.0035,0.0196,0.034,0.2597,0.1422,0.1794,2.1105,6,411548832,2147200608,1,0,116476604,863,853,1,1,0,0,0,0
863,0.0838,8.2091,3.7354,0.0044,3.7307,3.6763,0.0423,0.0067,1.4138,4.4234,0.0486,0.0326,0.044,0.6852,0.0584,0.4088,0.0333,0.0496,0.7707,0.4547,0.0213,0.3598,2.6792,0.013,0.0335,0.0467,0.8294,0.6672,0.393,10.7049,7,411548832,2147206944,2,0,116476604,864,854,1,1,0,0,0,0
864,0.1289,3.589,1.8068,0.0187,1.7877,1.7655,0.0165,0.0027,0.7749,1.7565,0.045,0.0116,0.0151,0.3078,0.0151,0.1903,0.0122,0.0133,0.1403,0.107,0.0077,0.0962,0.8416,0.0086,0.0143,0.0245,0.4298,0.2884,0.3567,5.045,0,411548832,2147199200,0,0,116476604,865,855,1,1,0,0,0,0
865,0.0392,1.3917,0.6811,0.0022,0.6787,0.672,0.005,0.001,0.2833,0.6957,0.0112,0.006,0.0093,0.1215,0.0077,0.0624,0.008,0.0056,0.0603,0.0594,0.0047,0.046,0.3496,0.003,0.0089,0.0144,0.1952,0.1138,0.1494,2.0119,1,411548832,2147210464,1,0,116476604,866,856,1,1,0,0,0,0
866,0.0439,1.3748,0.7198,0.0028,0.7168,0.7065,0.007,0.002,0.223,0.6327,0.0083,0.0058,0.008,0.1367,0.0112,0.0608,0.0041,0.0039,0.0524,0.0523,0.0036,0.0506,0.3528,0.0054,0.0142,0.0227,0.267,0.1648,0.1687,2.1936,2,411548832,2147204832,2,0,116476604,867,857,1,1,0,0,0,0
867,0.0717,1.9706,0.9847,0.0063,0.9781,0.9647,0.0096,0.0021,0.4772,0.9645,0.0227,0.0113,0.0142,0.1447,0.0082,0.0658,0.0062,0.007,0.0667,0.0634,0.0046,0.0591,0.3997,0.0051,0.0127,0.0189,0.3523,0.2284,0.29,3.1215,3,411548832,2147197792,0,0,116476604,868,858,1,1,0,0,0,0
868,0.0476,1.1836,0.7382,0.0029,0.7352,0.7269,0.006,0.0011,0.2036,0.4316,0.0086,0.0048,0.0057,0.0612,0.0034,0.0299,0.0029,0.0025,0.03,0.0285,0.002,0.0413,0.1909,0.0038,0.0077,0.0137,0.222,0.21,0.3426,2.2663,4,411548832,2147205536,1,0,116476604,869,859,1,1,0,0,0,0
869,0.0405,1.3049,0.7201,0.0028,0.7172,0.7103,0.0052,0.001,0.3051,0.5574,0.0126,0.0075,0.0078,0.0809,0.004,0.0297,0.0045,0.0038,0.0318,0.0307,0.0018,0.0282,0.2013,0.003,0.0156,0.038,0.7432,1.0933,0.9814,4.9394,5,411548832,2147194976,2,0,116476604,870,860,1,1,0,0,0,0
870,0.0692,2.0856,0.9572,0.0057,0.9513,0.9342,0.0133,0.0019,0.4558,1.1006,0.0159,0.0104,0.0111,0.1488,0.0098,0.0644,0.006,0.0065,0.0637,0.1515,0.0163,0.1217,0.5501,0.0081,0.0179,0.0415,0.7234,0.3888,0.2293,3.7967,6,411548832,2147200608,0,0,116476604,871,861,1,1,0,0,0,0
871,0.0709,2.4493,0.9506,0.0069,0.9436,0.9279,0.0113,0.0023,0.5244,1.4699,0.0278,0.018,0.0206,0.2361,0.0146,0.1328,0.007,0.0163,0.1063,0.1835,0.0172,0.1448,0.8035,0.0075,0.019,0.0226,0.4555,0.2651,0.3093,3.7887,7,411548832,2147206944,1,0,116476604,872,862,1,1,0,0,0,0
872,0.0402,1.369,0.6747,0.0023,0.6723,0.6647,0.0057,0.0012,0.2683,0.6697,0.0117,0.0064,0.0093,0.1076,0.0073,0.0623,0.0069,0.0062,0.0586,0.0552,0.0039,0.0539,0.3376,0.0045,0.0163,0.0177,0.3099,0.1911,0.2388,2.3268,0,411548832,2147199200,2,0,116476604,873,863,1,1,0,0,0,0
873,0.044,1.4191,0.6893,0.0024,0.6866,0.6792,0.0052,0.0014,0.2649,0.7112,0.0105,0.0067,0.0071,0.119,0.0057,0.0952,0.0101,0.0058,0.0624,0.0537,0.004,0.0534,0.3837,0.0049,0.011,0.0173,0.3236,0.1809,0.2616,2.3961,1,411548832,2147210464,0,0,116476604,874,864,1,1,0,0,0,0
874,0.0485,1.4796,0.8723,0.0034,0.8688,0.8608,0.0056,0.0011,0.2695,0.5723,0.01,0.0051,0.0083,0.0774,0.0066,0.0387,0.0052,0.0072,0.0544,0.0405,0.0027,0.0371,0.2481,0.0043,0.0211,0.04,0.4423,0.2676,0.2398,2.6934,2,411548832,2147204832,1,0,116476604,875,865,1,1,0,0,0,0
875,0.0473,1.4766,0.7971,0.0029,0.7941,0.7861,0.006,0.0011,0.3277,0.65,0.0112,0.0072,0.0137,0.1218,0.0064,0.0398,0.0046,0.0035,0.0345,0.0351,0.0025,0.0311,0.2623,0.0047,0.017,0.0239,0.2196,0.1898,0.3165,2.4537,3,411548832,2147197792,2,0,116476604,876,866,1,1,0,0,0,0
876,0.0409,1.4593,0.6782,0.0027,0.6754,0.667,0.0065,0.0009,0.2958,0.7616,0.0112,0.007,0.0128,0.1583,0.0116,0.0649,0.0068,0.0072,0.0609,0.0573,0.0042,0.0519,0.3933,0.0046,0.0118,0.0182,0.3411,0.2236,0.2879,2.5494,4,411548832,2147205536,0,0,116476604,877,867,1,1,0,0,0,0
877,0.0434,1.4874,0.721,0.0029,0.718,0.7036,0.0115,0.0014,0.2852,0.7472,0.0107,0.0061,0.0102,0.1177,0.0061,0.0602,0.0057,0.0051,0.1097,0.06,0.0035,0.0574,0.405,0.0035,0.0118,0.0192,0.3642,0.2751,0.3413,2.7709,5,411548832,2147194976,1,0,116476604,878,868,1,1,0,0,0,0
878,0.0493,1.7403,0.7827,0.0036,0.779,0.7693,0.0075,0.0012,0.2351,0.9247,0.0116,0.007,0.0104,0.1206,0.0057,0.0553,0.0046,0.0048,0.0571,0.0927,0.0403,0.258,0.5837,0.0067,0.0193,0.0284,0.4618,0.2321,0.3113,3.0894,6,411548832,2147200608,2,0,116476604,879,869,1,1,0,0,0,0
879,0.0402,1.4577,0.6779,0.0023,0.6755,0.6674,0.0055,0.0013,0.3166,0.7618,0.0093,0.006,0.0094,0.1426,0.0078,0.0659,0.0061,0.0056,0.0608,0.0589,0.0052,0.0555,0.3837,0.0048,0.0105,0.0175,0.2639,0.1185,0.2859,2.3595,7,411548832,2147206944,0,0,116476604,880,870,1,1,0,0,0,0
880,0.0402,1.0884,0.6517,0.0026,0.649,0.6416,0.0053,0.0012,0.203,0.4218,0.0083,0.0044,0.0052,0.0694,0.0036,0.0303,0.0032,0.0027,0.028,0.0283,0.002,0.0274,0.1834,0.0024,0.0081,0.0138,0.1949,0.179,0.2932,2.0454,0,411548832,2147199200,1,0,116476604,881,871,1,1,0,0,0,0
881,0.0409,1.3983,0.6822,0.0025,0.6795,0.6714,0.0062,0.0009,0.2988,0.6984,0.0112,0.0055,0.0091,0.1196,0.0067,0.0582,0.0045,0.0047,0.0562,0.0554,0.0041,0.054,0.3434,0.0046,0.0108,0.0174,0.2571,0.1102,0.1124,2.033,1,411548832,2147210464,2,0,116476604,882,872,1,1,0,0,0,0
882,0.0607,1.3502,0.8644,0.0043,0.8594,0.8503,0.0066,0.001,0.2616,0.4738,0.0064,0.0046,0.006,0.0634,0.0037,0.0294,0.003,0.0027,0.0294,0.0279,0.002,0.0278,0.1779,0.0029,0.0063,0.0141,0.1863,0.1156,0.1287,1.9634,2,411548832,2147204832,0,0,116476604,883,873,1,1,0,0,0,0
883,0.0668,83.927,83.4396,0.0022,83.4373,83.4288,0.0065,0.0011,0.2258,0.4731,0.0087,0.004,0.0057,0.0782,0.0041,0.0353,0.0035,0.0034,0.0319,0.0312,0.0026,0.0318,0.2084,0.0028,0.0085,0.0138,0.2148,0.1209,0.1485,84.5983,3,411548832,2147197792,1,0,116476604,884,874,1,1,0,0,0,0
884,0.0478,21.2148,20.4086,0.0031,20.4053,20.3902,0.0119,0.0016,0.3663,0.7874,0.0123,0.0069,0.01,0.1166,0.0072,0.0615,0.0051,0.0051,0.0603,0.0601,0.0048,0.0596,0.3581,0.0049,0.0116,0.0193,0.3212,0.1834,0.2169,22.1454,4,411548832,2147205536,2,0,116476604,885,875,1,1,0,0,0,0
885,0.2181,17.7682,16.7887,0.0274,16.7602,16.7498,0.0074,0.0012,0.3042,0.9527,0.0103,0.0066,0.0103,0.146,0.0074,0.1247,0.0098,0.0063,0.1391,0.0895,0.0034,0.0822,0.5815,0.006,0.0189,0.0193,0.3282,0.1575,0.1567,18.7841,5,411548832,2147194976,0,0,116476604,886,876,1,1,0,0,0,0
886,0.0399,24.3866,23.6249,0.0034,23.6214,23.607,0.0093,0.0027,0.411,0.7306,0.0187,0.01,0.01,0.0994,0.0059,0.037,0.0046,0.0061,0.0389,0.0375,0.0027,0.0377,0.2505,0.0044,0.0173,0.0281,0.5593,0.1893,0.2494,25.5953,6,411548832,2147200608,1,0,116476604,887,877,1,1,0,0,0,0
887,0.0531,1.4292,0.7986,0.0038,0.7947,0.7828,0.0091,0.0016,0.2675,0.6123,0.0107,0.006,0.008,0.0875,0.0054,0.047,0.0044,0.005,0.0444,0.0633,0.0058,0.0476,0.2898,0.0045,0.0105,0.0173,0.2722,0.1703,0.1969,2.279,7,411548832,2147206944,2,0,116476604,888,878,1,1,0,0,0,0
888,0.0795,2.2133,1.5611,0.0056,1.5554,1.544,0.009,0.0012,0.2811,0.6313,0.0103,0.0062,0.0081,0.0991,0.0047,0.0546,0.0038,0.0038,0.0537,0.0494,0.0027,0.0468,0.3036,0.0029,0.0113,0.0193,0.3497,0.2321,0.2673,3.4252,0,411548832,2147199200,0,0,116476604,889,879,1,1,0,0,0,0
889,0.0888,2.3188,1.2263,0.0081,1.2179,1.201,0.0123,0.0027,0.509,1.0663,0.0166,0.009,0.0144,0.1708,0.0106,0.0792,0.0068,0.0077,0.0768,0.0726,0.0057,0.0718,0.4712,0.0067,0.0148,0.0232,0.4106,0.2391,0.2416,3.5039,1,411548832,2147210464,1,0,116476604,890,880,1,1,0,0,0,0
890,0.0472,1.208,0.6512,0.0027,0.6484,0.6413,0.0052,0.0011,0.3284,0.5395,0.0098,0.0048,0.0061,0.0608,0.0033,0.028,0.0031,0.0029,0.0297,0.0278,0.0021,0.0265,0.1728,0.0024,0.0099,0.016,0.2197,0.1671,0.2149,2.0917,2,411548832,2147204832,2,0,116476604,891,881,1,1,0,0,0,0
891,0.0406,1.6416,0.7272,0.0024,0.7247,0.7149,0.0073,0.0011,0.3192,0.8761,0.0196,0.0083,0.0117,0.1683,0.0098,0.1133,0.01,0.0067,0.0693,0.0606,0.0047,0.0608,0.4723,0.0066,0.0228,0.0344,0.4162,0.7624,0.962,4.4723,3,411548832,2147197792,0,0,116476604,892,882,1,1,0,0,0,0
892,0.0474,1.6767,1.0041,0.0027,1.0012,0.9828,0.0149,0.002,0.2362,0.6374,0.0101,0.0066,0.0073,0.1108,0.0052,0.0585,0.0081,0.0045,0.0689,0.044,0.0043,0.0605,0.3427,0.0072,0.0205,0.026,1.1493,0.9218,1.3254,5.8488,4,411548832,2147205536,1,0,116476604,893,883,1,1,0,0,0,0
893,0.0733,2.1554,1.0593,0.0073,1.0518,1.0338,0.0135,0.0025,0.5027,1.07,0.0133,0.01,0.0201,0.1991,0.0165,0.0761,0.0053,0.0049,0.0689,0.0675,0.0042,0.0667,0.4783,0.006,0.0168,0.0239,0.4472,0.23,0.262,3.4615,5,411548832,2147194976,2,0,116476604,894,884,1,1,0,0,0,0
894,0.0734,2.0612,1.04,0.0065,1.0333,1.017,0.012,0.0025,0.4473,0.996,0.0153,0.0093,0.0171,0.1567,0.0093,0.0723,0.0065,0.0067,0.0753,0.0897,0.0056,0.0705,0.4645,0.0063,0.0156,0.0333,0.5251,0.2865,0.2847,3.5335,6,411548832,2147200608,0,0,116476604,895,885,1,1,0,0,0,0
895,0.1966,6.6632,3.5119,0.0245,3.4866,3.4212,0.0499,0.0091,1.3679,3.1116,0.0351,0.0237,0.0385,0.5261,0.0542,0.3487,0.0469,0.0346,0.3239,0.1391,0.0104,0.1255,1.4633,0.0122,0.0235,0.0362,0.6331,0.3237,0.4842,8.7662,7,411548832,2147206944,1,0,116476604,896,886,1,1,0,0,0,0
896,0.1783,4.9581,2.5425,0.019,2.523,2.4614,0.0453,0.0104,1.0119,2.372,0.0218,0.0167,0.0266,0.2847,0.016,0.1611,0.01,0.0208,0.2765,0.2386,0.0353,0.218,1.1789,0.0167,0.0281,0.0376,0.7966,0.4639,0.337,7.1748,0,411548832,2147199200,2,0,116476604,897,887,1,1,0,0,0,0
897,0.0869,2.2683,1.1507,0.0072,1.1432,1.1201,0.0177,0.0031,0.4197,1.0774,0.014,0.0082,0.0126,0.148,0.0074,0.0775,0.0061,0.0119,0.097,0.1491,0.0175,0.0884,0.56,0.0094,0.0242,0.0342,0.5299,0.292,0.2821,3.7458,1,411548832,2147210464,0,0,116476604,898,888,1,1,0,0,0,0
898,0.0603,1.1282,0.6765,0.0028,0.6736,0.666,0.0051,0.0013,0.2254,0.4397,0.0083,0.004,0.0058,0.0644,0.0041,0.0314,0.002,0.0021,0.0288,0.0284,0.0016,0.0289,0.1819,0.0018,0.0071,0.0131,0.2245,0.1515,0.1389,1.8395,2,411548832,2147204832,1,0,116476604,899,889,1,1,0,0,0,0
899,0.0458,6.8709,3.3403,0.003,3.3371,3.268,0.0594,0.0049,1.3944,3.4568,0.0481,0.024,0.0398,0.4871,0.0378,0.3319,0.0277,0.0296,0.3179,0.3174,0.0263,0.3181,1.7724,0.0277,0.0426,0.0645,1.4558,1.5443,0.534,11.0579,3,411548832,2147197792,2,0,116476604,900,890,1,1,0,0,0,0
