frame,widget_key,renderer,call_index,duration_ms,width,height,cache_hit_if_known
0,fit_distance_text,bar,0,3.7176,2324,199,0
0,iso_text,text,1,0.513,140,51,0
0,exposure_text,text,2,0.5151,144,51,0
0,temp_text,text,3,0.6493,114,51,0
0,alt_text,bar,4,2.0784,337,213,0
1,fit_distance_text,bar,0,0.817,2324,199,0
1,iso_text,text,1,0.0413,140,51,1
1,exposure_text,text,2,0.0135,144,51,1
1,temp_text,text,3,0.0125,114,51,1
1,alt_text,bar,4,0.9803,337,213,0
2,fit_distance_text,bar,0,0.9005,2324,199,0
2,iso_text,text,1,0.0242,140,51,1
2,exposure_text,text,2,0.0132,144,51,1
2,temp_text,text,3,0.0117,114,51,1
2,alt_text,bar,4,0.847,337,213,0
3,fit_distance_text,bar,0,0.777,2324,199,0
3,iso_text,text,1,0.0224,140,51,1
3,exposure_text,text,2,0.0163,144,51,1
3,temp_text,text,3,0.015,114,51,1
3,alt_text,bar,4,0.9141,337,213,0
4,fit_distance_text,bar,0,0.8035,2324,199,0
4,iso_text,text,1,0.0219,140,51,1
4,exposure_text,text,2,0.013,144,51,1
4,temp_text,text,3,0.0114,114,51,1
4,alt_text,bar,4,0.8992,337,213,0
5,fit_distance_text,bar,0,0.7265,2324,199,0
5,iso_text,text,1,0.0203,140,51,1
5,exposure_text,text,2,0.0126,144,51,1
5,temp_text,text,3,0.0115,114,51,1
5,alt_text,bar,4,0.7944,337,213,0
6,fit_distance_text,bar,0,0.7703,2324,199,0
6,iso_text,text,1,0.0199,140,51,1
6,exposure_text,text,2,0.0126,144,51,1
6,temp_text,text,3,0.0114,114,51,1
6,alt_text,bar,4,0.7777,337,213,0
7,fit_distance_text,bar,0,0.7528,2324,199,0
7,iso_text,text,1,0.0382,140,51,1
7,exposure_text,text,2,0.0132,144,51,1
7,temp_text,text,3,0.0114,114,51,1
7,alt_text,bar,4,0.8589,337,213,0
8,fit_distance_text,bar,0,0.8793,2324,199,0
8,iso_text,text,1,0.0314,140,51,1
8,exposure_text,text,2,0.0132,144,51,1
8,temp_text,text,3,0.0116,114,51,1
8,alt_text,bar,4,0.8894,337,213,0
9,fit_distance_text,bar,0,0.8627,2324,199,0
9,iso_text,text,1,0.0232,140,51,1
9,exposure_text,text,2,0.0131,144,51,1
9,temp_text,text,3,0.012,114,51,1
9,alt_text,bar,4,0.8482,337,213,0
10,fit_distance_text,bar,0,0.8013,2324,199,0
10,iso_text,text,1,0.0218,140,51,1
10,exposure_text,text,2,0.0126,144,51,1
10,temp_text,text,3,0.0115,114,51,1
10,alt_text,bar,4,0.9203,337,213,0
11,fit_distance_text,bar,0,0.8621,2324,199,0
11,iso_text,text,1,0.0223,140,51,1
11,exposure_text,text,2,0.013,144,51,1
11,temp_text,text,3,0.0115,114,51,1
11,alt_text,bar,4,0.8337,337,213,0
12,fit_distance_text,bar,0,0.7691,2324,199,0
12,iso_text,text,1,0.0263,140,51,1
12,exposure_text,text,2,0.0132,144,51,1
12,temp_text,text,3,0.0116,114,51,1
12,alt_text,bar,4,0.8284,337,213,0
13,fit_distance_text,bar,0,1.0075,2324,199,0
13,iso_text,text,1,0.0581,140,51,1
13,exposure_text,text,2,0.0168,144,51,1
13,temp_text,text,3,0.0383,114,51,1
13,alt_text,bar,4,1.0411,337,213,0
14,fit_distance_text,bar,0,0.8096,2324,199,0
14,iso_text,text,1,0.0319,140,51,1
14,exposure_text,text,2,0.0297,144,51,1
14,temp_text,text,3,0.0118,114,51,1
14,alt_text,bar,4,0.9104,337,213,0
15,fit_distance_text,bar,0,0.8608,2324,199,0
15,iso_text,text,1,0.0323,140,51,1
15,exposure_text,text,2,0.0136,144,51,1
15,temp_text,text,3,0.012,114,51,1
15,alt_text,bar,4,0.9138,337,213,0
16,fit_distance_text,bar,0,0.9689,2324,199,0
16,iso_text,text,1,0.0224,140,51,1
16,exposure_text,text,2,0.013,144,51,1
16,temp_text,text,3,0.0112,114,51,1
16,alt_text,bar,4,0.874,337,213,0
17,fit_distance_text,bar,0,0.9155,2324,199,0
17,iso_text,text,1,0.0218,140,51,1
17,exposure_text,text,2,0.0128,144,51,1
17,temp_text,text,3,0.024,114,51,1
17,alt_text,bar,4,0.8486,337,213,0
18,fit_distance_text,bar,0,1.0521,2324,199,0
18,iso_text,text,1,0.1012,140,51,0
18,exposure_text,text,2,0.664,144,51,0
18,temp_text,text,3,0.1824,114,51,0
18,alt_text,bar,4,8.4583,337,213,0
19,fit_distance_text,bar,0,0.8448,2324,199,0
19,iso_text,text,1,0.0282,140,51,1
19,exposure_text,text,2,0.0134,144,51,1
19,temp_text,text,3,0.0117,114,51,1
19,alt_text,bar,4,1.0373,337,213,0
20,fit_distance_text,bar,0,0.728,2324,199,0
20,iso_text,text,1,0.0213,140,51,1
20,exposure_text,text,2,0.0128,144,51,1
20,temp_text,text,3,0.0115,114,51,1
20,alt_text,bar,4,0.8263,337,213,0
21,fit_distance_text,bar,0,0.8852,2324,199,0
21,iso_text,text,1,0.0226,140,51,1
21,exposure_text,text,2,0.0129,144,51,1
21,temp_text,text,3,0.012,114,51,1
21,alt_text,bar,4,0.8213,337,213,0
22,fit_distance_text,bar,0,0.9005,2324,199,0
22,iso_text,text,1,0.0227,140,51,1
22,exposure_text,text,2,0.0228,144,51,1
22,temp_text,text,3,0.012,114,51,1
22,alt_text,bar,4,0.7783,337,213,0
23,fit_distance_text,bar,0,0.8656,2324,199,0
23,iso_text,text,1,0.023,140,51,1
23,exposure_text,text,2,0.0129,144,51,1
23,temp_text,text,3,0.0115,114,51,1
23,alt_text,bar,4,0.8622,337,213,0
24,fit_distance_text,bar,0,1.0417,2324,199,0
24,iso_text,text,1,0.0436,140,51,1
24,exposure_text,text,2,0.0142,144,51,1
24,temp_text,text,3,0.0115,114,51,1
24,alt_text,bar,4,0.9191,337,213,0
25,fit_distance_text,bar,0,0.8209,2324,199,0
25,iso_text,text,1,0.0319,140,51,1
25,exposure_text,text,2,0.0127,144,51,1
25,temp_text,text,3,0.0117,114,51,1
25,alt_text,bar,4,0.9813,337,213,0
26,fit_distance_text,bar,0,0.7697,2324,199,0
26,iso_text,text,1,0.0318,140,51,1
26,exposure_text,text,2,0.0131,144,51,1
26,temp_text,text,3,0.0115,114,51,1
26,alt_text,bar,4,0.9387,337,213,0
27,fit_distance_text,bar,0,0.8881,2324,199,0
27,iso_text,text,1,0.0214,140,51,1
27,exposure_text,text,2,0.0134,144,51,1
27,temp_text,text,3,0.0121,114,51,1
27,alt_text,bar,4,0.8215,337,213,0
28,fit_distance_text,bar,0,0.8688,2324,199,0
28,iso_text,text,1,0.0228,140,51,1
28,exposure_text,text,2,0.0129,144,51,1
28,temp_text,text,3,0.0114,114,51,1
28,alt_text,bar,4,0.8896,337,213,0
29,fit_distance_text,bar,0,0.8733,2324,199,0
29,iso_text,text,1,0.0216,140,51,1
29,exposure_text,text,2,0.0129,144,51,1
29,temp_text,text,3,0.0117,114,51,1
29,alt_text,bar,4,0.8984,337,213,0
30,fit_distance_text,bar,0,0.839,2324,199,0
30,iso_text,text,1,0.0272,140,51,1
30,exposure_text,text,2,0.0133,144,51,1
30,temp_text,text,3,0.012,114,51,1
30,alt_text,bar,4,0.8819,337,213,0
31,fit_distance_text,bar,0,0.8265,2324,199,0
31,iso_text,text,1,0.0282,140,51,1
31,exposure_text,text,2,0.013,144,51,1
31,temp_text,text,3,0.0117,114,51,1
31,alt_text,bar,4,0.9805,337,213,0
32,fit_distance_text,bar,0,0.8053,2324,199,0
32,iso_text,text,1,0.0245,140,51,1
32,exposure_text,text,2,0.0129,144,51,1
32,temp_text,text,3,0.0116,114,51,1
32,alt_text,bar,4,0.8933,337,213,0
33,fit_distance_text,bar,0,0.861,2324,199,0
33,iso_text,text,1,0.0605,140,51,1
33,exposure_text,text,2,0.0141,144,51,1
33,temp_text,text,3,0.0118,114,51,1
33,alt_text,bar,4,0.9123,337,213,0
34,fit_distance_text,bar,0,0.8421,2324,199,0
34,iso_text,text,1,0.0227,140,51,1
34,exposure_text,text,2,0.013,144,51,1
34,temp_text,text,3,0.0116,114,51,1
34,alt_text,bar,4,0.938,337,213,0
35,fit_distance_text,bar,0,0.8754,2324,199,0
35,iso_text,text,1,0.0222,140,51,1
35,exposure_text,text,2,0.0132,144,51,1
35,temp_text,text,3,0.0116,114,51,1
35,alt_text,bar,4,0.8039,337,213,0
36,fit_distance_text,bar,0,0.8602,2324,199,0
36,iso_text,text,1,0.0222,140,51,1
36,exposure_text,text,2,0.0129,144,51,1
36,temp_text,text,3,0.0116,114,51,1
36,alt_text,bar,4,0.8147,337,213,0
37,fit_distance_text,bar,0,0.8899,2324,199,0
37,iso_text,text,1,0.0231,140,51,1
37,exposure_text,text,2,0.0132,144,51,1
37,temp_text,text,3,0.0116,114,51,1
37,alt_text,bar,4,0.8729,337,213,0
38,fit_distance_text,bar,0,0.9012,2324,199,0
38,iso_text,text,1,0.0278,140,51,1
38,exposure_text,text,2,0.027,144,51,1
38,temp_text,text,3,0.0183,114,51,1
38,alt_text,bar,4,1.0551,337,213,0
39,fit_distance_text,bar,0,0.9903,2324,199,0
39,iso_text,text,1,0.0245,140,51,1
39,exposure_text,text,2,0.0135,144,51,1
39,temp_text,text,3,0.012,114,51,1
39,alt_text,bar,4,0.9121,337,213,0
40,fit_distance_text,bar,0,0.8878,2324,199,0
40,iso_text,text,1,0.0219,140,51,1
40,exposure_text,text,2,0.0129,144,51,1
40,temp_text,text,3,0.0116,114,51,1
40,alt_text,bar,4,0.8992,337,213,0
41,fit_distance_text,bar,0,0.8715,2324,199,0
41,iso_text,text,1,0.0218,140,51,1
41,exposure_text,text,2,0.0135,144,51,1
41,temp_text,text,3,0.0118,114,51,1
41,alt_text,bar,4,0.8926,337,213,0
42,fit_distance_text,bar,0,0.8733,2324,199,0
42,iso_text,text,1,0.0227,140,51,1
42,exposure_text,text,2,0.0132,144,51,1
42,temp_text,text,3,0.0118,114,51,1
42,alt_text,bar,4,0.8739,337,213,0
43,fit_distance_text,bar,0,2.0626,2324,199,0
43,iso_text,text,1,0.066,140,51,1
43,exposure_text,text,2,0.0312,144,51,1
43,temp_text,text,3,0.0271,114,51,1
43,alt_text,bar,4,2.0439,337,213,0
44,fit_distance_text,bar,0,0.7942,2324,199,0
44,iso_text,text,1,0.0221,140,51,1
44,exposure_text,text,2,0.0129,144,51,1
44,temp_text,text,3,0.0116,114,51,1
44,alt_text,bar,4,0.9308,337,213,0
45,fit_distance_text,bar,0,0.9746,2324,199,0
45,iso_text,text,1,0.0274,140,51,1
45,exposure_text,text,2,0.0153,144,51,1
45,temp_text,text,3,0.0134,114,51,1
45,alt_text,bar,4,1.0206,337,213,0
46,fit_distance_text,bar,0,0.765,2324,199,0
46,iso_text,text,1,0.038,140,51,1
46,exposure_text,text,2,0.0128,144,51,1
46,temp_text,text,3,0.0123,114,51,1
46,alt_text,bar,4,0.8733,337,213,0
47,fit_distance_text,bar,0,0.799,2324,199,0
47,iso_text,text,1,0.0231,140,51,1
47,exposure_text,text,2,0.0126,144,51,1
47,temp_text,text,3,0.0118,114,51,1
47,alt_text,bar,4,0.9357,337,213,0
48,fit_distance_text,bar,0,0.9035,2324,199,0
48,iso_text,text,1,0.0314,140,51,1
48,exposure_text,text,2,0.0133,144,51,1
48,temp_text,text,3,0.015,114,51,1
48,alt_text,bar,4,1.2632,337,213,0
49,fit_distance_text,bar,0,1.0227,2324,199,0
49,iso_text,text,1,0.0355,140,51,1
49,exposure_text,text,2,0.0132,144,51,1
49,temp_text,text,3,0.0118,114,51,1
49,alt_text,bar,4,1.0113,337,213,0
50,fit_distance_text,bar,0,0.9324,2324,199,0
50,iso_text,text,1,0.0231,140,51,1
50,exposure_text,text,2,0.0132,144,51,1
50,temp_text,text,3,0.0119,114,51,1
50,alt_text,bar,4,0.8516,337,213,0
51,fit_distance_text,bar,0,0.8722,2324,199,0
51,iso_text,text,1,0.0226,140,51,1
51,exposure_text,text,2,0.0129,144,51,1
51,temp_text,text,3,0.0113,114,51,1
51,alt_text,bar,4,0.8896,337,213,0
52,fit_distance_text,bar,0,0.8788,2324,199,0
52,iso_text,text,1,0.0218,140,51,1
52,exposure_text,text,2,0.0129,144,51,1
52,temp_text,text,3,0.0113,114,51,1
52,alt_text,bar,4,0.8569,337,213,0
53,fit_distance_text,bar,0,0.8696,2324,199,0
53,iso_text,text,1,0.0218,140,51,1
53,exposure_text,text,2,0.0126,144,51,1
53,temp_text,text,3,0.0114,114,51,1
53,alt_text,bar,4,0.9534,337,213,0
54,fit_distance_text,bar,0,0.9283,2324,199,0
54,iso_text,text,1,0.032,140,51,1
54,exposure_text,text,2,0.0135,144,51,1
54,temp_text,text,3,0.0124,114,51,1
54,alt_text,bar,4,0.9857,337,213,0
55,fit_distance_text,bar,0,0.9523,2324,199,0
55,iso_text,text,1,0.0222,140,51,1
55,exposure_text,text,2,0.0133,144,51,1
55,temp_text,text,3,0.0117,114,51,1
55,alt_text,bar,4,0.8325,337,213,0
56,fit_distance_text,bar,0,0.9034,2324,199,0
56,iso_text,text,1,0.0217,140,51,1
56,exposure_text,text,2,0.013,144,51,1
56,temp_text,text,3,0.0114,114,51,1
56,alt_text,bar,4,0.8194,337,213,0
57,fit_distance_text,bar,0,0.8621,2324,199,0
57,iso_text,text,1,0.024,140,51,1
57,exposure_text,text,2,0.013,144,51,1
57,temp_text,text,3,0.012,114,51,1
57,alt_text,bar,4,0.8357,337,213,0
58,fit_distance_text,bar,0,0.8924,2324,199,0
58,iso_text,text,1,0.0301,140,51,1
58,exposure_text,text,2,0.0135,144,51,1
58,temp_text,text,3,0.0124,114,51,1
58,alt_text,bar,4,0.8802,337,213,0
59,fit_distance_text,bar,0,0.8341,2324,199,0
59,iso_text,text,1,0.0314,140,51,1
59,exposure_text,text,2,0.013,144,51,1
59,temp_text,text,3,0.0117,114,51,1
59,alt_text,bar,4,0.9015,337,213,0
60,fit_distance_text,bar,0,0.8291,2324,199,0
60,iso_text,text,1,0.0206,140,51,1
60,exposure_text,text,2,0.0126,144,51,1
60,temp_text,text,3,0.0111,114,51,1
60,alt_text,bar,4,0.9302,337,213,0
61,fit_distance_text,bar,0,0.8828,2324,199,0
61,iso_text,text,1,0.0232,140,51,1
61,exposure_text,text,2,0.013,144,51,1
61,temp_text,text,3,0.0117,114,51,1
61,alt_text,bar,4,0.8734,337,213,0
62,fit_distance_text,bar,0,0.9779,2324,199,0
62,iso_text,text,1,0.0246,140,51,1
62,exposure_text,text,2,0.0136,144,51,1
62,temp_text,text,3,0.0118,114,51,1
62,alt_text,bar,4,0.9091,337,213,0
63,fit_distance_text,bar,0,0.9621,2324,199,0
63,iso_text,text,1,0.0355,140,51,1
63,exposure_text,text,2,0.0133,144,51,1
63,temp_text,text,3,0.0118,114,51,1
63,alt_text,bar,4,0.9383,337,213,0
64,fit_distance_text,bar,0,1.0794,2324,199,0
64,iso_text,text,1,0.0383,140,51,1
64,exposure_text,text,2,0.0137,144,51,1
64,temp_text,text,3,0.0119,114,51,1
64,alt_text,bar,4,1.2762,337,213,0
65,fit_distance_text,bar,0,0.9599,2324,199,0
65,iso_text,text,1,0.0235,140,51,1
65,exposure_text,text,2,0.0161,144,51,1
65,temp_text,text,3,0.0154,114,51,1
65,alt_text,bar,4,1.4446,337,213,0
66,fit_distance_text,bar,0,0.7976,2324,199,0
66,iso_text,text,1,0.0231,140,51,1
66,exposure_text,text,2,0.0132,144,51,1
66,temp_text,text,3,0.0116,114,51,1
66,alt_text,bar,4,0.931,337,213,0
67,fit_distance_text,bar,0,0.7724,2324,199,0
67,iso_text,text,1,0.0226,140,51,1
67,exposure_text,text,2,0.0132,144,51,1
67,temp_text,text,3,0.0121,114,51,1
67,alt_text,bar,4,0.8971,337,213,0
68,fit_distance_text,bar,0,0.7628,2324,199,0
68,iso_text,text,1,0.024,140,51,1
68,exposure_text,text,2,0.0127,144,51,1
68,temp_text,text,3,0.0112,114,51,1
68,alt_text,bar,4,0.983,337,213,0
69,fit_distance_text,bar,0,0.8508,2324,199,0
69,iso_text,text,1,0.0282,140,51,1
69,exposure_text,text,2,0.0139,144,51,1
69,temp_text,text,3,0.0121,114,51,1
69,alt_text,bar,4,1.0218,337,213,0
70,fit_distance_text,bar,0,0.849,2324,199,0
70,iso_text,text,1,0.0238,140,51,1
70,exposure_text,text,2,0.0132,144,51,1
70,temp_text,text,3,0.0118,114,51,1
70,alt_text,bar,4,0.8573,337,213,0
71,fit_distance_text,bar,0,0.8248,2324,199,0
71,iso_text,text,1,0.0222,140,51,1
71,exposure_text,text,2,0.0129,144,51,1
71,temp_text,text,3,0.0114,114,51,1
71,alt_text,bar,4,0.8385,337,213,0
72,fit_distance_text,bar,0,0.8225,2324,199,0
72,iso_text,text,1,0.0217,140,51,1
72,exposure_text,text,2,0.0128,144,51,1
72,temp_text,text,3,0.0118,114,51,1
72,alt_text,bar,4,0.8118,337,213,0
73,fit_distance_text,bar,0,0.8253,2324,199,0
73,iso_text,text,1,0.0217,140,51,1
73,exposure_text,text,2,0.0125,144,51,1
73,temp_text,text,3,0.0115,114,51,1
73,alt_text,bar,4,1.502,337,213,0
74,fit_distance_text,bar,0,0.9693,2324,199,0
74,iso_text,text,1,0.0341,140,51,1
74,exposure_text,text,2,0.0132,144,51,1
74,temp_text,text,3,0.0117,114,51,1
74,alt_text,bar,4,0.9609,337,213,0
75,fit_distance_text,bar,0,0.885,2324,199,0
75,iso_text,text,1,0.0308,140,51,1
75,exposure_text,text,2,0.0131,144,51,1
75,temp_text,text,3,0.0122,114,51,1
75,alt_text,bar,4,0.9423,337,213,0
76,fit_distance_text,bar,0,0.9758,2324,199,0
76,iso_text,text,1,0.0289,140,51,1
76,exposure_text,text,2,0.0125,144,51,1
76,temp_text,text,3,0.012,114,51,1
76,alt_text,bar,4,0.9087,337,213,0
77,fit_distance_text,bar,0,0.9351,2324,199,0
77,iso_text,text,1,0.0231,140,51,1
77,exposure_text,text,2,0.013,144,51,1
77,temp_text,text,3,0.0116,114,51,1
77,alt_text,bar,4,0.8671,337,213,0
78,fit_distance_text,bar,0,1.0002,2324,199,0
78,iso_text,text,1,0.0255,140,51,1
78,exposure_text,text,2,0.0129,144,51,1
78,temp_text,text,3,0.0119,114,51,1
78,alt_text,bar,4,0.9518,337,213,0
79,fit_distance_text,bar,0,0.9421,2324,199,0
79,iso_text,text,1,0.0209,140,51,1
79,exposure_text,text,2,0.0928,144,51,1
79,temp_text,text,3,0.0119,114,51,1
79,alt_text,bar,4,0.9556,337,213,0
80,fit_distance_text,bar,0,1.4749,2324,199,0
80,iso_text,text,1,0.0526,140,51,1
80,exposure_text,text,2,0.0201,144,51,1
80,temp_text,text,3,0.0156,114,51,1
80,alt_text,bar,4,1.1379,337,213,0
81,fit_distance_text,bar,0,0.861,2324,199,0
81,iso_text,text,1,0.0229,140,51,1
81,exposure_text,text,2,0.013,144,51,1
81,temp_text,text,3,0.0116,114,51,1
81,alt_text,bar,4,0.895,337,213,0
82,fit_distance_text,bar,0,0.878,2324,199,0
82,iso_text,text,1,0.031,140,51,1
82,exposure_text,text,2,0.0132,144,51,1
82,temp_text,text,3,0.0115,114,51,1
82,alt_text,bar,4,1.1714,337,213,0
83,fit_distance_text,bar,0,0.8861,2324,199,0
83,iso_text,text,1,0.0254,140,51,1
83,exposure_text,text,2,0.0153,144,51,1
83,temp_text,text,3,0.0119,114,51,1
83,alt_text,bar,4,0.9108,337,213,0
84,fit_distance_text,bar,0,0.9787,2324,199,0
84,iso_text,text,1,0.0394,140,51,1
84,exposure_text,text,2,0.0146,144,51,1
84,temp_text,text,3,0.0117,114,51,1
84,alt_text,bar,4,1.5596,337,213,0
85,fit_distance_text,bar,0,0.9996,2324,199,0
85,iso_text,text,1,0.0425,140,51,1
85,exposure_text,text,2,0.0136,144,51,1
85,temp_text,text,3,0.0119,114,51,1
85,alt_text,bar,4,0.9759,337,213,0
86,fit_distance_text,bar,0,1.0362,2324,199,0
86,iso_text,text,1,0.0331,140,51,1
86,exposure_text,text,2,0.0128,144,51,1
86,temp_text,text,3,0.0116,114,51,1
86,alt_text,bar,4,0.9537,337,213,0
87,fit_distance_text,bar,0,0.9062,2324,199,0
87,iso_text,text,1,0.0218,140,51,1
87,exposure_text,text,2,0.0128,144,51,1
87,temp_text,text,3,0.0115,114,51,1
87,alt_text,bar,4,0.8078,337,213,0
88,fit_distance_text,bar,0,0.9524,2324,199,0
88,iso_text,text,1,0.0221,140,51,1
88,exposure_text,text,2,0.0132,144,51,1
88,temp_text,text,3,0.0117,114,51,1
88,alt_text,bar,4,0.8626,337,213,0
89,fit_distance_text,bar,0,0.9278,2324,199,0
89,iso_text,text,1,0.032,140,51,1
89,exposure_text,text,2,0.0131,144,51,1
89,temp_text,text,3,0.0114,114,51,1
89,alt_text,bar,4,0.9271,337,213,0
90,fit_distance_text,bar,0,1.0938,2324,199,0
90,iso_text,text,1,0.0404,140,51,1
90,exposure_text,text,2,0.0138,144,51,1
90,temp_text,text,3,0.012,114,51,1
90,alt_text,bar,4,1.082,337,213,0
91,fit_distance_text,bar,0,0.9078,2324,199,0
91,iso_text,text,1,0.023,140,51,1
91,exposure_text,text,2,0.0133,144,51,1
91,temp_text,text,3,0.0113,114,51,1
91,alt_text,bar,4,0.9314,337,213,0
92,fit_distance_text,bar,0,0.9138,2324,199,0
92,iso_text,text,1,0.0331,140,51,1
92,exposure_text,text,2,0.0131,144,51,1
92,temp_text,text,3,0.0116,114,51,1
92,alt_text,bar,4,1.0269,337,213,0
93,fit_distance_text,bar,0,1.0753,2324,199,0
93,iso_text,text,1,0.034,140,51,1
93,exposure_text,text,2,0.013,144,51,1
93,temp_text,text,3,0.0116,114,51,1
93,alt_text,bar,4,0.9854,337,213,0
94,fit_distance_text,bar,0,0.8616,2324,199,0
94,iso_text,text,1,0.0213,140,51,1
94,exposure_text,text,2,0.0125,144,51,1
94,temp_text,text,3,0.0115,114,51,1
94,alt_text,bar,4,0.9527,337,213,0
95,fit_distance_text,bar,0,0.9125,2324,199,0
95,iso_text,text,1,0.0217,140,51,1
95,exposure_text,text,2,0.0127,144,51,1
95,temp_text,text,3,0.0115,114,51,1
95,alt_text,bar,4,1.028,337,213,0
96,fit_distance_text,bar,0,0.8443,2324,199,0
96,iso_text,text,1,0.0235,140,51,1
96,exposure_text,text,2,0.0144,144,51,1
96,temp_text,text,3,0.0117,114,51,1
96,alt_text,bar,4,0.9035,337,213,0
97,fit_distance_text,bar,0,0.9208,2324,199,0
97,iso_text,text,1,0.021,140,51,1
97,exposure_text,text,2,0.0148,144,51,1
97,temp_text,text,3,0.0122,114,51,1
97,alt_text,bar,4,0.8738,337,213,0
98,fit_distance_text,bar,0,0.8696,2324,199,0
98,iso_text,text,1,0.0212,140,51,1
98,exposure_text,text,2,0.0127,144,51,1
98,temp_text,text,3,0.0114,114,51,1
98,alt_text,bar,4,0.9248,337,213,0
99,fit_distance_text,bar,0,1.043,2324,199,0
99,iso_text,text,1,0.0525,140,51,1
99,exposure_text,text,2,0.0162,144,51,1
99,temp_text,text,3,0.0143,114,51,1
99,alt_text,bar,4,1.2183,337,213,0
100,fit_distance_text,bar,0,1.0177,2324,199,0
100,iso_text,text,1,0.0225,140,51,1
100,exposure_text,text,2,0.0137,144,51,1
100,temp_text,text,3,0.4898,114,51,0
100,alt_text,bar,4,0.7737,337,213,0
101,fit_distance_text,bar,0,0.944,2324,199,0
101,iso_text,text,1,0.0208,140,51,1
101,exposure_text,text,2,0.0125,144,51,1
101,temp_text,text,3,0.012,114,51,1
101,alt_text,bar,4,0.7783,337,213,0
102,fit_distance_text,bar,0,0.8142,2324,199,0
102,iso_text,text,1,0.021,140,51,1
102,exposure_text,text,2,0.0132,144,51,1
102,temp_text,text,3,0.0119,114,51,1
102,alt_text,bar,4,0.769,337,213,0
103,fit_distance_text,bar,0,0.9112,2324,199,0
103,iso_text,text,1,0.0275,140,51,1
103,exposure_text,text,2,0.0131,144,51,1
103,temp_text,text,3,0.012,114,51,1
103,alt_text,bar,4,0.8514,337,213,0
104,fit_distance_text,bar,0,0.8684,2324,199,0
104,iso_text,text,1,0.0282,140,51,1
104,exposure_text,text,2,0.0134,144,51,1
104,temp_text,text,3,0.0119,114,51,1
104,alt_text,bar,4,0.9855,337,213,0
105,fit_distance_text,bar,0,0.928,2324,199,0
105,iso_text,text,1,0.0216,140,51,1
105,exposure_text,text,2,0.0128,144,51,1
105,temp_text,text,3,0.0121,114,51,1
105,alt_text,bar,4,0.7874,337,213,0
106,fit_distance_text,bar,0,0.9401,2324,199,0
106,iso_text,text,1,0.023,140,51,1
106,exposure_text,text,2,0.013,144,51,1
106,temp_text,text,3,0.0123,114,51,1
106,alt_text,bar,4,0.8212,337,213,0
107,fit_distance_text,bar,0,0.9694,2324,199,0
107,iso_text,text,1,0.0254,140,51,1
107,exposure_text,text,2,0.0129,144,51,1
107,temp_text,text,3,0.0123,114,51,1
107,alt_text,bar,4,0.794,337,213,0
108,fit_distance_text,bar,0,0.9821,2324,199,0
108,iso_text,text,1,0.0219,140,51,1
108,exposure_text,text,2,0.0129,144,51,1
108,temp_text,text,3,0.0119,114,51,1
108,alt_text,bar,4,0.7887,337,213,0
109,fit_distance_text,bar,0,0.9759,2324,199,0
109,iso_text,text,1,0.0219,140,51,1
109,exposure_text,text,2,0.0126,144,51,1
109,temp_text,text,3,0.0121,114,51,1
109,alt_text,bar,4,0.819,337,213,0
110,fit_distance_text,bar,0,1.0093,2324,199,0
110,iso_text,text,1,0.0217,140,51,1
110,exposure_text,text,2,0.0129,144,51,1
110,temp_text,text,3,0.0124,114,51,1
110,alt_text,bar,4,0.7941,337,213,0
111,fit_distance_text,bar,0,1.0095,2324,199,0
111,iso_text,text,1,0.0215,140,51,1
111,exposure_text,text,2,0.013,144,51,1
111,temp_text,text,3,0.0122,114,51,1
111,alt_text,bar,4,0.7842,337,213,0
112,fit_distance_text,bar,0,1.0882,2324,199,0
112,iso_text,text,1,0.0254,140,51,1
112,exposure_text,text,2,0.0134,144,51,1
112,temp_text,text,3,0.0119,114,51,1
112,alt_text,bar,4,0.7978,337,213,0
113,fit_distance_text,bar,0,1.1289,2324,199,0
113,iso_text,text,1,0.066,140,51,1
113,exposure_text,text,2,0.014,144,51,1
113,temp_text,text,3,0.0133,114,51,1
113,alt_text,bar,4,1.201,337,213,0
114,fit_distance_text,bar,0,1.1604,2324,199,0
114,iso_text,text,1,0.0589,140,51,1
114,exposure_text,text,2,0.0175,144,51,1
114,temp_text,text,3,0.0153,114,51,1
114,alt_text,bar,4,1.4841,337,213,0
115,fit_distance_text,bar,0,0.9765,2324,199,0
115,iso_text,text,1,0.0228,140,51,1
115,exposure_text,text,2,0.0136,144,51,1
115,temp_text,text,3,0.0123,114,51,1
115,alt_text,bar,4,0.8528,337,213,0
116,fit_distance_text,bar,0,0.9439,2324,199,0
116,iso_text,text,1,0.0218,140,51,1
116,exposure_text,text,2,0.0137,144,51,1
116,temp_text,text,3,0.0125,114,51,1
116,alt_text,bar,4,0.861,337,213,0
117,fit_distance_text,bar,0,1.0874,2324,199,0
117,iso_text,text,1,0.0474,140,51,1
117,exposure_text,text,2,0.0138,144,51,1
117,temp_text,text,3,0.0124,114,51,1
117,alt_text,bar,4,1.3529,337,213,0
118,fit_distance_text,bar,0,2.2544,2324,199,0
118,iso_text,text,1,0.0614,140,51,1
118,exposure_text,text,2,0.0297,144,51,1
118,temp_text,text,3,0.0292,114,51,1
118,alt_text,bar,4,2.1893,337,213,0
119,fit_distance_text,bar,0,0.8927,2324,199,0
119,iso_text,text,1,0.0229,140,51,1
119,exposure_text,text,2,0.0127,144,51,1
119,temp_text,text,3,0.012,114,51,1
119,alt_text,bar,4,0.9592,337,213,0
120,fit_distance_text,bar,0,1.6976,2324,199,0
120,iso_text,text,1,0.0395,140,51,1
120,exposure_text,text,2,0.0161,144,51,1
120,temp_text,text,3,0.0153,114,51,1
120,alt_text,bar,4,0.9199,337,213,0
121,fit_distance_text,bar,0,0.9215,2324,199,0
121,iso_text,text,1,0.0234,140,51,1
121,exposure_text,text,2,0.0124,144,51,1
121,temp_text,text,3,0.0119,114,51,1
121,alt_text,bar,4,0.7565,337,213,0
122,fit_distance_text,bar,0,0.9857,2324,199,0
122,iso_text,text,1,0.0241,140,51,1
122,exposure_text,text,2,0.0128,144,51,1
122,temp_text,text,3,0.0128,114,51,1
122,alt_text,bar,4,0.7372,337,213,0
123,fit_distance_text,bar,0,0.9831,2324,199,0
123,iso_text,text,1,0.024,140,51,1
123,exposure_text,text,2,0.0129,144,51,1
123,temp_text,text,3,0.0125,114,51,1
123,alt_text,bar,4,0.9587,337,213,0
124,fit_distance_text,bar,0,1.024,2324,199,0
124,iso_text,text,1,0.0439,140,51,1
124,exposure_text,text,2,0.0141,144,51,1
124,temp_text,text,3,0.0131,114,51,1
124,alt_text,bar,4,1.0834,337,213,0
125,fit_distance_text,bar,0,0.9511,2324,199,0
125,iso_text,text,1,0.0231,140,51,1
125,exposure_text,text,2,0.0131,144,51,1
125,temp_text,text,3,0.0124,114,51,1
125,alt_text,bar,4,0.8329,337,213,0
126,fit_distance_text,bar,0,0.9473,2324,199,0
126,iso_text,text,1,0.0224,140,51,1
126,exposure_text,text,2,0.0135,144,51,1
126,temp_text,text,3,0.013,114,51,1
126,alt_text,bar,4,0.8302,337,213,0
127,fit_distance_text,bar,0,0.9131,2324,199,0
127,iso_text,text,1,0.0244,140,51,1
127,exposure_text,text,2,0.0132,144,51,1
127,temp_text,text,3,0.0122,114,51,1
127,alt_text,bar,4,0.7997,337,213,0
128,fit_distance_text,bar,0,0.9439,2324,199,0
128,iso_text,text,1,0.0221,140,51,1
128,exposure_text,text,2,0.0125,144,51,1
128,temp_text,text,3,0.0123,114,51,1
128,alt_text,bar,4,0.8561,337,213,0
129,fit_distance_text,bar,0,0.9423,2324,199,0
129,iso_text,text,1,0.0221,140,51,1
129,exposure_text,text,2,0.0128,144,51,1
129,temp_text,text,3,0.0123,114,51,1
129,alt_text,bar,4,0.8706,337,213,0
130,fit_distance_text,bar,0,1.122,2324,199,0
130,iso_text,text,1,0.0411,140,51,1
130,exposure_text,text,2,0.0138,144,51,1
130,temp_text,text,3,0.0125,114,51,1
130,alt_text,bar,4,0.9143,337,213,0
131,fit_distance_text,bar,0,0.969,2324,199,0
131,iso_text,text,1,0.0322,140,51,1
131,exposure_text,text,2,0.0132,144,51,1
131,temp_text,text,3,0.0127,114,51,1
131,alt_text,bar,4,0.8864,337,213,0
132,fit_distance_text,bar,0,0.9282,2324,199,0
132,iso_text,text,1,0.0311,140,51,1
132,exposure_text,text,2,0.0132,144,51,1
132,temp_text,text,3,0.0125,114,51,1
132,alt_text,bar,4,0.8541,337,213,0
133,fit_distance_text,bar,0,1.0515,2324,199,0
133,iso_text,text,1,0.0247,140,51,1
133,exposure_text,text,2,0.0145,144,51,1
133,temp_text,text,3,0.0137,114,51,1
133,alt_text,bar,4,0.9005,337,213,0
134,fit_distance_text,bar,0,0.8993,2324,199,0
134,iso_text,text,1,0.0247,140,51,1
134,exposure_text,text,2,0.0136,144,51,1
134,temp_text,text,3,0.0124,114,51,1
134,alt_text,bar,4,0.9007,337,213,0
135,fit_distance_text,bar,0,1.0597,2324,199,0
135,iso_text,text,1,0.0392,140,51,1
135,exposure_text,text,2,0.0143,144,51,1
135,temp_text,text,3,0.0128,114,51,1
135,alt_text,bar,4,0.9462,337,213,0
136,fit_distance_text,bar,0,1.0552,2324,199,0
136,iso_text,text,1,0.0488,140,51,1
136,exposure_text,text,2,0.0153,144,51,1
136,temp_text,text,3,0.0125,114,51,1
136,alt_text,bar,4,0.8752,337,213,0
137,fit_distance_text,bar,0,0.8834,2324,199,0
137,iso_text,text,1,0.0227,140,51,1
137,exposure_text,text,2,0.0131,144,51,1
137,temp_text,text,3,0.0118,114,51,1
137,alt_text,bar,4,0.7167,337,213,0
138,fit_distance_text,bar,0,0.9198,2324,199,0
138,iso_text,text,1,0.0227,140,51,1
138,exposure_text,text,2,0.013,144,51,1
138,temp_text,text,3,0.0119,114,51,1
138,alt_text,bar,4,0.7923,337,213,0
139,fit_distance_text,bar,0,0.9465,2324,199,0
139,iso_text,text,1,0.0222,140,51,1
139,exposure_text,text,2,0.0133,144,51,1
139,temp_text,text,3,0.0122,114,51,1
139,alt_text,bar,4,0.8103,337,213,0
140,fit_distance_text,bar,0,0.9593,2324,199,0
140,iso_text,text,1,0.023,140,51,1
140,exposure_text,text,2,0.0128,144,51,1
140,temp_text,text,3,0.0124,114,51,1
140,alt_text,bar,4,0.8569,337,213,0
141,fit_distance_text,bar,0,0.9899,2324,199,0
141,iso_text,text,1,0.0222,140,51,1
141,exposure_text,text,2,0.0132,144,51,1
141,temp_text,text,3,0.0122,114,51,1
141,alt_text,bar,4,0.8662,337,213,0
142,fit_distance_text,bar,0,1.3473,2324,199,0
142,iso_text,text,1,0.04,140,51,1
142,exposure_text,text,2,0.0134,144,51,1
142,temp_text,text,3,0.0124,114,51,1
142,alt_text,bar,4,0.8946,337,213,0
143,fit_distance_text,bar,0,1.0125,2324,199,0
143,iso_text,text,1,0.0228,140,51,1
143,exposure_text,text,2,0.0129,144,51,1
143,temp_text,text,3,0.0123,114,51,1
143,alt_text,bar,4,0.9011,337,213,0
144,fit_distance_text,bar,0,1.0037,2324,199,0
144,iso_text,text,1,0.0216,140,51,1
144,exposure_text,text,2,0.013,144,51,1
144,temp_text,text,3,0.0121,114,51,1
144,alt_text,bar,4,0.9063,337,213,0
145,fit_distance_text,bar,0,1.0683,2324,199,0
145,iso_text,text,1,0.0241,140,51,1
145,exposure_text,text,2,0.0148,144,51,1
145,temp_text,text,3,0.0124,114,51,1
145,alt_text,bar,4,0.8625,337,213,0
146,fit_distance_text,bar,0,1.0349,2324,199,0
146,iso_text,text,1,0.0225,140,51,1
146,exposure_text,text,2,0.02,144,51,1
146,temp_text,text,3,0.0124,114,51,1
146,alt_text,bar,4,0.8387,337,213,0
147,fit_distance_text,bar,0,1.0161,2324,199,0
147,iso_text,text,1,0.0382,140,51,1
147,exposure_text,text,2,0.0144,144,51,1
147,temp_text,text,3,0.0131,114,51,1
147,alt_text,bar,4,0.893,337,213,0
148,fit_distance_text,bar,0,0.9697,2324,199,0
148,iso_text,text,1,0.0587,140,51,1
148,exposure_text,text,2,0.0157,144,51,1
148,temp_text,text,3,0.0138,114,51,1
148,alt_text,bar,4,1.0877,337,213,0
149,fit_distance_text,bar,0,0.9649,2324,199,0
149,iso_text,text,1,0.0314,140,51,1
149,exposure_text,text,2,0.0129,144,51,1
149,temp_text,text,3,0.0118,114,51,1
149,alt_text,bar,4,0.9261,337,213,0
150,fit_distance_text,bar,0,0.8158,2324,199,0
150,iso_text,text,1,0.0291,140,51,1
150,exposure_text,text,2,0.0133,144,51,1
150,temp_text,text,3,0.0122,114,51,1
150,alt_text,bar,4,1.1938,337,213,0
151,fit_distance_text,bar,0,1.0539,2324,199,0
151,iso_text,text,1,0.0338,140,51,1
151,exposure_text,text,2,0.0161,144,51,1
151,temp_text,text,3,0.0141,114,51,1
151,alt_text,bar,4,1.006,337,213,0
152,fit_distance_text,bar,0,0.882,2324,199,0
152,iso_text,text,1,0.0259,140,51,1
152,exposure_text,text,2,0.014,144,51,1
152,temp_text,text,3,0.013,114,51,1
152,alt_text,bar,4,0.8978,337,213,0
153,fit_distance_text,bar,0,7.2163,2324,199,0
153,iso_text,text,1,0.1708,140,51,0
153,exposure_text,text,2,0.068,144,51,1
153,temp_text,text,3,0.0862,114,51,1
153,alt_text,bar,4,3.6665,337,213,0
154,fit_distance_text,bar,0,0.93,2324,199,0
154,iso_text,text,1,0.0321,140,51,1
154,exposure_text,text,2,0.0136,144,51,1
154,temp_text,text,3,0.0119,114,51,1
154,alt_text,bar,4,0.9817,337,213,0
155,fit_distance_text,bar,0,0.8468,2324,199,0
155,iso_text,text,1,0.0226,140,51,1
155,exposure_text,text,2,0.0496,144,51,1
155,temp_text,text,3,0.0126,114,51,1
155,alt_text,bar,4,0.8609,337,213,0
156,fit_distance_text,bar,0,0.8619,2324,199,0
156,iso_text,text,1,0.0226,140,51,1
156,exposure_text,text,2,0.0136,144,51,1
156,temp_text,text,3,0.0124,114,51,1
156,alt_text,bar,4,0.8999,337,213,0
157,fit_distance_text,bar,0,1.2189,2324,199,0
157,iso_text,text,1,0.0542,140,51,1
157,exposure_text,text,2,0.0154,144,51,1
157,temp_text,text,3,0.0145,114,51,1
157,alt_text,bar,4,1.1915,337,213,0
158,fit_distance_text,bar,0,0.9885,2324,199,0
158,iso_text,text,1,0.0244,140,51,1
158,exposure_text,text,2,0.0139,144,51,1
158,temp_text,text,3,0.0126,114,51,1
158,alt_text,bar,4,0.8965,337,213,0
159,fit_distance_text,bar,0,1.0205,2324,199,0
159,iso_text,text,1,0.0435,140,51,1
159,exposure_text,text,2,0.0135,144,51,1
159,temp_text,text,3,0.0133,114,51,1
159,alt_text,bar,4,1.2713,337,213,0
160,fit_distance_text,bar,0,0.8375,2324,199,0
160,iso_text,text,1,0.0224,140,51,1
160,exposure_text,text,2,0.0134,144,51,1
160,temp_text,text,3,0.0123,114,51,1
160,alt_text,bar,4,0.96,337,213,0
161,fit_distance_text,bar,0,0.875,2324,199,0
161,iso_text,text,1,0.0228,140,51,1
161,exposure_text,text,2,0.0136,144,51,1
161,temp_text,text,3,0.0128,114,51,1
161,alt_text,bar,4,1.0505,337,213,0
162,fit_distance_text,bar,0,1.0068,2324,199,0
162,iso_text,text,1,0.0584,140,51,1
162,exposure_text,text,2,0.018,144,51,1
162,temp_text,text,3,0.0182,114,51,1
162,alt_text,bar,4,1.5123,337,213,0
163,fit_distance_text,bar,0,1.0226,2324,199,0
163,iso_text,text,1,0.0363,140,51,1
163,exposure_text,text,2,0.0281,144,51,1
163,temp_text,text,3,0.0129,114,51,1
163,alt_text,bar,4,1.0724,337,213,0
164,fit_distance_text,bar,0,0.9636,2324,199,0
164,iso_text,text,1,0.0274,140,51,1
164,exposure_text,text,2,0.0133,144,51,1
164,temp_text,text,3,0.0125,114,51,1
164,alt_text,bar,4,0.9767,337,213,0
165,fit_distance_text,bar,0,0.8512,2324,199,0
165,iso_text,text,1,0.0323,140,51,1
165,exposure_text,text,2,0.0129,144,51,1
165,temp_text,text,3,0.0128,114,51,1
165,alt_text,bar,4,1.2823,337,213,0
166,fit_distance_text,bar,0,0.9567,2324,199,0
166,iso_text,text,1,0.0354,140,51,1
166,exposure_text,text,2,0.0135,144,51,1
166,temp_text,text,3,0.0141,114,51,1
166,alt_text,bar,4,1.0452,337,213,0
167,fit_distance_text,bar,0,0.8739,2324,199,0
167,iso_text,text,1,0.0372,140,51,1
167,exposure_text,text,2,0.0131,144,51,1
167,temp_text,text,3,0.0123,114,51,1
167,alt_text,bar,4,0.9943,337,213,0
168,fit_distance_text,bar,0,0.9047,2324,199,0
168,iso_text,text,1,0.0326,140,51,1
168,exposure_text,text,2,0.0133,144,51,1
168,temp_text,text,3,0.0133,114,51,1
168,alt_text,bar,4,1.6456,337,213,0
169,fit_distance_text,bar,0,0.8879,2324,199,0
169,iso_text,text,1,0.0256,140,51,1
169,exposure_text,text,2,0.014,144,51,1
169,temp_text,text,3,0.0122,114,51,1
169,alt_text,bar,4,1.0068,337,213,0
170,fit_distance_text,bar,0,0.8434,2324,199,0
170,iso_text,text,1,0.0308,140,51,1
170,exposure_text,text,2,0.013,144,51,1
170,temp_text,text,3,0.012,114,51,1
170,alt_text,bar,4,0.9379,337,213,0
171,fit_distance_text,bar,0,0.8989,2324,199,0
171,iso_text,text,1,0.022,140,51,1
171,exposure_text,text,2,0.0131,144,51,1
171,temp_text,text,3,0.0121,114,51,1
171,alt_text,bar,4,0.8787,337,213,0
172,fit_distance_text,bar,0,0.8935,2324,199,0
172,iso_text,text,1,0.0235,140,51,1
172,exposure_text,text,2,0.014,144,51,1
172,temp_text,text,3,0.012,114,51,1
172,alt_text,bar,4,0.8362,337,213,0
173,fit_distance_text,bar,0,0.8999,2324,199,0
173,iso_text,text,1,0.022,140,51,1
173,exposure_text,text,2,0.013,144,51,1
173,temp_text,text,3,0.012,114,51,1
173,alt_text,bar,4,0.9465,337,213,0
174,fit_distance_text,bar,0,0.9293,2324,199,0
174,iso_text,text,1,0.0279,140,51,1
174,exposure_text,text,2,0.0138,144,51,1
174,temp_text,text,3,0.0122,114,51,1
174,alt_text,bar,4,0.9561,337,213,0
175,fit_distance_text,bar,0,1.0927,2324,199,0
175,iso_text,text,1,0.0426,140,51,1
175,exposure_text,text,2,0.0142,144,51,1
175,temp_text,text,3,0.0124,114,51,1
175,alt_text,bar,4,1.1141,337,213,0
176,fit_distance_text,bar,0,1.0072,2324,199,0
176,iso_text,text,1,0.0249,140,51,1
176,exposure_text,text,2,0.0129,144,51,1
176,temp_text,text,3,0.0121,114,51,1
176,alt_text,bar,4,1.0438,337,213,0
177,fit_distance_text,bar,0,0.9755,2324,199,0
177,iso_text,text,1,0.0212,140,51,1
177,exposure_text,text,2,0.0128,144,51,1
177,temp_text,text,3,0.012,114,51,1
177,alt_text,bar,4,0.9022,337,213,0
178,fit_distance_text,bar,0,0.9621,2324,199,0
178,iso_text,text,1,0.058,140,51,1
178,exposure_text,text,2,0.0129,144,51,1
178,temp_text,text,3,0.0125,114,51,1
178,alt_text,bar,4,1.3337,337,213,0
179,fit_distance_text,bar,0,0.9631,2324,199,0
179,iso_text,text,1,0.0233,140,51,1
179,exposure_text,text,2,0.0135,144,51,1
179,temp_text,text,3,0.012,114,51,1
179,alt_text,bar,4,0.9611,337,213,0
180,fit_distance_text,bar,0,0.8984,2324,199,0
180,iso_text,text,1,0.0222,140,51,1
180,exposure_text,text,2,0.013,144,51,1
180,temp_text,text,3,0.0119,114,51,1
180,alt_text,bar,4,0.9263,337,213,0
181,fit_distance_text,bar,0,0.9985,2324,199,0
181,iso_text,text,1,0.0334,140,51,1
181,exposure_text,text,2,0.0136,144,51,1
181,temp_text,text,3,0.0123,114,51,1
181,alt_text,bar,4,0.9959,337,213,0
182,fit_distance_text,bar,0,0.902,2324,199,0
182,iso_text,text,1,0.0219,140,51,1
182,exposure_text,text,2,0.0132,144,51,1
182,temp_text,text,3,0.0121,114,51,1
182,alt_text,bar,4,0.9199,337,213,0
183,fit_distance_text,bar,0,0.9084,2324,199,0
183,iso_text,text,1,0.0267,140,51,1
183,exposure_text,text,2,0.0131,144,51,1
183,temp_text,text,3,0.0124,114,51,1
183,alt_text,bar,4,1.1647,337,213,0
184,fit_distance_text,bar,0,0.8005,2324,199,0
184,iso_text,text,1,0.0225,140,51,1
184,exposure_text,text,2,0.0126,144,51,1
184,temp_text,text,3,0.0122,114,51,1
184,alt_text,bar,4,0.9731,337,213,0
185,fit_distance_text,bar,0,0.9629,2324,199,0
185,iso_text,text,1,0.0284,140,51,1
185,exposure_text,text,2,0.014,144,51,1
185,temp_text,text,3,0.0129,114,51,1
185,alt_text,bar,4,0.916,337,213,0
186,fit_distance_text,bar,0,0.9575,2324,199,0
186,iso_text,text,1,0.0234,140,51,1
186,exposure_text,text,2,0.013,144,51,1
186,temp_text,text,3,0.012,114,51,1
186,alt_text,bar,4,0.8561,337,213,0
187,fit_distance_text,bar,0,0.9437,2324,199,0
187,iso_text,text,1,0.1012,140,51,0
187,exposure_text,text,2,0.0252,144,51,1
187,temp_text,text,3,0.0181,114,51,1
187,alt_text,bar,4,1.015,337,213,0
188,fit_distance_text,bar,0,1.0934,2324,199,0
188,iso_text,text,1,0.0671,140,51,1
188,exposure_text,text,2,0.0146,144,51,1
188,temp_text,text,3,0.0138,114,51,1
188,alt_text,bar,4,1.2695,337,213,0
189,fit_distance_text,bar,0,0.8948,2324,199,0
189,iso_text,text,1,0.022,140,51,1
189,exposure_text,text,2,0.0126,144,51,1
189,temp_text,text,3,0.0124,114,51,1
189,alt_text,bar,4,0.8921,337,213,0
190,fit_distance_text,bar,0,0.8822,2324,199,0
190,iso_text,text,1,0.0223,140,51,1
190,exposure_text,text,2,0.0128,144,51,1
190,temp_text,text,3,0.0119,114,51,1
190,alt_text,bar,4,0.952,337,213,0
191,fit_distance_text,bar,0,0.8997,2324,199,0
191,iso_text,text,1,0.0244,140,51,1
191,exposure_text,text,2,0.013,144,51,1
191,temp_text,text,3,0.0119,114,51,1
191,alt_text,bar,4,1.0989,337,213,0
192,fit_distance_text,bar,0,0.9993,2324,199,0
192,iso_text,text,1,0.0274,140,51,1
192,exposure_text,text,2,0.0131,144,51,1
192,temp_text,text,3,0.0118,114,51,1
192,alt_text,bar,4,1.0931,337,213,0
193,fit_distance_text,bar,0,0.9877,2324,199,0
193,iso_text,text,1,0.025,140,51,1
193,exposure_text,text,2,0.0131,144,51,1
193,temp_text,text,3,0.0125,114,51,1
193,alt_text,bar,4,1.0288,337,213,0
194,fit_distance_text,bar,0,0.9567,2324,199,0
194,iso_text,text,1,0.023,140,51,1
194,exposure_text,text,2,0.0129,144,51,1
194,temp_text,text,3,0.0122,114,51,1
194,alt_text,bar,4,0.9711,337,213,0
195,fit_distance_text,bar,0,0.8888,2324,199,0
195,iso_text,text,1,0.0232,140,51,1
195,exposure_text,text,2,0.0127,144,51,1
195,temp_text,text,3,0.0121,114,51,1
195,alt_text,bar,4,0.9631,337,213,0
196,fit_distance_text,bar,0,0.959,2324,199,0
196,iso_text,text,1,0.0233,140,51,1
196,exposure_text,text,2,0.0131,144,51,1
196,temp_text,text,3,0.012,114,51,1
196,alt_text,bar,4,0.9402,337,213,0
197,fit_distance_text,bar,0,0.9596,2324,199,0
197,iso_text,text,1,0.023,140,51,1
197,exposure_text,text,2,0.0132,144,51,1
197,temp_text,text,3,0.0122,114,51,1
197,alt_text,bar,4,0.9123,337,213,0
198,fit_distance_text,bar,0,1.0879,2324,199,0
198,iso_text,text,1,0.0453,140,51,1
198,exposure_text,text,2,0.014,144,51,1
198,temp_text,text,3,0.0124,114,51,1
198,alt_text,bar,4,1.1659,337,213,0
199,fit_distance_text,bar,0,0.9164,2324,199,0
199,iso_text,text,1,0.0221,140,51,1
199,exposure_text,text,2,0.0127,144,51,1
199,temp_text,text,3,0.0118,114,51,1
199,alt_text,bar,4,0.9778,337,213,0
200,fit_distance_text,bar,0,0.9008,2324,199,0
200,iso_text,text,1,0.0256,140,51,1
200,exposure_text,text,2,0.013,144,51,1
200,temp_text,text,3,0.4459,114,51,0
200,alt_text,bar,4,0.8712,337,213,0
201,fit_distance_text,bar,0,0.9984,2324,199,0
201,iso_text,text,1,0.0225,140,51,1
201,exposure_text,text,2,0.0149,144,51,1
201,temp_text,text,3,0.0121,114,51,1
201,alt_text,bar,4,0.8725,337,213,0
202,fit_distance_text,bar,0,0.9595,2324,199,0
202,iso_text,text,1,0.0232,140,51,1
202,exposure_text,text,2,0.0128,144,51,1
202,temp_text,text,3,0.0121,114,51,1
202,alt_text,bar,4,0.8674,337,213,0
203,fit_distance_text,bar,0,0.9903,2324,199,0
203,iso_text,text,1,0.0282,140,51,1
203,exposure_text,text,2,0.013,144,51,1
203,temp_text,text,3,0.0121,114,51,1
203,alt_text,bar,4,1.0186,337,213,0
204,fit_distance_text,bar,0,1.2229,2324,199,0
204,iso_text,text,1,0.0634,140,51,1
204,exposure_text,text,2,0.0192,144,51,1
204,temp_text,text,3,0.0123,114,51,1
204,alt_text,bar,4,0.9881,337,213,0
205,fit_distance_text,bar,0,0.818,2324,199,0
205,iso_text,text,1,0.0219,140,51,1
205,exposure_text,text,2,0.0141,144,51,1
205,temp_text,text,3,0.0121,114,51,1
205,alt_text,bar,4,0.8826,337,213,0
206,fit_distance_text,bar,0,1.0634,2324,199,0
206,iso_text,text,1,0.0471,140,51,1
206,exposure_text,text,2,0.0146,144,51,1
206,temp_text,text,3,0.0122,114,51,1
206,alt_text,bar,4,0.9342,337,213,0
207,fit_distance_text,bar,0,0.96,2324,199,0
207,iso_text,text,1,0.0236,140,51,1
207,exposure_text,text,2,0.0132,144,51,1
207,temp_text,text,3,0.0123,114,51,1
207,alt_text,bar,4,0.8027,337,213,0
208,fit_distance_text,bar,0,1.0603,2324,199,0
208,iso_text,text,1,0.0249,140,51,1
208,exposure_text,text,2,0.0138,144,51,1
208,temp_text,text,3,0.0126,114,51,1
208,alt_text,bar,4,0.8713,337,213,0
209,fit_distance_text,bar,0,1.2425,2324,199,0
209,iso_text,text,1,0.04,140,51,1
209,exposure_text,text,2,0.0139,144,51,1
209,temp_text,text,3,0.0119,114,51,1
209,alt_text,bar,4,7.6989,337,213,0
210,fit_distance_text,bar,0,0.8979,2324,199,0
210,iso_text,text,1,0.0217,140,51,1
210,exposure_text,text,2,0.0132,144,51,1
210,temp_text,text,3,0.0121,114,51,1
210,alt_text,bar,4,0.867,337,213,0
211,fit_distance_text,bar,0,1.1299,2324,199,0
211,iso_text,text,1,0.0483,140,51,1
211,exposure_text,text,2,0.0144,144,51,1
211,temp_text,text,3,0.0127,114,51,1
211,alt_text,bar,4,0.996,337,213,0
212,fit_distance_text,bar,0,1.0731,2324,199,0
212,iso_text,text,1,0.0324,140,51,1
212,exposure_text,text,2,0.014,144,51,1
212,temp_text,text,3,0.012,114,51,1
212,alt_text,bar,4,0.8634,337,213,0
213,fit_distance_text,bar,0,0.9621,2324,199,0
213,iso_text,text,1,0.0232,140,51,1
213,exposure_text,text,2,0.0132,144,51,1
213,temp_text,text,3,0.0119,114,51,1
213,alt_text,bar,4,0.8988,337,213,0
214,fit_distance_text,bar,0,0.935,2324,199,0
214,iso_text,text,1,0.0224,140,51,1
214,exposure_text,text,2,0.0127,144,51,1
214,temp_text,text,3,0.0116,114,51,1
214,alt_text,bar,4,0.9456,337,213,0
215,fit_distance_text,bar,0,1.0527,2324,199,0
215,iso_text,text,1,0.0225,140,51,1
215,exposure_text,text,2,0.013,144,51,1
215,temp_text,text,3,0.0122,114,51,1
215,alt_text,bar,4,0.9204,337,213,0
216,fit_distance_text,bar,0,1.0111,2324,199,0
216,iso_text,text,1,0.0377,140,51,1
216,exposure_text,text,2,0.0136,144,51,1
216,temp_text,text,3,0.012,114,51,1
216,alt_text,bar,4,0.9753,337,213,0
217,fit_distance_text,bar,0,0.9342,2324,199,0
217,iso_text,text,1,0.027,140,51,1
217,exposure_text,text,2,0.0171,144,51,1
217,temp_text,text,3,0.016,114,51,1
217,alt_text,bar,4,1.0014,337,213,0
218,fit_distance_text,bar,0,0.8606,2324,199,0
218,iso_text,text,1,0.0224,140,51,1
218,exposure_text,text,2,0.0128,144,51,1
218,temp_text,text,3,0.0119,114,51,1
218,alt_text,bar,4,0.9451,337,213,0
219,fit_distance_text,bar,0,0.906,2324,199,0
219,iso_text,text,1,0.0286,140,51,1
219,exposure_text,text,2,0.0132,144,51,1
219,temp_text,text,3,0.0117,114,51,1
219,alt_text,bar,4,0.9782,337,213,0
220,fit_distance_text,bar,0,0.974,2324,199,0
220,iso_text,text,1,0.0243,140,51,1
220,exposure_text,text,2,0.0133,144,51,1
220,temp_text,text,3,0.012,114,51,1
220,alt_text,bar,4,0.8579,337,213,0
221,fit_distance_text,bar,0,0.9342,2324,199,0
221,iso_text,text,1,0.0218,140,51,1
221,exposure_text,text,2,0.0125,144,51,1
221,temp_text,text,3,0.0127,114,51,1
221,alt_text,bar,4,0.8436,337,213,0
222,fit_distance_text,bar,0,1.0173,2324,199,0
222,iso_text,text,1,0.0322,140,51,1
222,exposure_text,text,2,0.0133,144,51,1
222,temp_text,text,3,0.012,114,51,1
222,alt_text,bar,4,0.8561,337,213,0
223,fit_distance_text,bar,0,1.0046,2324,199,0
223,iso_text,text,1,0.0418,140,51,1
223,exposure_text,text,2,0.013,144,51,1
223,temp_text,text,3,0.0121,114,51,1
223,alt_text,bar,4,1.0673,337,213,0
224,fit_distance_text,bar,0,1.0496,2324,199,0
224,iso_text,text,1,0.0313,140,51,1
224,exposure_text,text,2,0.0132,144,51,1
224,temp_text,text,3,0.0119,114,51,1
224,alt_text,bar,4,0.9351,337,213,0
225,fit_distance_text,bar,0,0.9174,2324,199,0
225,iso_text,text,1,0.0295,140,51,1
225,exposure_text,text,2,0.0128,144,51,1
225,temp_text,text,3,0.0117,114,51,1
225,alt_text,bar,4,0.9178,337,213,0
226,fit_distance_text,bar,0,0.8921,2324,199,0
226,iso_text,text,1,0.0228,140,51,1
226,exposure_text,text,2,0.0145,144,51,1
226,temp_text,text,3,0.0119,114,51,1
226,alt_text,bar,4,0.8847,337,213,0
227,fit_distance_text,bar,0,0.945,2324,199,0
227,iso_text,text,1,0.0224,140,51,1
227,exposure_text,text,2,0.0133,144,51,1
227,temp_text,text,3,0.0118,114,51,1
227,alt_text,bar,4,0.9024,337,213,0
228,fit_distance_text,bar,0,1.1453,2324,199,0
228,iso_text,text,1,0.0268,140,51,1
228,exposure_text,text,2,0.0134,144,51,1
228,temp_text,text,3,0.0126,114,51,1
228,alt_text,bar,4,0.9289,337,213,0
229,fit_distance_text,bar,0,0.9708,2324,199,0
229,iso_text,text,1,0.0218,140,51,1
229,exposure_text,text,2,0.0131,144,51,1
229,temp_text,text,3,0.0119,114,51,1
229,alt_text,bar,4,0.9488,337,213,0
230,fit_distance_text,bar,0,0.9649,2324,199,0
230,iso_text,text,1,0.0213,140,51,1
230,exposure_text,text,2,0.0127,144,51,1
230,temp_text,text,3,0.0125,114,51,1
230,alt_text,bar,4,1.2079,337,213,0
231,fit_distance_text,bar,0,0.9983,2324,199,0
231,iso_text,text,1,0.035,140,51,1
231,exposure_text,text,2,0.0139,144,51,1
231,temp_text,text,3,0.0127,114,51,1
231,alt_text,bar,4,0.9705,337,213,0
232,fit_distance_text,bar,0,0.9828,2324,199,0
232,iso_text,text,1,0.0256,140,51,1
232,exposure_text,text,2,0.0136,144,51,1
232,temp_text,text,3,0.0123,114,51,1
232,alt_text,bar,4,0.9073,337,213,0
233,fit_distance_text,bar,0,1.0013,2324,199,0
233,iso_text,text,1,0.0287,140,51,1
233,exposure_text,text,2,0.0142,144,51,1
233,temp_text,text,3,0.0125,114,51,1
233,alt_text,bar,4,1.0021,337,213,0
234,fit_distance_text,bar,0,1.0581,2324,199,0
234,iso_text,text,1,0.0399,140,51,1
234,exposure_text,text,2,0.0136,144,51,1
234,temp_text,text,3,0.0121,114,51,1
234,alt_text,bar,4,1.0181,337,213,0
235,fit_distance_text,bar,0,0.9539,2324,199,0
235,iso_text,text,1,0.0226,140,51,1
235,exposure_text,text,2,0.0127,144,51,1
235,temp_text,text,3,0.0122,114,51,1
235,alt_text,bar,4,0.8317,337,213,0
236,fit_distance_text,bar,0,0.9646,2324,199,0
236,iso_text,text,1,0.0242,140,51,1
236,exposure_text,text,2,0.0135,144,51,1
236,temp_text,text,3,0.0125,114,51,1
236,alt_text,bar,4,0.8488,337,213,0
237,fit_distance_text,bar,0,0.9333,2324,199,0
237,iso_text,text,1,0.0237,140,51,1
237,exposure_text,text,2,0.0135,144,51,1
237,temp_text,text,3,0.012,114,51,1
237,alt_text,bar,4,0.8362,337,213,0
238,fit_distance_text,bar,0,0.8772,2324,199,0
238,iso_text,text,1,0.0218,140,51,1
238,exposure_text,text,2,0.0133,144,51,1
238,temp_text,text,3,0.0122,114,51,1
238,alt_text,bar,4,0.8534,337,213,0
239,fit_distance_text,bar,0,1.0235,2324,199,0
239,iso_text,text,1,0.042,140,51,1
239,exposure_text,text,2,0.0151,144,51,1
239,temp_text,text,3,0.0139,114,51,1
239,alt_text,bar,4,1.0197,337,213,0
240,fit_distance_text,bar,0,0.895,2324,199,0
240,iso_text,text,1,0.0362,140,51,1
240,exposure_text,text,2,0.0135,144,51,1
240,temp_text,text,3,0.0119,114,51,1
240,alt_text,bar,4,1.063,337,213,0
241,fit_distance_text,bar,0,0.8785,2324,199,0
241,iso_text,text,1,0.0427,140,51,1
241,exposure_text,text,2,0.0134,144,51,1
241,temp_text,text,3,0.0129,114,51,1
241,alt_text,bar,4,1.0788,337,213,0
242,fit_distance_text,bar,0,0.8513,2324,199,0
242,iso_text,text,1,0.0289,140,51,1
242,exposure_text,text,2,0.0134,144,51,1
242,temp_text,text,3,0.0123,114,51,1
242,alt_text,bar,4,0.9554,337,213,0
243,fit_distance_text,bar,0,0.9467,2324,199,0
243,iso_text,text,1,0.0214,140,51,1
243,exposure_text,text,2,0.0133,144,51,1
243,temp_text,text,3,0.0126,114,51,1
243,alt_text,bar,4,0.9596,337,213,0
244,fit_distance_text,bar,0,0.9879,2324,199,0
244,iso_text,text,1,0.0286,140,51,1
244,exposure_text,text,2,0.0136,144,51,1
244,temp_text,text,3,0.012,114,51,1
244,alt_text,bar,4,0.9945,337,213,0
245,fit_distance_text,bar,0,0.9046,2324,199,0
245,iso_text,text,1,0.0225,140,51,1
245,exposure_text,text,2,0.0128,144,51,1
245,temp_text,text,3,0.0117,114,51,1
245,alt_text,bar,4,0.9179,337,213,0
246,fit_distance_text,bar,0,0.9858,2324,199,0
246,iso_text,text,1,0.0211,140,51,1
246,exposure_text,text,2,0.013,144,51,1
246,temp_text,text,3,0.0117,114,51,1
246,alt_text,bar,4,0.8974,337,213,0
247,fit_distance_text,bar,0,1.4247,2324,199,0
247,iso_text,text,1,0.066,140,51,1
247,exposure_text,text,2,0.015,144,51,1
247,temp_text,text,3,0.0131,114,51,1
247,alt_text,bar,4,0.9691,337,213,0
248,fit_distance_text,bar,0,0.9921,2324,199,0
248,iso_text,text,1,0.0242,140,51,1
248,exposure_text,text,2,0.0131,144,51,1
248,temp_text,text,3,0.0121,114,51,1
248,alt_text,bar,4,0.929,337,213,0
249,fit_distance_text,bar,0,0.992,2324,199,0
249,iso_text,text,1,0.0292,140,51,1
249,exposure_text,text,2,0.0133,144,51,1
249,temp_text,text,3,0.0134,114,51,1
249,alt_text,bar,4,1.118,337,213,0
250,fit_distance_text,bar,0,1.2039,2324,199,0
250,iso_text,text,1,0.0473,140,51,1
250,exposure_text,text,2,0.0186,144,51,1
250,temp_text,text,3,0.0156,114,51,1
250,alt_text,bar,4,0.9443,337,213,0
251,fit_distance_text,bar,0,1.0283,2324,199,0
251,iso_text,text,1,0.0236,140,51,1
251,exposure_text,text,2,0.013,144,51,1
251,temp_text,text,3,0.0123,114,51,1
251,alt_text,bar,4,0.905,337,213,0
252,fit_distance_text,bar,0,0.8371,2324,199,0
252,iso_text,text,1,0.0213,140,51,1
252,exposure_text,text,2,0.0127,144,51,1
252,temp_text,text,3,0.0121,114,51,1
252,alt_text,bar,4,0.8488,337,213,0
253,fit_distance_text,bar,0,0.8858,2324,199,0
253,iso_text,text,1,0.0283,140,51,1
253,exposure_text,text,2,0.0129,144,51,1
253,temp_text,text,3,0.0123,114,51,1
253,alt_text,bar,4,0.9222,337,213,0
254,fit_distance_text,bar,0,1.1153,2324,199,0
254,iso_text,text,1,0.0803,140,51,1
254,exposure_text,text,2,0.0863,144,51,1
254,temp_text,text,3,0.0277,114,51,1
254,alt_text,bar,4,1.8704,337,213,0
255,fit_distance_text,bar,0,0.8376,2324,199,0
255,iso_text,text,1,0.0271,140,51,1
255,exposure_text,text,2,0.013,144,51,1
255,temp_text,text,3,0.0121,114,51,1
255,alt_text,bar,4,0.8453,337,213,0
256,fit_distance_text,bar,0,7.5196,2324,199,0
256,iso_text,text,1,0.2734,140,51,0
256,exposure_text,text,2,0.1391,144,51,0
256,temp_text,text,3,0.1105,114,51,0
256,alt_text,bar,4,4.0586,337,213,0
257,fit_distance_text,bar,0,1.1172,2324,199,0
257,iso_text,text,1,0.2891,140,51,0
257,exposure_text,text,2,0.1224,144,51,0
257,temp_text,text,3,0.1108,114,51,0
257,alt_text,bar,4,7.2782,337,213,0
258,fit_distance_text,bar,0,1.0007,2324,199,0
258,iso_text,text,1,0.0365,140,51,1
258,exposure_text,text,2,0.0135,144,51,1
258,temp_text,text,3,0.0119,114,51,1
258,alt_text,bar,4,0.9717,337,213,0
259,fit_distance_text,bar,0,0.8348,2324,199,0
259,iso_text,text,1,0.0221,140,51,1
259,exposure_text,text,2,0.013,144,51,1
259,temp_text,text,3,0.0118,114,51,1
259,alt_text,bar,4,0.8773,337,213,0
260,fit_distance_text,bar,0,0.9286,2324,199,0
260,iso_text,text,1,0.0405,140,51,1
260,exposure_text,text,2,0.0862,144,51,1
260,temp_text,text,3,0.0194,114,51,1
260,alt_text,bar,4,1.049,337,213,0
261,fit_distance_text,bar,0,0.878,2324,199,0
261,iso_text,text,1,0.0208,140,51,1
261,exposure_text,text,2,0.0129,144,51,1
261,temp_text,text,3,0.012,114,51,1
261,alt_text,bar,4,0.8711,337,213,0
262,fit_distance_text,bar,0,0.9326,2324,199,0
262,iso_text,text,1,0.0258,140,51,1
262,exposure_text,text,2,0.0128,144,51,1
262,temp_text,text,3,0.0118,114,51,1
262,alt_text,bar,4,0.8845,337,213,0
263,fit_distance_text,bar,0,0.8383,2324,199,0
263,iso_text,text,1,0.0222,140,51,1
263,exposure_text,text,2,0.0126,144,51,1
263,temp_text,text,3,0.0122,114,51,1
263,alt_text,bar,4,0.9154,337,213,0
264,fit_distance_text,bar,0,0.9102,2324,199,0
264,iso_text,text,1,0.0369,140,51,1
264,exposure_text,text,2,0.0135,144,51,1
264,temp_text,text,3,0.012,114,51,1
264,alt_text,bar,4,1.0402,337,213,0
265,fit_distance_text,bar,0,0.9532,2324,199,0
265,iso_text,text,1,0.0313,140,51,1
265,exposure_text,text,2,0.0135,144,51,1
265,temp_text,text,3,0.0123,114,51,1
265,alt_text,bar,4,0.9374,337,213,0
266,fit_distance_text,bar,0,0.9157,2324,199,0
266,iso_text,text,1,0.0223,140,51,1
266,exposure_text,text,2,0.0131,144,51,1
266,temp_text,text,3,0.0121,114,51,1
266,alt_text,bar,4,0.9205,337,213,0
267,fit_distance_text,bar,0,0.8701,2324,199,0
267,iso_text,text,1,0.0294,140,51,1
267,exposure_text,text,2,0.0134,144,51,1
267,temp_text,text,3,0.0127,114,51,1
267,alt_text,bar,4,0.9047,337,213,0
268,fit_distance_text,bar,0,0.8237,2324,199,0
268,iso_text,text,1,0.0215,140,51,1
268,exposure_text,text,2,0.0126,144,51,1
268,temp_text,text,3,0.0118,114,51,1
268,alt_text,bar,4,1.0518,337,213,0
269,fit_distance_text,bar,0,0.862,2324,199,0
269,iso_text,text,1,0.0226,140,51,1
269,exposure_text,text,2,0.0133,144,51,1
269,temp_text,text,3,0.0119,114,51,1
269,alt_text,bar,4,0.9738,337,213,0
270,fit_distance_text,bar,0,0.7968,2324,199,0
270,iso_text,text,1,0.021,140,51,1
270,exposure_text,text,2,0.0128,144,51,1
270,temp_text,text,3,0.0122,114,51,1
270,alt_text,bar,4,0.9156,337,213,0
271,fit_distance_text,bar,0,0.82,2324,199,0
271,iso_text,text,1,0.0328,140,51,1
271,exposure_text,text,2,0.0135,144,51,1
271,temp_text,text,3,0.0123,114,51,1
271,alt_text,bar,4,0.8864,337,213,0
272,fit_distance_text,bar,0,0.743,2324,199,0
272,iso_text,text,1,0.0437,140,51,1
272,exposure_text,text,2,0.0132,144,51,1
272,temp_text,text,3,0.0122,114,51,1
272,alt_text,bar,4,0.8331,337,213,0
273,fit_distance_text,bar,0,0.9027,2324,199,0
273,iso_text,text,1,0.0231,140,51,1
273,exposure_text,text,2,0.0129,144,51,1
273,temp_text,text,3,0.0122,114,51,1
273,alt_text,bar,4,1.0543,337,213,0
274,fit_distance_text,bar,0,0.8827,2324,199,0
274,iso_text,text,1,0.023,140,51,1
274,exposure_text,text,2,0.0131,144,51,1
274,temp_text,text,3,0.0119,114,51,1
274,alt_text,bar,4,0.9126,337,213,0
275,fit_distance_text,bar,0,0.8508,2324,199,0
275,iso_text,text,1,0.0217,140,51,1
275,exposure_text,text,2,0.0129,144,51,1
275,temp_text,text,3,0.0118,114,51,1
275,alt_text,bar,4,0.8766,337,213,0
276,fit_distance_text,bar,0,0.9049,2324,199,0
276,iso_text,text,1,0.0348,140,51,1
276,exposure_text,text,2,0.0127,144,51,1
276,temp_text,text,3,0.0119,114,51,1
276,alt_text,bar,4,0.9336,337,213,0
277,fit_distance_text,bar,0,0.9324,2324,199,0
277,iso_text,text,1,0.0218,140,51,1
277,exposure_text,text,2,0.0128,144,51,1
277,temp_text,text,3,0.0122,114,51,1
277,alt_text,bar,4,0.8737,337,213,0
278,fit_distance_text,bar,0,0.8868,2324,199,0
278,iso_text,text,1,0.0222,140,51,1
278,exposure_text,text,2,0.0125,144,51,1
278,temp_text,text,3,0.0117,114,51,1
278,alt_text,bar,4,0.939,337,213,0
279,fit_distance_text,bar,0,1.0737,2324,199,0
279,iso_text,text,1,0.0453,140,51,1
279,exposure_text,text,2,0.0132,144,51,1
279,temp_text,text,3,0.0118,114,51,1
279,alt_text,bar,4,1.1138,337,213,0
280,fit_distance_text,bar,0,0.978,2324,199,0
280,iso_text,text,1,0.0283,140,51,1
280,exposure_text,text,2,0.0132,144,51,1
280,temp_text,text,3,0.012,114,51,1
280,alt_text,bar,4,0.9472,337,213,0
281,fit_distance_text,bar,0,0.8947,2324,199,0
281,iso_text,text,1,0.0211,140,51,1
281,exposure_text,text,2,0.0127,144,51,1
281,temp_text,text,3,0.0139,114,51,1
281,alt_text,bar,4,0.9141,337,213,0
282,fit_distance_text,bar,0,0.7852,2324,199,0
282,iso_text,text,1,0.0239,140,51,1
282,exposure_text,text,2,0.013,144,51,1
282,temp_text,text,3,0.0122,114,51,1
282,alt_text,bar,4,0.8997,337,213,0
283,fit_distance_text,bar,0,0.767,2324,199,0
283,iso_text,text,1,0.0213,140,51,1
283,exposure_text,text,2,0.0126,144,51,1
283,temp_text,text,3,0.0116,114,51,1
283,alt_text,bar,4,0.9615,337,213,0
284,fit_distance_text,bar,0,0.8144,2324,199,0
284,iso_text,text,1,0.0294,140,51,1
284,exposure_text,text,2,0.0134,144,51,1
284,temp_text,text,3,0.0126,114,51,1
284,alt_text,bar,4,1.0053,337,213,0
285,fit_distance_text,bar,0,0.8889,2324,199,0
285,iso_text,text,1,0.0367,140,51,1
285,exposure_text,text,2,0.0135,144,51,1
285,temp_text,text,3,0.0124,114,51,1
285,alt_text,bar,4,0.8836,337,213,0
286,fit_distance_text,bar,0,0.8591,2324,199,0
286,iso_text,text,1,0.021,140,51,1
286,exposure_text,text,2,0.0125,144,51,1
286,temp_text,text,3,0.0117,114,51,1
286,alt_text,bar,4,0.8277,337,213,0
287,fit_distance_text,bar,0,0.8335,2324,199,0
287,iso_text,text,1,0.0233,140,51,1
287,exposure_text,text,2,0.0147,144,51,1
287,temp_text,text,3,0.012,114,51,1
287,alt_text,bar,4,0.8452,337,213,0
288,fit_distance_text,bar,0,0.859,2324,199,0
288,iso_text,text,1,0.0313,140,51,1
288,exposure_text,text,2,0.0129,144,51,1
288,temp_text,text,3,0.0129,114,51,1
288,alt_text,bar,4,1.0571,337,213,0
289,fit_distance_text,bar,0,0.922,2324,199,0
289,iso_text,text,1,0.0373,140,51,1
289,exposure_text,text,2,0.0132,144,51,1
289,temp_text,text,3,0.0126,114,51,1
289,alt_text,bar,4,0.9355,337,213,0
290,fit_distance_text,bar,0,0.8807,2324,199,0
290,iso_text,text,1,0.0384,140,51,1
290,exposure_text,text,2,0.0161,144,51,1
290,temp_text,text,3,0.0119,114,51,1
290,alt_text,bar,4,0.9892,337,213,0
291,fit_distance_text,bar,0,0.9342,2324,199,0
291,iso_text,text,1,0.0238,140,51,1
291,exposure_text,text,2,0.0132,144,51,1
291,temp_text,text,3,0.0119,114,51,1
291,alt_text,bar,4,0.9712,337,213,0
292,fit_distance_text,bar,0,0.9487,2324,199,0
292,iso_text,text,1,0.0264,140,51,1
292,exposure_text,text,2,0.0133,144,51,1
292,temp_text,text,3,0.0122,114,51,1
292,alt_text,bar,4,0.9125,337,213,0
293,fit_distance_text,bar,0,0.9301,2324,199,0
293,iso_text,text,1,0.0268,140,51,1
293,exposure_text,text,2,0.0133,144,51,1
293,temp_text,text,3,0.0124,114,51,1
293,alt_text,bar,4,0.9622,337,213,0
294,fit_distance_text,bar,0,0.9563,2324,199,0
294,iso_text,text,1,0.0226,140,51,1
294,exposure_text,text,2,0.0129,144,51,1
294,temp_text,text,3,0.0119,114,51,1
294,alt_text,bar,4,0.9697,337,213,0
295,fit_distance_text,bar,0,0.9303,2324,199,0
295,iso_text,text,1,0.0216,140,51,1
295,exposure_text,text,2,0.0127,144,51,1
295,temp_text,text,3,0.012,114,51,1
295,alt_text,bar,4,0.9008,337,213,0
296,fit_distance_text,bar,0,1.0824,2324,199,0
296,iso_text,text,1,0.0358,140,51,1
296,exposure_text,text,2,0.0144,144,51,1
296,temp_text,text,3,0.0122,114,51,1
296,alt_text,bar,4,0.9751,337,213,0
297,fit_distance_text,bar,0,0.9472,2324,199,0
297,iso_text,text,1,0.0227,140,51,1
297,exposure_text,text,2,0.0129,144,51,1
297,temp_text,text,3,0.0116,114,51,1
297,alt_text,bar,4,0.8828,337,213,0
298,fit_distance_text,bar,0,0.9575,2324,199,0
298,iso_text,text,1,0.0352,140,51,1
298,exposure_text,text,2,0.0136,144,51,1
298,temp_text,text,3,0.012,114,51,1
298,alt_text,bar,4,1.0207,337,213,0
299,fit_distance_text,bar,0,0.9316,2324,199,0
299,iso_text,text,1,0.0241,140,51,1
299,exposure_text,text,2,0.0136,144,51,1
299,temp_text,text,3,0.0122,114,51,1
299,alt_text,bar,4,0.9613,337,213,0
300,fit_distance_text,bar,0,1.0124,2324,199,0
300,iso_text,text,1,0.0353,140,51,1
300,exposure_text,text,2,0.0145,144,51,1
300,temp_text,text,3,0.5076,114,51,0
300,alt_text,bar,4,0.8292,337,213,0
301,fit_distance_text,bar,0,0.9775,2324,199,0
301,iso_text,text,1,0.0229,140,51,1
301,exposure_text,text,2,0.0133,144,51,1
301,temp_text,text,3,0.0124,114,51,1
301,alt_text,bar,4,0.846,337,213,0
302,fit_distance_text,bar,0,0.9637,2324,199,0
302,iso_text,text,1,0.0223,140,51,1
302,exposure_text,text,2,0.0138,144,51,1
302,temp_text,text,3,0.012,114,51,1
302,alt_text,bar,4,0.8062,337,213,0
303,fit_distance_text,bar,0,1.0124,2324,199,0
303,iso_text,text,1,0.0228,140,51,1
303,exposure_text,text,2,0.0126,144,51,1
303,temp_text,text,3,0.0115,114,51,1
303,alt_text,bar,4,0.8592,337,213,0
304,fit_distance_text,bar,0,1.0726,2324,199,0
304,iso_text,text,1,0.0402,140,51,1
304,exposure_text,text,2,0.0142,144,51,1
304,temp_text,text,3,0.0145,114,51,1
304,alt_text,bar,4,1.0835,337,213,0
305,fit_distance_text,bar,0,1.0335,2324,199,0
305,iso_text,text,1,0.0246,140,51,1
305,exposure_text,text,2,0.0138,144,51,1
305,temp_text,text,3,0.0126,114,51,1
305,alt_text,bar,4,0.7837,337,213,0
306,fit_distance_text,bar,0,1.6513,2324,199,0
306,iso_text,text,1,0.0536,140,51,1
306,exposure_text,text,2,0.0217,144,51,1
306,temp_text,text,3,0.0194,114,51,1
306,alt_text,bar,4,1.3073,337,213,0
307,fit_distance_text,bar,0,1.1266,2324,199,0
307,iso_text,text,1,0.0346,140,51,1
307,exposure_text,text,2,0.0137,144,51,1
307,temp_text,text,3,0.0122,114,51,1
307,alt_text,bar,4,0.8024,337,213,0
308,fit_distance_text,bar,0,1.2787,2324,199,0
308,iso_text,text,1,0.0501,140,51,1
308,exposure_text,text,2,0.0142,144,51,1
308,temp_text,text,3,0.0126,114,51,1
308,alt_text,bar,4,1.0189,337,213,0
309,fit_distance_text,bar,0,1.0304,2324,199,0
309,iso_text,text,1,0.0219,140,51,1
309,exposure_text,text,2,0.0139,144,51,1
309,temp_text,text,3,0.0126,114,51,1
309,alt_text,bar,4,0.8244,337,213,0
310,fit_distance_text,bar,0,1.5589,2324,199,0
310,iso_text,text,1,0.0594,140,51,1
310,exposure_text,text,2,0.02,144,51,1
310,temp_text,text,3,0.0167,114,51,1
310,alt_text,bar,4,1.2852,337,213,0
311,fit_distance_text,bar,0,1.0531,2324,199,0
311,iso_text,text,1,0.0471,140,51,1
311,exposure_text,text,2,0.0144,144,51,1
311,temp_text,text,3,0.0121,114,51,1
311,alt_text,bar,4,0.9545,337,213,0
312,fit_distance_text,bar,0,0.9613,2324,199,0
312,iso_text,text,1,0.0249,140,51,1
312,exposure_text,text,2,0.0133,144,51,1
312,temp_text,text,3,0.012,114,51,1
312,alt_text,bar,4,0.8112,337,213,0
313,fit_distance_text,bar,0,0.9361,2324,199,0
313,iso_text,text,1,0.0228,140,51,1
313,exposure_text,text,2,0.0134,144,51,1
313,temp_text,text,3,0.0126,114,51,1
313,alt_text,bar,4,0.8776,337,213,0
314,fit_distance_text,bar,0,0.9969,2324,199,0
314,iso_text,text,1,0.0242,140,51,1
314,exposure_text,text,2,0.0132,144,51,1
314,temp_text,text,3,0.0123,114,51,1
314,alt_text,bar,4,0.9055,337,213,0
315,fit_distance_text,bar,0,1.1772,2324,199,0
315,iso_text,text,1,0.0319,140,51,1
315,exposure_text,text,2,0.0141,144,51,1
315,temp_text,text,3,0.0124,114,51,1
315,alt_text,bar,4,0.9087,337,213,0
316,fit_distance_text,bar,0,1.0104,2324,199,0
316,iso_text,text,1,0.0228,140,51,1
316,exposure_text,text,2,0.0131,144,51,1
316,temp_text,text,3,0.0117,114,51,1
316,alt_text,bar,4,0.8453,337,213,0
317,fit_distance_text,bar,0,1.0035,2324,199,0
317,iso_text,text,1,0.0236,140,51,1
317,exposure_text,text,2,0.0131,144,51,1
317,temp_text,text,3,0.012,114,51,1
317,alt_text,bar,4,0.9268,337,213,0
318,fit_distance_text,bar,0,0.9859,2324,199,0
318,iso_text,text,1,0.0222,140,51,1
318,exposure_text,text,2,0.0131,144,51,1
318,temp_text,text,3,0.0124,114,51,1
318,alt_text,bar,4,0.8975,337,213,0
319,fit_distance_text,bar,0,1.0034,2324,199,0
319,iso_text,text,1,0.0248,140,51,1
319,exposure_text,text,2,0.0126,144,51,1
319,temp_text,text,3,0.0117,114,51,1
319,alt_text,bar,4,0.9027,337,213,0
320,fit_distance_text,bar,0,1.0397,2324,199,0
320,iso_text,text,1,0.0375,140,51,1
320,exposure_text,text,2,0.0147,144,51,1
320,temp_text,text,3,0.0136,114,51,1
320,alt_text,bar,4,0.8741,337,213,0
321,fit_distance_text,bar,0,1.0719,2324,199,0
321,iso_text,text,1,0.0255,140,51,1
321,exposure_text,text,2,0.0131,144,51,1
321,temp_text,text,3,0.0125,114,51,1
321,alt_text,bar,4,0.8099,337,213,0
322,fit_distance_text,bar,0,0.9652,2324,199,0
322,iso_text,text,1,0.0228,140,51,1
322,exposure_text,text,2,0.0129,144,51,1
322,temp_text,text,3,0.012,114,51,1
322,alt_text,bar,4,0.7606,337,213,0
323,fit_distance_text,bar,0,0.9867,2324,199,0
323,iso_text,text,1,0.0227,140,51,1
323,exposure_text,text,2,0.0133,144,51,1
323,temp_text,text,3,0.0121,114,51,1
323,alt_text,bar,4,0.8232,337,213,0
324,fit_distance_text,bar,0,0.9227,2324,199,0
324,iso_text,text,1,0.0237,140,51,1
324,exposure_text,text,2,0.013,144,51,1
324,temp_text,text,3,0.0119,114,51,1
324,alt_text,bar,4,0.8423,337,213,0
325,fit_distance_text,bar,0,0.9503,2324,199,0
325,iso_text,text,1,0.0227,140,51,1
325,exposure_text,text,2,0.0135,144,51,1
325,temp_text,text,3,0.012,114,51,1
325,alt_text,bar,4,0.8504,337,213,0
326,fit_distance_text,bar,0,0.9021,2324,199,0
326,iso_text,text,1,0.0224,140,51,1
326,exposure_text,text,2,0.0128,144,51,1
326,temp_text,text,3,0.0118,114,51,1
326,alt_text,bar,4,0.8439,337,213,0
327,fit_distance_text,bar,0,0.9115,2324,199,0
327,iso_text,text,1,0.0225,140,51,1
327,exposure_text,text,2,0.0132,144,51,1
327,temp_text,text,3,0.0122,114,51,1
327,alt_text,bar,4,0.8422,337,213,0
328,fit_distance_text,bar,0,1.0115,2324,199,0
328,iso_text,text,1,0.0351,140,51,1
328,exposure_text,text,2,0.013,144,51,1
328,temp_text,text,3,0.0119,114,51,1
328,alt_text,bar,4,0.933,337,213,0
329,fit_distance_text,bar,0,0.9213,2324,199,0
329,iso_text,text,1,0.0222,140,51,1
329,exposure_text,text,2,0.013,144,51,1
329,temp_text,text,3,0.0118,114,51,1
329,alt_text,bar,4,0.8823,337,213,0
330,fit_distance_text,bar,0,1.1452,2324,199,0
330,iso_text,text,1,0.0253,140,51,1
330,exposure_text,text,2,0.0132,144,51,1
330,temp_text,text,3,0.0119,114,51,1
330,alt_text,bar,4,0.8758,337,213,0
331,fit_distance_text,bar,0,0.9618,2324,199,0
331,iso_text,text,1,0.0221,140,51,1
331,exposure_text,text,2,0.0127,144,51,1
331,temp_text,text,3,0.0115,114,51,1
331,alt_text,bar,4,0.8681,337,213,0
332,fit_distance_text,bar,0,1.0139,2324,199,0
332,iso_text,text,1,0.0234,140,51,1
332,exposure_text,text,2,0.0128,144,51,1
332,temp_text,text,3,0.0124,114,51,1
332,alt_text,bar,4,0.8214,337,213,0
333,fit_distance_text,bar,0,1.0349,2324,199,0
333,iso_text,text,1,0.022,140,51,1
333,exposure_text,text,2,0.0129,144,51,1
333,temp_text,text,3,0.0121,114,51,1
333,alt_text,bar,4,0.8908,337,213,0
334,fit_distance_text,bar,0,1.0006,2324,199,0
334,iso_text,text,1,0.0338,140,51,1
334,exposure_text,text,2,0.0131,144,51,1
334,temp_text,text,3,0.012,114,51,1
334,alt_text,bar,4,0.9372,337,213,0
335,fit_distance_text,bar,0,1.1242,2324,199,0
335,iso_text,text,1,0.0345,140,51,1
335,exposure_text,text,2,0.0142,144,51,1
335,temp_text,text,3,0.0121,114,51,1
335,alt_text,bar,4,0.9367,337,213,0
336,fit_distance_text,bar,0,1.0301,2324,199,0
336,iso_text,text,1,0.0226,140,51,1
336,exposure_text,text,2,0.0131,144,51,1
336,temp_text,text,3,0.0122,114,51,1
336,alt_text,bar,4,0.7859,337,213,0
337,fit_distance_text,bar,0,1.0219,2324,199,0
337,iso_text,text,1,0.0252,140,51,1
337,exposure_text,text,2,0.013,144,51,1
337,temp_text,text,3,0.0121,114,51,1
337,alt_text,bar,4,0.8462,337,213,0
338,fit_distance_text,bar,0,1.0905,2324,199,0
338,iso_text,text,1,0.0425,140,51,1
338,exposure_text,text,2,0.0135,144,51,1
338,temp_text,text,3,0.012,114,51,1
338,alt_text,bar,4,1.1957,337,213,0
339,fit_distance_text,bar,0,1.0688,2324,199,0
339,iso_text,text,1,0.024,140,51,1
339,exposure_text,text,2,0.0133,144,51,1
339,temp_text,text,3,0.0701,114,51,1
339,alt_text,bar,4,1.0199,337,213,0
340,fit_distance_text,bar,0,1.3363,2324,199,0
340,iso_text,text,1,0.0466,140,51,1
340,exposure_text,text,2,0.0136,144,51,1
340,temp_text,text,3,0.0119,114,51,1
340,alt_text,bar,4,0.9736,337,213,0
341,fit_distance_text,bar,0,0.9499,2324,199,0
341,iso_text,text,1,0.0232,140,51,1
341,exposure_text,text,2,0.0134,144,51,1
341,temp_text,text,3,0.0122,114,51,1
341,alt_text,bar,4,0.8998,337,213,0
342,fit_distance_text,bar,0,0.7815,2324,199,0
342,iso_text,text,1,0.0217,140,51,1
342,exposure_text,text,2,0.0127,144,51,1
342,temp_text,text,3,0.0117,114,51,1
342,alt_text,bar,4,0.8425,337,213,0
343,fit_distance_text,bar,0,0.8568,2324,199,0
343,iso_text,text,1,0.0228,140,51,1
343,exposure_text,text,2,0.0134,144,51,1
343,temp_text,text,3,0.012,114,51,1
343,alt_text,bar,4,0.9356,337,213,0
344,fit_distance_text,bar,0,1.1017,2324,199,0
344,iso_text,text,1,0.0501,140,51,1
344,exposure_text,text,2,0.0135,144,51,1
344,temp_text,text,3,0.0119,114,51,1
344,alt_text,bar,4,1.0066,337,213,0
345,fit_distance_text,bar,0,0.9156,2324,199,0
345,iso_text,text,1,0.0309,140,51,1
345,exposure_text,text,2,0.0132,144,51,1
345,temp_text,text,3,0.0119,114,51,1
345,alt_text,bar,4,0.9061,337,213,0
346,fit_distance_text,bar,0,0.7938,2324,199,0
346,iso_text,text,1,0.0223,140,51,1
346,exposure_text,text,2,0.0129,144,51,1
346,temp_text,text,3,0.0119,114,51,1
346,alt_text,bar,4,0.8623,337,213,0
347,fit_distance_text,bar,0,0.8537,2324,199,0
347,iso_text,text,1,0.0252,140,51,1
347,exposure_text,text,2,0.013,144,51,1
347,temp_text,text,3,0.0121,114,51,1
347,alt_text,bar,4,0.8517,337,213,0
348,fit_distance_text,bar,0,0.9815,2324,199,0
348,iso_text,text,1,0.0254,140,51,1
348,exposure_text,text,2,0.0133,144,51,1
348,temp_text,text,3,0.0121,114,51,1
348,alt_text,bar,4,1.0155,337,213,0
349,fit_distance_text,bar,0,0.9561,2324,199,0
349,iso_text,text,1,0.0214,140,51,1
349,exposure_text,text,2,0.0128,144,51,1
349,temp_text,text,3,0.0118,114,51,1
349,alt_text,bar,4,0.8912,337,213,0
350,fit_distance_text,bar,0,0.955,2324,199,0
350,iso_text,text,1,0.0223,140,51,1
350,exposure_text,text,2,0.0137,144,51,1
350,temp_text,text,3,0.0118,114,51,1
350,alt_text,bar,4,0.88,337,213,0
351,fit_distance_text,bar,0,1.0011,2324,199,0
351,iso_text,text,1,0.0482,140,51,1
351,exposure_text,text,2,0.0136,144,51,1
351,temp_text,text,3,0.0121,114,51,1
351,alt_text,bar,4,0.9866,337,213,0
352,fit_distance_text,bar,0,1.1081,2324,199,0
352,iso_text,text,1,0.0265,140,51,1
352,exposure_text,text,2,0.0132,144,51,1
352,temp_text,text,3,0.0119,114,51,1
352,alt_text,bar,4,0.8641,337,213,0
353,fit_distance_text,bar,0,0.9964,2324,199,0
353,iso_text,text,1,0.0317,140,51,1
353,exposure_text,text,2,0.013,144,51,1
353,temp_text,text,3,0.0139,114,51,1
353,alt_text,bar,4,1.1377,337,213,0
354,fit_distance_text,bar,0,1.1194,2324,199,0
354,iso_text,text,1,0.041,140,51,1
354,exposure_text,text,2,0.0139,144,51,1
354,temp_text,text,3,0.0122,114,51,1
354,alt_text,bar,4,1.0388,337,213,0
355,fit_distance_text,bar,0,1.0278,2324,199,0
355,iso_text,text,1,0.0373,140,51,1
355,exposure_text,text,2,0.0132,144,51,1
355,temp_text,text,3,0.0122,114,51,1
355,alt_text,bar,4,0.8785,337,213,0
356,fit_distance_text,bar,0,1.1472,2324,199,0
356,iso_text,text,1,0.0655,140,51,1
356,exposure_text,text,2,0.0163,144,51,1
356,temp_text,text,3,0.0137,114,51,1
356,alt_text,bar,4,0.9183,337,213,0
357,fit_distance_text,bar,0,0.8434,2324,199,0
357,iso_text,text,1,0.0286,140,51,1
357,exposure_text,text,2,0.0141,144,51,1
357,temp_text,text,3,0.0123,114,51,1
357,alt_text,bar,4,0.8259,337,213,0
358,fit_distance_text,bar,0,0.8435,2324,199,0
358,iso_text,text,1,0.0239,140,51,1
358,exposure_text,text,2,0.013,144,51,1
358,temp_text,text,3,0.0124,114,51,1
358,alt_text,bar,4,0.9024,337,213,0
359,fit_distance_text,bar,0,0.863,2324,199,0
359,iso_text,text,1,0.0237,140,51,1
359,exposure_text,text,2,0.0129,144,51,1
359,temp_text,text,3,0.0118,114,51,1
359,alt_text,bar,4,0.8926,337,213,0
360,fit_distance_text,bar,0,0.9488,2324,199,0
360,iso_text,text,1,0.0459,140,51,1
360,exposure_text,text,2,0.0143,144,51,1
360,temp_text,text,3,0.0182,114,51,1
360,alt_text,bar,4,1.0419,337,213,0
361,fit_distance_text,bar,0,0.8519,2324,199,0
361,iso_text,text,1,0.0229,140,51,1
361,exposure_text,text,2,0.013,144,51,1
361,temp_text,text,3,0.0117,114,51,1
361,alt_text,bar,4,0.862,337,213,0
362,fit_distance_text,bar,0,0.8381,2324,199,0
362,iso_text,text,1,0.0212,140,51,1
362,exposure_text,text,2,0.0133,144,51,1
362,temp_text,text,3,0.012,114,51,1
362,alt_text,bar,4,0.8624,337,213,0
363,fit_distance_text,bar,0,0.958,2324,199,0
363,iso_text,text,1,0.0271,140,51,1
363,exposure_text,text,2,0.0167,144,51,1
363,temp_text,text,3,0.0273,114,51,1
363,alt_text,bar,4,1.2638,337,213,0
364,fit_distance_text,bar,0,1.021,2324,199,0
364,iso_text,text,1,0.0377,140,51,1
364,exposure_text,text,2,0.0131,144,51,1
364,temp_text,text,3,0.0121,114,51,1
364,alt_text,bar,4,0.9458,337,213,0
365,fit_distance_text,bar,0,0.9826,2324,199,0
365,iso_text,text,1,0.0244,140,51,1
365,exposure_text,text,2,0.013,144,51,1
365,temp_text,text,3,0.0117,114,51,1
365,alt_text,bar,4,0.9585,337,213,0
366,fit_distance_text,bar,0,0.9774,2324,199,0
366,iso_text,text,1,0.0296,140,51,1
366,exposure_text,text,2,0.0132,144,51,1
366,temp_text,text,3,0.012,114,51,1
366,alt_text,bar,4,1.1446,337,213,0
367,fit_distance_text,bar,0,1.0504,2324,199,0
367,iso_text,text,1,0.0249,140,51,1
367,exposure_text,text,2,0.0127,144,51,1
367,temp_text,text,3,0.0117,114,51,1
367,alt_text,bar,4,0.8906,337,213,0
368,fit_distance_text,bar,0,0.9439,2324,199,0
368,iso_text,text,1,0.0235,140,51,1
368,exposure_text,text,2,0.0126,144,51,1
368,temp_text,text,3,0.0118,114,51,1
368,alt_text,bar,4,0.9421,337,213,0
369,fit_distance_text,bar,0,0.9803,2324,199,0
369,iso_text,text,1,0.0213,140,51,1
369,exposure_text,text,2,0.0129,144,51,1
369,temp_text,text,3,0.0122,114,51,1
369,alt_text,bar,4,1.0704,337,213,0
370,fit_distance_text,bar,0,0.9466,2324,199,0
370,iso_text,text,1,0.0219,140,51,1
370,exposure_text,text,2,0.0132,144,51,1
370,temp_text,text,3,0.0116,114,51,1
370,alt_text,bar,4,0.8508,337,213,0
371,fit_distance_text,bar,0,1.006,2324,199,0
371,iso_text,text,1,0.0376,140,51,1
371,exposure_text,text,2,0.0142,144,51,1
371,temp_text,text,3,0.0115,114,51,1
371,alt_text,bar,4,0.8717,337,213,0
372,fit_distance_text,bar,0,0.9869,2324,199,0
372,iso_text,text,1,0.0511,140,51,1
372,exposure_text,text,2,0.0156,144,51,1
372,temp_text,text,3,0.0121,114,51,1
372,alt_text,bar,4,0.8798,337,213,0
373,fit_distance_text,bar,0,0.8832,2324,199,0
373,iso_text,text,1,0.0334,140,51,1
373,exposure_text,text,2,0.0128,144,51,1
373,temp_text,text,3,0.0124,114,51,1
373,alt_text,bar,4,0.9165,337,213,0
374,fit_distance_text,bar,0,0.8777,2324,199,0
374,iso_text,text,1,0.0219,140,51,1
374,exposure_text,text,2,0.0129,144,51,1
374,temp_text,text,3,0.0121,114,51,1
374,alt_text,bar,4,0.8824,337,213,0
375,fit_distance_text,bar,0,0.8692,2324,199,0
375,iso_text,text,1,0.0217,140,51,1
375,exposure_text,text,2,0.013,144,51,1
375,temp_text,text,3,0.0117,114,51,1
375,alt_text,bar,4,0.8964,337,213,0
376,fit_distance_text,bar,0,0.9069,2324,199,0
376,iso_text,text,1,0.0234,140,51,1
376,exposure_text,text,2,0.0132,144,51,1
376,temp_text,text,3,0.0119,114,51,1
376,alt_text,bar,4,0.9586,337,213,0
377,fit_distance_text,bar,0,0.9066,2324,199,0
377,iso_text,text,1,0.0214,140,51,1
377,exposure_text,text,2,0.013,144,51,1
377,temp_text,text,3,0.0119,114,51,1
377,alt_text,bar,4,0.8601,337,213,0
378,fit_distance_text,bar,0,0.9897,2324,199,0
378,iso_text,text,1,0.0238,140,51,1
378,exposure_text,text,2,0.0135,144,51,1
378,temp_text,text,3,0.012,114,51,1
378,alt_text,bar,4,0.9445,337,213,0
379,fit_distance_text,bar,0,0.9707,2324,199,0
379,iso_text,text,1,0.0257,140,51,1
379,exposure_text,text,2,0.0132,144,51,1
379,temp_text,text,3,0.0119,114,51,1
379,alt_text,bar,4,1.441,337,213,0
380,fit_distance_text,bar,0,1.1649,2324,199,0
380,iso_text,text,1,0.0436,140,51,1
380,exposure_text,text,2,0.0145,144,51,1
380,temp_text,text,3,0.0126,114,51,1
380,alt_text,bar,4,0.9937,337,213,0
381,fit_distance_text,bar,0,3.1066,2324,199,0
381,iso_text,text,1,0.0606,140,51,1
381,exposure_text,text,2,0.0384,144,51,1
381,temp_text,text,3,0.0334,114,51,1
381,alt_text,bar,4,2.3113,337,213,0
382,fit_distance_text,bar,0,0.9693,2324,199,0
382,iso_text,text,1,0.0293,140,51,1
382,exposure_text,text,2,0.0134,144,51,1
382,temp_text,text,3,0.0124,114,51,1
382,alt_text,bar,4,0.896,337,213,0
383,fit_distance_text,bar,0,2.5149,2324,199,0
383,iso_text,text,1,0.0716,140,51,1
383,exposure_text,text,2,0.0316,144,51,1
383,temp_text,text,3,0.0272,114,51,1
383,alt_text,bar,4,2.1002,337,213,0
384,fit_distance_text,bar,0,1.0125,2324,199,0
384,iso_text,text,1,0.0442,140,51,1
384,exposure_text,text,2,0.0132,144,51,1
384,temp_text,text,3,0.0118,114,51,1
384,alt_text,bar,4,0.9703,337,213,0
385,fit_distance_text,bar,0,1.0226,2324,199,0
385,iso_text,text,1,0.0252,140,51,1
385,exposure_text,text,2,0.0129,144,51,1
385,temp_text,text,3,0.0119,114,51,1
385,alt_text,bar,4,0.8383,337,213,0
386,fit_distance_text,bar,0,0.9766,2324,199,0
386,iso_text,text,1,0.0233,140,51,1
386,exposure_text,text,2,0.0129,144,51,1
386,temp_text,text,3,0.0117,114,51,1
386,alt_text,bar,4,0.8537,337,213,0
387,fit_distance_text,bar,0,0.9633,2324,199,0
387,iso_text,text,1,0.0222,140,51,1
387,exposure_text,text,2,0.0128,144,51,1
387,temp_text,text,3,0.0117,114,51,1
387,alt_text,bar,4,0.823,337,213,0
388,fit_distance_text,bar,0,0.972,2324,199,0
388,iso_text,text,1,0.023,140,51,1
388,exposure_text,text,2,0.0128,144,51,1
388,temp_text,text,3,0.0122,114,51,1
388,alt_text,bar,4,0.8894,337,213,0
389,fit_distance_text,bar,0,1.012,2324,199,0
389,iso_text,text,1,0.023,140,51,1
389,exposure_text,text,2,0.0132,144,51,1
389,temp_text,text,3,0.0125,114,51,1
389,alt_text,bar,4,0.942,337,213,0
390,fit_distance_text,bar,0,0.9611,2324,199,0
390,iso_text,text,1,0.0235,140,51,1
390,exposure_text,text,2,0.0128,144,51,1
390,temp_text,text,3,0.0117,114,51,1
390,alt_text,bar,4,0.9366,337,213,0
391,fit_distance_text,bar,0,0.9588,2324,199,0
391,iso_text,text,1,0.0246,140,51,1
391,exposure_text,text,2,0.013,144,51,1
391,temp_text,text,3,0.0125,114,51,1
391,alt_text,bar,4,1.0035,337,213,0
392,fit_distance_text,bar,0,0.9594,2324,199,0
392,iso_text,text,1,0.0254,140,51,1
392,exposure_text,text,2,0.013,144,51,1
392,temp_text,text,3,0.0116,114,51,1
392,alt_text,bar,4,0.9029,337,213,0
393,fit_distance_text,bar,0,0.863,2324,199,0
393,iso_text,text,1,0.0306,140,51,1
393,exposure_text,text,2,0.0129,144,51,1
393,temp_text,text,3,0.012,114,51,1
393,alt_text,bar,4,1.0245,337,213,0
394,fit_distance_text,bar,0,1.0912,2324,199,0
394,iso_text,text,1,0.0441,140,51,1
394,exposure_text,text,2,0.0138,144,51,1
394,temp_text,text,3,0.0124,114,51,1
394,alt_text,bar,4,1.0828,337,213,0
395,fit_distance_text,bar,0,4.7235,2324,199,0
395,iso_text,text,1,0.0804,140,51,1
395,exposure_text,text,2,0.0449,144,51,1
395,temp_text,text,3,0.0403,114,51,1
395,alt_text,bar,4,2.7185,337,213,0
396,fit_distance_text,bar,0,0.9658,2324,199,0
396,iso_text,text,1,0.036,140,51,1
396,exposure_text,text,2,0.0137,144,51,1
396,temp_text,text,3,0.0121,114,51,1
396,alt_text,bar,4,0.9804,337,213,0
397,fit_distance_text,bar,0,0.9476,2324,199,0
397,iso_text,text,1,0.0312,140,51,1
397,exposure_text,text,2,0.013,144,51,1
397,temp_text,text,3,0.0117,114,51,1
397,alt_text,bar,4,1.0178,337,213,0
398,fit_distance_text,bar,0,1.001,2324,199,0
398,iso_text,text,1,0.0248,140,51,1
398,exposure_text,text,2,0.0133,144,51,1
398,temp_text,text,3,0.0121,114,51,1
398,alt_text,bar,4,0.9652,337,213,0
399,fit_distance_text,bar,0,0.8993,2324,199,0
399,iso_text,text,1,0.0245,140,51,1
399,exposure_text,text,2,0.0128,144,51,1
399,temp_text,text,3,0.0119,114,51,1
399,alt_text,bar,4,0.9788,337,213,0
400,fit_distance_text,bar,0,0.8853,2324,199,0
400,iso_text,text,1,0.0309,140,51,1
400,exposure_text,text,2,0.0147,144,51,1
400,temp_text,text,3,0.4842,114,51,0
400,alt_text,bar,4,0.936,337,213,0
401,fit_distance_text,bar,0,1.0685,2324,199,0
401,iso_text,text,1,0.0577,140,51,1
401,exposure_text,text,2,0.0186,144,51,1
401,temp_text,text,3,0.0151,114,51,1
401,alt_text,bar,4,1.1538,337,213,0
402,fit_distance_text,bar,0,1.2906,2324,199,0
402,iso_text,text,1,0.0418,140,51,1
402,exposure_text,text,2,0.0133,144,51,1
402,temp_text,text,3,0.012,114,51,1
402,alt_text,bar,4,0.9248,337,213,0
403,fit_distance_text,bar,0,1.051,2324,199,0
403,iso_text,text,1,0.0351,140,51,1
403,exposure_text,text,2,0.0138,144,51,1
403,temp_text,text,3,0.0119,114,51,1
403,alt_text,bar,4,1.0164,337,213,0
404,fit_distance_text,bar,0,0.9614,2324,199,0
404,iso_text,text,1,0.0374,140,51,1
404,exposure_text,text,2,0.0137,144,51,1
404,temp_text,text,3,0.0118,114,51,1
404,alt_text,bar,4,1.073,337,213,0
405,fit_distance_text,bar,0,9.0178,2324,199,0
405,iso_text,text,1,0.155,140,51,0
405,exposure_text,text,2,0.0869,144,51,1
405,temp_text,text,3,0.0702,114,51,1
405,alt_text,bar,4,3.9897,337,213,0
406,fit_distance_text,bar,0,2.1257,2324,199,0
406,iso_text,text,1,0.0591,140,51,1
406,exposure_text,text,2,0.0253,144,51,1
406,temp_text,text,3,0.0227,114,51,1
406,alt_text,bar,4,1.8288,337,213,0
407,fit_distance_text,bar,0,2.0416,2324,199,0
407,iso_text,text,1,0.1057,140,51,0
407,exposure_text,text,2,0.0337,144,51,1
407,temp_text,text,3,0.0275,114,51,1
407,alt_text,bar,4,1.1492,337,213,0
408,fit_distance_text,bar,0,1.1004,2324,199,0
408,iso_text,text,1,0.0374,140,51,1
408,exposure_text,text,2,0.0144,144,51,1
408,temp_text,text,3,0.0124,114,51,1
408,alt_text,bar,4,0.9618,337,213,0
409,fit_distance_text,bar,0,1.6276,2324,199,0
409,iso_text,text,1,0.0486,140,51,1
409,exposure_text,text,2,0.0142,144,51,1
409,temp_text,text,3,0.0129,114,51,1
409,alt_text,bar,4,1.1242,337,213,0
410,fit_distance_text,bar,0,1.1371,2324,199,0
410,iso_text,text,1,0.0351,140,51,1
410,exposure_text,text,2,0.0139,144,51,1
410,temp_text,text,3,0.0125,114,51,1
410,alt_text,bar,4,0.9654,337,213,0
411,fit_distance_text,bar,0,1.0935,2324,199,0
411,iso_text,text,1,0.0265,140,51,1
411,exposure_text,text,2,0.0139,144,51,1
411,temp_text,text,3,0.0129,114,51,1
411,alt_text,bar,4,0.9324,337,213,0
412,fit_distance_text,bar,0,1.0108,2324,199,0
412,iso_text,text,1,0.0451,140,51,1
412,exposure_text,text,2,0.0142,144,51,1
412,temp_text,text,3,0.0125,114,51,1
412,alt_text,bar,4,6.9482,337,213,0
413,fit_distance_text,bar,0,2.1049,2324,199,0
413,iso_text,text,1,0.0551,140,51,1
413,exposure_text,text,2,0.0181,144,51,1
413,temp_text,text,3,0.0153,114,51,1
413,alt_text,bar,4,1.2702,337,213,0
414,fit_distance_text,bar,0,0.969,2324,199,0
414,iso_text,text,1,0.0284,140,51,1
414,exposure_text,text,2,0.0133,144,51,1
414,temp_text,text,3,0.0123,114,51,1
414,alt_text,bar,4,0.9835,337,213,0
415,fit_distance_text,bar,0,0.9389,2324,199,0
415,iso_text,text,1,0.0239,140,51,1
415,exposure_text,text,2,0.0132,144,51,1
415,temp_text,text,3,0.0121,114,51,1
415,alt_text,bar,4,0.9329,337,213,0
416,fit_distance_text,bar,0,0.9501,2324,199,0
416,iso_text,text,1,0.0218,140,51,1
416,exposure_text,text,2,0.0132,144,51,1
416,temp_text,text,3,0.0125,114,51,1
416,alt_text,bar,4,0.947,337,213,0
417,fit_distance_text,bar,0,1.0492,2324,199,0
417,iso_text,text,1,0.0307,140,51,1
417,exposure_text,text,2,0.0136,144,51,1
417,temp_text,text,3,0.0123,114,51,1
417,alt_text,bar,4,0.9105,337,213,0
418,fit_distance_text,bar,0,0.9326,2324,199,0
418,iso_text,text,1,0.024,140,51,1
418,exposure_text,text,2,0.0129,144,51,1
418,temp_text,text,3,0.0131,114,51,1
418,alt_text,bar,4,0.9466,337,213,0
419,fit_distance_text,bar,0,1.7095,2324,199,0
419,iso_text,text,1,0.0692,140,51,1
419,exposure_text,text,2,0.0316,144,51,1
419,temp_text,text,3,0.0264,114,51,1
419,alt_text,bar,4,1.4006,337,213,0
420,fit_distance_text,bar,0,0.9913,2324,199,0
420,iso_text,text,1,0.0226,140,51,1
420,exposure_text,text,2,0.0129,144,51,1
420,temp_text,text,3,0.0119,114,51,1
420,alt_text,bar,4,0.9077,337,213,0
421,fit_distance_text,bar,0,1.0064,2324,199,0
421,iso_text,text,1,0.0231,140,51,1
421,exposure_text,text,2,0.0127,144,51,1
421,temp_text,text,3,0.0132,114,51,1
421,alt_text,bar,4,0.8757,337,213,0
422,fit_distance_text,bar,0,1.1455,2324,199,0
422,iso_text,text,1,0.0385,140,51,1
422,exposure_text,text,2,0.0138,144,51,1
422,temp_text,text,3,0.012,114,51,1
422,alt_text,bar,4,0.8962,337,213,0
423,fit_distance_text,bar,0,0.9791,2324,199,0
423,iso_text,text,1,0.0254,140,51,1
423,exposure_text,text,2,0.0131,144,51,1
423,temp_text,text,3,0.0118,114,51,1
423,alt_text,bar,4,0.9998,337,213,0
424,fit_distance_text,bar,0,0.9421,2324,199,0
424,iso_text,text,1,0.0234,140,51,1
424,exposure_text,text,2,0.0135,144,51,1
424,temp_text,text,3,0.0118,114,51,1
424,alt_text,bar,4,0.9257,337,213,0
425,fit_distance_text,bar,0,1.4416,2324,199,0
425,iso_text,text,1,0.0345,140,51,1
425,exposure_text,text,2,0.0172,144,51,1
425,temp_text,text,3,0.0154,114,51,1
425,alt_text,bar,4,1.2331,337,213,0
426,fit_distance_text,bar,0,1.0232,2324,199,0
426,iso_text,text,1,0.0269,140,51,1
426,exposure_text,text,2,0.0141,144,51,1
426,temp_text,text,3,0.0121,114,51,1
426,alt_text,bar,4,0.9208,337,213,0
427,fit_distance_text,bar,0,1.0091,2324,199,0
427,iso_text,text,1,0.0224,140,51,1
427,exposure_text,text,2,0.0133,144,51,1
427,temp_text,text,3,0.0123,114,51,1
427,alt_text,bar,4,0.8876,337,213,0
428,fit_distance_text,bar,0,1.0151,2324,199,0
428,iso_text,text,1,0.0231,140,51,1
428,exposure_text,text,2,0.0127,144,51,1
428,temp_text,text,3,0.0117,114,51,1
428,alt_text,bar,4,0.9341,337,213,0
429,fit_distance_text,bar,0,0.861,2324,199,0
429,iso_text,text,1,0.0227,140,51,1
429,exposure_text,text,2,0.0125,144,51,1
429,temp_text,text,3,0.0119,114,51,1
429,alt_text,bar,4,0.9332,337,213,0
430,fit_distance_text,bar,0,0.8907,2324,199,0
430,iso_text,text,1,0.0401,140,51,1
430,exposure_text,text,2,0.0134,144,51,1
430,temp_text,text,3,0.0122,114,51,1
430,alt_text,bar,4,1.0253,337,213,0
431,fit_distance_text,bar,0,0.9484,2324,199,0
431,iso_text,text,1,0.0332,140,51,1
431,exposure_text,text,2,0.0132,144,51,1
431,temp_text,text,3,0.0123,114,51,1
431,alt_text,bar,4,0.9617,337,213,0
432,fit_distance_text,bar,0,1.0369,2324,199,0
432,iso_text,text,1,0.0387,140,51,1
432,exposure_text,text,2,0.0132,144,51,1
432,temp_text,text,3,0.0122,114,51,1
432,alt_text,bar,4,0.9633,337,213,0
433,fit_distance_text,bar,0,1.6074,2324,199,0
433,iso_text,text,1,0.0428,140,51,1
433,exposure_text,text,2,0.015,144,51,1
433,temp_text,text,3,0.0128,114,51,1
433,alt_text,bar,4,0.9982,337,213,0
434,fit_distance_text,bar,0,0.9869,2324,199,0
434,iso_text,text,1,0.0236,140,51,1
434,exposure_text,text,2,0.0138,144,51,1
434,temp_text,text,3,0.0127,114,51,1
434,alt_text,bar,4,1.0048,337,213,0
435,fit_distance_text,bar,0,1.0323,2324,199,0
435,iso_text,text,1,0.0456,140,51,1
435,exposure_text,text,2,0.0142,144,51,1
435,temp_text,text,3,0.0126,114,51,1
435,alt_text,bar,4,0.9428,337,213,0
436,fit_distance_text,bar,0,0.9772,2324,199,0
436,iso_text,text,1,0.0232,140,51,1
436,exposure_text,text,2,0.0132,144,51,1
436,temp_text,text,3,0.0121,114,51,1
436,alt_text,bar,4,0.8717,337,213,0
437,fit_distance_text,bar,0,0.9681,2324,199,0
437,iso_text,text,1,0.0636,140,51,1
437,exposure_text,text,2,0.0135,144,51,1
437,temp_text,text,3,0.0121,114,51,1
437,alt_text,bar,4,0.8092,337,213,0
438,fit_distance_text,bar,0,1.0871,2324,199,0
438,iso_text,text,1,0.0225,140,51,1
438,exposure_text,text,2,0.0129,144,51,1
438,temp_text,text,3,0.0117,114,51,1
438,alt_text,bar,4,0.8896,337,213,0
439,fit_distance_text,bar,0,1.0144,2324,199,0
439,iso_text,text,1,0.0231,140,51,1
439,exposure_text,text,2,0.0141,144,51,1
439,temp_text,text,3,0.0122,114,51,1
439,alt_text,bar,4,0.9036,337,213,0
440,fit_distance_text,bar,0,1.0445,2324,199,0
440,iso_text,text,1,0.0367,140,51,1
440,exposure_text,text,2,0.0129,144,51,1
440,temp_text,text,3,0.0125,114,51,1
440,alt_text,bar,4,0.9988,337,213,0
441,fit_distance_text,bar,0,0.9733,2324,199,0
441,iso_text,text,1,0.0233,140,51,1
441,exposure_text,text,2,0.0129,144,51,1
441,temp_text,text,3,0.0118,114,51,1
441,alt_text,bar,4,0.9582,337,213,0
442,fit_distance_text,bar,0,1.0152,2324,199,0
442,iso_text,text,1,0.0514,140,51,1
442,exposure_text,text,2,0.0137,144,51,1
442,temp_text,text,3,0.0136,114,51,1
442,alt_text,bar,4,1.2173,337,213,0
443,fit_distance_text,bar,0,0.9684,2324,199,0
443,iso_text,text,1,0.0229,140,51,1
443,exposure_text,text,2,0.0131,144,51,1
443,temp_text,text,3,0.0119,114,51,1
443,alt_text,bar,4,1.8447,337,213,0
444,fit_distance_text,bar,0,1.0593,2324,199,0
444,iso_text,text,1,0.0281,140,51,1
444,exposure_text,text,2,0.0137,144,51,1
444,temp_text,text,3,0.0116,114,51,1
444,alt_text,bar,4,0.9951,337,213,0
445,fit_distance_text,bar,0,1.018,2324,199,0
445,iso_text,text,1,0.0259,140,51,1
445,exposure_text,text,2,0.0131,144,51,1
445,temp_text,text,3,0.0123,114,51,1
445,alt_text,bar,4,0.952,337,213,0
446,fit_distance_text,bar,0,1.8887,2324,199,0
446,iso_text,text,1,0.0704,140,51,1
446,exposure_text,text,2,0.0233,144,51,1
446,temp_text,text,3,0.0261,114,51,1
446,alt_text,bar,4,1.6665,337,213,0
447,fit_distance_text,bar,0,2.0113,2324,199,0
447,iso_text,text,1,0.0689,140,51,1
447,exposure_text,text,2,0.0278,144,51,1
447,temp_text,text,3,0.024,114,51,1
447,alt_text,bar,4,1.9117,337,213,0
448,fit_distance_text,bar,0,0.8706,2324,199,0
448,iso_text,text,1,0.023,140,51,1
448,exposure_text,text,2,0.0127,144,51,1
448,temp_text,text,3,0.0129,114,51,1
448,alt_text,bar,4,0.9631,337,213,0
449,fit_distance_text,bar,0,1.0497,2324,199,0
449,iso_text,text,1,0.0275,140,51,1
449,exposure_text,text,2,0.0162,144,51,1
449,temp_text,text,3,0.0148,114,51,1
449,alt_text,bar,4,1.2007,337,213,0
450,fit_distance_text,bar,0,0.9034,2324,199,0
450,iso_text,text,1,0.0335,140,51,1
450,exposure_text,text,2,0.0155,144,51,1
450,temp_text,text,3,0.0144,114,51,1
450,alt_text,bar,4,0.905,337,213,0
451,fit_distance_text,bar,0,0.9426,2324,199,0
451,iso_text,text,1,0.0252,140,51,1
451,exposure_text,text,2,0.0135,144,51,1
451,temp_text,text,3,0.0121,114,51,1
451,alt_text,bar,4,0.8638,337,213,0
452,fit_distance_text,bar,0,0.8995,2324,199,0
452,iso_text,text,1,0.023,140,51,1
452,exposure_text,text,2,0.0128,144,51,1
452,temp_text,text,3,0.0121,114,51,1
452,alt_text,bar,4,0.8037,337,213,0
453,fit_distance_text,bar,0,0.7642,2324,199,0
453,iso_text,text,1,0.0237,140,51,1
453,exposure_text,text,2,0.0128,144,51,1
453,temp_text,text,3,0.0118,114,51,1
453,alt_text,bar,4,0.8865,337,213,0
454,fit_distance_text,bar,0,0.859,2324,199,0
454,iso_text,text,1,0.0392,140,51,1
454,exposure_text,text,2,0.0134,144,51,1
454,temp_text,text,3,0.0137,114,51,1
454,alt_text,bar,4,0.9334,337,213,0
455,fit_distance_text,bar,0,0.8754,2324,199,0
455,iso_text,text,1,0.0253,140,51,1
455,exposure_text,text,2,0.0135,144,51,1
455,temp_text,text,3,0.0139,114,51,1
455,alt_text,bar,4,0.7918,337,213,0
456,fit_distance_text,bar,0,0.9967,2324,199,0
456,iso_text,text,1,0.0273,140,51,1
456,exposure_text,text,2,0.0139,144,51,1
456,temp_text,text,3,0.0123,114,51,1
456,alt_text,bar,4,0.8046,337,213,0
457,fit_distance_text,bar,0,0.8844,2324,199,0
457,iso_text,text,1,0.0221,140,51,1
457,exposure_text,text,2,0.013,144,51,1
457,temp_text,text,3,0.0123,114,51,1
457,alt_text,bar,4,0.7871,337,213,0
458,fit_distance_text,bar,0,0.8756,2324,199,0
458,iso_text,text,1,0.0411,140,51,1
458,exposure_text,text,2,0.0134,144,51,1
458,temp_text,text,3,0.0121,114,51,1
458,alt_text,bar,4,0.8603,337,213,0
459,fit_distance_text,bar,0,0.8503,2324,199,0
459,iso_text,text,1,0.0228,140,51,1
459,exposure_text,text,2,0.0133,144,51,1
459,temp_text,text,3,0.0118,114,51,1
459,alt_text,bar,4,0.8637,337,213,0
460,fit_distance_text,bar,0,0.8472,2324,199,0
460,iso_text,text,1,0.0225,140,51,1
460,exposure_text,text,2,0.013,144,51,1
460,temp_text,text,3,0.0121,114,51,1
460,alt_text,bar,4,0.8765,337,213,0
461,fit_distance_text,bar,0,0.8644,2324,199,0
461,iso_text,text,1,0.0237,140,51,1
461,exposure_text,text,2,0.0128,144,51,1
461,temp_text,text,3,0.0129,114,51,1
461,alt_text,bar,4,0.8441,337,213,0
462,fit_distance_text,bar,0,0.9285,2324,199,0
462,iso_text,text,1,0.0225,140,51,1
462,exposure_text,text,2,0.0132,144,51,1
462,temp_text,text,3,0.012,114,51,1
462,alt_text,bar,4,0.8196,337,213,0
463,fit_distance_text,bar,0,1.009,2324,199,0
463,iso_text,text,1,0.0466,140,51,1
463,exposure_text,text,2,0.0148,144,51,1
463,temp_text,text,3,0.0139,114,51,1
463,alt_text,bar,4,1.2724,337,213,0
464,fit_distance_text,bar,0,0.9415,2324,199,0
464,iso_text,text,1,0.0222,140,51,1
464,exposure_text,text,2,0.0132,144,51,1
464,temp_text,text,3,0.0124,114,51,1
464,alt_text,bar,4,0.8879,337,213,0
465,fit_distance_text,bar,0,1.4439,2324,199,0
465,iso_text,text,1,0.0509,140,51,1
465,exposure_text,text,2,0.0199,144,51,1
465,temp_text,text,3,0.0177,114,51,1
465,alt_text,bar,4,0.971,337,213,0
466,fit_distance_text,bar,0,1.1764,2324,199,0
466,iso_text,text,1,0.0365,140,51,1
466,exposure_text,text,2,0.015,144,51,1
466,temp_text,text,3,0.0138,114,51,1
466,alt_text,bar,4,0.9131,337,213,0
467,fit_distance_text,bar,0,0.9564,2324,199,0
467,iso_text,text,1,0.0227,140,51,1
467,exposure_text,text,2,0.0138,144,51,1
467,temp_text,text,3,0.0119,114,51,1
467,alt_text,bar,4,0.8319,337,213,0
468,fit_distance_text,bar,0,0.9874,2324,199,0
468,iso_text,text,1,0.0226,140,51,1
468,exposure_text,text,2,0.0132,144,51,1
468,temp_text,text,3,0.012,114,51,1
468,alt_text,bar,4,0.9084,337,213,0
469,fit_distance_text,bar,0,1.0409,2324,199,0
469,iso_text,text,1,0.0329,140,51,1
469,exposure_text,text,2,0.0129,144,51,1
469,temp_text,text,3,0.0126,114,51,1
469,alt_text,bar,4,0.9927,337,213,0
470,fit_distance_text,bar,0,1.0961,2324,199,0
470,iso_text,text,1,0.0244,140,51,1
470,exposure_text,text,2,0.013,144,51,1
470,temp_text,text,3,0.0128,114,51,1
470,alt_text,bar,4,0.8227,337,213,0
471,fit_distance_text,bar,0,1.0183,2324,199,0
471,iso_text,text,1,0.038,140,51,1
471,exposure_text,text,2,0.0138,144,51,1
471,temp_text,text,3,0.0121,114,51,1
471,alt_text,bar,4,0.8579,337,213,0
472,fit_distance_text,bar,0,1.119,2324,199,0
472,iso_text,text,1,0.0602,140,51,1
472,exposure_text,text,2,0.0151,144,51,1
472,temp_text,text,3,0.013,114,51,1
472,alt_text,bar,4,0.8318,337,213,0
473,fit_distance_text,bar,0,0.8851,2324,199,0
473,iso_text,text,1,0.0253,140,51,1
473,exposure_text,text,2,0.0134,144,51,1
473,temp_text,text,3,0.0121,114,51,1
473,alt_text,bar,4,0.8365,337,213,0
474,fit_distance_text,bar,0,0.7932,2324,199,0
474,iso_text,text,1,0.0227,140,51,1
474,exposure_text,text,2,0.0129,144,51,1
474,temp_text,text,3,0.012,114,51,1
474,alt_text,bar,4,0.8397,337,213,0
475,fit_distance_text,bar,0,1.0316,2324,199,0
475,iso_text,text,1,0.0372,140,51,1
475,exposure_text,text,2,0.0138,144,51,1
475,temp_text,text,3,0.0122,114,51,1
475,alt_text,bar,4,0.9798,337,213,0
476,fit_distance_text,bar,0,0.8128,2324,199,0
476,iso_text,text,1,0.0284,140,51,1
476,exposure_text,text,2,0.0128,144,51,1
476,temp_text,text,3,0.0125,114,51,1
476,alt_text,bar,4,0.9035,337,213,0
477,fit_distance_text,bar,0,0.9037,2324,199,0
477,iso_text,text,1,0.0224,140,51,1
477,exposure_text,text,2,0.0134,144,51,1
477,temp_text,text,3,0.0139,114,51,1
477,alt_text,bar,4,0.8075,337,213,0
478,fit_distance_text,bar,0,1.279,2324,199,0
478,iso_text,text,1,0.0556,140,51,1
478,exposure_text,text,2,0.0197,144,51,1
478,temp_text,text,3,0.0168,114,51,1
478,alt_text,bar,4,1.3921,337,213,0
479,fit_distance_text,bar,0,0.8867,2324,199,0
479,iso_text,text,1,0.0227,140,51,1
479,exposure_text,text,2,0.0134,144,51,1
479,temp_text,text,3,0.0139,114,51,1
479,alt_text,bar,4,0.9189,337,213,0
480,fit_distance_text,bar,0,0.8302,2324,199,0
480,iso_text,text,1,0.0216,140,51,1
480,exposure_text,text,2,0.0128,144,51,1
480,temp_text,text,3,0.0117,114,51,1
480,alt_text,bar,4,0.8867,337,213,0
481,fit_distance_text,bar,0,0.8793,2324,199,0
481,iso_text,text,1,0.0309,140,51,1
481,exposure_text,text,2,0.0133,144,51,1
481,temp_text,text,3,0.0122,114,51,1
481,alt_text,bar,4,0.9655,337,213,0
482,fit_distance_text,bar,0,0.8608,2324,199,0
482,iso_text,text,1,0.0225,140,51,1
482,exposure_text,text,2,0.0129,144,51,1
482,temp_text,text,3,0.0118,114,51,1
482,alt_text,bar,4,0.8542,337,213,0
483,fit_distance_text,bar,0,1.1307,2324,199,0
483,iso_text,text,1,0.0432,140,51,1
483,exposure_text,text,2,0.0137,144,51,1
483,temp_text,text,3,0.0119,114,51,1
483,alt_text,bar,4,1.0154,337,213,0
484,fit_distance_text,bar,0,0.9409,2324,199,0
484,iso_text,text,1,0.0496,140,51,1
484,exposure_text,text,2,0.0203,144,51,1
484,temp_text,text,3,0.0172,114,51,1
484,alt_text,bar,4,1.2064,337,213,0
485,fit_distance_text,bar,0,0.9137,2324,199,0
485,iso_text,text,1,0.0224,140,51,1
485,exposure_text,text,2,0.0129,144,51,1
485,temp_text,text,3,0.012,114,51,1
485,alt_text,bar,4,0.8183,337,213,0
486,fit_distance_text,bar,0,0.9809,2324,199,0
486,iso_text,text,1,0.0245,140,51,1
486,exposure_text,text,2,0.0133,144,51,1
486,temp_text,text,3,0.0127,114,51,1
486,alt_text,bar,4,0.8189,337,213,0
487,fit_distance_text,bar,0,1.0055,2324,199,0
487,iso_text,text,1,0.0227,140,51,1
487,exposure_text,text,2,0.0134,144,51,1
487,temp_text,text,3,0.0131,114,51,1
487,alt_text,bar,4,0.8017,337,213,0
488,fit_distance_text,bar,0,0.9371,2324,199,0
488,iso_text,text,1,0.0228,140,51,1
488,exposure_text,text,2,0.0131,144,51,1
488,temp_text,text,3,0.0121,114,51,1
488,alt_text,bar,4,0.8422,337,213,0
489,fit_distance_text,bar,0,0.9307,2324,199,0
489,iso_text,text,1,0.0251,140,51,1
489,exposure_text,text,2,0.0131,144,51,1
489,temp_text,text,3,0.0124,114,51,1
489,alt_text,bar,4,0.9052,337,213,0
490,fit_distance_text,bar,0,1.8336,2324,199,0
490,iso_text,text,1,0.0734,140,51,1
490,exposure_text,text,2,0.0326,144,51,1
490,temp_text,text,3,0.0262,114,51,1
490,alt_text,bar,4,1.3975,337,213,0
491,fit_distance_text,bar,0,0.8511,2324,199,0
491,iso_text,text,1,0.0225,140,51,1
491,exposure_text,text,2,0.0132,144,51,1
491,temp_text,text,3,0.0125,114,51,1
491,alt_text,bar,4,0.8913,337,213,0
492,fit_distance_text,bar,0,0.7974,2324,199,0
492,iso_text,text,1,0.0217,140,51,1
492,exposure_text,text,2,0.013,144,51,1
492,temp_text,text,3,0.0123,114,51,1
492,alt_text,bar,4,0.8477,337,213,0
493,fit_distance_text,bar,0,0.7843,2324,199,0
493,iso_text,text,1,0.0215,140,51,1
493,exposure_text,text,2,0.0128,144,51,1
493,temp_text,text,3,0.012,114,51,1
493,alt_text,bar,4,1.0663,337,213,0
494,fit_distance_text,bar,0,0.8135,2324,199,0
494,iso_text,text,1,0.0279,140,51,1
494,exposure_text,text,2,0.0133,144,51,1
494,temp_text,text,3,0.0126,114,51,1
494,alt_text,bar,4,0.9518,337,213,0
495,fit_distance_text,bar,0,0.9805,2324,199,0
495,iso_text,text,1,0.0319,140,51,1
495,exposure_text,text,2,0.0134,144,51,1
495,temp_text,text,3,0.0126,114,51,1
495,alt_text,bar,4,1.1186,337,213,0
496,fit_distance_text,bar,0,0.9485,2324,199,0
496,iso_text,text,1,0.0336,140,51,1
496,exposure_text,text,2,0.014,144,51,1
496,temp_text,text,3,0.0128,114,51,1
496,alt_text,bar,4,1.0252,337,213,0
497,fit_distance_text,bar,0,0.881,2324,199,0
497,iso_text,text,1,0.0224,140,51,1
497,exposure_text,text,2,0.013,144,51,1
497,temp_text,text,3,0.0123,114,51,1
497,alt_text,bar,4,0.8887,337,213,0
498,fit_distance_text,bar,0,1.4732,2324,199,0
498,iso_text,text,1,0.0466,140,51,1
498,exposure_text,text,2,0.02,144,51,1
498,temp_text,text,3,0.0186,114,51,1
498,alt_text,bar,4,10.8177,337,213,0
499,fit_distance_text,bar,0,1.0824,2324,199,0
499,iso_text,text,1,0.0355,140,51,1
499,exposure_text,text,2,0.0142,144,51,1
499,temp_text,text,3,0.0128,114,51,1
499,alt_text,bar,4,1.0378,337,213,0
500,fit_distance_text,bar,0,1.0691,2324,199,0
500,iso_text,text,1,0.0314,140,51,1
500,exposure_text,text,2,0.0136,144,51,1
500,temp_text,text,3,0.0119,114,51,1
500,alt_text,bar,4,0.9172,337,213,0
501,fit_distance_text,bar,0,1.0787,2324,199,0
501,iso_text,text,1,0.0453,140,51,1
501,exposure_text,text,2,0.0137,144,51,1
501,temp_text,text,3,0.0261,114,51,1
501,alt_text,bar,4,1.0287,337,213,0
502,fit_distance_text,bar,0,0.9455,2324,199,0
502,iso_text,text,1,0.0313,140,51,1
502,exposure_text,text,2,0.0145,144,51,1
502,temp_text,text,3,0.0118,114,51,1
502,alt_text,bar,4,0.8966,337,213,0
503,fit_distance_text,bar,0,2.1363,2324,199,0
503,iso_text,text,1,0.0897,140,51,1
503,exposure_text,text,2,0.0355,144,51,1
503,temp_text,text,3,0.0263,114,51,1
503,alt_text,bar,4,3.1745,337,213,0
504,fit_distance_text,bar,0,3.714,2324,199,0
504,iso_text,text,1,0.0929,140,51,1
504,exposure_text,text,2,0.0413,144,51,1
504,temp_text,text,3,0.0381,114,51,1
504,alt_text,bar,4,3.5622,337,213,0
505,fit_distance_text,bar,0,1.9234,2324,199,0
505,iso_text,text,1,0.0786,140,51,1
505,exposure_text,text,2,0.0233,144,51,1
505,temp_text,text,3,0.0192,114,51,1
505,alt_text,bar,4,10.4439,337,213,0
506,fit_distance_text,bar,0,9.3514,2324,199,0
506,iso_text,text,1,0.0999,140,51,1
506,exposure_text,text,2,0.0449,144,51,1
506,temp_text,text,3,0.035,114,51,1
506,alt_text,bar,4,2.3581,337,213,0
507,fit_distance_text,bar,0,1.1522,2324,199,0
507,iso_text,text,1,0.0266,140,51,1
507,exposure_text,text,2,0.0153,144,51,1
507,temp_text,text,3,0.0136,114,51,1
507,alt_text,bar,4,0.9369,337,213,0
508,fit_distance_text,bar,0,0.9808,2324,199,0
508,iso_text,text,1,0.0308,140,51,1
508,exposure_text,text,2,0.0138,144,51,1
508,temp_text,text,3,0.0121,114,51,1
508,alt_text,bar,4,0.9273,337,213,0
509,fit_distance_text,bar,0,1.0035,2324,199,0
509,iso_text,text,1,0.0356,140,51,1
509,exposure_text,text,2,0.0133,144,51,1
509,temp_text,text,3,0.0119,114,51,1
509,alt_text,bar,4,0.9972,337,213,0
510,fit_distance_text,bar,0,1.008,2324,199,0
510,iso_text,text,1,0.0427,140,51,1
510,exposure_text,text,2,0.0136,144,51,1
510,temp_text,text,3,0.012,114,51,1
510,alt_text,bar,4,1.0437,337,213,0
511,fit_distance_text,bar,0,0.921,2324,199,0
511,iso_text,text,1,0.0363,140,51,1
511,exposure_text,text,2,0.0141,144,51,1
511,temp_text,text,3,0.024,114,51,1
511,alt_text,bar,4,1.0023,337,213,0
512,fit_distance_text,bar,0,0.9663,2324,199,0
512,iso_text,text,1,0.0349,140,51,1
512,exposure_text,text,2,0.0133,144,51,1
512,temp_text,text,3,0.0123,114,51,1
512,alt_text,bar,4,0.974,337,213,0
513,fit_distance_text,bar,0,0.9202,2324,199,0
513,iso_text,text,1,0.0228,140,51,1
513,exposure_text,text,2,0.0131,144,51,1
513,temp_text,text,3,0.0117,114,51,1
513,alt_text,bar,4,1.0271,337,213,0
514,fit_distance_text,bar,0,1.3626,2324,199,0
514,iso_text,text,1,0.0491,140,51,1
514,exposure_text,text,2,0.0187,144,51,1
514,temp_text,text,3,0.0169,114,51,1
514,alt_text,bar,4,1.7519,337,213,0
515,fit_distance_text,bar,0,0.9484,2324,199,0
515,iso_text,text,1,0.0342,140,51,1
515,exposure_text,text,2,0.0133,144,51,1
515,temp_text,text,3,0.0118,114,51,1
515,alt_text,bar,4,1.1019,337,213,0
516,fit_distance_text,bar,0,1.1758,2324,199,0
516,iso_text,text,1,0.0548,140,51,1
516,exposure_text,text,2,0.0195,144,51,1
516,temp_text,text,3,0.0149,114,51,1
516,alt_text,bar,4,1.5203,337,213,0
517,fit_distance_text,bar,0,0.997,2324,199,0
517,iso_text,text,1,0.0278,140,51,1
517,exposure_text,text,2,0.014,144,51,1
517,temp_text,text,3,0.0117,114,51,1
517,alt_text,bar,4,0.9529,337,213,0
518,fit_distance_text,bar,0,0.9992,2324,199,0
518,iso_text,text,1,0.024,140,51,1
518,exposure_text,text,2,0.013,144,51,1
518,temp_text,text,3,0.012,114,51,1
518,alt_text,bar,4,1.0067,337,213,0
519,fit_distance_text,bar,0,0.9736,2324,199,0
519,iso_text,text,1,0.0257,140,51,1
519,exposure_text,text,2,0.0129,144,51,1
519,temp_text,text,3,0.0119,114,51,1
519,alt_text,bar,4,0.9846,337,213,0
520,fit_distance_text,bar,0,0.9471,2324,199,0
520,iso_text,text,1,0.0424,140,51,1
520,exposure_text,text,2,0.0133,144,51,1
520,temp_text,text,3,0.0121,114,51,1
520,alt_text,bar,4,1.0257,337,213,0
521,fit_distance_text,bar,0,0.9915,2324,199,0
521,iso_text,text,1,0.0513,140,51,1
521,exposure_text,text,2,0.0137,144,51,1
521,temp_text,text,3,0.0118,114,51,1
521,alt_text,bar,4,1.032,337,213,0
522,fit_distance_text,bar,0,0.8693,2324,199,0
522,iso_text,text,1,0.0226,140,51,1
522,exposure_text,text,2,0.0128,144,51,1
522,temp_text,text,3,0.0116,114,51,1
522,alt_text,bar,4,0.8272,337,213,0
523,fit_distance_text,bar,0,0.8419,2324,199,0
523,iso_text,text,1,0.0223,140,51,1
523,exposure_text,text,2,0.0127,144,51,1
523,temp_text,text,3,0.0119,114,51,1
523,alt_text,bar,4,1.0002,337,213,0
524,fit_distance_text,bar,0,0.879,2324,199,0
524,iso_text,text,1,0.0302,140,51,1
524,exposure_text,text,2,0.0131,144,51,1
524,temp_text,text,3,0.0117,114,51,1
524,alt_text,bar,4,0.9431,337,213,0
525,fit_distance_text,bar,0,0.8754,2324,199,0
525,iso_text,text,1,0.0257,140,51,1
525,exposure_text,text,2,0.0145,144,51,1
525,temp_text,text,3,0.0123,114,51,1
525,alt_text,bar,4,0.8888,337,213,0
526,fit_distance_text,bar,0,0.8829,2324,199,0
526,iso_text,text,1,0.0227,140,51,1
526,exposure_text,text,2,0.0129,144,51,1
526,temp_text,text,3,0.0116,114,51,1
526,alt_text,bar,4,0.9161,337,213,0
527,fit_distance_text,bar,0,1.333,2324,199,0
527,iso_text,text,1,0.0888,140,51,1
527,exposure_text,text,2,0.0217,144,51,1
527,temp_text,text,3,0.013,114,51,1
527,alt_text,bar,4,1.0669,337,213,0
528,fit_distance_text,bar,0,1.2381,2324,199,0
528,iso_text,text,1,0.0379,140,51,1
528,exposure_text,text,2,0.013,144,51,1
528,temp_text,text,3,0.0116,114,51,1
528,alt_text,bar,4,1.0018,337,213,0
529,fit_distance_text,bar,0,0.9916,2324,199,0
529,iso_text,text,1,0.0375,140,51,1
529,exposure_text,text,2,0.0271,144,51,1
529,temp_text,text,3,0.0122,114,51,1
529,alt_text,bar,4,1.048,337,213,0
530,fit_distance_text,bar,0,1.3525,2324,199,0
530,iso_text,text,1,0.056,140,51,1
530,exposure_text,text,2,0.0141,144,51,1
530,temp_text,text,3,0.0125,114,51,1
530,alt_text,bar,4,1.1343,337,213,0
531,fit_distance_text,bar,0,0.9818,2324,199,0
531,iso_text,text,1,0.032,140,51,1
531,exposure_text,text,2,0.0137,144,51,1
531,temp_text,text,3,0.0121,114,51,1
531,alt_text,bar,4,0.9761,337,213,0
532,fit_distance_text,bar,0,0.9632,2324,199,0
532,iso_text,text,1,0.036,140,51,1
532,exposure_text,text,2,0.0136,144,51,1
532,temp_text,text,3,0.0116,114,51,1
532,alt_text,bar,4,0.8981,337,213,0
533,fit_distance_text,bar,0,1.0887,2324,199,0
533,iso_text,text,1,0.0398,140,51,1
533,exposure_text,text,2,0.0143,144,51,1
533,temp_text,text,3,0.0121,114,51,1
533,alt_text,bar,4,1.0106,337,213,0
534,fit_distance_text,bar,0,0.9395,2324,199,0
534,iso_text,text,1,0.0246,140,51,1
534,exposure_text,text,2,0.0128,144,51,1
534,temp_text,text,3,0.0121,114,51,1
534,alt_text,bar,4,0.9791,337,213,0
535,fit_distance_text,bar,0,0.9325,2324,199,0
535,iso_text,text,1,0.0218,140,51,1
535,exposure_text,text,2,0.0128,144,51,1
535,temp_text,text,3,0.0112,114,51,1
535,alt_text,bar,4,0.8564,337,213,0
536,fit_distance_text,bar,0,0.956,2324,199,0
536,iso_text,text,1,0.024,140,51,1
536,exposure_text,text,2,0.0132,144,51,1
536,temp_text,text,3,0.0116,114,51,1
536,alt_text,bar,4,0.8743,337,213,0
537,fit_distance_text,bar,0,1.0166,2324,199,0
537,iso_text,text,1,0.0233,140,51,1
537,exposure_text,text,2,0.0126,144,51,1
537,temp_text,text,3,0.0114,114,51,1
537,alt_text,bar,4,0.8442,337,213,0
538,fit_distance_text,bar,0,1.0824,2324,199,0
538,iso_text,text,1,0.0329,140,51,1
538,exposure_text,text,2,0.0131,144,51,1
538,temp_text,text,3,0.0129,114,51,1
538,alt_text,bar,4,0.9084,337,213,0
539,fit_distance_text,bar,0,1.4248,2324,199,0
539,iso_text,text,1,0.0609,140,51,1
539,exposure_text,text,2,0.0152,144,51,1
539,temp_text,text,3,0.0118,114,51,1
539,alt_text,bar,4,1.0443,337,213,0
540,fit_distance_text,bar,0,0.913,2324,199,0
540,iso_text,text,1,0.0222,140,51,1
540,exposure_text,text,2,0.0132,144,51,1
540,temp_text,text,3,0.0117,114,51,1
540,alt_text,bar,4,0.95,337,213,0
541,fit_distance_text,bar,0,1.0639,2324,199,0
541,iso_text,text,1,0.0473,140,51,1
541,exposure_text,text,2,0.0137,144,51,1
541,temp_text,text,3,0.0119,114,51,1
541,alt_text,bar,4,1.1517,337,213,0
542,fit_distance_text,bar,0,0.9295,2324,199,0
542,iso_text,text,1,0.0236,140,51,1
542,exposure_text,text,2,0.0128,144,51,1
542,temp_text,text,3,0.0115,114,51,1
542,alt_text,bar,4,0.9931,337,213,0
543,fit_distance_text,bar,0,0.9307,2324,199,0
543,iso_text,text,1,0.022,140,51,1
543,exposure_text,text,2,0.0126,144,51,1
543,temp_text,text,3,0.0116,114,51,1
543,alt_text,bar,4,0.9722,337,213,0
544,fit_distance_text,bar,0,1.018,2324,199,0
544,iso_text,text,1,0.0316,140,51,1
544,exposure_text,text,2,0.0135,144,51,1
544,temp_text,text,3,0.0129,114,51,1
544,alt_text,bar,4,1.0073,337,213,0
545,fit_distance_text,bar,0,1.0261,2324,199,0
545,iso_text,text,1,0.023,140,51,1
545,exposure_text,text,2,0.0128,144,51,1
545,temp_text,text,3,0.0116,114,51,1
545,alt_text,bar,4,1.0416,337,213,0
546,fit_distance_text,bar,0,0.9774,2324,199,0
546,iso_text,text,1,0.0225,140,51,1
546,exposure_text,text,2,0.013,144,51,1
546,temp_text,text,3,0.0112,114,51,1
546,alt_text,bar,4,0.9232,337,213,0
547,fit_distance_text,bar,0,0.948,2324,199,0
547,iso_text,text,1,0.0307,140,51,1
547,exposure_text,text,2,0.0151,144,51,1
547,temp_text,text,3,0.0116,114,51,1
547,alt_text,bar,4,1.0101,337,213,0
548,fit_distance_text,bar,0,1.0788,2324,199,0
548,iso_text,text,1,0.0461,140,51,1
548,exposure_text,text,2,0.0138,144,51,1
548,temp_text,text,3,0.0118,114,51,1
548,alt_text,bar,4,1.2162,337,213,0
549,fit_distance_text,bar,0,0.9699,2324,199,0
549,iso_text,text,1,0.0315,140,51,1
549,exposure_text,text,2,0.0137,144,51,1
549,temp_text,text,3,0.0115,114,51,1
549,alt_text,bar,4,0.9884,337,213,0
550,fit_distance_text,bar,0,0.9275,2324,199,0
550,iso_text,text,1,0.0244,140,51,1
550,exposure_text,text,2,0.0131,144,51,1
550,temp_text,text,3,0.0117,114,51,1
550,alt_text,bar,4,0.9097,337,213,0
551,fit_distance_text,bar,0,0.9272,2324,199,0
551,iso_text,text,1,0.0229,140,51,1
551,exposure_text,text,2,0.0131,144,51,1
551,temp_text,text,3,0.0114,114,51,1
551,alt_text,bar,4,0.924,337,213,0
552,fit_distance_text,bar,0,0.9962,2324,199,0
552,iso_text,text,1,0.024,140,51,1
552,exposure_text,text,2,0.0127,144,51,1
552,temp_text,text,3,0.0116,114,51,1
552,alt_text,bar,4,0.877,337,213,0
553,fit_distance_text,bar,0,1.0022,2324,199,0
553,iso_text,text,1,0.0225,140,51,1
553,exposure_text,text,2,0.0131,144,51,1
553,temp_text,text,3,0.0116,114,51,1
553,alt_text,bar,4,0.9343,337,213,0
554,fit_distance_text,bar,0,1.1178,2324,199,0
554,iso_text,text,1,0.0366,140,51,1
554,exposure_text,text,2,0.0149,144,51,1
554,temp_text,text,3,0.0116,114,51,1
554,alt_text,bar,4,1.0276,337,213,0
555,fit_distance_text,bar,0,0.955,2324,199,0
555,iso_text,text,1,0.0226,140,51,1
555,exposure_text,text,2,0.013,144,51,1
555,temp_text,text,3,0.0114,114,51,1
555,alt_text,bar,4,0.8608,337,213,0
556,fit_distance_text,bar,0,0.9849,2324,199,0
556,iso_text,text,1,0.0302,140,51,1
556,exposure_text,text,2,0.0133,144,51,1
556,temp_text,text,3,0.0116,114,51,1
556,alt_text,bar,4,0.8897,337,213,0
557,fit_distance_text,bar,0,1.0282,2324,199,0
557,iso_text,text,1,0.0226,140,51,1
557,exposure_text,text,2,0.0127,144,51,1
557,temp_text,text,3,0.0114,114,51,1
557,alt_text,bar,4,0.8499,337,213,0
558,fit_distance_text,bar,0,0.9941,2324,199,0
558,iso_text,text,1,0.0224,140,51,1
558,exposure_text,text,2,0.0129,144,51,1
558,temp_text,text,3,0.0116,114,51,1
558,alt_text,bar,4,0.8641,337,213,0
559,fit_distance_text,bar,0,1.0628,2324,199,0
559,iso_text,text,1,0.0427,140,51,1
559,exposure_text,text,2,0.0134,144,51,1
559,temp_text,text,3,0.0118,114,51,1
559,alt_text,bar,4,1.014,337,213,0
560,fit_distance_text,bar,0,1.0108,2324,199,0
560,iso_text,text,1,0.0227,140,51,1
560,exposure_text,text,2,0.0132,144,51,1
560,temp_text,text,3,0.0115,114,51,1
560,alt_text,bar,4,1.0001,337,213,0
561,fit_distance_text,bar,0,1.0167,2324,199,0
561,iso_text,text,1,0.022,140,51,1
561,exposure_text,text,2,0.0128,144,51,1
561,temp_text,text,3,0.0121,114,51,1
561,alt_text,bar,4,0.9033,337,213,0
562,fit_distance_text,bar,0,1.0755,2324,199,0
562,iso_text,text,1,0.0303,140,51,1
562,exposure_text,text,2,0.0156,144,51,1
562,temp_text,text,3,0.0133,114,51,1
562,alt_text,bar,4,0.9007,337,213,0
563,fit_distance_text,bar,0,1.0394,2324,199,0
563,iso_text,text,1,0.0321,140,51,1
563,exposure_text,text,2,0.0133,144,51,1
563,temp_text,text,3,0.0121,114,51,1
563,alt_text,bar,4,1.0053,337,213,0
564,fit_distance_text,bar,0,0.9665,2324,199,0
564,iso_text,text,1,0.0224,140,51,1
564,exposure_text,text,2,0.013,144,51,1
564,temp_text,text,3,0.012,114,51,1
564,alt_text,bar,4,0.9548,337,213,0
565,fit_distance_text,bar,0,0.9383,2324,199,0
565,iso_text,text,1,0.0233,140,51,1
565,exposure_text,text,2,0.0129,144,51,1
565,temp_text,text,3,0.0115,114,51,1
565,alt_text,bar,4,0.9442,337,213,0
566,fit_distance_text,bar,0,1.0011,2324,199,0
566,iso_text,text,1,0.0221,140,51,1
566,exposure_text,text,2,0.0132,144,51,1
566,temp_text,text,3,0.0118,114,51,1
566,alt_text,bar,4,1.0365,337,213,0
567,fit_distance_text,bar,0,0.9465,2324,199,0
567,iso_text,text,1,0.0228,140,51,1
567,exposure_text,text,2,0.013,144,51,1
567,temp_text,text,3,0.0116,114,51,1
567,alt_text,bar,4,1.0197,337,213,0
568,fit_distance_text,bar,0,0.9652,2324,199,0
568,iso_text,text,1,0.0299,140,51,1
568,exposure_text,text,2,0.0132,144,51,1
568,temp_text,text,3,0.0116,114,51,1
568,alt_text,bar,4,1.0315,337,213,0
569,fit_distance_text,bar,0,0.9592,2324,199,0
569,iso_text,text,1,0.0317,140,51,1
569,exposure_text,text,2,0.0128,144,51,1
569,temp_text,text,3,0.0119,114,51,1
569,alt_text,bar,4,1.1908,337,213,0
570,fit_distance_text,bar,0,0.9927,2324,199,0
570,iso_text,text,1,0.0223,140,51,1
570,exposure_text,text,2,0.0129,144,51,1
570,temp_text,text,3,0.0118,114,51,1
570,alt_text,bar,4,0.8805,337,213,0
571,fit_distance_text,bar,0,1.0277,2324,199,0
571,iso_text,text,1,0.0253,140,51,1
571,exposure_text,text,2,0.0127,144,51,1
571,temp_text,text,3,0.0118,114,51,1
571,alt_text,bar,4,0.8733,337,213,0
572,fit_distance_text,bar,0,1.0375,2324,199,0
572,iso_text,text,1,0.025,140,51,1
572,exposure_text,text,2,0.0132,144,51,1
572,temp_text,text,3,0.0117,114,51,1
572,alt_text,bar,4,0.8315,337,213,0
573,fit_distance_text,bar,0,1.0242,2324,199,0
573,iso_text,text,1,0.0235,140,51,1
573,exposure_text,text,2,0.013,144,51,1
573,temp_text,text,3,0.0115,114,51,1
573,alt_text,bar,4,0.9105,337,213,0
574,fit_distance_text,bar,0,1.0455,2324,199,0
574,iso_text,text,1,0.0239,140,51,1
574,exposure_text,text,2,0.013,144,51,1
574,temp_text,text,3,0.0114,114,51,1
574,alt_text,bar,4,0.9234,337,213,0
575,fit_distance_text,bar,0,1.0452,2324,199,0
575,iso_text,text,1,0.0212,140,51,1
575,exposure_text,text,2,0.0127,144,51,1
575,temp_text,text,3,0.0118,114,51,1
575,alt_text,bar,4,0.9227,337,213,0
576,fit_distance_text,bar,0,1.1176,2324,199,0
576,iso_text,text,1,0.0252,140,51,1
576,exposure_text,text,2,0.0131,144,51,1
576,temp_text,text,3,0.0119,114,51,1
576,alt_text,bar,4,0.9432,337,213,0
577,fit_distance_text,bar,0,1.4332,2324,199,0
577,iso_text,text,1,0.0433,140,51,1
577,exposure_text,text,2,0.015,144,51,1
577,temp_text,text,3,0.0122,114,51,1
577,alt_text,bar,4,1.3914,337,213,0
578,fit_distance_text,bar,0,1.1092,2324,199,0
578,iso_text,text,1,0.0267,140,51,1
578,exposure_text,text,2,0.0135,144,51,1
578,temp_text,text,3,0.0117,114,51,1
578,alt_text,bar,4,0.9488,337,213,0
579,fit_distance_text,bar,0,0.9743,2324,199,0
579,iso_text,text,1,0.0235,140,51,1
579,exposure_text,text,2,0.0129,144,51,1
579,temp_text,text,3,0.0116,114,51,1
579,alt_text,bar,4,0.9814,337,213,0
580,fit_distance_text,bar,0,1.018,2324,199,0
580,iso_text,text,1,0.0235,140,51,1
580,exposure_text,text,2,0.0131,144,51,1
580,temp_text,text,3,0.012,114,51,1
580,alt_text,bar,4,0.9428,337,213,0
581,fit_distance_text,bar,0,1.0507,2324,199,0
581,iso_text,text,1,0.0336,140,51,1
581,exposure_text,text,2,0.0137,144,51,1
581,temp_text,text,3,0.0118,114,51,1
581,alt_text,bar,4,0.9634,337,213,0
582,fit_distance_text,bar,0,1.03,2324,199,0
582,iso_text,text,1,0.0221,140,51,1
582,exposure_text,text,2,0.0126,144,51,1
582,temp_text,text,3,0.0114,114,51,1
582,alt_text,bar,4,0.8792,337,213,0
583,fit_distance_text,bar,0,1.163,2324,199,0
583,iso_text,text,1,0.0352,140,51,1
583,exposure_text,text,2,0.0137,144,51,1
583,temp_text,text,3,0.012,114,51,1
583,alt_text,bar,4,1.0263,337,213,0
584,fit_distance_text,bar,0,1.0798,2324,199,0
584,iso_text,text,1,0.0291,140,51,1
584,exposure_text,text,2,0.0138,144,51,1
584,temp_text,text,3,0.0123,114,51,1
584,alt_text,bar,4,1.0363,337,213,0
585,fit_distance_text,bar,0,1.0442,2324,199,0
585,iso_text,text,1,0.0228,140,51,1
585,exposure_text,text,2,0.0127,144,51,1
585,temp_text,text,3,0.0117,114,51,1
585,alt_text,bar,4,0.9578,337,213,0
586,fit_distance_text,bar,0,1.2443,2324,199,0
586,iso_text,text,1,0.0387,140,51,1
586,exposure_text,text,2,0.0135,144,51,1
586,temp_text,text,3,0.0118,114,51,1
586,alt_text,bar,4,0.9086,337,213,0
587,fit_distance_text,bar,0,1.0933,2324,199,0
587,iso_text,text,1,0.0308,140,51,1
587,exposure_text,text,2,0.0138,144,51,1
587,temp_text,text,3,0.012,114,51,1
587,alt_text,bar,4,0.8992,337,213,0
588,fit_distance_text,bar,0,1.0298,2324,199,0
588,iso_text,text,1,0.0333,140,51,1
588,exposure_text,text,2,0.0171,144,51,1
588,temp_text,text,3,0.0185,114,51,1
588,alt_text,bar,4,1.105,337,213,0
589,fit_distance_text,bar,0,0.993,2324,199,0
589,iso_text,text,1,0.0206,140,51,1
589,exposure_text,text,2,0.0128,144,51,1
589,temp_text,text,3,0.0121,114,51,1
589,alt_text,bar,4,0.9211,337,213,0
590,fit_distance_text,bar,0,1.1511,2324,199,0
590,iso_text,text,1,0.0245,140,51,1
590,exposure_text,text,2,0.0132,144,51,1
590,temp_text,text,3,0.012,114,51,1
590,alt_text,bar,4,1.0116,337,213,0
591,fit_distance_text,bar,0,1.0181,2324,199,0
591,iso_text,text,1,0.0231,140,51,1
591,exposure_text,text,2,0.0136,144,51,1
591,temp_text,text,3,0.0116,114,51,1
591,alt_text,bar,4,0.9799,337,213,0
592,fit_distance_text,bar,0,1.1061,2324,199,0
592,iso_text,text,1,0.0261,140,51,1
592,exposure_text,text,2,0.0148,144,51,1
592,temp_text,text,3,0.0117,114,51,1
592,alt_text,bar,4,0.9451,337,213,0
593,fit_distance_text,bar,0,1.1488,2324,199,0
593,iso_text,text,1,0.0499,140,51,1
593,exposure_text,text,2,0.0136,144,51,1
593,temp_text,text,3,0.0121,114,51,1
593,alt_text,bar,4,1.0729,337,213,0
594,fit_distance_text,bar,0,1.0292,2324,199,0
594,iso_text,text,1,0.0243,140,51,1
594,exposure_text,text,2,0.0138,144,51,1
594,temp_text,text,3,0.0126,114,51,1
594,alt_text,bar,4,0.9792,337,213,0
595,fit_distance_text,bar,0,1.3268,2324,199,0
595,iso_text,text,1,0.0307,140,51,1
595,exposure_text,text,2,0.0134,144,51,1
595,temp_text,text,3,0.0119,114,51,1
595,alt_text,bar,4,0.9885,337,213,0
596,fit_distance_text,bar,0,1.0499,2324,199,0
596,iso_text,text,1,0.0226,140,51,1
596,exposure_text,text,2,0.0134,144,51,1
596,temp_text,text,3,0.0113,114,51,1
596,alt_text,bar,4,0.9841,337,213,0
597,fit_distance_text,bar,0,1.0415,2324,199,0
597,iso_text,text,1,0.0224,140,51,1
597,exposure_text,text,2,0.0131,144,51,1
597,temp_text,text,3,0.0114,114,51,1
597,alt_text,bar,4,0.9267,337,213,0
598,fit_distance_text,bar,0,1.031,2324,199,0
598,iso_text,text,1,0.0231,140,51,1
598,exposure_text,text,2,0.0133,144,51,1
598,temp_text,text,3,0.0119,114,51,1
598,alt_text,bar,4,0.9618,337,213,0
599,fit_distance_text,bar,0,1.0257,2324,199,0
599,iso_text,text,1,0.0287,140,51,1
599,exposure_text,text,2,0.0129,144,51,1
599,temp_text,text,3,0.0112,114,51,1
599,alt_text,bar,4,1.0467,337,213,0
