frame,ready,disjoint,freq,begin_ts,blt_ts,range_ts,charts_ts,gauge_ts,map_ts,hud_ts,end_ts,read_latency,span_ms,vp_ms,range_ms,charts_ms,gauge_ms,map_ms,hud_ms
0,1,0,1e+08,4383449281483,4383450629012,4383451535476,4383451994936,4383452014652,4383452232440,4383452377512,4383452377536,16,30.9605,13.4753,9.06464,4.5946,0.19716,2.17788,1.45072
1,1,0,1e+08,4383453541416,4383455380564,4383456590892,4383456661196,4383456711140,4383457325584,4383457497540,4383457497576,16,39.5616,18.3915,12.1033,0.70304,0.49944,6.14444,1.71956
2,1,0,1e+08,4383458124059,4383461353349,4383461832593,4383461887285,4383461905469,4383462115389,4383462253497,4383462253521,16,41.2946,32.2929,4.79244,0.54692,0.18184,2.0992,1.38108
3,1,0,1e+08,4383462279417,4383462513817,4383462869445,4383462965625,4383463011629,4383464125776,4383464328840,4383464328896,16,20.4948,2.344,3.55628,0.9618,0.46004,11.1415,2.03064
4,1,0,1e+08,4383464357160,4383464677016,4383465125848,4383465185704,4383465225880,4383465415908,4383465543596,4383465543620,16,11.8646,3.19856,4.48832,0.59856,0.40176,1.90028,1.27688
5,1,0,1e+08,4383466137124,4383468689297,4383469083033,4383469174473,4383469202801,4383470287788,4383470497156,4383470497220,16,43.601,25.5217,3.93736,0.9144,0.28328,10.8499,2.09368
6,1,0,1e+08,4383470526564,4383470831128,4383471293360,4383471360796,4383471384712,4383471585088,4383471743176,4383471743196,16,12.1663,3.04564,4.62232,0.67436,0.23916,2.00376,1.58088
7,1,0,1e+08,4383472351159,4383473838365,4383474367677,4383474429953,4383474460937,4383474667449,4383474797065,4383474797093,16,24.4593,14.8721,5.29312,0.62276,0.30984,2.06512,1.29616
8,1,0,1e+08,4383475298205,4383476516512,4383477107009,4383477165573,4383477207593,4383477439153,4383477597877,4383477597901,16,22.997,12.1831,5.90497,0.58564,0.4202,2.3156,1.58724
9,1,0,1e+08,4383478213893,4383478441537,4383478768701,4383479014785,4383479035013,4383479190989,4383479327113,4383479327137,16,11.1324,2.27644,3.27164,2.46084,0.20228,1.55976,1.36124
10,1,0,1e+08,4383480382429,4383480620377,4383480922045,4383480981765,4383481001189,4383481157021,4383481296121,4383481296141,16,9.13712,2.37948,3.01668,0.5972,0.19424,1.55832,1.391
11,1,0,1e+08,4383482581280,4383483152797,4383484121840,4383484194868,4383484218256,4383484485316,4383484624020,4383484624052,16,20.4277,5.71517,9.69043,0.73028,0.23388,2.6706,1.38704
12,1,0,1e+08,4383485618058,4383486563480,4383487244975,4383487314327,4383487334495,4383487589875,4383487750507,4383487750531,16,21.3247,9.45422,6.81495,0.69352,0.20168,2.5538,1.60632
13,1,0,1e+08,4383488514015,4383489511474,4383490180969,4383490261137,4383490297677,4383490553917,4383490690385,4383490690417,16,21.764,9.97459,6.69495,0.80168,0.3654,2.5624,1.36468
14,1,0,1e+08,4383491676376,4383492450389,4383493066414,4383493139558,4383493165798,4383493399498,4383493528226,4383493528250,16,18.5187,7.74013,6.16025,0.73144,0.2624,2.337,1.28728
15,1,0,1e+08,4383494691320,4383495430212,4383496052397,4383496126261,4383496158945,4383496391433,4383496532737,4383496532817,16,18.415,7.38892,6.22185,0.73864,0.32684,2.32488,1.41304
16,1,0,1e+08,4383497240409,4383498575109,4383499139122,4383499213590,4383499260770,4383499483878,4383499643754,4383499643778,16,24.0337,13.347,5.64013,0.74468,0.4718,2.23108,1.59876
17,1,0,1e+08,4383500168356,4383501437484,4383502036229,4383502109993,4383502139201,4383502377097,4383502549885,4383502549913,16,23.8156,12.6913,5.98745,0.73764,0.29208,2.37896,1.72788
18,1,0,1e+08,4383502954184,4383503638654,4383504547394,4383504876462,4383504902350,4383505134870,4383505265466,4383505265490,16,23.1131,6.8447,9.0874,3.29068,0.25888,2.3252,1.30596
19,1,0,1e+08,4383505940203,4383506859757,4383507561070,4383507911062,4383507931062,4383508150254,4383508316542,4383508316566,16,23.7636,9.19554,7.01313,3.49992,0.2,2.19192,1.66288
20,1,0,1e+08,4383509467519,4383509944993,4383510490561,4383510702749,4383510731889,4383511127458,4383511598681,4383511598753,16,21.3123,4.77474,5.45568,2.12188,0.2914,3.95569,4.71223
21,1,0,1e+08,4383513172860,4383514007266,4383514683117,4383514791121,4383514855105,4383515101905,4383515239617,4383515239649,16,20.6679,8.34406,6.75851,1.08004,0.63984,2.468,1.37712
22,1,0,1e+08,4383517015430,4383517362050,4383517817458,4383517980778,4383518022174,4383518710056,4383518980533,4383518980585,16,19.6516,3.4662,4.55408,1.6332,0.41396,6.87882,2.70477
23,1,0,1e+08,4383519948055,4383520250281,4383521859395,4383521930240,4383521955372,4383523203222,4383523479680,4383523479744,16,35.3169,3.02226,16.0911,0.70845,0.25132,12.4785,2.76458
24,1,0,1e+08,4383523512644,4383523864109,4383524392433,4383524481573,4383524515469,4383524728449,4383524892137,4383524892165,16,13.7952,3.51465,5.28324,0.8914,0.33896,2.1298,1.63688
25,1,0,1e+08,4383524931169,4383525887244,4383526537025,4383526651133,4383526673721,4383526937805,4383527144753,4383527144785,16,22.1362,9.56075,6.49781,1.14108,0.22588,2.64084,2.06948
26,1,0,1e+08,4383528251322,4383528811329,4383529371705,4383529464761,4383529484977,4383529721869,4383529935533,4383529935577,16,16.8426,5.60007,5.60376,0.93056,0.20216,2.36892,2.13664
27,1,0,1e+08,4383531854597,4383532087637,4383532650821,4383532763733,4383532793577,4383533775028,4383533966429,4383533966489,16,21.1189,2.3304,5.63184,1.12912,0.29844,9.81451,1.91401
28,1,0,1e+08,4383535079537,4383535928845,4383536689762,4383536778702,4383536818202,4383537077602,4383537224802,4383537224830,16,21.4529,8.49308,7.60917,0.8894,0.395,2.594,1.472
29,1,0,1e+08,4383537939002,4383538752757,4383539512593,4383539675645,4383539702385,4383539984701,4383540131401,4383540131429,16,21.9243,8.13755,7.59836,1.63052,0.2674,2.82316,1.467
30,1,0,1e+08,4383541143891,4383541370723,4383541861931,4383541929547,4383541952595,4383542163799,4383542353871,4383542353895,16,12.1,2.26832,4.91208,0.67616,0.23048,2.11204,1.90072
31,1,0,1e+08,4383542864005,4383543634801,4383544393942,4383544500334,4383544519546,4383544776762,4383544961274,4383544961306,16,20.973,7.70796,7.59141,1.06392,0.19212,2.57216,1.84512
32,1,0,1e+08,4383545424610,4383546213302,4383546978321,4383547057301,4383547083481,4383547410937,4383547603317,4383547603341,16,21.7873,7.88692,7.65019,0.7898,0.2618,3.27456,1.9238
33,1,0,1e+08,4383548175529,4383548992877,4383549726746,4383549802410,4383549837778,4383550094774,4383550299674,4383550299706,16,21.2418,8.17348,7.33869,0.75664,0.35368,2.56996,2.049
34,1,0,1e+08,4383550858088,4383551794696,4383552477178,4383552566238,4383552599534,4383552847138,4383552983134,4383552983162,16,21.2507,9.36608,6.82482,0.8906,0.33296,2.47604,1.35996
35,1,0,1e+08,4383553583164,4383554315153,4383555220474,4383555299398,4383555319282,4383555593510,4383555725562,4383555725594,16,21.4243,7.31989,9.05321,0.78924,0.19884,2.74228,1.32052
36,1,0,1e+08,4383556195387,4383556411499,4383556735511,4383556863691,4383556881347,4383557047667,4383557189051,4383557189071,16,9.93684,2.16112,3.24012,1.2818,0.17656,1.6632,1.41384
37,1,0,1e+08,4383558156073,4383558953517,4383559706475,4383559839431,4383559858423,4383560110231,4383560301123,4383560301155,16,21.4508,7.97444,7.52958,1.32956,0.18992,2.51808,1.90892
38,1,0,1e+08,4383560924931,4383561735307,4383562496515,4383562569587,4383562602855,4383562883363,4383563058635,4383563058659,16,21.3373,8.10376,7.61208,0.73072,0.33268,2.80508,1.75272
39,1,0,1e+08,4383563660375,4383564261863,4383565153412,4383565241416,4383565261968,4383565531656,4383565719336,4383565719368,16,20.5899,6.01488,8.91549,0.88004,0.20552,2.69688,1.8768
40,1,0,1e+08,4383566272180,4383567234828,4383567887502,4383567989562,4383568012198,4383568263338,4383568431642,4383568431662,16,21.5948,9.62648,6.52674,1.0206,0.22636,2.5114,1.68304
41,1,0,1e+08,4383569559897,4383570113954,4383570641278,4383570731318,4383570755286,4383570972270,4383571107626,4383571107654,16,15.4776,5.54057,5.27324,0.9004,0.23968,2.16984,1.35356
42,1,0,1e+08,4383571629117,4383571909359,4383572227175,4383572374359,4383572396083,4383572579859,4383572713623,4383572713643,16,10.8453,2.80242,3.17816,1.47184,0.21724,1.83776,1.33764
43,1,0,1e+08,4383573548759,4383574110608,4383575112876,4383575184856,4383575207836,4383575571568,4383575808052,4383575808084,16,22.5932,5.61849,10.0227,0.7198,0.2298,3.63732,2.36484
44,1,0,1e+08,4383576357483,4383577154824,4383578021832,4383578093772,4383578140544,4383578447816,4383578649748,4383578649772,16,22.9229,7.97341,8.67008,0.7194,0.46772,3.07272,2.01932
45,1,0,1e+08,4383579131367,4383579335079,4383579637015,4383579695951,4383579763811,4383579926627,4383580058431,4383580058463,16,9.27096,2.03712,3.01936,0.58936,0.6786,1.62816,1.31804
46,1,0,1e+08,4383581057930,4383581325418,4383581649810,4383581804150,4383581821118,4383581976058,4383582111662,4383582111682,16,10.5375,2.67488,3.24392,1.5434,0.16968,1.5494,1.35604
47,1,0,1e+08,4383582966246,4383583312811,4383583611351,4383583685311,4383583702039,4383583859447,4383583980863,4383583980891,16,10.1464,3.46565,2.9854,0.7396,0.16728,1.57408,1.21416
48,1,0,1e+08,4383584809544,4383585035244,4383585339212,4383585397308,4383585420404,4383585575364,4383585703912,4383585703932,16,8.94388,2.257,3.03968,0.58096,0.23096,1.5496,1.28548
49,1,0,1e+08,4383586642620,4383587440792,4383587852612,4383587932564,4383587965420,4383588164896,4383588299288,4383588299312,16,16.5669,7.98172,4.1182,0.79952,0.32856,1.99476,1.34392
50,1,0,1e+08,4383588507052,4383589340156,4383590101877,4383590182085,4383590221817,4383590482701,4383590634885,4383590634913,16,21.2786,8.33104,7.61721,0.80208,0.39732,2.60884,1.52184
51,1,0,1e+08,4383591474068,4383591713644,4383592022424,4383592085396,4383592126836,4383592284060,4383592426440,4383592426468,16,9.524,2.39576,3.0878,0.62972,0.4144,1.57224,1.4238
52,1,0,1e+08,4383593363001,4383594028071,4383594934810,4383595054278,4383595072038,4383595333590,4383595464258,4383595464286,16,21.0129,6.6507,9.06739,1.19468,0.1776,2.61552,1.30668
53,1,0,1e+08,4383596200274,4383596847631,4383597749975,4383597887867,4383597908383,4383598167219,4383598329847,4383598329879,16,21.2961,6.47357,9.02344,1.37892,0.20516,2.58836,1.62628
54,1,0,1e+08,4383598973564,4383599701735,4383600564613,4383600722541,4383600742081,4383601014641,4383601182257,4383601182285,16,22.0872,7.28171,8.62878,1.57928,0.1954,2.7256,1.67616
55,1,0,1e+08,4383601923428,4383602296965,4383603388594,4383603469694,4383603524314,4383603802830,4383603942490,4383603942522,16,20.1909,3.73537,10.9163,0.811,0.5462,2.78516,1.3966
56,1,0,1e+08,4383604607583,4383605114386,4383606155973,4383606224097,4383606241997,4383606578697,4383606725701,4383606725725,16,21.1814,5.06803,10.4159,0.68124,0.179,3.367,1.47004
57,1,0,1e+08,4383607444724,4383608102028,4383608965442,4383609031106,4383609049874,4383609319646,4383609490478,4383609490510,16,20.4579,6.57304,8.63414,0.65664,0.18768,2.69772,1.70832
58,1,0,1e+08,4383610220275,4383611221436,4383611849377,4383611922245,4383611942397,4383612177553,4383612315537,4383612315565,16,20.9529,10.0116,6.27941,0.72868,0.20152,2.35156,1.37984
59,1,0,1e+08,4383613277701,4383613895586,4383614836017,4383614902405,4383614920533,4383615188741,4383615326089,4383615326121,16,20.4842,6.17885,9.40431,0.66388,0.18128,2.68208,1.37348
60,1,0,1e+08,4383616425333,4383616640873,4383617125857,4383617186741,4383617229553,4383617450733,4383617605145,4383617605173,16,11.7984,2.1554,4.84984,0.60884,0.42812,2.2118,1.54412
61,1,0,1e+08,4383618040163,4383619081712,4383619762664,4383619818896,4383619902432,4383620167896,4383620306960,4383620306992,16,22.6683,10.4155,6.80952,0.56232,0.83536,2.65464,1.39064
62,1,0,1e+08,4383620832957,4383621084935,4383622274533,4383622421849,4383622442869,4383622727901,4383622866577,4383622866605,16,20.3365,2.51978,11.896,1.47316,0.2102,2.85032,1.38676
63,1,0,1e+08,4383623680929,4383624367442,4383625259038,4383625398806,4383625415858,4383625675106,4383625849270,4383625849302,16,21.6837,6.86513,8.91596,1.39768,0.17052,2.59248,1.74164
64,1,0,1e+08,4383626437432,4383626972247,4383627993596,4383628060040,4383628079784,4383628404204,4383628567440,4383628567468,16,21.3004,5.34815,10.2135,0.66444,0.19744,3.2442,1.63236
65,1,0,1e+08,4383629316438,4383630135417,4383630951869,4383631028469,4383631048257,4383631328609,4383631513317,4383631513349,16,21.9691,8.18979,8.16452,0.766,0.19788,2.80352,1.84708
66,1,0,1e+08,4383632252136,4383632982125,4383633837697,4383633935441,4383634002485,4383634258977,4383634385133,4383634385157,16,21.3302,7.29989,8.55572,0.97744,0.67044,2.56492,1.26156
67,1,0,1e+08,4383635171065,4383635815233,4383636746537,4383636832393,4383636856661,4383637118273,4383637240369,4383637240401,16,20.6934,6.44168,9.31304,0.85856,0.24268,2.61612,1.22096
68,1,0,1e+08,4383637978727,4383639065780,4383639715369,4383639791129,4383639847397,4383640087545,4383640208377,4383640208401,16,22.2967,10.8705,6.49589,0.7576,0.56268,2.40148,1.20832
69,1,0,1e+08,4383640805927,4383641057655,4383641361131,4383641420263,4383641461859,4383641683979,4383641800299,4383641800323,16,9.94396,2.51728,3.03476,0.59132,0.41596,2.2212,1.1632
70,1,0,1e+08,4383642774371,4383643023563,4383643331899,4383643391123,4383643414615,4383643570787,4383643709631,4383643709651,16,9.3528,2.49192,3.08336,0.59224,0.23492,1.56172,1.38844
71,1,0,1e+08,4383644698187,4383644959633,4383646204801,4383646269321,4383646314525,4383646620441,4383646766113,4383646766145,16,20.6796,2.61446,12.4517,0.6452,0.45204,3.05916,1.45672
72,1,0,1e+08,4383647689550,4383648354488,4383649243389,4383649309365,4383649330297,4383649603933,4383649767509,4383649767537,16,20.7799,6.64938,8.88901,0.65976,0.20932,2.73636,1.63576
73,1,0,1e+08,4383650471955,4383651420556,4383652052493,4383652141705,4383652161677,4383652399397,4383652556033,4383652556061,16,20.8411,9.48601,6.31937,0.89212,0.19972,2.3772,1.56636
74,1,0,1e+08,4383653127070,4383654165408,4383654817253,4383654930797,4383654951201,4383655189873,4383655339597,4383655339621,16,22.1255,10.3834,6.51845,1.13544,0.20404,2.38672,1.49724
75,1,0,1e+08,4383655858533,4383656551361,4383657456562,4383657630102,4383657654046,4383657905242,4383658043890,4383658043922,16,21.8539,6.92828,9.05201,1.7354,0.23944,2.51196,1.38648
76,1,0,1e+08,4383658595360,4383659091534,4383660153840,4383660315820,4383660342880,4383660618404,4383660759180,4383660759204,16,21.6384,4.96174,10.6231,1.6198,0.2706,2.75524,1.40776
77,1,0,1e+08,4383661401900,4383661648372,4383661949368,4383662007856,4383662071848,4383662227360,4383662370332,4383662370356,16,9.68456,2.46472,3.00996,0.58488,0.63992,1.55512,1.42972
78,1,0,1e+08,4383663314567,4383663604635,4383663908215,4383663976851,4383664002951,4383664169475,4383664306875,4383664306895,16,9.92328,2.90068,3.0358,0.68636,0.261,1.66524,1.374
79,1,0,1e+08,4383664963298,4383665673736,4383666557262,4383666710386,4383666728818,4383666979754,4383667118054,4383667118158,16,21.5486,7.10438,8.83526,1.53124,0.18432,2.50936,1.383
80,1,0,1e+08,4383667723047,4383667977751,4383668275223,4383668334763,4383668372307,4383668572607,4383668696471,4383668696491,16,9.73444,2.54704,2.97472,0.5954,0.37544,2.003,1.23864
81,1,0,1e+08,4383669513153,4383669744390,4383670045166,4383670108114,4383670124870,4383670284198,4383670408602,4383670408626,16,8.95473,2.31237,3.00776,0.62948,0.16756,1.59328,1.24404
82,1,0,1e+08,4383671231639,4383673008838,4383673655954,4383673726798,4383673749814,4383673984634,4383674122530,4383674122554,16,28.9092,17.772,6.47116,0.70844,0.23016,2.3482,1.37896
83,1,0,1e+08,4383674149782,4383674367922,4383674696410,4383674766994,4383674805502,4383674969570,4383675182038,4383675182062,16,10.3228,2.1814,3.28488,0.70584,0.38508,1.64068,2.12468
84,1,0,1e+08,4383675922051,4383676167788,4383676464136,4383676522640,4383676541260,4383676700720,4383676825220,4383676825244,16,9.03193,2.45737,2.96348,0.58504,0.1862,1.5946,1.245
85,1,0,1e+08,4383677774675,4383678051033,4383678382149,4383678444441,4383678498153,4383678654465,4383678793813,4383678793837,16,10.1916,2.76358,3.31116,0.62292,0.53712,1.56312,1.39348
86,1,0,1e+08,4383679742277,4383680335051,4383680662747,4383680733935,4383680753727,4383680909319,4383681030727,4383681030747,16,12.8847,5.92774,3.27696,0.71188,0.19792,1.55592,1.21408
87,1,0,1e+08,4383681716655,4383682023420,4383683167105,4383683230545,4383683262961,4383683548789,4383683690493,4383683690529,16,19.7387,3.06765,11.4368,0.6344,0.32416,2.85828,1.41704
88,1,0,1e+08,4383684452185,4383685294207,4383685606207,4383685693691,4383685713879,4383685873867,4383686043787,4383686043807,16,15.9162,8.42022,3.12,0.87484,0.20188,1.59988,1.6992
89,1,0,1e+08,4383686295433,4383687183922,4383687974338,4383688111202,4383688127486,4383688379950,4383688521810,4383688521842,16,22.2641,8.88489,7.90416,1.36864,0.16284,2.52464,1.4186
90,1,0,1e+08,4383689550143,4383690497578,4383690922650,4383691038286,4383691056778,4383691219038,4383691383554,4383691383574,16,18.3343,9.47435,4.25072,1.15636,0.18492,1.6226,1.64516
91,1,0,1e+08,4383691496406,4383691697766,4383692000162,4383692060538,4383692099418,4383692260086,4383692400638,4383692400666,16,9.0426,2.0136,3.02396,0.60376,0.3888,1.60668,1.40552
92,1,0,1e+08,4383693319129,4383695161358,4383696373505,4383696434717,4383696451185,4383696756873,4383696913597,4383696913629,16,35.945,18.4223,12.1215,0.61212,0.16468,3.05688,1.56724
93,1,0,1e+08,4383696949505,4383697244757,4383697621533,4383697710513,4383697784701,4383697946173,4383698107729,4383698107753,16,11.5825,2.95252,3.76776,0.8898,0.74188,1.61472,1.61556
94,1,0,1e+08,4383698143629,4383698865504,4383699756425,4383699817921,4383699869445,4383700173421,4383700319473,4383700319501,16,21.7587,7.21875,8.90921,0.61496,0.51524,3.03976,1.46052
95,1,0,1e+08,4383700889172,4383701450835,4383702427736,4383702495696,4383702516168,4383702791288,4383702962688,4383702962720,16,20.7355,5.61663,9.76901,0.6796,0.20472,2.7512,1.714
96,1,0,1e+08,4383703990961,4383704968168,4383705609029,4383705674721,4383705708589,4383705951657,4383706083361,4383706083385,16,20.9242,9.77207,6.40861,0.65692,0.33868,2.43068,1.31704
97,1,0,1e+08,4383706784460,4383707456751,4383708355549,4383708428593,4383708446845,4383708711033,4383708842121,4383708842153,16,20.5769,6.72291,8.98798,0.73044,0.18252,2.64188,1.31088
98,1,0,1e+08,4383709505943,4383709755291,4383710054979,4383710112991,4383710131227,4383710298195,4383710468135,4383710468155,16,9.62212,2.49348,2.99688,0.58012,0.18236,1.66968,1.6994
99,1,0,1e+08,4383711562603,4383712117682,4383713118956,4383713238128,4383713256176,4383713534360,4383713670212,4383713670248,16,21.0765,5.55079,10.0127,1.19172,0.18048,2.78184,1.35852
100,1,0,1e+08,4383714414861,4383715049122,4383715945215,4383716118771,4383716137527,4383716404835,4383716538439,4383716538463,16,21.236,6.34261,8.96093,1.73556,0.18756,2.67308,1.33604
101,1,0,1e+08,4383717215068,4383717464825,4383717761841,4383717815501,4383717831861,4383717992033,4383718155873,4383718155897,16,9.40829,2.49757,2.97016,0.5366,0.1636,1.60172,1.6384
102,1,0,1e+08,4383719270714,4383719747199,4383720801096,4383720870936,4383720890908,4383721168284,4383721297980,4383721298008,16,20.2729,4.76485,10.539,0.6984,0.19972,2.77376,1.29696
103,1,0,1e+08,4383722024053,4383722738919,4383723635508,4383723728400,4383723769020,4383724036384,4383724210748,4383724210784,16,21.8673,7.14866,8.96589,0.92892,0.4062,2.67364,1.74364
104,1,0,1e+08,4383724852672,4383725795768,4383726465717,4383726536837,4383726556117,4383726803801,4383726937049,4383726937073,16,20.844,9.43096,6.69949,0.7112,0.1928,2.47684,1.33248
105,1,0,1e+08,4383727488434,4383727948892,4383729051766,4383729202698,4383729227614,4383729502490,4383729667326,4383729667362,16,21.7893,4.60458,11.0287,1.50932,0.24916,2.74876,1.64836
106,1,0,1e+08,4383730427685,4383731152797,4383731909749,4383732060937,4383732087261,4383732376133,4383732538937,4383732538961,16,21.1128,7.25112,7.56952,1.51188,0.26324,2.88872,1.62804
107,1,0,1e+08,4383733105111,4383733351853,4383733650321,4383733709269,4383733726161,4383733886025,4383734011137,4383734011161,16,9.0605,2.46742,2.98468,0.58948,0.16892,1.59864,1.25112
108,1,0,1e+08,4383735054744,4383735627964,4383736539948,4383736607972,4383736677240,4383736939800,4383737072140,4383737072164,16,20.1742,5.7322,9.11984,0.68024,0.69268,2.6256,1.3234
109,1,0,1e+08,4383737822005,4383738835850,4383739499512,4383739574616,4383739594508,4383739843456,4383740009944,4383740009972,16,21.8797,10.1385,6.63662,0.75104,0.19892,2.48948,1.66488
110,1,0,1e+08,4383740529212,4383741433761,4383742211197,4383742280129,4383742300781,4383742557993,4383742688989,4383742689017,16,21.5981,9.04549,7.77436,0.68932,0.20652,2.57212,1.30996
111,1,0,1e+08,4383743442832,4383744299990,4383745082874,4383745210322,4383745229206,4383745480754,4383745615654,4383745615686,16,21.7285,8.57158,7.82884,1.27448,0.18884,2.51548,1.349
112,1,0,1e+08,4383746284375,4383747087168,4383747880513,4383748044173,4383748065417,4383748317161,4383748448653,4383748448677,16,21.643,8.02793,7.93345,1.6366,0.21244,2.51744,1.31492
113,1,0,1e+08,4383749102631,4383749433575,4383749732043,4383749791627,4383749825663,4383750707276,4383750917867,4383750917927,16,18.153,3.30944,2.98468,0.59584,0.34036,8.81613,2.10591
114,1,0,1e+08,4383752121420,4383752344464,4383752652444,4383752711804,4383752771444,4383752987672,4383753138776,4383753138796,16,10.1738,2.23044,3.0798,0.5936,0.5964,2.16228,1.51104
115,1,0,1e+08,4383754144329,4383754821322,4383755745801,4383755818413,4383755868945,4383756139441,4383756300637,4383756300669,16,21.5634,6.76993,9.24479,0.72612,0.50532,2.70496,1.61196
116,1,0,1e+08,4383757061691,4383757892559,4383758680608,4383758743192,4383758783816,4383759050248,4383759273924,4383759273952,16,22.1226,8.30868,7.88049,0.62584,0.40624,2.66432,2.23676
117,1,0,1e+08,4383759921297,4383760145293,4383760443561,4383760502673,4383760525809,4383760681445,4383760813465,4383760813493,16,8.92196,2.23996,2.98268,0.59112,0.23136,1.55636,1.3202
118,1,0,1e+08,4383761933643,4383762529807,4383763500912,4383763638572,4383763655292,4383763934332,4383764086944,4383764086972,16,21.5333,5.96164,9.71105,1.3766,0.1672,2.7904,1.52612
119,1,0,1e+08,4383764846913,4383765664021,4383766412696,4383766559544,4383766577948,4383766840256,4383767025824,4383767025856,16,21.7894,8.17108,7.48675,1.46848,0.18404,2.62308,1.85568
120,1,0,1e+08,4383767955732,4383768518407,4383769437862,4383769602054,4383769623362,4383769881782,4383770045918,4383770045946,16,20.9021,5.62675,9.19455,1.64192,0.21308,2.5842,1.64136
121,1,0,1e+08,4383770594894,4383771382146,4383772126138,4383772318782,4383772343674,4383772596930,4383772745530,4383772745562,16,21.5067,7.87252,7.43992,1.92644,0.24892,2.53256,1.486
122,1,0,1e+08,4383773321416,4383773819121,4383774825284,4383774941452,4383774975644,4383775300848,4383775438312,4383775438340,16,21.1692,4.97705,10.0616,1.16168,0.34192,3.25204,1.37464
123,1,0,1e+08,4383776057420,4383776771627,4383777665257,4383777741965,4383777761961,4383778041009,4383778200613,4383778200645,16,21.4322,7.14207,8.9363,0.76708,0.19996,2.79048,1.59604
124,1,0,1e+08,4383778711664,4383778951658,4383779247310,4383779304746,4383779325014,4383779490046,4383779663966,4383779663986,16,9.52322,2.39994,2.95652,0.57436,0.20268,1.65032,1.7392
125,1,0,1e+08,4383780632400,4383780851478,4383781173562,4383781253390,4383781303858,4383781518922,4383781656706,4383781656730,16,10.2433,2.19078,3.22084,0.79828,0.50468,2.15064,1.37784
126,1,0,1e+08,4383782512308,4383782911349,4383783992474,4383784056250,4383784077358,4383784405918,4383784579386,4383784579410,16,20.671,3.99041,10.8112,0.63776,0.21108,3.2856,1.73468
127,1,0,1e+08,4383785379026,4383786053026,4383786956142,4383787037766,4383787057826,4383787340070,4383787558186,4383787558218,16,21.7919,6.74,9.03116,0.81624,0.2006,2.82244,2.18116
128,1,0,1e+08,4383788208825,4383788789288,4383789657265,4383789732753,4383789756581,4383790027789,4383790189097,4383790189121,16,19.803,5.80463,8.67977,0.75488,0.23828,2.71208,1.61308
129,1,0,1e+08,4383791008340,4383791563666,4383792655825,4383792737413,4383792761177,4383793042661,4383793179373,4383793179409,16,21.7107,5.55326,10.9216,0.81588,0.23764,2.81484,1.36712
130,1,0,1e+08,4383793992143,4383794192571,4383794491067,4383794547807,4383794567399,4383794727083,4383794889495,4383794889515,16,8.97372,2.00428,2.98496,0.5674,0.19592,1.59684,1.62412
131,1,0,1e+08,4383796126460,4383796413076,4383796728456,4383796810172,4383796855288,4383797061712,4383797243164,4383797243188,16,11.1673,2.86616,3.1538,0.81716,0.45116,2.06424,1.81452
132,1,0,1e+08,4383798197383,4383798833145,4383799743624,4383799863996,4383799903476,4383800211564,4383800359952,4383800359980,16,21.626,6.35762,9.10479,1.20372,0.3948,3.08088,1.48388
133,1,0,1e+08,4383800985337,4383801846306,4383802611002,4383802689170,4383802710450,4383802972146,4383803148906,4383803148938,16,21.636,8.60969,7.64696,0.78168,0.2128,2.61696,1.7676
134,1,0,1e+08,4383803799829,4383804500580,4383805372841,4383805450645,4383805479353,4383805742237,4383805875217,4383805875245,16,20.7542,7.00751,8.72261,0.77804,0.28708,2.62884,1.3298
135,1,0,1e+08,4383806626190,4383806844422,4383807141782,4383807212978,4383807231254,4383807391110,4383807559842,4383807559866,16,9.33676,2.18232,2.9736,0.71196,0.18276,1.59856,1.68732
136,1,0,1e+08,4383808455233,4383809317413,4383810037910,4383810176406,4383810203222,4383810464566,4383810599918,4383810599942,16,21.4471,8.6218,7.20497,1.38496,0.26816,2.61344,1.35352
137,1,0,1e+08,4383811233616,4383811874928,4383812765334,4383812901482,4383812923378,4383813175270,4383813310350,4383813310382,16,20.7677,6.41312,8.90406,1.36148,0.21896,2.51892,1.3508
138,1,0,1e+08,4383814111737,4383814436266,4383815635922,4383815782682,4383815805658,4383816081318,4383816218278,4383816218306,16,21.0657,3.24529,11.9966,1.4676,0.22976,2.7566,1.3696
139,1,0,1e+08,4383817048242,4383817862961,4383818621324,4383818710576,4383818770648,4383819017368,4383819160596,4383819160628,16,21.1239,8.14719,7.58363,0.89252,0.60072,2.4672,1.43228
140,1,0,1e+08,4383819847886,4383820528990,4383821367698,4383821434714,4383821456830,4383821740418,4383821928662,4383821928690,16,20.808,6.81104,8.38708,0.67016,0.22116,2.83588,1.88244
141,1,0,1e+08,4383822607187,4383822828427,4383823980392,4383824048345,4383824082417,4383824410493,4383824583149,4383824583185,16,19.76,2.2124,11.5196,0.67953,0.34072,3.28076,1.72656
142,1,0,1e+08,4383825439269,4383825924560,4383826924358,4383827008726,4383827031534,4383827305574,4383827468862,4383827468890,16,20.2962,4.85291,9.99798,0.84368,0.22808,2.7404,1.63288
143,1,0,1e+08,4383828245637,4383829019679,4383829877721,4383829963469,4383830001521,4383830273305,4383830401701,4383830401805,16,21.5617,7.74042,8.58042,0.85748,0.38052,2.71784,1.28396
144,1,0,1e+08,4383831068629,4383831356065,4383831652645,4383831711197,4383831733973,4383831888641,4383832026105,4383832026125,16,9.57496,2.87436,2.9658,0.58552,0.22776,1.54668,1.37464
145,1,0,1e+08,4383833032199,4383833267633,4383833568025,4383833630901,4383833650865,4383833807933,4383833928645,4383833928669,16,8.9647,2.35434,3.00392,0.62876,0.19964,1.57068,1.20712
146,1,0,1e+08,4383834944823,4383835166531,4383836355264,4383836427444,4383836454388,4383836810372,4383836971436,4383836971468,16,20.2664,2.21708,11.8873,0.7218,0.26944,3.55984,1.61064
147,1,0,1e+08,4383837938821,4383838535229,4383839458362,4383839531090,4383839552086,4383839823130,4383839987770,4383839987802,16,20.4898,5.96408,9.23133,0.72728,0.20996,2.71044,1.6464
148,1,0,1e+08,4383840824422,4383841834488,4383842458196,4383842525372,4383842555996,4383842814836,4383842956664,4383842956692,16,21.3227,10.1007,6.23708,0.67176,0.30624,2.5884,1.41828
149,1,0,1e+08,4383843902760,4383844632517,4383845482557,4383845560509,4383845580737,4383845839781,4383845977885,4383845977917,16,20.7516,7.29757,8.5004,0.77952,0.20228,2.59044,1.38104
150,1,0,1e+08,4383847314965,4383847769891,4383848815938,4383848877166,4383848909970,4383849194202,4383849331410,4383849331438,16,20.1647,4.54926,10.4605,0.61228,0.32804,2.84232,1.37208
151,1,0,1e+08,4383850348622,4383851221641,4383851952028,4383852012308,4383852032800,4383852284656,4383852411564,4383852411596,16,20.6297,8.73019,7.30387,0.6028,0.20492,2.51856,1.26908
152,1,0,1e+08,4383853307644,4383854000424,4383854874601,4383854962009,4383854989217,4383855249777,4383855378709,4383855378737,16,20.7109,6.9278,8.74177,0.87408,0.27208,2.6056,1.28932
153,1,0,1e+08,4383856337346,4383857229288,4383857901425,4383857987761,4383858020081,4383858259173,4383858382417,4383858382449,16,20.451,8.91942,6.72137,0.86336,0.3232,2.39092,1.23244
154,1,0,1e+08,4383859317261,4383859816573,4383860871417,4383860953625,4383860991105,4383861276109,4383861408673,4383861408701,16,20.9144,4.99312,10.5484,0.82208,0.3748,2.85004,1.32564
155,1,0,1e+08,4383862348603,4383862953515,4383863985428,4383864065424,4383864081340,4383864358676,4383864481396,4383864481432,16,21.3283,6.04912,10.3191,0.79996,0.15916,2.77336,1.2272
156,1,0,1e+08,4383865154529,4383866069099,4383866813230,4383866905054,4383866954974,4383867201786,4383867330502,4383867330530,16,21.76,9.1457,7.44131,0.91824,0.4992,2.46812,1.28716
157,1,0,1e+08,4383868100089,4383868946821,4383869763304,4383869925056,4383869945008,4383870197512,4383870322276,4383870322312,16,22.2222,8.46732,8.16483,1.61752,0.19952,2.52504,1.24764
158,1,0,1e+08,4383871031141,4383871827404,4383872606072,4383872770932,4383872796644,4383873040792,4383873161180,4383873161204,16,21.3006,7.96263,7.78668,1.6486,0.25712,2.44148,1.20388
159,1,0,1e+08,4383873826325,4383874055446,4383874355642,4383874414426,4383874435270,4383874594098,4383874761706,4383874761734,16,9.35409,2.29121,3.00196,0.58784,0.20844,1.58828,1.67608
160,1,0,1e+08,4383875863422,4383876687385,4383877541062,4383877639142,4383877673186,4383877985914,4383878141654,4383878141678,16,22.7826,8.23963,8.53677,0.9808,0.34044,3.12728,1.5574
161,1,0,1e+08,4383878967108,4383879934389,4383880655523,4383880728463,4383880748083,4383881048751,4383881175643,4383881175675,16,22.0857,9.67281,7.21134,0.7294,0.1962,3.00668,1.26892
162,1,0,1e+08,4383881855324,4383882486720,4383883447225,4383883524005,4383883546949,4383883810673,4383883933201,4383883933225,16,20.779,6.31396,9.60505,0.7678,0.22944,2.63724,1.22528
163,1,0,1e+08,4383884664366,4383885455225,4383886217139,4383886305511,4383886327699,4383886577403,4383886696247,4383886696279,16,20.3191,7.90859,7.61914,0.88372,0.22188,2.49704,1.18844
164,1,0,1e+08,4383887475040,4383888441504,4383889066560,4383889152040,4383889176576,4383889406036,4383889522012,4383889522040,16,20.47,9.66464,6.25056,0.8548,0.24536,2.2946,1.15976
165,1,0,1e+08,4383890314220,4383890587382,4383890892610,4383890974202,4383890991254,4383891156262,4383891320810,4383891320838,16,10.0662,2.73162,3.05228,0.81592,0.17052,1.65008,1.64548
166,1,0,1e+08,4383892201374,4383892468394,4383892770318,4383892834234,4383892861762,4383893017566,4383893139934,4383893139954,16,9.3858,2.6702,3.01924,0.63916,0.27528,1.55804,1.22368
167,1,0,1e+08,4383894184898,4383895039304,4383895807346,4383895872058,4383895905746,4383896167942,4383896333310,4383896333342,16,21.4844,8.54406,7.68042,0.64712,0.33688,2.62196,1.65368
168,1,0,1e+08,4383897161594,4383897799072,4383898664341,4383898741305,4383898766729,4383899038093,4383899202581,4383899202605,16,20.4101,6.37478,8.65269,0.76964,0.25424,2.71364,1.64488
169,1,0,1e+08,4383899902763,4383900106775,4383900409315,4383900468079,4383900488799,4383900644827,4383900770999,4383900771023,16,8.6826,2.04012,3.0254,0.58764,0.2072,1.56028,1.26172
170,1,0,1e+08,4383901844590,4383902384903,4383903467506,4383903594174,4383903622442,4383903908190,4383904076930,4383904076958,16,22.3237,5.40313,10.826,1.26668,0.28268,2.85748,1.6874
171,1,0,1e+08,4383904734471,4383905286382,4383906248080,4383906388588,4383906416500,4383906678072,4383906840404,4383906840436,16,21.0596,5.51911,9.61698,1.40508,0.27912,2.61572,1.62332
172,1,0,1e+08,4383907503019,4383908148554,4383908979913,4383909083257,4383909126069,4383909442397,4383909563529,4383909563557,16,20.6054,6.45535,8.31359,1.03344,0.42812,3.16328,1.21132
173,1,0,1e+08,4383910227940,4383910472890,4383910783518,4383910846598,4383910881094,4383911036750,4383911175438,4383911175462,16,9.47522,2.4495,3.10628,0.6308,0.34496,1.55656,1.38688
174,1,0,1e+08,4383912229319,4383913305056,4383913952658,4383914039822,4383914059610,4383914297646,4383914460686,4383914460710,16,22.3139,10.7574,6.47602,0.87164,0.19788,2.38036,1.6304
175,1,0,1e+08,4383915056543,4383916155789,4383916750318,4383916825978,4383916870866,4383917094122,4383917216690,4383917216718,16,21.6017,10.9925,5.94529,0.7566,0.44888,2.23256,1.22568
176,1,0,1e+08,4383917734661,4383918425819,4383919272012,4383919431724,4383919453032,4383919707040,4383919869812,4383919869836,16,21.3517,6.91158,8.46193,1.59712,0.21308,2.54008,1.62772
177,1,0,1e+08,4383920444471,4383920921739,4383922047133,4383922214969,4383922240481,4383922522569,4383922655937,4383922655969,16,22.115,4.77268,11.2539,1.67836,0.25512,2.82088,1.33368
178,1,0,1e+08,4383923415998,4383923654620,4383923962280,4383924023596,4383924044728,4383924199748,4383924347388,4383924347408,16,9.3141,2.38622,3.0766,0.61316,0.21132,1.5502,1.4764
179,1,0,1e+08,4383925368084,4383926128530,4383926953570,4383927014022,4383927092922,4383927382706,4383927552450,4383927552478,16,21.8439,7.60446,8.2504,0.60452,0.789,2.89784,1.69744
180,1,0,1e+08,4383928683271,4383929030580,4383930168646,4383930249086,4383930269798,4383930549218,4383930673050,4383930673078,16,19.8981,3.47309,11.3807,0.8044,0.20712,2.7942,1.23832
181,1,0,1e+08,4383931428520,4383932473072,4383933127792,4383933199360,4383933214136,4383933472644,4383933620088,4383933620116,16,21.916,10.4455,6.5472,0.71568,0.14776,2.58508,1.47444
182,1,0,1e+08,4383934157224,4383934377052,4383934675860,4383934735264,4383934774008,4383934936996,4383935064232,4383935064256,16,9.07032,2.19828,2.98808,0.59404,0.38744,1.62988,1.27236
183,1,0,1e+08,4383936220701,4383936455419,4383936752939,4383936811983,4383936827999,4383936982847,4383937151767,4383937151795,16,9.31094,2.34718,2.9752,0.59044,0.16016,1.54848,1.6892
184,1,0,1e+08,4383938288226,4383938534802,4383938836086,4383938907634,4383938934998,4383939106762,4383939240746,4383939240770,16,9.52544,2.46576,3.01284,0.71548,0.27364,1.71764,1.33984
185,1,0,1e+08,4383940308038,4383940616206,4383940915154,4383940974686,4383941009522,4383941169678,4383941310702,4383941310726,16,10.0269,3.08168,2.98948,0.59532,0.34836,1.60156,1.41024
186,1,0,1e+08,4383942229102,4383943128382,4383943850309,4383944021037,4383944037561,4383944295089,4383944442449,4383944442473,16,22.1337,8.9928,7.21927,1.70728,0.16524,2.57528,1.4736
187,1,0,1e+08,4383944912332,4383945532881,4383946459330,4383946560298,4383946650410,4383946962162,4383947137982,4383947138014,16,22.2568,6.20549,9.26449,1.00968,0.90112,3.11752,1.7582
188,1,0,1e+08,4383947888658,4383948146431,4383948448323,4383948506467,4383948532303,4383948688739,4383948812287,4383948812311,16,9.23653,2.57773,3.01892,0.58144,0.25836,1.56436,1.23548
189,1,0,1e+08,4383949914600,4383950148192,4383950462408,4383950520700,4383950535912,4383950702504,4383950837576,4383950837600,16,9.23,2.33592,3.14216,0.58292,0.15212,1.66592,1.35072
190,1,0,1e+08,4383951685130,4383952226138,4383953280454,4383953420402,4383953438574,4383953708506,4383953864382,4383953864406,16,21.7928,5.41008,10.5432,1.39948,0.18172,2.69932,1.55876
191,1,0,1e+08,4383954282370,4383954541234,4383954843758,4383954919562,4383954941534,4383955110134,4383955279298,4383955279322,16,9.96952,2.58864,3.02524,0.75804,0.21972,1.686,1.69164
192,1,0,1e+08,4383956311674,4383956943158,4383957850734,4383957914026,4383957985562,4383958252026,4383958439050,4383958439074,16,21.274,6.31484,9.07576,0.63292,0.71536,2.66464,1.87024
193,1,0,1e+08,4383958965938,4383960027346,4383960666006,4383960755086,4383960775270,4383961012890,4383961218338,4383961218366,16,22.5243,10.6141,6.3866,0.8908,0.20184,2.3762,2.05448
194,1,0,1e+08,4383961696953,4383962313283,4383963250953,4383963353473,4383963371845,4383963694337,4383963867213,4383963867237,16,21.7028,6.1633,9.3767,1.0252,0.18372,3.22492,1.72876
195,1,0,1e+08,4383964441239,4383964890424,4383965918106,4383966049982,4383966074566,4383966388014,4383966561050,4383966561082,16,21.1984,4.49185,10.2768,1.31876,0.24584,3.13448,1.73036
196,1,0,1e+08,4383967177481,4383967718438,4383968769642,4383968921118,4383968947178,4383969218262,4383969377222,4383969377250,16,21.9977,5.40957,10.512,1.51476,0.2606,2.71084,1.5896
197,1,0,1e+08,4383969947912,4383970611746,4383971486513,4383971675537,4383971698889,4383971948801,4383972101393,4383972101425,16,21.5351,6.63834,8.74767,1.89024,0.23352,2.49912,1.52592
198,1,0,1e+08,4383972627557,4383973129424,4383974131228,4383974210236,4383974231564,4383974516260,4383974687444,4383974687468,16,20.5991,5.01867,10.018,0.79008,0.21328,2.84696,1.71184
199,1,0,1e+08,4383975452800,4383976034766,4383977039336,4383977138992,4383977185688,4383977461796,4383977636104,4383977636136,16,21.8334,5.81966,10.0457,0.99656,0.46696,2.76108,1.74308
200,1,0,1e+08,4383978329264,4383978937673,4383979858115,4383979933463,4383979966687,4383980230735,4383980362039,4383980362067,16,20.328,6.08409,9.20442,0.75348,0.33224,2.64048,1.31304
201,1,0,1e+08,4383981053188,4383982004217,4383982645450,4383982712218,4383982729590,4383982977250,4383983104586,4383983104618,16,20.5143,9.51029,6.41233,0.66768,0.17372,2.4766,1.27336
202,1,0,1e+08,4383983916918,4383984823664,4383985607137,4383985683093,4383985716357,4383985982809,4383986175821,4383986175849,16,22.5893,9.06746,7.83473,0.75956,0.33264,2.66452,1.93012
203,1,0,1e+08,4383986712282,4383987299457,4383988296389,4383988360705,4383988435141,4383988712997,4383988882625,4383988882657,16,21.7037,5.87175,9.96932,0.64316,0.74436,2.77856,1.69628
204,1,0,1e+08,4383989632270,4383990415264,4383991281348,4383991427780,4383991452524,4383991709852,4383991882964,4383991882992,16,22.5072,7.82994,8.66084,1.46432,0.24744,2.57328,1.73112
205,1,0,1e+08,4383992494447,4383993331581,4383994108454,4383994260910,4383994283674,4383994544958,4383994679578,4383994679614,16,21.8517,8.37134,7.76873,1.52456,0.22764,2.61284,1.3462
206,1,0,1e+08,4383995317840,4383995551662,4383995854886,4383995915458,4383995934838,4383996089642,4383996210098,4383996210118,16,8.92278,2.33822,3.03224,0.60572,0.1938,1.54804,1.20456
207,1,0,1e+08,4383997301222,4383997999669,4383998874149,4383998949789,4383998972013,4383999242113,4383999468137,4383999468237,16,21.6701,6.98447,8.7448,0.7564,0.22224,2.701,2.26024
208,1,0,1e+08,4384000052403,4384000319059,4384000622935,4384000682199,4384000709043,4384000864811,4384000997719,4384000997739,16,9.45336,2.66656,3.03876,0.59264,0.26844,1.55768,1.32908
209,1,0,1e+08,4384002055715,4384002814906,4384003602574,4384003720890,4384003738366,4384003992398,4384004139446,4384004139478,16,20.8376,7.59191,7.87668,1.18316,0.17476,2.54032,1.47048
210,1,0,1e+08,4384005169798,4384005872038,4384006692273,4384006817401,4384006842661,4384007101649,4384007282545,4384007282569,16,21.1277,7.0224,8.20235,1.25128,0.2526,2.58988,1.80896
211,1,0,1e+08,4384007825225,4384008843224,4384009470477,4384009587241,4384009611349,4384009846685,4384010056901,4384010056929,16,22.317,10.18,6.27253,1.16764,0.24108,2.35336,2.10216
212,1,0,1e+08,4384010517628,4384011454966,4384012077238,4384012210130,4384012237626,4384012469690,4384012636390,4384012636410,16,21.1878,9.37338,6.22272,1.32892,0.27496,2.32064,1.667
213,1,0,1e+08,4384013176502,4384013806482,4384014676804,4384014767748,4384014791332,4384015064568,4384015268684,4384015268712,16,20.9221,6.2998,8.70322,0.90944,0.23584,2.73236,2.04116
214,1,0,1e+08,4384015841477,4384016071717,4384017187038,4384017265778,4384017286098,4384017645786,4384017819838,4384017819870,16,19.7839,2.3024,11.1532,0.7874,0.2032,3.59688,1.74052
215,1,0,1e+08,4384018707778,4384019309860,4384020256806,4384020350378,4384020374506,4384020635378,4384020755558,4384020755590,16,20.4781,6.02082,9.46946,0.93572,0.24128,2.60872,1.2018
216,1,0,1e+08,4384021469454,4384022365133,4384023013809,4384023108873,4384023153817,4384023395053,4384023523009,4384023523037,16,20.5358,8.95679,6.48676,0.95064,0.44944,2.41236,1.27956
217,1,0,1e+08,4384024069761,4384025185960,4384025844630,4384025923930,4384025959226,4384026221650,4384026366062,4384026366090,16,22.9633,11.162,6.5867,0.793,0.35296,2.62424,1.44412
218,1,0,1e+08,4384026718405,4384027318278,4384028254498,4384028413866,4384028432818,4384028691158,4384028861130,4384028861154,16,21.4275,5.99873,9.3622,1.59368,0.18952,2.5834,1.69972
219,1,0,1e+08,4384029415424,4384029833354,4384030908788,4384031054944,4384031077304,4384031344208,4384031518856,4384031518892,16,21.0347,4.1793,10.7543,1.46156,0.2236,2.66904,1.74648
220,1,0,1e+08,4384032202981,4384032819148,4384033750457,4384033851865,4384033896185,4384034215997,4384034385185,4384034385209,16,21.8223,6.16167,9.31309,1.01408,0.4432,3.19812,1.69188
221,1,0,1e+08,4384034893712,4384035432968,4384036436027,4384036521963,4384036563151,4384036847295,4384037060899,4384037060931,16,21.6722,5.39256,10.0306,0.85936,0.41188,2.84144,2.13604
222,1,0,1e+08,4384037686641,4384038509362,4384039242617,4384039336285,4384039369521,4384039622669,4384039781341,4384039781365,16,20.9472,8.22721,7.33255,0.93668,0.33236,2.53148,1.58672
223,1,0,1e+08,4384040271453,4384041081484,4384041774356,4384041854120,4384041876716,4384042130516,4384042334020,4384042334052,16,20.626,8.10031,6.92872,0.79764,0.22596,2.538,2.03504
224,1,0,1e+08,4384042799098,4384043532348,4384044301006,4384044459462,4384044479950,4384044742454,4384044909686,4384044909714,16,21.1062,7.3325,7.68658,1.58456,0.20488,2.62504,1.67232
225,1,0,1e+08,4384045515009,4384045724363,4384046027187,4384046087287,4384046108291,4384046647071,4384047040224,4384047040284,16,15.2528,2.09354,3.02824,0.601,0.21004,5.3878,3.93153
226,1,0,1e+08,4384048278257,4384048544357,4384048853829,4384048913265,4384048977353,4384049188217,4384049324349,4384049324369,16,10.4611,2.661,3.09472,0.59436,0.64088,2.10864,1.36132
227,1,0,1e+08,4384050166664,4384050728880,4384051733562,4384051806810,4384051824054,4384052099598,4384052267946,4384052267982,16,21.0132,5.62216,10.0468,0.73248,0.17244,2.75544,1.68348
228,1,0,1e+08,4384052937739,4384053157975,4384054348872,4384054418364,4384054437172,4384054753004,4384054912624,4384054912656,16,19.7492,2.20236,11.909,0.69492,0.18808,3.15832,1.5962
229,1,0,1e+08,4384055589929,4384056519875,4384057304250,4384057383902,4384057406410,4384057669994,4384057843222,4384057843250,16,22.5332,9.29946,7.84375,0.79652,0.22508,2.63584,1.73228
230,1,0,1e+08,4384058403860,4384058977667,4384059943948,4384060112040,4384060137548,4384060396004,4384060559960,4384060559984,16,21.5612,5.73807,9.66281,1.68092,0.25508,2.58456,1.63956
231,1,0,1e+08,4384061190983,4384061603983,4384062772630,4384062920670,4384062943606,4384063216986,4384063385894,4384063385926,16,21.9494,4.13,11.6865,1.4804,0.22936,2.7338,1.68908
232,1,0,1e+08,4384064009921,4384064243077,4384064540425,4384064599461,4384064638589,4384064802345,4384064942541,4384064942561,16,9.3264,2.33156,2.97348,0.59036,0.39128,1.63756,1.40196
233,1,0,1e+08,4384065919235,4384066162603,4384066461915,4384066521139,4384066539895,4384066695991,4384066836471,4384066836495,16,9.1726,2.43368,2.99312,0.59224,0.18756,1.56096,1.4048
234,1,0,1e+08,4384067765520,4384068092334,4384068403282,4384068471770,4384068515614,4384068671758,4384068798898,4384068798918,16,10.334,3.26814,3.10948,0.68488,0.43844,1.56144,1.2714
235,1,0,1e+08,4384069488968,4384070223353,4384071007541,4384071073977,4384071117345,4384071430109,4384071612633,4384071612661,16,21.2369,7.34385,7.84188,0.66436,0.43368,3.12764,1.82524
236,1,0,1e+08,4384072193451,4384072823510,4384073822981,4384073891725,4384073964941,4384074251817,4384074409845,4384074409869,16,22.1642,6.30059,9.99471,0.68744,0.73216,2.86876,1.58028
237,1,0,1e+08,4384075197864,4384075484845,4384075789997,4384075848917,4384075866157,4384076021209,4384076163053,4384076163077,16,9.65213,2.86981,3.05152,0.5892,0.1724,1.55052,1.41844
238,1,0,1e+08,4384077195746,4384078115081,4384078846432,4384078943460,4384078961000,4384079216912,4384079381768,4384079381796,16,21.8605,9.19335,7.31351,0.97028,0.1754,2.55912,1.64856
239,1,0,1e+08,4384080138446,4384080961629,4384081769394,4384081933610,4384081953070,4384082229086,4384082367546,4384082367574,16,22.2913,8.23183,8.07765,1.64216,0.1946,2.76016,1.3846
240,1,0,1e+08,4384083156078,4384083452451,4384083773139,4384083844167,4384083898623,4384084091191,4384084224991,4384084225015,16,10.6894,2.96373,3.20688,0.71028,0.54456,1.92568,1.338
241,1,0,1e+08,4384085001645,4384085790164,4384086597132,4384086656024,4384086677020,4384086980132,4384087139488,4384087139520,16,21.3788,7.88519,8.06968,0.58892,0.20996,3.03112,1.59356
242,1,0,1e+08,4384087916654,4384088617707,4384089481724,4384089544752,4384089564000,4384089829796,4384089985592,4384089985620,16,20.6897,7.01053,8.64017,0.63028,0.19248,2.65796,1.55796
243,1,0,1e+08,4384090685858,4384090973587,4384091278259,4384091342831,4384091383447,4384091588155,4384091714243,4384091714267,16,10.2841,2.87729,3.04672,0.64572,0.40616,2.04708,1.26088
244,1,0,1e+08,4384092421797,4384093254239,4384094009394,4384094123334,4384094140314,4384094394070,4384094586738,4384094586762,16,21.6497,8.32442,7.55155,1.1394,0.1698,2.53756,1.92668
245,1,0,1e+08,4384095179624,4384096020275,4384096859876,4384097031668,4384097051048,4384097319088,4384097469316,4384097469348,16,22.8972,8.40651,8.39601,1.71792,0.1938,2.6804,1.50228
246,1,0,1e+08,4384097946024,4384098174280,4384099372101,4384099520929,4384099539769,4384099837861,4384099978317,4384099978345,16,20.3232,2.28256,11.9782,1.48828,0.1884,2.98092,1.40456
247,1,0,1e+08,4384100797480,4384101077520,4384101394800,4384101461328,4384101482428,4384101704616,4384101839340,4384101839364,16,10.4188,2.8004,3.1728,0.66528,0.211,2.22188,1.34724
248,1,0,1e+08,4384102393477,4384103436490,4384104061246,4384104172642,4384104189354,4384104426046,4384104554446,4384104554470,16,21.6099,10.4301,6.24756,1.11396,0.16712,2.36692,1.284
249,1,0,1e+08,4384105250257,4384106373501,4384107081338,4384107143066,4384107161546,4384107421566,4384107591374,4384107591402,16,23.4115,11.2324,7.07837,0.61728,0.1848,2.6002,1.69808
250,1,0,1e+08,4384108017087,4384108668378,4384109569294,4384109690682,4384109709686,4384109992422,4384110139686,4384110139714,16,21.2263,6.51291,9.00916,1.21388,0.19004,2.82736,1.47264
251,1,0,1e+08,4384110646438,4384111640024,4384112273880,4384112398456,4384112418564,4384112654232,4384112797644,4384112797672,16,21.5123,9.93586,6.33856,1.24576,0.20108,2.35668,1.43412
252,1,0,1e+08,4384114223887,4384114567185,4384115072885,4384115222541,4384115243321,4384115442821,4384115568849,4384115568873,16,13.4499,3.43298,5.057,1.49656,0.2078,1.995,1.26028
253,1,0,1e+08,4384116131481,4384116726275,4384117665346,4384117735542,4384117760142,4384118054642,4384118191322,4384118191354,16,20.5987,5.94794,9.39071,0.70196,0.246,2.945,1.3668
254,1,0,1e+08,4384118849489,4384119457254,4384120372002,4384120454506,4384120474974,4384120745766,4384120915002,4384120915030,16,20.6554,6.07765,9.14748,0.82504,0.20468,2.70792,1.69236
255,1,0,1e+08,4384121598918,4384122192431,4384123151745,4384123223917,4384123249301,4384123516201,4384123649069,4384123649101,16,20.5018,5.93513,9.59314,0.72172,0.25384,2.669,1.32868
256,1,0,1e+08,4384124404066,4384125432141,4384126020133,4384126095465,4384126111981,4384126339701,4384126470781,4384126470805,16,20.6674,10.2807,5.87992,0.75332,0.16516,2.2772,1.3108
257,1,0,1e+08,4384127033364,4384127832084,4384128609263,4384128679103,4384128755287,4384129014607,4384129170327,4384129170359,16,21.3699,7.9872,7.77179,0.6984,0.76184,2.5932,1.5572
258,1,0,1e+08,4384129919633,4384130139125,4384131255161,4384131432685,4384131455461,4384131793153,4384131964553,4384131964581,16,20.4495,2.19492,11.1604,1.77524,0.22776,3.37692,1.714
259,1,0,1e+08,4384132839889,4384133812533,4384134494316,4384134652192,4384134674928,4384134915228,4384135104684,4384135104712,16,22.6482,9.72644,6.81783,1.57876,0.22736,2.403,1.89456
260,1,0,1e+08,4384135596392,4384136402509,4384137251458,4384137378130,4384137398990,4384137665258,4384137803354,4384137803382,16,22.0699,8.06117,8.48949,1.26672,0.2086,2.66268,1.38096
261,1,0,1e+08,4384138400705,4384139106813,4384139913417,4384140016773,4384140073309,4384140373157,4384140510741,4384140510769,16,21.1006,7.06108,8.06604,1.03356,0.56536,2.99848,1.37584
262,1,0,1e+08,4384141087129,4384141948398,4384142768630,4384142855914,4384142885102,4384143197718,4384143324378,4384143324406,16,22.3728,8.61269,8.20232,0.87284,0.29188,3.12616,1.2666
263,1,0,1e+08,4384143936218,4384144175951,4384144476235,4384144535279,4384144575023,4384144735595,4384144861827,4384144861855,16,9.25637,2.39733,3.00284,0.59044,0.39744,1.60572,1.26232
264,1,0,1e+08,4384145802732,4384146347185,4384147256228,4384147450256,4384147470032,4384147721472,4384147893100,4384147893124,16,20.9039,5.44453,9.09043,1.94028,0.19776,2.5144,1.71628
265,1,0,1e+08,4384148525241,4384149395761,4384150136549,4384150252373,4384150274921,4384150532113,4384150698721,4384150698753,16,21.7351,8.7052,7.40788,1.15824,0.22548,2.57192,1.66608
266,1,0,1e+08,4384151341947,4384152355144,4384152979434,4384153125782,4384153147626,4384153377606,4384153542022,4384153542046,16,22.001,10.132,6.2429,1.46348,0.21844,2.2998,1.64416
267,1,0,1e+08,4384154101184,4384154337394,4384154641714,4384154700390,4384154722166,4384154880382,4384155012446,4384155012470,16,9.11286,2.3621,3.0432,0.58676,0.21776,1.58216,1.32064
268,1,0,1e+08,4384156126008,4384156920777,4384157749552,4384157821644,4384157863356,4384158142760,4384158289204,4384158289232,16,21.6322,7.94769,8.28775,0.72092,0.41712,2.79404,1.46444
269,1,0,1e+08,4384158996442,4384159538466,4384160538325,4384160594917,4384160644405,4384160932449,4384161103437,4384161103469,16,21.0703,5.42024,9.99859,0.56592,0.49488,2.88044,1.70988
270,1,0,1e+08,4384162299607,4384162943551,4384163799878,4384163890274,4384163934090,4384164188418,4384164313390,4384164313414,16,20.1381,6.43944,8.56327,0.90396,0.43816,2.54328,1.24972
271,1,0,1e+08,4384164904537,4384165190973,4384165490809,4384165551437,4384165590301,4384165762601,4384165897445,4384165897513,16,9.92976,2.86436,2.99836,0.60628,0.38864,1.723,1.34844
272,1,0,1e+08,4384166817502,4384167578605,4384168445954,4384168616982,4384168638990,4384168914046,4384169123774,4384169123802,16,23.063,7.61103,8.67349,1.71028,0.22008,2.75056,2.09728
273,1,0,1e+08,4384169604218,4384170259971,4384171176221,4384171354537,4384171381449,4384171636229,4384171801105,4384171801137,16,21.9692,6.55753,9.1625,1.78316,0.26912,2.5478,1.64876
274,1,0,1e+08,4384172447823,4384172710555,4384173951655,4384174029635,4384174071831,4384174409303,4384174546375,4384174546399,16,20.9858,2.62732,12.411,0.7798,0.42196,3.37472,1.37072
275,1,0,1e+08,4384175153463,4384175963013,4384176775618,4384176854938,4384176884114,4384177189670,4384177339130,4384177339166,16,21.857,8.0955,8.12605,0.7932,0.29176,3.05556,1.4946
276,1,0,1e+08,4384177898985,4384178616784,4384179458020,4384179549712,4384179600052,4384179890368,4384180024816,4384180024840,16,21.2585,7.17799,8.41236,0.91692,0.5034,2.90316,1.34448
277,1,0,1e+08,4384180705761,4384180911301,4384181216121,4384181274401,4384181296021,4384181452761,4384181566641,4384181566665,16,8.60904,2.0554,3.0482,0.5828,0.2162,1.5674,1.1388
278,1,0,1e+08,4384182630634,4384183488487,4384184288400,4384184443984,4384184468012,4384184722124,4384184911988,4384184912012,16,22.8138,8.57853,7.99913,1.55584,0.24028,2.54112,1.89864
279,1,0,1e+08,4384185453561,4384186412320,4384187097683,4384187247615,4384187269155,4384187515023,4384187657015,4384187657047,16,22.0349,9.58759,6.85363,1.49932,0.2154,2.45868,1.41992
280,1,0,1e+08,4384188083667,4384188847970,4384189739440,4384189841320,4384189875516,4384190253928,4384190404636,4384190404660,16,23.2099,7.64303,8.9147,1.0188,0.34196,3.78412,1.50708
281,1,0,1e+08,4384190901457,4384191155241,4384191454265,4384191512761,4384191537901,4384191698653,4384191822305,4384191822329,16,9.20872,2.53784,2.99024,0.58496,0.2514,1.60752,1.23652
282,1,0,1e+08,4384192904114,4384193189970,4384193495658,4384193559766,4384193593390,4384193789226,4384193915830,4384193915850,16,10.1174,2.85856,3.05688,0.64108,0.33624,1.95836,1.26604
283,1,0,1e+08,4384194770730,4384195455445,4384196370926,4384196501234,4384196521686,4384196777382,4384196938774,4384196938810,16,21.6808,6.84715,9.15481,1.30308,0.20452,2.55696,1.61392
284,1,0,1e+08,4384197631904,4384198283579,4384199171845,4384199290421,4384199310325,4384199573305,4384199735337,4384199735365,16,21.0346,6.51675,8.88266,1.18576,0.19904,2.6298,1.62032
285,1,0,1e+08,4384200465871,4384201136538,4384201990174,4384202062150,4384202082934,4384202390330,4384202573074,4384202573106,16,21.0724,6.70667,8.53636,0.71976,0.20784,3.07396,1.82744
286,1,0,1e+08,4384203296043,4384204279977,4384204935177,4384205009225,4384205034581,4384205290077,4384205456789,4384205456813,16,21.6077,9.83934,6.552,0.74048,0.25356,2.55496,1.66712
287,1,0,1e+08,4384206057648,4384206887427,4384207638013,4384207720809,4384207742885,4384207999921,4384208132209,4384208132241,16,20.7459,8.29779,7.50586,0.82796,0.22076,2.57036,1.32288
288,1,0,1e+08,4384208934140,4384209904874,4384210545546,4384210645826,4384210669014,4384210900822,4384211020346,4384211020370,16,20.8623,9.70734,6.40672,1.0028,0.23188,2.31808,1.19524
289,1,0,1e+08,4384211771387,4384212740780,4384213379748,4384213462884,4384213483604,4384213712420,4384213829004,4384213829036,16,20.5765,9.69393,6.38968,0.83136,0.2072,2.28816,1.16584
290,1,0,1e+08,4384214561338,4384215651234,4384216253342,4384216334830,4384216391266,4384216607782,4384216728618,4384216728638,16,21.673,10.899,6.02108,0.81488,0.56436,2.16516,1.20836
291,1,0,1e+08,4384217263602,4384218235534,4384218905224,4384219050144,4384219072724,4384219320748,4384219467832,4384219467860,16,22.0426,9.71932,6.6969,1.4492,0.2258,2.48024,1.47084
292,1,0,1e+08,4384220044945,4384220292138,4384220703422,4384220765914,4384220803566,4384221764173,4384221989237,4384221989281,16,19.4434,2.47193,4.11284,0.62492,0.37652,9.60607,2.25064
293,1,0,1e+08,4384222606404,4384222890722,4384223231070,4384223300866,4384223319386,4384223474978,4384223592194,4384223592218,16,9.85814,2.84318,3.40348,0.69796,0.1852,1.55592,1.17216
294,1,0,1e+08,4384224333804,4384225279526,4384225930220,4384226002232,4384226019176,4384226264512,4384226425048,4384226425072,16,20.9127,9.45722,6.50694,0.72012,0.16944,2.45336,1.60536
295,1,0,1e+08,4384227092490,4384228003786,4384228742600,4384228851436,4384228870820,4384229124892,4384229321896,4384229321928,16,22.2944,9.11296,7.38814,1.08836,0.19384,2.54072,1.97004
296,1,0,1e+08,4384229929401,4384230507977,4384231450636,4384231628396,4384231652936,4384231926604,4384232091900,4384232091924,16,21.6252,5.78576,9.42659,1.7776,0.2454,2.73668,1.65296
297,1,0,1e+08,4384232749736,4384233257429,4384234297680,4384234462904,4384234490584,4384234751436,4384234880780,4384234880812,16,21.3108,5.07693,10.4025,1.65224,0.2768,2.60852,1.29344
298,1,0,1e+08,4384235580733,4384236182592,4384237155878,4384237281642,4384237307314,4384237570326,4384237708114,4384237708142,16,21.2741,6.01859,9.73286,1.25764,0.25672,2.63012,1.37788
299,1,0,1e+08,4384238480253,4384239302605,4384240072510,4384240236906,4384240263086,4384240504246,4384240640334,4384240640362,16,21.6011,8.22352,7.69905,1.64396,0.2618,2.4116,1.36088
300,1,0,1e+08,4384241654278,4384242564332,4384243245542,4384243355762,4384243372642,4384243634542,4384243791966,4384243791990,16,21.3771,9.10054,6.8121,1.1022,0.1688,2.619,1.57424
301,1,0,1e+08,4384244582079,4384245645654,4384246293642,4384246438738,4384246456810,4384246681906,4384246802746,4384246802774,16,22.2069,10.6357,6.47988,1.45096,0.18072,2.25096,1.2084
302,1,0,1e+08,4384247400402,4384248300250,4384249010448,4384249131608,4384249176480,4384249444616,4384249572036,4384249572056,16,21.7165,8.99848,7.10198,1.2116,0.44872,2.68136,1.2742
303,1,0,1e+08,4384250353974,4384251349238,4384252038878,4384252154974,4384252184902,4384252471082,4384252653138,4384252653166,16,22.9919,9.95264,6.8964,1.16096,0.29928,2.8618,1.82056
304,1,0,1e+08,4384254588907,4384254881635,4384255643374,4384256071501,4384256096217,4384256591607,4384256779795,4384256779831,16,21.9092,2.92728,7.61739,4.28127,0.24716,4.9539,1.88188
305,1,0,1e+08,4384258882025,4384259344254,4384259960498,4384260126522,4384260177398,4384260932754,4384261217424,4384261217488,16,23.3546,4.62229,6.16244,1.66024,0.50876,7.55356,2.8467
306,1,0,1e+08,4384264210261,4384264508913,4384265014961,4384265216354,4384265252880,4384266362842,4384266596105,4384266596157,16,23.859,2.98652,5.06048,2.01393,0.36526,11.0996,2.33263
307,1,0,1e+08,4384269016579,4384269440953,4384270067414,4384270194526,4384270250066,4384270530998,4384270914670,4384270914850,16,18.9827,4.24374,6.26461,1.27112,0.5554,2.80932,3.83672
308,1,0,1e+08,4384272670857,4384273051577,4384274405747,4384274612563,4384274641763,4384274947039,4384275138907,4384275138939,16,24.6808,3.8072,13.5417,2.06816,0.292,3.05276,1.91868
309,1,0,1e+08,4384277418119,4384277652287,4384278612957,4384278785786,4384278830571,4384279531582,4384279810514,4384279810574,16,23.9245,2.34168,9.6067,1.72829,0.44785,7.01011,2.78932
310,1,0,1e+08,4384279877466,4384280547856,4384281126036,4384281219416,4384281264856,4384281508692,4384281703752,4384281703776,16,18.2631,6.7039,5.7818,0.9338,0.4544,2.43836,1.9506
311,1,0,1e+08,4384281875593,4384282219461,4384282718993,4384282812333,4384282837369,4384283616101,4384283867074,4384283867134,16,19.9154,3.43868,4.99532,0.9334,0.25036,7.78732,2.50973
312,1,0,1e+08,4384284855801,4384285067185,4384286051390,4384286155498,4384286208562,4384286718814,4384286974301,4384286974329,16,21.1853,2.11384,9.84205,1.04108,0.53064,5.10252,2.55487
313,1,0,1e+08,4384287467941,4384288296748,4384289054657,4384289133957,4384289177317,4384289453197,4384289744861,4384289744889,16,22.7695,8.28807,7.57909,0.793,0.4336,2.7588,2.91664
314,1,0,1e+08,4384290598954,4384291233695,4384292183498,4384292342590,4384292375282,4384292651670,4384292907930,4384292907954,16,23.09,6.34741,9.49803,1.59092,0.32692,2.76388,2.5626
315,1,0,1e+08,4384293892640,4384294872078,4384295530355,4384295594891,4384295611399,4384295891167,4384296043247,4384296043275,16,21.5064,9.79438,6.58277,0.64536,0.16508,2.79768,1.5208
316,1,0,1e+08,4384296740955,4384297275287,4384298244949,4384298318421,4384298366385,4384298639581,4384298819681,4384298819705,16,20.7875,5.34332,9.69662,0.73472,0.47964,2.73196,1.801
317,1,0,1e+08,4384299618802,4384300258159,4384301174042,4384301263086,4384301285874,4384301553170,4384301729214,4384301729250,16,21.1045,6.39357,9.15883,0.89044,0.22788,2.67296,1.76044
318,1,0,1e+08,4384302397902,4384303322974,4384303967290,4384304061954,4384304091382,4384304337470,4384304505670,4384304505694,16,21.0779,9.25072,6.44316,0.94664,0.29428,2.46088,1.682
319,1,0,1e+08,4384305194802,4384306097725,4384306909545,4384307018081,4384307063845,4384307314833,4384307441289,4384307441321,16,22.4652,9.02923,8.1182,1.08536,0.45764,2.50988,1.26456
320,1,0,1e+08,4384308067249,4384309081760,4384309776246,4384309868202,4384309893862,4384310140162,4384310268974,4384310269002,16,22.0175,10.1451,6.94486,0.91956,0.2566,2.463,1.28812
321,1,0,1e+08,4384311003590,4384311481136,4384312529110,4384312667398,4384312692178,4384312962650,4384313089930,4384313089966,16,20.8638,4.77546,10.4797,1.38288,0.2478,2.70472,1.2728
322,1,0,1e+08,4384313813216,4384314593297,4384315342294,4384315485638,4384315512486,4384315755302,4384315879730,4384315879754,16,20.6654,7.80081,7.48997,1.43344,0.26848,2.42816,1.24428
323,1,0,1e+08,4384316508681,4384317424890,4384318107301,4384318232729,4384318257461,4384318491385,4384318615677,4384318615709,16,21.0703,9.16209,6.82411,1.25428,0.24732,2.33924,1.24292
324,1,0,1e+08,4384319237517,4384319699131,4384320730990,4384320840802,4384320925890,4384321209062,4384321334234,4384321334262,16,20.9674,4.61614,10.3186,1.09812,0.85088,2.83172,1.25172
325,1,0,1e+08,4384322135613,4384322479757,4384323676550,4384323779950,4384323815234,4384324141730,4384324271974,4384324272006,16,21.3639,3.44144,11.9679,1.034,0.35284,3.26496,1.30244
326,1,0,1e+08,4384325001304,4384325596295,4384326563128,4384326656380,4384326689376,4384326959364,4384327112040,4384327112068,16,21.1076,5.94991,9.66833,0.93252,0.32996,2.69988,1.52676
327,1,0,1e+08,4384327766727,4384328457591,4384329302762,4384329385878,4384329419554,4384329679586,4384329801930,4384329801962,16,20.3524,6.90864,8.45171,0.83116,0.33676,2.60032,1.22344
328,1,0,1e+08,4384330538108,4384330786504,4384331241900,4384331304876,4384331323108,4384331554244,4384331694056,4384331694084,16,11.5598,2.48396,4.55396,0.62976,0.18232,2.31136,1.39812
329,1,0,1e+08,4384332369694,4384333193718,4384333941089,4384334048517,4384334067301,4384334325541,4384334493949,4384334493981,16,21.2429,8.24024,7.47371,1.07428,0.18784,2.5824,1.68408
330,1,0,1e+08,4384335550275,4384335958811,4384337024189,4384337146173,4384337170001,4384337442645,4384337573001,4384337573025,16,20.2275,4.08536,10.6538,1.21984,0.23828,2.72644,1.30356
331,1,0,1e+08,4384338196862,4384338976189,4384339737490,4384339868890,4384339897982,4384340143526,4384340267542,4384340267570,16,20.7071,7.79327,7.61301,1.314,0.29092,2.45544,1.24016
332,1,0,1e+08,4384341019128,4384341685202,4384342581158,4384342698402,4384342745542,4384343017282,4384343139954,4384343139982,16,21.2085,6.66074,8.95956,1.17244,0.4714,2.7174,1.22672
333,1,0,1e+08,4384343872271,4384344559771,4384345401607,4384345486931,4384345526991,4384345826423,4384345958767,4384345958795,16,20.8652,6.875,8.41836,0.85324,0.4006,2.99432,1.32344
334,1,0,1e+08,4384346732959,4384347143917,4384348219874,4384348308882,4384348341474,4384348615838,4384348748426,4384348748454,16,20.155,4.10958,10.7596,0.89008,0.32592,2.74364,1.32588
335,1,0,1e+08,4384349574633,4384350397997,4384351147901,4384351227449,4384351248397,4384351498001,4384351619769,4384351619865,16,20.4523,8.23364,7.49904,0.79548,0.20948,2.49604,1.21768
336,1,0,1e+08,4384352413964,4384352838100,4384353909454,4384353990578,4384354023946,4384354300254,4384354427062,4384354427090,16,20.1313,4.24136,10.7135,0.81124,0.33368,2.76308,1.26808
337,1,0,1e+08,4384355275856,4384356196408,4384356848870,4384356945050,4384356968170,4384357200614,4384357321114,4384357321146,16,20.4529,9.20552,6.52462,0.9618,0.2312,2.32444,1.205
338,1,0,1e+08,4384357916958,4384358900839,4384359655478,4384359752498,4384359783202,4384360030222,4384360153434,4384360153458,16,22.365,9.83881,7.54639,0.9702,0.30704,2.4702,1.23212
339,1,0,1e+08,4384360719422,4384361115378,4384362261258,4384362407370,4384362430994,4384362712350,4384362845406,4384362845438,16,21.2602,3.95956,11.4588,1.46112,0.23624,2.81356,1.33056
340,1,0,1e+08,4384363536085,4384363942530,4384365010114,4384365159250,4384365189662,4384365455150,4384365578354,4384365578378,16,20.4229,4.06445,10.6758,1.49136,0.30412,2.65488,1.23204
341,1,0,1e+08,4384366466109,4384367295237,4384368049482,4384368193110,4384368208854,4384368454238,4384368578310,4384368578338,16,21.1223,8.29128,7.54245,1.43628,0.15744,2.45384,1.24072
342,1,0,1e+08,4384369161941,4384369904382,4384370721506,4384370906374,4384370931946,4384371196678,4384371326814,4384371326842,16,21.649,7.42441,8.17124,1.84868,0.25572,2.64732,1.30136
343,1,0,1e+08,4384371870794,4384372681345,4384373437686,4384373515530,4384373536534,4384373811690,4384373977638,4384373977670,16,21.0688,8.10551,7.56341,0.77844,0.21004,2.75156,1.65948
344,1,0,1e+08,4384374643842,4384375274942,4384376096097,4384376180613,4384376204077,4384376471237,4384376608581,4384376608609,16,19.6477,6.311,8.21155,0.84516,0.23464,2.6716,1.37344
345,1,0,1e+08,4384377811769,4384378481382,4384379124370,4384379216354,4384379254498,4384379489182,4384379622494,4384379622522,16,18.1075,6.69613,6.42988,0.91984,0.38144,2.34684,1.33312
346,1,0,1e+08,4384380683111,4384381611706,4384382314788,4384382409416,4384382447388,4384382710312,4384382870484,4384382870508,16,21.874,9.28595,7.03082,0.94628,0.37972,2.62924,1.60172
347,1,0,1e+08,4384383749838,4384383998210,4384384379438,4384384460410,4384384483998,4384384677442,4384384862814,4384384862842,16,11.13,2.48372,3.81228,0.80972,0.23588,1.93444,1.85372
348,1,0,1e+08,4384386626481,4384386864077,4384387270605,4384387351453,4384387371029,4384387558125,4384387716449,4384387716473,16,10.8999,2.37596,4.06528,0.80848,0.19576,1.87096,1.58324
349,1,0,1e+08,4384388386812,4384389164137,4384389933781,4384390078089,4384390099633,4384390342673,4384390463849,4384390463881,16,20.7707,7.77325,7.69644,1.44308,0.21544,2.4304,1.21176
350,1,0,1e+08,4384391227979,4384391475492,4384391777140,4384391840036,4384391855168,4384392016376,4384392171780,4384392171800,16,9.43821,2.47513,3.01648,0.62896,0.15132,1.61208,1.55404
351,1,0,1e+08,4384392994720,4384393648453,4384394574416,4384394660372,4384394682456,4384394951500,4384395119020,4384395119052,16,21.2433,6.53733,9.25963,0.85956,0.22084,2.69044,1.6752
352,1,0,1e+08,4384395915196,4384396104956,4384396404780,4384396464304,4384396483932,4384396640668,4384396773604,4384396773624,16,8.58428,1.8976,2.99824,0.59524,0.19628,1.56736,1.32936
353,1,0,1e+08,4384397833161,4384398329030,4384399348628,4384399486596,4384399510516,4384399774184,4384399944452,4384399944484,16,21.1132,4.95869,10.196,1.37968,0.2392,2.63668,1.70268
354,1,0,1e+08,4384400501009,4384400953738,4384402025526,4384402171914,4384402197114,4384402474262,4384402645734,4384402645762,16,21.4475,4.52729,10.7179,1.46388,0.252,2.77148,1.71472
355,1,0,1e+08,4384403295342,4384404092125,4384404899860,4384405025136,4384405081484,4384405379688,4384405506064,4384405506096,16,22.1075,7.96783,8.07735,1.25276,0.56348,2.98204,1.26376
356,1,0,1e+08,4384406087509,4384406939747,4384407659867,4384407737303,4384407757371,4384408021295,4384408171771,4384408171799,16,20.8429,8.52238,7.2012,0.77436,0.20068,2.63924,1.50476
357,1,0,1e+08,4384408863873,4384409667746,4384410434736,4384410546064,4384410569740,4384410818196,4384410944464,4384410944500,16,20.8063,8.03873,7.6699,1.11328,0.23676,2.48456,1.26268
358,1,0,1e+08,4384411566191,4384411969397,4384413099461,4384413162417,4384413184105,4384413469581,4384413621761,4384413621789,16,20.556,4.03206,11.3006,0.62956,0.21688,2.85476,1.5218
359,1,0,1e+08,4384414375979,4384415075007,4384415993719,4384416066531,4384416100771,4384416364607,4384416500355,4384416500387,16,21.2441,6.99028,9.18712,0.72812,0.3424,2.63836,1.35748
360,1,0,1e+08,4384417579563,4384417775271,4384418068859,4384418142227,4384418161835,4384418323395,4384418478339,4384418478359,16,8.98796,1.95708,2.93588,0.73368,0.19608,1.6156,1.54944
361,1,0,1e+08,4384419508616,4384420368855,4384421184630,4384421370414,4384421386678,4384421631366,4384421754350,4384421754378,16,22.4576,8.60239,8.15775,1.85784,0.16264,2.44688,1.22984
362,1,0,1e+08,4384422383198,4384422647810,4384422948334,4384423006954,4384423032470,4384423189558,4384423329122,4384423329142,16,9.45944,2.64612,3.00524,0.5862,0.25516,1.57088,1.39564
363,1,0,1e+08,4384424402871,4384425058312,4384425903882,4384425986250,4384426005618,4384426273374,4384426436498,4384426436530,16,20.3366,6.55441,8.4557,0.82368,0.19368,2.67756,1.63124
364,1,0,1e+08,4384427127781,4384427324693,4384427624529,4384427685845,4384427728101,4384427902261,4384428038865,4384428038885,16,9.11104,1.96912,2.99836,0.61316,0.42256,1.7416,1.36604
365,1,0,1e+08,4384429033505,4384429277899,4384429577331,4384429639363,4384429699059,4384429909260,4384430480153,4384430480245,16,14.4674,2.44394,2.99432,0.62032,0.59696,2.10201,5.70893
366,1,0,1e+08,4384431910702,4384432153358,4384432465198,4384432527146,4384432548290,4384432702946,4384432823450,4384432823470,16,9.12768,2.42656,3.1184,0.61948,0.21144,1.54656,1.20504
367,1,0,1e+08,4384433835292,4384434444655,4384435375228,4384435443464,4384435513092,4384435778276,4384435941584,4384435941616,16,21.0632,6.09363,9.30573,0.68236,0.69628,2.65184,1.63308
368,1,0,1e+08,4384436638575,4384436871607,4384437168383,4384437228667,4384437244311,4384437400131,4384437537359,4384437537379,16,8.98804,2.33032,2.96776,0.60284,0.15644,1.5582,1.37228
369,1,0,1e+08,4384438594675,4384438834603,4384439132299,4384439200899,4384439232011,4384439455119,4384439584191,4384439584215,16,9.8954,2.39928,2.97696,0.686,0.31112,2.23108,1.29072
370,1,0,1e+08,4384440536130,4384440800046,4384441101218,4384441162358,4384441178418,4384441333758,4384441470198,4384441470222,16,9.34092,2.63916,3.01172,0.6114,0.1606,1.5534,1.3644
371,1,0,1e+08,4384442471807,4384442748223,4384443061159,4384443126631,4384443195867,4384443350963,4384443479235,4384443479259,16,10.0745,2.76416,3.12936,0.65472,0.69236,1.55096,1.28272
372,1,0,1e+08,4384444278278,4384445104386,4384445842652,4384445983084,4384446001756,4384446248596,4384446408688,4384446408712,16,21.3043,8.26108,7.38266,1.40432,0.18672,2.4684,1.60092
373,1,0,1e+08,4384447093400,4384447808448,4384448694136,4384448829452,4384448852260,4384449107476,4384449244512,4384449244544,16,21.5114,7.15048,8.85688,1.35316,0.22808,2.55216,1.37036
374,1,0,1e+08,4384449895512,4384450799515,4384451544704,4384451604796,4384451649604,4384451928124,4384452068700,4384452068724,16,21.7321,9.04003,7.45189,0.60092,0.44808,2.7852,1.40576
375,1,0,1e+08,4384452797284,4384453431080,4384454348158,4384454413234,4384454433890,4384454711482,4384454910278,4384454910310,16,21.1303,6.33796,9.17078,0.65076,0.20656,2.77592,1.98796
376,1,0,1e+08,4384455776679,4384456487962,4384457302653,4384457385253,4384457405093,4384457671201,4384457833741,4384457833765,16,20.5709,7.11283,8.14691,0.826,0.1984,2.66108,1.6254
377,1,0,1e+08,4384458502492,4384459062491,4384460055469,4384460140541,4384460165601,4384460442445,4384460574701,4384460574733,16,20.7224,5.59999,9.92978,0.85072,0.2506,2.76844,1.32256
378,1,0,1e+08,4384461325155,4384462236556,4384462874942,4384462976162,4384462997950,4384463227046,4384463343650,4384463343678,16,20.1852,9.11401,6.38386,1.0122,0.21788,2.29096,1.16604
379,1,0,1e+08,4384464038144,4384465064595,4384465702696,4384465783688,4384465803436,4384466032496,4384466148620,4384466148652,16,21.1051,10.2645,6.38101,0.80992,0.19748,2.2906,1.16124
380,1,0,1e+08,4384466792551,4384467451636,4384468371041,4384468525201,4384468547901,4384468798941,4384468917989,4384468918017,16,21.2547,6.59085,9.19405,1.5416,0.227,2.5104,1.19048
381,1,0,1e+08,4384469627646,4384469875828,4384471100658,4384471268498,4384471293238,4384471579310,4384471709886,4384471709918,16,20.8227,2.48182,12.2483,1.6784,0.2474,2.86072,1.30576
382,1,0,1e+08,4384472718550,4384473166762,4384474231968,4384474385564,4384474403976,4384474679052,4384474806568,4384474806596,16,20.8805,4.48212,10.6521,1.53596,0.18412,2.75076,1.27516
383,1,0,1e+08,4384475593487,4384476384858,4384477195845,4384477362725,4384477378405,4384477624669,4384477747721,4384477747753,16,21.5427,7.91371,8.10987,1.6688,0.1568,2.46264,1.23052
384,1,0,1e+08,4384478391925,4384478821395,4384479916717,4384480102161,4384480123829,4384480385157,4384480507713,4384480507741,16,21.1582,4.2947,10.9532,1.85444,0.21668,2.61328,1.22556
385,1,0,1e+08,4384481285795,4384481812783,4384482847721,4384482957045,4384482992533,4384483314001,4384483442033,4384483442065,16,21.5627,5.26988,10.3494,1.09324,0.35488,3.21468,1.28032
386,1,0,1e+08,4384484126450,4384484975888,4384485738705,4384485813253,4384485832429,4384486097997,4384486233389,4384486233417,16,21.0697,8.49438,7.62817,0.74548,0.19176,2.65568,1.35392
387,1,0,1e+08,4384487006829,4384487480297,4384488536318,4384488624530,4384488670106,4384488933402,4384489059306,4384489059338,16,20.5251,4.73468,10.5602,0.88212,0.45576,2.63296,1.25904
388,1,0,1e+08,4384489790146,4384490042112,4384490339612,4384490398096,4384490416784,4384490570408,4384490716688,4384490716708,16,9.26562,2.51966,2.975,0.58484,0.18688,1.53624,1.4628
389,1,0,1e+08,4384491794170,4384492581096,4384493335627,4384493441727,4384493461499,4384493731743,4384493934383,4384493934411,16,21.4024,7.86926,7.54531,1.061,0.19772,2.70244,2.0264
390,1,0,1e+08,4384494940730,4384495392194,4384496438008,4384496604676,4384496625748,4384496885388,4384497014360,4384497014388,16,20.7366,4.51464,10.4581,1.66668,0.21072,2.5964,1.28972
391,1,0,1e+08,4384497722562,4384498119251,4384499218043,4384499402431,4384499427247,4384499682223,4384499805779,4384499805811,16,20.8325,3.96689,10.9879,1.84388,0.24816,2.54976,1.23556
392,1,0,1e+08,4384500452338,4384500693094,4384500989538,4384501049354,4384501069986,4384501227286,4384501347434,4384501347454,16,8.95116,2.40756,2.96444,0.59816,0.20632,1.573,1.20148
393,1,0,1e+08,4384502522884,4384503531194,4384504214526,4384504296662,4384504320950,4384504568646,4384504714550,4384504714582,16,21.917,10.0831,6.83332,0.82136,0.24288,2.47696,1.45904
394,1,0,1e+08,4384505423636,4384505834803,4384506923457,4384507008949,4384507034613,4384507305141,4384507429053,4384507429081,16,20.0545,4.11167,10.8865,0.85492,0.25664,2.70528,1.23912
395,1,0,1e+08,4384508126763,4384508997114,4384509702437,4384509788641,4384509815349,4384510057477,4384510177817,4384510177849,16,20.5109,8.70351,7.05323,0.86204,0.26708,2.42128,1.2034
396,1,0,1e+08,4384510925303,4384511534963,4384512463834,4384512578858,4384512605034,4384512873074,4384513038742,4384513038766,16,21.1346,6.0966,9.28871,1.15024,0.26176,2.6804,1.65668
397,1,0,1e+08,4384513773306,4384514602327,4384515399020,4384515566780,4384515589504,4384515843160,4384516005160,4384516005188,16,22.3188,8.29021,7.96693,1.6776,0.22724,2.53656,1.62
398,1,0,1e+08,4384516537292,4384517047324,4384518100473,4384518231405,4384518251909,4384518526997,4384518668313,4384518668341,16,21.3105,5.10032,10.5315,1.30932,0.20504,2.75088,1.41316
399,1,0,1e+08,4384519367848,4384520368674,4384521040176,4384521195108,4384521221728,4384521453084,4384521574032,4384521574132,16,22.0628,10.0083,6.71502,1.54932,0.2662,2.31356,1.20948
400,1,0,1e+08,4384522321399,4384522558787,4384522855987,4384522914579,4384522936103,4384523111243,4384523273515,4384523273535,16,9.52136,2.37388,2.972,0.58592,0.21524,1.7514,1.62272
401,1,0,1e+08,4384525494038,4384525756878,4384526088670,4384526172626,4384526194218,4384526353798,4384526522998,4384526523022,16,10.2898,2.6284,3.31792,0.83956,0.21592,1.5958,1.692
402,1,0,1e+08,4384527319466,4384527574597,4384528828552,4384528905300,4384528927440,4384529222148,4384529350328,4384529350360,16,20.3089,2.55131,12.5396,0.76748,0.2214,2.94708,1.2818
403,1,0,1e+08,4384530252369,4384530495850,4384531793316,4384531869912,4384531894580,4384532195572,4384532321772,4384532321808,16,20.6944,2.43481,12.9747,0.76596,0.24668,3.00992,1.262
404,1,0,1e+08,4384533085996,4384533303952,4384534503097,4384534588173,4384534609969,4384534909621,4384535035905,4384535035937,16,19.4994,2.17956,11.9915,0.85076,0.21796,2.99652,1.26284
405,1,0,1e+08,4384535914658,4384536338785,4384537545226,4384537661114,4384537676470,4384537958686,4384538109498,4384538109534,16,21.9488,4.24127,12.0644,1.15888,0.15356,2.82216,1.50812
406,1,0,1e+08,4384538616667,4384539028612,4384540120514,4384540283746,4384540307738,4384540588746,4384540756046,4384540756074,16,21.3941,4.11945,10.919,1.63232,0.23992,2.81008,1.673
407,1,0,1e+08,4384541313287,4384541556089,4384541856437,4384541915377,4384541952989,4384542113449,4384542276781,4384542276809,16,9.63522,2.42802,3.00348,0.5894,0.37612,1.6046,1.63332
408,1,0,1e+08,4384543299869,4384543928062,4384544838844,4384544919784,4384544938904,4384545227260,4384545436280,4384545436304,16,21.3644,6.28193,9.10782,0.8094,0.1912,2.88356,2.0902
409,1,0,1e+08,4384546088343,4384546983451,4384547741836,4384547814556,4384547834836,4384548095484,4384548223748,4384548223780,16,21.3544,8.95108,7.58385,0.7272,0.2028,2.60648,1.28264
410,1,0,1e+08,4384548893413,4384549651296,4384550483021,4384550578289,4384550609793,4384550874469,4384550999601,4384550999625,16,21.0621,7.57883,8.31725,0.95268,0.31504,2.64676,1.25132
411,1,0,1e+08,4384551610988,4384552685434,4384553354652,4384553427088,4384553455108,4384553689812,4384553808972,4384553809004,16,21.9802,10.7445,6.69218,0.72436,0.2802,2.34704,1.1916
412,1,0,1e+08,4384554383431,4384554943827,4384555943481,4384556096301,4384556120953,4384556383749,4384556510473,4384556510501,16,21.2707,5.60396,9.99654,1.5282,0.24652,2.62796,1.26724
413,1,0,1e+08,4384557283016,4384557563528,4384557887792,4384558011376,4384558027404,4384558202068,4384558370544,4384558370568,16,10.8755,2.80512,3.24264,1.23584,0.16028,1.74664,1.68476
414,1,0,1e+08,4384559208986,4384559816224,4384560770479,4384560860667,4384560891335,4384561203671,4384561365247,4384561365271,16,21.5629,6.07238,9.54255,0.90188,0.30668,3.12336,1.61576
415,1,0,1e+08,4384562082540,4384562363934,4384562670438,4384562735038,4384562753434,4384562908286,4384563033274,4384563033298,16,9.50758,2.81394,3.06504,0.646,0.18396,1.54852,1.24988
416,1,0,1e+08,4384563845726,4384565076784,4384565730774,4384565804986,4384565824646,4384566072782,4384566246178,4384566246202,16,24.0048,12.3106,6.5399,0.74212,0.1966,2.48136,1.73396
417,1,0,1e+08,4384566714887,4384566951272,4384567275320,4384567346472,4384567400376,4384567555500,4384567680448,4384567680472,16,9.65585,2.36385,3.24048,0.71152,0.53904,1.55124,1.24948
418,1,0,1e+08,4384568771591,4384569601614,4384570476373,4384570617045,4384570636369,4384570900769,4384571046913,4384571046937,16,22.7535,8.30023,8.74759,1.40672,0.19324,2.644,1.46144
419,1,0,1e+08,4384571810163,4384572600980,4384573424789,4384573512361,4384573591069,4384573860297,4384573997273,4384573997305,16,21.8714,7.90817,8.23809,0.87572,0.78708,2.69228,1.36976
420,1,0,1e+08,4384574941420,4384575689393,4384576441849,4384576548909,4384576593285,4384576862933,4384576981749,4384576981777,16,20.4036,7.47973,7.52456,1.0706,0.44376,2.69648,1.18816
421,1,0,1e+08,4384577617276,4384577855806,4384578146670,4384578208854,4384578227938,4384578385102,4384578517506,4384578517530,16,9.00254,2.3853,2.90864,0.62184,0.19084,1.57164,1.32404
422,1,0,1e+08,4384579379332,4384580358036,4384581028932,4384581097772,4384581123436,4384581372948,4384581580936,4384581580960,16,22.0163,9.78704,6.70896,0.6884,0.25664,2.49512,2.07988
423,1,0,1e+08,4384582139039,4384582765313,4384583683316,4384583834508,4384583861008,4384584119132,4384584289772,4384584289804,16,21.5076,6.26274,9.18003,1.51192,0.265,2.58124,1.7064
424,1,0,1e+08,4384584871400,4384585648748,4384586473142,4384586634642,4384586657298,4384586915530,4384587047226,4384587047254,16,21.7585,7.77348,8.24394,1.615,0.22656,2.58232,1.31696
425,1,0,1e+08,4384587674892,4384588679454,4384589341035,4384589547387,4384589569319,4384589803043,4384589933387,4384589933419,16,22.5853,10.0456,6.61581,2.06352,0.21932,2.33724,1.30344
426,1,0,1e+08,4384590431873,4384590950268,4384591956617,4384592041809,4384592073605,4384592390957,4384592551781,4384592551805,16,21.1993,5.18395,10.0635,0.85192,0.31796,3.17352,1.60824
427,1,0,1e+08,4384593243880,4384594019578,4384594827234,4384594903262,4384594923930,4384595188962,4384595341622,4384595341654,16,20.9777,7.75698,8.07656,0.76028,0.20668,2.65032,1.5266
428,1,0,1e+08,4384595940266,4384596496216,4384597458106,4384597541982,4384597567982,4384597839338,4384597993482,4384597993506,16,20.5324,5.5595,9.6189,0.83876,0.26,2.71356,1.54144
429,1,0,1e+08,4384598644814,4384598837514,4384599139834,4384599198774,4384599220018,4384599377086,4384599509838,4384599509862,16,8.65048,1.927,3.0232,0.5894,0.21244,1.57068,1.32752
430,1,0,1e+08,4384600364966,4384601201717,4384601953292,4384602055504,4384602072320,4384602333152,4384602530020,4384602530044,16,21.6508,8.36751,7.51575,1.02212,0.16816,2.60832,1.96868
431,1,0,1e+08,4384603082614,4384603901473,4384604651872,4384604817684,4384604841100,4384605087876,4384605258812,4384605258844,16,21.7623,8.18859,7.50399,1.65812,0.23416,2.46776,1.70936
432,1,0,1e+08,4384605777843,4384606436028,4384607345789,4384607426273,4384607446645,4384607736341,4384607925301,4384607925329,16,21.4749,6.58185,9.09761,0.80484,0.20372,2.89696,1.8896
433,1,0,1e+08,4384608554630,4384609013123,4384610048733,4384610126061,4384610151273,4384610424973,4384610572573,4384610572605,16,20.1797,4.58493,10.3561,0.77328,0.25212,2.737,1.476
434,1,0,1e+08,4384611274167,4384612115855,4384612863121,4384612941849,4384612971513,4384613219301,4384613346545,4384613346569,16,20.724,8.41688,7.47266,0.78728,0.29664,2.47788,1.27244
435,1,0,1e+08,4384613896918,4384614749683,4384615483009,4384615571961,4384615610673,4384615859409,4384615995941,4384615995973,16,20.9905,8.52765,7.33326,0.88952,0.38712,2.48736,1.36532
436,1,0,1e+08,4384616566383,4384616776903,4384617087687,4384617169987,4384617210843,4384617393831,4384617518015,4384617518035,16,9.51652,2.1052,3.10784,0.823,0.40856,1.82988,1.24184
437,1,0,1e+08,4384618471225,4384619502184,4384620154741,4384620253113,4384620309913,4384620582153,4384620774433,4384620774461,16,23.0324,10.3096,6.52557,0.98372,0.568,2.7224,1.9228
438,1,0,1e+08,4384621193368,4384621826817,4384622751001,4384622830513,4384622850813,4384623126141,4384623322665,4384623322689,16,21.2932,6.33449,9.24184,0.79512,0.203,2.75328,1.96524
439,1,0,1e+08,4384623924920,4384624691159,4384625449689,4384625523013,4384625543349,4384625804297,4384625943201,4384625943233,16,20.1831,7.66239,7.5853,0.73324,0.20336,2.60948,1.38904
440,1,0,1e+08,4384626604821,4384627301581,4384628112637,4384628185597,4384628205533,4384628470977,4384628597557,4384628597581,16,19.9276,6.9676,8.11056,0.7296,0.19936,2.65444,1.2658
441,1,0,1e+08,4384629248384,4384629525509,4384630695558,4384630843726,4384630869946,4384631140766,4384631271698,4384631271730,16,20.2335,2.77125,11.7005,1.48168,0.2622,2.7082,1.30932
442,1,0,1e+08,4384631900198,4384632672433,4384633438985,4384633570421,4384633593457,4384633838901,4384633971209,4384633971237,16,20.7104,7.72235,7.66552,1.31436,0.23036,2.45444,1.32308
443,1,0,1e+08,4384634505578,4384635278862,4384636093838,4384636228878,4384636250134,4384636509590,4384636636498,4384636636530,16,21.3095,7.73284,8.14976,1.3504,0.21256,2.59456,1.26908
444,1,0,1e+08,4384637298552,4384637875794,4384638780210,4384638885654,4384638911770,4384639225254,4384639354118,4384639354142,16,20.5559,5.77242,9.04416,1.05444,0.26116,3.13484,1.28864
445,1,0,1e+08,4384640046138,4384640908052,4384641657502,4384641735314,4384641757282,4384642020054,4384642156878,4384642156910,16,21.1077,8.61914,7.4945,0.77812,0.21968,2.62772,1.36824
446,1,0,1e+08,4384642773161,4384643446316,4384644307620,4384644392544,4384644413196,4384644711820,4384644862380,4384644862408,16,20.8925,6.73155,8.61304,0.84924,0.20652,2.98624,1.5056
447,1,0,1e+08,4384645353332,4384646137105,4384646869396,4384646949668,4384647007904,4384647261808,4384647425132,4384647425164,16,20.7183,7.83773,7.32291,0.80272,0.58236,2.53904,1.63324
448,1,0,1e+08,4384647999294,4384648972914,4384649679625,4384649742365,4384649759857,4384650027309,4384650191841,4384650191865,16,21.9257,9.7362,7.06711,0.6274,0.17492,2.67452,1.64532
449,1,0,1e+08,4384650621666,4384651218089,4384652224937,4384652348481,4384652368393,4384652643169,4384652804537,4384652804569,16,21.829,5.96423,10.0685,1.23544,0.19912,2.74776,1.61368
450,1,0,1e+08,4384653842090,4384654504692,4384655398449,4384655529397,4384655546797,4384655799521,4384655923129,4384655923157,16,20.8107,6.62602,8.93757,1.30948,0.174,2.52724,1.23608
451,1,0,1e+08,4384656579904,4384657483476,4384658192798,4384658355534,4384658378590,4384658613402,4384658736346,4384658736374,16,21.5647,9.03572,7.09322,1.62736,0.23056,2.34812,1.22944
452,1,0,1e+08,4384659329936,4384659725376,4384660861865,4384661002713,4384661025045,4384661307893,4384661430897,4384661430925,16,21.0099,3.9544,11.3649,1.40848,0.22332,2.82848,1.23004
453,1,0,1e+08,4384662145859,4384662914749,4384663661489,4384663761993,4384663799369,4384664090245,4384664231053,4384664231085,16,20.8523,7.6889,7.4674,1.00504,0.37376,2.90876,1.40808
454,1,0,1e+08,4384664696500,4384665491449,4384666299782,4384666375366,4384666396862,4384666666102,4384666840566,4384666840590,16,21.4409,7.94949,8.08333,0.75584,0.21496,2.6924,1.74464
455,1,0,1e+08,4384667438869,4384667947151,4384668959592,4384669044128,4384669066736,4384669345220,4384669490344,4384669490376,16,20.5151,5.08282,10.1244,0.84536,0.22608,2.78484,1.45124
456,1,0,1e+08,4384670113620,4384671075552,4384671728444,4384671815276,4384671839504,4384672086012,4384672209600,4384672209624,16,20.96,9.61932,6.52892,0.86832,0.24228,2.46508,1.23588
457,1,0,1e+08,4384672872558,4384673835748,4384674526549,4384674603665,4384674658693,4384674897677,4384675027953,4384675027985,16,21.5543,9.6319,6.90801,0.77116,0.55028,2.38984,1.30276
458,1,0,1e+08,4384675575694,4384676212646,4384677226500,4384677342772,4384677363516,4384677631696,4384677771976,4384677772004,16,21.9631,6.36952,10.1385,1.16272,0.20744,2.6818,1.4028
459,1,0,1e+08,4384678201866,4384678937364,4384679735256,4384679897184,4384679926472,4384680182224,4384680353096,4384680353124,16,21.5126,7.35498,7.97892,1.61928,0.29288,2.55752,1.70872
460,1,0,1e+08,4384681029625,4384681834968,4384682573609,4384682681853,4384682724569,4384683011045,4384683144141,4384683144165,16,21.1454,8.05343,7.38641,1.08244,0.42716,2.86476,1.33096
461,1,0,1e+08,4384683870521,4384684880666,4384685512090,4384685614510,4384685655042,4384685914158,4384686052538,4384686052566,16,21.8205,10.1014,6.31424,1.0242,0.40532,2.59116,1.3838
462,1,0,1e+08,4384686765171,4384687732538,4384688376810,4384688464178,4384688488158,4384688727678,4384688872822,4384688872846,16,21.0768,9.67367,6.44272,0.87368,0.2398,2.3952,1.45144
463,1,0,1e+08,4384689592998,4384690290966,4384691123022,4384691245442,4384691266482,4384691515586,4384691640550,4384691640650,16,20.4765,6.97968,8.32056,1.2242,0.2104,2.49104,1.24964
464,1,0,1e+08,4384692304151,4384692900623,4384693866601,4384693950425,4384694009653,4384694270493,4384694398877,4384694398905,16,20.9475,5.96472,9.65978,0.83824,0.59228,2.6084,1.28384
465,1,0,1e+08,4384695182774,4384695396402,4384695697206,4384695756102,4384695791262,4384695951390,4384696122538,4384696122562,16,9.39788,2.13628,3.00804,0.58896,0.3516,1.60128,1.71148
466,1,0,1e+08,4384697027038,4384697277622,4384697579202,4384697643714,4384697675666,4384697848054,4384697975782,4384697975802,16,9.48764,2.50584,3.0158,0.64512,0.31952,1.72388,1.27728
467,1,0,1e+08,4384698981328,4384699527469,4384700597200,4384700661480,4384700710392,4384700995144,4384701170696,4384701170728,16,21.894,5.46141,10.6973,0.6428,0.48912,2.84752,1.75552
468,1,0,1e+08,4384701842983,4384702089289,4384702390337,4384702452809,4384702486973,4384702648681,4384702780373,4384702780397,16,9.37414,2.46306,3.01048,0.62472,0.34164,1.61708,1.31692
469,1,0,1e+08,4384703859965,4384704402544,4384705371094,4384705573510,4384705596042,4384705848618,4384706010290,4384706010318,16,21.5035,5.42579,9.6855,2.02416,0.22532,2.52576,1.61672
470,1,0,1e+08,4384706614051,4384707589866,4384708244382,4384708366682,4384708391686,4384708628438,4384708800682,4384708800706,16,21.8666,9.75815,6.54516,1.223,0.25004,2.36752,1.72244
471,1,0,1e+08,4384709395148,4384710168036,4384710994904,4384711155452,4384711176832,4384711424632,4384711549264,4384711549296,16,21.5415,7.72888,8.26868,1.60548,0.2138,2.478,1.24632
472,1,0,1e+08,4384712132588,4384712584234,4384713630090,4384713733882,4384713763046,4384714081894,4384714251138,4384714251166,16,21.1858,4.51646,10.4586,1.03792,0.29164,3.18848,1.69244
473,1,0,1e+08,4384714875653,4384715632948,4384716432645,4384716511633,4384716547561,4384716818769,4384716975045,4384716975077,16,20.9942,7.57295,7.99697,0.78988,0.35928,2.71208,1.56276
474,1,0,1e+08,4384717590807,4384718245819,4384719108726,4384719197286,4384719218350,4384719483722,4384719621570,4384719621594,16,20.3079,6.55012,8.62907,0.8856,0.21064,2.65372,1.37848
475,1,0,1e+08,4384720255663,4384721075484,4384721790077,4384721878441,4384721904177,4384722154285,4384722284781,4384722284809,16,20.2915,8.19821,7.14593,0.88364,0.25736,2.50108,1.30496
476,1,0,1e+08,4384722896778,4384723927014,4384724608525,4384724686545,4384724713989,4384725010233,4384725155457,4384725155481,16,22.587,10.3024,6.81511,0.7802,0.27444,2.96244,1.45224
477,1,0,1e+08,4384725663248,4384726147363,4384727157681,4384727277397,4384727303249,4384727578985,4384727741025,4384727741057,16,20.7781,4.84115,10.1032,1.19716,0.25852,2.75736,1.6204
478,1,0,1e+08,4384728373462,4384729194503,4384729950030,4384730089142,4384730110354,4384730359290,4384730504290,4384730504318,16,21.3086,8.21041,7.55527,1.39112,0.21212,2.48936,1.45
479,1,0,1e+08,4384731012000,4384731810773,4384732562750,4384732684362,4384732703798,4384732955958,4384733106850,4384733106882,16,20.9488,7.98773,7.51977,1.21612,0.19436,2.5216,1.50892
480,1,0,1e+08,4384734020058,4384734650721,4384735580796,4384735685624,4384735715792,4384736056812,4384736184040,4384736184064,16,21.6401,6.30663,9.30075,1.04828,0.30168,3.4102,1.27228
481,1,0,1e+08,4384736722313,4384737508890,4384738310380,4384738388976,4384738409944,4384738684336,4384738829028,4384738829060,16,21.0675,7.86577,8.0149,0.78596,0.20968,2.74392,1.44692
482,1,0,1e+08,4384739453752,4384739849191,4384740933285,4384741007385,4384741026877,4384741314157,4384741455065,4384741455093,16,20.0134,3.95439,10.8409,0.741,0.19492,2.8728,1.40908
483,1,0,1e+08,4384742141651,4384742335203,4384743543432,4384743637144,4384743659012,4384743978068,4384744111164,4384744111200,16,19.6955,1.93552,12.0823,0.93712,0.21868,3.19056,1.33096
484,1,0,1e+08,4384744892950,4384745904469,4384746596364,4384746669012,4384746697388,4384746944764,4384747064616,4384747064644,16,21.7169,10.1152,6.91895,0.72648,0.28376,2.47376,1.19852
485,1,0,1e+08,4384747680664,4384748467676,4384749241248,4384749393240,4384749416128,4384749672596,4384749806120,4384749806152,16,21.2549,7.87012,7.73572,1.51992,0.22888,2.56468,1.33524
486,1,0,1e+08,4384750346298,4384750817023,4384751849957,4384751968293,4384751991973,4384752266209,4384752415257,4384752415281,16,20.6898,4.70725,10.3293,1.18336,0.2368,2.74236,1.49048
487,1,0,1e+08,4384753080293,4384754120944,4384754802865,4384754963725,4384754983001,4384755225153,4384755351781,4384755351813,16,22.7152,10.4065,6.81921,1.6086,0.19276,2.42152,1.26628
488,1,0,1e+08,4384755905510,4384756666673,4384757485317,4384757636277,4384757663573,4384757920713,4384758040721,4384758040745,16,21.3523,7.61163,8.18644,1.5096,0.27296,2.5714,1.20008
489,1,0,1e+08,4384758672541,4384758895091,4384759194099,4384759264351,4384759281935,4384759438955,4384759568259,4384759568283,16,8.95742,2.2255,2.99008,0.70252,0.17584,1.5702,1.29304
490,1,0,1e+08,4384760523611,4384761483664,4384762138670,4384762254118,4384762272870,4384762513142,4384762674738,4384762674762,16,21.5115,9.60053,6.55006,1.15448,0.18752,2.40272,1.61596
491,1,0,1e+08,4384763288719,4384764237202,4384764928268,4384765000332,4384765043788,4384765290620,4384765449080,4384765449112,16,21.6039,9.48483,6.91066,0.72064,0.43456,2.46832,1.5846
492,1,0,1e+08,4384766036477,4384766421710,4384767562874,4384767741314,4384767764586,4384768056986,4384768186630,4384768186658,16,21.5018,3.85233,11.4116,1.7844,0.23272,2.924,1.29644
493,1,0,1e+08,4384768930791,4384769181631,4384769482795,4384769541567,4384769560323,4384769718783,4384769916255,4384769916279,16,9.85488,2.5084,3.01164,0.58772,0.18756,1.5846,1.97472
494,1,0,1e+08,4384770950946,4384771838920,4384772623760,4384772697164,4384772724540,4384772996640,4384773142600,4384773142624,16,21.9168,8.87974,7.8484,0.73404,0.27376,2.721,1.4596
495,1,0,1e+08,4384773805165,4384774220310,4384775325269,4384775404153,4384775431285,4384775712129,4384775841013,4384775841049,16,20.3588,4.15145,11.0496,0.78884,0.27132,2.80844,1.28884
496,1,0,1e+08,4384776617951,4384777462367,4384778284308,4384778361096,4384778387136,4384778649972,4384778771060,4384778771088,16,21.5314,8.44416,8.21941,0.76788,0.2604,2.62836,1.21088
497,1,0,1e+08,4384779499791,4384780476238,4384781104678,4384781182354,4384781226010,4384781458510,4384781581706,4384781581738,16,20.8195,9.76447,6.2844,0.77676,0.43656,2.325,1.23196
498,1,0,1e+08,4384782260608,4384783319661,4384783938861,4384784019905,4384784058833,4384784282925,4384784406933,4384784406957,16,21.4635,10.5905,6.192,0.81044,0.38928,2.24092,1.24008
499,1,0,1e+08,4384785071609,4384785656789,4384786662502,4384786835994,4384786857894,4384787109030,4384787233142,4384787233174,16,21.6156,5.8518,10.0571,1.73492,0.219,2.51136,1.24112
500,1,0,1e+08,4384787954207,4384788884824,4384789591265,4384789753029,4384789772429,4384790006133,4384790124669,4384790124693,16,21.7049,9.30617,7.06441,1.61764,0.194,2.33704,1.18536
501,1,0,1e+08,4384790810790,4384791449629,4384792367764,4384792502556,4384792524532,4384792782096,4384792906740,4384792906772,16,20.9598,6.38839,9.18135,1.34792,0.21976,2.57564,1.24644
502,1,0,1e+08,4384793676337,4384794625732,4384795328324,4384795482464,4384795499532,4384795748800,4384795871212,4384795871236,16,21.949,9.49395,7.02592,1.5414,0.17068,2.49268,1.22412
503,1,0,1e+08,4384796496957,4384797275797,4384798099589,4384798251669,4384798274405,4384798522765,4384798646593,4384798646625,16,21.4967,7.7884,8.23792,1.5208,0.22736,2.4836,1.23828
504,1,0,1e+08,4384799342312,4384799920513,4384800871542,4384800960190,4384800983326,4384801292102,4384801425674,4384801425698,16,20.8339,5.78201,9.51029,0.88648,0.23136,3.08776,1.33572
505,1,0,1e+08,4384802149804,4384802826928,4384803759864,4384803841188,4384803870672,4384804139916,4384804287104,4384804287136,16,21.3733,6.77124,9.32936,0.81324,0.29484,2.69244,1.47188
506,1,0,1e+08,4384804972634,4384805581769,4384806496454,4384806582030,4384806617374,4384806882558,4384807007942,4384807007970,16,20.3534,6.09135,9.14685,0.85576,0.35344,2.65184,1.25384
507,1,0,1e+08,4384807702359,4384808481369,4384809246906,4384809322966,4384809357062,4384809608486,4384809734046,4384809734078,16,20.3172,7.7901,7.65537,0.7606,0.34096,2.51424,1.2556
508,1,0,1e+08,4384810351250,4384811373344,4384811992657,4384812118093,4384812137385,4384812364293,4384812482261,4384812482285,16,21.3103,10.2209,6.19313,1.25436,0.19292,2.26908,1.17968
509,1,0,1e+08,4384813069172,4384813311622,4384813620078,4384813695182,4384813738754,4384813947146,4384814093670,4384814093698,16,10.2453,2.4245,3.08456,0.75104,0.43572,2.08392,1.46524
510,1,0,1e+08,4384815404996,4384815832733,4384816934335,4384817076547,4384817095919,4384817372879,4384817498871,4384817498895,16,20.939,4.27737,11.016,1.42212,0.19372,2.7696,1.25992
511,1,0,1e+08,4384818176128,4384818900046,4384819730811,4384819831219,4384819872107,4384820178039,4384820302795,4384820302823,16,21.267,7.23918,8.30765,1.00408,0.40888,3.05932,1.24756
512,1,0,1e+08,4384820962316,4384821194852,4384821491244,4384821552060,4384821573188,4384821727528,4384821860332,4384821860352,16,8.98036,2.32536,2.96392,0.60816,0.21128,1.5434,1.32804
513,1,0,1e+08,4384822768888,4384823805149,4384824426706,4384824497130,4384824516602,4384824753070,4384824947998,4384824948026,16,21.7914,10.3626,6.21557,0.70424,0.19472,2.36468,1.94928
514,1,0,1e+08,4384825445166,4384825899420,4384826946688,4384827067152,4384827090152,4384827360336,4384827525136,4384827525164,16,20.8,4.54254,10.4727,1.20464,0.23,2.70184,1.648
515,1,0,1e+08,4384828223258,4384829032857,4384829773499,4384829964435,4384829986715,4384830220475,4384830341531,4384830341563,16,21.183,8.09599,7.40642,1.90936,0.2228,2.3376,1.21056
516,1,0,1e+08,4384831030332,4384831484690,4384832539956,4384832670988,4384832696184,4384832957728,4384833079944,4384833079972,16,20.4964,4.54358,10.5527,1.31032,0.25196,2.61544,1.22216
517,1,0,1e+08,4384833684006,4384833960607,4384835184509,4384835263361,4384835317937,4384835628109,4384835757309,4384835757341,16,20.7334,2.76601,12.239,0.78852,0.54576,3.10172,1.292
518,1,0,1e+08,4384836403377,4384837197724,4384838005490,4384838087954,4384838123042,4384838382338,4384838526562,4384838526586,16,21.2321,7.94347,8.07766,0.82464,0.35088,2.59296,1.44224
519,1,0,1e+08,4384839201639,4384839890838,4384840725266,4384840802698,4384840822202,4384841087362,4384841209066,4384841209098,16,20.0746,6.89199,8.34428,0.77432,0.19504,2.6516,1.21704
520,1,0,1e+08,4384841823616,4384842571245,4384843386497,4384843474593,4384843495097,4384843762585,4384843895373,4384843895401,16,20.7178,7.47629,8.15252,0.88096,0.20504,2.67488,1.32788
521,1,0,1e+08,4384844524385,4384845476541,4384846147842,4384846221506,4384846241290,4384846484418,4384846610850,4384846610878,16,20.8649,9.52156,6.71301,0.73664,0.19784,2.43128,1.26432
522,1,0,1e+08,4384847182694,4384847848800,4384848713449,4384848841677,4384848864333,4384849121105,4384849260713,4384849260741,16,20.7805,6.66106,8.64649,1.28228,0.22656,2.56772,1.39608
523,1,0,1e+08,4384849819471,4384850591021,4384851352865,4384851490445,4384851511417,4384851762597,4384851899501,4384851899529,16,20.8006,7.7155,7.61844,1.3758,0.20972,2.5118,1.36904
524,1,0,1e+08,4384852499290,4384853329933,4384854068765,4384854167197,4384854209153,4384854495033,4384854628381,4384854628405,16,21.2911,8.30643,7.38832,0.98432,0.41956,2.8588,1.33348
525,1,0,1e+08,4384855126736,4384855752846,4384856615629,4384856695125,4384856737865,4384857012565,4384857187549,4384857187581,16,20.6085,6.2611,8.62783,0.79496,0.4274,2.747,1.74984
526,1,0,1e+08,4384857861905,4384858731133,4384859473209,4384859547681,4384859567237,4384859817625,4384859936933,4384859936961,16,20.7506,8.69228,7.42076,0.74472,0.19556,2.50388,1.19308
527,1,0,1e+08,4384860648495,4384860857307,4384861157455,4384861215955,4384861236631,4384861391747,4384861533187,4384861533259,16,8.84764,2.08812,3.00148,0.585,0.20676,1.55116,1.4144
528,1,0,1e+08,4384862521157,4384863170195,4384864085102,4384864207766,4384864231054,4384864495306,4384864654846,4384864654870,16,21.3371,6.49038,9.14907,1.22664,0.23288,2.64252,1.5954
529,1,0,1e+08,4384865254610,4384866036366,4384866778680,4384866899272,4384866919008,4384867169388,4384867326292,4384867326324,16,20.7171,7.81756,7.42314,1.20592,0.19736,2.5038,1.56904
530,1,0,1e+08,4384867887700,4384868708555,4384869460889,4384869537741,4384869557565,4384869875737,4384870033669,4384870033693,16,21.4599,8.20855,7.52334,0.76852,0.19824,3.18172,1.57932
531,1,0,1e+08,4384870577079,4384871500806,4384872155504,4384872228964,4384872248276,4384872493868,4384872643828,4384872643860,16,20.6678,9.23727,6.54698,0.7346,0.19312,2.45592,1.4996
532,1,0,1e+08,4384873259440,4384874299455,4384874949054,4384875021550,4384875040778,4384875281354,4384875398986,4384875399014,16,21.3957,10.4002,6.49599,0.72496,0.19228,2.40576,1.17632
533,1,0,1e+08,4384876006280,4384876293468,4384876601132,4384876697164,4384876712680,4384876876800,4384877024680,4384877024704,16,10.1842,2.87188,3.07664,0.96032,0.15516,1.6412,1.4788
534,1,0,1e+08,4384877892776,4384878569542,4384879419594,4384879552722,4384879574882,4384879831010,4384879998786,4384879998810,16,21.0603,6.76766,8.50052,1.33128,0.2216,2.56128,1.67776
535,1,0,1e+08,4384880579306,4384881561162,4384882240365,4384882380009,4384882403117,4384882640985,4384882799937,4384882799965,16,22.2066,9.81856,6.79203,1.39644,0.23108,2.37868,1.58952
536,1,0,1e+08,4384883361628,4384883595505,4384884808726,4384884885446,4384884923490,4384885240886,4384885440914,4384885440942,16,20.7931,2.33877,12.1322,0.7672,0.38044,3.17396,2.00028
537,1,0,1e+08,4384886129172,4384886554295,4384887639425,4384887719349,4384887744009,4384888024789,4384888148597,4384888148633,16,20.1946,4.25123,10.8513,0.79924,0.2466,2.8078,1.23808
538,1,0,1e+08,4384889119564,4384889367577,4384889666345,4384889727433,4384889745937,4384889903637,4384890049333,4384890049353,16,9.29789,2.48013,2.98768,0.61088,0.18504,1.577,1.45696
539,1,0,1e+08,4384890994007,4384891882958,4384892647649,4384892765761,4384892787857,4384893059125,4384893200225,4384893200257,16,22.0625,8.88951,7.64691,1.18112,0.22096,2.71268,1.411
540,1,0,1e+08,4384894259232,4384894767817,4384895765580,4384895914696,4384895932764,4384896207020,4384896332496,4384896332524,16,20.7329,5.08585,9.97763,1.49116,0.18068,2.74256,1.25476
541,1,0,1e+08,4384896946509,4384897493482,4384898475636,4384898618556,4384898641856,4384898898372,4384899023596,4384899023628,16,20.7712,5.46973,9.82154,1.4292,0.233,2.56516,1.25224
542,1,0,1e+08,4384899639625,4384900039683,4384901136480,4384901283792,4384901306596,4384901588096,4384901721672,4384901721700,16,20.8208,4.00058,10.968,1.47312,0.22804,2.815,1.33576
543,1,0,1e+08,4384902483117,4384903238442,4384904049865,4384904217737,4384904244229,4384904487069,4384904609541,4384904609569,16,21.2645,7.55325,8.11423,1.67872,0.26492,2.4284,1.22472
544,1,0,1e+08,4384905228590,4384905944891,4384906732210,4384906814546,4384906863514,4384907133462,4384907279974,4384907280002,16,20.5141,7.16301,7.87319,0.82336,0.48968,2.69948,1.46512
545,1,0,1e+08,4384907966563,4384908426411,4384909510762,4384909591006,4384909612150,4384909890910,4384910013994,4384910014030,16,20.4747,4.59848,10.8435,0.80244,0.21144,2.7876,1.23084
546,1,0,1e+08,4384910719034,4384911506647,4384912266266,4384912342674,4384912373374,4384912624562,4384912747018,4384912747046,16,20.2801,7.87613,7.59619,0.76408,0.307,2.51188,1.22456
547,1,0,1e+08,4384913362866,4384914475195,4384915116209,4384915192989,4384915213273,4384915443433,4384915562497,4384915562529,16,21.9966,11.1233,6.41014,0.7678,0.20284,2.3016,1.19064
548,1,0,1e+08,4384916115175,4384916831990,4384917628065,4384917738769,4384917760917,4384918021761,4384918177521,4384918177545,16,20.6237,7.16815,7.96075,1.10704,0.22148,2.60844,1.5576
549,1,0,1e+08,4384918707306,4384919411729,4384920233822,4384920389122,4384920411006,4384920676894,4384920814522,4384920814554,16,21.0725,7.04423,8.22093,1.553,0.21884,2.65888,1.37628
550,1,0,1e+08,4384921508498,4384922341689,4384923131568,4384923283244,4384923305960,4384923554340,4384923685700,4384923685724,16,21.7723,8.33191,7.89879,1.51676,0.22716,2.4838,1.3136
551,1,0,1e+08,4384924217339,4384924682039,4384925821116,4384925917696,4384925960484,4384926309308,4384926452516,4384926452548,16,22.3521,4.647,11.3908,0.9658,0.42788,3.48824,1.43208
552,1,0,1e+08,4384926904037,4384927529626,4384928400942,4384928491958,4384928526450,4384928799698,4384928999742,4384928999766,16,20.9573,6.25589,8.71316,0.91016,0.34492,2.73248,2.00044
553,1,0,1e+08,4384929706280,4384930420146,4384931310102,4384931383758,4384931403786,4384931665206,4384931819082,4384931819110,16,21.1283,7.13866,8.89956,0.73656,0.20028,2.6142,1.53876
554,1,0,1e+08,4384932368681,4384932725681,4384933831472,4384933915136,4384933936236,4384934218892,4384934375956,4384934375984,16,20.073,3.57,11.0579,0.83664,0.211,2.82656,1.57064
555,1,0,1e+08,4384935116458,4384935828300,4384936687950,4384936815202,4384936839438,4384937098706,4384937223902,4384937223934,16,21.0748,7.11842,8.5965,1.27252,0.24236,2.59268,1.25196
556,1,0,1e+08,4384937852660,4384938086201,4384938405181,4384938516713,4384938535285,4384939291820,4384939544632,4384939544684,16,16.9202,2.33541,3.1898,1.11532,0.18572,7.56535,2.52812
557,1,0,1e+08,4384940740722,4384940996634,4384941325142,4384941491238,4384941614439,4384942451068,4384942641680,4384942641732,16,19.0101,2.55912,3.28508,1.66096,1.23201,8.36629,1.90612
558,1,0,1e+08,4384943556639,4384943783147,4384944180863,4384944245279,4384944263947,4384944513299,4384944753779,4384944753815,16,11.9718,2.26508,3.97716,0.64416,0.18668,2.49352,2.4048
559,1,0,1e+08,4384945310840,4384945579560,4384945933416,4384945994292,4384946011980,4384946202980,4384946339548,4384946339580,16,10.2874,2.6872,3.53856,0.60876,0.17688,1.91,1.36568
560,1,0,1e+08,4384947067100,4384947529893,4384948548398,4384948670542,4384948691518,4384948956846,4384949108126,4384949108150,16,20.4105,4.62793,10.185,1.22144,0.20976,2.65328,1.5128
561,1,0,1e+08,4384949767837,4384950187566,4384951249467,4384951362671,4384951381979,4384951652783,4384951817959,4384951817991,16,20.5015,4.19729,10.619,1.13204,0.19308,2.70804,1.65176
562,1,0,1e+08,4384952478323,4384953017239,4384953987310,4384954117430,4384954139846,4384954403970,4384954567902,4384954567930,16,20.8961,5.38916,9.70071,1.3012,0.22416,2.64124,1.63932
563,1,0,1e+08,4384955249638,4384955880649,4384956801960,4384956880236,4384956899696,4384957218708,4384957411964,4384957412000,16,21.6236,6.31011,9.21311,0.78276,0.1946,3.19012,1.93256
564,1,0,1e+08,4384957976203,4384958339612,4384959471541,4384959548765,4384959568837,4384959862629,4384960018593,4384960018625,16,20.4242,3.63409,11.3193,0.77224,0.20072,2.93792,1.55964
565,1,0,1e+08,4384960857868,4384961241197,4384962338051,4384962412091,4384962443443,4384962720139,4384962843995,4384962844031,16,19.8616,3.83329,10.9685,0.7404,0.31352,2.76696,1.23856
566,1,0,1e+08,4384963687920,4384964453918,4384965319827,4384965392007,4384965418311,4384965679063,4384965807059,4384965807087,16,21.1917,7.65998,8.65909,0.7218,0.26304,2.60752,1.27996
567,1,0,1e+08,4384966372408,4384966608476,4384966910824,4384967029492,4384967045712,4384967204516,4384967326620,4384967326644,16,9.54236,2.36068,3.02348,1.18668,0.1622,1.58804,1.22104
568,1,0,1e+08,4384968382761,4384968857352,4384969931187,4384970073343,4384970098555,4384970367691,4384970513995,4384970514023,16,21.3126,4.74591,10.7384,1.42156,0.25212,2.69136,1.46304
569,1,0,1e+08,4384971198529,4384971462049,4384971761533,4384971820581,4384971839441,4384971994781,4384972114749,4384972114773,16,9.16244,2.6352,2.99484,0.59048,0.1886,1.5534,1.19968
570,1,0,1e+08,4384973562848,4384974117771,4384975010344,4384975088824,4384975125440,4384975417644,4384975587300,4384975587328,16,20.2448,5.54923,8.92573,0.7848,0.36616,2.92204,1.69656
571,1,0,1e+08,4384976331548,4384976823082,4384977913056,4384977992856,4384978020464,4384978299056,4384978425204,4384978425240,16,20.9369,4.91534,10.8997,0.798,0.27608,2.78592,1.26148
572,1,0,1e+08,4384979184093,4384980108378,4384980755084,4384980848580,4384980882396,4384981127036,4384981246824,4384981246848,16,20.6276,9.24285,6.46706,0.93496,0.33816,2.4464,1.19788
573,1,0,1e+08,4384981949196,4384982243861,4384982552685,4384982616249,4384982655517,4384982814389,4384982964365,4384982964389,16,10.1519,2.94665,3.08824,0.63564,0.39268,1.58872,1.49976
574,1,0,1e+08,4384983820796,4384984146480,4384985334940,4384985456444,4384985476460,4384985780228,4384985945476,4384985945504,16,21.2471,3.25684,11.8846,1.21504,0.20016,3.03768,1.65248
575,1,0,1e+08,4384986856120,4384987100004,4384987400024,4384987459076,4384987511896,4384987672140,4384987836548,4384987836576,16,9.80456,2.43884,3.0002,0.59052,0.5282,1.60244,1.64408
576,1,0,1e+08,4384988893768,4384989727169,4384990513369,4384990590185,4384990610573,4384990921513,4384991049613,4384991049641,16,21.5587,8.33401,7.862,0.76816,0.20388,3.1094,1.281
577,1,0,1e+08,4384991635906,4384991842006,4384992143666,4384992207962,4384992245870,4384992405398,4384992523950,4384992523974,16,8.88068,2.061,3.0166,0.64296,0.37908,1.59528,1.18552
578,1,0,1e+08,4384993433101,4384994219093,4384994966938,4384995125902,4384995149030,4384995408046,4384995574702,4384995574730,16,21.4163,7.85992,7.47845,1.58964,0.23128,2.59016,1.66656
579,1,0,1e+08,4384996182928,4384996394446,4384996694618,4384996754194,4384996771510,4384996929218,4384997059994,4384997060018,16,8.7709,2.11518,3.00172,0.59576,0.17316,1.57708,1.30776
580,1,0,1e+08,4384998219265,4384998987568,4384999868048,4384999927056,4384999956920,4385000234624,4385000396660,4385000396684,16,21.7742,7.68303,8.8048,0.59008,0.29864,2.77704,1.62036
581,1,0,1e+08,4385001137223,4385002156367,4385002794488,4385002866444,4385002892376,4385003132164,4385003302952,4385003302980,16,21.6576,10.1914,6.38121,0.71956,0.25932,2.39788,1.70788
582,1,0,1e+08,4385003868940,4385004940218,4385005556854,4385005628658,4385005652486,4385005883586,4385006012758,4385006012782,16,21.4384,10.7128,6.16636,0.71804,0.23828,2.311,1.29172
583,1,0,1e+08,4385006602108,4385007401474,4385008160297,4385008313989,4385008338897,4385008597369,4385008733289,4385008733317,16,21.3121,7.99366,7.58823,1.53692,0.24908,2.58472,1.3592
584,1,0,1e+08,4385009413613,4385010147704,4385010934568,4385011059308,4385011078764,4385011327800,4385011446400,4385011446428,16,20.3282,7.34091,7.86864,1.2474,0.19456,2.49036,1.186
585,1,0,1e+08,4385012211756,4385012893268,4385013731880,4385013862880,4385013886408,4385014135452,4385014259840,4385014259876,16,20.4812,6.81512,8.38612,1.31,0.23528,2.49044,1.24388
586,1,0,1e+08,4385014982782,4385015544088,4385016578416,4385016746240,4385016765780,4385017033276,4385017160184,4385017160212,16,21.7743,5.61306,10.3433,1.67824,0.1954,2.67496,1.26908
587,1,0,1e+08,4385017855664,4385018345033,4385019368152,4385019468496,4385019498936,4385019801172,4385019953296,4385019953328,16,20.9766,4.89369,10.2312,1.00344,0.3044,3.02236,1.52124
588,1,0,1e+08,4385020454762,4385020714813,4385021892242,4385021965390,4385021989450,4385022280994,4385022457806,4385022457838,16,20.0308,2.60051,11.7743,0.73148,0.2406,2.91544,1.76812
589,1,0,1e+08,4385023505263,4385024515968,4385025168229,4385025220629,4385025235661,4385025476405,4385025612253,4385025612285,16,21.0702,10.107,6.52261,0.524,0.15032,2.40744,1.35848
590,1,0,1e+08,4385026290343,4385027129462,4385027874465,4385027952901,4385027972513,4385028222241,4385028342033,4385028342061,16,20.5172,8.39119,7.45003,0.78436,0.19612,2.49728,1.19792
591,1,0,1e+08,4385029055091,4385029241815,4385029543091,4385029602023,4385029638075,4385029796203,4385029938435,4385029938503,16,8.83412,1.86724,3.01276,0.58932,0.36052,1.58128,1.42232
592,1,0,1e+08,4385030958063,4385031198503,4385031496743,4385031559315,4385031575859,4385031736003,4385031888163,4385031888183,16,9.3012,2.4044,2.9824,0.62572,0.16544,1.60144,1.5216
593,1,0,1e+08,4385032866070,4385033899874,4385034517982,4385034577130,4385034622654,4385034857210,4385035036618,4385035036646,16,21.7058,10.338,6.18108,0.59148,0.45524,2.34556,1.79408
594,1,0,1e+08,4385035721348,4385036131584,4385037235428,4385037297564,4385037316428,4385037601592,4385037767008,4385037767036,16,20.4569,4.10236,11.0384,0.62136,0.18864,2.85164,1.65416
595,1,0,1e+08,4385038434976,4385038638656,4385038940268,4385038998208,4385039031464,4385039191944,4385039332704,4385039332728,16,8.97752,2.0368,3.01612,0.5794,0.33256,1.6048,1.4076
596,1,0,1e+08,4385040451351,4385041088246,4385041993489,4385042110733,4385042128017,4385042391961,4385042552613,4385042552637,16,21.0129,6.36895,9.05243,1.17244,0.17284,2.63944,1.60652
597,1,0,1e+08,4385043141139,4385043367653,4385043667005,4385043726209,4385043742089,4385043901233,4385044034161,4385044034185,16,8.93046,2.26514,2.99352,0.59204,0.1588,1.59144,1.32928
598,1,0,1e+08,4385045022404,4385045528179,4385046562973,4385046627777,4385046662689,4385046947301,4385047087977,4385047088005,16,20.656,5.05775,10.3479,0.64804,0.34912,2.84612,1.40676
599,1,0,1e+08,4385047987663,4385049004463,4385049655848,4385049714888,4385049732928,4385049986600,4385050151432,4385050151464,16,21.638,10.168,6.51385,0.5904,0.1804,2.53672,1.64832
600,1,0,1e+08,4385051177580,4385052156122,4385052826602,4385052900366,4385052917850,4385053161442,4385053282990,4385053283018,16,21.0544,9.78542,6.7048,0.73764,0.17484,2.43592,1.21548
601,1,0,1e+08,4385053909439,4385054918500,4385055535577,4385055601517,4385055618337,4385055848441,4385055965577,4385055965609,16,20.5617,10.0906,6.17077,0.6594,0.1682,2.30104,1.17136
602,1,0,1e+08,4385056579438,4385057626116,4385058248845,4385058319361,4385058356885,4385058586517,4385058718529,4385058718553,16,21.3911,10.4668,6.22729,0.70516,0.37524,2.29632,1.32012
603,1,0,1e+08,4385059215480,4385060062040,4385060841069,4385060960429,4385060981573,4385061247057,4385061387973,4385061388005,16,21.7253,8.4656,7.79029,1.1936,0.21144,2.65484,1.40916
604,1,0,1e+08,4385062051342,4385062642108,4385063585805,4385063727909,4385063751153,4385064011017,4385064141069,4385064141093,16,20.8975,5.90766,9.43697,1.42104,0.23244,2.59864,1.30052
605,1,0,1e+08,4385064726366,4385065648719,4385066392910,4385066520386,4385066541098,4385066783526,4385066903874,4385066903906,16,21.7754,9.22353,7.44191,1.27476,0.20712,2.42428,1.20348
606,1,0,1e+08,4385067573833,4385068140167,4385069092025,4385069163285,4385069253301,4385069575757,4385069699205,4385069699233,16,21.254,5.66334,9.51858,0.7126,0.90016,3.22456,1.23448
607,1,0,1e+08,4385070352822,4385071178313,4385071953801,4385072023181,4385072043149,4385072305229,4385072454341,4385072454373,16,21.0155,8.25491,7.75488,0.6938,0.19968,2.6208,1.49112
608,1,0,1e+08,4385073140563,4385073932969,4385074785429,4385074853109,4385074872241,4385075139065,4385075261129,4385075261157,16,21.2059,7.92406,8.5246,0.6768,0.19132,2.66824,1.22064
609,1,0,1e+08,4385075965287,4385076220211,4385077457908,4385077534428,4385077578144,4385077889240,4385078019120,4385078019152,16,20.5386,2.54924,12.377,0.7652,0.43716,3.11096,1.2988
610,1,0,1e+08,4385078855296,4385079113582,4385079414038,4385079473582,4385079492726,4385079652890,4385079815166,4385079815186,16,9.5989,2.58286,3.00456,0.59544,0.19144,1.60164,1.62276
611,1,0,1e+08,4385080719150,4385081037761,4385081340661,4385081399741,4385081442413,4385081618213,4385081750805,4385081750829,16,10.3168,3.18611,3.029,0.5908,0.42672,1.758,1.32592
612,1,0,1e+08,4385082546187,4385083102550,4385083999636,4385084063176,4385084085324,4385084352380,4385084488644,4385084488672,16,19.4248,5.56363,8.97086,0.6354,0.22148,2.67056,1.36264
613,1,0,1e+08,4385085308493,4385086072264,4385086852861,4385086924313,4385086966429,4385087231289,4385087442857,4385087442889,16,21.344,7.63771,7.80597,0.71452,0.42116,2.6486,2.11568
614,1,0,1e+08,4385088039205,4385088922225,4385089681175,4385089769131,4385089794359,4385090048619,4385090216919,4385090216943,16,21.7774,8.8302,7.5895,0.87956,0.25228,2.5426,1.683
615,1,0,1e+08,4385090995607,4385091816981,4385092570462,4385092709058,4385092734430,4385092985466,4385093117294,4385093117322,16,21.2172,8.21374,7.53481,1.38596,0.25372,2.51036,1.31828
616,1,0,1e+08,4385094016569,4385095032005,4385095677246,4385095756790,4385095774718,4385096012814,4385096138838,4385096138862,16,21.2229,10.1544,6.45241,0.79544,0.17928,2.38096,1.26024
617,1,0,1e+08,4385096831277,4385097696298,4385098459114,4385098614434,4385098637654,4385098880290,4385099015530,4385099015570,16,21.8429,8.65021,7.62816,1.5532,0.2322,2.42636,1.3524
618,1,0,1e+08,4385099578553,4385099784179,4385100088179,4385100146895,4385100170431,4385100337291,4385100486987,4385100487007,16,9.08454,2.05626,3.04,0.58716,0.23536,1.6686,1.49696
619,1,0,1e+08,4385101584798,4385102295220,4385103187800,4385103258072,4385103276872,4385103551224,4385103751848,4385103751880,16,21.6708,7.10422,8.9258,0.70272,0.188,2.74352,2.00624
620,1,0,1e+08,4385104523249,4385105297113,4385106048485,4385106125637,4385106162873,4385106422581,4385106571669,4385106571697,16,20.4845,7.73864,7.51372,0.77152,0.37236,2.59708,1.49088
621,1,0,1e+08,4385107318747,4385107894045,4385108884314,4385108960238,4385108983550,4385109255174,4385109383294,4385109383326,16,20.6458,5.75298,9.90269,0.75924,0.23312,2.71624,1.2812
622,1,0,1e+08,4385110079221,4385110624636,4385111591031,4385111656907,4385111680375,4385111953135,4385112097287,4385112097315,16,20.1809,5.45415,9.66395,0.65876,0.23468,2.7276,1.44152
623,1,0,1e+08,4385112941203,4385113821549,4385114584340,4385114669884,4385114703396,4385114952436,4385115074408,4385115074440,16,21.3324,8.80346,7.62791,0.85544,0.33512,2.4904,1.21972
624,1,0,1e+08,4385115747733,4385116362289,4385117292303,4385117435287,4385117457603,4385117739891,4385117863147,4385117863175,16,21.1544,6.14556,9.30014,1.42984,0.22316,2.82288,1.23256
625,1,0,1e+08,4385118492008,4385118770845,4385119070301,4385119129193,4385119165897,4385119405209,4385119983164,4385119983349,16,14.9134,2.78837,2.99456,0.58892,0.36704,2.39312,5.77955
626,1,0,1e+08,4385121646112,4385121895310,4385122192698,4385122267374,4385122300814,4385123119951,4385123370881,4385123370933,16,17.2482,2.49198,2.97388,0.74676,0.3344,8.19137,2.5093
627,1,0,1e+08,4385124681751,4385124886248,4385126128381,4385126249409,4385126266025,4385126610193,4385126748293,4385126748333,16,20.6658,2.04497,12.4213,1.21028,0.16616,3.44168,1.381
628,1,0,1e+08,4385127573962,4385127812099,4385128110247,4385128168907,4385128221803,4385128432015,4385128627363,4385128627383,16,10.5342,2.38137,2.98148,0.5866,0.52896,2.10212,1.95348
629,1,0,1e+08,4385129731987,4385130051231,4385130355515,4385130414383,4385130436071,4385130590467,4385130705491,4385130705515,16,9.73528,3.19244,3.04284,0.58868,0.21688,1.54396,1.15024
630,1,0,1e+08,4385132020571,4385132837713,4385133579257,4385133653033,4385133698793,4385133961277,4385134114297,4385134114325,16,20.9375,8.17142,7.41544,0.73776,0.4576,2.62484,1.5302
631,1,0,1e+08,4385134696520,4385134989445,4385135282393,4385135363153,4385135378321,4385135532085,4385135662609,4385135662633,16,9.66113,2.92925,2.92948,0.8076,0.15168,1.53764,1.30524
632,1,0,1e+08,4385136652248,4385137503438,4385138255392,4385138376784,4385138398340,4385138652548,4385138810980,4385138811004,16,21.5876,8.5119,7.51954,1.21392,0.21556,2.54208,1.58432
633,1,0,1e+08,4385139386734,4385140084471,4385141018092,4385141120440,4385141162340,4385141488264,4385141645112,4385141645144,16,22.5841,6.97737,9.33621,1.02348,0.419,3.25924,1.56848
634,1,0,1e+08,4385142242554,4385143082662,4385143857972,4385143930540,4385143949448,4385144231164,4385144383356,4385144383384,16,21.4083,8.40108,7.7531,0.72568,0.18908,2.81716,1.52192
635,1,0,1e+08,4385145060817,4385145846007,4385146584644,4385146657528,4385146676532,4385146932248,4385147063920,4385147063952,16,20.0313,7.8519,7.38637,0.72884,0.19004,2.55716,1.31672
636,1,0,1e+08,4385147806898,4385148362447,4385149411008,4385149495624,4385149519544,4385149799172,4385149923068,4385149923096,16,21.162,5.55549,10.4856,0.84616,0.2392,2.79628,1.23896
637,1,0,1e+08,4385150652602,4385151112906,4385152164617,4385152263133,4385152306373,4385152584901,4385152719949,4385152719981,16,20.6738,4.60304,10.5171,0.98516,0.4324,2.78528,1.35048
638,1,0,1e+08,4385154763490,4385155096566,4385155533610,4385155621086,4385155657634,4385155935641,4385156502306,4385156502390,16,17.389,3.33076,4.37044,0.87476,0.36548,2.78007,5.66665
639,1,0,1e+08,4385158297368,4385159209012,4385159918006,4385160027858,4385160047714,4385160304098,4385160442982,4385160443018,16,21.4565,9.11644,7.08994,1.09852,0.19856,2.56384,1.38884
640,1,0,1e+08,4385162292603,4385162598795,4385163131471,4385163397742,4385163445742,4385164311101,4385164500741,4385164500789,16,22.0819,3.06192,5.32676,2.66271,0.48,8.65359,1.8964
641,1,0,1e+08,4385166721192,4385167142746,4385167648590,4385167756998,4385167795938,4385167997134,4385168124826,4385168124862,16,14.0367,4.21554,5.05844,1.08408,0.3894,2.01196,1.27692
642,1,0,1e+08,4385169850264,4385170136280,4385170606140,4385170706784,4385170739568,4385171444398,4385171709577,4385171709629,16,18.5937,2.86016,4.6986,1.00644,0.32784,7.0483,2.65179
643,1,0,1e+08,4385173270389,4385173692625,4385174411133,4385174478249,4385174497565,4385174723513,4385174866349,4385174866381,16,15.9599,4.22236,7.18508,0.67116,0.19316,2.25948,1.42836
644,1,0,1e+08,4385174979157,4385175311846,4385176421285,4385176485137,4385176530745,4385176809337,4385176969705,4385176969733,16,19.9058,3.32689,11.0944,0.63852,0.45608,2.78592,1.60368
645,1,0,1e+08,4385177795887,4385178467838,4385179325198,4385179449178,4385179467154,4385179727082,4385179883758,4385179883790,16,20.879,6.71951,8.5736,1.2398,0.17976,2.59928,1.56676
646,1,0,1e+08,4385180547458,4385180915708,4385182034928,4385182135880,4385182153828,4385182435536,4385182610812,4385182610840,16,20.6338,3.6825,11.1922,1.00952,0.17948,2.81708,1.75276
647,1,0,1e+08,4385183170249,4385183420679,4385184608317,4385184691085,4385184717565,4385185048233,4385185208637,4385185208669,16,20.3842,2.5043,11.8764,0.82768,0.2648,3.30668,1.60404
648,1,0,1e+08,4385186007951,4385186619534,4385187505172,4385187586624,4385187605996,4385187886244,4385188057888,4385188057912,16,20.4996,6.11583,8.85638,0.81452,0.19372,2.80248,1.71644
649,1,0,1e+08,4385188830258,4385189335791,4385190368600,4385190440612,4385190460216,4385190737048,4385190893832,4385190893868,16,20.6361,5.05533,10.3281,0.72012,0.19604,2.76832,1.56784
650,1,0,1e+08,4385191639533,4385191887113,4385192189901,4385192252757,4385192271513,4385192424917,4385192586805,4385192586825,16,9.47292,2.4758,3.02788,0.62856,0.18756,1.53404,1.61888
651,1,0,1e+08,4385193462446,4385193696031,4385193996251,4385194080471,4385194102967,4385194301383,4385194435811,4385194435839,16,9.73393,2.33585,3.0022,0.8422,0.22496,1.98416,1.34428
652,1,0,1e+08,4385195376516,4385195630125,4385195925401,4385195985013,4385196019581,4385196178661,4385196305649,4385196305669,16,9.29153,2.53609,2.95276,0.59612,0.34568,1.5908,1.26988
653,1,0,1e+08,4385197217278,4385198181212,4385198964274,4385199031886,4385199065462,4385199332446,4385199476938,4385199476970,16,22.5969,9.63934,7.83062,0.67612,0.33576,2.66984,1.44492
654,1,0,1e+08,4385200163034,4385200883966,4385201732385,4385201841193,4385201864237,4385202134261,4385202270861,4385202270889,16,21.0785,7.20932,8.48419,1.08808,0.23044,2.70024,1.366
655,1,0,1e+08,4385203112734,4385204176309,4385204935828,4385204999884,4385205040988,4385205335140,4385205495516,4385205495604,16,23.8287,10.6357,7.59519,0.64056,0.41104,2.94152,1.60376
656,1,0,1e+08,4385206102228,4385206911966,4385207659048,4385207777300,4385207797900,4385208056148,4385208214380,4385208214404,16,21.1218,8.09738,7.47082,1.18252,0.206,2.58248,1.58232
657,1,0,1e+08,4385208902130,4385209569274,4385210427486,4385210513546,4385210574874,4385210832978,4385210993758,4385210993790,16,20.9166,6.67144,8.58212,0.8606,0.61328,2.58104,1.6078
658,1,0,1e+08,4385211638004,4385211889597,4385213062392,4385213194396,4385213215112,4385213523184,4385213675932,4385213675960,16,20.3796,2.51593,11.7279,1.32004,0.20716,3.08072,1.52748
659,1,0,1e+08,4385214465940,4385214700556,4385215927300,4385216031280,4385216095468,4385216402724,4385216539536,4385216539572,16,20.7363,2.34616,12.2674,1.0398,0.64188,3.07256,1.36812
660,1,0,1e+08,4385217659537,4385218085856,4385219082682,4385219219418,4385219238626,4385219507954,4385219628106,4385219628134,16,19.686,4.26319,9.96826,1.36736,0.19208,2.69328,1.20152
661,1,0,1e+08,4385220327373,4385221120914,4385221926563,4385222009739,4385222031011,4385222331287,4385222458675,4385222458707,16,21.3133,7.93541,8.05649,0.83176,0.21272,3.00276,1.27388
662,1,0,1e+08,4385223079468,4385223771072,4385224630414,4385224711978,4385224734846,4385224999186,4385225139822,4385225139850,16,20.6038,6.91604,8.59342,0.81564,0.22868,2.6434,1.40636
663,1,0,1e+08,4385225888480,4385226115149,4385226415857,4385226474829,4385226495189,4385226649693,4385226820561,4385226820585,16,9.32105,2.26669,3.00708,0.58972,0.2036,1.54504,1.70868
664,1,0,1e+08,4385227822951,4385228556575,4385229342221,4385229492909,4385229517689,4385229769237,4385229928729,4385229928753,16,21.058,7.33624,7.85646,1.50688,0.2478,2.51548,1.59492
665,1,0,1e+08,4385230669307,4385231508786,4385232268789,4385232388153,4385232409925,4385232662189,4385232788865,4385232788897,16,21.1959,8.39479,7.60003,1.19364,0.21772,2.52264,1.26676
666,1,0,1e+08,4385233397938,4385233865889,4385234954429,4385235082365,4385235103321,4385235384649,4385235522037,4385235522065,16,21.2413,4.67951,10.8854,1.27936,0.20956,2.81328,1.37388
667,1,0,1e+08,4385236210871,4385236986455,4385237769356,4385237868804,4385237905764,4385238190376,4385238317872,4385238317900,16,21.0703,7.75584,7.82901,0.99448,0.3696,2.84612,1.27496
668,1,0,1e+08,4385239076420,4385239902813,4385240658842,4385240736026,4385240758250,4385241042642,4385241160862,4385241160890,16,20.8447,8.26393,7.56029,0.77184,0.22224,2.84392,1.1822
669,1,0,1e+08,4385241990822,4385242433425,4385243590528,4385243670608,4385243693332,4385243987932,4385244142888,4385244142924,16,21.521,4.42603,11.571,0.8008,0.22724,2.946,1.54956
670,1,0,1e+08,4385244907657,4385245325303,4385246442597,4385246521597,4385246557113,4385246830313,4385246958941,4385246958969,16,20.5131,4.17646,11.1729,0.79,0.35516,2.732,1.28628
671,1,0,1e+08,4385247867793,4385248107177,4385249294729,4385249370545,4385249399069,4385249706825,4385249835037,4385249835077,16,19.6728,2.39384,11.8755,0.75816,0.28524,3.07756,1.28212
672,1,0,1e+08,4385250672349,4385251653989,4385252333994,4385252405082,4385252425930,4385252670874,4385252790698,4385252790722,16,21.1837,9.8164,6.80005,0.71088,0.20848,2.44944,1.19824
673,1,0,1e+08,4385253433848,4385253744648,4385254058816,4385254122740,4385254158016,4385254329976,4385254467656,4385254467680,16,10.3383,3.108,3.14168,0.63924,0.35276,1.7196,1.3768
674,1,0,1e+08,4385255255396,4385255501236,4385255803384,4385255868364,4385255906868,4385256063572,4385256185720,4385256185740,16,9.30344,2.4584,3.02148,0.6498,0.38504,1.56704,1.22148
675,1,0,1e+08,4385257180424,4385257474636,4385257775484,4385257835292,4385257872924,4385258028840,4385258166140,4385258166164,16,9.8574,2.94212,3.00848,0.59808,0.37632,1.55916,1.373
676,1,0,1e+08,4385258785090,4385259010606,4385259311646,4385259386246,4385259407326,4385259584702,4385259795418,4385259795438,16,10.1035,2.25516,3.0104,0.746,0.2108,1.77376,2.10716
677,1,0,1e+08,4385260749432,4385261431110,4385262373278,4385262450774,4385262478318,4385262771046,4385262960646,4385262960678,16,22.1125,6.81678,9.42168,0.77496,0.27544,2.92728,1.896
678,1,0,1e+08,4385263612161,4385264181191,4385265106700,4385265179036,4385265197624,4385265468484,4385265644236,4385265644264,16,20.321,5.6903,9.25509,0.72336,0.18588,2.7086,1.75752
679,1,0,1e+08,4385266259590,4385266511506,4385266809442,4385266874442,4385266890526,4385267050246,4385267177690,4385267177718,16,9.18128,2.51916,2.97936,0.65,0.16084,1.5972,1.27444
680,1,0,1e+08,4385268044468,4385268414933,4385269528266,4385269664030,4385269685330,4385269955370,4385270091754,4385270091782,16,20.4731,3.70465,11.1333,1.35764,0.213,2.7004,1.36384
681,1,0,1e+08,4385270950070,4385271349130,4385272493578,4385272613542,4385272632798,4385272918934,4385273079394,4385273079426,16,21.2936,3.9906,11.4445,1.19964,0.19256,2.86136,1.6046
682,1,0,1e+08,4385273796305,4385274027217,4385274324565,4385274383049,4385274416085,4385274572297,4385274703013,4385274703037,16,9.06732,2.30912,2.97348,0.58484,0.33036,1.56212,1.30716
683,1,0,1e+08,4385275750959,4385275994669,4385276292825,4385276352289,4385276385673,4385276550297,4385276679521,4385276679545,16,9.28586,2.4371,2.98156,0.59464,0.33384,1.64624,1.29224
684,1,0,1e+08,4385277478631,4385277727667,4385278028323,4385278096439,4385278120963,4385278282255,4385278458095,4385278458115,16,9.79484,2.49036,3.00656,0.68116,0.24524,1.61292,1.7584
685,1,0,1e+08,4385279387943,4385279630287,4385279927855,4385280008907,4385280031839,4385280193923,4385280356439,4385280356463,16,9.6852,2.42344,2.97568,0.81052,0.22932,1.62084,1.62516
686,1,0,1e+08,4385281155222,4385281429490,4385281741918,4385281862390,4385281878542,4385282038026,4385282164974,4385282164994,16,10.0977,2.74268,3.12428,1.20472,0.16152,1.59484,1.26948
687,1,0,1e+08,4385283053712,4385283282750,4385283582458,4385283641742,4385283674458,4385283837014,4385283975482,4385283975506,16,9.21794,2.29038,2.99708,0.59284,0.32716,1.62556,1.38468
688,1,0,1e+08,4385284880084,4385285566133,4385285904301,4385285986877,4385286010045,4385286171133,4385286337917,4385286337937,16,14.5785,6.86049,3.38168,0.82576,0.23168,1.61088,1.66784
689,1,0,1e+08,4385286539600,4385293974870,4385294397838,4385294538110,4385294553150,4385294712026,4385294822134,4385294822158,16,82.8256,74.3527,4.22968,1.40272,0.1504,1.58876,1.10108
690,1,0,1e+08,4385294846034,4385296546209,4385296868301,4385296924057,4385296943201,4385297760978,4385298030449,4385298030497,16,31.8446,17.0018,3.22092,0.55756,0.19144,8.17777,2.69471
691,1,0,1e+08,4385298056009,4385299834787,4385300595197,4385300892088,4385300916104,4385301443614,4385301612138,4385301612186,16,35.5618,17.7878,7.6041,2.96891,0.24016,5.2751,1.68524
692,1,0,1e+08,4385301638954,4385304381728,4385305005400,4385305059696,4385305114336,4385305379848,4385305496604,4385305496628,16,38.5767,27.4277,6.23672,0.54296,0.5464,2.65512,1.16756
693,1,0,1e+08,4385305521980,4385307375402,4385307678074,4385307743246,4385307775766,4385307933614,4385308083702,4385308083726,16,25.6175,18.5342,3.02672,0.65172,0.3252,1.57848,1.50088
694,1,0,1e+08,4385308108874,4385309896791,4385310206427,4385310277639,4385310328203,4385310489391,4385310883743,4385310883893,16,27.7502,17.8792,3.09636,0.71212,0.50564,1.61188,3.94352
695,1,0,1e+08,4385310943039,4385312892648,4385313267056,4385313351932,4385313395436,4385313572788,4385313703400,4385313703424,16,27.6038,19.4961,3.74408,0.84876,0.43504,1.77352,1.30612
696,1,0,1e+08,4385313727352,4385315485283,4385315818411,4385315910155,4385315951963,4385316140743,4385316248091,4385316248111,16,25.2076,17.5793,3.33128,0.91744,0.41808,1.8878,1.07348
697,1,0,1e+08,4385316272275,4385318381412,4385319301289,4385319443489,4385319460909,4385319745045,4385319867037,4385319867069,16,35.9479,21.0914,9.19877,1.422,0.1742,2.84136,1.21992
698,1,0,1e+08,4385319890453,4385321683851,4385322003147,4385322091615,4385322145259,4385322356087,4385322470431,4385322470451,16,25.8,17.934,3.19296,0.88468,0.53644,2.10828,1.14344
699,1,0,1e+08,4385322495007,4385324222755,4385324528311,4385324594323,4385324645127,4385325394752,4385325624979,4385325625039,16,31.3003,17.2775,3.05556,0.66012,0.50804,7.49625,2.30227
700,1,0,1e+08,4385325650687,4385327537174,4385327911110,4385327976726,4385327998662,4385328231211,4385328771130,4385328771280,16,31.2059,18.8649,3.73936,0.65616,0.21936,2.32549,5.39919
701,1,0,1e+08,4385328956146,4385330634529,4385330998741,4385331080905,4385331119321,4385331279293,4385331411877,4385331411905,16,24.5576,16.7838,3.64212,0.82164,0.38416,1.59972,1.32584
702,1,0,1e+08,4385331444637,4385333679465,4385334470393,4385334540517,4385334580873,4385334905669,4385335034365,4385335034393,16,35.8976,22.3483,7.90928,0.70124,0.40356,3.24796,1.28696
703,1,0,1e+08,4385335059809,4385337602092,4385338229640,4385338345740,4385338362096,4385338600552,4385338724260,4385338724296,16,36.6449,25.4228,6.27548,1.161,0.16356,2.38456,1.23708
704,1,0,1e+08,4385338749304,4385340589581,4385341815708,4385341963868,4385341981056,4385342342492,4385342477060,4385342477096,16,37.2779,18.4028,12.2613,1.4816,0.17188,3.61436,1.34568
705,1,0,1e+08,4385342505196,4385345008657,4385345688494,4385345744054,4385345799898,4385346094718,4385346224286,4385346224322,16,37.1913,25.0346,6.79837,0.5556,0.55844,2.9482,1.29568
706,1,0,1e+08,4385346249766,4385348150011,4385348451915,4385348517451,4385348535215,4385348741482,4385349306610,4385349306694,16,30.5693,19.0024,3.01904,0.65536,0.17764,2.06267,5.65128
707,1,0,1e+08,4385349339238,4385351221629,4385351578949,4385351666529,4385351710285,4385351877469,4385351989105,4385351989129,16,26.4989,18.8239,3.5732,0.8758,0.43756,1.67184,1.11636
708,1,0,1e+08,4385352013861,4385353919141,4385354218461,4385354283129,4385354335857,4385354523201,4385354632881,4385354632901,16,26.1904,19.0528,2.9932,0.64668,0.52728,1.87344,1.0968
709,1,0,1e+08,4385354657717,4385357197465,4385357907721,4385357960801,4385358034485,4385358303385,4385358426973,4385358427001,16,37.6928,25.3975,7.10256,0.5308,0.73684,2.689,1.23588
710,1,0,1e+08,4385358450897,4385360195460,4385360496480,4385360559580,4385360633276,4385361339741,4385361585690,4385361585742,16,31.3484,17.4456,3.0102,0.631,0.73696,7.06465,2.45949
711,1,0,1e+08,4385361611371,4385363388627,4385363690115,4385363753207,4385363770995,4385363927999,4385364071511,4385364071535,16,24.6016,17.7726,3.01488,0.63092,0.17788,1.57004,1.43512
712,1,0,1e+08,4385364102759,4385366530808,4385367167632,4385367299476,4385367314888,4385367586620,4385367710400,4385367710424,16,36.0767,24.2805,6.36824,1.31844,0.15412,2.71732,1.2378
713,1,0,1e+08,4385367736140,4385369577119,4385369879971,4385369944755,4385369962795,4385370120119,4385370228763,4385370228791,16,24.9265,18.4098,3.02852,0.64784,0.1804,1.57324,1.08644
714,1,0,1e+08,4385370253639,4385372703752,4385373417802,4385373470826,4385373493614,4385373741954,4385373861250,4385373861278,16,36.0764,24.5011,7.1405,0.53024,0.22788,2.4834,1.19296
715,1,0,1e+08,4385373888302,4385375782045,4385376859608,4385376916556,4385376940260,4385377220792,4385377344548,4385377344588,16,34.5629,18.9374,10.7756,0.56948,0.23704,2.80532,1.23756
716,1,0,1e+08,4385377369616,4385379123948,4385379437024,4385379502924,4385379521148,4385379679644,4385379820904,4385379820924,16,24.5131,17.5433,3.13076,0.659,0.18224,1.58496,1.4126
717,1,0,1e+08,4385379845216,4385381705261,4385382013457,4385382077977,4385382130549,4385382320637,4385382434965,4385382434993,16,25.8978,18.6005,3.08196,0.6452,0.52572,1.90088,1.14328
718,1,0,1e+08,4385382460397,4385384305899,4385385574748,4385385697192,4385385713784,4385386065200,4385386198888,4385386198916,16,37.3852,18.455,12.6885,1.22444,0.16592,3.51416,1.33688
719,1,0,1e+08,4385386223056,4385387928089,4385388229125,4385388289821,4385388342801,4385389108754,4385389327424,4385389327580,16,31.0452,17.0503,3.01036,0.60696,0.5298,7.65953,2.1867
720,1,0,1e+08,4385389353208,4385391056025,4385391393225,4385391475973,4385391519997,4385391712865,4385391822337,4385391822357,16,24.6915,17.0282,3.372,0.82748,0.44024,1.92868,1.09472
721,1,0,1e+08,4385391847205,4385393608357,4385393955649,4385394104813,4385394125537,4385394289401,4385394404929,4385394404957,16,25.5775,17.6115,3.47292,1.49164,0.20724,1.63864,1.15528
722,1,0,1e+08,4385394430777,4385396258818,4385396563574,4385396627594,4385396678606,4385396839278,4385396964058,4385396964078,16,25.333,18.2804,3.04756,0.6402,0.51012,1.60672,1.2478
723,1,0,1e+08,4385397053318,4385398769323,4385399083407,4385399152743,4385399170899,4385399329995,4385399439647,4385399439671,16,23.8635,17.16,3.14084,0.69336,0.18156,1.59096,1.09652
724,1,0,1e+08,4385399464547,4385401602697,4385402060669,4385402124977,4385402149669,4385402333537,4385402442185,4385402442205,16,29.7766,21.3815,4.57972,0.64308,0.24692,1.83868,1.08648
725,1,0,1e+08,4385402466001,4385404226115,4385404530327,4385404597699,4385404621383,4385404775751,4385404887951,4385404887975,16,24.2197,17.6011,3.04212,0.67372,0.23684,1.54368,1.122
726,1,0,1e+08,4385404913315,4385406610918,4385406924890,4385406993358,4385407010986,4385407163326,4385407269722,4385407269742,16,23.5643,16.976,3.13972,0.68468,0.17628,1.5234,1.06396
727,1,0,1e+08,4385407293378,4385409130020,4385410220856,4385410379688,4385410397296,4385410831394,4385410974102,4385410974142,16,36.8076,18.3664,10.9084,1.58832,0.17608,4.34098,1.42708
728,1,0,1e+08,4385410998270,4385412860036,4385413172248,4385413238520,4385413288584,4385413470472,4385413577252,4385413577268,16,25.79,18.6177,3.12212,0.66272,0.50064,1.81888,1.0678
729,1,0,1e+08,4385413600960,4385415375381,4385416425487,4385416581348,4385416599000,4385417031785,4385417175197,4385417175233,16,35.7427,17.7442,10.5011,1.55861,0.17652,4.32785,1.43412
730,1,0,1e+08,4385417199573,4385419101722,4385419851977,4385420018582,4385420074045,4385420575756,4385420753212,4385420753252,16,35.5368,19.0215,7.50255,1.66605,0.55463,5.01711,1.77456
731,1,0,1e+08,4385420778860,4385422594704,4385422900400,4385422970260,4385422988352,4385423146868,4385423257852,4385423257880,16,24.7902,18.1584,3.05696,0.6986,0.18092,1.58516,1.10984
732,1,0,1e+08,4385423282576,4385425681628,4385426399100,4385426513592,4385426528584,4385426785632,4385426907864,4385426907896,16,36.2532,23.9905,7.17472,1.14492,0.14992,2.57048,1.22232
733,1,0,1e+08,4385426933124,4385428713614,4385429026022,4385429099126,4385429124290,4385429285458,4385429438218,4385429438242,16,25.0512,17.8049,3.12408,0.73104,0.25164,1.61168,1.5276
734,1,0,1e+08,4385429468334,4385431928672,4385432678962,4385432734506,4385432774318,4385433056770,4385433179046,4385433179070,16,37.1074,24.6034,7.5029,0.55544,0.39812,2.82452,1.22276
735,1,0,1e+08,4385433203106,4385435698390,4385436386626,4385436445882,4385436486870,4385436769718,4385436895158,4385436895186,16,36.9208,24.9528,6.88236,0.59256,0.40988,2.82848,1.2544
736,1,0,1e+08,4385436920530,4385438785336,4385439088228,4385439155444,4385439174100,4385439333108,4385439462260,4385439462280,16,25.4175,18.6481,3.02892,0.67216,0.18656,1.59008,1.29152
737,1,0,1e+08,4385439488028,4385441387221,4385441691137,4385441757381,4385441775109,4385441933841,4385442068501,4385442068525,16,25.805,18.9919,3.03916,0.66244,0.17728,1.58732,1.3466
738,1,0,1e+08,4385442092481,4385443941665,4385444247409,4385444331277,4385444369265,4385444558481,4385444667981,4385444668001,16,25.7552,18.4918,3.05744,0.83868,0.37988,1.89216,1.095
739,1,0,1e+08,4385444691165,4385446538272,4385447584300,4385447795229,4385447822481,4385448257173,4385448408237,4385448408277,16,37.1711,18.4711,10.4603,2.10929,0.27252,4.34692,1.51064
740,1,0,1e+08,4385448432521,4385450218513,4385450517121,4385450617069,4385450635293,4385450805913,4385450912885,4385450912901,16,24.8038,17.8599,2.98608,0.99948,0.18224,1.7062,1.06972
741,1,0,1e+08,4385450936637,4385452715333,4385453037645,4385453132837,4385453200409,4385453352869,4385453461661,4385453461685,16,25.2505,17.787,3.22312,0.95192,0.67572,1.5246,1.08792
742,1,0,1e+08,4385453486221,4385455364833,4385456519572,4385456669912,4385456686280,4385456976020,4385457100760,4385457100784,16,36.1456,18.7861,11.5474,1.5034,0.16368,2.8974,1.2474
743,1,0,1e+08,4385457124564,4385459440709,4385460183800,4385460280560,4385460295288,4385460545268,4385460667432,4385460667464,16,35.429,23.1614,7.43091,0.9676,0.14728,2.4998,1.22164
744,1,0,1e+08,4385460691656,4385463229905,4385463838930,4385463893718,4385463915874,4385464148254,4385464266654,4385464266686,16,35.7503,25.3825,6.09025,0.54788,0.22156,2.3238,1.184
745,1,0,1e+08,4385464291578,4385466020305,4385467158878,4385467221770,4385467241990,4385467572470,4385467703502,4385467703542,16,34.1196,17.2873,11.3857,0.62892,0.2022,3.3048,1.31032
746,1,0,1e+08,4385467728798,4385469826187,4385470803430,4385470861014,4385470877186,4385471167990,4385471297958,4385471297990,16,35.6919,20.9739,9.77243,0.57584,0.16172,2.90804,1.29968
747,1,0,1e+08,4385471323094,4385473512055,4385474010599,4385474063483,4385474086763,4385474285491,4385474398391,4385474398419,16,30.7532,21.8896,4.98544,0.52884,0.2328,1.98728,1.129
748,1,0,1e+08,4385474423343,4385476218788,4385476521128,4385476587756,4385476607480,4385476765628,4385476895644,4385476895668,16,24.7233,17.9545,3.0234,0.66628,0.19724,1.58148,1.30016
749,1,0,1e+08,4385476921528,4385478752704,4385479050144,4385479109084,4385479159300,4385479976410,4385480243761,4385480243821,16,33.2229,18.3118,2.9744,0.5894,0.50216,8.1711,2.67351
750,1,0,1e+08,4385480269645,4385482009723,4385482383627,4385482452055,4385482470835,4385482623467,4385482729979,4385482729999,16,24.6035,17.4008,3.73904,0.68428,0.1878,1.52632,1.06512
751,1,0,1e+08,4385482753583,4385484462670,4385484776418,4385484914442,4385484931854,4385485131078,4385485239930,4385485239954,16,24.8637,17.0909,3.13748,1.38024,0.17412,1.99224,1.08852
752,1,0,1e+08,4385485263722,4385486999053,4385487751551,4385488043694,4385488078162,4385488534892,4385488683560,4385488683592,16,34.1987,17.3533,7.52498,2.92143,0.34468,4.5673,1.48668
753,1,0,1e+08,4385488708360,4385490976562,4385491834932,4385491966788,4385491982400,4385492235172,4385492359260,4385492359292,16,36.5093,22.682,8.5837,1.31856,0.15612,2.52772,1.24088
754,1,0,1e+08,4385492383716,4385494043816,4385495041228,4385495128213,4385495164101,4385495582334,4385495746246,4385495746282,16,33.6257,16.601,9.97412,0.86985,0.35888,4.18233,1.63912
755,1,0,1e+08,4385495774118,4385497618663,4385497925467,4385497991947,4385498009751,4385498164123,4385498273251,4385498273279,16,24.9916,18.4454,3.06804,0.6648,0.17804,1.54372,1.09128
756,1,0,1e+08,4385498298007,4385500143503,4385501255538,4385501320051,4385501346679,4385501728248,4385501867212,4385501867248,16,35.6924,18.455,11.1204,0.64513,0.26628,3.81569,1.38964
757,1,0,1e+08,4385501892616,4385503692467,4385503998931,4385504065771,4385504084875,4385504243007,4385504369111,4385504369135,16,24.7652,17.9985,3.06464,0.6684,0.19104,1.58132,1.26104
758,1,0,1e+08,4385504393299,4385506892020,4385507669056,4385507722244,4385507759904,4385508025700,4385508151324,4385508151352,16,37.5805,24.9872,7.77036,0.53188,0.3766,2.65796,1.25624
759,1,0,1e+08,4385508175704,4385509982331,4385510288211,4385510353191,4385510403619,4385510591375,4385510703547,4385510703571,16,25.2787,18.0663,3.0588,0.6498,0.50428,1.87756,1.12172
760,1,0,1e+08,4385510728839,4385512663113,4385513883636,4385513945804,4385514004560,4385514434537,4385514574105,4385514574141,16,38.453,19.3427,12.2052,0.62168,0.58756,4.29977,1.39568
761,1,0,1e+08,4385514598985,4385516385666,4385516691946,4385516759422,4385516776882,4385516933806,4385517041738,4385517041766,16,24.4278,17.8668,3.0628,0.67476,0.1746,1.56924,1.07932
762,1,0,1e+08,4385517066426,4385518876903,4385519191363,4385519258547,4385519304103,4385519486567,4385519598959,4385519598983,16,25.3256,18.1048,3.1446,0.67184,0.45556,1.82464,1.12392
763,1,0,1e+08,4385519623351,4385521410332,4385521742008,4385521908436,4385521927356,4385522102500,4385522217608,4385522217632,16,25.9428,17.8698,3.31676,1.66428,0.1892,1.75144,1.15108
764,1,0,1e+08,4385522241884,4385524477191,4385525332743,4385525441547,4385525456971,4385525716683,4385525840775,4385525840799,16,35.9891,22.3531,8.55552,1.08804,0.15424,2.59712,1.24092
765,1,0,1e+08,4385525866815,4385528049893,4385528856420,4385528981872,4385528998424,4385529263276,4385529391452,4385529391484,16,35.2467,21.8308,8.06527,1.25452,0.16552,2.64852,1.28176
766,1,0,1e+08,4385529417556,4385531979656,4385532660258,4385532714798,4385532739322,4385532984426,4385533106702,4385533106730,16,36.8917,25.621,6.80602,0.5454,0.24524,2.45104,1.22276
767,1,0,1e+08,4385533134182,4385534994325,4385535298573,4385535364989,4385535383009,4385535541889,4385535679865,4385535679889,16,25.4571,18.6014,3.04248,0.66416,0.1802,1.5888,1.37976
768,1,0,1e+08,4385535704249,4385537623288,4385538742742,4385538807186,4385538833862,4385539192543,4385539327911,4385539327947,16,36.237,19.1904,11.1945,0.64444,0.26676,3.58681,1.35368
769,1,0,1e+08,4385539352923,4385541166875,4385541471947,4385541542903,4385541584351,4385541742719,4385541867039,4385541867067,16,25.1414,18.1395,3.05072,0.70956,0.41448,1.58368,1.2432
770,1,0,1e+08,4385541891775,4385543770342,4385544850115,4385544912056,4385544934624,4385545292280,4385545427816,4385545427852,16,35.3608,18.7857,10.7977,0.61941,0.22568,3.57656,1.35536
771,1,0,1e+08,4385545453492,4385548018398,4385548672515,4385548726943,4385548780879,4385549052219,4385549175247,4385549175279,16,37.2179,25.6491,6.54117,0.54428,0.53936,2.7134,1.23028
772,1,0,1e+08,4385549199819,4385551014646,4385551316226,4385551384686,4385551403030,4385551561694,4385551696154,4385551696186,16,24.9637,18.1483,3.0158,0.6846,0.18344,1.58664,1.3446
773,1,0,1e+08,4385551720122,4385553629947,4385553933175,4385554003163,4385554021731,4385554180811,4385554321323,4385554321347,16,26.0123,19.0983,3.03228,0.69988,0.18568,1.5908,1.40512
774,1,0,1e+08,4385554346875,4385556223105,4385557347722,4385557409731,4385557470159,4385557874684,4385558015820,4385558015848,16,36.6897,18.7623,11.2462,0.62009,0.60428,4.04525,1.41136
775,1,0,1e+08,4385558040224,4385560610090,4385561263968,4385561316164,4385561338012,4385561581792,4385561699152,4385561699184,16,36.5896,25.6987,6.53878,0.52196,0.21848,2.4378,1.1736
776,1,0,1e+08,4385561723884,4385564031973,4385564829441,4385564887589,4385564925149,4385565191453,4385565336689,4385565336721,16,36.1284,23.0809,7.97468,0.58148,0.3756,2.66304,1.45236
777,1,0,1e+08,4385565367209,4385567259989,4385568435585,4385568513153,4385568555069,4385568862857,4385568996305,4385568996341,16,36.2913,18.9278,11.756,0.77568,0.41916,3.07788,1.33448
778,1,0,1e+08,4385569026169,4385570818114,4385571120730,4385571190870,4385571209338,4385571367866,4385571529722,4385571529742,16,25.0357,17.9195,3.02616,0.7014,0.18468,1.58528,1.61856
779,1,0,1e+08,4385571560034,4385573867573,4385574604450,4385574676398,4385574709958,4385574990006,4385575117614,4385575117646,16,35.5761,23.0754,7.36877,0.71948,0.3356,2.80048,1.27608
780,1,0,1e+08,4385575143322,4385576975545,4385577276473,4385577345269,4385577396069,4385577585453,4385577711997,4385577712021,16,25.687,18.3222,3.00928,0.68796,0.508,1.89384,1.26544
781,1,0,1e+08,4385577741813,4385579494058,4385579802482,4385579871054,4385579888098,4385580070354,4385580179226,4385580179246,16,24.3743,17.5224,3.08424,0.68572,0.17044,1.82256,1.08872
782,1,0,1e+08,4385580202586,4385581994801,4385582299261,4385582368793,4385582386553,4385582538781,4385582645313,4385582645333,16,24.4275,17.9222,3.0446,0.69532,0.1776,1.52228,1.06532
783,1,0,1e+08,4385582669253,4385584462869,4385584772685,4385584896565,4385584914425,4385585099253,4385585208397,4385585208465,16,25.3921,17.9362,3.09816,1.2388,0.1786,1.84828,1.09144
784,1,0,1e+08,4385585232121,4385587011311,4385588105496,4385588288429,4385588307125,4385588669309,4385588798665,4385588798693,16,35.6657,17.7919,10.9418,1.82933,0.18696,3.62184,1.29356
785,1,0,1e+08,4385588822833,4385591326233,4385592129861,4385592184049,4385592237637,4385592536093,4385592658501,4385592658533,16,38.357,25.034,8.03628,0.54188,0.53588,2.98456,1.22408
786,1,0,1e+08,4385592682477,4385594477517,4385594802417,4385594868797,4385594911549,4385595069457,4385595191425,4385595191449,16,25.0897,17.9504,3.249,0.6638,0.42752,1.57908,1.21968
787,1,0,1e+08,4385595216341,4385596982035,4385597287267,4385597354771,4385597405791,4385597592843,4385597704263,4385597704287,16,24.8795,17.6569,3.05232,0.67504,0.5102,1.87052,1.1142
788,1,0,1e+08,4385597729459,4385600239253,4385600977118,4385601112734,4385601129358,4385601387722,4385601509450,4385601509478,16,37.8002,25.0979,7.37865,1.35616,0.16624,2.58364,1.21728
789,1,0,1e+08,4385601534310,4385603235561,4385603540869,4385603608477,4385603625821,4385603783113,4385603897113,4385603897137,16,23.6283,17.0125,3.05308,0.67608,0.17344,1.57292,1.14
790,1,0,1e+08,4385603920989,4385606037216,4385607012049,4385607177105,4385607193921,4385607457737,4385607584897,4385607584925,16,36.6394,21.1623,9.74833,1.65056,0.16816,2.63816,1.2716
791,1,0,1e+08,4385607609673,4385610004834,4385610630570,4385610696282,4385610715726,4385610948982,4385611066318,4385611066354,16,34.5668,23.9516,6.25736,0.65712,0.19444,2.33256,1.17336
792,1,0,1e+08,4385611090962,4385612968617,4385613271561,4385613340665,4385613359417,4385613511777,4385613622817,4385613622841,16,25.3188,18.7766,3.02944,0.69104,0.18752,1.5236,1.1104
793,1,0,1e+08,4385613653425,4385616026194,4385616811972,4385616943200,4385616958988,4385617258460,4385617388884,4385617388916,16,37.3549,23.7277,7.85778,1.31228,0.15788,2.99472,1.30424
794,1,0,1e+08,4385617414372,4385619237309,4385619541697,4385619612085,4385619630797,4385619789773,4385619911565,4385619911589,16,24.9722,18.2294,3.04388,0.70388,0.18712,1.58976,1.21792
795,1,0,1e+08,4385619936301,4385621792528,4385622108552,4385622177628,4385622195752,4385622347752,4385622454668,4385622454692,16,25.1839,18.5623,3.16024,0.69076,0.18124,1.52,1.06916
796,1,0,1e+08,4385622478516,4385624208656,4385624535224,4385624700839,4385624818493,4385625656193,4385625832537,4385625832577,16,33.5406,17.3014,3.26568,1.65615,1.17654,8.377,1.76344
797,1,0,1e+08,4385625857849,4385628604720,4385629267506,4385629319690,4385629365614,4385629638266,4385629757810,4385629757838,16,38.9999,27.4687,6.62786,0.52184,0.45924,2.72652,1.19544
798,1,0,1e+08,4385629781834,4385631760263,4385632855164,4385632912584,4385632938200,4385633219164,4385633343048,4385633343080,16,35.6125,19.7843,10.949,0.5742,0.25616,2.80964,1.23884
799,1,0,1e+08,4385633368072,4385635194758,4385635503566,4385635573090,4385635591498,4385635750762,4385635876186,4385635876214,16,25.0814,18.2669,3.08808,0.69524,0.18408,1.59264,1.25424
800,1,0,1e+08,4385635900758,4385637759777,4385638062029,4385638131645,4385638182973,4385638899044,4385639188325,4385639188373,16,32.8762,18.5902,3.02252,0.69616,0.51328,7.16071,2.89281
801,1,0,1e+08,4385639214813,4385641125952,4385641446896,4385641516168,4385641555000,4385641714128,4385641830708,4385641830736,16,26.1592,19.1114,3.20944,0.69272,0.38832,1.59128,1.1658
802,1,0,1e+08,4385641855344,4385643675738,4385644829528,4385644891965,4385644946989,4385645297773,4385645433325,4385645433353,16,35.7801,18.2039,11.5379,0.62437,0.55024,3.50784,1.35552
803,1,0,1e+08,4385645457781,4385647239308,4385647566808,4385647635084,4385647686924,4385647870748,4385647996316,4385647996340,16,25.3856,17.8153,3.275,0.68276,0.5184,1.83824,1.25568
804,1,0,1e+08,4385648021980,4385649819200,4385650118692,4385650186060,4385650203948,4385650362268,4385650495024,4385650495044,16,24.7306,17.9722,2.99492,0.67368,0.17888,1.5832,1.32756
805,1,0,1e+08,4385650518620,4385652296151,4385652627607,4385652722875,4385652821303,4385652976919,4385653085735,4385653085759,16,25.6714,17.7753,3.31456,0.95268,0.98428,1.55616,1.08816
806,1,0,1e+08,4385653109951,4385654878822,4385655226178,4385655293998,4385655348142,4385655533018,4385655655810,4385655655838,16,25.4589,17.6887,3.47356,0.6782,0.54144,1.84876,1.22792
807,1,0,1e+08,4385655707705,4385657739751,4385658112659,4385658214579,4385658241415,4385658396723,4385658523943,4385658523967,16,28.1626,20.3205,3.72908,1.0192,0.26836,1.55308,1.2722
808,1,0,1e+08,4385658551659,4385660315787,4385661524944,4385661586512,4385661606649,4385661954017,4385662097717,4385662097749,16,35.4609,17.6413,12.0916,0.61568,0.20137,3.47368,1.437
809,1,0,1e+08,4385662224289,4385664140438,4385665231302,4385665366826,4385665381990,4385665694474,4385665823170,4385665823202,16,35.9891,19.1615,10.9086,1.35524,0.15164,3.12484,1.28696
810,1,0,1e+08,4385665848050,4385667574940,4385667884048,4385667954100,4385667995876,4385668162420,4385668316776,4385668316800,16,24.6875,17.2689,3.09108,0.70052,0.41776,1.66544,1.54356
811,1,0,1e+08,4385668349388,4385670585209,4385671446389,4385671559441,4385671575401,4385671882165,4385672011313,4385672011345,16,36.6196,22.3582,8.6118,1.13052,0.1596,3.06764,1.29148
812,1,0,1e+08,4385672036705,4385673887863,4385674189271,4385674257203,4385674308115,4385674536001,4385675079012,4385675079147,16,30.4244,18.5116,3.01408,0.67932,0.50912,2.27886,5.43011
813,1,0,1e+08,4385675118938,4385677013378,4385677396246,4385677498810,4385677529290,4385678548898,4385678751890,4385678751946,16,36.3301,18.9444,3.82868,1.02564,0.3048,10.1961,2.02992
814,1,0,1e+08,4385678778662,4385681141952,4385681977047,4385682131327,4385682148067,4385682416391,4385682546803,4385682546831,16,37.6817,23.6329,8.35095,1.5428,0.1674,2.68324,1.30412
815,1,0,1e+08,4385682572199,4385684364342,4385684669974,4385684737850,4385684789230,4385684977834,4385685318647,4385685318822,16,27.4662,17.9214,3.05632,0.67876,0.5138,1.88604,3.40813
816,1,0,1e+08,4385685377792,4385687327673,4385687709481,4385687791385,4385687812633,4385687968925,4385688110897,4385688110921,16,27.3313,19.4988,3.81808,0.81904,0.21248,1.56292,1.41972
817,1,0,1e+08,4385688137205,4385690003171,4385691247545,4385691390673,4385691407569,4385691718681,4385691860949,4385691860989,16,37.2378,18.6597,12.4437,1.43128,0.16896,3.11112,1.42268
818,1,0,1e+08,4385691886989,4385693644784,4385693984880,4385694053272,4385694072328,4385694235176,4385694363068,4385694363088,16,24.761,17.5779,3.40096,0.68392,0.19056,1.62848,1.27892
819,1,0,1e+08,4385694387160,4385696707302,4385697604757,4385697737669,4385697753041,4385698011541,4385698134685,4385698134717,16,37.4756,23.2014,8.97455,1.32912,0.15372,2.585,1.23144
820,1,0,1e+08,4385698158865,4385700586474,4385701235256,4385701293024,4385701313312,4385701564468,4385701685344,4385701685376,16,35.2651,24.2761,6.48782,0.57768,0.20288,2.51156,1.20876
821,1,0,1e+08,4385701710880,4385703542925,4385703922953,4385703990269,4385704008861,4385704590551,4385704922856,4385704922920,16,32.1204,18.3204,3.80028,0.67316,0.18592,5.8169,3.32305
822,1,0,1e+08,4385704948792,4385707071100,4385708096051,4385708190615,4385708207103,4385708495659,4385708625307,4385708625335,16,36.7654,21.2231,10.2495,0.94564,0.16488,2.88556,1.29648
823,1,0,1e+08,4385708650455,4385710456740,4385710817488,4385710885080,4385710904404,4385711108552,4385711654619,4385711654804,16,30.0435,18.0628,3.60748,0.67592,0.19324,2.04148,5.46067
824,1,0,1e+08,4385711713634,4385713583139,4385714016891,4385714104779,4385714123079,4385714366535,4385714478731,4385714478751,16,27.6512,18.6951,4.33752,0.87888,0.183,2.43456,1.12196
825,1,0,1e+08,4385714502963,4385716285726,4385716619362,4385716724286,4385716792131,4385717706018,4385717905069,4385717905121,16,34.0216,17.8276,3.33636,1.04924,0.67845,9.13887,1.99051
826,1,0,1e+08,4385717931329,4385720097253,4385721024544,4385721078208,4385721094964,4385721408832,4385721537588,4385721537612,16,36.0628,21.6592,9.27291,0.53664,0.16756,3.13868,1.28756
827,1,0,1e+08,4385721561968,4385723403077,4385723707989,4385723773537,4385723791529,4385723949589,4385724057309,4385724057337,16,24.9537,18.4111,3.04912,0.65548,0.17992,1.5806,1.0772
828,1,0,1e+08,4385724081641,4385725951095,4385727079978,4385727142099,4385727202155,4385727644745,4385727788089,4385727788117,16,37.0648,18.6945,11.2888,0.62121,0.60056,4.4259,1.43344
829,1,0,1e+08,4385727859237,4385729692438,4385729997642,4385730063642,4385730081526,4385730233630,4385730342654,4385730342682,16,24.8345,18.332,3.05204,0.66,0.17884,1.52104,1.09024
830,1,0,1e+08,4385730366966,4385732209498,4385732517658,4385732589790,4385732608578,4385732761770,4385732872422,4385732872442,16,25.0548,18.4253,3.0816,0.72132,0.18788,1.53192,1.10652
831,1,0,1e+08,4385732897122,4385734617952,4385734926440,4385734997720,4385735037812,4385735190348,4385735308864,4385735308888,16,24.1177,17.2083,3.08488,0.7128,0.40092,1.52536,1.18516
832,1,0,1e+08,4385735334740,4385737922366,4385738564889,4385738617481,4385738666661,4385738942529,4385739058237,4385739058257,16,37.2352,25.8763,6.42523,0.52592,0.4918,2.75868,1.15708
833,1,0,1e+08,4385739081889,4385740892207,4385741195575,4385741260451,4385741278135,4385741430807,4385741537855,4385741537879,16,24.5599,18.1032,3.03368,0.64876,0.17684,1.52672,1.07048
834,1,0,1e+08,4385741563003,4385744173697,4385744782733,4385744841769,4385744880257,4385745140669,4385745264769,4385745264789,16,37.0179,26.1069,6.09036,0.59036,0.38488,2.60412,1.241
835,1,0,1e+08,4385745289177,4385747145788,4385747453632,4385747520384,4385747538580,4385747699000,4385747814576,4385747814604,16,25.2543,18.5661,3.07844,0.66752,0.18196,1.6042,1.15576
836,1,0,1e+08,4385747839184,4385749667782,4385750036338,4385750155542,4385750172914,4385750367306,4385750474794,4385750474810,16,26.3563,18.286,3.68556,1.19204,0.17372,1.94392,1.07488
837,1,0,1e+08,4385750498034,4385752319298,4385753533666,4385753718971,4385753738547,4385754125227,4385754264071,4385754264111,16,37.6608,18.2126,12.1437,1.85305,0.19576,3.8668,1.38844
838,1,0,1e+08,4385754288963,4385756030050,4385756333722,4385756399470,4385756416886,4385756575070,4385756682914,4385756682934,16,23.9397,17.4109,3.03672,0.65748,0.17416,1.58184,1.07844
839,1,0,1e+08,4385756706542,4385758494931,4385758829271,4385758899011,4385758947859,4385759130695,4385759239439,4385759239463,16,25.3292,17.8839,3.3434,0.6974,0.48848,1.82836,1.08744
840,1,0,1e+08,4385759263287,4385761067821,4385761372129,4385761436041,4385761486153,4385761647085,4385761779893,4385761779913,16,25.1663,18.0453,3.04308,0.63912,0.50112,1.60932,1.32808
841,1,0,1e+08,4385761809641,4385763542594,4385763847386,4385763912430,4385763931710,4385764083562,4385764190110,4385764190138,16,23.805,17.3295,3.04792,0.65044,0.1928,1.51852,1.06548
842,1,0,1e+08,4385764213886,4385765999247,4385766306235,4385766373267,4385766390883,4385767151165,4385767420646,4385767420694,16,32.0681,17.8536,3.06988,0.67032,0.17616,7.60282,2.69481
843,1,0,1e+08,4385767445698,4385769241874,4385769600190,4385769685466,4385769727658,4385769888286,4385769997218,4385769997246,16,25.5155,17.9618,3.58316,0.85276,0.42192,1.60628,1.08932
844,1,0,1e+08,4385770021118,4385771746004,4385772051088,4385772120444,4385772171220,4385772737275,4385773105029,4385773105101,16,30.8398,17.2489,3.05084,0.69356,0.50776,5.66055,3.67754
845,1,0,1e+08,4385773135362,4385774942186,4385775315674,4385775403418,4385775425546,4385775578354,4385775688126,4385775688154,16,25.5279,18.0682,3.73488,0.87744,0.22128,1.52808,1.09772
846,1,0,1e+08,4385775712578,4385777852363,4385778845332,4385778980960,4385778998448,4385779279304,4385779401136,4385779401160,16,36.8858,21.3978,9.92969,1.35628,0.17488,2.80856,1.21832
847,1,0,1e+08,4385779425172,4385781277258,4385781587206,4385781658510,4385781710950,4385781872598,4385781984746,4385781984842,16,25.5967,18.5209,3.09948,0.71304,0.5244,1.61648,1.12148
848,1,0,1e+08,4385782009042,4385784596166,4385785219949,4385785324625,4385785339137,4385785591025,4385785710001,4385785710025,16,37.0098,25.8712,6.23783,1.04676,0.14512,2.51888,1.18976
849,1,0,1e+08,4385785734733,4385787910354,4385788837032,4385788894980,4385788925580,4385789205720,4385789360672,4385789360708,16,36.2597,21.7562,9.26678,0.57948,0.306,2.8014,1.54952
850,1,0,1e+08,4385789388912,4385791256373,4385791628553,4385791716705,4385791761773,4385792248232,4385792673886,4385792673958,16,32.8505,18.6746,3.7218,0.88152,0.45068,4.86459,4.25654
851,1,0,1e+08,4385792705386,4385795118325,4385795891592,4385795948884,4385795979272,4385796282120,4385796413764,4385796413800,16,37.0841,24.1294,7.73267,0.57292,0.30388,3.02848,1.31644
852,1,0,1e+08,4385796439968,4385798239532,4385798626068,4385798714684,4385798737236,4385799563124,4385799783014,4385799783066,16,33.431,17.9956,3.86536,0.88616,0.22552,8.25888,2.1989
853,1,0,1e+08,4385799878732,4385801726600,4385802945416,4385803137820,4385803156788,4385803472480,4385803648540,4385803648580,16,37.6985,18.4787,12.1882,1.92404,0.18968,3.15692,1.7606
854,1,0,1e+08,4385803679428,4385806099208,4385806912542,4385807083458,4385807107154,4385807382834,4385807549354,4385807549382,16,38.6995,24.1978,8.13334,1.70916,0.23696,2.7568,1.6652
855,1,0,1e+08,4385807592614,4385809925964,4385810517408,4385810613796,4385810660572,4385810877456,4385811025016,4385811025048,16,34.3243,23.3335,5.91444,0.96388,0.46776,2.16884,1.4756
856,1,0,1e+08,4385811056340,4385812959149,4385813426061,4385813489881,4385813509009,4385813696441,4385813826157,4385813826185,16,27.6985,19.0281,4.66912,0.6382,0.19128,1.87432,1.29716
857,1,0,1e+08,4385813853341,4385815707871,4385816086071,4385816160931,4385816182855,4385816605946,4385817036761,4385817036853,16,31.8351,18.5453,3.782,0.7486,0.21924,4.23091,4.30815
858,1,0,1e+08,4385817068041,4385819002726,4385819654606,4385819726970,4385819772630,4385820007910,4385820159346,4385820159370,16,30.9133,19.3468,6.5188,0.72364,0.4566,2.3528,1.51436
859,1,0,1e+08,4385820190594,4385822187681,4385822707725,4385822787097,4385822821705,4385823056181,4385823200449,4385823200477,16,30.0988,19.9709,5.20044,0.79372,0.34608,2.34476,1.44268
860,1,0,1e+08,4385823230369,4385825098616,4385825569936,4385825653436,4385825704408,4385825909460,4385826045240,4385826045264,16,28.1489,18.6825,4.7132,0.835,0.50972,2.05052,1.3578
861,1,0,1e+08,4385826075112,4385827909045,4385828397881,4385828474081,4385828509029,4385828680889,4385828811845,4385828811881,16,27.3677,18.3393,4.88836,0.762,0.34948,1.7186,1.30956
862,1,0,1e+08,4385828838049,4385830772356,4385831168448,4385831222392,4385831243008,4385831449132,4385831562776,4385831562796,16,27.2475,19.3431,3.96092,0.53944,0.20616,2.06124,1.13644
863,1,0,1e+08,4385831587900,4385833385726,4385834059514,4385834117854,4385834183210,4385834383450,4385834512711,4385834512735,16,29.2483,17.9783,6.73788,0.5834,0.65356,2.0024,1.29261
864,1,0,1e+08,4385834538139,4385836315446,4385836806294,4385836896450,4385836912958,4385837169199,4385837287355,4385837287375,16,27.4924,17.7731,4.90848,0.90156,0.16508,2.56241,1.18156
865,1,0,1e+08,4385837313755,4385839212612,4385840358421,4385840516237,4385840537165,4385840956450,4385841114770,4385841114810,16,38.0105,18.9886,11.4581,1.57816,0.20928,4.19285,1.5832
866,1,0,1e+08,4385841143358,4385843584582,4385844129078,4385844195286,4385844223270,4385844432438,4385844549994,4385844550018,16,34.0666,24.4122,5.44496,0.66208,0.27984,2.09168,1.17556
867,1,0,1e+08,4385844575122,4385846424843,4385846869611,4385846934107,4385846947875,4385847152603,4385847267607,4385847267635,16,26.9251,18.4972,4.44768,0.64496,0.13768,2.04728,1.15004
868,1,0,1e+08,4385847293131,4385849153542,4385849651434,4385849723982,4385849760682,4385849931926,4385850044058,4385850044082,16,27.5095,18.6041,4.97892,0.72548,0.367,1.71244,1.12132
869,1,0,1e+08,4385850069558,4385851925634,4385852421006,4385852514726,4385852531142,4385852752406,4385852869678,4385852869706,16,28.0015,18.5608,4.95372,0.9372,0.16416,2.21264,1.17272
870,1,0,1e+08,4385852894634,4385854651212,4385855039632,4385855112700,4385855143460,4385855987518,4385856226056,4385856226104,16,33.3147,17.5658,3.8842,0.73068,0.3076,8.44058,2.38538
871,1,0,1e+08,4385856254788,4385858056056,4385858788704,4385858844496,4385858933640,4385859093700,4385859234908,4385859234940,16,29.8015,18.0127,7.32648,0.55792,0.89144,1.6006,1.41208
872,1,0,1e+08,4385859260368,4385861047520,4385861450136,4385861545452,4385861571068,4385861850488,4385861972356,4385861972384,16,27.1202,17.8715,4.02616,0.95316,0.25616,2.7942,1.21868
873,1,0,1e+08,4385861998324,4385863808269,4385864247985,4385864321429,4385864340381,4385864518137,4385865048091,4385865048276,16,30.4995,18.0995,4.39716,0.73444,0.18952,1.77756,5.29954
874,1,0,1e+08,4385865108406,4385866959506,4385867661149,4385867715477,4385867774105,4385868151703,4385868274771,4385868274795,16,31.6639,18.511,7.01643,0.54328,0.58628,3.77598,1.23068
875,1,0,1e+08,4385868299759,4385870070930,4385870466842,4385870538790,4385870560222,4385870802198,4385871182941,4385871183126,16,28.8337,17.7117,3.95912,0.71948,0.21432,2.41976,3.80743
876,1,0,1e+08,4385871241578,4385873132852,4385874021153,4385874119757,4385874153473,4385874646941,4385874780101,4385874780129,16,35.3855,18.9127,8.88301,0.98604,0.33716,4.93468,1.3316
877,1,0,1e+08,4385874810853,4385876621085,4385877836113,4385877957005,4385877975265,4385878270693,4385878406853,4385878406893,16,35.9604,18.1023,12.1503,1.20892,0.1826,2.95428,1.3616
878,1,0,1e+08,4385878433013,4385880277747,4385881510728,4385881694625,4385881722021,4385882113838,4385882263726,4385882263762,16,38.3075,18.4473,12.3298,1.83897,0.27396,3.91817,1.49888
879,1,0,1e+08,4385882291002,4385884590166,4385885234850,4385885330322,4385885382226,4385885628462,4385885776474,4385885776506,16,34.855,22.9916,6.44684,0.95472,0.51904,2.46236,1.48012
880,1,0,1e+08,4385885803242,4385888289866,4385888932574,4385888993910,4385889031898,4385889278650,4385889401410,4385889401442,16,35.982,24.8662,6.42708,0.61336,0.37988,2.46752,1.2276
881,1,0,1e+08,4385889427734,4385891526913,4385892512370,4385892570150,4385892585886,4385892904486,4385893036602,4385893036638,16,36.089,20.9918,9.85457,0.5778,0.15736,3.186,1.32116
882,1,0,1e+08,4385893061958,4385894898711,4385895823500,4385895914732,4385895962938,4385896485812,4385896641244,4385896641284,16,35.7933,18.3675,9.24789,0.91232,0.48206,5.22874,1.55432
883,1,0,1e+08,4385896666560,4385898489530,4385899570842,4385899728736,4385899747244,4385900169224,4385900317988,4385900318036,16,36.5148,18.2297,10.8131,1.57894,0.18508,4.2198,1.48764
884,1,0,1e+08,4385900345204,4385902345162,4385903394600,4385903530220,4385903547512,4385903863432,4385903987424,4385903987452,16,36.4225,19.9996,10.4944,1.3562,0.17292,3.1592,1.23992
885,1,0,1e+08,4385904011968,4385905724512,4385906023876,4385906092480,4385906110284,4385906274264,4385906438492,4385906438516,16,24.2655,17.1254,2.99364,0.68604,0.17804,1.6398,1.64228
886,1,0,1e+08,4385906470076,4385908257892,4385909441874,4385909571034,4385909588354,4385909906446,4385910044082,4385910044114,16,35.7404,17.8782,11.8398,1.2916,0.1732,3.18092,1.37636
887,1,0,1e+08,4385910069758,4385911940218,4385912792744,4385912950849,4385913004556,4385913532720,4385913712968,4385913713016,16,36.4326,18.7046,8.52526,1.58105,0.53707,5.28164,1.80248
888,1,0,1e+08,4385913738812,4385915606946,4385915915274,4385915982966,4385916001718,4385916159918,4385916287598,4385916287618,16,25.4881,18.6813,3.08328,0.67692,0.18752,1.582,1.2768
889,1,0,1e+08,4385916312970,4385918119983,4385918423227,4385918494099,4385918512663,4385918670903,4385918826183,4385918826207,16,25.1324,18.0701,3.03244,0.70872,0.18564,1.5824,1.5528
890,1,0,1e+08,4385918851371,4385921567755,4385921853567,4385921904903,4385921949203,4385922132251,4385922241155,4385922241171,16,33.898,27.1638,2.85812,0.51336,0.443,1.83048,1.08904
891,1,0,1e+08,4385922264983,4385924621823,4385925394916,4385925521240,4385925536616,4385925850556,4385925976644,4385925976676,16,37.1169,23.5684,7.73093,1.26324,0.15376,3.1394,1.26088
892,1,0,1e+08,4385926000824,4385927803492,4385928107036,4385928175616,4385928230524,4385929094771,4385929347247,4385929347295,16,33.4647,18.0267,3.03544,0.6858,0.54908,8.64247,2.52476
893,1,0,1e+08,4385929374051,4385931269250,4385931640006,4385931722562,4385931744678,4385931898986,4385932006938,4385932006966,16,26.3291,18.952,3.70756,0.82556,0.22116,1.54308,1.07952
894,1,0,1e+08,4385932031354,4385933724855,4385934029543,4385934096851,4385934151671,4385934348907,4385934497515,4385934497539,16,24.6618,16.935,3.04688,0.67308,0.5482,1.97236,1.48608
895,1,0,1e+08,4385934525503,4385936315620,4385936650460,4385936779696,4385936798808,4385936951408,4385937060340,4385937060364,16,25.3486,17.9012,3.3484,1.29236,0.19112,1.526,1.08932
896,1,0,1e+08,4385937084436,4385938891988,4385939231688,4385939303956,4385939365968,4385939533720,4385939667532,4385939667548,16,25.8311,18.0755,3.397,0.72268,0.62012,1.67752,1.33812
897,1,0,1e+08,4385939697392,4385941428277,4385941730793,4385941799157,4385941817005,4385941969777,4385942076505,4385942076529,16,23.7914,17.3088,3.02516,0.68364,0.17848,1.52772,1.06728
898,1,0,1e+08,4385942100401,4385944477739,4385945209856,4385945262804,4385945285380,4385945570620,4385945692808,4385945692832,16,35.9243,23.7734,7.32117,0.52948,0.22576,2.8524,1.22188
899,1,0,1e+08,4385945716664,4385947551452,4385947846372,4385947905796,4385947956440,4385948149392,4385948258644,4385948258664,16,25.42,18.3479,2.9492,0.59424,0.50644,1.92952,1.09252
900,1,0,1e+08,4385948282576,4385950086728,4385950387928,4385950455096,4385950473372,4385950625224,4385950731548,4385950731568,16,24.4899,18.0415,3.012,0.67168,0.18276,1.51852,1.06324
901,1,0,1e+08,4385950755556,4385952418538,4385952741558,4385952808798,4385952863010,4385953049270,4385953161930,4385953161954,16,24.064,16.6298,3.2302,0.6724,0.54212,1.8626,1.1266
902,1,0,1e+08,4385953190458,4385955011080,4385955372952,4385955502244,4385955518276,4385955675376,4385955795000,4385955795016,16,26.0456,18.2062,3.61872,1.29292,0.16032,1.571,1.19624
903,1,0,1e+08,4385955818432,4385957694960,4385958002416,4385958071592,4385958089812,4385958253220,4385958388420,4385958388444,16,25.7001,18.7653,3.07456,0.69176,0.1822,1.63408,1.352
904,1,0,1e+08,4385958444840,4385960137153,4385960437693,4385960505045,4385960524017,4385960679173,4385960785305,4385960785325,16,23.4048,16.9231,3.0054,0.67352,0.18972,1.55156,1.06132
905,1,0,1e+08,4385960808949,4385962542970,4385963748064,4385963806172,4385963824432,4385964171996,4385964302304,4385964302336,16,34.9339,17.3402,12.0509,0.58108,0.1826,3.47564,1.30308
906,1,0,1e+08,4385964326448,4385966137878,4385966441082,4385966508606,4385966526386,4385966681622,4385966788174,4385966788194,16,24.6175,18.1143,3.03204,0.67524,0.1778,1.55236,1.06552
907,1,0,1e+08,4385966811666,4385968590169,4385968903449,4385968973361,4385968995365,4385969147353,4385969253953,4385969253981,16,24.4231,17.785,3.1328,0.69912,0.22004,1.51988,1.066
908,1,0,1e+08,4385969277905,4385971183891,4385972394428,4385972456833,4385972517293,4385972935526,4385973077502,4385973077534,16,37.9963,19.0599,12.1054,0.62405,0.6046,4.18233,1.41976
909,1,0,1e+08,4385973101838,4385974920424,4385975227368,4385975300876,4385975318968,4385975470972,4385975577316,4385975577340,16,24.755,18.1859,3.06944,0.73508,0.18092,1.52004,1.06344
910,1,0,1e+08,4385975601092,4385977421752,4385977737244,4385977806896,4385977825656,4385977977760,4385978101660,4385978101684,16,25.0059,18.2066,3.15492,0.69652,0.1876,1.52104,1.239
911,1,0,1e+08,4385978126692,4385979933251,4385980271599,4385980386067,4385980406731,4385980562027,4385980673483,4385980673583,16,25.4689,18.0656,3.38348,1.14468,0.20664,1.55296,1.11456
912,1,0,1e+08,4385980698903,4385982548484,4385982859252,4385982933340,4385982973924,4385983143688,4385983271028,4385983271048,16,25.7215,18.4958,3.10768,0.74088,0.40584,1.69764,1.2734
913,1,0,1e+08,4385983302064,4385985063108,4385985369980,4385985439708,4385985457632,4385985609680,4385985716476,4385985716500,16,24.1444,17.6104,3.06872,0.69728,0.17924,1.52048,1.06796
914,1,0,1e+08,4385985744824,4385987525534,4385987831706,4385987901126,4385987919406,4385988071586,4385988178350,4385988178370,16,24.3355,17.8071,3.06172,0.6942,0.1828,1.5218,1.06764
915,1,0,1e+08,4385988202234,4385989904876,4385990213428,4385990284164,4385990356420,4385990871103,4385991274590,4385991274674,16,30.7244,17.0264,3.08552,0.70736,0.72256,5.14683,4.03487
916,1,0,1e+08,4385991304450,4385993050212,4385993412192,4385993499540,4385993522376,4385994322742,4385994570936,4385994570988,16,32.6654,17.4576,3.6198,0.87348,0.22836,8.00366,2.48194
917,1,0,1e+08,4385994596416,4385996361081,4385996754321,4385996847293,4385996867821,4385997022173,4385997130441,4385997130469,16,25.3405,17.6467,3.9324,0.92972,0.20528,1.54352,1.08268
918,1,0,1e+08,4385997155077,4385999680972,4386000327881,4386000431261,4386000447369,4386000681129,4386000808177,4386000808205,16,36.5313,25.2589,6.46909,1.0338,0.16108,2.3376,1.27048
919,1,0,1e+08,4386000834537,4386002985138,4386003980712,4386004040092,4386004059328,4386004339020,4386004467968,4386004468008,16,36.3347,21.506,9.95574,0.5938,0.19236,2.79692,1.28948
920,1,0,1e+08,4386004494008,4386006647146,4386007144126,4386007214170,4386007231910,4386007428246,4386007578318,4386007578342,16,30.8433,21.5314,4.9698,0.70044,0.1774,1.96336,1.50072
921,1,0,1e+08,4386007617806,4386009323363,4386009647115,4386009717291,4386009743359,4386010044530,4386010559698,4386010559794,16,29.4199,17.0556,3.23752,0.70176,0.26068,3.01171,5.15168
922,1,0,1e+08,4386010591640,4386012491050,4386012843446,4386012927934,4386012957486,4386013115990,4386013228150,4386013228174,16,26.3653,18.9941,3.52396,0.84488,0.29552,1.58504,1.1216
923,1,0,1e+08,4386013252750,4386015006051,4386015313251,4386015395983,4386015428435,4386015606947,4386015715899,4386015715919,16,24.6317,17.533,3.072,0.82732,0.32452,1.78512,1.08952
924,1,0,1e+08,4386015739759,4386018136881,4386018677377,4386018729125,4386018748857,4386018979717,4386019095273,4386019095297,16,33.5554,23.9712,5.40496,0.51748,0.19732,2.3086,1.15556
925,1,0,1e+08,4386019119649,4386021450510,4386022353473,4386022407625,4386022467425,4386022726713,4386022852945,4386022852977,16,37.3333,23.3086,9.02963,0.54152,0.598,2.59288,1.26232
926,1,0,1e+08,4386022876921,4386024744992,4386025053396,4386025122420,4386025140348,4386025292440,4386025401384,4386025401408,16,25.2449,18.6807,3.08404,0.69024,0.17928,1.52092,1.08944
927,1,0,1e+08,4386025425972,4386027399696,4386028613572,4386028677576,4386028738232,4386029123324,4386029269228,4386029269268,16,38.433,19.7372,12.1388,0.64004,0.60656,3.85092,1.45904
928,1,0,1e+08,4386029294768,4386031121794,4386031424034,4386031491454,4386031509238,4386031667098,4386031784374,4386031784398,16,24.8963,18.2703,3.0224,0.6742,0.17784,1.5786,1.17276
929,1,0,1e+08,4386031809334,4386033559598,4386033856330,4386033924318,4386033942206,4386034130382,4386034252958,4386034252982,16,24.4365,17.5026,2.96732,0.67988,0.17888,1.88176,1.22576
930,1,0,1e+08,4386034276998,4386036047306,4386036383750,4386036506222,4386036525890,4386036678242,4386036787210,4386036787230,16,25.1023,17.7031,3.36444,1.22472,0.19668,1.52352,1.08968
931,1,0,1e+08,4386036811270,4386038523847,4386039717550,4386039853754,4386039869782,4386040215666,4386040351478,4386040351514,16,35.4024,17.1258,11.937,1.36204,0.16028,3.45884,1.35812
932,1,0,1e+08,4386040376058,4386042121919,4386042435511,4386042530403,4386042557151,4386043510881,4386043699174,4386043699218,16,33.2316,17.4586,3.13592,0.94892,0.26748,9.5373,1.88293
933,1,0,1e+08,4386043724434,4386045591205,4386046831856,4386047003137,4386047022105,4386047389629,4386047528093,4386047528129,16,38.0369,18.6677,12.4065,1.71281,0.18968,3.67524,1.38464
934,1,0,1e+08,4386047553477,4386049380606,4386050505389,4386050569901,4386050630913,4386051018925,4386051165561,4386051165593,16,36.1212,18.2713,11.2478,0.64512,0.61012,3.88012,1.46636
935,1,0,1e+08,4386051191369,4386053011157,4386053315817,4386053383029,4386053401129,4386053558981,4386053686301,4386053686329,16,24.9496,18.1979,3.0466,0.67212,0.181,1.57852,1.2732
936,1,0,1e+08,4386053710877,4386055418472,4386055732356,4386055803144,4386055857836,4386056054816,4386056173636,4386056173660,16,24.6278,17.0759,3.13884,0.70788,0.54692,1.9698,1.1882
937,1,0,1e+08,4386056197964,4386058049861,4386059320401,4386059456273,4386059472089,4386059813449,4386059948853,4386059948889,16,37.5093,18.519,12.7054,1.35872,0.15816,3.4136,1.35404
938,1,0,1e+08,4386059973209,4386061703777,4386062019685,4386062086797,4386062154109,4386062331129,4386062440201,4386062440217,16,24.6701,17.3057,3.15908,0.67112,0.67312,1.7702,1.09072
939,1,0,1e+08,4386062464045,4386064214027,4386064565483,4386064630955,4386064697343,4386064880299,4386064990923,4386064990947,16,25.269,17.4998,3.51456,0.65472,0.66388,1.82956,1.10624
940,1,0,1e+08,4386065021863,4386066819024,4386067123456,4386067190804,4386067252396,4386067424032,4386067557900,4386067557920,16,25.3606,17.9716,3.04432,0.67348,0.61592,1.71636,1.33868
941,1,0,1e+08,4386067648224,4386069329224,4386069637092,4386069706392,4386069768924,4386069954364,4386070063492,4386070063516,16,24.1529,16.81,3.07868,0.693,0.62532,1.8544,1.09128
942,1,0,1e+08,4386070087344,4386071845009,4386072151117,4386072219841,4386072237645,4386072389797,4386072496505,4386072496525,16,24.0918,17.5767,3.06108,0.68724,0.17804,1.52152,1.06708
943,1,0,1e+08,4386072520101,4386074291233,4386074608149,4386074679961,4386074721489,4386074903821,4386075012589,4386075012613,16,24.9251,17.7113,3.16916,0.71812,0.41528,1.82332,1.08768
944,1,0,1e+08,4386075036357,4386077126502,4386078156208,4386078314376,4386078330680,4386078615816,4386078738920,4386078738948,16,37.0259,20.9014,10.2971,1.58168,0.16304,2.85136,1.23104
945,1,0,1e+08,4386078764260,4386080443257,4386080754605,4386080825237,4386080877193,4386081675915,4386081965844,4386081965900,16,32.0164,16.79,3.11348,0.70632,0.51956,7.98722,2.89929
946,1,0,1e+08,4386081991404,4386083877457,4386084184289,4386084254233,4386084272777,4386084431537,4386084540469,4386084540493,16,25.4909,18.8605,3.06832,0.69944,0.18544,1.5876,1.08932
947,1,0,1e+08,4386084565177,4386087055589,4386087867653,4386087923521,4386087977361,4386088270477,4386088400693,4386088400729,16,38.3555,24.9041,8.12064,0.55868,0.5384,2.93116,1.30216
948,1,0,1e+08,4386088426945,4386090279275,4386090584667,4386090661267,4386090683023,4386090843059,4386090954167,4386090954191,16,25.2725,18.5233,3.05392,0.766,0.21756,1.60036,1.11108
949,1,0,1e+08,4386090979331,4386092753189,4386093061533,4386093130205,4386093180665,4386093967288,4386094238388,4386094238448,16,32.5912,17.7386,3.08344,0.68672,0.5046,7.86623,2.711
950,1,0,1e+08,4386094264004,4386096012344,4386096383772,4386096452312,4386096497920,4386096685660,4386096798376,4386096798396,16,25.3439,17.4834,3.71428,0.6854,0.45608,1.8774,1.12716
951,1,0,1e+08,4386096823480,4386098684127,4386099028275,4386099099943,4386099142751,4386099295431,4386099406067,4386099406091,16,25.8261,18.6065,3.44148,0.71668,0.42808,1.5268,1.10636
952,1,0,1e+08,4386099430615,4386101826045,4386102528362,4386102647246,4386102665178,4386102909998,4386103027102,4386103027126,16,35.9651,23.9543,7.02317,1.18884,0.17932,2.4482,1.17104
953,1,0,1e+08,4386103053170,4386104826989,4386105159957,4386105300045,4386105314189,4386105470357,4386106011586,4386106011771,16,29.586,17.7382,3.32968,1.40088,0.14144,1.56168,5.41229
954,1,0,1e+08,4386106070450,4386107898198,4386108326714,4386108407830,4386108458346,4386109159092,4386109405284,4386109405332,16,33.3488,18.2775,4.28516,0.81116,0.50516,7.00746,2.46192
955,1,0,1e+08,4386109431932,4386112036846,4386112749473,4386112804877,4386112862373,4386113138917,4386113264309,4386113264345,16,38.3241,26.0491,7.12627,0.55404,0.57496,2.76544,1.25392
956,1,0,1e+08,4386113292029,4386115210264,4386115512576,4386115579452,4386115630292,4386115789988,4386115899300,4386115899320,16,26.0729,19.1823,3.02312,0.66876,0.5084,1.59696,1.09312
957,1,0,1e+08,4386115923632,4386117646857,4386117958365,4386118026309,4386118043785,4386118201789,4386118347733,4386118347757,16,24.2412,17.2323,3.11508,0.67944,0.17476,1.58004,1.45944
958,1,0,1e+08,4386118371321,4386120228365,4386121310304,4386121467641,4386121485985,4386121896073,4386122037925,4386122037953,16,36.6663,18.5704,10.8194,1.57337,0.18344,4.10088,1.41852
959,1,0,1e+08,4386122062041,4386123890170,4386124871800,4386125050074,4386125067566,4386125497539,4386125652763,4386125652807,16,35.9077,18.2813,9.8163,1.78274,0.17492,4.29973,1.55224
960,1,0,1e+08,4386125677955,4386127448027,4386127752471,4386127819843,4386127837183,4386127994851,4386128109523,4386128109543,16,24.3159,17.7007,3.04444,0.67372,0.1734,1.57668,1.14672
961,1,0,1e+08,4386128135131,4386130591223,4386131393299,4386131448287,4386131502487,4386131789115,4386131918947,4386131918979,16,37.8385,24.5609,8.02076,0.54988,0.542,2.86628,1.29832
962,1,0,1e+08,4386131944879,4386133797426,4386134105334,4386134174962,4386134226994,4386134415262,4386134526518,4386134526538,16,25.8166,18.5255,3.07908,0.69628,0.52032,1.88268,1.11256
963,1,0,1e+08,4386134551466,4386136464667,4386136790867,4386136861015,4386136892419,4386137053479,4386137165483,4386137165511,16,26.1404,19.132,3.262,0.70148,0.31404,1.6106,1.12004
964,1,0,1e+08,4386137190207,4386138935036,4386139274016,4386139352704,4386139416736,4386139571656,4386139677964,4386139677984,16,24.8778,17.4483,3.3898,0.78688,0.64032,1.5492,1.06308
965,1,0,1e+08,4386139701576,4386141792458,4386142733421,4386142876577,4386142893949,4386143158877,4386143283129,4386143283161,16,35.8159,20.9088,9.40963,1.43156,0.17372,2.64928,1.24252
966,1,0,1e+08,4386143307417,4386145085343,4386145402779,4386145490699,4386145524187,4386145775367,4386145889655,4386145889675,16,25.8226,17.7793,3.17436,0.8792,0.33488,2.5118,1.14288
967,1,0,1e+08,4386145914011,4386147631801,4386147940821,4386148007177,4386148060649,4386148220021,4386148328901,4386148328921,16,24.1491,17.1779,3.0902,0.66356,0.53472,1.59372,1.0888
968,1,0,1e+08,4386148352737,4386150193497,4386150494013,4386150559125,4386150596521,4386150748853,4386150855241,4386150855261,16,25.0252,18.4076,3.00516,0.65112,0.37396,1.52332,1.06388
969,1,0,1e+08,4386150879125,4386153190389,4386153825209,4386153877097,4386153896045,4386154134881,4386154250533,4386154250561,16,33.7144,23.1126,6.3482,0.51888,0.18948,2.38836,1.15652
970,1,0,1e+08,4386154274505,4386156093325,4386156398469,4386156464025,4386156481353,4386156633401,4386156739753,4386156739773,16,24.6527,18.1882,3.05144,0.65556,0.17328,1.52048,1.06352
971,1,0,1e+08,4386156763581,4386158534273,4386158840469,4386158906837,4386158959885,4386159116937,4386159225821,4386159225841,16,24.6226,17.7069,3.06196,0.66368,0.53048,1.57052,1.08884
972,1,0,1e+08,4386159249613,4386161057535,4386161379367,4386161525531,4386161540643,4386161693827,4386161803303,4386161803323,16,25.5371,18.0792,3.21832,1.46164,0.15112,1.53184,1.09476
973,1,0,1e+08,4386161828271,4386163597716,4386163903512,4386163969404,4386164020016,4386164787132,4386165022844,4386165022900,16,31.9463,17.6944,3.05796,0.65892,0.50612,7.67116,2.35712
974,1,0,1e+08,4386165048404,4386166856704,4386167167036,4386167255680,4386167283764,4386168256269,4386168454725,4386168454769,16,34.0637,18.083,3.10332,0.88644,0.28084,9.72505,1.98456
975,1,0,1e+08,4386168480441,4386170248326,4386171237268,4386171451612,4386171476524,4386171912553,4386172064389,4386172064517,16,35.8408,17.6789,9.88942,2.14344,0.24912,4.36029,1.51836
976,1,0,1e+08,4386172090333,4386173860265,4386174717533,4386174821249,4386174869605,4386175371373,4386175549202,4386175549250,16,34.5892,17.6993,8.57268,1.03716,0.48356,5.01768,1.77829
977,1,0,1e+08,4386175576094,4386177402436,4386178419521,4386178488765,4386178524149,4386178938209,4386179097593,4386179097641,16,35.2155,18.2634,10.1708,0.69244,0.35384,4.1406,1.59384
978,1,0,1e+08,4386179122965,4386180916947,4386181222223,4386181288747,4386181306787,4386181465479,4386181597803,4386181597827,16,24.7486,17.9398,3.05276,0.66524,0.1804,1.58692,1.32324
979,1,0,1e+08,4386181625031,4386183450343,4386184563139,4386184625032,4386184680760,4386185061921,4386185198041,4386185198077,16,35.7305,18.2531,11.128,0.61893,0.55728,3.81161,1.3612
980,1,0,1e+08,4386185221697,4386187086141,4386187385721,4386187450265,4386187468317,4386187620365,4386187728845,4386187728869,16,25.0717,18.6444,2.9958,0.64544,0.18052,1.52048,1.0848
981,1,0,1e+08,4386187753505,4386189658197,4386189960537,4386190025477,4386190043297,4386190202273,4386190310801,4386190310829,16,25.5732,19.0469,3.0234,0.6494,0.1782,1.58976,1.08528
982,1,0,1e+08,4386190335205,4386192105005,4386193294163,4386193448621,4386193466801,4386193819441,4386193954881,4386193954909,16,36.197,17.698,11.8916,1.54458,0.1818,3.5264,1.3544
983,1,0,1e+08,4386193982841,4386195755644,4386196061752,4386196127252,4386196178068,4386196933742,4386197219882,4386197219938,16,32.371,17.728,3.06108,0.655,0.50816,7.55674,2.8614
984,1,0,1e+08,4386197245342,4386199284114,4386200232846,4386200293430,4386200317730,4386200589082,4386200714794,4386200714822,16,34.6948,20.3877,9.48732,0.60584,0.243,2.71352,1.25712
985,1,0,1e+08,4386200740338,4386202540591,4386202843107,4386202911151,4386202928971,4386203087087,4386203233427,4386203233455,16,24.9312,18.0025,3.02516,0.68044,0.1782,1.58116,1.4634
986,1,0,1e+08,4386203262627,4386205154211,4386205457751,4386205525955,4386205544363,4386205702815,4386205847283,4386205847303,16,25.8468,18.9158,3.0354,0.68204,0.18408,1.58452,1.44468
987,1,0,1e+08,4386205870943,4386208661336,4386208947520,4386208996992,4386209014316,4386209166660,4386209273564,4386209273588,16,34.0264,27.9039,2.86184,0.49472,0.17324,1.52344,1.06904
988,1,0,1e+08,4386209297688,4386211554959,4386212412988,4386212468788,4386212508896,4386212805828,4386212926388,4386212926412,16,36.2872,22.5727,8.58029,0.558,0.40108,2.96932,1.2056
989,1,0,1e+08,4386212950376,4386214723233,4386215022301,4386215083297,4386215133109,4386215320741,4386215460253,4386215460273,16,25.099,17.7286,2.99068,0.60996,0.49812,1.87632,1.39512
990,1,0,1e+08,4386215484389,4386218258320,4386218545828,4386218595368,4386218664324,4386218857940,4386218974840,4386218974860,16,34.9047,27.7393,2.87508,0.4954,0.68956,1.93616,1.169
991,1,0,1e+08,4386219000580,4386220665429,4386220973277,4386221040169,4386221090325,4386221839020,4386222093165,4386222093229,16,30.9265,16.6485,3.07848,0.66892,0.50156,7.48695,2.54145
992,1,0,1e+08,4386222126209,4386223919679,4386224267115,4386224337923,4386224388027,4386224568651,4386224677975,4386224677995,16,25.5179,17.9347,3.47436,0.70808,0.50104,1.80624,1.09324
993,1,0,1e+08,4386224702619,4386226540314,4386227776308,4386227946968,4386227965036,4386228297452,4386228431756,4386228431792,16,37.2917,18.377,12.3599,1.7066,0.18068,3.32416,1.34304
994,1,0,1e+08,4386228461468,4386230232375,4386230553291,4386230618475,4386230672167,4386230864379,4386230976347,4386230976367,16,25.149,17.7091,3.20916,0.65184,0.53692,1.92212,1.11968
995,1,0,1e+08,4386231000023,4386233642482,4386234320666,4386234450006,4386234464542,4386234748746,4386234873706,4386234873738,16,38.7371,26.4246,6.78184,1.2934,0.14536,2.84204,1.2496
996,1,0,1e+08,4386234898006,4386236634526,4386236938354,4386237003522,4386237020230,4386237177942,4386237314878,4386237314898,16,24.1689,17.3652,3.03828,0.65168,0.16708,1.57712,1.36936
997,1,0,1e+08,4386237338698,4386239773945,4386240507806,4386240635518,4386240650450,4386240938302,4386241060890,4386241060918,16,37.2222,24.3525,7.33861,1.27712,0.14932,2.87852,1.22588
998,1,0,1e+08,4386241084970,4386242895979,4386243199199,4386243265271,4386243316671,4386243504791,4386243615987,4386243616007,16,25.3104,18.1101,3.0322,0.66072,0.514,1.8812,1.11196
999,1,0,1e+08,4386243640263,4386246046622,4386246891100,4386246945184,4386246994540,4386247296664,4386247424324,4386247424360,16,37.841,24.0636,8.44478,0.54084,0.49356,3.02124,1.2766
1000,1,0,1e+08,4386247449024,4386249213455,4386249514859,4386249577835,4386249630555,4386249819703,4386249939447,4386249939467,16,24.9044,17.6443,3.01404,0.62976,0.5272,1.89148,1.19744
1001,1,0,1e+08,4386249964399,4386251778735,4386252103383,4386252169507,4386252221187,4386253018795,4386253276575,4386253276635,16,33.1224,18.1434,3.24648,0.66124,0.5168,7.97608,2.5778
1002,1,0,1e+08,4386253306835,4386255386693,4386256263385,4386256319125,4386256378081,4386256673513,4386256799653,4386256799681,16,34.9285,20.7986,8.76692,0.5574,0.58956,2.95432,1.2614
1003,1,0,1e+08,4386256824217,4386258693342,4386258996318,4386259063486,4386259114518,4386259302118,4386259413614,4386259413638,16,25.8942,18.6913,3.02976,0.67168,0.51032,1.876,1.11496
1004,1,0,1e+08,4386259438606,4386261265488,4386261565736,4386261632220,4386261683812,4386261871720,4386261986608,4386261986628,16,25.4802,18.2688,3.00248,0.66484,0.51592,1.87908,1.14888
1005,1,0,1e+08,4386262011972,4386263826299,4386264159767,4386264226819,4386264280219,4386264433567,4386264542991,4386264543015,16,25.3104,18.1433,3.33468,0.67052,0.534,1.53348,1.09424
1006,1,0,1e+08,4386264567119,4386266319617,4386266624489,4386266691425,4386266743473,4386266901589,4386267023221,4386267023241,16,24.5612,17.525,3.04872,0.66936,0.52048,1.58116,1.21632
1007,1,0,1e+08,4386267053229,4386268885993,4386269192133,4386269258597,4386269276625,4386269428673,4386269535421,4386269535445,16,24.8222,18.3276,3.0614,0.66464,0.18028,1.52048,1.06748
1008,1,0,1e+08,4386269559157,4386271312988,4386271611808,4386271677952,4386271696008,4386271849124,4386271955444,4386271955468,16,23.9631,17.5383,2.9882,0.66144,0.18056,1.53116,1.0632
1009,1,0,1e+08,4386271979524,4386273682432,4386273984484,4386274051224,4386274069752,4386274262536,4386274371532,4386274371552,16,23.9203,17.0291,3.02052,0.6674,0.18528,1.92784,1.08996
1010,1,0,1e+08,4386274395300,4386276197718,4386276535914,4386276709330,4386276743374,4386276929678,4386277038522,4386277038538,16,26.4324,18.0242,3.38196,1.73416,0.34044,1.86304,1.08844
1011,1,0,1e+08,4386277062382,4386278838744,4386279142996,4386279210380,4386279263660,4386279457320,4386279585840,4386279585864,16,25.2348,17.7636,3.04252,0.67384,0.5328,1.9366,1.2852
1012,1,0,1e+08,4386279614064,4386281362968,4386281668684,4386281739088,4386281768632,4386281920812,4386282027516,4386282027536,16,24.1347,17.489,3.05716,0.70404,0.29544,1.5218,1.06704
1013,1,0,1e+08,4386282051256,4386283809551,4386284112899,4386284179023,4386284197151,4386284349059,4386284459087,4386284459111,16,24.0785,17.583,3.03348,0.66124,0.18128,1.51908,1.10028
1014,1,0,1e+08,4386284484083,4386286535194,4386287449464,4386287503452,4386287520680,4386287789540,4386287914912,4386287914940,16,34.3086,20.5111,9.1427,0.53988,0.17228,2.6886,1.25372
1015,1,0,1e+08,4386287966492,4386290337805,4386290928297,4386290985137,4386291004209,4386291230977,4386291351041,4386291351069,16,33.8458,23.7131,5.90492,0.5684,0.19072,2.26768,1.20064
1016,1,0,1e+08,4386291376941,4386293198726,4386294163446,4386294251063,4386294285307,4386294718212,4386294872468,4386294872508,16,34.9557,18.2179,9.6472,0.87617,0.34244,4.32905,1.54256
1017,1,0,1e+08,4386294898016,4386296764716,4386297878603,4386297943120,4386297972424,4386298349860,4386298498240,4386298498284,16,36.0027,18.667,11.1389,0.64517,0.29304,3.77436,1.4838
1018,1,0,1e+08,4386298572528,4386300386675,4386300687651,4386300754187,4386300772363,4386300930131,4386301049383,4386301049403,16,24.7688,18.1415,3.00976,0.66536,0.18176,1.57768,1.19252
1019,1,0,1e+08,4386301075175,4386302922890,4386303220574,4386303279306,4386303294578,4386303450822,4386303587838,4386303587862,16,25.1269,18.4772,2.97684,0.58732,0.15272,1.56244,1.37016
1020,1,0,1e+08,4386303618358,4386305492153,4386306670535,4386306807816,4386306826344,4386307203524,4386307340864,4386307340896,16,37.2254,18.738,11.7838,1.37281,0.18528,3.7718,1.3734
1021,1,0,1e+08,4386307366300,4386309069562,4386309370370,4386309448106,4386309465962,4386309618182,4386309724826,4386309724850,16,23.5855,17.0326,3.00808,0.77736,0.17856,1.5222,1.06644
1022,1,0,1e+08,4386309748606,4386311510243,4386311812127,4386311880223,4386311931819,4386312116927,4386312226087,4386312226103,16,24.775,17.6164,3.01884,0.68096,0.51596,1.85108,1.0916
1023,1,0,1e+08,4386312249935,4386314650722,4386315394671,4386315521635,4386315536579,4386315828875,4386315955691,4386315955719,16,37.0578,24.0079,7.43949,1.26964,0.14944,2.92296,1.26816
1024,1,0,1e+08,4386315979723,4386317739603,4386318040335,4386318108915,4386318163359,4386318362163,4386318469195,4386318469215,16,24.8949,17.5988,3.00732,0.6858,0.54444,1.98804,1.07032
1025,1,0,1e+08,4386318493051,4386320392597,4386320710121,4386320776149,4386320826533,4386321009953,4386321118629,4386321118649,16,26.256,18.9955,3.17524,0.66028,0.50384,1.8342,1.08676
1026,1,0,1e+08,4386321142389,4386322909458,4386323232690,4386323337194,4386323378254,4386323590974,4386323700462,4386323700478,16,25.5809,17.6707,3.23232,1.04504,0.4106,2.1272,1.09488
1027,1,0,1e+08,4386323723682,4386325527053,4386325831245,4386325900897,4386325918837,4386326070941,4386326177349,4386326177373,16,24.5369,18.0337,3.04192,0.69652,0.1794,1.52104,1.06408
1028,1,0,1e+08,4386326200833,4386328009795,4386328311491,4386328380007,4386328398063,4386328549959,4386328656407,4386328656431,16,24.556,18.0896,3.01696,0.68516,0.18056,1.51896,1.06448
1029,1,0,1e+08,4386328680307,4386330427239,4386330731079,4386330800907,4386330863447,4386331045619,4386331158515,4386331158539,16,24.7823,17.4693,3.0384,0.69828,0.6254,1.82172,1.12896
1030,1,0,1e+08,4386331182583,4386332903199,4386333207711,4386333274695,4386333326779,4386334133453,4386334396578,4386334396622,16,32.1404,17.2062,3.04512,0.66984,0.52084,8.06674,2.63125
1031,1,0,1e+08,4386334421423,4386336248381,4386336572989,4386336641025,4386336659997,4386336811981,4386336918485,4386336918509,16,24.9709,18.2696,3.24608,0.68036,0.18972,1.51984,1.06504
1032,1,0,1e+08,4386336942129,4386338688979,4386339823375,4386339974352,4386339991228,4386340336924,4386340474736,4386340474768,16,35.3264,17.4685,11.344,1.50977,0.16876,3.45696,1.37812
1033,1,0,1e+08,4386340499444,4386342351705,4386343496398,4386343559930,4386343578794,4386343926442,4386344058402,4386344058438,16,35.5899,18.5226,11.4469,0.63532,0.18864,3.47648,1.3196
1034,1,0,1e+08,4386344082630,4386345897880,4386346905409,4386346993088,4386347030504,4386347457713,4386347620485,4386347620529,16,35.379,18.1525,10.0753,0.87679,0.37416,4.27209,1.62772
1035,1,0,1e+08,4386347646073,4386349430301,4386349736673,4386349802449,4386349819129,4386349977617,4386350110981,4386350111005,16,24.6493,17.8423,3.06372,0.65776,0.1668,1.58488,1.33364
1036,1,0,1e+08,4386350134937,4386351967376,4386353083068,4386353147800,4386353174148,4386353557300,4386353696236,4386353696272,16,35.6134,18.3244,11.1569,0.64732,0.26348,3.83152,1.38936
1037,1,0,1e+08,4386353721440,4386355513250,4386355814538,4386355892686,4386355917362,4386356075706,4386356182326,4386356182350,16,24.6091,17.9181,3.01288,0.78148,0.24676,1.58344,1.0662
1038,1,0,1e+08,4386356206006,4386357965675,4386358270263,4386358338195,4386358389435,4386359183610,4386359453212,4386359453256,16,32.4725,17.5967,3.04588,0.67932,0.5124,7.94175,2.69602
1039,1,0,1e+08,4386359478828,4386361215039,4386361561595,4386361647987,4386361670847,4386361868651,4386361984071,4386361984159,16,25.0533,17.3621,3.46556,0.86392,0.2286,1.97804,1.1542
1040,1,0,1e+08,4386362007911,4386364073534,4386365129961,4386365184817,4386365267609,4386365590877,4386365716049,4386365716073,16,37.0816,20.6562,10.5643,0.54856,0.82792,3.23268,1.25172
1041,1,0,1e+08,4386365740189,4386367536189,4386367836789,4386367901013,4386367965629,4386368143357,4386368261117,4386368261141,16,25.2095,17.96,3.006,0.64224,0.64616,1.77728,1.1776
1042,1,0,1e+08,4386368290065,4386370892632,4386371531117,4386371585065,4386371634457,4386371907961,4386372029817,4386372029841,16,37.3978,26.0257,6.38485,0.53948,0.49392,2.73504,1.21856
1043,1,0,1e+08,4386372053949,4386373770300,4386374071928,4386374136192,4386374187184,4386374980498,4386375229696,4386375229760,16,31.7581,17.1635,3.01628,0.64264,0.50992,7.93314,2.49198
1044,1,0,1e+08,4386375256088,4386377144058,4386377451354,4386377531034,4386377554478,4386377708002,4386377816438,4386377816462,16,25.6037,18.8797,3.07296,0.7968,0.23444,1.53524,1.08436
1045,1,0,1e+08,4386377840814,4386380351617,4386381115161,4386381169621,4386381224241,4386381509645,4386381635333,4386381635361,16,37.9455,25.108,7.63544,0.5446,0.5462,2.85404,1.25688
1046,1,0,1e+08,4386381660669,4386383533965,4386383839773,4386383913425,4386383931981,4386384089473,4386384217873,4386384217893,16,25.5722,18.733,3.05808,0.73652,0.18556,1.57492,1.284
1047,1,0,1e+08,4386384241653,4386386081084,4386386383880,4386386448636,4386386490900,4386386649436,4386386774116,4386386774140,16,25.3249,18.3943,3.02796,0.64756,0.42264,1.58536,1.2468
1048,1,0,1e+08,4386386800024,4386388541129,4386388876393,4386388943177,4386388989833,4386389141929,4386389248361,4386389248385,16,24.4836,17.411,3.35264,0.66784,0.46656,1.52096,1.06432
1049,1,0,1e+08,4386389272041,4386391013954,4386391313602,4386391378194,4386391431718,4386391608446,4386391717090,4386391717110,16,24.4507,17.4191,2.99648,0.64592,0.53524,1.76728,1.08644
1050,1,0,1e+08,4386391740842,4386393576961,4386393877405,4386393947225,4386393966793,4386394118933,4386394225601,4386394225621,16,24.8478,18.3612,3.00444,0.6982,0.19568,1.5214,1.06668
1051,1,0,1e+08,4386394249181,4386395943854,4386396247402,4386396315586,4386396332514,4386396485518,4386396592462,4386396592486,16,23.4331,16.9467,3.03548,0.68184,0.16928,1.53004,1.06944
1052,1,0,1e+08,4386396616290,4386398404418,4386399547920,4386399610556,4386399640144,4386400001476,4386400137656,4386400137688,16,35.214,17.8813,11.435,0.62636,0.29588,3.61332,1.3618
1053,1,0,1e+08,4386400162968,4386402277457,4386403213612,4386403268300,4386403283088,4386403561172,4386403683212,4386403683248,16,35.2028,21.1449,9.36155,0.54688,0.14788,2.78084,1.2204
1054,1,0,1e+08,4386403707552,4386405443026,4386406437797,4386406507330,4386406529950,4386406974971,4386407140011,4386407140051,16,34.325,17.3547,9.94771,0.69533,0.2262,4.45021,1.6504
1055,1,0,1e+08,4386407172435,4386408937460,4386409238480,4386409301852,4386409338020,4386409496300,4386409642024,4386409642052,16,24.6962,17.6502,3.0102,0.63372,0.36168,1.5828,1.45724
1056,1,0,1e+08,4386409671616,4386411476344,4386411776668,4386411841684,4386411858540,4386412016628,4386412128068,4386412128092,16,24.5648,18.0473,3.00324,0.65016,0.16856,1.58088,1.1144
1057,1,0,1e+08,4386412152584,4386413960474,4386414261706,4386414350754,4386414368282,4386414546406,4386414655882,4386414655902,16,25.0332,18.0789,3.01232,0.89048,0.17528,1.78124,1.09476
1058,1,0,1e+08,4386414679862,4386416814551,4386417742298,4386417887394,4386417906842,4386418192390,4386418313994,4386418314018,16,36.3416,21.3469,9.27747,1.45096,0.19448,2.85548,1.21604
1059,1,0,1e+08,4386418337702,4386420821885,4386421542204,4386421595140,4386421644728,4386421932896,4386422058280,4386422058312,16,37.2061,24.8418,7.20319,0.52936,0.49588,2.88168,1.25384
1060,1,0,1e+08,4386422082520,4386423855198,4386424153806,4386424236094,4386424254406,4386424411718,4386424540506,4386424540530,16,24.5801,17.7268,2.98608,0.82288,0.18312,1.57312,1.28788
1061,1,0,1e+08,4386424564090,4386427083988,4386427640804,4386427694200,4386427747928,4386428000128,4386428120736,4386428120764,16,35.5667,25.199,5.56816,0.53396,0.53728,2.522,1.20608
1062,1,0,1e+08,4386428145804,4386429989383,4386430291979,4386430366107,4386430404011,4386430557407,4386430668339,4386430668363,16,25.2256,18.4358,3.02596,0.74128,0.37904,1.53396,1.10932
1063,1,0,1e+08,4386430692855,4386433209634,4386433931002,4386434067666,4386434082410,4386434370726,4386434493122,4386434493150,16,38.0029,25.1678,7.21368,1.36664,0.14744,2.88316,1.22396
1064,1,0,1e+08,4386434517166,4386436312469,4386436615661,4386436682645,4386436718621,4386436876717,4386436999733,4386436999757,16,24.8259,17.953,3.03192,0.66984,0.35976,1.58096,1.23016
1065,1,0,1e+08,4386437024269,4386438871185,4386439173393,4386439299853,4386439318277,4386440099976,4386440418028,4386440418084,16,33.9382,18.4692,3.02208,1.2646,0.18424,7.81699,3.18052
1066,1,0,1e+08,4386440443264,4386442211994,4386442565346,4386442657146,4386442734894,4386442923814,4386443036218,4386443036234,16,25.9297,17.6873,3.53352,0.918,0.77748,1.8892,1.12404
1067,1,0,1e+08,4386443061366,4386445482242,4386446388609,4386446443081,4386446493649,4386446796245,4386446922133,4386446922165,16,38.608,24.2088,9.06367,0.54472,0.50568,3.02596,1.25888
1068,1,0,1e+08,4386446946049,4386448779550,4386449080842,4386449162842,4386449196514,4386449351206,4386449459778,4386449459798,16,25.1375,18.335,3.01292,0.82,0.33672,1.54692,1.08572
1069,1,0,1e+08,4386449484374,4386451987632,4386452710802,4386452765582,4386452819458,4386453105106,4386453231038,4386453231070,16,37.467,25.0326,7.2317,0.5478,0.53876,2.85648,1.25932
1070,1,0,1e+08,4386453255958,4386455039552,4386455346448,4386455420416,4386455455160,4386455612840,4386455745912,4386455745932,16,24.8997,17.8359,3.06896,0.73968,0.34744,1.5768,1.33072
1071,1,0,1e+08,4386455769584,4386458020693,4386459006102,4386459114346,4386459129618,4386459396982,4386459522474,4386459522506,16,37.5292,22.5111,9.85409,1.08244,0.15272,2.67364,1.25492
1072,1,0,1e+08,4386459547470,4386461260985,4386461565365,4386461633869,4386461675789,4386462495060,4386462697640,4386462697692,16,31.5022,17.1351,3.0438,0.68504,0.4192,8.19271,2.0258
1073,1,0,1e+08,4386462723944,4386464493174,4386464831714,4386464900566,4386464943086,4386465100470,4386465237098,4386465237122,16,25.1318,17.6923,3.3854,0.68852,0.4252,1.57384,1.36628
1074,1,0,1e+08,4386465260882,4386467088001,4386467400733,4386467466149,4386467486493,4386467638897,4386467746037,4386467746057,16,24.8517,18.2712,3.12732,0.65416,0.20344,1.52404,1.0714
1075,1,0,1e+08,4386467770001,4386470212904,4386471030878,4386471154414,4386471170214,4386471481438,4386471607162,4386471607194,16,38.3719,24.429,8.17974,1.23536,0.158,3.11224,1.25724
1076,1,0,1e+08,4386471630774,4386473346958,4386473648178,4386473716846,4386473770898,4386473967994,4386474074878,4386474074894,16,24.4412,17.1618,3.0122,0.68668,0.54052,1.97096,1.06884
1077,1,0,1e+08,4386474098638,4386475925567,4386477044466,4386477251164,4386477271280,4386477654868,4386477791012,4386477791048,16,36.9241,18.2693,11.189,2.06698,0.20116,3.83588,1.36144
1078,1,0,1e+08,4386477815092,4386479581903,4386479885879,4386479954523,4386479973875,4386480170223,4386480287951,4386480287967,16,24.7288,17.6681,3.03976,0.68644,0.19352,1.96348,1.17728
1079,1,0,1e+08,4386480312895,4386482134420,4386483262452,4386483394558,4386483412330,4386483810178,4386483964638,4386483964682,16,36.5179,18.2152,11.2803,1.32106,0.17772,3.97848,1.5446
1080,1,0,1e+08,4386483990390,4386485818860,4386486203548,4386486293808,4386486311432,4386486473588,4386486847091,4386486847236,16,28.5685,18.2847,3.84688,0.9026,0.17624,1.62156,3.73503
1081,1,0,1e+08,4386486905227,4386488801034,4386489274358,4386489367942,4386489384466,4386489669610,4386489791682,4386489791710,16,28.8648,18.9581,4.73324,0.93584,0.16524,2.85144,1.22072
1082,1,0,1e+08,4386489817682,4386491541026,4386492701620,4386492890182,4386492908578,4386493284143,4386493431859,4386493431895,16,36.1421,17.2334,11.6059,1.88562,0.18396,3.75565,1.47716
1083,1,0,1e+08,4386493457491,4386495170401,4386495534037,4386495602641,4386495621965,4386495836648,4386496411878,4386496412063,16,29.5457,17.1291,3.63636,0.68604,0.19324,2.14683,5.7523
1084,1,0,1e+08,4386496463580,4386498310724,4386499525652,4386499631436,4386499655240,4386499992056,4386500122516,4386500122548,16,36.5897,18.4714,12.1493,1.05784,0.23804,3.36816,1.3046
1085,1,0,1e+08,4386500147080,4386501867810,4386502990105,4386503054497,4386503071897,4386503430433,4386503567829,4386503567873,16,34.2079,17.2073,11.223,0.64392,0.174,3.58536,1.37396
1086,1,0,1e+08,4386503593021,4386505358464,4386505664392,4386505732324,4386505750464,4386506044697,4386506570617,4386506570693,16,29.7767,17.6544,3.05928,0.67932,0.1814,2.94233,5.2592
1087,1,0,1e+08,4386506602505,4386508406083,4386508771987,4386508851735,4386508883963,4386509036267,4386509147499,4386509147531,16,25.4503,18.0358,3.65904,0.79748,0.32228,1.52304,1.11232
1088,1,0,1e+08,4386509172047,4386510878300,4386511985664,4386512047760,4386512106456,4386512506209,4386512641425,4386512641453,16,34.6941,17.0625,11.0736,0.62096,0.58696,3.99753,1.35216
1089,1,0,1e+08,4386512665749,4386514411198,4386514718198,4386514785678,4386514803150,4386514961494,4386515068106,4386515068130,16,24.0238,17.4545,3.07,0.6748,0.17472,1.58344,1.06612
1090,1,0,1e+08,4386515091790,4386517645524,4386518299994,4386518351962,4386518401262,4386518674258,4386518793882,4386518793906,16,37.0212,25.5373,6.5447,0.51968,0.493,2.72996,1.19624
1091,1,0,1e+08,4386518817874,4386520552102,4386521640942,4386521705183,4386521724851,4386522095492,4386522238924,4386522238972,16,34.211,17.3423,10.8884,0.64241,0.19668,3.70641,1.43432
1092,1,0,1e+08,4386522265284,4386524016610,4386524319354,4386524388162,4386524405290,4386524562678,4386524701574,4386524701594,16,24.3631,17.5133,3.02744,0.68808,0.17128,1.57388,1.38896
1093,1,0,1e+08,4386524725246,4386526467828,4386526772900,4386526858860,4386526936141,4386527908272,4386528110444,4386528110504,16,33.8526,17.4258,3.05072,0.8596,0.77281,9.72131,2.02172
1094,1,0,1e+08,4386528136400,4386529984661,4386531153480,4386531211444,4386531230736,4386531544448,4386531674908,4386531674936,16,35.3854,18.4826,11.6882,0.57964,0.19292,3.13712,1.3046
1095,1,0,1e+08,4386531699084,4386533431769,4386533738549,4386533807561,4386533825609,4386533982909,4386534120081,4386534120105,16,24.2102,17.3269,3.0678,0.69012,0.18048,1.573,1.37172
1096,1,0,1e+08,4386534143817,4386536030538,4386536338658,4386536410306,4386536465178,4386536649242,4386536772894,4386536772918,16,26.291,18.8672,3.0812,0.71648,0.54872,1.84064,1.23652
1097,1,0,1e+08,4386536797818,4386539179339,4386539924254,4386540049170,4386540063898,4386540349898,4386540474366,4386540474398,16,36.7658,23.8152,7.44915,1.24916,0.14728,2.86,1.24468
1098,1,0,1e+08,4386540498774,4386542290583,4386542604371,4386542676223,4386542714131,4386542871035,4386542982823,4386542982843,16,24.8407,17.9181,3.13788,0.71852,0.37908,1.56904,1.11788
1099,1,0,1e+08,4386543007423,4386545467177,4386546153053,4386546205889,4386546255689,4386546530957,4386546652325,4386546652353,16,36.4493,24.5975,6.85876,0.52836,0.498,2.75268,1.21368
1100,1,0,1e+08,4386546676721,4386548471940,4386548779244,4386548852256,4386548886124,4386549043420,4386549162672,4386549162692,16,24.8597,17.9522,3.07304,0.73012,0.33868,1.57296,1.19252
1101,1,0,1e+08,4386549188000,4386551825990,4386552492412,4386552544788,4386552594136,4386552875284,4386552994948,4386552994976,16,38.0698,26.3799,6.66422,0.52376,0.49348,2.81148,1.19664
1102,1,0,1e+08,4386553018712,4386554744287,4386555830954,4386555895362,4386555924178,4386556298420,4386556440580,4386556440612,16,34.219,17.2557,10.8667,0.64408,0.28816,3.74242,1.4216
1103,1,0,1e+08,4386556466316,4386558284623,4386558591087,4386558659231,4386558677459,4386558835167,4386558963531,4386558963603,16,24.9729,18.1831,3.06464,0.68144,0.18228,1.57708,1.28364
1104,1,0,1e+08,4386558989135,4386560732580,4386561046812,4386561116208,4386561136460,4386561361679,4386561907303,4386561907453,16,29.1832,17.4345,3.14232,0.69396,0.20252,2.25219,5.45624
1105,1,0,1e+08,4386561966006,4386563776006,4386564119426,4386564211706,4386564231114,4386564387626,4386564509138,4386564509162,16,25.4316,18.1,3.4342,0.9228,0.19408,1.56512,1.21512
1106,1,0,1e+08,4386564536062,4386566238330,4386567291320,4386567398432,4386567440568,4386567839020,4386567977112,4386567977140,16,34.4108,17.0227,10.5299,1.07112,0.42136,3.98452,1.38092
1107,1,0,1e+08,4386568001228,4386570297009,4386571173976,4386571227168,4386571279300,4386571576328,4386571698528,4386571698556,16,36.9733,22.9578,8.76967,0.53192,0.52132,2.97028,1.222
1108,1,0,1e+08,4386571722492,4386573671733,4386574782012,4386574839892,4386574857652,4386575140820,4386575267700,4386575267728,16,35.4524,19.4924,11.1028,0.5788,0.1776,2.83168,1.2688
1109,1,0,1e+08,4386575293576,4386577118538,4386577415966,4386577475690,4386577493170,4386577649478,4386577781154,4386577781178,16,24.876,18.2496,2.97428,0.59724,0.1748,1.56308,1.31676
1110,1,0,1e+08,4386577808886,4386579620101,4386579931617,4386580000153,4386580037333,4386580197509,4386580334245,4386580334265,16,25.2538,18.1121,3.11516,0.68536,0.3718,1.60176,1.36736
1111,1,0,1e+08,4386580358713,4386583465459,4386583929419,4386583979839,4386584027111,4386584276967,4386584391935,4386584391959,16,40.3325,31.0675,4.6396,0.5042,0.47272,2.49856,1.14968
1112,1,0,1e+08,4386584415747,4386586456367,4386587500636,4386587559328,4386587576104,4386587865560,4386587987096,4386587987124,16,35.7138,20.4062,10.4427,0.58692,0.16776,2.89456,1.21536
1113,1,0,1e+08,4386588012176,4386589822326,4386590124702,4386590191514,4386590208214,4386590365838,4386590486042,4386590486070,16,24.7389,18.1015,3.02376,0.66812,0.167,1.57624,1.20204
1114,1,0,1e+08,4386590510998,4386592852365,4386593690494,4386593749402,4386593794762,4386594104370,4386594234198,4386594234222,16,37.2322,23.4137,8.38129,0.58908,0.4536,3.09608,1.29828
