frame,ready,disjoint,freq,begin_ts,blt_ts,range_ts,charts_ts,gauge_ts,map_ts,hud_ts,end_ts,read_latency,span_ms,vp_ms,range_ms,charts_ms,gauge_ms,map_ms,hud_ms
0,1,0,1e+08,4335324424191,4335326660459,4335327838564,4335328134033,4335328157417,4335329215220,4335329416346,4335329416394,16,49.922,22.3627,11.781,2.95469,0.23384,10.578,2.01126
1,1,0,1e+08,4335329552782,4335330448080,4335332323360,4335332974589,4335333000127,4335333772677,4335334035361,4335334035449,16,44.8267,8.95298,18.7528,6.51229,0.25538,7.7255,2.62684
2,1,0,1e+08,4335334466876,4335335267260,4335336537465,4335336605077,4335336632713,4335336998030,4335337140834,4335337140862,16,26.7399,8.00384,12.702,0.67612,0.27636,3.65317,1.42804
3,1,0,1e+08,4335337175834,4335337428586,4335337840546,4335338154750,4335338179826,4335338602384,4335338861648,4335338861704,16,16.8587,2.52752,4.1196,3.14204,0.25076,4.22558,2.59264
4,1,0,1e+08,4335338923184,4335339329460,4335339910660,4335339977844,4335339998580,4335340241272,4335340400284,4335340400312,16,14.7713,4.06276,5.812,0.67184,0.20736,2.42692,1.59012
5,1,0,1e+08,4335340442108,4335340737456,4335341963333,4335342352485,4335342391297,4335342672741,4335342870397,4335342870453,16,24.2835,2.95348,12.2588,3.89152,0.38812,2.81444,1.97656
6,1,0,1e+08,4335342908217,4335343310417,4335344496226,4335344802546,4335344830250,4335345137710,4335345299882,4335345299910,16,23.9169,4.022,11.8581,3.0632,0.27704,3.0746,1.62172
7,1,0,1e+08,4335345958933,4335346997556,4335347683544,4335347964876,4335347986172,4335348202552,4335348393692,4335348393720,16,24.3479,10.3862,6.85988,2.81332,0.21296,2.1638,1.9114
8,1,0,1e+08,4335349246734,4335350196256,4335350889367,4335351137707,4335351159751,4335351385415,4335351561975,4335351561999,16,23.1527,9.49522,6.93111,2.4834,0.22044,2.25664,1.7656
9,1,0,1e+08,4335353054433,4335353649364,4335354123700,4335354233088,4335354276976,4335354640971,4335355158251,4335355158347,16,21.0391,5.94931,4.74336,1.09388,0.43888,3.63995,5.1728
10,1,0,1e+08,4335356810775,4335357615376,4335358377902,4335358443982,4335358470282,4335358729910,4335358863598,4335358863626,16,20.5285,8.04601,7.62526,0.6608,0.263,2.59628,1.33688
11,1,0,1e+08,4335359785102,4335360365858,4335361342264,4335361413120,4335361438080,4335361926141,4335362393878,4335362393966,16,26.0886,5.80756,9.76406,0.70856,0.2496,4.88061,4.67737
12,1,0,1e+08,4335362432450,4335363080906,4335363546282,4335363605598,4335363624242,4335363830182,4335363987766,4335363987794,16,15.5534,6.48456,4.65376,0.59316,0.18644,2.0594,1.57584
13,1,0,1e+08,4335364343817,4335365307052,4335365974557,4335366217165,4335366238609,4335366476881,4335366638809,4335366638841,16,22.9502,9.63235,6.67505,2.42608,0.21444,2.38272,1.61928
14,1,0,1e+08,4335367182882,4335368026560,4335368734429,4335368835825,4335368879769,4335369250097,4335369384577,4335369384605,16,22.0172,8.43678,7.07869,1.01396,0.43944,3.70328,1.3448
15,1,0,1e+08,4335370160646,4335370956466,4335371764793,4335371841069,4335371881309,4335372326817,4335372494933,4335372495021,16,23.3438,7.9582,8.08327,0.76276,0.4024,4.45508,1.68116
16,1,0,1e+08,4335373231740,4335374073429,4335374802008,4335374870048,4335374897188,4335375325512,4335375480556,4335375480584,16,22.4884,8.41689,7.28579,0.6804,0.2714,4.28324,1.55044
17,1,0,1e+08,4335376081707,4335377069192,4335377715885,4335377783553,4335377809649,4335378051281,4335378221837,4335378221869,16,21.4016,9.87485,6.46693,0.67668,0.26096,2.41632,1.70556
18,1,0,1e+08,4335378792011,4335379464865,4335380348231,4335380434047,4335380470887,4335380732467,4335380902979,4335380903007,16,21.11,6.72854,8.83366,0.85816,0.3684,2.6158,1.70512
19,1,0,1e+08,4335382403737,4335382911693,4335383473273,4335383563821,4335383604757,4335383827505,4335384006441,4335384006477,16,16.0274,5.07956,5.6158,0.90548,0.40936,2.22748,1.78936
20,1,0,1e+08,4335385725957,4335386049789,4335386492385,4335386595389,4335386635741,4335387116550,4335387640886,4335387640962,16,19.15,3.23832,4.42596,1.03004,0.40352,4.80809,5.24336
21,1,0,1e+08,4335389086533,4335389873048,4335390612077,4335390721969,4335390766857,4335391190437,4335391378537,4335391378581,16,22.9205,7.86515,7.39029,1.09892,0.44888,4.2358,1.881
22,1,0,1e+08,4335392254592,4335393194613,4335393839479,4335393949655,4335393990507,4335394340839,4335394557847,4335394557879,16,23.0329,9.40021,6.44866,1.10176,0.40852,3.50332,2.17008
23,1,0,1e+08,4335395550789,4335396848104,4335398570300,4335398842685,4335398867389,4335399181149,4335399396805,4335399396841,16,38.4605,12.9731,17.222,2.72385,0.24704,3.1376,2.15656
24,1,0,1e+08,4335399444537,4335399742501,4335400936177,4335401099521,4335401123829,4335401455985,4335401619373,4335401619405,16,21.7487,2.97964,11.9368,1.63344,0.24308,3.32156,1.63388
25,1,0,1e+08,4335401946665,4335402231385,4335403509597,4335403712549,4335403736681,4335404032133,4335404183581,4335404183621,16,22.3696,2.8472,12.7821,2.02952,0.24132,2.95452,1.51448
26,1,0,1e+08,4335405530363,4335406025623,4335406587623,4335406774051,4335406799527,4335407021551,4335407215971,4335407216011,16,16.8565,4.9526,5.62,1.86428,0.25476,2.22024,1.9442
27,1,0,1e+08,4335409156563,4335409447657,4335411036020,4335411108756,4335411191945,4335411545957,4335411731705,4335411731745,16,25.7518,2.91094,15.8836,0.72736,0.83189,3.54012,1.85748
28,1,0,1e+08,4335412283902,4335412885261,4335413809184,4335413951312,4335413978416,4335414249648,4335414402412,4335414402448,16,21.1855,6.01359,9.23923,1.42128,0.27104,2.71232,1.52764
29,1,0,1e+08,4335415300291,4335415735755,4335416285131,4335416434835,4335416457111,4335416659987,4335416813075,4335416813107,16,15.1282,4.35464,5.49376,1.49704,0.22276,2.02876,1.53088
30,1,0,1e+08,4335417431061,4335418385108,4335419064905,4335419220097,4335419236617,4335419471069,4335419597501,4335419597525,16,21.6646,9.54047,6.79797,1.55192,0.1652,2.34452,1.26432
31,1,0,1e+08,4335420135679,4335421097892,4335421768212,4335421842040,4335421860240,4335422161624,4335422323280,4335422323312,16,21.8763,9.62213,6.7032,0.73828,0.182,3.01384,1.61656
32,1,0,1e+08,4335422784561,4335423418560,4335424319928,4335424393936,4335424438708,4335424707436,4335424832096,4335424832124,16,20.4756,6.33999,9.01368,0.74008,0.44772,2.68728,1.2466
33,1,0,1e+08,4335425532460,4335426073455,4335427093645,4335427160581,4335427182645,4335427458109,4335427599125,4335427599161,16,20.667,5.40995,10.2019,0.66936,0.22064,2.75464,1.41016
34,1,0,1e+08,4335428113615,4335429172544,4335429829009,4335429897397,4335429924049,4335430163313,4335430318977,4335430319005,16,22.0539,10.5893,6.56465,0.68388,0.26652,2.39264,1.55664
35,1,0,1e+08,4335430835047,4335431855500,4335432515572,4335432571168,4335432591456,4335432827652,4335432962124,4335432962160,16,21.2711,10.2045,6.60072,0.55596,0.20288,2.36196,1.34472
36,1,0,1e+08,4335433595223,4335434558600,4335435204520,4335435313616,4335435332172,4335435563832,4335435695152,4335435695180,16,20.9996,9.63377,6.4592,1.09096,0.18556,2.3166,1.3132
37,1,0,1e+08,4335436189079,4335437176521,4335437827110,4335437969842,4335437988130,4335438226870,4335438378170,4335438378202,16,21.8912,9.87442,6.50589,1.42732,0.18288,2.3874,1.513
38,1,0,1e+08,4335438767427,4335439791532,4335440430068,4335440511852,4335440552304,4335440841856,4335440995772,4335440995800,16,22.2837,10.241,6.38536,0.81784,0.40452,2.89552,1.53916
39,1,0,1e+08,4335441457276,4335442444930,4335443103482,4335443171054,4335443213746,4335443457698,4335443608798,4335443608830,16,21.5155,9.87654,6.58552,0.67572,0.42692,2.43952,1.511
40,1,0,1e+08,4335444103109,4335444924318,4335445679253,4335445760469,4335445806193,4335446073089,4335446201373,4335446201401,16,20.9829,8.21209,7.54935,0.81216,0.45724,2.66896,1.28284
41,1,0,1e+08,4335446739231,4335447738128,4335448409680,4335448476664,4335448528712,4335448761264,4335448916560,4335448916592,16,21.7736,9.98897,6.71552,0.66984,0.52048,2.32552,1.55296
42,1,0,1e+08,4335449396354,4335450059517,4335450943960,4335451122424,4335451143984,4335451397816,4335451526132,4335451526164,16,21.2981,6.63163,8.84443,1.78464,0.2156,2.53832,1.28316
43,1,0,1e+08,4335452092736,4335453105749,4335453743986,4335453902706,4335453924818,4335454156406,4335454314662,4335454314694,16,22.2196,10.1301,6.38237,1.5872,0.22112,2.31588,1.58256
44,1,0,1e+08,4335454862706,4335455859558,4335456511156,4335456661552,4335456691324,4335456918392,4335457049044,4335457049072,16,21.8637,9.96852,6.51598,1.50396,0.29772,2.27068,1.30652
45,1,0,1e+08,4335457580701,4335458612689,4335459251958,4335459360038,4335459403670,4335459849813,4335460365316,4335460365408,16,27.8471,10.3199,6.39269,1.0808,0.43632,4.46143,5.15503
46,1,0,1e+08,4335461620729,4335461892015,4335462268135,4335462366079,4335462393279,4335463376052,4335463578897,4335463578949,16,19.5822,2.71286,3.7612,0.97944,0.272,9.82773,2.02845
47,1,0,1e+08,4335464636143,4335465446844,4335466271369,4335466436513,4335466462509,4335466719333,4335466860021,4335466860053,16,22.2391,8.10701,8.24525,1.65144,0.25996,2.56824,1.40688
48,1,0,1e+08,4335467541624,4335467934600,4335468370280,4335468438256,4335468458748,4335468683764,4335468887112,4335468887140,16,13.4552,3.92976,4.3568,0.67976,0.20492,2.25016,2.03348
49,1,0,1e+08,4335469236514,4335470179502,4335470822450,4335470886986,4335470904006,4335471138030,4335471287246,4335471287278,16,20.5076,9.42988,6.42948,0.64536,0.1702,2.34024,1.49216
50,1,0,1e+08,4335471757136,4335472772976,4335473427784,4335473492700,4335473513792,4335473748916,4335473868000,4335473868028,16,21.1089,10.1584,6.54808,0.64916,0.21092,2.35124,1.19084
51,1,0,1e+08,4335474408915,4335475271243,4335476011021,4335476204165,4335476220137,4335476457865,4335476582245,4335476582281,16,21.7337,8.62328,7.39778,1.93144,0.15972,2.37728,1.2438
52,1,0,1e+08,4335477159987,4335477485676,4335477809424,4335477886704,4335477952828,4335478561423,4335478915526,4335478915598,16,17.5561,3.25689,3.23748,0.7728,0.66124,6.08595,3.54103
53,1,0,1e+08,4335480026989,4335480313769,4335480675689,4335480755381,4335480777985,4335480936821,4335481087901,4335481087929,16,10.6094,2.8678,3.6192,0.79692,0.22604,1.58836,1.5108
54,1,0,1e+08,4335481910721,4335482887518,4335483568165,4335483642065,4335483665645,4335483918413,4335484054105,4335484054133,16,21.4341,9.76797,6.80647,0.739,0.2358,2.52768,1.35692
55,1,0,1e+08,4335484789647,4335485041543,4335486218302,4335486287174,4335486356446,4335486680758,4335486824566,4335486824606,16,20.3496,2.51896,11.7676,0.68872,0.69272,3.24312,1.43808
56,1,0,1e+08,4335487400472,4335488262857,4335489002640,4335489073804,4335489147440,4335489401196,4335489528224,4335489528252,16,21.2778,8.62385,7.39783,0.71164,0.73636,2.53756,1.27028
57,1,0,1e+08,4335490112414,4335490925223,4335491690682,4335491812662,4335491829826,4335492085178,4335492220154,4335492220186,16,21.0777,8.12809,7.65459,1.2198,0.17164,2.55352,1.34976
58,1,0,1e+08,4335492745032,4335493671217,4335494348214,4335494450454,4335494466946,4335494708602,4335494833258,4335494833286,16,20.8825,9.26185,6.76997,1.0224,0.16492,2.41656,1.24656
59,1,0,1e+08,4335495453682,4335496464548,4335497119080,4335497248892,4335497266360,4335497507452,4335497653640,4335497653672,16,21.9999,10.1087,6.54532,1.29812,0.17468,2.41092,1.46188
60,1,0,1e+08,4335498417790,4335498923141,4335499975034,4335500113982,4335500131562,4335500396450,4335500519510,4335500519538,16,21.0175,5.05351,10.5189,1.38948,0.1758,2.64888,1.2306
61,1,0,1e+08,4335501091727,4335501320503,4335501645339,4335501718459,4335501740643,4335501901371,4335502035183,4335502035211,16,9.43484,2.28776,3.24836,0.7312,0.22184,1.60728,1.33812
62,1,0,1e+08,4335502890897,4335503921667,4335504550962,4335504679674,4335504699658,4335504932530,4335505058918,4335505058946,16,21.6805,10.3077,6.29295,1.28712,0.19984,2.32872,1.26388
63,1,0,1e+08,4335505595311,4335505831451,4335507012678,4335507150462,4335507174274,4335507469338,4335507604638,4335507604674,16,20.0936,2.3614,11.8123,1.37784,0.23812,2.95064,1.353
64,1,0,1e+08,4335508330501,4335508831934,4335509876133,4335510009125,4335510027117,4335510304289,4335510430965,4335510430997,16,21.005,5.01433,10.442,1.32992,0.17992,2.77172,1.26676
65,1,0,1e+08,4335511124891,4335511402004,4335511754244,4335511817860,4335511860256,4335512047704,4335512214280,4335512214312,16,10.8942,2.77113,3.5224,0.63616,0.42396,1.87448,1.66576
66,1,0,1e+08,4335512879739,4335513911722,4335514581320,4335514652232,4335514692824,4335514944724,4335515071376,4335515071404,16,21.9167,10.3198,6.69598,0.70912,0.40592,2.519,1.26652
67,1,0,1e+08,4335515860384,4335516149352,4335516546708,4335516612136,4335516637852,4335516825240,4335516997048,4335516997076,16,11.3669,2.88968,3.97356,0.65428,0.25716,1.87388,1.71808
68,1,0,1e+08,4335517513228,4335517857626,4335518186770,4335518252322,4335518278842,4335518436382,4335518616022,4335518616042,16,11.0281,3.44398,3.29144,0.65552,0.2652,1.5754,1.7964
69,1,0,1e+08,4335519216044,4335519514993,4335519838841,4335519913505,4335519958905,4335520118465,4335520256109,4335520256137,16,10.4009,2.98949,3.23848,0.74664,0.454,1.5956,1.37644
70,1,0,1e+08,4335521008289,4335521839006,4335522597913,4335522760369,4335522776561,4335523017225,4335523143145,4335523143173,16,21.3488,8.30717,7.58907,1.62456,0.16192,2.40664,1.2592
71,1,0,1e+08,4335523691579,4335523932791,4335524257183,4335524325319,4335524367823,4335524538683,4335524684999,4335524685027,16,9.93448,2.41212,3.24392,0.68136,0.42504,1.7086,1.46316
72,1,0,1e+08,4335525539506,4335525960868,4335527056080,4335527129840,4335527153744,4335527444744,4335527571032,4335527571060,16,20.3155,4.21362,10.9521,0.7376,0.23904,2.91,1.26288
73,1,0,1e+08,4335528299349,4335528589112,4335528914532,4335528985840,4335529053588,4335529696621,4335530056235,4335530056327,16,17.5698,2.89763,3.2542,0.71308,0.67748,6.43033,3.59614
74,1,0,1e+08,4335531237985,4335531461621,4335531804669,4335531877033,4335531916429,4335532080841,4335532227873,4335532227897,16,9.89912,2.23636,3.43048,0.72364,0.39396,1.64412,1.47032
75,1,0,1e+08,4335532915870,4335533588328,4335534460610,4335534574774,4335534590778,4335534845638,4335534982826,4335534982858,16,20.6699,6.72458,8.72282,1.14164,0.16004,2.5486,1.37188
76,1,0,1e+08,4335535493225,4335535722782,4335536047406,4335536117042,4335536156090,4335536317370,4335536462970,4335536462994,16,9.69769,2.29557,3.24624,0.69636,0.39048,1.6128,1.456
77,1,0,1e+08,4335537190816,4335538309841,4335538919054,4335539001122,4335539034554,4335539252658,4335539398398,4335539398426,16,22.0761,11.1903,6.09213,0.82068,0.33432,2.18104,1.4574
78,1,0,1e+08,4335539886834,4335540971028,4335541590589,4335541644629,4335541669249,4335541895821,4335542025209,4335542025237,16,21.384,10.8419,6.19561,0.5404,0.2462,2.26572,1.29388
79,1,0,1e+08,4335542627630,4335542891328,4335543216280,4335543285128,4335543303276,4335543472524,4335543667776,4335543667860,16,10.4023,2.63698,3.24952,0.68848,0.18148,1.69248,1.95252
80,1,0,1e+08,4335544443123,4335545173337,4335546022041,4335546093637,4335546166581,4335546446505,4335546576005,4335546576037,16,21.3291,7.30214,8.48704,0.71596,0.72944,2.79924,1.295
81,1,0,1e+08,4335547264473,4335547781811,4335548800389,4335548872633,4335548913373,4335549178181,4335549309461,4335549309497,16,20.4502,5.17338,10.1858,0.72244,0.4074,2.64808,1.3128
82,1,0,1e+08,4335549975300,4335550645980,4335551470352,4335551553616,4335551588708,4335551841632,4335551968720,4335551968752,16,19.9345,6.7068,8.24372,0.83264,0.35092,2.52924,1.27088
83,1,0,1e+08,4335552581366,4335553183647,4335554125352,4335554197260,4335554313744,4335554574956,4335554701596,4335554701628,16,21.2026,6.02281,9.41705,0.71908,1.16484,2.61212,1.2664
84,1,0,1e+08,4335555327866,4335556108062,4335556877438,4335557013110,4335557029338,4335557287402,4335557412258,4335557412286,16,20.8442,7.80196,7.69376,1.35672,0.16228,2.58064,1.24856
85,1,0,1e+08,4335558017629,4335558280258,4335558603330,4335558672682,4335558691902,4335558850986,4335558992270,4335558992298,16,9.74669,2.62629,3.23072,0.69352,0.1922,1.59084,1.41284
86,1,0,1e+08,4335559786249,4335560379091,4335561324098,4335561400330,4335561423818,4335561687150,4335561810278,4335561810306,16,20.2406,5.92842,9.45007,0.76232,0.23488,2.63332,1.23128
87,1,0,1e+08,4335562521739,4335562728539,4335563046235,4335563116075,4335563142043,4335563303023,4335563451639,4335563451667,16,9.29928,2.068,3.17696,0.6984,0.25968,1.6098,1.48616
88,1,0,1e+08,4335564331223,4335565114734,4335565875037,4335566021573,4335566038793,4335566290141,4335566418969,4335566418997,16,20.8777,7.83511,7.60303,1.46536,0.1722,2.51348,1.28828
89,1,0,1e+08,4335567085011,4335567331487,4335567657375,4335567730843,4335567749643,4335567906539,4335568038371,4335568038399,16,9.53388,2.46476,3.25888,0.73468,0.188,1.56896,1.31832
90,1,0,1e+08,4335569320748,4335569581604,4335569903624,4335569969956,4335570007872,4335570179744,4335570317788,4335570317812,16,9.97064,2.60856,3.2202,0.66332,0.37916,1.71872,1.38044
91,1,0,1e+08,4335571093716,4335571341354,4335571682066,4335571782246,4335571846966,4335572030214,4335572176466,4335572176490,16,10.8277,2.47638,3.40712,1.0018,0.6472,1.83248,1.46252
92,1,0,1e+08,4335572909128,4335573743433,4335574608300,4335574671840,4335574700972,4335575023704,4335575177096,4335575177124,16,22.68,8.34305,8.64867,0.6354,0.29132,3.22732,1.53392
93,1,0,1e+08,4335575663272,4335575896940,4335576215052,4335576283328,4335576366788,4335577029303,4335577347729,4335577347793,16,16.8452,2.33668,3.18112,0.68276,0.8346,6.62515,3.18426
94,1,0,1e+08,4335578277416,4335578536768,4335578902364,4335578975396,4335579000444,4335579167820,4335579311736,4335579311764,16,10.3435,2.59352,3.65596,0.73032,0.25048,1.67376,1.43916
95,1,0,1e+08,4335579885280,4335580178238,4335580509594,4335580576094,4335580618074,4335580777706,4335580996020,4335580996210,16,11.1093,2.92958,3.31356,0.665,0.4198,1.59632,2.18314
96,1,0,1e+08,4335582370349,4335582679822,4335583110114,4335583193618,4335583239886,4335583424878,4335583571078,4335583571106,16,12.0076,3.09473,4.30292,0.83504,0.46268,1.84992,1.462
97,1,0,1e+08,4335584182999,4335584851012,4335585743668,4335585860456,4335585880176,4335586135360,4335586263780,4335586263816,16,20.8082,6.68013,8.92656,1.16788,0.1972,2.55184,1.2842
98,1,0,1e+08,4335586865238,4335587631596,4335588464437,4335588613769,4335588631921,4335588884825,4335589020145,4335589020173,16,21.5493,7.66358,8.32841,1.49332,0.18152,2.52904,1.3532
99,1,0,1e+08,4335589606911,4335590569604,4335591221829,4335591334793,4335591351989,4335591586121,4335591710665,4335591710697,16,21.0379,9.62693,6.52225,1.12964,0.17196,2.34132,1.24544
100,1,0,1e+08,4335592313779,4335592801993,4335593872785,4335594000801,4335594019401,4335594283409,4335594406965,4335594406997,16,20.9322,4.88214,10.7079,1.28016,0.186,2.64008,1.23556
101,1,0,1e+08,4335595144071,4335596182812,4335596835925,4335596963117,4335596982425,4335597216781,4335597350173,4335597350205,16,22.0613,10.3874,6.53113,1.27192,0.19308,2.34356,1.33392
102,1,0,1e+08,4335597895555,4335598533651,4335599440640,4335599516536,4335599536556,4335599862964,4335599997868,4335599997896,16,21.0234,6.38096,9.06989,0.75896,0.2002,3.26408,1.34904
103,1,0,1e+08,4335600710336,4335601577037,4335602317008,4335602380840,4335602431176,4335602711736,4335602898492,4335602898528,16,21.8819,8.66701,7.39971,0.63832,0.50336,2.8056,1.86756
104,1,0,1e+08,4335603437940,4335603782177,4335604104945,4335604173301,4335604197345,4335605168758,4335605980982,4335605981058,16,25.4312,3.44237,3.22768,0.68356,0.24044,9.71413,8.12224
105,1,0,1e+08,4335605990306,4335606528500,4335607052304,4335607109776,4335607139680,4335607345876,4335607491028,4335607491060,16,15.0075,5.38194,5.23804,0.57472,0.29904,2.06196,1.45152
106,1,0,1e+08,4335607951778,4335608193406,4335608516990,4335608586910,4335608605510,4335608764850,4335608903618,4335608903642,16,9.51864,2.41628,3.23584,0.6992,0.186,1.5934,1.38768
107,1,0,1e+08,4335609728175,4335610543729,4335611300438,4335611379918,4335611411734,4335611659694,4335611787002,4335611787038,16,20.5886,8.15554,7.56709,0.7948,0.31816,2.4796,1.27308
108,1,0,1e+08,4335612522530,4335612793698,4335613121770,4335613190766,4335613213982,4335613371110,4335613503418,4335613503442,16,9.80912,2.71168,3.28072,0.68996,0.23216,1.57128,1.32308
109,1,0,1e+08,4335614208243,4335614491443,4335614814167,4335614880803,4335614908207,4335615065607,4335615214639,4335615214667,16,10.0642,2.832,3.22724,0.66636,0.27404,1.574,1.49032
110,1,0,1e+08,4335616012050,4335616365976,4335616694140,4335616760848,4335616785980,4335616943788,4335617082916,4335617082940,16,10.7089,3.53926,3.28164,0.66708,0.25132,1.57808,1.39128
111,1,0,1e+08,4335617707496,4335618686917,4335619386500,4335619452396,4335619495452,4335619725340,4335619848760,4335619848796,16,21.413,9.79421,6.99583,0.65896,0.43056,2.29888,1.2342
112,1,0,1e+08,4335620439040,4335620767418,4335621095810,4335621160642,4335621197570,4335621354998,4335621508122,4335621508146,16,10.6911,3.28378,3.28392,0.64832,0.36928,1.57428,1.53124
113,1,0,1e+08,4335622362689,4335622685645,4335623007745,4335623086825,4335623130381,4335623289429,4335623432377,4335623432405,16,10.6972,3.22956,3.221,0.7908,0.43556,1.59048,1.42948
114,1,0,1e+08,4335624219471,4335625046735,4335625803426,4335625946594,4335625963258,4335626206918,4335626332910,4335626332942,16,21.1347,8.27264,7.56691,1.43168,0.16664,2.4366,1.25992
115,1,0,1e+08,4335626906952,4335627567867,4335628451501,4335628563389,4335628578717,4335628833693,4335628964525,4335628964561,16,20.5761,6.60915,8.83634,1.11888,0.15328,2.54976,1.30832
116,1,0,1e+08,4335629584964,4335630564790,4335631220985,4335631339765,4335631356617,4335631584741,4335631705721,4335631705745,16,21.2078,9.79826,6.56195,1.1878,0.16852,2.28124,1.2098
117,1,0,1e+08,4335632276157,4335633034982,4335633798777,4335633869041,4335633894265,4335634192601,4335634324193,4335634324229,16,20.4807,7.58825,7.63795,0.70264,0.25224,2.98336,1.31592
118,1,0,1e+08,4335635005444,4335635888470,4335636619470,4335636688770,4335636729274,4335636977886,4335637146694,4335637146722,16,21.4128,8.83026,7.31,0.693,0.40504,2.48612,1.68808
119,1,0,1e+08,4335637876241,4335638522368,4335639437200,4335639498868,4335639561672,4335639847268,4335639980604,4335639980640,16,21.044,6.46127,9.14832,0.61668,0.62804,2.85596,1.33336
120,1,0,1e+08,4335641049309,4335641379886,4335641703306,4335641787642,4335641818210,4335641976162,4335642131698,4335642131726,16,10.8242,3.30577,3.2342,0.84336,0.30568,1.57952,1.55536
121,1,0,1e+08,4335642906545,4335643829796,4335644542178,4335644681802,4335644696950,4335644955354,4335645085346,4335645085382,16,21.7884,9.23251,7.12382,1.39624,0.15148,2.58404,1.29992
122,1,0,1e+08,4335645719500,4335645995409,4335646319645,4335646415109,4335646465185,4335646704669,4335646862813,4335646862833,16,11.4333,2.75909,3.24236,0.95464,0.50076,2.39484,1.58144
123,1,0,1e+08,4335647568753,4335648397767,4335649178725,4335649253693,4335649312525,4335649592009,4335649733309,4335649733341,16,21.6459,8.29014,7.80958,0.74968,0.58832,2.79484,1.413
124,1,0,1e+08,4335650351765,4335651128997,4335651888518,4335651953274,4335651970126,4335652226982,4335652348622,4335652348650,16,19.9688,7.77232,7.59521,0.64756,0.16852,2.56856,1.2164
125,1,0,1e+08,4335653066123,4335653336407,4335653661271,4335653732631,4335653778295,4335653943347,4335654090455,4335654090483,16,10.2436,2.70284,3.24864,0.7136,0.45664,1.65052,1.47108
126,1,0,1e+08,4335654736580,4335654986221,4335655311365,4335655382977,4335655406901,4335655566129,4335655711277,4335655711301,16,9.74721,2.49641,3.25144,0.71612,0.23924,1.59228,1.45148
127,1,0,1e+08,4335656522185,4335657344641,4335658103232,4335658166832,4335658215240,4335658489520,4335658620984,4335658621020,16,20.9884,8.22456,7.58591,0.636,0.48408,2.7428,1.31464
128,1,0,1e+08,4335659223184,4335659435268,4335659749388,4335659814128,4335659831192,4335659988932,4335660143564,4335660143592,16,9.20408,2.12084,3.1412,0.6474,0.17064,1.5774,1.54632
129,1,0,1e+08,4335661122617,4335661463060,4335661787348,4335661860356,4335661915416,4335662097408,4335662282968,4335662282996,16,11.6038,3.40443,3.24288,0.73008,0.5506,1.81992,1.8556
130,1,0,1e+08,4335663077378,4335663973834,4335664714536,4335664779952,4335664856960,4335665106768,4335665250568,4335665250596,16,21.7322,8.96456,7.40702,0.65416,0.77008,2.49808,1.438
131,1,0,1e+08,4335665850363,4335666184499,4335666511087,4335666579791,4335666650731,4335666810367,4335666954047,4335666954075,16,11.0371,3.34136,3.26588,0.68704,0.7094,1.59636,1.4368
132,1,0,1e+08,4335667624302,4335667909885,4335669090484,4335669241796,4335669260728,4335669580896,4335669714316,4335669714348,16,20.9005,2.85583,11.806,1.51312,0.18932,3.20168,1.3342
133,1,0,1e+08,4335670419759,4335670638829,4335670962537,4335671039881,4335671059573,4335671244825,4335671417601,4335671417625,16,9.97866,2.1907,3.23708,0.77344,0.19692,1.85252,1.72776
134,1,0,1e+08,4335672317304,4335672604828,4335672931040,4335672998468,4335673040984,4335673866872,4335674086009,4335674086061,16,17.6876,2.87524,3.26212,0.67428,0.42516,8.25888,2.19137
135,1,0,1e+08,4335674982875,4335675244928,4335675607468,4335675683600,4335675753308,4335676296247,4335676698710,4335676698806,16,17.1593,2.62053,3.6254,0.76132,0.69708,5.42939,4.02463
136,1,0,1e+08,4335677704129,4335677959425,4335678326349,4335678402273,4335678453549,4335678618053,4335678750585,4335678750605,16,10.4648,2.55296,3.66924,0.75924,0.51276,1.64504,1.32532
137,1,0,1e+08,4335679418215,4335680120235,4335681040469,4335681178117,4335681195901,4335681448701,4335681575945,4335681575981,16,21.5777,7.0202,9.20234,1.37648,0.17784,2.528,1.27244
138,1,0,1e+08,4335682184723,4335683120516,4335683787044,4335683869692,4335683907356,4335684182984,4335684307024,4335684307056,16,21.2233,9.35793,6.66528,0.82648,0.37664,2.75628,1.2404
139,1,0,1e+08,4335684957358,4335685282999,4335685617427,4335685683319,4335685719179,4335685877095,4335686012411,4335686012439,16,10.5508,3.25641,3.34428,0.65892,0.3586,1.57916,1.35316
140,1,0,1e+08,4335686692512,4335687781024,4335688387005,4335688451177,4335688501361,4335688740721,4335688867401,4335688867425,16,21.7491,10.8851,6.05981,0.64172,0.50184,2.3936,1.2668
141,1,0,1e+08,4335689385007,4335690403301,4335691042658,4335691167266,4335691186138,4335691417786,4335691543902,4335691543934,16,21.5893,10.1829,6.39357,1.24608,0.18872,2.31648,1.26116
142,1,0,1e+08,4335692163041,4335693129740,4335693796409,4335693903541,4335693920437,4335694153601,4335694278753,4335694278781,16,21.1574,9.66699,6.66669,1.07132,0.16896,2.33164,1.25152
143,1,0,1e+08,4335694980540,4335695230372,4335695554228,4335695644392,4335695662692,4335695820200,4335695958984,4335695959060,16,9.7852,2.49832,3.23856,0.90164,0.183,1.57508,1.38784
144,1,0,1e+08,4335696999121,4335697854535,4335698649372,4335698717336,4335698754164,4335699017020,4335699139280,4335699139312,16,21.4019,8.55414,7.94837,0.67964,0.36828,2.62856,1.2226
145,1,0,1e+08,4335699966945,4335700292099,4335700613279,4335700688839,4335700721619,4335700879075,4335701038627,4335701038655,16,10.7171,3.25154,3.2118,0.7556,0.3278,1.57456,1.59552
146,1,0,1e+08,4335701849125,4335702122205,4335702442253,4335702515413,4335702543241,4335702733065,4335702879129,4335702879153,16,10.3003,2.7308,3.20048,0.7316,0.27828,1.89824,1.46064
147,1,0,1e+08,4335703785094,4335704631678,4335705343808,4335705407856,4335705451844,4335705709276,4335705852672,4335705852704,16,20.6761,8.46584,7.1213,0.64048,0.43988,2.57432,1.43396
148,1,0,1e+08,4335706595220,4335706833300,4335707147320,4335707209624,4335707265084,4335707435608,4335707560176,4335707560196,16,9.64976,2.3808,3.1402,0.62304,0.5546,1.70524,1.24568
149,1,0,1e+08,4335708446812,4335708774156,4335709115916,4335709171096,4335709223336,4335709378424,4335709510872,4335709510900,16,10.6409,3.27344,3.4176,0.5518,0.5224,1.55088,1.32448
150,1,0,1e+08,4335710807015,4335711590442,4335712389730,4335712554662,4335712574910,4335712826138,4335712955790,4335712955822,16,21.4881,7.83427,7.99288,1.64932,0.20248,2.51228,1.29652
151,1,0,1e+08,4335713774589,4335714818986,4335715463762,4335715601742,4335715620302,4335715853218,4335715982362,4335715982394,16,22.078,10.444,6.44776,1.3798,0.1856,2.32916,1.29144
152,1,0,1e+08,4335716691278,4335717684808,4335718340925,4335718478549,4335718497013,4335718723157,4335718847101,4335718847129,16,21.5585,9.9353,6.56117,1.37624,0.18464,2.26144,1.23944
153,1,0,1e+08,4335719582816,4335720596941,4335721250266,4335721353470,4335721390742,4335721668362,4335721810770,4335721810802,16,22.2799,10.1412,6.53325,1.03204,0.37272,2.7762,1.42408
154,1,0,1e+08,4335722534352,4335723420586,4335724139461,4335724206081,4335724251121,4335724524909,4335724653745,4335724653777,16,21.1943,8.86234,7.18875,0.6662,0.4504,2.73788,1.28836
155,1,0,1e+08,4335725416021,4335725698051,4335726028479,4335726103947,4335726140727,4335726299159,4335726439119,4335726439147,16,10.2313,2.8203,3.30428,0.75468,0.3678,1.58432,1.3996
156,1,0,1e+08,4335727153653,4335727905635,4335728807286,4335728870446,4335728985526,4335729255250,4335729380354,4335729380386,16,22.2673,7.51982,9.01651,0.6316,1.1508,2.69724,1.25104
157,1,0,1e+08,4335730013904,4335730230417,4335730549029,4335730640985,4335730686045,4335730914565,4335731063533,4335731063561,16,10.4966,2.16513,3.18612,0.91956,0.4506,2.2852,1.48968
158,1,0,1e+08,4335732046651,4335732850530,4335733607468,4335733675820,4335733720816,4335734014432,4335734140420,4335734140448,16,20.938,8.03879,7.56938,0.68352,0.44996,2.93616,1.25988
159,1,0,1e+08,4335734795527,4335735795136,4335736436658,4335736498930,4335736548870,4335736780174,4335736930850,4335736930882,16,21.3535,9.99609,6.41522,0.62272,0.4994,2.31304,1.50676
160,1,0,1e+08,4335737531664,4335738579802,4335739221391,4335739292235,4335739331571,4335739565099,4335739689543,4335739689571,16,21.5791,10.4814,6.41589,0.70844,0.39336,2.33528,1.24444
161,1,0,1e+08,4335740297479,4335741017561,4335741854857,4335741938249,4335741981381,4335742256081,4335742387265,4335742387301,16,20.8982,7.20082,8.37296,0.83392,0.43132,2.747,1.31184
162,1,0,1e+08,4335743172068,4335744224797,4335744860254,4335744966254,4335744986638,4335745211938,4335745335374,4335745335402,16,21.6333,10.5273,6.35457,1.06,0.20384,2.253,1.23436
163,1,0,1e+08,4335745937312,4335746208824,4335746556076,4335746729472,4335746753172,4335746911536,4335747055836,4335747055864,16,11.1855,2.71512,3.47252,1.73396,0.237,1.58364,1.443
164,1,0,1e+08,4335747826187,4335748633004,4335749444656,4335749546716,4335749584952,4335749899696,4335750031604,4335750031632,16,22.0544,8.06817,8.11652,1.0206,0.38236,3.14744,1.31908
165,1,0,1e+08,4335750755842,4335751570631,4335752378447,4335752470403,4335752501335,4335752786147,4335752912851,4335752912887,16,21.5705,8.14789,8.07816,0.91956,0.30932,2.84812,1.26704
166,1,0,1e+08,4335753495136,4335753790680,4335754113624,4335754177504,4335754197172,4335754354640,4335754503796,4335754503820,16,10.0868,2.95544,3.22944,0.6388,0.19668,1.57468,1.49156
167,1,0,1e+08,4335755424920,4335756438876,4335757114125,4335757181289,4335757221657,4335757458993,4335757584129,4335757584165,16,21.5924,10.1396,6.75249,0.67164,0.40368,2.37336,1.25136
168,1,0,1e+08,4335758245681,4335759112579,4335759880920,4335760005460,4335760023780,4335760289416,4335760415140,4335760415168,16,21.6949,8.66898,7.68341,1.2454,0.1832,2.65636,1.25724
169,1,0,1e+08,4335760999025,4335761226625,4335761547589,4335761615273,4335761655561,4335761843097,4335762029685,4335762029713,16,10.3069,2.276,3.20964,0.67684,0.40288,1.87536,1.86588
170,1,0,1e+08,4335762889730,4335763140767,4335763460239,4335763528287,4335763568927,4335763739383,4335763876647,4335763876671,16,9.86941,2.51037,3.19472,0.68048,0.4064,1.70456,1.37264
171,1,0,1e+08,4335764653602,4335765198661,4335766212988,4335766364316,4335766386316,4335766656700,4335766787756,4335766787792,16,21.3419,5.45059,10.1433,1.51328,0.22,2.70384,1.31056
172,1,0,1e+08,4335767511091,4335767740225,4335768065497,4335768160701,4335768205285,4335768392769,4335768534977,4335768535001,16,10.2391,2.29134,3.25272,0.95204,0.44584,1.87484,1.42208
173,1,0,1e+08,4335769406657,4335770037170,4335770945695,4335771016375,4335771059111,4335771376579,4335771512059,4335771512091,16,21.0543,6.30513,9.08525,0.7068,0.42736,3.17468,1.3548
174,1,0,1e+08,4335772167403,4335772924203,4335773768950,4335773835914,4335773864662,4335774123394,4335774254042,4335774254070,16,20.8667,7.568,8.44747,0.66964,0.28748,2.58732,1.30648
175,1,0,1e+08,4335775009299,4335775242135,4335775548631,4335775625427,4335775663939,4335775851103,4335776028215,4335776028239,16,10.1894,2.32836,3.06496,0.76796,0.38512,1.87164,1.77112
176,1,0,1e+08,4335776817100,4335777604287,4335778378973,4335778525845,4335778545365,4335778803553,4335778927509,4335778927541,16,21.1044,7.87187,7.74686,1.46872,0.1952,2.58188,1.23956
177,1,0,1e+08,4335779592957,4335780229386,4335781140897,4335781319933,4335781336517,4335781582457,4335781709497,4335781709533,16,21.1658,6.36429,9.11511,1.79036,0.16584,2.4594,1.2704
178,1,0,1e+08,4335782392968,4335782990613,4335783932433,4335784046421,4335784064337,4335784323869,4335784470797,4335784470829,16,20.7786,5.97645,9.4182,1.13988,0.17916,2.59532,1.46928
179,1,0,1e+08,4335785379694,4335785631915,4335785955811,4335786019587,4335786043403,4335786200811,4335786340111,4335786340139,16,9.60445,2.52221,3.23896,0.63776,0.23816,1.57408,1.393
180,1,0,1e+08,4335787624176,4335788393579,4335789181317,4335789263461,4335789294629,4335789550233,4335789674285,4335789674313,16,20.5014,7.69403,7.87738,0.82144,0.31168,2.55604,1.24052
181,1,0,1e+08,4335790454039,4335791514913,4335792149691,4335792204467,4335792219287,4335792456947,4335792586967,4335792587003,16,21.3296,10.6087,6.34778,0.54776,0.1482,2.3766,1.3002
182,1,0,1e+08,4335793085888,4335794129380,4335794762736,4335794881324,4335794899808,4335795126524,4335795258364,4335795258388,16,21.725,10.4349,6.33356,1.18588,0.18484,2.26716,1.3184
183,1,0,1e+08,4335795879592,4335797003813,4335797617653,4335797688853,4335797716117,4335797937753,4335798055749,4335798055781,16,21.7619,11.2422,6.1384,0.712,0.27264,2.21636,1.17996
184,1,0,1e+08,4335798658623,4335799391103,4335800252084,4335800415228,4335800434120,4335800686008,4335800809100,4335800809128,16,21.5051,7.3248,8.60981,1.63144,0.18892,2.51888,1.23092
185,1,0,1e+08,4335801401216,4335802367114,4335803022474,4335803140466,4335803159874,4335803389234,4335803515090,4335803515122,16,21.1391,9.65898,6.5536,1.17992,0.19408,2.2936,1.25856
186,1,0,1e+08,4335804114141,4335804922650,4335805700261,4335805848369,4335805869241,4335806111737,4335806238561,4335806238589,16,21.2445,8.08509,7.77611,1.48108,0.20872,2.42496,1.26824
187,1,0,1e+08,4335806799093,4335807047163,4335807368711,4335807432971,4335807474999,4335807658467,4335807794475,4335807794503,16,9.9541,2.4807,3.21548,0.6426,0.42028,1.83468,1.36008
188,1,0,1e+08,4335808535466,4335809228291,4335810138370,4335810271518,4335810296534,4335810554606,4335810678114,4335810678146,16,21.4268,6.92825,9.10079,1.33148,0.25016,2.58072,1.23508
189,1,0,1e+08,4335811279356,4335811770082,4335812878128,4335813040436,4335813063640,4335813330164,4335813484228,4335813484264,16,22.0491,4.90726,11.0805,1.62308,0.23204,2.66524,1.54064
190,1,0,1e+08,4335813869822,4335814107798,4335814426254,4335814491750,4335814511434,4335814675014,4335814843278,4335814843302,16,9.7348,2.37976,3.18456,0.65496,0.19684,1.6358,1.68264
191,1,0,1e+08,4335815622752,4335816367215,4335817234980,4335817300164,4335817358628,4335817627444,4335817757004,4335817757040,16,21.3429,7.44463,8.67765,0.65184,0.58464,2.68816,1.2956
192,1,0,1e+08,4335818418295,4335818730867,4335819049467,4335819114403,4335819134279,4335819293339,4335819429963,4335819429987,16,10.1169,3.12572,3.186,0.64936,0.19876,1.5906,1.36624
193,1,0,1e+08,4335820230531,4335820573523,4335820895023,4335820969799,4335821019871,4335821989289,4335822198460,4335822198528,16,19.68,3.42992,3.215,0.74776,0.50072,9.69418,2.09171
194,1,0,1e+08,4335823035433,4335823321089,4335823670217,4335823740673,4335823792529,4335823950761,4335824091281,4335824091305,16,10.5587,2.85656,3.49128,0.70456,0.51856,1.58232,1.4052
195,1,0,1e+08,4335824967442,4335825747604,4335826506897,4335826574781,4335826618445,4335826867465,4335826994905,4335826994941,16,20.275,7.80162,7.59293,0.67884,0.43664,2.4902,1.2744
196,1,0,1e+08,4335827665060,4335827861548,4335828174412,4335828234920,4335828250740,4335828407356,4335828544296,4335828544320,16,8.7926,1.96488,3.12864,0.60508,0.1582,1.56616,1.3694
197,1,0,1e+08,4335829448442,4335830105741,4335830967882,4335831102934,4335831124550,4335831380282,4335831523798,4335831523830,16,20.7539,6.57299,8.62141,1.35052,0.21616,2.55732,1.43516
198,1,0,1e+08,4335831948292,4335832349534,4335833469797,4335833550693,4335833581905,4335833897305,4335834028081,4335834028113,16,20.7982,4.01242,11.2026,0.80896,0.31212,3.154,1.30776
199,1,0,1e+08,4335834738956,4335835006488,4335836097854,4335836174500,4335836213900,4335836581984,4335836769972,4335836770012,16,20.3106,2.67532,10.9137,0.76646,0.394,3.68084,1.87988
200,1,0,1e+08,4335837349544,4335837684153,4335838007641,4335838086657,4335838157645,4335838366801,4335838505577,4335838505601,16,11.5606,3.34609,3.23488,0.79016,0.70988,2.09156,1.38776
201,1,0,1e+08,4335839109499,4335839405277,4335839724473,4335839807001,4335839855281,4335840749957,4335840958502,4335840958566,16,18.4907,2.95778,3.19196,0.82528,0.4828,8.94676,2.08545
202,1,0,1e+08,4335842027456,4335842299730,4335842624754,4335842704886,4335842733230,4335842899102,4335843081674,4335843081698,16,10.5424,2.72274,3.25024,0.80132,0.28344,1.65872,1.82572
203,1,0,1e+08,4335843722093,4335844465455,4335845280810,4335845354394,4335845383958,4335845639486,4335845760606,4335845760642,16,20.3855,7.43362,8.15355,0.73584,0.29564,2.55528,1.2112
204,1,0,1e+08,4335846633436,4335847422790,4335848238057,4335848306569,4335848355889,4335848619761,4335848743257,4335848743289,16,21.0985,7.89354,8.15267,0.68512,0.4932,2.63872,1.23496
205,1,0,1e+08,4335849382049,4335849590217,4335849912493,4335849977949,4335850017581,4335850200461,4335850339169,4335850339201,16,9.57152,2.08168,3.22276,0.65456,0.39632,1.8288,1.38708
206,1,0,1e+08,4335851143650,4335851732088,4335852723085,4335852848765,4335852869373,4335853128697,4335853257289,4335853257317,16,21.1367,5.88438,9.90997,1.2568,0.20608,2.59324,1.28592
207,1,0,1e+08,4335853965441,4335854208467,4335854527523,4335854590607,4335854613199,4335854775043,4335854911719,4335854911799,16,9.46358,2.43026,3.19056,0.63084,0.22592,1.61844,1.36676
208,1,0,1e+08,4335855690376,4335855884804,4335857056817,4335857123449,4335857169521,4335857491285,4335857624069,4335857624101,16,19.3373,1.94428,11.7201,0.66632,0.46072,3.21764,1.32784
209,1,0,1e+08,4335858361044,4335859167277,4335859916157,4335860060753,4335860078605,4335860320297,4335860467345,4335860467381,16,21.0634,8.06233,7.4888,1.44596,0.17852,2.41692,1.47048
210,1,0,1e+08,4335861425680,4335862216528,4335862994424,4335863170080,4335863187896,4335863453436,4335863605396,4335863605424,16,21.7974,7.90848,7.77896,1.75656,0.17816,2.6554,1.5196
211,1,0,1e+08,4335864161816,4335864946525,4335865706120,4335865872832,4335865893072,4335866134452,4335866260904,4335866260936,16,20.9912,7.84709,7.59595,1.66712,0.2024,2.4138,1.26452
212,1,0,1e+08,4335866796173,4335867318580,4335868312964,4335868428308,4335868449524,4335868711628,4335868836672,4335868836700,16,20.4053,5.22407,9.94384,1.15344,0.21216,2.62104,1.25044
213,1,0,1e+08,4335869444186,4335870307410,4335871039650,4335871133086,4335871173746,4335871505558,4335871644318,4335871644354,16,22.0017,8.63224,7.3224,0.93436,0.4066,3.31812,1.3876
214,1,0,1e+08,4335872160458,4335872951671,4335873759693,4335873830621,4335873876661,4335874154833,4335874302201,4335874302233,16,21.4177,7.91213,8.08022,0.70928,0.4604,2.78172,1.47368
215,1,0,1e+08,4335874993830,4335875243664,4335875562620,4335875625332,4335875659476,4335875824380,4335875964376,4335875964404,16,9.70574,2.49834,3.18956,0.62712,0.34144,1.64904,1.39996
216,1,0,1e+08,4335876774729,4335877416040,4335878260704,4335878330052,4335878390904,4335878647800,4335878781540,4335878781572,16,20.0684,6.41311,8.44664,0.69348,0.60852,2.56896,1.3374
217,1,0,1e+08,4335879324245,4335880147498,4335880910738,4335881060150,4335881080990,4335881328670,4335881487998,4335881488030,16,21.6379,8.23253,7.6324,1.49412,0.2084,2.4768,1.59328
218,1,0,1e+08,4335881879302,4335882106838,4335882426578,4335882493646,4335882522982,4335882691558,4335882827926,4335882827950,16,9.48648,2.27536,3.1974,0.67068,0.29336,1.68576,1.36368
219,1,0,1e+08,4335883724712,4335884731825,4335885364602,4335885431286,4335885459378,4335885693418,4335885825690,4335885825726,16,21.0101,10.0711,6.32777,0.66684,0.28092,2.3404,1.32272
220,1,0,1e+08,4335886385080,4335887421681,4335888053862,4335888121026,4335888160942,4335888404454,4335888550894,4335888550922,16,21.6584,10.366,6.32181,0.67164,0.39916,2.43512,1.4644
221,1,0,1e+08,4335888993605,4335889984133,4335890634802,4335890774454,4335890799894,4335891033682,4335891173854,4335891173886,16,21.8028,9.90528,6.50669,1.39652,0.2544,2.33788,1.40172
222,1,0,1e+08,4335891593049,4335892608597,4335893256130,4335893380454,4335893399574,4335893634518,4335893794650,4335893794674,16,22.0162,10.1555,6.47533,1.24324,0.1912,2.34944,1.60132
223,1,0,1e+08,4335894150695,4335894982996,4335895724497,4335895793033,4335895812349,4335896088697,4335896253657,4335896253693,16,21.03,8.32301,7.41501,0.68536,0.19316,2.76348,1.6496
224,1,0,1e+08,4335896736922,4335897626670,4335898338746,4335898438378,4335898459610,4335898704018,4335898828266,4335898828294,16,20.9137,8.89748,7.12076,0.99632,0.21232,2.44408,1.24248
225,1,0,1e+08,4335899398530,4335899612166,4335899927674,4335899991246,4335900010698,4335900172842,4335900315030,4335900315058,16,9.16528,2.13636,3.15508,0.63572,0.19452,1.62144,1.42188
226,1,0,1e+08,4335901081915,4335902119897,4335902760354,4335902880958,4335902898978,4335903125946,4335903279414,4335903279442,16,21.9753,10.3798,6.40457,1.20604,0.1802,2.26968,1.53468
227,1,0,1e+08,4335903616381,4335903843855,4335904159531,4335904222023,4335904242111,4335904401511,4335904542331,4335904542359,16,9.25978,2.27474,3.15676,0.62492,0.20088,1.594,1.4082
228,1,0,1e+08,4335905501456,4335905743978,4335906059062,4335906122546,4335906162830,4335906804954,4335907136507,4335907136559,16,16.351,2.42522,3.15084,0.63484,0.40284,6.42124,3.31553
229,1,0,1e+08,4335908118466,4335908357423,4335908730631,4335908799195,4335908853655,4335909072515,4335909213187,4335909213215,16,10.9475,2.38957,3.73208,0.68564,0.5446,2.1886,1.40672
230,1,0,1e+08,4335909954467,4335910232906,4335910557054,4335910631994,4335910679722,4335910841214,4335910980274,4335910980298,16,10.2583,2.78439,3.24148,0.7494,0.47728,1.61492,1.3906
231,1,0,1e+08,4335911733989,4335912245361,4335913274342,4335913354786,4335913405262,4335913678026,4335913809102,4335913809142,16,20.7515,5.11372,10.2898,0.80444,0.50476,2.72764,1.31076
232,1,0,1e+08,4335914457132,4335914925263,4335916035088,4335916180964,4335916198536,4335916479392,4335916608200,4335916608232,16,21.511,4.68131,11.0983,1.45876,0.17572,2.80856,1.28808
233,1,0,1e+08,4335917165456,4335917399312,4335917715320,4335917801792,4335917846140,4335918028632,4335918190688,4335918190716,16,10.2526,2.33856,3.16008,0.86472,0.44348,1.82492,1.62056
234,1,0,1e+08,4335919116831,4335919333979,4335919652227,4335919721687,4335919761935,4335920338310,4335920724014,4335920724070,16,16.0724,2.17148,3.18248,0.6946,0.40248,5.76375,3.85704
235,1,0,1e+08,4335921719804,4335921965444,4335922323112,4335922397852,4335922464344,4335922986389,4335923401724,4335923401816,16,16.8201,2.4564,3.57668,0.7474,0.66492,5.22045,4.15335
236,1,0,1e+08,4335924448073,4335924721609,4335925092457,4335925165133,4335925206969,4335925376617,4335925524553,4335925524577,16,10.765,2.73536,3.70848,0.72676,0.41836,1.69648,1.47936
237,1,0,1e+08,4335926257836,4335926964086,4335927841897,4335927977961,4335927994141,4335928275949,4335928407873,4335928407909,16,21.5007,7.0625,8.77811,1.36064,0.1618,2.81808,1.31924
238,1,0,1e+08,4335929022289,4335929250379,4335930490563,4335930618819,4335930638663,4335930925247,4335931057963,4335931057991,16,20.357,2.2809,12.4018,1.28256,0.19844,2.86584,1.32716
239,1,0,1e+08,4335931799076,4335932342725,4335933328086,4335933405478,4335933422906,4335933726662,4335933855778,4335933855814,16,20.5674,5.43649,9.85361,0.77392,0.17428,3.03756,1.29116
240,1,0,1e+08,4335934738675,4335935182795,4335936275737,4335936348217,4335936396101,4335936763749,4335936923673,4335936923705,16,21.8503,4.4412,10.9294,0.7248,0.47884,3.67648,1.59924
241,1,0,1e+08,4335937288274,4335937600643,4335937935679,4335938022891,4335938064963,4335938224127,4335938370567,4335938370595,16,10.8232,3.12369,3.35036,0.87212,0.42072,1.59164,1.4644
242,1,0,1e+08,4335939151898,4335939949840,4335940711753,4335940869325,4335940885481,4335941159929,4335941289053,4335941289085,16,21.3719,7.97942,7.61913,1.57572,0.16156,2.74448,1.29124
243,1,0,1e+08,4335941924366,4335942208052,4335942531784,4335942609616,4335942663308,4335943370395,4335943675628,4335943675692,16,17.5133,2.83686,3.23732,0.77832,0.53692,7.07087,3.05233
244,1,0,1e+08,4335944589431,4335944850464,4335945221708,4335945297632,4335945368764,4335945531240,4335945675440,4335945675464,16,10.8603,2.61033,3.71244,0.75924,0.71132,1.62476,1.442
245,1,0,1e+08,4335946307086,4335946764966,4335947949775,4335948013059,4335948028571,4335948317783,4335948462283,4335948462323,16,21.5524,4.5788,11.8481,0.63284,0.15512,2.89212,1.445
246,1,0,1e+08,4335948900569,4335949202591,4335949527175,4335949593831,4335949637095,4335949808347,4335949966931,4335949966955,16,10.6639,3.02022,3.24584,0.66656,0.43264,1.71252,1.58584
247,1,0,1e+08,4335950923864,4335951657280,4335952537090,4335952646058,4335952661906,4335952953198,4335953098578,4335953098614,16,21.7475,7.33416,8.7981,1.08968,0.15848,2.91292,1.4538
248,1,0,1e+08,4335953417492,4335953649280,4335953974440,4335954039192,4335954082368,4335954258760,4335954397376,4335954397400,16,9.79908,2.31788,3.2516,0.64752,0.43176,1.76392,1.38616
249,1,0,1e+08,4335955236435,4335956433988,4335957074649,4335957136477,4335957156549,4335957396977,4335957538661,4335957538693,16,23.0226,11.9755,6.40661,0.61828,0.20072,2.40428,1.41684
250,1,0,1e+08,4335958050112,4335958845890,4335959679840,4335959812764,4335959828312,4335960117036,4335960259068,4335960259096,16,22.0898,7.95778,8.3395,1.32924,0.15548,2.88724,1.42032
251,1,0,1e+08,4335960613097,4335960836225,4335961152913,4335961213153,4335961250321,4335961415105,4335961593541,4335961593573,16,9.80476,2.23128,3.16688,0.6024,0.37168,1.64784,1.78436
252,1,0,1e+08,4335962681011,4335963418466,4335964238253,4335964315157,4335964361605,4335964629309,4335964772165,4335964772193,16,20.9118,7.37455,8.19787,0.76904,0.46448,2.67704,1.42856
253,1,0,1e+08,4335965421332,4335966105640,4335966969861,4335967040673,4335967081977,4335967348637,4335967477541,4335967477577,16,20.5624,6.84308,8.64221,0.70812,0.41304,2.6666,1.28904
254,1,0,1e+08,4335968104033,4335968614698,4335969618113,4335969701261,4335969748645,4335970010553,4335970143497,4335970143525,16,20.3949,5.10665,10.0342,0.83148,0.47384,2.61908,1.32944
255,1,0,1e+08,4335970708679,4335971635025,4335972362080,4335972430280,4335972464984,4335972770100,4335972898268,4335972898300,16,21.8962,9.26346,7.27055,0.682,0.34704,3.05116,1.28168
256,1,0,1e+08,4335973449600,4335973888410,4335974982132,4335975127144,4335975148292,4335975416072,4335975540868,4335975540900,16,20.913,4.3881,10.9372,1.45012,0.21148,2.6778,1.24796
257,1,0,1e+08,4335976107101,4335976342679,4335976664063,4335976728163,4335976770659,4335976951891,4335977120127,4335977120155,16,10.1305,2.35578,3.21384,0.641,0.42496,1.81232,1.68236
258,1,0,1e+08,4335977985573,4335978873802,4335979574958,4335979641638,4335979694834,4335979937118,4335980064186,4335980064214,16,20.7864,8.88229,7.01156,0.6668,0.53196,2.42284,1.27068
259,1,0,1e+08,4335980722482,4335981481413,4335982289441,4335982362497,4335982413877,4335982667593,4335982800221,4335982800257,16,20.7778,7.58931,8.08028,0.73056,0.5138,2.53716,1.32628
260,1,0,1e+08,4335983426817,4335983771027,4335984096823,4335984160043,4335984204599,4335984371743,4335984507779,4335984507807,16,10.8099,3.4421,3.25796,0.6322,0.44556,1.67144,1.36036
261,1,0,1e+08,4335985202401,4335986219070,4335986861374,4335987037086,4335987054410,4335987274582,4335987418102,4335987418134,16,22.1573,10.1667,6.42304,1.75712,0.17324,2.20172,1.4352
262,1,0,1e+08,4335987889855,4335988854736,4335989522933,4335989611189,4335989647469,4335989925817,4335990057921,4335990057949,16,21.6809,9.64881,6.68197,0.88256,0.3628,2.78348,1.32104
263,1,0,1e+08,4335990614369,4335991624394,4335992261549,4335992333777,4335992357225,4335992595501,4335992777393,4335992777425,16,21.6306,10.1002,6.37155,0.72228,0.23448,2.38276,1.81892
264,1,0,1e+08,4335993285840,4335993536105,4335993853465,4335993915197,4335993942373,4335994101081,4335994236429,4335994236453,16,9.50613,2.50265,3.1736,0.61732,0.27176,1.58708,1.35348
265,1,0,1e+08,4335995228270,4335996159882,4335996823226,4335996999746,4335997021082,4335997248814,4335997380158,4335997380190,16,21.5192,9.31612,6.63344,1.7652,0.21336,2.27732,1.31344
266,1,0,1e+08,4335997895216,4335998202050,4335998525798,4335998589230,4335998666106,4335999326283,4335999658429,4335999658481,16,17.6326,3.06834,3.23748,0.63432,0.76876,6.60177,3.32146
267,1,0,1e+08,4336000708047,4336000947661,4336001290777,4336001359141,4336001407721,4336001578853,4336002087554,4336002087744,16,13.797,2.39614,3.43116,0.68364,0.4858,1.71132,5.08701
268,1,0,1e+08,4336003478741,4336003735062,4336004091910,4336004154542,4336004172270,4336004357430,4336004484178,4336004484206,16,10.0547,2.56321,3.56848,0.62632,0.17728,1.8516,1.26748
269,1,0,1e+08,4336005276873,4336006273342,4336006925039,4336006988667,4336007023059,4336007265819,4336007423935,4336007423967,16,21.4709,9.96469,6.51697,0.63628,0.34392,2.4276,1.58116
270,1,0,1e+08,4336008377054,4336008644370,4336008964226,4336009031270,4336009058198,4336009217438,4336009349358,4336009349382,16,9.72328,2.67316,3.19856,0.67044,0.26928,1.5924,1.3192
271,1,0,1e+08,4336010023982,4336010592283,4336011545852,4336011729732,4336011755608,4336012001672,4336012127580,4336012127676,16,21.0369,5.68301,9.53569,1.8388,0.25876,2.46064,1.25908
272,1,0,1e+08,4336012804574,4336013677549,4336014418993,4336014509457,4336014549865,4336014841677,4336014974361,4336014974389,16,21.6981,8.72975,7.41444,0.90464,0.40408,2.91812,1.32684
273,1,0,1e+08,4336015499127,4336015726487,4336016046375,4336016109751,4336016153443,4336016366747,4336016504911,4336016504939,16,10.0581,2.2736,3.19888,0.63376,0.43692,2.13304,1.38164
274,1,0,1e+08,4336017286969,4336017550354,4336018791354,4336018901622,4336018917798,4336019206442,4336019351946,4336019351978,16,20.6501,2.63385,12.41,1.10268,0.16176,2.88644,1.45504
275,1,0,1e+08,4336019814138,4336020059870,4336020399774,4336020466870,4336020508046,4336020698586,4336020880802,4336020880830,16,10.6669,2.45732,3.39904,0.67096,0.41176,1.9054,1.82216
276,1,0,1e+08,4336021651262,4336021982144,4336022303956,4336022373504,4336022419116,4336022577800,4336022718808,4336022718832,16,10.6757,3.30882,3.21812,0.69548,0.45612,1.58684,1.41008
277,1,0,1e+08,4336023473688,4336023746841,4336024094337,4336024237169,4336024261041,4336024419417,4336024561101,4336024561125,16,10.8744,2.73153,3.47496,1.42832,0.23872,1.58376,1.41684
278,1,0,1e+08,4336025201544,4336026151395,4336026817369,4336026893609,4336026923149,4336027198373,4336027327685,4336027327713,16,21.2617,9.49851,6.65974,0.7624,0.2954,2.75224,1.29312
279,1,0,1e+08,4336027877195,4336028537692,4336029454137,4336029523181,4336029568573,4336029858509,4336030007205,4336030007241,16,21.3005,6.60497,9.16445,0.69044,0.45392,2.89936,1.48696
280,1,0,1e+08,4336030508397,4336030717433,4336031035573,4336031109649,4336031148229,4336031327153,4336031467877,4336031467901,16,9.59504,2.09036,3.1814,0.74076,0.3858,1.78924,1.40724
281,1,0,1e+08,4336032362739,4336033048305,4336033885193,4336034035313,4336034051585,4336034308969,4336034442837,4336034442873,16,20.8013,6.85566,8.36888,1.5012,0.16272,2.57384,1.33868
282,1,0,1e+08,4336035087113,4336035614375,4336036672082,4336036809850,4336036828642,4336037096494,4336037225730,4336037225762,16,21.3865,5.27262,10.5771,1.37768,0.18792,2.67852,1.29236
283,1,0,1e+08,4336038076285,4336038311393,4336038630753,4336038703341,4336038765185,4336039401590,4336039752037,4336039752101,16,16.7582,2.35108,3.1936,0.72588,0.61844,6.36405,3.50447
284,1,0,1e+08,4336040944083,4336041211324,4336041538220,4336041610380,4336041667492,4336041861460,4336042000532,4336042000556,16,10.5647,2.67241,3.26896,0.7216,0.57112,1.93968,1.39072
285,1,0,1e+08,4336042711318,4336042947228,4336043271080,4336043344528,4336043397408,4336043557692,4336043710264,4336043710292,16,9.98974,2.3591,3.23852,0.73448,0.5288,1.60284,1.52572
286,1,0,1e+08,4336044450243,4336045057807,4336046084084,4336046256144,4336046274712,4336046553924,4336046684288,4336046684320,16,22.3408,6.07564,10.2628,1.7206,0.18568,2.79212,1.30364
287,1,0,1e+08,4336047401250,4336047885401,4336048920029,4336049068093,4336049085493,4336049357661,4336049485561,4336049485597,16,20.8435,4.84151,10.3463,1.48064,0.174,2.72168,1.279
288,1,0,1e+08,4336050237959,4336050578903,4336050908091,4336050980167,4336050999399,4336051157207,4336051292723,4336051292747,16,10.5479,3.40944,3.29188,0.72076,0.19232,1.57808,1.35516
289,1,0,1e+08,4336052102216,4336053033992,4336053703173,4336053758949,4336053783769,4336054028041,4336054146325,4336054146361,16,20.4414,9.31776,6.69181,0.55776,0.2482,2.44272,1.18284
290,1,0,1e+08,4336054840921,4336055881428,4336056545102,4336056612902,4336056662198,4336056893590,4336057024486,4336057024514,16,21.8359,10.4051,6.63674,0.678,0.49296,2.31392,1.30896
291,1,0,1e+08,4336057565954,4336058328349,4336059101154,4336059246098,4336059264562,4336059529938,4336059657642,4336059657678,16,20.9172,7.62395,7.72805,1.44944,0.18464,2.65376,1.27704
292,1,0,1e+08,4336060374342,4336061064094,4336061953717,4336062096889,4336062114301,4336062382057,4336062521221,4336062521249,16,21.4691,6.89752,8.89623,1.43172,0.17412,2.67756,1.39164
293,1,0,1e+08,4336062989368,4336063460294,4336064509671,4336064660343,4336064684027,4336064945523,4336065074915,4336065074951,16,20.8558,4.70926,10.4938,1.50672,0.23684,2.61496,1.29392
294,1,0,1e+08,4336065705136,4336065944422,4336066264122,4336066331842,4336066354254,4336066516602,4336066648850,4336066648874,16,9.43738,2.39286,3.197,0.6772,0.22412,1.62348,1.32248
295,1,0,1e+08,4336067555423,4336067830067,4336068146067,4336068275339,4336068294763,4336068934248,4336069261179,4336069261243,16,17.0582,2.74644,3.16,1.29272,0.19424,6.39485,3.26931
296,1,0,1e+08,4336070166566,4336070443284,4336070828212,4336070956472,4336070982220,4336071141000,4336071279240,4336071279264,16,11.127,2.76718,3.84928,1.2826,0.25748,1.5878,1.3824
297,1,0,1e+08,4336072034438,4336072297518,4336073498021,4336073568545,4336073599065,4336073940121,4336074084837,4336074084873,16,20.5044,2.6308,12.005,0.70524,0.3052,3.41056,1.44716
298,1,0,1e+08,4336074630745,4336074842815,4336075152527,4336075222515,4336075260571,4336075468903,4336075609799,4336075609819,16,9.79074,2.1207,3.09712,0.69988,0.38056,2.08332,1.40896
299,1,0,1e+08,4336076341817,4336076615615,4336077825908,4336077959972,4336077976084,4336078275508,4336078415368,4336078415408,16,20.7359,2.73798,12.1029,1.34064,0.16112,2.99424,1.3986
300,1,0,1e+08,4336079400918,4336079713338,4336080056414,4336080152126,4336080241222,4336080399862,4336080535610,4336080535634,16,11.3472,3.1242,3.43076,0.95712,0.89096,1.5864,1.35748
301,1,0,1e+08,4336081274748,4336082181208,4336082875532,4336082940208,4336082963168,4336083249016,4336083373940,4336083373972,16,20.9922,9.0646,6.94324,0.64676,0.2296,2.85848,1.24924
302,1,0,1e+08,4336084091810,4336084403446,4336084732486,4336084803962,4336084843574,4336085022670,4336085158490,4336085158514,16,10.667,3.11636,3.2904,0.71476,0.39612,1.79096,1.3582
303,1,0,1e+08,4336086028171,4336087079810,4336087745717,4336087811965,4336087838709,4336088083157,4336088225953,4336088225985,16,21.9781,10.5164,6.65907,0.66248,0.26744,2.44448,1.42796
304,1,0,1e+08,4336088765719,4336089514073,4336090294010,4336090459394,4336090478154,4336090727546,4336090847706,4336090847738,16,20.8202,7.48354,7.79937,1.65384,0.1876,2.49392,1.2016
305,1,0,1e+08,4336091515565,4336092204261,4336093074712,4336093208976,4336093231424,4336093483052,4336093617368,4336093617404,16,21.0184,6.88696,8.70451,1.34264,0.22448,2.51628,1.34316
306,1,0,1e+08,4336094471819,4336095507490,4336096159678,4336096286374,4336096306022,4336096540226,4336096670402,4336096670430,16,21.9861,10.3567,6.52188,1.26696,0.19648,2.34204,1.30176
307,1,0,1e+08,4336097358791,4336098361465,4336099031209,4336099134061,4336099153249,4336099391781,4336099543849,4336099543881,16,21.8509,10.0267,6.69744,1.02852,0.19188,2.38532,1.52068
308,1,0,1e+08,4336100145201,4336101025830,4336101748849,4336101849785,4336101881841,4336102163821,4336102284421,4336102284449,16,21.3925,8.80629,7.23019,1.00936,0.32056,2.8198,1.206
309,1,0,1e+08,4336103052591,4336103875645,4336104627057,4336104697593,4336104719717,4336104986317,4336105120493,4336105120529,16,20.6794,8.23054,7.51412,0.70536,0.22124,2.666,1.34176
310,1,0,1e+08,4336105837225,4336106728898,4336107451442,4336107509198,4336107539994,4336107788982,4336107927754,4336107927786,16,20.9056,8.91673,7.22544,0.57756,0.30796,2.48988,1.38772
311,1,0,1e+08,4336108516103,4336108746307,4336109066047,4336109130303,4336109154519,4336109312647,4336109476351,4336109476379,16,9.60276,2.30204,3.1974,0.64256,0.24216,1.58128,1.63704
312,1,0,1e+08,4336110420734,4336111058997,4336111955800,4336112134900,4336112156008,4336112407032,4336112534640,4336112534668,16,21.1393,6.38263,8.96803,1.791,0.21108,2.51024,1.27608
313,1,0,1e+08,4336113109768,4336113330626,4336113651606,4336113715518,4336113755230,4336113916690,4336114075486,4336114075514,16,9.65746,2.20858,3.2098,0.63912,0.39712,1.6146,1.58796
314,1,0,1e+08,4336115126651,4336115418379,4336115743655,4336115823615,4336115871431,4336116418779,4336116818355,4336116818427,16,16.9178,2.91728,3.25276,0.7996,0.47816,5.47348,3.99576
315,1,0,1e+08,4336118008371,4336118322595,4336118678363,4336118753899,4336118792639,4336118950267,4336119090327,4336119090355,16,10.8198,3.14224,3.55768,0.75536,0.3874,1.57628,1.4006
316,1,0,1e+08,4336119880986,4336120810736,4336121483354,4336121652258,4336121670470,4336121901450,4336122021866,4336122021894,16,21.4091,9.2975,6.72618,1.68904,0.18212,2.3098,1.20416
317,1,0,1e+08,4336122562716,4336123350763,4336124167781,4336124299237,4336124315993,4336124568677,4336124702893,4336124702925,16,21.4021,7.88047,8.17018,1.31456,0.16756,2.52684,1.34216
318,1,0,1e+08,4336125271167,4336126093406,4336126841877,4336126938469,4336127013709,4336127260961,4336127386581,4336127386613,16,21.1545,8.22239,7.48471,0.96592,0.7524,2.47252,1.2562
319,1,0,1e+08,4336127967042,4336128738857,4336129512699,4336129599051,4336129636539,4336129895611,4336130039063,4336130039099,16,20.7206,7.71815,7.73842,0.86352,0.37488,2.59072,1.43452
320,1,0,1e+08,4336130712060,4336131321462,4336132243507,4336132325019,4336132376135,4336132644227,4336132774751,4336132774779,16,20.6272,6.09402,9.22045,0.81512,0.51116,2.68092,1.30524
321,1,0,1e+08,4336133510969,4336133808783,4336134132035,4336134210899,4336134237591,4336134395047,4336134526279,4336134526311,16,10.1534,2.97814,3.23252,0.78864,0.26692,1.57456,1.31232
322,1,0,1e+08,4336135341859,4336135686944,4336136017976,4336136093612,4336136135468,4336136376892,4336136525376,4336136525400,16,11.8354,3.45085,3.31032,0.75636,0.41856,2.41424,1.48484
323,1,0,1e+08,4336137190003,4336138008644,4336138742700,4336138808680,4336138898532,4336139173068,4336139319620,4336139319656,16,21.2965,8.18641,7.34056,0.6598,0.89852,2.74536,1.46552
324,1,0,1e+08,4336140005328,4336140906234,4336141634023,4336141690799,4336141733315,4336141990063,4336142115611,4336142115643,16,21.1031,9.00906,7.27789,0.56776,0.42516,2.56748,1.25548
325,1,0,1e+08,4336142755483,4336143037332,4336143373464,4336143448936,4336143475064,4336144272518,4336144482169,4336144482233,16,17.2675,2.81849,3.36132,0.75472,0.26128,7.97454,2.09651
326,1,0,1e+08,4336145416339,4336145730136,4336146081816,4336146157832,4336146205116,4336146365360,4336146503396,4336146503420,16,10.8708,3.13797,3.5168,0.76016,0.47284,1.60244,1.38036
327,1,0,1e+08,4336147136699,4336147979159,4336148797541,4336148915721,4336148932761,4336149188233,4336149326329,4336149326361,16,21.8966,8.4246,8.18382,1.1818,0.1704,2.55472,1.38096
328,1,0,1e+08,4336149911073,4336150563026,4336151449950,4336151525542,4336151568770,4336151852790,4336151979346,4336151979378,16,20.6831,6.51953,8.86924,0.75592,0.43228,2.8402,1.26556
329,1,0,1e+08,4336152722163,4336153016721,4336153341541,4336153404725,4336153472633,4336153689129,4336153834669,4336153834697,16,11.1253,2.94558,3.2482,0.63184,0.67908,2.16496,1.4554
330,1,0,1e+08,4336154644529,4336155634228,4336156312378,4336156371186,4336156396674,4336156643450,4336156787302,4336156787334,16,21.428,9.89699,6.7815,0.58808,0.25488,2.46776,1.43852
331,1,0,1e+08,4336157283049,4336157986341,4336158796336,4336158944248,4336158959436,4336159228156,4336159357532,4336159357568,16,20.7452,7.03292,8.09995,1.47912,0.15188,2.6872,1.29376
332,1,0,1e+08,4336159938072,4336160291798,4336160707974,4336160777962,4336160804402,4336161004522,4336161213290,4336161213318,16,12.7525,3.53726,4.16176,0.69988,0.2644,2.0012,2.08768
333,1,0,1e+08,4336161846218,4336162205216,4336163431242,4336163492202,4336163508034,4336163802682,4336163931834,4336163931874,16,20.8566,3.58998,12.2603,0.6096,0.15832,2.94648,1.29152
334,1,0,1e+08,4336164524252,4336164750812,4336165074056,4336165139076,4336165181728,4336165380752,4336165517016,4336165517036,16,9.92784,2.2656,3.23244,0.6502,0.42652,1.99024,1.36264
335,1,0,1e+08,4336166161215,4336166499956,4336166824296,4336166905140,4336166980424,4336167636710,4336167964745,4336167964909,16,18.0369,3.38741,3.2434,0.80844,0.75284,6.56286,3.28035
336,1,0,1e+08,4336169145280,4336169369696,4336169711288,4336169789108,4336169836160,4336169995060,4336170132128,4336170132152,16,9.86872,2.24416,3.41592,0.7782,0.47052,1.589,1.37068
337,1,0,1e+08,4336171112317,4336171364603,4336171693059,4336171768567,4336171804615,4336171970715,4336172104863,4336172104891,16,9.92574,2.52286,3.28456,0.75508,0.36048,1.661,1.34148
338,1,0,1e+08,4336172768965,4336173631777,4336174408140,4336174564236,4336174580044,4336174888060,4336175039460,4336175039488,16,22.7052,8.62812,7.76363,1.56096,0.15808,3.08016,1.514
339,1,0,1e+08,4336175494407,4336175725215,4336176050995,4336176116939,4336176160651,4336176373327,4336176514159,4336176514187,16,10.1978,2.30808,3.2578,0.65944,0.43712,2.12676,1.40832
340,1,0,1e+08,4336177255636,4336178194198,4336178876469,4336178941901,4336178958369,4336179203137,4336179324085,4336179324117,16,20.6848,9.38562,6.82271,0.65432,0.16468,2.44768,1.20948
341,1,0,1e+08,4336180051381,4336180266413,4336180587237,4336180650973,4336180687969,4336180863657,4336181009577,4336181009605,16,9.58224,2.15032,3.20824,0.63736,0.36996,1.75688,1.4592
342,1,0,1e+08,4336181849447,4336182800394,4336183452600,4336183552548,4336183568904,4336183845888,4336184004068,4336184004100,16,21.5465,9.50947,6.52206,0.99948,0.16356,2.76984,1.5818
343,1,0,1e+08,4336184471302,4336185397936,4336186091734,4336186193198,4336186234118,4336186575170,4336186720070,4336186720102,16,22.488,9.26634,6.93798,1.01464,0.4092,3.41052,1.449
344,1,0,1e+08,4336187297019,4336188107504,4336188837372,4336188917100,4336188981672,4336189245112,4336189398072,4336189398100,16,21.0108,8.10485,7.29868,0.79728,0.64572,2.6344,1.5296
345,1,0,1e+08,4336190203353,4336191248057,4336191915309,4336191971269,4336191990661,4336192236429,4336192392525,4336192392557,16,21.892,10.447,6.67252,0.5596,0.19392,2.45768,1.56096
346,1,0,1e+08,4336193087412,4336194112849,4336194755021,4336194812713,4336194840917,4336195092269,4336195226821,4336195226849,16,21.3944,10.2544,6.42172,0.57692,0.28204,2.51352,1.34552
347,1,0,1e+08,4336195928581,4336196717465,4336197579538,4336197645098,4336197670230,4336197929910,4336198053866,4336198053902,16,21.2532,7.88884,8.62073,0.6556,0.25132,2.5968,1.23956
348,1,0,1e+08,4336198716824,4336198956912,4336199278328,4336199343048,4336199383952,4336199563956,4336199694676,4336199694700,16,9.77876,2.40088,3.21416,0.6472,0.40904,1.80004,1.3072
349,1,0,1e+08,4336200473304,4336200806827,4336201131027,4336201210255,4336201247019,4336201404699,4336201543691,4336201543719,16,10.7042,3.33523,3.242,0.79228,0.36764,1.5768,1.38992
350,1,0,1e+08,4336202467082,4336203157014,4336203991817,4336204072197,4336204116861,4336204384325,4336204516909,4336204516937,16,20.4986,6.89932,8.34803,0.8038,0.44664,2.67464,1.32584
351,1,0,1e+08,4336205120173,4336205346437,4336205672477,4336205745189,4336205776173,4336205971205,4336206106321,4336206106349,16,9.86176,2.26264,3.2604,0.72712,0.30984,1.95032,1.35116
352,1,0,1e+08,4336206885306,4336207164175,4336207488067,4336207566799,4336207601399,4336207767707,4336208110011,4336208110161,16,12.2485,2.78869,3.23892,0.78732,0.346,1.66308,3.42304
353,1,0,1e+08,4336209845414,4336210123659,4336210467259,4336210539663,4336210591767,4336210760375,4336210897103,4336210897131,16,10.5172,2.78245,3.436,0.72404,0.52104,1.68608,1.36728
354,1,0,1e+08,4336211679835,4336212004855,4336212334067,4336212397435,4336212419071,4336212578311,4336212711387,4336212711411,16,10.3158,3.2502,3.29212,0.63368,0.21636,1.5924,1.33076
355,1,0,1e+08,4336213358424,4336214170013,4336214925712,4336215083096,4336215098660,4336215384976,4336215542112,4336215542148,16,21.8372,8.11589,7.55699,1.57384,0.15564,2.86316,1.57136
356,1,0,1e+08,4336215969890,4336216385191,4336217486420,4336217605208,4336217620936,4336217903588,4336218029952,4336218029984,16,20.6009,4.15301,11.0123,1.18788,0.15728,2.82652,1.26364
357,1,0,1e+08,4336218638781,4336218905610,4336219229514,4336219296290,4336219318506,4336219475922,4336219609158,4336219609186,16,9.70405,2.66829,3.23904,0.66776,0.22216,1.57416,1.33236
358,1,0,1e+08,4336220388940,4336221542760,4336222179436,4336222237336,4336222263784,4336222496120,4336222632224,4336222632252,16,22.4331,11.5382,6.36676,0.579,0.26448,2.32336,1.36104
359,1,0,1e+08,4336223182732,4336223522405,4336223863589,4336224008721,4336224026073,4336224184029,4336224320933,4336224320961,16,11.3823,3.39673,3.41184,1.45132,0.17352,1.57956,1.36904
360,1,0,1e+08,4336225461282,4336226010148,4336227021216,4336227146896,4336227162192,4336227429980,4336227554248,4336227554276,16,20.9299,5.48866,10.1107,1.2568,0.15296,2.67788,1.24268
361,1,0,1e+08,4336228137144,4336228558181,4336229684300,4336229777560,4336229811772,4336230125860,4336230261236,4336230261272,16,21.2413,4.21037,11.2612,0.9326,0.34212,3.14088,1.35376
362,1,0,1e+08,4336230849282,4336231110195,4336231435175,4336231500579,4336231581959,4336231741447,4336231889307,4336231889331,16,10.4005,2.60913,3.2498,0.65404,0.8138,1.59488,1.4786
363,1,0,1e+08,4336232643798,4336233558214,4336234269444,4336234376688,4336234393384,4336234635744,4336234772264,4336234772296,16,21.285,9.14416,7.1123,1.07244,0.16696,2.4236,1.3652
364,1,0,1e+08,4336235370274,4336236217092,4336236996745,4336237124109,4336237141897,4336237389905,4336237517301,4336237517333,16,21.4706,8.46818,7.79653,1.27364,0.17788,2.48008,1.27396
365,1,0,1e+08,4336238215312,4336238518657,4336238841945,4336238922997,4336238944793,4336239127529,4336239280309,4336239280337,16,10.6502,3.03345,3.23288,0.81052,0.21796,1.82736,1.5278
366,1,0,1e+08,4336240151212,4336240929877,4336241708064,4336241769216,4336241794108,4336242050808,4336242193112,4336242193140,16,20.4193,7.78665,7.78187,0.61152,0.24892,2.567,1.42304
367,1,0,1e+08,4336242895313,4336243746050,4336244461116,4336244519172,4336244534008,4336244782136,4336244907280,4336244907320,16,20.1201,8.50737,7.15066,0.58056,0.14836,2.48128,1.25144
368,1,0,1e+08,4336245573898,4336245774382,4336246093586,4336246163202,4336246204570,4336246384730,4336246519722,4336246519746,16,9.45848,2.00484,3.19204,0.69616,0.41368,1.8016,1.34992
369,1,0,1e+08,4336247323440,4336247624621,4336247952873,4336248024693,4336248070121,4336248232257,4336248375373,4336248375401,16,10.5196,3.01181,3.28252,0.7182,0.45428,1.62136,1.43116
370,1,0,1e+08,4336249087005,4336250141073,4336250773458,4336250829310,4336250858522,4336251096062,4336251224034,4336251224066,16,21.3706,10.5407,6.32385,0.55852,0.29212,2.3754,1.27972
371,1,0,1e+08,4336251834092,4336252074440,4336252398896,4336252465392,4336252485360,4336252643364,4336252778652,4336252778680,16,9.44588,2.40348,3.24456,0.66496,0.19968,1.58004,1.35288
372,1,0,1e+08,4336253596190,4336254319356,4336255101569,4336255249645,4336255265545,4336255510877,4336255631417,4336255631445,16,20.3526,7.23166,7.82213,1.48076,0.159,2.45332,1.2054
373,1,0,1e+08,4336256307839,4336256548063,4336256870771,4336256939875,4336256962219,4336257123955,4336257257615,4336257257643,16,9.49804,2.40224,3.22708,0.69104,0.22344,1.61736,1.3366
374,1,0,1e+08,4336258143553,4336258435547,4336258761879,4336258837547,4336258865979,4336259023695,4336259159543,4336259159567,16,10.1601,2.91994,3.26332,0.75668,0.28432,1.57716,1.35848
375,1,0,1e+08,4336259832209,4336260641885,4336261416772,4336261559952,4336261579072,4336261840764,4336261967952,4336261967988,16,21.3578,8.09676,7.74887,1.4318,0.1912,2.61692,1.27188
376,1,0,1e+08,4336262618828,4336263623677,4336264264259,4336264366363,4336264382531,4336264615515,4336264734571,4336264734599,16,21.1577,10.0485,6.40582,1.02104,0.16168,2.32984,1.19056
377,1,0,1e+08,4336265320077,4336265626162,4336265951850,4336266029042,4336266057706,4336266216002,4336266354282,4336266354310,16,10.3423,3.06085,3.25688,0.77192,0.28664,1.58296,1.3828
378,1,0,1e+08,4336267101079,4336267720938,4336268654889,4336268802529,4336268819661,4336269096045,4336269228013,4336269228045,16,21.2697,6.19859,9.33951,1.4764,0.17132,2.76384,1.31968
379,1,0,1e+08,4336269853513,4336270592974,4336271401877,4336271581185,4336271599477,4336271857853,4336271987017,4336271987053,16,21.3354,7.39461,8.08903,1.79308,0.18292,2.58376,1.29164
380,1,0,1e+08,4336272620936,4336273445459,4336274209194,4336274321270,4336274338318,4336274590026,4336274710866,4336274710894,16,20.8996,8.24523,7.63735,1.12076,0.17048,2.51708,1.2084
381,1,0,1e+08,4336275374013,4336276092807,4336276977359,4336277081931,4336277098427,4336277354811,4336277485903,4336277485939,16,21.1193,7.18794,8.84552,1.04572,0.16496,2.56384,1.31092
382,1,0,1e+08,4336278074129,4336278540641,4336279611742,4336279700678,4336279742106,4336280050642,4336280185226,4336280185254,16,21.1113,4.66512,10.711,0.88936,0.41428,3.08536,1.34584
383,1,0,1e+08,4336280826142,4336281109618,4336281434174,4336281499586,4336281579118,4336281737662,4336281876950,4336281876978,16,10.5084,2.83476,3.24556,0.65412,0.79532,1.58544,1.39288
384,1,0,1e+08,4336282607396,4336283631544,4336284262941,4336284383997,4336284402109,4336284628341,4336284745949,4336284745977,16,21.3858,10.2415,6.31397,1.21056,0.18112,2.26232,1.17608
385,1,0,1e+08,4336285341176,4336285617527,4336285962511,4336286053623,4336286147895,4336286323199,4336286458227,4336286458255,16,11.1708,2.76351,3.44984,0.91112,0.94272,1.75304,1.35028
386,1,0,1e+08,4336287261526,4336288022425,4336288807284,4336288878412,4336288909160,4336289205612,4336289341296,4336289341324,16,20.798,7.60899,7.84859,0.71128,0.30748,2.96452,1.35684
387,1,0,1e+08,4336290012951,4336290987080,4336291640229,4336291704817,4336291722417,4336291958405,4336292093797,4336292093833,16,20.8088,9.74129,6.53149,0.64588,0.176,2.35988,1.35392
388,1,0,1e+08,4336292761399,4336293548056,4336294304817,4336294373237,4336294392365,4336294651965,4336294793861,4336294793893,16,20.3249,7.86657,7.56761,0.6842,0.19128,2.596,1.41896
389,1,0,1e+08,4336295657277,4336295930030,4336296252682,4336296322742,4336296353374,4336296511082,4336296646406,4336296646434,16,9.89157,2.72753,3.22652,0.7006,0.30632,1.57708,1.35324
390,1,0,1e+08,4336297915132,4336298214184,4336298573960,4336298703160,4336298723928,4336298893276,4336299029824,4336299029848,16,11.1472,2.99052,3.59776,1.292,0.20768,1.69348,1.36548
391,1,0,1e+08,4336299831204,4336300817200,4336301463052,4336301544196,4336301579100,4336301865076,4336301997784,4336301997820,16,21.6662,9.85996,6.45852,0.81144,0.34904,2.85976,1.32708
392,1,0,1e+08,4336302519314,4336303281189,4336304026066,4336304092022,4336304138550,4336304398730,4336304522258,4336304522286,16,20.0297,7.61875,7.44877,0.65956,0.46528,2.6018,1.23528
393,1,0,1e+08,4336305192640,4336305431760,4336305754792,4336305821092,4336305839812,4336305998376,4336306140792,4336306140820,16,9.4818,2.3912,3.23032,0.663,0.1872,1.58564,1.42416
394,1,0,1e+08,4336306972365,4336307301635,4336307630943,4336307720831,4336307764583,4336307952559,4336308092287,4336308092307,16,11.1994,3.2927,3.29308,0.89888,0.43752,1.87976,1.39728
395,1,0,1e+08,4336308667323,4336309454156,4336310219200,4336310279088,4336310295844,4336310557072,4336310681084,4336310681120,16,20.138,7.86833,7.65044,0.59888,0.16756,2.61228,1.24012
396,1,0,1e+08,4336311315154,4336312006245,4336312846688,4336312921612,4336312985972,4336313265712,4336313390868,4336313390896,16,20.7574,6.91091,8.40443,0.74924,0.6436,2.7974,1.25156
397,1,0,1e+08,4336314112220,4336314362725,4336314685925,4336314750221,4336314785713,4336314956921,4336315095493,4336315095521,16,9.83301,2.50505,3.232,0.64296,0.35492,1.71208,1.38572
398,1,0,1e+08,4336315809568,4336316624988,4336317357749,4336317478105,4336317493177,4336317735689,4336317861505,4336317861533,16,20.5196,8.1542,7.32761,1.20356,0.15072,2.42512,1.25816
399,1,0,1e+08,4336318427779,4336319409305,4336320054870,4336320122834,4336320148486,4336320438410,4336320566158,4336320566250,16,21.3847,9.81526,6.45565,0.67964,0.25652,2.89924,1.27748
400,1,0,1e+08,4336321162038,4336321949710,4336322711590,4336322778210,4336322805122,4336323060278,4336323181234,4336323181262,16,20.1922,7.87672,7.6188,0.6662,0.26912,2.55156,1.20956
401,1,0,1e+08,4336323966193,4336324744748,4336325516733,4336325583269,4336325613529,4336325868501,4336325995917,4336325995953,16,20.2976,7.78555,7.71985,0.66536,0.3026,2.54972,1.27416
402,1,0,1e+08,4336326686425,4336327669580,4336328331857,4336328387581,4336328413681,4336328654221,4336328772669,4336328772701,16,20.8628,9.83155,6.62277,0.55724,0.261,2.4054,1.18448
403,1,0,1e+08,4336329550132,4336330679674,4336331313066,4336331376914,4336331399798,4336331627070,4336331763150,4336331763182,16,22.1305,11.2954,6.33392,0.63848,0.22884,2.27272,1.3608
404,1,0,1e+08,4336332232103,4336332470051,4336332816691,4336332898375,4336332944563,4336333105131,4336333238491,4336333238515,16,10.0641,2.37948,3.4664,0.81684,0.46188,1.60568,1.3336
405,1,0,1e+08,4336334053471,4336334939570,4336335659894,4336335732294,4336335759862,4336336062418,4336336195194,4336336195230,16,21.4176,8.86099,7.20324,0.724,0.27568,3.02556,1.32776
406,1,0,1e+08,4336336709064,4336337547735,4336338316909,4336338376929,4336338394537,4336338652401,4336338801565,4336338801593,16,20.9253,8.38671,7.69174,0.6002,0.17608,2.57864,1.49164
407,1,0,1e+08,4336339415381,4336340189849,4336340940138,4336341014314,4336341040026,4336341288774,4336341410982,4336341411018,16,19.9564,7.74468,7.50289,0.74176,0.25712,2.48748,1.22208
408,1,0,1e+08,4336342048522,4336342309691,4336342626879,4336342736635,4336342754415,4336342923023,4336343060967,4336343060991,16,10.1247,2.61169,3.17188,1.09756,0.1778,1.68608,1.37944
409,1,0,1e+08,4336343945152,4336344226048,4336344548348,4336344622024,4336344673720,4336345203259,4336345621531,4336345621623,16,16.7647,2.80896,3.223,0.73676,0.51696,5.29539,4.18272
410,1,0,1e+08,4336346816514,4336347052326,4336347390218,4336347454970,4336347479190,4336347640310,4336347773662,4336347773686,16,9.57172,2.35812,3.37892,0.64752,0.2422,1.6112,1.33352
411,1,0,1e+08,4336348523333,4336349503909,4336350153730,4336350210486,4336350233466,4336350469486,4336350590086,4336350590118,16,20.6679,9.80576,6.49821,0.56756,0.2298,2.3602,1.206
412,1,0,1e+08,4336351158158,4336352066440,4336352816408,4336352921568,4336352937036,4336353196660,4336353343816,4336353343844,16,21.8569,9.08282,7.49968,1.0516,0.15468,2.59624,1.47156
413,1,0,1e+08,4336353818930,4336354057494,4336354393410,4336354563073,4336354654488,4336355469842,4336355657371,4336355657423,16,18.3849,2.38564,3.35916,1.69663,0.91415,8.15354,1.87529
414,1,0,1e+08,4336356425984,4336356664130,4336357001534,4336357071486,4336357099658,4336357257486,4336357394030,4336357394058,16,9.68074,2.38146,3.37404,0.69952,0.28172,1.57828,1.36544
415,1,0,1e+08,4336358225517,4336359081386,4336359785792,4336359846616,4336359887088,4336360143212,4336360270704,4336360270736,16,20.4522,8.55869,7.04406,0.60824,0.40472,2.56124,1.27492
416,1,0,1e+08,4336360906429,4336361159227,4336361495895,4336361571143,4336361592855,4336361749459,4336361884643,4336361884667,16,9.78238,2.52798,3.36668,0.75248,0.21712,1.56604,1.35184
417,1,0,1e+08,4336362507531,4336362780394,4336363102558,4336363168446,4336363221118,4336363384166,4336363520510,4336363520538,16,10.1301,2.72863,3.22164,0.65888,0.52672,1.63048,1.36344
418,1,0,1e+08,4336364341183,4336365142848,4336365913953,4336365972513,4336366013237,4336366269045,4336366409701,4336366409733,16,20.6855,8.01665,7.71105,0.5856,0.40724,2.55808,1.40656
419,1,0,1e+08,4336367117408,4336367367636,4336367690864,4336367761536,4336367799604,4336367956564,4336368092996,4336368093028,16,9.7562,2.50228,3.23228,0.70672,0.38068,1.5696,1.36432
420,1,0,1e+08,4336369122779,4336369416992,4336369737740,4336369803916,4336369833624,4336370005576,4336370182912,4336370182936,16,10.6016,2.94213,3.20748,0.66176,0.29708,1.71952,1.77336
421,1,0,1e+08,4336370927813,4336371475819,4336372447368,4336372515360,4336372560572,4336372823600,4336372954504,4336372954540,16,20.2673,5.48006,9.71549,0.67992,0.45212,2.63028,1.30904
422,1,0,1e+08,4336373704505,4336373968205,4336374290689,4336374362633,4336374412297,4336374580841,4336374725293,4336374725317,16,10.2081,2.637,3.22484,0.71944,0.49664,1.68544,1.44452
423,1,0,1e+08,4336375420246,4336376225188,4336377061524,4336377192496,4336377207652,4336377493064,4336377650084,4336377650120,16,22.2987,8.04942,8.36336,1.30972,0.15156,2.85412,1.5702
424,1,0,1e+08,4336378194821,4336378435150,4336378753882,4336378819742,4336378866950,4336379026938,4336379161678,4336379161702,16,9.66881,2.40329,3.18732,0.6586,0.47208,1.59988,1.3474
425,1,0,1e+08,4336380148204,4336380971823,4336381779585,4336381854505,4336381888417,4336382151961,4336382291557,4336382291593,16,21.4339,8.23619,8.07762,0.7492,0.33912,2.63544,1.39596
426,1,0,1e+08,4336382897054,4336383105022,4336383428598,4336383496806,4336383526690,4336383685734,4336383839738,4336383839762,16,9.42708,2.07968,3.23576,0.68208,0.29884,1.59044,1.54004
427,1,0,1e+08,4336384759365,4336385019513,4336385340797,4336385407777,4336385435993,4336385600585,4336385786797,4336385786825,16,10.2746,2.60148,3.21284,0.6698,0.28216,1.64592,1.86212
428,1,0,1e+08,4336386664037,4336387371142,4336388191292,4336388276216,4336388329132,4336388589328,4336388717744,4336388717776,16,20.5374,7.07105,8.2015,0.84924,0.52916,2.60196,1.28416
429,1,0,1e+08,4336389439121,4336390068926,4336390968997,4336391049233,4336391090301,4336391349605,4336391480169,4336391480201,16,20.4108,6.29805,9.00071,0.80236,0.41068,2.59304,1.30564
430,1,0,1e+08,4336392107555,4336392794200,4336393677546,4336393744442,4336393777606,4336394037818,4336394168614,4336394168642,16,20.6109,6.86645,8.83346,0.66896,0.33164,2.60212,1.30796
431,1,0,1e+08,4336394723653,4336394970025,4336395333553,4336395456969,4336395506345,4336395667957,4336395828993,4336395829017,16,11.0536,2.46372,3.63528,1.23416,0.49376,1.61612,1.61036
432,1,0,1e+08,4336396708319,4336397784849,4336398437061,4336398517753,4336398552157,4336398795101,4336398925781,4336398925809,16,22.1749,10.7653,6.52212,0.80692,0.34404,2.42944,1.3068
433,1,0,1e+08,4336399412561,4336400151944,4336400919921,4336400994797,4336401038881,4336401305629,4336401454233,4336401454265,16,20.417,7.39383,7.67977,0.74876,0.44084,2.66748,1.48604
434,1,0,1e+08,4336402100724,4336402419936,4336402741920,4336402815212,4336402848012,4336403012248,4336403145688,4336403145712,16,10.4499,3.19212,3.21984,0.73292,0.328,1.64236,1.3344
435,1,0,1e+08,4336403885147,4336404211837,4336404555361,4336404681625,4336404703689,4336404865881,4336405001577,4336405001605,16,11.1646,3.2669,3.43524,1.26264,0.22064,1.62192,1.35696
436,1,0,1e+08,4336405688622,4336406493676,4336407283696,4336407348052,4336407390160,4336407688876,4336407819976,4336407820008,16,21.3139,8.05054,7.9002,0.64356,0.42108,2.98716,1.311
437,1,0,1e+08,4336408332653,4336408575357,4336408902657,4336408966261,4336409002349,4336409191541,4336409342969,4336409342997,16,10.1034,2.42704,3.273,0.63604,0.36088,1.89192,1.51428
438,1,0,1e+08,4336410056116,4336410890976,4336411639282,4336411768806,4336411786726,4336412043158,4336412174882,4336412174914,16,21.188,8.3486,7.48306,1.29524,0.1792,2.56432,1.31724
439,1,0,1e+08,4336412705017,4336412936593,4336413257017,4336413322757,4336413382637,4336413579149,4336413727189,4336413727217,16,10.222,2.31576,3.20424,0.6574,0.5988,1.96512,1.4804
440,1,0,1e+08,4336414556816,4336415262849,4336416091053,4336416155985,4336416179377,4336416439697,4336416572237,4336416572269,16,20.1545,7.06033,8.28204,0.64932,0.23392,2.6032,1.3254
441,1,0,1e+08,4336417145265,4336417362325,4336417686257,4336417751381,4336417797645,4336417983161,4336418263741,4336418263926,16,11.1866,2.1706,3.23932,0.65124,0.46264,1.85516,2.8058
442,1,0,1e+08,4336419818145,4336420108354,4336420495870,4336420658750,4336420682166,4336421180588,4336421618710,4336421618786,16,18.0064,2.90209,3.87516,1.6288,0.23416,4.98422,4.38122
443,1,0,1e+08,4336422637098,4336422889599,4336423279255,4336423417411,4336423437479,4336423603675,4336423750303,4336423750331,16,11.1323,2.52501,3.89656,1.38156,0.20068,1.66196,1.46628
444,1,0,1e+08,4336424457515,4336424965387,4336426010636,4336426075544,4336426133704,4336426432656,4336426572552,4336426572584,16,21.1507,5.07872,10.4525,0.64908,0.5816,2.98952,1.39896
445,1,0,1e+08,4336427016593,4336427245989,4336427568801,4336427635005,4336427676449,4336427889205,4336428032529,4336428032557,16,10.1596,2.29396,3.22812,0.66204,0.41444,2.12756,1.43324
446,1,0,1e+08,4336428745113,4336429020327,4336429357451,4336429454775,4336429503551,4336430371818,4336430625084,4336430625136,16,18.8002,2.75214,3.37124,0.97324,0.48776,8.68267,2.53266
447,1,0,1e+08,4336431388839,4336431678049,4336432064613,4336432144493,4336432194633,4336432364769,4336432731094,4336432731279,16,13.4244,2.8921,3.86564,0.7988,0.5014,1.70136,3.66325
448,1,0,1e+08,4336434128295,4336434380752,4336434757628,4336434826124,4336434890332,4336435077280,4336435215992,4336435216016,16,10.8772,2.52457,3.76876,0.68496,0.64208,1.86948,1.38712
449,1,0,1e+08,4336435898647,4336436881699,4336437539180,4336437595496,4336437615640,4336437855316,4336437986220,4336437986256,16,20.8761,9.83052,6.57481,0.56316,0.20144,2.39676,1.30904
450,1,0,1e+08,4336438939665,4336439163025,4336439485065,4336439555073,4336439597417,4336439780153,4336439924397,4336439924421,16,9.84756,2.2336,3.2204,0.70008,0.42344,1.82736,1.44244
451,1,0,1e+08,4336440684235,4336441019168,4336441350064,4336441419820,4336441482132,4336441643700,4336441842940,4336441842968,16,11.5873,3.34933,3.30896,0.69756,0.62312,1.61568,1.9924
452,1,0,1e+08,4336442446250,4336443159397,4336443990516,4336444065172,4336444118640,4336444390468,4336444517776,4336444517808,16,20.7156,7.13147,8.31119,0.74656,0.53468,2.71828,1.27308
453,1,0,1e+08,4336445127859,4336445359592,4336445684808,4336445761892,4336445790500,4336445949356,4336446106564,4336446106592,16,9.78733,2.31733,3.25216,0.77084,0.28608,1.58856,1.57208
454,1,0,1e+08,4336446674124,4336447001282,4336447330390,4336447399922,4336447438094,4336447602262,4336447745982,4336447746006,16,10.7188,3.27158,3.29108,0.69532,0.38172,1.64168,1.4372
455,1,0,1e+08,4336448419058,4336449318933,4336449963002,4336450049802,4336450070726,4336450304886,4336450448926,4336450448962,16,20.299,8.99875,6.44069,0.868,0.20924,2.3416,1.4404
456,1,0,1e+08,4336450994929,4336451722842,4336452555065,4336452687741,4336452707065,4336452967249,4336453095845,4336453095873,16,21.0094,7.27913,8.32223,1.32676,0.19324,2.60184,1.28596
457,1,0,1e+08,4336453679265,4336454458888,4336455224046,4336455380898,4336455398830,4336455662162,4336455791746,4336455791782,16,21.1252,7.79623,7.65158,1.56852,0.17932,2.63332,1.29584
458,1,0,1e+08,4336456379703,4336456625000,4336456944568,4336457006440,4336457030016,4336457190784,4336457343704,4336457343728,16,9.64025,2.45297,3.19568,0.61872,0.23576,1.60768,1.5292
459,1,0,1e+08,4336458236338,4336459240001,4336459912918,4336459971966,4336459997502,4336460267354,4336460415422,4336460415454,16,21.7912,10.0366,6.72917,0.59048,0.25536,2.69852,1.48068
460,1,0,1e+08,4336461038531,4336462102598,4336462748803,4336462807471,4336462836511,4336463095235,4336463244651,4336463244679,16,22.0615,10.6407,6.46205,0.58668,0.2904,2.58724,1.49416
461,1,0,1e+08,4336463777697,4336464881108,4336465513093,4336465571617,4336465602497,4336465850157,4336465996889,4336465996921,16,22.1922,11.0341,6.31985,0.58524,0.3088,2.4766,1.46732
462,1,0,1e+08,4336466539717,4336467189247,4336468081162,4336468205818,4336468230558,4336468488362,4336468619130,4336468619158,16,20.7944,6.4953,8.91915,1.24656,0.2474,2.57804,1.30768
463,1,0,1e+08,4336469367428,4336469630330,4336470215081,4336470652136,4336470680500,4336471125226,4336471295942,4336471296078,16,19.2865,2.62902,5.84751,4.37055,0.28364,4.44726,1.70716
464,1,0,1e+08,4336472314335,4336473211832,4336473890114,4336474039222,4336474066630,4336474311658,4336474480174,4336474480202,16,21.6587,8.97497,6.78282,1.49108,0.27408,2.45028,1.68516
465,1,0,1e+08,4336476588520,4336476871718,4336477371106,4336477459934,4336477483802,4336478441344,4336478645521,4336478645585,16,20.5707,2.83198,4.99388,0.88828,0.23868,9.57542,2.04177
466,1,0,1e+08,4336479973488,4336480889798,4336481587433,4336481680181,4336481714041,4336481962885,4336482097521,4336482097549,16,21.2406,9.1631,6.97635,0.92748,0.3386,2.48844,1.34636
467,1,0,1e+08,4336482926458,4336483841705,4336484481353,4336484549437,4336484583025,4336484816869,4336484966221,4336484966253,16,20.398,9.15247,6.39648,0.68084,0.33588,2.33844,1.49352
468,1,0,1e+08,4336485673794,4336486061035,4336486549047,4336486615747,4336486636171,4336486910791,4336487103947,4336487103979,16,14.3018,3.87241,4.88012,0.667,0.20424,2.7462,1.93156
469,1,0,1e+08,4336487476297,4336488512890,4336489201480,4336489294916,4336489330816,4336489573912,4336489711060,4336489711092,16,22.3479,10.3659,6.8859,0.93436,0.359,2.43096,1.37148
470,1,0,1e+08,4336490285468,4336491132864,4336491879886,4336492038686,4336492062530,4336492310786,4336492477946,4336492477974,16,21.9251,8.47396,7.47022,1.588,0.23844,2.48256,1.6716
471,1,0,1e+08,4336494649694,4336494954550,4336496155360,4336496342440,4336496371232,4336496935048,4336497430510,4336497430606,16,27.8091,3.04856,12.0081,1.8708,0.28792,5.63816,4.95462
472,1,0,1e+08,4336497462946,4336497906517,4336498446841,4336498574373,4336498612805,4336498829973,4336498983437,4336498983465,16,15.2052,4.43571,5.40324,1.27532,0.38432,2.17168,1.53464
473,1,0,1e+08,4336499765891,4336500582208,4336501365400,4336501520444,4336501541904,4336501783580,4336501933980,4336501934012,16,21.6812,8.16317,7.83192,1.55044,0.2146,2.41676,1.504
474,1,0,1e+08,4336502522958,4336502810623,4336503287127,4336503355347,4336503373895,4336503580539,4336503786455,4336503786479,16,12.6352,2.87665,4.76504,0.6822,0.18548,2.06644,2.05916
475,1,0,1e+08,4336504297249,4336505382330,4336506012566,4336506087266,4336506118778,4336506343638,4336506478030,4336506478062,16,21.8081,10.8508,6.30236,0.747,0.31512,2.2486,1.34392
476,1,0,1e+08,4336506928575,4336507489608,4336508445254,4336508570526,4336508586518,4336508846986,4336508972114,4336508972142,16,20.4357,5.61033,9.55646,1.25272,0.15992,2.60468,1.25128
477,1,0,1e+08,4336509550768,4336509825240,4336510150544,4336510225992,4336510251324,4336510414280,4336510592864,4336510592892,16,10.4212,2.74472,3.25304,0.75448,0.25332,1.62956,1.78584
478,1,0,1e+08,4336511272722,4336511673835,4336512801721,4336512865521,4336512911129,4336513193437,4336513324885,4336513324917,16,20.522,4.01113,11.2789,0.638,0.45608,2.82308,1.31448
479,1,0,1e+08,4336514030345,4336515013623,4336515658045,4336515712673,4336515731929,4336515986081,4336516113813,4336516113845,16,20.835,9.83278,6.44422,0.54628,0.19256,2.54152,1.27732
480,1,0,1e+08,4336516947402,4336517739872,4336518513092,4336518579060,4336518609460,4336518886668,4336519037380,4336519037412,16,20.9001,7.9247,7.7322,0.65968,0.304,2.77208,1.50712
481,1,0,1e+08,4336519523674,4336520136710,4336521067342,4336521244350,4336521263118,4336521518254,4336521648158,4336521648190,16,21.2452,6.13036,9.30632,1.77008,0.18768,2.55136,1.29904
482,1,0,1e+08,4336522231194,4336522467562,4336522790690,4336522877582,4336522901254,4336523087358,4336523231822,4336523231846,16,10.0065,2.36368,3.23128,0.86892,0.23672,1.86104,1.44464
483,1,0,1e+08,4336523954486,4336524304164,4336524634628,4336524708444,4336524745764,4336524907588,4336525042104,4336525042132,16,10.8765,3.49678,3.30464,0.73816,0.3732,1.61824,1.34516
484,1,0,1e+08,4336525669975,4336526023445,4336527243693,4336527351341,4336527366989,4336527652765,4336527802589,4336527802621,16,21.3265,3.5347,12.2025,1.07648,0.15648,2.85776,1.49824
485,1,0,1e+08,4336528314260,4336528550553,4336528870805,4336528943117,4336528961569,4336529131917,4336529299969,4336529299997,16,9.85737,2.36293,3.20252,0.72312,0.18452,1.70348,1.68052
486,1,0,1e+08,4336530170519,4336530696362,4336531730976,4336531800124,4336531854428,4336532207488,4336532388076,4336532388108,16,22.1759,5.25843,10.3461,0.69148,0.54304,3.5306,1.80588
487,1,0,1e+08,4336532967160,4336533240489,4336533562729,4336533625189,4336533687769,4336534317065,4336534676715,4336534676807,16,17.0965,2.73329,3.2224,0.6246,0.6258,6.29296,3.5965
488,1,0,1e+08,4336535763432,4336535988600,4336536347488,4336536421268,4336536471108,4336536636808,4336536775204,4336536775228,16,10.118,2.25168,3.58888,0.7378,0.4984,1.657,1.38396
489,1,0,1e+08,4336537443234,4336538394916,4336539052341,4336539195497,4336539212305,4336539464553,4336539591693,4336539591725,16,21.4849,9.51682,6.57425,1.43156,0.16808,2.52248,1.2714
490,1,0,1e+08,4336540130238,4336541051752,4336541723393,4336541804073,4336541858809,4336542091933,4336542216137,4336542216169,16,20.8593,9.21514,6.71641,0.8068,0.54736,2.33124,1.24204
491,1,0,1e+08,4336542814440,4336543713801,4336544398620,4336544455256,4336544471140,4336544722108,4336544873156,4336544873188,16,20.5875,8.99361,6.84819,0.56636,0.15884,2.50968,1.51048
492,1,0,1e+08,4336545485517,4336545814903,4336546135207,4336546200467,4336546238051,4336546396499,4336546535687,4336546535711,16,10.5019,3.29386,3.20304,0.6526,0.37584,1.58448,1.39188
493,1,0,1e+08,4336547349952,4336547709090,4336548057462,4336548173114,4336548213366,4336548375078,4336548510474,4336548510502,16,11.6055,3.59138,3.48372,1.15652,0.40252,1.61712,1.35396
494,1,0,1e+08,4336549255831,4336549528592,4336549850616,4336549912380,4336549988536,4336550551166,4336550943902,4336550943974,16,16.8814,2.72761,3.22024,0.61764,0.76156,5.6263,3.92736
495,1,0,1e+08,4336552231594,4336552458186,4336552800030,4336552873230,4336552912246,4336553079342,4336553213586,4336553213614,16,9.8202,2.26592,3.41844,0.732,0.39016,1.67096,1.34244
496,1,0,1e+08,4336553929573,4336554985069,4336555678778,4336555734326,4336555800582,4336556051970,4336556228162,4336556228194,16,22.9862,10.555,6.93709,0.55548,0.66256,2.51388,1.76192
497,1,0,1e+08,4336556888586,4336557947494,4336558583407,4336558713615,4336558734643,4336558964471,4336559097707,4336559097739,16,22.0915,10.5891,6.35913,1.30208,0.21028,2.29828,1.33236
498,1,0,1e+08,4336560713308,4336561072336,4336561538196,4336561615480,4336561649956,4336561849224,4336562029132,4336562029164,16,13.1586,3.59028,4.6586,0.77284,0.34476,1.99268,1.79908
499,1,0,1e+08,4336564380543,4336564665972,4336565932690,4336566019130,4336566058734,4336566358634,4336566499474,4336566499510,16,21.1897,2.85429,12.6672,0.8644,0.39604,2.999,1.4084
500,1,0,1e+08,4336567885469,4336568492642,4336569069842,4336569158914,4336569194770,4336569423454,4336569590254,4336569590282,16,17.0481,6.07173,5.772,0.89072,0.35856,2.28684,1.668
501,1,0,1e+08,4336570458726,4336571420034,4336572063514,4336572133178,4336572165554,4336572401618,4336572557938,4336572557970,16,20.9924,9.61308,6.4348,0.69664,0.32376,2.36064,1.5632
502,1,0,1e+08,4336573879111,4336574504050,4336575088958,4336575180202,4336575225446,4336575447506,4336575646294,4336575646334,16,17.6722,6.24939,5.84908,0.91244,0.45244,2.2206,1.98788
503,1,0,1e+08,4336576538209,4336576823386,4336577240370,4336577307538,4336577328998,4336577541694,4336577713734,4336577713774,16,11.7556,2.85177,4.16984,0.67168,0.2146,2.12696,1.7204
504,1,0,1e+08,4336578300779,4336579031697,4336579808280,4336579945552,4336579967260,4336580218568,4336580340164,4336580340192,16,20.3941,7.30918,7.76583,1.37272,0.21708,2.51308,1.21596
505,1,0,1e+08,4336581029292,4336581324709,4336581775897,4336581837753,4336581861313,4336582074617,4336582282033,4336582282069,16,12.5278,2.95417,4.51188,0.61856,0.2356,2.13304,2.07416
506,1,0,1e+08,4336582760559,4336583078700,4336583477376,4336583549152,4336583574996,4336583785832,4336583962032,4336583962056,16,12.015,3.18141,3.98676,0.71776,0.25844,2.10836,1.762
507,1,0,1e+08,4336584432274,4336584735670,4336585097934,4336585164754,4336585186826,4336585644579,4336586093018,4336586093110,16,16.6084,3.03396,3.62264,0.6682,0.22072,4.57753,4.48439
508,1,0,1e+08,4336587245539,4336587468327,4336587876863,4336587950699,4336587971971,4336588231659,4336588399639,4336588399675,16,11.5414,2.22788,4.08536,0.73836,0.21272,2.59688,1.6798
509,1,0,1e+08,4336589080635,4336589376008,4336589805324,4336589867456,4336589895460,4336590102344,4336590250364,4336590250400,16,11.6977,2.95373,4.29316,0.62132,0.28004,2.06884,1.4802
510,1,0,1e+08,4336590964426,4336591285240,4336591795128,4336591869008,4336591911876,4336592216876,4336592436180,4336592436208,16,14.7178,3.20814,5.09888,0.7388,0.42868,3.05,2.19304
511,1,0,1e+08,4336592707404,4336593071778,4336594197230,4336594265470,4336594282218,4336594561590,4336594707270,4336594707310,16,19.9991,3.64374,11.2545,0.6824,0.16748,2.79372,1.4568
512,1,0,1e+08,4336595400851,4336595644551,4336595966763,4336596038247,4336596068363,4336596227107,4336596365283,4336596365307,16,9.64456,2.437,3.22212,0.71484,0.30116,1.58744,1.38176
513,1,0,1e+08,4336597015854,4336597333267,4336597660635,4336597757319,4336597800355,4336598614503,4336598885610,4336598885678,16,18.6982,3.17413,3.27368,0.96684,0.43036,8.14148,2.71107
514,1,0,1e+08,4336599897568,4336600164888,4336600527904,4336600609140,4336600659428,4336600824836,4336601003216,4336601003240,16,11.0567,2.6732,3.63016,0.81236,0.50288,1.65408,1.7838
515,1,0,1e+08,4336601723868,4336602030825,4336602358201,4336602428285,4336602490253,4336603110211,4336603474388,4336603474480,16,17.5061,3.06957,3.27376,0.70084,0.61968,6.19958,3.64177
516,1,0,1e+08,4336604624682,4336604863356,4336605209536,4336605276820,4336605300768,4336605460828,4336605601580,4336605601604,16,9.76922,2.38674,3.4618,0.67284,0.23948,1.6006,1.40752
517,1,0,1e+08,4336606270489,4336606644118,4336606973126,4336607035522,4336607095050,4336607776163,4336608111178,4336608111270,16,18.4078,3.73629,3.29008,0.62396,0.59528,6.81113,3.35015
518,1,0,1e+08,4336608830918,4336609145290,4336609574518,4336609647910,4336609691234,4336609891378,4336610046582,4336610046610,16,12.1569,3.14372,4.29228,0.73392,0.43324,2.00144,1.55204
519,1,0,1e+08,4336610618621,4336611593830,4336612251152,4336612306932,4336612335704,4336612585480,4336612732944,4336612732976,16,21.1436,9.75209,6.57322,0.5578,0.28772,2.49776,1.47464
520,1,0,1e+08,4336613205557,4336614113872,4336614800350,4336614858350,4336614879418,4336615125030,4336615246850,4336615246878,16,20.4132,9.08315,6.86478,0.58,0.21068,2.45612,1.2182
521,1,0,1e+08,4336615798223,4336616303929,4336617337706,4336617483226,4336617499706,4336617777890,4336617908630,4336617908670,16,21.1045,5.05706,10.3378,1.4552,0.1648,2.78184,1.3074
522,1,0,1e+08,4336618572689,4336619312636,4336620165741,4336620317989,4336620335637,4336620588801,4336620717925,4336620717957,16,21.4527,7.39947,8.53105,1.52248,0.17648,2.53164,1.29124
523,1,0,1e+08,4336621298392,4336621544493,4336621863749,4336621934649,4336621979705,4336622191449,4336622334329,4336622334357,16,10.3597,2.46101,3.19256,0.709,0.45056,2.11744,1.4288
524,1,0,1e+08,4336623142738,4336623493375,4336623821383,4336623887387,4336623915675,4336624074935,4336624235811,4336624235835,16,10.931,3.50637,3.28008,0.66004,0.28288,1.5926,1.60876
525,1,0,1e+08,4336624752716,4336625094552,4336625418712,4336625495136,4336625541180,4336625700900,4336625882832,4336625882860,16,11.3014,3.41836,3.2416,0.76424,0.46044,1.5972,1.81932
526,1,0,1e+08,4336626567531,4336626909679,4336627236151,4336627302403,4336627324631,4336627480739,4336627623367,4336627623395,16,10.5586,3.42148,3.26472,0.66252,0.22228,1.56108,1.42628
527,1,0,1e+08,4336628259644,4336629093698,4336629961080,4336630110572,4336630127216,4336630397036,4336630546152,4336630546248,16,22.866,8.34054,8.67382,1.49492,0.16644,2.6982,1.49116
528,1,0,1e+08,4336631074061,4336631335403,4336631654535,4336631721847,4336631743655,4336631906231,4336632071963,4336632071987,16,9.97926,2.61342,3.19132,0.67312,0.21808,1.62576,1.65732
529,1,0,1e+08,4336633060425,4336633950854,4336634671772,4336634738976,4336634788352,4336635037716,4336635181232,4336635181268,16,21.2084,8.90429,7.20918,0.67204,0.49376,2.49364,1.43516
530,1,0,1e+08,4336635812653,4336636589334,4336637462506,4336637527038,4336637549790,4336637816566,4336637950990,4336637951022,16,21.3837,7.76681,8.73172,0.64532,0.22752,2.66776,1.34424
531,1,0,1e+08,4336638533398,4336638763226,4336639085630,4336639147390,4336639193070,4336639385238,4336639520030,4336639520058,16,9.8666,2.29828,3.22404,0.6176,0.4568,1.92168,1.34792
532,1,0,1e+08,4336640253987,4336640552503,4336640878519,4336640944339,4336640988139,4336641404971,4336641865394,4336641865470,16,16.1148,2.98516,3.26016,0.6582,0.438,4.16832,4.60423
533,1,0,1e+08,4336643012128,4336643275936,4336643623816,4336643689924,4336643741864,4336643910792,4336644044600,4336644044628,16,10.325,2.63808,3.4788,0.66108,0.5194,1.68928,1.33808
534,1,0,1e+08,4336644775754,4336644985958,4336645304954,4336645371626,4336645412154,4336645593102,4336645733714,4336645733738,16,9.57984,2.10204,3.18996,0.66672,0.40528,1.80948,1.40612
535,1,0,1e+08,4336646455278,4336646753573,4336647076009,4336647143265,4336647184477,4336647341717,4336647482365,4336647482393,16,10.2712,2.98295,3.22436,0.67256,0.41212,1.5724,1.40648
536,1,0,1e+08,4336648413060,4336649117938,4336649984710,4336650051306,4336650086294,4336650348394,4336650473734,4336650473762,16,20.607,7.04878,8.66772,0.66596,0.34988,2.621,1.2534
537,1,0,1e+08,4336651063438,4336651283602,4336651604314,4336651673890,4336651719282,4336651902986,4336652038502,4336652038534,16,9.75096,2.20164,3.20712,0.69576,0.45392,1.83704,1.35516
538,1,0,1e+08,4336652912891,4336653165175,4336653486419,4336653551327,4336653593235,4336654122342,4336654549225,4336654549281,16,16.3639,2.52284,3.21244,0.64908,0.41908,5.29107,4.26883
539,1,0,1e+08,4336655627298,4336655877610,4336656236934,4336656306362,4336656347890,4336656505234,4336656645614,4336656645642,16,10.1834,2.50312,3.59324,0.69428,0.41528,1.57344,1.4038
540,1,0,1e+08,4336657866525,4336658208918,4336658532410,4336658600278,4336658648330,4336659408363,4336659674116,4336659674172,16,18.0765,3.42393,3.23492,0.67868,0.48052,7.60033,2.65753
541,1,0,1e+08,4336660616426,4336660884682,4336661244002,4336661319550,4336661393486,4336662008084,4336662364932,4336662365000,16,17.4857,2.68256,3.5932,0.75548,0.73936,6.14598,3.56848
542,1,0,1e+08,4336663360405,4336663715601,4336664084097,4336664161593,4336664202817,4336664375517,4336664514593,4336664514617,16,11.5421,3.55196,3.68496,0.77496,0.41224,1.727,1.39076
543,1,0,1e+08,4336665138438,4336665453706,4336665823850,4336665890878,4336665960378,4336666148570,4336666326018,4336666326050,16,11.8761,3.15268,3.70144,0.67028,0.695,1.88192,1.77448
544,1,0,1e+08,4336666884583,4336667239208,4336667600404,4336667662132,4336667690416,4336667876312,4336668044568,4336668044592,16,11.6001,3.54625,3.61196,0.61728,0.28284,1.85896,1.68256
545,1,0,1e+08,4336668559516,4336669369876,4336670184870,4336670331834,4336670350250,4336670625226,4336670760866,4336670760902,16,22.0139,8.1036,8.14994,1.46964,0.18416,2.74976,1.3564
546,1,0,1e+08,4336671320789,4336671561581,4336671956337,4336672032937,4336672119709,4336672321977,4336672481949,4336672481977,16,11.6119,2.40792,3.94756,0.766,0.86772,2.02268,1.59972
547,1,0,1e+08,4336673075335,4336674053644,4336674722334,4336674777654,4336674802462,4336675045574,4336675189606,4336675189638,16,21.143,9.78309,6.6869,0.5532,0.24808,2.43112,1.44032
548,1,0,1e+08,4336675697061,4336676442032,4336677343781,4336677475245,4336677492617,4336677753941,4336677878697,4336677878729,16,21.8167,7.44971,9.01749,1.31464,0.17372,2.61324,1.24756
549,1,0,1e+08,4336678435876,4336678656105,4336678994217,4336679119961,4336679162941,4336679341029,4336679491425,4336679491457,16,10.5558,2.20229,3.38112,1.25744,0.4298,1.78088,1.50396
550,1,0,1e+08,4336680450515,4336680684475,4336681001371,4336681065695,4336681110567,4336681290911,4336681427363,4336681427383,16,9.76868,2.3396,3.16896,0.64324,0.44872,1.80344,1.36452
551,1,0,1e+08,4336682111631,4336682402035,4336682734335,4336682810743,4336682856947,4336683014387,4336683152331,4336683152359,16,10.4073,2.90404,3.323,0.76408,0.46204,1.5744,1.37944
552,1,0,1e+08,4336683745453,4336684423440,4336685294857,4336685431517,4336685449205,4336685699553,4336685821641,4336685821669,16,20.7622,6.77987,8.71417,1.3666,0.17688,2.50348,1.22088
553,1,0,1e+08,4336686527603,4336687274648,4336688037381,4336688111581,4336688132597,4336688435025,4336688570253,4336688570285,16,20.4268,7.47045,7.62733,0.742,0.21016,3.02428,1.35228
554,1,0,1e+08,4336689174943,4336689891953,4336690714419,4336690777555,4336690792615,4336691103903,4336691235895,4336691235927,16,20.6098,7.1701,8.22466,0.63136,0.1506,3.11288,1.31992
555,1,0,1e+08,4336691875846,4336692663933,4336693482538,4336693542230,4336693561002,4336693841902,4336693976534,4336693976570,16,21.0072,7.88087,8.18605,0.59692,0.18772,2.809,1.34632
556,1,0,1e+08,4336694617026,4336694869268,4336695190304,4336695283028,4336695299884,4336695462036,4336695602036,4336695602060,16,9.85034,2.52242,3.21036,0.92724,0.16856,1.62152,1.4
557,1,0,1e+08,4336696414699,4336696984276,4336698005736,4336698138688,4336698155720,4336698429604,4336698559800,4336698559836,16,21.4514,5.69577,10.2146,1.32952,0.17032,2.73884,1.30196
558,1,0,1e+08,4336699281906,4336699566246,4336699888306,4336699952498,4336700001650,4336700180990,4336700317570,4336700317594,16,10.3569,2.8434,3.2206,0.64192,0.49152,1.7934,1.3658
559,1,0,1e+08,4336701063685,4336701799998,4336702669188,4336702734740,4336702811952,4336703095796,4336703227252,4336703227296,16,21.6361,7.36313,8.6919,0.65552,0.77212,2.83844,1.31456
560,1,0,1e+08,4336704019830,4336704267494,4336704588374,4336704653510,4336704689538,4336704853602,4336704989826,4336704989850,16,9.7002,2.47664,3.2088,0.65136,0.36028,1.64064,1.36224
561,1,0,1e+08,4336705694574,4336706026851,4336706349799,4336706423863,4336706481691,4336706640399,4336706777143,4336706777175,16,10.826,3.32277,3.22948,0.74064,0.57828,1.58708,1.36744
562,1,0,1e+08,4336707476940,4336707817984,4336708144740,4336708206064,4336708250432,4336708419712,4336708559388,4336708559412,16,10.8247,3.41044,3.26756,0.61324,0.44368,1.6928,1.39676
563,1,0,1e+08,4336709160599,4336709514054,4336709837366,4336709917226,4336709960466,4336710143654,4336710314206,4336710314234,16,11.5364,3.53455,3.23312,0.7986,0.4324,1.83188,1.70552
564,1,0,1e+08,4336711030699,4336711998029,4336712647894,4336712704746,4336712733414,4336712972142,4336713091906,4336713091934,16,20.6124,9.6733,6.49865,0.56852,0.28668,2.38728,1.19764
565,1,0,1e+08,4336713746384,4336714743534,4336715424009,4336715479169,4336715508269,4336715750833,4336715876761,4336715876793,16,21.3041,9.9715,6.80475,0.5516,0.291,2.42564,1.25928
566,1,0,1e+08,4336716548916,4336717483140,4336718146013,4336718201773,4336718230513,4336718481917,4336718618061,4336718618089,16,20.6917,9.34224,6.62873,0.5576,0.2874,2.51404,1.36144
567,1,0,1e+08,4336719090983,4336719772472,4336720683144,4336720829284,4336720849144,4336721108608,4336721237020,4336721237056,16,21.4607,6.81489,9.10672,1.4614,0.1986,2.59464,1.28412
568,1,0,1e+08,4336721810877,4336722596745,4336723340248,4336723506036,4336723524508,4336723772964,4336723892068,4336723892096,16,20.8122,7.85868,7.43503,1.65788,0.18472,2.48456,1.19104
569,1,0,1e+08,4336724604198,4336724926563,4336725252039,4336725314007,4336725349459,4336725507475,4336725675855,4336725675879,16,10.7168,3.22365,3.25476,0.61968,0.35452,1.58016,1.6838
570,1,0,1e+08,4336726648677,4336727228900,4336728170960,4336728244912,4336728277564,4336728540528,4336728668808,4336728668836,16,20.2016,5.80223,9.4206,0.73952,0.32652,2.62964,1.2828
571,1,0,1e+08,4336729413694,4336730089259,4336730912716,4336730986920,4336731036184,4336731297388,4336731426908,4336731426944,16,20.1325,6.75565,8.23457,0.74204,0.49264,2.61204,1.2952
572,1,0,1e+08,4336732074938,4336733091318,4336733745386,4336733813370,4336733854846,4336734089042,4336734208702,4336734208730,16,21.3379,10.1638,6.54068,0.67984,0.41476,2.34196,1.1966
573,1,0,1e+08,4336734843126,4336735754726,4336736486208,4336736547536,4336736609412,4336736856864,4336736981928,4336736981964,16,21.3884,9.116,7.31482,0.61328,0.61876,2.47452,1.25064
574,1,0,1e+08,4336737625546,4336738459584,4336739179654,4336739312462,4336739330142,4336739573682,4336739698974,4336739699002,16,20.7346,8.34038,7.2007,1.32808,0.1768,2.4354,1.25292
575,1,0,1e+08,4336740450995,4336741126535,4336741997554,4336742102762,4336742118630,4336742375342,4336742502806,4336742502842,16,20.5185,6.7554,8.71019,1.05208,0.15868,2.56712,1.27464
576,1,0,1e+08,4336743261746,4336743549962,4336743871998,4336743947270,4336743969710,4336744129382,4336744273010,4336744273034,16,10.1129,2.88216,3.22036,0.75272,0.2244,1.59672,1.43628
577,1,0,1e+08,4336745060525,4336745343709,4336745667201,4336745732853,4336745792773,4336746405642,4336746774313,4336746774405,16,17.1388,2.83184,3.23492,0.65652,0.5992,6.12869,3.68671
578,1,0,1e+08,4336748067494,4336748311487,4336748656935,4336748726863,4336748800179,4336748960391,4336749110359,4336749110383,16,10.4289,2.43993,3.45448,0.69928,0.73316,1.60212,1.49968
579,1,0,1e+08,4336749776965,4336750432299,4336751423581,4336751531145,4336751546981,4336751816237,4336751948693,4336751948729,16,21.7176,6.55334,9.91282,1.07564,0.15836,2.69256,1.32456
580,1,0,1e+08,4336752637084,4336752881773,4336753201541,4336753267045,4336753310777,4336753469829,4336753608265,4336753608289,16,9.71205,2.44689,3.19768,0.65504,0.43732,1.59052,1.38436
581,1,0,1e+08,4336754441106,4336754689054,4336755017346,4336755087374,4336755127602,4336755320157,4336755877704,4336755877796,16,14.3669,2.47948,3.28292,0.70028,0.40228,1.92555,5.57547
582,1,0,1e+08,4336757145586,4336757373654,4336757738078,4336757806418,4336757867282,4336758051466,4336758193634,4336758193662,16,10.4808,2.28068,3.64424,0.6834,0.60864,1.84184,1.42168
583,1,0,1e+08,4336758890486,4336759832874,4336760516736,4336760651944,4336760669672,4336760904000,4336761029736,4336761029768,16,21.3928,9.42388,6.83862,1.35208,0.17728,2.34328,1.25736
584,1,0,1e+08,4336761597094,4336762282771,4336763162036,4336763252944,4336763281448,4336763591492,4336763719520,4336763719548,16,21.2245,6.85677,8.79265,0.90908,0.28504,3.10044,1.28028
585,1,0,1e+08,4336764450389,4336764891846,4336766009596,4336766073720,4336766106400,4336766421244,4336766552388,4336766552424,16,21.0204,4.41457,11.1775,0.64124,0.3268,3.14844,1.31144
586,1,0,1e+08,4336767215336,4336767840881,4336768775508,4336768844516,4336768878364,4336769198300,4336769358068,4336769358096,16,21.4276,6.25545,9.34627,0.69008,0.33848,3.19936,1.59768
587,1,0,1e+08,4336770234995,4336771267793,4336771900145,4336771979905,4336772014069,4336772248233,4336772410537,4336772410569,16,21.7557,10.328,6.32352,0.7976,0.34164,2.34164,1.62304
588,1,0,1e+08,4336772930497,4336773947485,4336774579806,4336774663750,4336774701962,4336774934022,4336775057770,4336775057798,16,21.273,10.1699,6.32321,0.83944,0.38212,2.3206,1.23748
589,1,0,1e+08,4336775812063,4336776793110,4336777416206,4336777486850,4336777521574,4336777751306,4336777896718,4336777896750,16,20.8469,9.81047,6.23096,0.70644,0.34724,2.29732,1.45412
590,1,0,1e+08,4336778545717,4336779501409,4336780164886,4336780305602,4336780326630,4336780556570,4336780683950,4336780683978,16,21.3826,9.55692,6.63477,1.40716,0.21028,2.2994,1.2738
591,1,0,1e+08,4336781363216,4336782327442,4336783009012,4336783123320,4336783142488,4336783391388,4336783522880,4336783523016,16,21.598,9.64226,6.8157,1.14308,0.19168,2.489,1.31492
592,1,0,1e+08,4336784259497,4336785143497,4336785865485,4336785992053,4336786012565,4336786265869,4336786393717,4336786393745,16,21.3425,8.84,7.21988,1.26568,0.20512,2.53304,1.27848
593,1,0,1e+08,4336786993419,4336787895611,4336788648986,4336788761146,4336788780666,4336789033878,4336789166610,4336789166642,16,21.7322,9.02192,7.53375,1.1216,0.1952,2.53212,1.32732
594,1,0,1e+08,4336790119796,4336791291328,4336792698713,4336792803441,4336792826789,4336793226693,4336793434673,4336793434713,16,33.1492,11.7153,14.0739,1.04728,0.23348,3.99904,2.0798
595,1,0,1e+08,4336793479009,4336793812545,4336794323285,4336794456881,4336794488529,4336794795893,4336794967001,4336794967041,16,14.8803,3.33536,5.1074,1.33596,0.31648,3.07364,1.71108
596,1,0,1e+08,4336795002505,4336795262205,4336795762445,4336795840681,4336795859177,4336796109517,4336796249305,4336796249341,16,12.4684,2.597,5.0024,0.78236,0.18496,2.5034,1.39788
597,1,0,1e+08,4336796283177,4336796563965,4336797040333,4336797111917,4336797134501,4336797403909,4336797614673,4336797614713,16,13.3154,2.80788,4.76368,0.71584,0.22584,2.69408,2.10764
598,1,0,1e+08,4336798052208,4336798320264,4336798791836,4336798866008,4336798898208,4336799144164,4336799304008,4336799304040,16,12.5183,2.68056,4.71572,0.74172,0.322,2.45956,1.59844
599,1,0,1e+08,4336799824261,4336800095739,4336800587359,4336800683175,4336800724779,4336801042127,4336801213551,4336801213599,16,13.8934,2.71478,4.9162,0.95816,0.41604,3.17348,1.71424
600,1,0,1e+08,4336801967180,4336802276616,4336802750376,4336802831392,4336802850600,4336803090644,4336803243748,4336803243780,16,12.766,3.09436,4.7376,0.81016,0.19208,2.40044,1.53104
601,1,0,1e+08,4336804070580,4336805144254,4336805779526,4336805842066,4336805858598,4336806095510,4336806223314,4336806223350,16,21.5277,10.7367,6.35272,0.6254,0.16532,2.36912,1.27804
602,1,0,1e+08,4336806898754,4336807259847,4336807857895,4336807933371,4336807956791,4336808326419,4336808507651,4336808507683,16,16.0893,3.61093,5.98048,0.75476,0.2342,3.69628,1.81232
603,1,0,1e+08,4336808731447,4336809303871,4336810267733,4336810426293,4336810445953,4336810708933,4336810842841,4336810842877,16,21.1143,5.72424,9.63862,1.5856,0.1966,2.6298,1.33908
604,1,0,1e+08,4336811628421,4336812021155,4336812682836,4336812766828,4336812792752,4336813098236,4336813305540,4336813305580,16,16.7716,3.92734,6.61681,0.83992,0.25924,3.05484,2.07304
605,1,0,1e+08,4336813529664,4336813818356,4336814329788,4336814404760,4336814449984,4336815353994,4336815585301,4336815585365,16,20.557,2.88692,5.11432,0.74972,0.45224,9.0401,2.31307
606,1,0,1e+08,4336816576212,4336816862277,4336817737305,4336817908936,4336817957502,4336818693971,4336818915187,4336818915235,16,23.3902,2.86065,8.75028,1.71631,0.48566,7.36469,2.21216
607,1,0,1e+08,4336818951456,4336819454504,4336820127772,4336820203836,4336820226292,4336820523788,4336820690080,4336820690128,16,17.3867,5.03048,6.73268,0.76064,0.22456,2.97496,1.66292
608,1,0,1e+08,4336820725788,4336821028168,4336821540096,4336821608804,4336821635952,4336821848216,4336822021932,4336822021956,16,12.9617,3.0238,5.11928,0.68708,0.27148,2.12264,1.73716
609,1,0,1e+08,4336822392417,4336823531352,4336824148313,4336824213101,4336824247365,4336824483769,4336824649517,4336824649545,16,22.5713,11.3894,6.16961,0.64788,0.34264,2.36404,1.65748
610,1,0,1e+08,4336825203745,4336825563604,4336826775072,4336826921012,4336826938464,4336827208276,4336827343580,4336827343612,16,21.3987,3.59859,12.1147,1.4594,0.17452,2.69812,1.35304
611,1,0,1e+08,4336827988874,4336828902326,4336829606821,4336829774953,4336829802181,4336830054841,4336830205629,4336830205661,16,22.1679,9.13452,7.04495,1.68132,0.27228,2.5266,1.50788
612,1,0,1e+08,4336831920711,4336832242956,4336832672508,4336832762724,4336832787396,4336833555745,4336833807365,4336833807417,16,18.8671,3.22245,4.29552,0.90216,0.24672,7.68349,2.5162
613,1,0,1e+08,4336835411064,4336836400408,4336837055832,4336837133432,4336837168300,4336837406752,4336837548080,4336837548112,16,21.3705,9.89344,6.55424,0.776,0.34868,2.38452,1.41328
614,1,0,1e+08,4336838864252,4336839294124,4336839790172,4336839885500,4336839926364,4336840763539,4336840995437,4336840995489,16,21.3124,4.29872,4.96048,0.95328,0.40864,8.37175,2.31898
615,1,0,1e+08,4336842302567,4336843124466,4336843864091,4336843948063,4336843979379,4336844248863,4336844415983,4336844416015,16,21.1345,8.21899,7.39625,0.83972,0.31316,2.69484,1.6712
616,1,0,1e+08,4336845283236,4336845981327,4336846881898,4336846950302,4336846973650,4336847253802,4336847431422,4336847431450,16,21.4821,6.98091,9.00571,0.68404,0.23348,2.80152,1.7762
617,1,0,1e+08,4336848244669,4336849212836,4336849906938,4336849982910,4336850016710,4336850263074,4336850412242,4336850412274,16,21.6761,9.68167,6.94102,0.75972,0.338,2.46364,1.49168
618,1,0,1e+08,4336851196054,4336852009484,4336852759686,4336852834862,4336852886358,4336853154382,4336853292954,4336853292982,16,20.9693,8.1343,7.50202,0.75176,0.51496,2.68024,1.38572
619,1,0,1e+08,4336854145298,4336855169824,4336855800156,4336855863692,4336855897100,4336856129640,4336856264620,4336856264652,16,21.1935,10.2453,6.30332,0.63536,0.33408,2.3254,1.3498
620,1,0,1e+08,4336856907827,4336857278111,4336857884972,4336857975796,4336858002872,4336858227356,4336858409960,4336858409988,16,15.0216,3.70284,6.06861,0.90824,0.27076,2.24484,1.82604
621,1,0,1e+08,4336858811889,4336859733664,4336860429338,4336860599602,4336860624950,4336860853246,4336861000138,4336861000170,16,21.8828,9.21775,6.95674,1.70264,0.25348,2.28296,1.46892
622,1,0,1e+08,4336861738442,4336862732010,4336863395709,4336863589865,4336863613801,4336863836949,4336864011509,4336864011537,16,22.7309,9.93568,6.63699,1.94156,0.23936,2.23148,1.7456
623,1,0,1e+08,4336864968346,4336865911144,4336866623609,4336866782485,4336866807193,4336867054757,4336867201293,4336867201325,16,22.3298,9.42798,7.12465,1.58876,0.24708,2.47564,1.46536
624,1,0,1e+08,4336868011547,4336869017988,4336869689273,4336869889397,4336869916153,4336870142741,4336870291545,4336870291569,16,22.8002,10.0644,6.71285,2.00124,0.26756,2.26588,1.48804
625,1,0,1e+08,4336871061600,4336871942496,4336872673686,4336872854990,4336872874330,4336873110510,4336873240542,4336873240578,16,21.7898,8.80896,7.3119,1.81304,0.1934,2.3618,1.30032
626,1,0,1e+08,4336873972493,4336874776849,4336875553102,4336875693982,4336875717850,4336875961766,4336876092894,4336876092922,16,21.2043,8.04356,7.76253,1.4088,0.23868,2.43916,1.31128
627,1,0,1e+08,4336876791121,4336877662742,4336878381281,4336878471573,4336878512113,4336878796685,4336878944709,4336878944745,16,21.5362,8.71621,7.18539,0.90292,0.4054,2.84572,1.48024
628,1,0,1e+08,4336879565829,4336880372505,4336881129032,4336881205888,4336881233524,4336881490232,4336881658012,4336881658040,16,20.9221,8.06676,7.56527,0.76856,0.27636,2.56708,1.6778
629,1,0,1e+08,4336882613761,4336883337392,4336884210688,4336884283928,4336884327784,4336884597608,4336884774768,4336884774804,16,21.6104,7.23631,8.73296,0.7324,0.43856,2.69824,1.7716
630,1,0,1e+08,4336886120118,4336887163325,4336887812998,4336887914878,4336887958458,4336888254758,4336888411954,4336888411982,16,22.9186,10.4321,6.49673,1.0188,0.4358,2.963,1.57196
631,1,0,1e+08,4336889313277,4336890016464,4336890902876,4336891010940,4336891056576,4336891346428,4336891495348,4336891495384,16,21.8211,7.03187,8.86412,1.08064,0.45636,2.89852,1.4892
632,1,0,1e+08,4336892378516,4336893242896,4336893977402,4336894067398,4336894092622,4336894400874,4336894556614,4336894556638,16,21.7812,8.6438,7.34506,0.89996,0.25224,3.08252,1.5574
633,1,0,1e+08,4336895094268,4336896084624,4336896748789,4336896818893,4336896837077,4336897082137,4336897235885,4336897235921,16,21.4165,9.90356,6.64165,0.70104,0.18184,2.4506,1.53748
634,1,0,1e+08,4336897937679,4336898950098,4336899589449,4336899658101,4336899676549,4336899910177,4336900031465,4336900031493,16,20.9381,10.1242,6.39351,0.68652,0.18448,2.33628,1.21288
635,1,0,1e+08,4336900738733,4336901376404,4336902286237,4336902360405,4336902409269,4336902682185,4336902812869,4336902812905,16,20.7417,6.37671,9.09833,0.74168,0.48864,2.72916,1.30684
636,1,0,1e+08,4336903574536,4336904566001,4336905194341,4336905263765,4336905307129,4336905549365,4336905701561,4336905701589,16,21.2705,9.91465,6.2834,0.69424,0.43364,2.42236,1.52196
637,1,0,1e+08,4336906264389,4336907108308,4336907856977,4336907941345,4336908007857,4336908256845,4336908395401,4336908395433,16,21.3104,8.43919,7.48669,0.84368,0.66512,2.48988,1.38556
638,1,0,1e+08,4336908894924,4336909802640,4336910501733,4336910646289,4336910667441,4336910901341,4336911034433,4336911034461,16,21.3954,9.07716,6.99093,1.44556,0.21152,2.339,1.33092
639,1,0,1e+08,4336911629537,4336912652585,4336913293127,4336913434759,4336913452451,4336913686419,4336913822555,4336913822587,16,21.9305,10.2305,6.40542,1.41632,0.17692,2.33968,1.36136
640,1,0,1e+08,4336914329628,4336915306054,4336915961006,4336916051186,4336916090110,4336916348242,4336916469710,4336916469738,16,21.4011,9.76426,6.54952,0.9018,0.38924,2.58132,1.21468
641,1,0,1e+08,4336917112503,4336918109130,4336918761760,4336918839612,4336918865600,4336919120412,4336919297544,4336919297576,16,21.8507,9.96627,6.5263,0.77852,0.25988,2.54812,1.77132
642,1,0,1e+08,4336919982388,4336920812365,4336921558764,4336921627608,4336921668716,4336921925432,4336922053712,4336922053740,16,20.7135,8.29977,7.46399,0.68844,0.41108,2.56716,1.2828
643,1,0,1e+08,4336922802258,4336923715992,4336924408692,4336924475372,4336924520736,4336924764848,4336924892316,4336924892348,16,20.9009,9.13734,6.927,0.6668,0.45364,2.44112,1.27468
644,1,0,1e+08,4336925552220,4336925948851,4336927019126,4336927084426,4336927131346,4336927410570,4336927536870,4336927536902,16,19.8468,3.96631,10.7027,0.653,0.4692,2.79224,1.263
645,1,0,1e+08,4336928259826,4336929253872,4336929935433,4336929995837,4336930021473,4336930262749,4336930389941,4336930389977,16,21.3015,9.94046,6.81561,0.60404,0.25636,2.41276,1.27192
646,1,0,1e+08,4336930951546,4336931935920,4336932580752,4336932715064,4336932732512,4336932987796,4336933144260,4336933144284,16,21.9274,9.84374,6.44832,1.34312,0.17448,2.55284,1.56464
647,1,0,1e+08,4336933472404,4336934286604,4336935049142,4336935194254,4336935215306,4336935458170,4336935586162,4336935586194,16,21.1379,8.142,7.62538,1.45112,0.21052,2.42864,1.27992
648,1,0,1e+08,4336936271845,4336937045689,4336937828032,4336937957600,4336937996632,4336938254384,4336938377228,4336938377256,16,21.0541,7.73844,7.82343,1.29568,0.39032,2.57752,1.22844
649,1,0,1e+08,4336939025495,4336939864682,4336940584382,4336940652518,4336940670766,4336940937518,4336941082546,4336941082578,16,20.5708,8.39187,7.197,0.68136,0.18248,2.66752,1.45028
650,1,0,1e+08,4336941741970,4336942736198,4336943380406,4336943448570,4336943470154,4336943713082,4336943836066,4336943836094,16,20.9412,9.94228,6.44208,0.68164,0.21584,2.42928,1.22984
651,1,0,1e+08,4336944566274,4336945390916,4336946149857,4336946213933,4336946257985,4336946526965,4336946675769,4336946675805,16,21.0953,8.24642,7.58941,0.64076,0.44052,2.6898,1.48804
652,1,0,1e+08,4336947108724,4336948025028,4336948709460,4336948779412,4336948819136,4336949061384,4336949181104,4336949181132,16,20.7241,9.16304,6.84432,0.69952,0.39724,2.42248,1.1972
653,1,0,1e+08,4336949805091,4336950600525,4336951354581,4336951473645,4336951491949,4336951739465,4336951866489,4336951866521,16,20.6143,7.95434,7.54056,1.19064,0.18304,2.47516,1.27024
654,1,0,1e+08,4336952473525,4336952766365,4336953254109,4336953338325,4336953365237,4336954310293,4336954512577,4336954512629,16,20.391,2.9284,4.87744,0.84216,0.26912,9.45056,2.02284
655,1,0,1e+08,4336955226486,4336955485766,4336955884102,4336955970978,4336955995646,4336956272930,4336956467010,4336956467150,16,12.4066,2.5928,3.98336,0.86876,0.24668,2.77284,1.9408
656,1,0,1e+08,4336957066196,4336957888232,4336958639629,4336958704065,4336958747069,4336959004701,4336959129413,4336959129441,16,20.6324,8.22036,7.51397,0.64436,0.43004,2.57632,1.24712
657,1,0,1e+08,4336959783481,4336960168354,4336960746918,4336960814038,4336960855582,4336961102262,4336961268258,4336961268294,16,14.8481,3.84873,5.78564,0.6712,0.41544,2.4668,1.65996
658,1,0,1e+08,4336961560083,4336962384594,4336963145541,4336963268381,4336963288769,4336963535129,4336963664965,4336963664993,16,21.0491,8.24511,7.60947,1.2284,0.20388,2.4636,1.29836
659,1,0,1e+08,4336964247965,4336965240545,4336965886154,4336965973390,4336966024926,4336966263966,4336966397574,4336966397610,16,21.4964,9.9258,6.45609,0.87236,0.51536,2.3904,1.33608
660,1,0,1e+08,4336967399839,4336968169148,4336968935193,4336969022705,4336969061765,4336969359449,4336969486721,4336969486749,16,20.8691,7.69309,7.66045,0.87512,0.3906,2.97684,1.27272
661,1,0,1e+08,4336970141483,4336970934312,4336971728984,4336971793900,4336971817432,4336972090908,4336972234836,4336972234872,16,20.9339,7.92829,7.94672,0.64916,0.23532,2.73476,1.43928
662,1,0,1e+08,4336972859092,4336973725120,4336974465770,4336974528482,4336974562714,4336974824846,4336974953430,4336974953458,16,20.9437,8.66028,7.4065,0.62712,0.34232,2.62132,1.28584
663,1,0,1e+08,4336975597779,4336975905010,4336977162257,4336977228821,4336977263101,4336977554489,4336977688549,4336977688589,16,20.9081,3.07231,12.5725,0.66564,0.3428,2.91388,1.3406
664,1,0,1e+08,4336978663330,4336979476064,4336980236236,4336980305556,4336980341480,4336980597632,4336980739832,4336980739864,16,20.7653,8.12734,7.60172,0.6932,0.35924,2.56152,1.422
665,1,0,1e+08,4336981713614,4336982702285,4336983343485,4336983456033,4336983507137,4336983756485,4336983928497,4336983928525,16,22.1491,9.88671,6.412,1.12548,0.51104,2.49348,1.72012
666,1,0,1e+08,4336984847327,4336985451562,4336986382809,4336986460593,4336986496657,4336986758245,4336986890349,4336986890377,16,20.4305,6.04235,9.31247,0.77784,0.36064,2.61588,1.32104
667,1,0,1e+08,4336987613996,4336988737809,4336989354409,4336989414093,4336989441541,4336989667241,4336989808405,4336989808437,16,21.9444,11.2381,6.166,0.59684,0.27448,2.257,1.41164
668,1,0,1e+08,4336990331053,4336991317824,4336991962680,4336992067800,4336992084712,4336992316072,4336992435360,4336992435388,16,21.0434,9.86771,6.44856,1.0512,0.16912,2.3136,1.19288
669,1,0,1e+08,4336993102346,4336994079565,4336994744635,4336994883431,4336994911071,4336995141095,4336995266355,4336995266391,16,21.6404,9.77219,6.6507,1.38796,0.2764,2.30024,1.2526
670,1,0,1e+08,4336995850278,4336996504715,4336997398616,4336997527376,4336997545444,4336997805648,4336997932784,4336997932812,16,20.8253,6.54437,8.93901,1.2876,0.18068,2.60204,1.27136
671,1,0,1e+08,4336998759064,4336999053981,4336999377233,4336999454273,4336999482921,4336999640341,4336999775413,4336999775441,16,10.1638,2.94917,3.23252,0.7704,0.28648,1.5742,1.35072
672,1,0,1e+08,4337000453361,4337001034734,4337001972808,4337002049768,4337002111180,4337002380300,4337002501936,4337002501968,16,20.4861,5.81373,9.38074,0.7696,0.61412,2.6912,1.21636
673,1,0,1e+08,4337003170592,4337004152153,4337004887944,4337004945784,4337004974576,4337005248916,4337005397720,4337005397752,16,22.2716,9.81561,7.35791,0.5784,0.28792,2.7434,1.48804
674,1,0,1e+08,4337005825636,4337006065249,4337006476513,4337006562113,4337006604801,4337006809045,4337006948561,4337006948585,16,11.2295,2.39613,4.11264,0.856,0.42688,2.04244,1.39516
675,1,0,1e+08,4337007568412,4337007864996,4337008195100,4337008260356,4337008281488,4337008439360,4337008590712,4337008590740,16,10.2233,2.96584,3.30104,0.65256,0.21132,1.57872,1.51352
676,1,0,1e+08,4337009105729,4337010269429,4337010863785,4337010921877,4337010949413,4337011175629,4337011294857,4337011294881,16,21.8915,11.637,5.94356,0.58092,0.27536,2.26216,1.19228
677,1,0,1e+08,4337011861084,4337012531738,4337013404514,4337013543386,4337013562922,4337013814074,4337013943182,4337013943218,16,20.8213,6.70654,8.72776,1.38872,0.19536,2.51152,1.29108
678,1,0,1e+08,4337014504581,4337015215513,4337016103254,4337016171754,4337016222090,4337016499442,4337016634334,4337016634366,16,21.2979,7.10932,8.87741,0.685,0.50336,2.77352,1.34892
679,1,0,1e+08,4337017237640,4337018221485,4337018924636,4337019070232,4337019089112,4337019325924,4337019460536,4337019460568,16,22.2293,9.83845,7.03151,1.45596,0.1888,2.36812,1.34612
680,1,0,1e+08,4337019948583,4337020428135,4337021443568,4337021520224,4337021572308,4337021842552,4337021979024,4337021979052,16,20.3047,4.79552,10.1543,0.76656,0.52084,2.70244,1.36472
681,1,0,1e+08,4337022803548,4337023667140,4337024488172,4337024563160,4337024594528,4337024865500,4337025000980,4337025001016,16,21.9747,8.63592,8.21032,0.74988,0.31368,2.70972,1.3548
682,1,0,1e+08,4337025601631,4337025855151,4337026179731,4337026246223,4337026319807,4337026500407,4337026635787,4337026635811,16,10.3418,2.5352,3.2458,0.66492,0.73584,1.806,1.3538
683,1,0,1e+08,4337027326694,4337028106678,4337028858892,4337028988264,4337029008020,4337029256392,4337029386680,4337029386716,16,20.6002,7.79984,7.52214,1.29372,0.19756,2.48372,1.30288
684,1,0,1e+08,4337029926721,4337030513608,4337031470222,4337031584670,4337031604678,4337031866018,4337031989894,4337031989922,16,20.632,5.86887,9.56614,1.14448,0.20008,2.6134,1.23876
685,1,0,1e+08,4337032635948,4337033557558,4337034229071,4337034293671,4337034340527,4337034644295,4337034793879,4337034793911,16,21.5796,9.2161,6.71513,0.646,0.46856,3.03768,1.49584
686,1,0,1e+08,4337035207468,4337035529922,4337035852014,4337035914882,4337035954706,4337036135118,4337036264918,4337036264942,16,10.5747,3.22454,3.22092,0.62868,0.39824,1.80412,1.298
687,1,0,1e+08,4337036965892,4337037652393,4337038510269,4337038640989,4337038659961,4337038911349,4337039039025,4337039039061,16,20.7317,6.86501,8.57876,1.3072,0.18972,2.51388,1.27676
688,1,0,1e+08,4337039683045,4337040640885,4337041316866,4337041444730,4337041463090,4337041710214,4337041847634,4337041847662,16,21.6462,9.5784,6.75981,1.27864,0.1836,2.47124,1.3742
689,1,0,1e+08,4337042317438,4337043051457,4337043837205,4337043926337,4337043967921,4337044269609,4337044405385,4337044405421,16,20.8798,7.34019,7.85748,0.89132,0.41584,3.01688,1.35776
690,1,0,1e+08,4337045423237,4337046231435,4337047035302,4337047168874,4337047186846,4337047456154,4337047616534,4337047616566,16,21.9333,8.08198,8.03867,1.33572,0.17972,2.69308,1.6038
691,1,0,1e+08,4337047965348,4337048244772,4337048566780,4337048631200,4337048658388,4337048819252,4337048954408,4337048954436,16,9.89088,2.79424,3.22008,0.6442,0.27188,1.60864,1.35156
692,1,0,1e+08,4337049554255,4337050189994,4337051086747,4337051213603,4337051232787,4337051492599,4337051615831,4337051615859,16,20.616,6.35739,8.96753,1.26856,0.19184,2.59812,1.23232
693,1,0,1e+08,4337052222600,4337052460740,4337052778904,4337052844952,4337052871540,4337053035912,4337053202132,4337053202160,16,9.7956,2.3814,3.18164,0.66048,0.26588,1.64372,1.6622
694,1,0,1e+08,4337054265538,4337054550804,4337054872412,4337054936344,4337055009644,4337055546993,4337055951286,4337055951358,16,16.8582,2.85266,3.21608,0.63932,0.733,5.37349,4.04293
695,1,0,1e+08,4337057053388,4337057293802,4337057651654,4337057715026,4337057758058,4337057927866,4337058063482,4337058063510,16,10.1012,2.40414,3.57852,0.63372,0.43032,1.69808,1.35616
696,1,0,1e+08,4337058857176,4337059146080,4337059477264,4337059574708,4337059621356,4337060418456,4337060655760,4337060655812,16,17.9864,2.88904,3.31184,0.97444,0.46648,7.971,2.37304
697,1,0,1e+08,4337061626159,4337061880221,4337062228213,4337062292569,4337062316565,4337062484225,4337062638137,4337062638165,16,10.1201,2.54062,3.47992,0.64356,0.23996,1.6766,1.53912
698,1,0,1e+08,4337063425929,4337063689303,4337064011403,4337064084723,4337064135215,4337064297339,4337064429939,4337064429963,16,10.0403,2.63374,3.221,0.7332,0.50492,1.62124,1.326
699,1,0,1e+08,4337065140986,4337065438088,4337065790292,4337065875992,4337065917332,4337066086332,4337066226328,4337066226356,16,10.8537,2.97102,3.52204,0.857,0.4134,1.69,1.39996
700,1,0,1e+08,4337066878004,4337067218241,4337067545701,4337067612025,4337067657045,4337067828421,4337067989757,4337067989781,16,11.1178,3.40237,3.2746,0.66324,0.4502,1.71376,1.61336
701,1,0,1e+08,4337068509241,4337069574921,4337070249654,4337070304370,4337070345966,4337070618414,4337070764350,4337070764382,16,22.5514,10.6568,6.74733,0.54716,0.41596,2.72448,1.45936
702,1,0,1e+08,4337071180968,4337071450032,4337071773620,4337071851204,4337071899272,4337072087608,4337072235100,4337072235124,16,10.5416,2.69064,3.23588,0.77584,0.48068,1.88336,1.47492
703,1,0,1e+08,4337073034293,4337073343957,4337073668097,4337073747177,4337073790821,4337073948585,4337074087605,4337074087633,16,10.5334,3.09664,3.2414,0.7908,0.43644,1.57764,1.3902
704,1,0,1e+08,4337074839350,4337075715976,4337076459373,4337076574049,4337076593481,4337076839513,4337076962925,4337076962957,16,21.2361,8.76626,7.43397,1.14676,0.19432,2.46032,1.23412
705,1,0,1e+08,4337077520993,4337078036364,4337079059952,4337079246688,4337079263472,4337079536468,4337079668596,4337079668632,16,21.4764,5.15371,10.2359,1.86736,0.16784,2.72996,1.32128
706,1,0,1e+08,4337080272637,4337080550374,4337080868586,4337080936638,4337080958438,4337081117642,4337081304806,4337081304830,16,10.3219,2.77737,3.18212,0.68052,0.218,1.59204,1.87164
707,1,0,1e+08,4337082199525,4337082463971,4337082788531,4337082861463,4337082890743,4337083048799,4337083180599,4337083180627,16,9.81102,2.64446,3.2456,0.72932,0.2928,1.58056,1.318
708,1,0,1e+08,4337083849167,4337084129668,4337084474492,4337084630480,4337084654188,4337084813624,4337084957512,4337084957532,16,11.0837,2.80501,3.44824,1.55988,0.23708,1.59436,1.43888
709,1,0,1e+08,4337085738971,4337086743057,4337087389437,4337087479309,4337087507721,4337087792057,4337087942421,4337087942453,16,22.0348,10.0409,6.4638,0.89872,0.28412,2.84336,1.50364
710,1,0,1e+08,4337088391139,4337088927484,4337089955752,4337090024944,4337090069320,4337090348432,4337090478696,4337090478728,16,20.8759,5.36345,10.2827,0.69192,0.44376,2.79112,1.30264
711,1,0,1e+08,4337091161366,4337092163541,4337092800021,4337092856817,4337092889277,4337093145093,4337093294713,4337093294749,16,21.3338,10.0217,6.3648,0.56796,0.3246,2.55816,1.4962
712,1,0,1e+08,4337093682176,4337094565174,4337095281864,4337095362148,4337095378160,4337095627380,4337095776588,4337095776616,16,20.9444,8.82998,7.1669,0.80284,0.16012,2.4922,1.49208
713,1,0,1e+08,4337096311980,4337097193914,4337097900832,4337098041644,4337098059244,4337098295340,4337098424944,4337098424976,16,21.13,8.81934,7.06918,1.40812,0.176,2.36096,1.29604
714,1,0,1e+08,4337098945036,4337099191996,4337099513412,4337099582620,4337099605908,4337099766460,4337099923216,4337099923240,16,9.78204,2.4696,3.21416,0.69208,0.23288,1.60552,1.56756
715,1,0,1e+08,4337100640940,4337101681587,4337102315205,4337102372685,4337102401209,4337102686373,4337102840317,4337102840349,16,21.9941,10.4065,6.33618,0.5748,0.28524,2.85164,1.53944
716,1,0,1e+08,4337103194320,4337104195736,4337104851212,4337104906408,4337104949440,4337105198404,4337105342708,4337105342736,16,21.4842,10.0142,6.55476,0.55196,0.43032,2.48964,1.44304
717,1,0,1e+08,4337105827921,4337106262673,4337107346464,4337107454760,4337107471984,4337107738280,4337107870540,4337107870576,16,20.4266,4.34752,10.8379,1.08296,0.17224,2.66296,1.3226
718,1,0,1e+08,4337108438675,4337109369568,4337110090006,4337110241838,4337110262730,4337110513586,4337110670182,4337110670210,16,22.3154,9.30893,7.20438,1.51832,0.20892,2.50856,1.56596
719,1,0,1e+08,4337111162896,4337111841144,4337112715861,4337112866269,4337112882001,4337113130373,4337113259369,4337113259469,16,20.9657,6.78248,8.74717,1.50408,0.15732,2.48372,1.28996
720,1,0,1e+08,4337114077609,4337114363199,4337114686243,4337114754119,4337114781723,4337114944235,4337115078635,4337115078659,16,10.0105,2.8559,3.23044,0.67876,0.27604,1.62512,1.344
721,1,0,1e+08,4337115800942,4337116804864,4337117463489,4337117519601,4337117534657,4337117800313,4337117937653,4337117937685,16,21.3674,10.0392,6.58625,0.56112,0.15056,2.65656,1.3734
722,1,0,1e+08,4337118424967,4337119343668,4337120036530,4337120094746,4337120123750,4337120388094,4337120541182,4337120541210,16,21.1624,9.18701,6.92862,0.58216,0.29004,2.64344,1.53088
723,1,0,1e+08,4337120945850,4337121379849,4337122492683,4337122619919,4337122637123,4337122933167,4337123068323,4337123068363,16,21.2251,4.33999,11.1283,1.27236,0.17204,2.96044,1.35156
724,1,0,1e+08,4337123697916,4337124034752,4337124368636,4337124450308,4337124489708,4337124647592,4337124787500,4337124787524,16,10.8961,3.36836,3.33884,0.81672,0.394,1.57884,1.39908
725,1,0,1e+08,4337125513502,4337125830518,4337126160390,4337126235702,4337126272578,4337126431310,4337126571394,4337126571422,16,10.5792,3.17016,3.29872,0.75312,0.36876,1.58732,1.40084
726,1,0,1e+08,4337127211616,4337127980141,4337128751150,4337128865686,4337128883378,4337129136934,4337129277574,4337129277602,16,20.6599,7.68525,7.71009,1.14536,0.17692,2.53556,1.4064
727,1,0,1e+08,4337129812885,4337130059277,4337130382073,4337130453153,4337130476277,4337130644729,4337130790165,4337130790193,16,9.77308,2.46392,3.22796,0.7108,0.23124,1.68452,1.45436
728,1,0,1e+08,4337131564586,4337131884548,4337132209144,4337132278696,4337132308960,4337132879385,4337133255635,4337133255707,16,16.9112,3.19962,3.24596,0.69552,0.30264,5.70425,3.7625
729,1,0,1e+08,4337134531652,4337134748472,4337135079836,4337135150620,4337135216236,4337135891508,4337136207344,4337136207408,16,16.7576,2.1682,3.31364,0.70784,0.65616,6.75272,3.15836
730,1,0,1e+08,4337137337410,4337137621311,4337137967495,4337138036283,4337138112543,4337138273323,4337138428327,4337138428351,16,10.9094,2.83901,3.46184,0.68788,0.7626,1.6078,1.55004
731,1,0,1e+08,4337139061017,4337139359701,4337139686589,4337139752089,4337139800141,4337139964765,4337140104841,4337140104869,16,10.4385,2.98684,3.26888,0.655,0.48052,1.64624,1.40076
732,1,0,1e+08,4337141023785,4337142057720,4337142691725,4337142759213,4337142807441,4337143066113,4337143206777,4337143206805,16,21.8302,10.3394,6.34005,0.67488,0.48228,2.58672,1.40664
733,1,0,1e+08,4337143788166,4337144833816,4337145445133,4337145564281,4337145582213,4337145813401,4337145958501,4337145958537,16,21.7037,10.4565,6.11317,1.19148,0.17932,2.31188,1.451
734,1,0,1e+08,4337146567950,4337147592352,4337148265249,4337148333893,4337148359097,4337148614597,4337148740345,4337148740373,16,21.7242,10.244,6.72897,0.68644,0.25204,2.555,1.25748
735,1,0,1e+08,4337149330489,4337149570293,4337149908253,4337150006105,4337150048741,4337150239301,4337150376445,4337150376473,16,10.4598,2.39804,3.3796,0.97852,0.42636,1.9056,1.37144
736,1,0,1e+08,4337151142038,4337151447602,4337151772102,4337151843534,4337151890850,4337152047902,4337152178746,4337152178770,16,10.3673,3.05564,3.245,0.71432,0.47316,1.57052,1.30844
737,1,0,1e+08,4337152874319,4337153902270,4337154617614,4337154684822,4337154731846,4337154981570,4337155107582,4337155107614,16,22.333,10.2795,7.15344,0.67208,0.47024,2.49724,1.26012
738,1,0,1e+08,4337155714091,4337156446557,4337157242569,4337157372153,4337157391225,4337157663009,4337157791137,4337157791165,16,20.7707,7.32466,7.96012,1.29584,0.19072,2.71784,1.28128
739,1,0,1e+08,4337158397483,4337158661583,4337158984399,4337159052539,4337159076327,4337159268451,4337159443619,4337159443647,16,10.4616,2.641,3.22816,0.6814,0.23788,1.92124,1.75168
740,1,0,1e+08,4337160343146,4337160653615,4337160979239,4337161047059,4337161085443,4337161242107,4337161371099,4337161371123,16,10.2798,3.10469,3.25624,0.6782,0.38384,1.56664,1.28992
741,1,0,1e+08,4337162180019,4337163201132,4337163868715,4337163925919,4337163966851,4337164203723,4337164335767,4337164335803,16,21.5578,10.2111,6.67583,0.57204,0.40932,2.36872,1.32044
742,1,0,1e+08,4337164939234,4337165199715,4337165548267,4337165637735,4337165678971,4337165853975,4337165990123,4337165990147,16,10.5091,2.60481,3.48552,0.89468,0.41236,1.75004,1.36148
743,1,0,1e+08,4337166892443,4337167400098,4337168452284,4337168526404,4337168558040,4337168893712,4337169026564,4337169026600,16,21.3416,5.07655,10.5219,0.7412,0.31636,3.35672,1.32852
744,1,0,1e+08,4337169634131,4337170129954,4337171150480,4337171239560,4337171267160,4337171536820,4337171670460,4337171670488,16,20.3636,4.95823,10.2053,0.8908,0.276,2.6966,1.3364
745,1,0,1e+08,4337172318589,4337172634173,4337172960437,4337173026881,4337173069573,4337173249793,4337173389473,4337173389501,16,10.7091,3.15584,3.26264,0.66444,0.42692,1.8022,1.3968
746,1,0,1e+08,4337174173204,4337174912800,4337175732680,4337175851384,4337175870792,4337176132288,4337176265176,4337176265208,16,20.92,7.39596,8.1988,1.18704,0.19408,2.61496,1.32888
747,1,0,1e+08,4337176824222,4337177131222,4337177456234,4337177524934,4337177546590,4337177704794,4337177861282,4337177861314,16,10.3709,3.07,3.25012,0.687,0.21656,1.58204,1.56488
748,1,0,1e+08,4337178785399,4337179517956,4337180380342,4337180449902,4337180513114,4337180788630,4337180913702,4337180913730,16,21.2833,7.32557,8.62386,0.6956,0.63212,2.75516,1.25072
749,1,0,1e+08,4337181585141,4337181842955,4337182169223,4337182241523,4337182284011,4337182442659,4337182582171,4337182582203,16,9.97062,2.57814,3.26268,0.723,0.42488,1.58648,1.39512
750,1,0,1e+08,4337183758406,4337183999559,4337184342823,4337184522299,4337184542751,4337184718891,4337184864475,4337184864495,16,11.0609,2.41153,3.43264,1.79476,0.20452,1.7614,1.45584
751,1,0,1e+08,4337185673022,4337186338801,4337187216865,4337187296833,4337187320841,4337187622613,4337187767181,4337187767217,16,20.942,6.65779,8.78064,0.79968,0.24008,3.01772,1.44568
752,1,0,1e+08,4337188273442,4337189264512,4337189901733,4337189969737,4337190005125,4337190236473,4337190362881,4337190362909,16,20.8947,9.9107,6.37221,0.68004,0.35388,2.31348,1.26408
753,1,0,1e+08,4337191006760,4337191864769,4337192591833,4337192655705,4337192686177,4337192939465,4337193070565,4337193070597,16,20.6384,8.58009,7.27064,0.63872,0.30472,2.53288,1.311
754,1,0,1e+08,4337193700545,4337194715912,4337195371317,4337195469917,4337195485285,4337195731873,4337195874781,4337195874805,16,21.7426,10.1537,6.55405,0.986,0.15368,2.46588,1.42908
755,1,0,1e+08,4337196348247,4337197456833,4337198071130,4337198126826,4337198153902,4337198378282,4337198526074,4337198526106,16,21.7786,11.0859,6.14297,0.55696,0.27076,2.2438,1.47792
756,1,0,1e+08,4337199028513,4337199797328,4337200552357,4337200669201,4337200685169,4337200935893,4337201058981,4337201059009,16,20.305,7.68815,7.55029,1.16844,0.15968,2.50724,1.23088
757,1,0,1e+08,4337201667698,4337202718642,4337203375405,4337203497937,4337203514097,4337203758449,4337203891301,4337203891337,16,22.2364,10.5094,6.56763,1.22532,0.1616,2.44352,1.32852
758,1,0,1e+08,4337204472897,4337204755419,4337205078015,4337205155775,4337205208207,4337205412683,4337205554427,4337205554451,16,10.8155,2.82522,3.22596,0.7776,0.52432,2.04476,1.41744
759,1,0,1e+08,4337206242412,4337206916807,4337207733379,4337207803487,4337207852871,4337208111683,4337208240375,4337208240411,16,19.98,6.74395,8.16572,0.70108,0.49384,2.58812,1.28692
760,1,0,1e+08,4337208878851,4337209843746,4337210522360,4337210578604,4337210613532,4337210878880,4337211020220,4337211020248,16,21.414,9.64895,6.78614,0.56244,0.34928,2.65348,1.4134
761,1,0,1e+08,4337211449650,4337211671031,4337211993227,4337212061903,4337212097443,4337212277163,4337212445379,4337212445407,16,9.95757,2.21381,3.22196,0.68676,0.3554,1.7972,1.68216
762,1,0,1e+08,4337213279430,4337213631774,4337213958810,4337214025278,4337214054506,4337214211958,4337214345494,4337214345518,16,10.6609,3.52344,3.27036,0.66468,0.29228,1.57452,1.33536
763,1,0,1e+08,4337214928032,4337215515644,4337216482309,4337216617533,4337216637729,4337216894937,4337217024001,4337217024033,16,20.96,5.87612,9.66665,1.35224,0.20196,2.57208,1.29064
764,1,0,1e+08,4337217653459,4337218322072,4337219199550,4337219341986,4337219363466,4337219613302,4337219743442,4337219743474,16,20.9002,6.68613,8.77478,1.42436,0.2148,2.49836,1.3014
765,1,0,1e+08,4337220350035,4337220582340,4337220902624,4337220967752,4337221006884,4337221218160,4337221357976,4337221358004,16,10.0797,2.32305,3.20284,0.65128,0.39132,2.11276,1.39816
766,1,0,1e+08,4337222204893,4337222537340,4337222863968,4337222936508,4337222964756,4337223121512,4337223257916,4337223257940,16,10.5305,3.32447,3.26628,0.7254,0.28248,1.56756,1.36404
767,1,0,1e+08,4337223987406,4337224342309,4337225579474,4337225712990,4337225729374,4337226028158,4337226163798,4337226163838,16,21.7643,3.54903,12.3716,1.33516,0.16384,2.98784,1.3564
768,1,0,1e+08,4337226813776,4337227568006,4337228344481,4337228480493,4337228498257,4337228756249,4337228883033,4337228883061,16,20.6928,7.5423,7.76475,1.36012,0.17764,2.57992,1.26784
769,1,0,1e+08,4337229670064,4337230671377,4337231319445,4337231417217,4337231432653,4337231667325,4337231796625,4337231796657,16,21.2659,10.0131,6.48068,0.97772,0.15436,2.34672,1.293
770,1,0,1e+08,4337232536255,4337233566658,4337234217614,4337234376450,4337234393746,4337234627346,4337234761818,4337234761846,16,22.2559,10.304,6.50956,1.58836,0.17296,2.336,1.34472
771,1,0,1e+08,4337235398009,4337236199618,4337237014495,4337237082539,4337237107655,4337237423315,4337237561851,4337237561883,16,21.6387,8.01609,8.14877,0.68044,0.25116,3.1566,1.38536
772,1,0,1e+08,4337238342690,4337239312846,4337239967439,4337240039407,4337240069867,4337240317379,4337240467411,4337240467439,16,21.2475,9.70156,6.54593,0.71968,0.3046,2.47512,1.50032
773,1,0,1e+08,4337241039839,4337241882781,4337242602632,4337242659884,4337242684936,4337242932212,4337243058052,4337243058088,16,20.1825,8.42942,7.19851,0.57252,0.25052,2.47276,1.2584
774,1,0,1e+08,4337243779926,4337244461345,4337245319900,4337245382120,4337245404304,4337245664580,4337245789332,4337245789364,16,20.0944,6.81419,8.58555,0.6222,0.22184,2.60276,1.24752
775,1,0,1e+08,4337246388295,4337247348843,4337248040069,4337248098753,4337248121681,4337248364809,4337248490749,4337248490785,16,21.0249,9.60548,6.91226,0.58684,0.22928,2.43128,1.2594
776,1,0,1e+08,4337249008753,4337249520855,4337250551261,4337250651573,4337250671717,4337250938805,4337251065373,4337251065405,16,20.5665,5.12102,10.3041,1.00312,0.20144,2.67088,1.26568
777,1,0,1e+08,4337251935624,4337252174570,4337252499910,4337252566630,4337252607638,4337252785498,4337252970162,4337252970190,16,10.3457,2.38946,3.2534,0.6672,0.41008,1.7786,1.84664
778,1,0,1e+08,4337253763035,4337254065607,4337254389111,4337254454071,4337254471715,4337254628467,4337254765915,4337254765939,16,10.029,3.02572,3.23504,0.6496,0.17644,1.56752,1.37448
779,1,0,1e+08,4337255524623,4337255835843,4337257030392,4337257163928,4337257181100,4337257513472,4337257649936,4337257649976,16,21.2535,3.1122,11.9455,1.33536,0.17172,3.32372,1.36464
780,1,0,1e+08,4337258696816,4337259389505,4337260226381,4337260367645,4337260388601,4337260647941,4337260774653,4337260774681,16,20.7786,6.92689,8.36876,1.41264,0.20956,2.5934,1.26712
781,1,0,1e+08,4337261344146,4337261884501,4337262878340,4337263002232,4337263019416,4337263287600,4337263424796,4337263424832,16,20.8069,5.40355,9.93839,1.23892,0.17184,2.68184,1.37196
782,1,0,1e+08,4337264143718,4337265144832,4337265792882,4337265944206,4337265959766,4337266183738,4337266310802,4337266310826,16,21.6711,10.0111,6.4805,1.51324,0.1556,2.23972,1.27064
783,1,0,1e+08,4337266882217,4337267172049,4337267494729,4337267561597,4337267611925,4337267811893,4337267952865,4337267952973,16,10.7076,2.89832,3.2268,0.66868,0.50328,1.99968,1.40972
784,1,0,1e+08,4337268603295,4337268811243,4337269133267,4337269198247,4337269242175,4337269406827,4337269544703,4337269544727,16,9.41432,2.07948,3.22024,0.6498,0.43928,1.64652,1.37876
785,1,0,1e+08,4337270281084,4337271237364,4337271927817,4337272052769,4337272070413,4337272305505,4337272431041,4337272431077,16,21.4999,9.5628,6.90453,1.24952,0.17644,2.35092,1.25536
786,1,0,1e+08,4337273033438,4337273618173,4337274584236,4337274673632,4337274703388,4337275016420,4337275143660,4337275143688,16,21.1025,5.84735,9.66063,0.89396,0.29756,3.13032,1.2724
787,1,0,1e+08,4337275880931,4337276166829,4337276487969,4337276551353,4337276571097,4337276728069,4337276862021,4337276862049,16,9.81118,2.85898,3.2114,0.63384,0.19744,1.56972,1.33952
788,1,0,1e+08,4337277670927,4337278783836,4337279412013,4337279473473,4337279519497,4337279753881,4337279872749,4337279872777,16,22.0185,11.1291,6.28177,0.6146,0.46024,2.34384,1.18868
789,1,0,1e+08,4337280497733,4337281471416,4337282142025,4337282237921,4337282253429,4337282499101,4337282624109,4337282624145,16,21.2641,9.73683,6.70609,0.95896,0.15508,2.45672,1.25008
790,1,0,1e+08,4337283314727,4337283922972,4337284887245,4337285040293,4337285059021,4337285336329,4337285471381,4337285471409,16,21.5668,6.08245,9.64273,1.53048,0.18728,2.77308,1.35052
791,1,0,1e+08,4337286068763,4337287029025,4337287685106,4337287790290,4337287807170,4337288039606,4337288164310,4337288164346,16,20.9558,9.60262,6.56081,1.05184,0.1688,2.32436,1.24704
792,1,0,1e+08,4337288965781,4337289594076,4337290499452,4337290618364,4337290635636,4337290895764,4337291017800,4337291017832,16,20.5205,6.28295,9.05376,1.18912,0.17272,2.60128,1.22036
793,1,0,1e+08,4337291743006,4337292501473,4337293265045,4337293355149,4337293406377,4337293713137,4337293843305,4337293843337,16,21.0033,7.58467,7.63572,0.90104,0.51228,3.0676,1.30168
794,1,0,1e+08,4337294636644,4337294953942,4337295280178,4337295347418,4337295416442,4337295976374,4337296371484,4337296371556,16,17.3491,3.17298,3.26236,0.6724,0.69024,5.59932,3.9511
795,1,0,1e+08,4337297506491,4337297776612,4337298127272,4337298192748,4337298235400,4337298411464,4337298551676,4337298551700,16,10.4521,2.70121,3.5066,0.65476,0.42652,1.76064,1.40212
796,1,0,1e+08,4337299214369,4337300030429,4337300831128,4337300978836,4337300997508,4337301248232,4337301372400,4337301372428,16,21.5806,8.1606,8.00699,1.47708,0.18672,2.50724,1.24168
797,1,0,1e+08,4337301956951,4337302210091,4337303086290,4337303288916,4337303310204,4337303717085,4337303873637,4337303873681,16,19.1673,2.5314,8.76199,2.02626,0.21288,4.06881,1.56552
798,1,0,1e+08,4337304704653,4337304961509,4337305283949,4337305348717,4337305372413,4337305530085,4337305678221,4337305678245,16,9.73592,2.56856,3.2244,0.64768,0.23696,1.57672,1.48136
799,1,0,1e+08,4337306601033,4337307402581,4337308164652,4337308237160,4337308283140,4337308544528,4337308677392,4337308677428,16,20.764,8.01548,7.62071,0.72508,0.4598,2.61388,1.32864
800,1,0,1e+08,4337309530327,4337309856701,4337310202129,4337310272873,4337310296817,4337310454229,4337310584733,4337310584757,16,10.5443,3.26374,3.45428,0.70744,0.23944,1.57412,1.30504
801,1,0,1e+08,4337311288875,4337311567823,4337312764408,4337312919737,4337312938145,4337313303545,4337313457685,4337313457729,16,21.6885,2.78948,11.9658,1.55329,0.18408,3.654,1.5414
802,1,0,1e+08,4337313937383,4337314195331,4337314533631,4337314605227,4337314632351,4337314790747,4337314929023,4337314929043,16,9.9166,2.57948,3.383,0.71596,0.27124,1.58396,1.38276
803,1,0,1e+08,4337315763894,4337316392265,4337317228268,4337317304232,4337317326612,4337317588640,4337317721912,4337317721948,16,19.5805,6.28371,8.36003,0.75964,0.2238,2.62028,1.33272
804,1,0,1e+08,4337318512158,4337318711946,4337319031170,4337319099774,4337319118166,4337319319006,4337319449590,4337319449614,16,9.37456,1.99788,3.19224,0.68604,0.18392,2.0084,1.30584
805,1,0,1e+08,4337320200840,4337320544260,4337320867488,4337320943268,4337320986420,4337321146264,4337321281444,4337321281472,16,10.8063,3.4342,3.23228,0.7578,0.43152,1.59844,1.3518
806,1,0,1e+08,4337322163528,4337322847644,4337323771816,4337323836420,4337323858664,4337324144748,4337324274284,4337324274316,16,21.1079,6.84116,9.24172,0.64604,0.22244,2.86084,1.29536
807,1,0,1e+08,4337325041934,4337325275740,4337325595576,4337325660508,4337325678708,4337325849244,4337326001716,4337326001744,16,9.5981,2.33806,3.19836,0.64932,0.182,1.70536,1.52472
808,1,0,1e+08,4337326784413,4337327553183,4337328342133,4337328470341,4337328489921,4337328738397,4337328861309,4337328861337,16,20.7692,7.6877,7.8895,1.28208,0.1958,2.48476,1.22912
809,1,0,1e+08,4337329452016,4337330011797,4337330990284,4337331054240,4337331084916,4337331349508,4337331481344,4337331481380,16,20.2936,5.59781,9.78487,0.63956,0.30676,2.64592,1.31836
810,1,0,1e+08,4337332583162,4337333342292,4337334199833,4337334324101,4337334341133,4337334614949,4337334743537,4337334743565,16,21.604,7.5913,8.57541,1.24268,0.17032,2.73816,1.28588
811,1,0,1e+08,4337335359416,4337336194837,4337336964882,4337337045918,4337337072310,4337337371326,4337337523886,4337337523922,16,21.6451,8.35421,7.70045,0.81036,0.26392,2.99016,1.5256
812,1,0,1e+08,4337338062609,4337338681631,4337339596409,4337339657673,4337339688609,4337339953781,4337340082117,4337340082145,16,20.1954,6.19022,9.14778,0.61264,0.30936,2.65172,1.28336
813,1,0,1e+08,4337340788160,4337341536504,4337342344008,4337342404116,4337342442412,4337342725784,4337342854972,4337342855008,16,20.6685,7.48344,8.07504,0.60108,0.38296,2.83372,1.29188
814,1,0,1e+08,4337343529791,4337343732547,4337344050135,4337344114583,4337344149431,4337344319803,4337344479687,4337344479711,16,9.4992,2.02756,3.17588,0.64448,0.34848,1.70372,1.59884
815,1,0,1e+08,4337345389357,4337345727587,4337346050823,4337346115263,4337346149827,4337346320695,4337346502323,4337346502351,16,11.1299,3.3823,3.23236,0.6444,0.34564,1.70868,1.81628
816,1,0,1e+08,4337347393700,4337347832470,4337348928096,4337349003536,4337349070332,4337349359448,4337349508860,4337349508892,16,21.1519,4.3877,10.9563,0.7544,0.66796,2.89116,1.49412
817,1,0,1e+08,4337350376070,4337351006339,4337351912515,4337351985575,4337352012715,4337352276343,4337352402687,4337352402723,16,20.2665,6.30269,9.06176,0.7306,0.2714,2.63628,1.26344
818,1,0,1e+08,4337353106254,4337353359802,4337353683082,4337353753978,4337353824778,4337354412815,4337354790485,4337354790561,16,16.8431,2.53548,3.2328,0.70896,0.708,5.88037,3.7767
819,1,0,1e+08,4337356121080,4337356372460,4337356703980,4337356770824,4337356815160,4337357020352,4337357167676,4337357167704,16,10.4662,2.5138,3.3152,0.66844,0.44336,2.05192,1.47324
820,1,0,1e+08,4337357887265,4337358244870,4337358575242,4337358638706,4337358686262,4337358862890,4337359045938,4337359045962,16,11.587,3.57605,3.30372,0.63464,0.47556,1.76628,1.83048
821,1,0,1e+08,4337359756514,4337360353429,4337361294966,4337361357850,4337361385322,4337361660738,4337361788702,4337361788738,16,20.3222,5.96915,9.41537,0.62884,0.27472,2.75416,1.27964
822,1,0,1e+08,4337362592727,4337362863887,4337363185143,4337363260699,4337363281199,4337363440727,4337363584831,4337363584855,16,9.92128,2.7116,3.21256,0.75556,0.205,1.59528,1.44104
823,1,0,1e+08,4337364481917,4337364766805,4337365107501,4337365207397,4337365254681,4337365999974,4337366226617,4337366226681,16,17.4476,2.84888,3.40696,0.99896,0.47284,7.45293,2.26643
824,1,0,1e+08,4337367358453,4337367587542,4337367911566,4337367989422,4337368012378,4337368233374,4337368806015,4337368806095,16,14.4764,2.29089,3.24024,0.77856,0.22956,2.20996,5.72641
825,1,0,1e+08,4337370274594,4337370494530,4337370813438,4337370879662,4337370921154,4337371124598,4337371275078,4337371275106,16,10.0051,2.19936,3.18908,0.66224,0.41492,2.03444,1.5048
826,1,0,1e+08,4337372049892,4337372317416,4337372640792,4337372718088,4337372755784,4337372924788,4337373065744,4337373065768,16,10.1588,2.67524,3.23376,0.77296,0.37696,1.69004,1.40956
827,1,0,1e+08,4337373705136,4337374003468,4337374338080,4337374401392,4337374460440,4337375311032,4337375513793,4337375513857,16,18.0872,2.98332,3.34612,0.63312,0.59048,8.50592,2.02761
828,1,0,1e+08,4337376416566,4337376684552,4337377036836,4337377105108,4337377173260,4337377354956,4337377513224,4337377513252,16,10.9669,2.67986,3.52284,0.68272,0.68152,1.81696,1.58268
829,1,0,1e+08,4337378253164,4337378498734,4337378899522,4337378982194,4337379022210,4337379216978,4337379358606,4337379358634,16,11.0547,2.4557,4.00788,0.82672,0.40016,1.94768,1.41628
830,1,0,1e+08,4337379977563,4337380281787,4337380676579,4337380766035,4337380802515,4337381750726,4337381952498,4337381952546,16,19.7498,3.04224,3.94792,0.89456,0.3648,9.48211,2.01772
831,1,0,1e+08,4337382806548,4337383077929,4337383483397,4337383565901,4337383588501,4337383817177,4337384011113,4337384011153,16,12.0461,2.71381,4.05468,0.82504,0.226,2.28676,1.93936
832,1,0,1e+08,4337384633834,4337384962378,4337385331710,4337385410786,4337385442606,4337385647198,4337385836814,4337385836842,16,12.0301,3.28544,3.69332,0.79076,0.3182,2.04592,1.89616
833,1,0,1e+08,4337386365508,4337387444388,4337388065041,4337388121449,4337388163505,4337388403645,4337388527797,4337388527829,16,21.6232,10.7888,6.20653,0.56408,0.42056,2.4014,1.24152
834,1,0,1e+08,4337389162534,4337390140793,4337390792113,4337390896741,4337390911749,4337391168793,4337391295677,4337391295705,16,21.3317,9.78259,6.5132,1.04628,0.15008,2.57044,1.26884
835,1,0,1e+08,4337391913345,4337392725831,4337393480784,4337393636168,4337393655360,4337393903000,4337394029976,4337394030008,16,21.1666,8.12486,7.54953,1.55384,0.19192,2.4764,1.26976
836,1,0,1e+08,4337394698631,4337395452691,4337396245681,4337396329733,4337396360461,4337396671625,4337396796269,4337396796297,16,20.9767,7.5406,7.9299,0.84052,0.30728,3.11164,1.24644
837,1,0,1e+08,4337397613761,4337398095556,4337399154856,4337399229800,4337399251496,4337399561076,4337399691408,4337399691444,16,20.7768,4.81795,10.593,0.74944,0.21696,3.0958,1.30332
838,1,0,1e+08,4337400477615,4337401146499,4337402017981,4337402081989,4337402124633,4337402397117,4337402548525,4337402548553,16,20.7094,6.68884,8.71482,0.64008,0.42644,2.72484,1.51408
839,1,0,1e+08,4337403305778,4337403562576,4337403887784,4337403951396,4337403971708,4337404130520,4337404270244,4337404270276,16,9.64498,2.56798,3.25208,0.63612,0.20312,1.58812,1.39724
840,1,0,1e+08,4337405391613,4337406179996,4337406946632,4337407067680,4337407087072,4337407348140,4337407473692,4337407473720,16,20.8211,7.88383,7.66636,1.21048,0.19392,2.61068,1.25552
841,1,0,1e+08,4337408336598,4337408648468,4337409799193,4337409966158,4337409985250,4337410293878,4337410436022,4337410436062,16,20.9946,3.1187,11.5073,1.66965,0.19092,3.08628,1.42144
842,1,0,1e+08,4337411081349,4337411330673,4337411654625,4337411726101,4337411766321,4337412159939,4337412614712,4337412614784,16,15.3344,2.49324,3.23952,0.71476,0.4022,3.93618,4.54773
843,1,0,1e+08,4337414063165,4337414293757,4337414613205,4337414680605,4337414722697,4337414912285,4337415109701,4337415109729,16,10.4656,2.30592,3.19448,0.674,0.42092,1.89588,1.97416
844,1,0,1e+08,4337415996801,4337416844761,4337417578209,4337417641417,4337417660285,4337417913353,4337418034305,4337418034333,16,20.3753,8.4796,7.33448,0.63208,0.18868,2.53068,1.20952
845,1,0,1e+08,4337418924801,4337419169978,4337419489174,4337419558790,4337419623050,4337420278628,4337420620013,4337420620081,16,16.9528,2.45177,3.19196,0.69616,0.6426,6.55578,3.41385
846,1,0,1e+08,4337422021617,4337422269449,4337422600021,4337422670625,4337422716933,4337423228241,4337423649030,4337423649102,16,16.2749,2.47832,3.30572,0.70604,0.46308,5.11308,4.20789
847,1,0,1e+08,4337425026296,4337425279932,4337425611584,4337425678100,4337425715820,4337425879816,4337426026136,4337426026252,16,9.99956,2.53636,3.31652,0.66516,0.3772,1.63996,1.4632
848,1,0,1e+08,4337426847890,4337427110214,4337427430110,4337427529334,4337427574942,4337427772830,4337427921134,4337427921158,16,10.7327,2.62324,3.19896,0.99224,0.45608,1.97888,1.48304
849,1,0,1e+08,4337428708272,4337429441586,4337430321409,4337430385381,4337430454409,4337430744517,4337430872825,4337430872857,16,21.6459,7.33314,8.79823,0.63972,0.69028,2.90108,1.28308
850,1,0,1e+08,4337431455849,4337432218759,4337433024241,4337433087037,4337433128465,4337433414213,4337433542357,4337433542385,16,20.8654,7.6291,8.05482,0.62796,0.41428,2.85748,1.28144
851,1,0,1e+08,4337434275965,4337435190283,4337435857314,4337435917106,4337435945790,4337436236890,4337436381394,4337436381430,16,21.0547,9.14318,6.67031,0.59792,0.28684,2.911,1.44504
852,1,0,1e+08,4337436846875,4337437935005,4337438585946,4337438648954,4337438739422,4337438988722,4337439108790,4337439108818,16,22.6194,10.8813,6.50941,0.63008,0.90468,2.493,1.20068
853,1,0,1e+08,4337439671597,4337440370925,4337441153297,4337441226177,4337441278589,4337441529405,4337441658061,4337441658093,16,19.865,6.99328,7.82372,0.7288,0.52412,2.50816,1.28656
854,1,0,1e+08,4337442271656,4337442513721,4337442835049,4337442902065,4337442943013,4337443125357,4337443317157,4337443317181,16,10.4552,2.42065,3.21328,0.67016,0.40948,1.82344,1.918
855,1,0,1e+08,4337444289910,4337445144282,4337445838848,4337445902688,4337445950164,4337446204972,4337446341876,4337446341908,16,20.52,8.54372,6.94566,0.6384,0.47476,2.54808,1.36904
856,1,0,1e+08,4337447009355,4337447826674,4337448636069,4337448695541,4337448725829,4337449011941,4337449145365,4337449145397,16,21.3604,8.17319,8.09395,0.59472,0.30288,2.86112,1.33424
857,1,0,1e+08,4337449760710,4337450369443,4337451302410,4337451370930,4337451428978,4337451711554,4337451843862,4337451843898,16,20.8319,6.08733,9.32967,0.6852,0.58048,2.82576,1.32308
858,1,0,1e+08,4337452710959,4337452920467,4337453240323,4337453309011,4337453346279,4337453517687,4337453665051,4337453665075,16,9.54116,2.09508,3.19856,0.68688,0.37268,1.71408,1.47364
859,1,0,1e+08,4337454478352,4337455070136,4337456055039,4337456188379,4337456206891,4337456487495,4337456622939,4337456622979,16,21.4463,5.91784,9.84903,1.3334,0.18512,2.80604,1.35444
860,1,0,1e+08,4337457440335,4337457928112,4337458968062,4337459124702,4337459144462,4337459402722,4337459524838,4337459524866,16,20.8453,4.87777,10.3995,1.5664,0.1976,2.5826,1.22116
861,1,0,1e+08,4337460306546,4337460574439,4337460950835,4337461035603,4337461058015,4337461241163,4337461377735,4337461377767,16,10.7122,2.67893,3.76396,0.84768,0.22412,1.83148,1.36572
862,1,0,1e+08,4337462136107,4337462814472,4337463695928,4337463765576,4337463826928,4337464094284,4337464223268,4337464223296,16,20.8719,6.78365,8.81456,0.69648,0.61352,2.67356,1.28984
863,1,0,1e+08,4337464915273,4337465190898,4337465604818,4337465751550,4337465769678,4337465961774,4337466121986,4337466122018,16,12.0675,2.75625,4.1392,1.46732,0.18128,1.92096,1.60212
864,1,0,1e+08,4337466643745,4337467394967,4337468164504,4337468293552,4337468310328,4337468555340,4337468677040,4337468677068,16,20.3332,7.51222,7.69537,1.29048,0.16776,2.45012,1.217
865,1,0,1e+08,4337469360636,4337469958352,4337470899293,4337470967513,4337471010945,4337471313073,4337471446821,4337471446857,16,20.8622,5.97716,9.40941,0.6822,0.43432,3.02128,1.33748
866,1,0,1e+08,4337472260203,4337472896103,4337473810460,4337473878684,4337473900936,4337474175232,4337474333744,4337474333772,16,20.7357,6.359,9.14357,0.68224,0.22252,2.74296,1.58512
867,1,0,1e+08,4337475135631,4337475952728,4337476751509,4337476816725,4337476835061,4337477096609,4337477218601,4337477218637,16,20.8301,8.17097,7.98781,0.65216,0.18336,2.61548,1.21992
868,1,0,1e+08,4337477959377,4337478801841,4337479605436,4337479678624,4337479722776,4337479992204,4337480127496,4337480127528,16,21.6815,8.42464,8.03595,0.73188,0.44152,2.69428,1.35292
869,1,0,1e+08,4337480874311,4337481836224,4337482519030,4337482576110,4337482644210,4337482928142,4337483061570,4337483061610,16,21.873,9.61913,6.82806,0.5708,0.681,2.83932,1.33428
870,1,0,1e+08,4337483913695,4337484121343,4337484442523,4337484511895,4337484555583,4337484739139,4337484875499,4337484875523,16,9.61828,2.07648,3.2118,0.69372,0.43688,1.83556,1.3636
871,1,0,1e+08,4337485815978,4337486631245,4337487435262,4337487563342,4337487581830,4337487842854,4337487969774,4337487969810,16,21.5383,8.15267,8.04017,1.2808,0.18488,2.61024,1.2692
872,1,0,1e+08,4337488680006,4337489655752,4337490300110,4337490408650,4337490423730,4337490653434,4337490774102,4337490774130,16,20.9412,9.75746,6.44358,1.0854,0.1508,2.29704,1.20668
873,1,0,1e+08,4337491383749,4337492239752,4337492987069,4337493070249,4337493107501,4337493421669,4337493553841,4337493553877,16,21.7013,8.56003,7.47317,0.8318,0.37252,3.14168,1.32172
874,1,0,1e+08,4337494173715,4337495153444,4337495799941,4337495863305,4337495889965,4337496140317,4337496272289,4337496272317,16,20.986,9.79729,6.46497,0.63364,0.2666,2.50352,1.31972
875,1,0,1e+08,4337496961608,4337497268788,4337497602772,4337497678020,4337497714204,4337497873152,4337498011572,4337498011600,16,10.4999,3.0718,3.33984,0.75248,0.36184,1.58948,1.3842
876,1,0,1e+08,4337498730024,4337499063766,4337499410374,4337499479026,4337499521714,4337499678990,4337499816698,4337499816722,16,10.867,3.33742,3.46608,0.68652,0.42688,1.57276,1.37708
877,1,0,1e+08,4337500567915,4337501435753,4337502130381,4337502215321,4337502240945,4337502536589,4337502663997,4337502664029,16,20.9611,8.67838,6.94628,0.8494,0.25624,2.95644,1.27408
878,1,0,1e+08,4337503353273,4337503662530,4337503986186,4337504054270,4337504090010,4337504250538,4337504398446,4337504398470,16,10.452,3.09257,3.23656,0.68084,0.3574,1.60528,1.47908
879,1,0,1e+08,4337505340859,4337506351508,4337507000726,4337507149118,4337507165946,4337507389854,4337507512786,4337507512822,16,21.7196,10.1065,6.49218,1.48392,0.16828,2.23908,1.22932
880,1,0,1e+08,4337508148194,4337508850071,4337509646953,4337509789385,4337509812677,4337510074693,4337510198161,4337510198193,16,20.5,7.01877,7.96882,1.42432,0.23292,2.62016,1.23468
881,1,0,1e+08,4337510942668,4337511257724,4337511580876,4337511665784,4337511708208,4337511943652,4337512084500,4337512084528,16,11.4186,3.15056,3.23152,0.84908,0.42424,2.35444,1.40848
882,1,0,1e+08,4337512922589,4337513805509,4337514617852,4337514683736,4337514708476,4337515009844,4337515138800,4337515138832,16,22.1624,8.8292,8.12343,0.65884,0.2474,3.01368,1.28956
883,1,0,1e+08,4337515734497,4337516454077,4337517252276,4337517320512,4337517375708,4337517658364,4337517789228,4337517789260,16,20.5476,7.1958,7.98199,0.68236,0.55196,2.82656,1.30864
884,1,0,1e+08,4337518507957,4337519033007,4337520104668,4337520177952,4337520229192,4337520525296,4337520654728,4337520654760,16,21.468,5.2505,10.7166,0.73284,0.5124,2.96104,1.29432
885,1,0,1e+08,4337521535108,4337521852750,4337522174990,4337522249030,4337522325470,4337522921433,4337523296296,4337523296388,16,17.6128,3.17642,3.2224,0.7404,0.7644,5.95963,3.74863
886,1,0,1e+08,4337524558501,4337524870487,4337525209539,4337525277319,4337525311195,4337525479875,4337525615719,4337525615743,16,10.5724,3.11986,3.39052,0.6778,0.33876,1.6868,1.35844
887,1,0,1e+08,4337526560537,4337526808641,4337527129301,4337527196069,4337527250641,4337528109637,4337528368163,4337528368227,16,18.0769,2.48104,3.2066,0.66768,0.54572,8.58996,2.58526
888,1,0,1e+08,4337529588192,4337529818729,4337530155301,4337530221209,4337530271921,4337530457977,4337530624005,4337530624029,16,10.3584,2.30537,3.36572,0.65908,0.50712,1.86056,1.66028
889,1,0,1e+08,4337531438565,4337532200370,4337533091714,4337533150094,4337533175930,4337533460598,4337533620590,4337533620626,16,21.8206,7.61805,8.91344,0.5838,0.25836,2.84668,1.59992
890,1,0,1e+08,4337534270039,4337534958979,4337535828473,4337535891753,4337535935213,4337536202105,4337536331553,4337536331581,16,20.6154,6.8894,8.69494,0.6328,0.4346,2.66892,1.29448
891,1,0,1e+08,4337537034325,4337538083005,4337538718978,4337538773922,4337538794154,4337539027534,4337539149186,4337539149222,16,21.149,10.4868,6.35973,0.54944,0.20232,2.3338,1.21652
892,1,0,1e+08,4337539756138,4337540002890,4337540320882,4337540404526,4337540422610,4337540580526,4337540727226,4337540727250,16,9.71112,2.46752,3.17992,0.83644,0.18084,1.57916,1.467
893,1,0,1e+08,4337541670638,4337541973390,4337542290202,4337542356606,4337542428630,4337543038263,4337543400505,4337543400569,16,17.2993,3.02752,3.16812,0.66404,0.72024,6.09633,3.62242
894,1,0,1e+08,4337544622286,4337544888214,4337545228126,4337545294482,4337545342850,4337545508694,4337545645390,4337545645414,16,10.2313,2.65928,3.39912,0.66356,0.48368,1.65844,1.36696
895,1,0,1e+08,4337546467580,4337546869965,4337547728970,4337547856299,4337547921595,4337548401686,4337548574542,4337548574598,16,21.0702,4.02385,8.59005,1.27329,0.65296,4.80091,1.72856
896,1,0,1e+08,4337549382134,4337549604026,4337550469901,4337550571449,4337550597506,4337551048108,4337551210012,4337551210048,16,18.2791,2.21892,8.65875,1.01548,0.26057,4.50602,1.61904
897,1,0,1e+08,4337552388047,4337553384388,4337554020964,4337554090936,4337554148244,4337554377720,4337554506004,4337554506036,16,21.1799,9.96341,6.36576,0.69972,0.57308,2.29476,1.28284
898,1,0,1e+08,4337555066435,4337555721956,4337556617045,4337556680113,4337556725149,4337556999285,4337557145361,4337557145389,16,20.7895,6.55521,8.95089,0.63068,0.45036,2.74136,1.46076
899,1,0,1e+08,4337557950127,4337559096849,4337559698833,4337559756961,4337559781477,4337560004957,4337560141505,4337560141537,16,21.9141,11.4672,6.01984,0.58128,0.24516,2.2348,1.36548
900,1,0,1e+08,4337561060821,4337562136254,4337562750926,4337562811034,4337562833734,4337563082542,4337563213034,4337563213062,16,21.5224,10.7543,6.14672,0.60108,0.227,2.48808,1.30492
901,1,0,1e+08,4337563868629,4337564584263,4337565436326,4337565554390,4337565571034,4337565823630,4337565952098,4337565952134,16,20.8351,7.15634,8.52063,1.18064,0.16644,2.52596,1.28468
902,1,0,1e+08,4337566592035,4337567329780,4337568152060,4337568291412,4337568313460,4337568560504,4337568690536,4337568690564,16,20.9853,7.37745,8.2228,1.39352,0.22048,2.47044,1.30032
903,1,0,1e+08,4337569271418,4337570260860,4337570910524,4337571005108,4337571041604,4337571307320,4337571435160,4337571435192,16,21.6377,9.89442,6.49664,0.94584,0.36496,2.65716,1.2784
904,1,0,1e+08,4337572161200,4337572778642,4337573700640,4337573774812,4337573825680,4337574104440,4337574249028,4337574249060,16,20.8786,6.17442,9.21998,0.74172,0.50868,2.7876,1.44588
905,1,0,1e+08,4337574997551,4337575752818,4337576553716,4337576624764,4337576670156,4337576953392,4337577090988,4337577091020,16,20.9347,7.55267,8.00898,0.71048,0.45392,2.83236,1.37596
906,1,0,1e+08,4337577667718,4337578050198,4337579152420,4337579218556,4337579265036,4337579557948,4337579691928,4337579691960,16,20.2424,3.8248,11.0222,0.66136,0.4648,2.92912,1.3398
907,1,0,1e+08,4337580516359,4337581154802,4337582029482,4337582098790,4337582127542,4337582388282,4337582512854,4337582512890,16,19.9653,6.38443,8.7468,0.69308,0.28752,2.6074,1.24572
908,1,0,1e+08,4337583221407,4337583840818,4337584794758,4337584990318,4337585011778,4337585286814,4337585419862,4337585419894,16,21.9849,6.19411,9.5394,1.9556,0.2146,2.75036,1.33048
909,1,0,1e+08,4337586035226,4337586965882,4337587645730,4337587807114,4337587828518,4337588060602,4337588189630,4337588189662,16,21.5444,9.30656,6.79848,1.61384,0.21404,2.32084,1.29028
910,1,0,1e+08,4337588849926,4337589855958,4337590503739,4337590601199,4337590616639,4337590846871,4337590970895,4337590970923,16,21.21,10.0603,6.47781,0.9746,0.1544,2.30232,1.24024
911,1,0,1e+08,4337591629937,4337592469657,4337593206769,4337593363621,4337593382553,4337593625161,4337593751021,4337593751117,16,21.2118,8.3972,7.37112,1.56852,0.18932,2.42608,1.2586
912,1,0,1e+08,4337594378946,4337595381580,4337596022363,4337596107431,4337596163827,4337596418663,4337596565891,4337596565919,16,21.8697,10.0263,6.40783,0.85068,0.56396,2.54836,1.47228
913,1,0,1e+08,4337597095645,4337597376290,4337597739730,4337597805366,4337597823642,4337597991070,4337598128706,4337598128734,16,10.3309,2.80645,3.6344,0.65636,0.18276,1.67428,1.37636
914,1,0,1e+08,4337598830044,4337599644828,4337600389564,4337600530016,4337600546608,4337600832916,4337600959984,4337600960012,16,21.2997,8.14784,7.44736,1.40452,0.16592,2.86308,1.27068
915,1,0,1e+08,4337601557672,4337602720521,4337603351659,4337603405655,4337603455451,4337603695299,4337603828575,4337603828607,16,22.7094,11.6285,6.31138,0.53996,0.49796,2.39848,1.33276
916,1,0,1e+08,4337604305200,4337605063941,4337605850725,4337605990237,4337606006521,4337606254193,4337606375241,4337606375273,16,20.7007,7.58741,7.86784,1.39512,0.16284,2.47672,1.21048
917,1,0,1e+08,4337607095260,4337607882064,4337608715645,4337608881537,4337608900617,4337609173161,4337609301813,4337609301849,16,22.0659,7.86804,8.33581,1.65892,0.1908,2.72544,1.28652
918,1,0,1e+08,4337610023664,4337610352073,4337610674677,4337610746633,4337610798429,4337610955601,4337611095541,4337611095565,16,10.719,3.28409,3.22604,0.71956,0.51796,1.57172,1.3994
919,1,0,1e+08,4337611850951,4337612434259,4337613326292,4337613400436,4337613436400,4337613695564,4337613823964,4337613823996,16,19.7305,5.83308,8.92033,0.74144,0.35964,2.59164,1.284
920,1,0,1e+08,4337614555866,4337615459110,4337616137847,4337616297895,4337616319771,4337616559335,4337616678731,4337616678759,16,21.2289,9.03244,6.78737,1.60048,0.21876,2.39564,1.19396
921,1,0,1e+08,4337617330313,4337617661353,4337618869728,4337619040056,4337619058080,4337619348888,4337619487148,4337619487188,16,21.5688,3.3104,12.0838,1.70328,0.18024,2.90808,1.3826
922,1,0,1e+08,4337620219468,4337620729387,4337621770302,4337621917450,4337621933634,4337622215354,4337622347330,4337622347362,16,21.2789,5.09919,10.4092,1.47148,0.16184,2.8172,1.31976
923,1,0,1e+08,4337623002648,4337623792354,4337624569140,4337624695308,4337624715248,4337624975908,4337625111852,4337625111888,16,21.0924,7.89706,7.76786,1.26168,0.1994,2.6066,1.35944
924,1,0,1e+08,4337625860635,4337626878076,4337627520526,4337627664866,4337627682298,4337627918474,4337628042770,4337628042798,16,21.8216,10.1744,6.4245,1.4434,0.17432,2.36176,1.24296
925,1,0,1e+08,4337628835808,4337629778208,4337630467636,4337630588564,4337630605524,4337630845224,4337630981272,4337630981308,16,21.455,9.424,6.89428,1.20928,0.1696,2.397,1.36048
926,1,0,1e+08,4337631665177,4337632687781,4337633334353,4337633427941,4337633459557,4337633739785,4337633868677,4337633868705,16,22.0353,10.226,6.46572,0.93588,0.31616,2.80228,1.28892
927,1,0,1e+08,4337634561673,4337635111837,4337636094233,4337636164329,4337636187733,4337636461169,4337636606717,4337636606753,16,20.4508,5.50164,9.82396,0.70096,0.23404,2.73436,1.45548
928,1,0,1e+08,4337637435862,4337638288814,4337639055952,4337639131392,4337639175728,4337639429276,4337639566788,4337639566816,16,21.3095,8.52952,7.67138,0.7544,0.44336,2.53548,1.37512
929,1,0,1e+08,4337640286947,4337640579036,4337640901192,4337640970900,4337641032784,4337641225032,4337641365040,4337641365068,16,10.7812,2.92089,3.22156,0.69708,0.61884,1.92248,1.40008
930,1,0,1e+08,4337642283917,4337642570795,4337642923431,4337643059339,4337643081887,4337643243523,4337643381483,4337643381503,16,10.9759,2.86878,3.52636,1.35908,0.22548,1.61636,1.3796
931,1,0,1e+08,4337644004970,4337644299490,4337645524684,4337645591872,4337645668528,4337646032384,4337646182208,4337646182244,16,21.7727,2.9452,12.2519,0.67188,0.76656,3.63856,1.49824
932,1,0,1e+08,4337646575572,4337646796932,4337647132876,4337647213788,4337647251060,4337647424928,4337647569592,4337647569616,16,9.94044,2.2136,3.35944,0.80912,0.37272,1.73868,1.44664
933,1,0,1e+08,4337648399486,4337649211310,4337649974886,4337650078270,4337650093230,4337650350982,4337650498942,4337650498978,16,20.9949,8.11824,7.63576,1.03384,0.1496,2.57752,1.4796
934,1,0,1e+08,4337651092038,4337651970574,4337652705747,4337652828175,4337652845095,4337653100047,4337653241107,4337653241135,16,21.491,8.78536,7.35173,1.22428,0.1692,2.54952,1.4106
935,1,0,1e+08,4337653743392,4337654794993,4337655432930,4337655560690,4337655577562,4337655849758,4337656003514,4337656003546,16,22.6015,10.516,6.37937,1.2776,0.16872,2.72196,1.53756
936,1,0,1e+08,4337656497934,4337657353661,4337658087720,4337658145360,4337658161112,4337658477616,4337658627380,4337658627408,16,21.2947,8.55727,7.34059,0.5764,0.15752,3.16504,1.49764
937,1,0,1e+08,4337659158942,4337659774633,4337660708097,4337660769253,4337660791425,4337661057401,4337661183941,4337661183977,16,20.2504,6.15691,9.33464,0.61156,0.22172,2.65976,1.2654
938,1,0,1e+08,4337661885501,4337662539878,4337663427068,4337663494540,4337663516760,4337663779652,4337663904520,4337663904552,16,20.1905,6.54377,8.8719,0.67472,0.2222,2.62892,1.24868
939,1,0,1e+08,4337664612176,4337664942978,4337665276710,4337665354006,4337665431838,4337666080749,4337666436446,4337666436538,16,18.2436,3.30802,3.33732,0.77296,0.77832,6.48911,3.55697
940,1,0,1e+08,4337667237114,4337667530590,4337667944206,4337668097514,4337668118766,4337668303286,4337668441994,4337668442018,16,12.049,2.93476,4.13616,1.53308,0.21252,1.8452,1.38708
941,1,0,1e+08,4337669044049,4337669833313,4337670585584,4337670659868,4337670712660,4337671003164,4337671157476,4337671157512,16,21.1346,7.89264,7.52271,0.74284,0.52792,2.90504,1.54312
942,1,0,1e+08,4337671660244,4337671883582,4337672206382,4337672274546,4337672333586,4337672496050,4337672633054,4337672633078,16,9.72834,2.23338,3.228,0.68164,0.5904,1.62464,1.37004
943,1,0,1e+08,4337673379523,4337674156904,4337674897149,4337674973757,4337675044957,4337675311273,4337675456473,4337675456505,16,20.7698,7.77381,7.40245,0.76608,0.712,2.66316,1.452
944,1,0,1e+08,4337675914215,4337676595578,4337677511011,4337677674179,4337677691167,4337677972919,4337678105875,4337678105903,16,21.9169,6.81363,9.15433,1.63168,0.16988,2.81752,1.32956
945,1,0,1e+08,4337678621650,4337678952306,4337679275266,4337679346646,4337679398362,4337679564934,4337679708250,4337679708278,16,10.8663,3.30656,3.2296,0.7138,0.51716,1.66572,1.43316
946,1,0,1e+08,4337680387351,4337680683829,4337681007777,4337681083497,4337681127521,4337681627692,4337682057795,4337682057871,16,16.7052,2.96478,3.23948,0.7572,0.44024,5.00171,4.30103
947,1,0,1e+08,4337683090964,4337683382521,4337683758473,4337683913337,4337683936513,4337684097245,4337684237325,4337684237353,16,11.4639,2.91557,3.75952,1.54864,0.23176,1.60732,1.4008
948,1,0,1e+08,4337684876589,4337685888447,4337686531596,4337686675200,4337686697784,4337686925020,4337687058760,4337687058784,16,21.822,10.1186,6.43149,1.43604,0.22584,2.27236,1.3374
949,1,0,1e+08,4337687649222,4337688703758,4337689337246,4337689416214,4337689448370,4337689718450,4337689864482,4337689864514,16,22.1529,10.5454,6.33488,0.78968,0.32156,2.7008,1.46032
950,1,0,1e+08,4337690300991,4337691186705,4337691911697,4337691982785,4337692026961,4337692293989,4337692437473,4337692437505,16,21.3651,8.85714,7.24992,0.71088,0.44176,2.67028,1.43484
951,1,0,1e+08,4337693052739,4337694088912,4337694728220,4337694805016,4337694840348,4337695082368,4337695225760,4337695225792,16,21.7305,10.3617,6.39308,0.76796,0.35332,2.4202,1.43392
952,1,0,1e+08,4337695805758,4337696679117,4337697404256,4337697502484,4337697519816,4337697778176,4337697923104,4337697923132,16,21.1737,8.73359,7.25139,0.98228,0.17332,2.5836,1.44928
953,1,0,1e+08,4337698407919,4337699288528,4337700012519,4337700108135,4337700126007,4337700386723,4337700525499,4337700525531,16,21.1761,8.80609,7.23991,0.95616,0.17872,2.60716,1.38776
954,1,0,1e+08,4337701057080,4337702085877,4337702724477,4337702861721,4337702878833,4337703128505,4337703283097,4337703283125,16,22.2605,10.288,6.386,1.37244,0.17112,2.49672,1.54592
955,1,0,1e+08,4337703755609,4337704802812,4337705441220,4337705585676,4337705605212,4337705834136,4337705971880,4337705971916,16,22.1631,10.472,6.38408,1.44456,0.19536,2.28924,1.37744
956,1,0,1e+08,4337706459016,4337707490879,4337708123100,4337708227388,4337708267300,4337708551804,4337708703980,4337708704008,16,22.4499,10.3186,6.32221,1.04288,0.39912,2.84504,1.52176
957,1,0,1e+08,4337709197870,4337709770803,4337710784321,4337710850553,4337710875725,4337711159205,4337711318821,4337711318857,16,21.2099,5.72933,10.1352,0.66232,0.25172,2.8348,1.59616
958,1,0,1e+08,4337711893775,4337712708955,4337713524228,4337713582064,4337713612608,4337713899096,4337714044856,4337714044888,16,21.5111,8.1518,8.15273,0.57836,0.30544,2.86488,1.4576
959,1,0,1e+08,4337714546414,4337714867839,4337715201647,4337715263559,4337715344215,4337715509051,4337715662119,4337715662147,16,11.1573,3.21425,3.33808,0.61912,0.80656,1.64836,1.53068
960,1,0,1e+08,4337716369281,4337717026684,4337717920968,4337718040092,4337718058260,4337718342732,4337718477944,4337718477976,16,21.087,6.57403,8.94284,1.19124,0.18168,2.84472,1.35212
961,1,0,1e+08,4337718944659,4337719193331,4337719515659,4337719583543,4337719625807,4337719834791,4337719976187,4337719976215,16,10.3156,2.48672,3.22328,0.67884,0.42264,2.08984,1.41396
962,1,0,1e+08,4337720562533,4337721557976,4337722218553,4337722288909,4337722307553,4337722559881,4337722702233,4337722702261,16,21.3973,9.95443,6.60577,0.70356,0.18644,2.52328,1.42352
963,1,0,1e+08,4337723169673,4337723407339,4337723733511,4337723825171,4337723865875,4337724059247,4337724197443,4337724197471,16,10.278,2.37666,3.26172,0.9166,0.40704,1.93372,1.38196
964,1,0,1e+08,4337724993169,4337725718269,4337726594181,4337726670029,4337726722721,4337727050269,4337727213165,4337727213193,16,22.2002,7.251,8.75912,0.75848,0.52692,3.27548,1.62896
965,1,0,1e+08,4337727765643,4337728022852,4337728344460,4337728417660,4337728459820,4337728626556,4337728778160,4337728778188,16,10.1254,2.57209,3.21608,0.732,0.4216,1.66736,1.51604
966,1,0,1e+08,4337729612815,4337729902053,4337730253589,4337730319845,4337730382397,4337730558181,4337730697905,4337730697929,16,10.8511,2.89238,3.51536,0.66256,0.62552,1.75784,1.39724
967,1,0,1e+08,4337731372624,4337732249558,4337732941412,4337733007408,4337733052124,4337733362132,4337733513972,4337733514004,16,21.4138,8.76934,6.91854,0.65996,0.44716,3.10008,1.5184
968,1,0,1e+08,4337734027476,4337734276840,4337734596096,4337734673132,4337734703368,4337734869300,4337735010068,4337735010092,16,9.82616,2.49364,3.19256,0.77036,0.30236,1.65932,1.40768
969,1,0,1e+08,4337735804946,4337736151525,4337736497089,4337736615865,4337736635905,4337736806857,4337736947733,4337736947761,16,11.4282,3.46579,3.45564,1.18776,0.2004,1.70952,1.40876
970,1,0,1e+08,4337737596505,4337738438693,4337739238336,4337739296016,4337739324036,4337739633836,4337739789568,4337739789600,16,21.931,8.42188,7.99643,0.5768,0.2802,3.098,1.55732
971,1,0,1e+08,4337740158400,4337740391740,4337740714236,4337740777080,4337740835860,4337741486692,4337741823968,4337741824036,16,16.6564,2.3334,3.22496,0.62844,0.5878,6.50832,3.37276
972,1,0,1e+08,4337742984149,4337743244307,4337743610015,4337743674927,4337743711695,4337743882167,4337744017059,4337744017079,16,10.3293,2.60158,3.65708,0.64912,0.36768,1.70472,1.34892
973,1,0,1e+08,4337744693198,4337745223636,4337746251338,4337746381114,4337746401630,4337746675034,4337746811810,4337746811846,16,21.1865,5.30438,10.277,1.29776,0.20516,2.73404,1.36776
974,1,0,1e+08,4337747372407,4337747624096,4337747944972,4337748011140,4337748053916,4337748233132,4337748372228,4337748372252,16,9.99845,2.51689,3.20876,0.66168,0.42776,1.79216,1.39096
975,1,0,1e+08,4337749062812,4337749454730,4337750553570,4337750624110,4337750665434,4337750948398,4337751088658,4337751088758,16,20.2595,3.91918,10.9884,0.7054,0.41324,2.82964,1.4026
976,1,0,1e+08,4337751628506,4337752455228,4337753241497,4337753350669,4337753392465,4337753668061,4337753804769,4337753804797,16,21.7629,8.26722,7.86269,1.09172,0.41796,2.75596,1.36708
977,1,0,1e+08,4337754271530,4337754512487,4337754832811,4337754901755,4337754947643,4337755129995,4337755285987,4337755286015,16,10.1448,2.40957,3.20324,0.68944,0.45888,1.82352,1.55992
978,1,0,1e+08,4337756035628,4337756363020,4337756690984,4337756764644,4337756813796,4337756979384,4337757123036,4337757123060,16,10.8743,3.27392,3.27964,0.7366,0.49152,1.65588,1.43652
979,1,0,1e+08,4337757808732,4337758373069,4337759436304,4337759592924,4337759610568,4337759877220,4337760015212,4337760015248,16,22.0652,5.64337,10.6324,1.5662,0.17644,2.66652,1.37992
980,1,0,1e+08,4337760525167,4337760776179,4337761094403,4337761168727,4337761216187,4337761404683,4337761562491,4337761562515,16,10.3735,2.51012,3.18224,0.74324,0.4746,1.88496,1.57808
981,1,0,1e+08,4337762371403,4337763040940,4337763929285,4337764003681,4337764046449,4337764327101,4337764495989,4337764496025,16,21.2462,6.69537,8.88345,0.74396,0.42768,2.80652,1.68888
982,1,0,1e+08,4337765045808,4337765836853,4337766589461,4337766668461,4337766711969,4337766967033,4337767116561,4337767116589,16,20.7078,7.91045,7.52608,0.79,0.43508,2.55064,1.49528
983,1,0,1e+08,4337767688152,4337767921112,4337768246148,4337768317636,4337768356724,4337768517048,4337768660404,4337768660432,16,9.7228,2.3296,3.25036,0.71488,0.39088,1.60324,1.43356
984,1,0,1e+08,4337769249703,4337769899287,4337770745012,4337770885748,4337770903920,4337771164348,4337771303988,4337771304016,16,20.5431,6.49584,8.45725,1.40736,0.18172,2.60428,1.3964
985,1,0,1e+08,4337771796759,4337772082739,4337772408499,4337772472695,4337772514111,4337772690043,4337772827487,4337772827515,16,10.3076,2.8598,3.2576,0.64196,0.41416,1.75932,1.37444
986,1,0,1e+08,4337773511425,4337774527586,4337775194294,4337775251290,4337775279418,4337775541310,4337775690306,4337775690330,16,21.789,10.1616,6.66708,0.56996,0.28128,2.61892,1.48996
987,1,0,1e+08,4337776110259,4337776453545,4337776784861,4337776883537,4337776931749,4337777159341,4337777306253,4337777306281,16,11.9602,3.43286,3.31316,0.98676,0.48212,2.27592,1.46912
988,1,0,1e+08,4337777942134,4337778635673,4337779521380,4337779580884,4337779613548,4337779944128,4337780123188,4337780123216,16,21.8108,6.93539,8.85707,0.59504,0.32664,3.3058,1.7906
989,1,0,1e+08,4337780692595,4337781722716,4337782382765,4337782436793,4337782483917,4337782750189,4337782877929,4337782877965,16,21.8537,10.3012,6.60049,0.54028,0.47124,2.66272,1.2774
990,1,0,1e+08,4337783655372,4337784457865,4337785201168,4337785276248,4337785301392,4337785566960,4337785707780,4337785707808,16,20.5244,8.02493,7.43303,0.7508,0.25144,2.65568,1.4082
991,1,0,1e+08,4337786203907,4337786539240,4337786873756,4337786939684,4337786993028,4337787153940,4337787296880,4337787296908,16,10.93,3.35333,3.34516,0.65928,0.53344,1.60912,1.4294
992,1,0,1e+08,4337787932161,4337788829566,4337789532197,4337789636089,4337789651901,4337789893885,4337790025541,4337790025569,16,20.9341,8.97405,7.02631,1.03892,0.15812,2.41984,1.31656
993,1,0,1e+08,4337790522624,4337791339078,4337792091229,4337792171913,4337792196141,4337792486881,4337792660753,4337792660789,16,21.3816,8.16454,7.52151,0.80684,0.24228,2.9074,1.73872
994,1,0,1e+08,4337793193795,4337794071760,4337794805254,4337794871278,4337794953130,4337795245326,4337795399102,4337795399130,16,22.0533,8.77965,7.33494,0.66024,0.81852,2.92196,1.53776
995,1,0,1e+08,4337795786284,4337795996916,4337796316472,4337796381912,4337796427328,4337796641776,4337796779704,4337796779732,16,9.93448,2.10632,3.19556,0.6544,0.45416,2.14448,1.37928
996,1,0,1e+08,4337797421107,4337798137340,4337798952341,4337799091725,4337799110225,4337799383985,4337799518089,4337799518117,16,20.9701,7.16233,8.15001,1.39384,0.185,2.7376,1.34104
997,1,0,1e+08,4337799978577,4337800700994,4337801548026,4337801626218,4337801650530,4337801962810,4337802107238,4337802107270,16,21.2869,7.22417,8.47032,0.78192,0.24312,3.1228,1.44428
998,1,0,1e+08,4337802589945,4337802798374,4337803116966,4337803201894,4337803224178,4337803382422,4337803532822,4337803532850,16,9.42905,2.08429,3.18592,0.84928,0.22284,1.58244,1.504
999,1,0,1e+08,4337804319686,4337805122056,4337805880853,4337806023813,4337806041445,4337806306305,4337806454497,4337806454533,16,21.3485,8.0237,7.58797,1.4296,0.17632,2.6486,1.48192
1000,1,0,1e+08,4337807076123,4337807374104,4337807701764,4337807784532,4337807825352,4337807998732,4337808171176,4337808171200,16,10.9508,2.97981,3.2766,0.82768,0.4082,1.7338,1.72444
1001,1,0,1e+08,4337808913848,4337809181542,4337809506606,4337809574114,4337809609238,4337809775178,4337809911150,4337809911178,16,9.9733,2.67694,3.25064,0.67508,0.35124,1.6594,1.35972
1002,1,0,1e+08,4337810625672,4337810964126,4337811307666,4337811432782,4337811453822,4337811613674,4337811745798,4337811745822,16,11.2015,3.38454,3.4354,1.25116,0.2104,1.59852,1.32124
1003,1,0,1e+08,4337812406734,4337812708053,4337813032793,4337813101733,4337813137793,4337813307001,4337813448873,4337813448901,16,10.4217,3.01319,3.2474,0.6894,0.3606,1.69208,1.41872
1004,1,0,1e+08,4337814094715,4337814717401,4337815668961,4337815823137,4337815841769,4337816139229,4337816286861,4337816286889,16,21.9217,6.22686,9.5156,1.54176,0.18632,2.9746,1.47632
1005,1,0,1e+08,4337816821897,4337817086559,4337817423519,4337817526091,4337817572531,4337817791847,4337817945107,4337817945135,16,11.2324,2.64662,3.3696,1.02572,0.4644,2.19316,1.5326
1006,1,0,1e+08,4337818582131,4337818826485,4337819151457,4337819223137,4337819274169,4337819443145,4337819611053,4337819611077,16,10.2895,2.44354,3.24972,0.7168,0.51032,1.68976,1.67908
1007,1,0,1e+08,4337820189697,4337820612207,4337821798228,4337821920848,4337821938164,4337822259952,4337822421976,4337822422012,16,22.3231,4.2251,11.8602,1.2262,0.17316,3.21788,1.62024
1008,1,0,1e+08,4337822789819,4337823011169,4337823338105,4337823405041,4337823454605,4337823744956,4337824262885,4337824262961,16,14.7314,2.2135,3.26936,0.66936,0.49564,2.90351,5.17929
1009,1,0,1e+08,4337825276131,4337825548789,4337825933397,4337825999457,4337826024529,4337826253073,4337826409121,4337826409149,16,11.3302,2.72658,3.84608,0.6606,0.25072,2.28544,1.56048
1010,1,0,1e+08,4337826977180,4337827985661,4337828661179,4337828717815,4337828762299,4337829028827,4337829181143,4337829181171,16,22.0399,10.0848,6.75518,0.56636,0.44484,2.66528,1.52316
1011,1,0,1e+08,4337829570283,4337829928883,4337831058624,4337831184344,4337831202772,4337831495116,4337831650932,4337831650968,16,20.8069,3.586,11.2974,1.2572,0.18428,2.92344,1.55816
1012,1,0,1e+08,4337832080026,4337832310299,4337832666631,4337832736435,4337832758463,4337833501591,4337833757021,4337833757073,16,16.7705,2.30273,3.56332,0.69804,0.22028,7.43128,2.5543
1013,1,0,1e+08,4337834726276,4337835005606,4337835361622,4337835428066,4337835455286,4337835672955,4337836256850,4337836257035,16,15.3076,2.7933,3.56016,0.66444,0.2722,2.17669,5.83895
1014,1,0,1e+08,4337837297117,4337837617870,4337838006790,4337838070506,4337838098114,4337838268790,4337838433358,4337838433382,16,11.3627,3.20753,3.8892,0.63716,0.27608,1.70676,1.64568
1015,1,0,1e+08,4337839035574,4337840029985,4337840690981,4337840797501,4337840813221,4337841051409,4337841199385,4337841199421,16,21.6385,9.94411,6.60996,1.0652,0.1572,2.38188,1.47976
1016,1,0,1e+08,4337841617003,4337842332918,4337843148770,4337843329698,4337843347406,4337843599390,4337843741846,4337843741874,16,21.2487,7.15915,8.15852,1.80928,0.17708,2.51984,1.42456
1017,1,0,1e+08,4337844265368,4337844862691,4337845817845,4337845960181,4337845977345,4337846253229,4337846395977,4337846396009,16,21.3064,5.97323,9.55154,1.42336,0.17164,2.75884,1.42748
1018,1,0,1e+08,4337846875739,4337847105119,4337847408775,4337847471935,4337847529243,4337847692439,4337847837931,4337847837951,16,9.62212,2.2938,3.03656,0.6316,0.57308,1.63196,1.45492
1019,1,0,1e+08,4337848834221,4337849037873,4337849362297,4337849425101,4337849469949,4337849644185,4337849783225,4337849783253,16,9.49032,2.03652,3.24424,0.62804,0.44848,1.74236,1.3904
1020,1,0,1e+08,4337850398644,4337851303493,4337851968482,4337852088878,4337852108030,4337852346410,4337852489838,4337852489866,16,20.9122,9.04849,6.64989,1.20396,0.19152,2.3838,1.43428
1021,1,0,1e+08,4337852973790,4337853660059,4337854539797,4337854607205,4337854640873,4337854943157,4337855088021,4337855088057,16,21.1427,6.86269,8.79738,0.67408,0.33668,3.02284,1.44864
1022,1,0,1e+08,4337855532080,4337855773032,4337856098576,4337856157900,4337856201000,4337856363060,4337856508888,4337856508912,16,9.76832,2.40952,3.25544,0.59324,0.431,1.6206,1.45828
1023,1,0,1e+08,4337857292900,4337858338573,4337858968213,4337859033665,4337859054233,4337859283329,4337859408689,4337859408721,16,21.1582,10.4567,6.2964,0.65452,0.20568,2.29096,1.2536
1024,1,0,1e+08,4337859956610,4337860457108,4337861479996,4337861620760,4337861641276,4337861951644,4337862099260,4337862099292,16,21.4268,5.00498,10.2289,1.40764,0.20516,3.10368,1.47616
1025,1,0,1e+08,4337862649506,4337862890834,4337863211414,4337863277602,4337863335446,4337863540714,4337863679666,4337863679694,16,10.3019,2.41328,3.2058,0.66188,0.57844,2.05268,1.38952
1026,1,0,1e+08,4337864330099,4337865017040,4337865906965,4337865980841,4337866049777,4337866338689,4337866481473,4337866481505,16,21.5141,6.86941,8.89925,0.73876,0.68936,2.88912,1.42784
1027,1,0,1e+08,4337866951767,4337867195043,4337867550739,4337867676579,4337867697747,4337867860831,4337868011627,4337868011651,16,10.5988,2.43276,3.55696,1.2584,0.21168,1.63084,1.50796
1028,1,0,1e+08,4337868743346,4337869073875,4337869393291,4337869457987,4337869497811,4337869656503,4337869791359,4337869791383,16,10.4804,3.30529,3.19416,0.64696,0.39824,1.58692,1.34856
1029,1,0,1e+08,4337870452667,4337871562875,4337872219431,4337872276415,4337872304491,4337872541639,4337872697295,4337872697327,16,22.4466,11.1021,6.56556,0.56984,0.28076,2.37148,1.55656
1030,1,0,1e+08,4337873010178,4337873224202,4337873561646,4337873656726,4337873697510,4337873893738,4337874047822,4337874047846,16,10.3767,2.14024,3.37444,0.9508,0.40784,1.96228,1.54084
1031,1,0,1e+08,4337874848513,4337875110991,4337876326196,4337876403556,4337876431328,4337876795424,4337876940164,4337876940200,16,20.9169,2.62478,12.152,0.7736,0.27772,3.64096,1.4474
1032,1,0,1e+08,4337877498456,4337877772285,4337878094245,4337878173561,4337878215281,4337878385805,4337878526073,4337878526097,16,10.2764,2.73829,3.2196,0.79316,0.4172,1.70524,1.40268
1033,1,0,1e+08,4337879171075,4337879842511,4337880736414,4337880857550,4337880873186,4337881169146,4337881327650,4337881327686,16,21.5661,6.71436,8.93903,1.21136,0.15636,2.9596,1.58504
1034,1,0,1e+08,4337881848873,4337882077517,4337882398017,4337882464961,4337882543993,4337882719717,4337882903173,4337882903197,16,10.5432,2.28644,3.205,0.66944,0.79032,1.75724,1.83456
1035,1,0,1e+08,4337883568115,4337884359626,4337885214860,4337885289876,4337885316872,4337885598192,4337885747432,4337885747468,16,21.7935,7.91511,8.55234,0.75016,0.26996,2.8132,1.4924
1036,1,0,1e+08,4337886310741,4337886974702,4337887888252,4337887957544,4337888007288,4337888287872,4337888421308,4337888421336,16,21.1059,6.63961,9.1355,0.69292,0.49744,2.80584,1.33436
1037,1,0,1e+08,4337888932756,4337889742348,4337890493578,4337890591742,4337890618182,4337890865450,4337891018514,4337891018550,16,20.8579,8.09592,7.5123,0.98164,0.2644,2.47268,1.53064
1038,1,0,1e+08,4337891536359,4337892405676,4337893125977,4337893221585,4337893238781,4337893485341,4337893623317,4337893623345,16,20.8699,8.69317,7.20301,0.95608,0.17196,2.4656,1.37976
1039,1,0,1e+08,4337894096740,4337894707096,4337895557948,4337895693352,4337895713408,4337895960580,4337896089628,4337896089744,16,19.93,6.10356,8.50852,1.35404,0.20056,2.47172,1.29048
1040,1,0,1e+08,4337896768405,4337897788664,4337898431090,4337898522326,4337898562150,4337898851614,4337899009670,4337899009698,16,22.4129,10.2026,6.42426,0.91236,0.39824,2.89464,1.58056
1041,1,0,1e+08,4337899432275,4337899756531,4337900080215,4337900144587,4337900188111,4337900357083,4337900499555,4337900499583,16,10.6731,3.24256,3.23684,0.64372,0.43524,1.68972,1.42472
1042,1,0,1e+08,4337901155555,4337901394381,4337901736521,4337901894273,4337901913489,4337902082817,4337902222137,4337902222161,16,10.6661,2.38826,3.4214,1.57752,0.19216,1.69328,1.3932
1043,1,0,1e+08,4337902955386,4337903259387,4337903583083,4337903651531,4337903670755,4337903829243,4337903969359,4337903969387,16,10.14,3.04001,3.23696,0.68448,0.19224,1.58488,1.40116
1044,1,0,1e+08,4337904609183,4337905495864,4337906215816,4337906341452,4337906360636,4337906636424,4337906771264,4337906771292,16,21.6211,8.86681,7.19952,1.25636,0.19184,2.75788,1.3484
1045,1,0,1e+08,4337907221022,4337907427884,4337907743556,4337907843804,4337907884940,4337908134860,4337908292848,4337908292876,16,10.7185,2.06862,3.15672,1.00248,0.41136,2.4992,1.57988
1046,1,0,1e+08,4337909152000,4337909883578,4337910722513,4337910785733,4337910849077,4337911155109,4337911301473,4337911301501,16,21.495,7.31578,8.38935,0.6322,0.63344,3.06032,1.46364
1047,1,0,1e+08,4337911812429,4337912024525,4337912343585,4337912409817,4337912441937,4337912604317,4337912756165,4337912756193,16,9.43764,2.12096,3.1906,0.66232,0.3212,1.6238,1.51848
1048,1,0,1e+08,4337913536495,4337914188973,4337915036734,4337915170686,4337915187146,4337915439430,4337915566370,4337915566398,16,20.299,6.52478,8.47761,1.33952,0.1646,2.52284,1.2694
1049,1,0,1e+08,4337916513239,4337917470230,4337918156814,4337918304794,4337918323418,4337918586162,4337918733946,4337918733982,16,22.2074,9.56991,6.86584,1.4798,0.18624,2.62744,1.47784
1050,1,0,1e+08,4337919197958,4337920069440,4337920755472,4337920922192,4337920943224,4337921172748,4337921298652,4337921298680,16,21.0072,8.71482,6.86032,1.6672,0.21032,2.29524,1.25904
1051,1,0,1e+08,4337921868752,4337922098068,4337922415924,4337922476336,4337922533048,4337922743416,4337922878700,4337922878728,16,10.0998,2.29316,3.17856,0.60412,0.56712,2.10368,1.35284
1052,1,0,1e+08,4337923649440,4337923848996,4337924168696,4337924235116,4337924279008,4337924442372,4337924577956,4337924577980,16,9.2854,1.99556,3.197,0.6642,0.43892,1.63364,1.35584
1053,1,0,1e+08,4337925196825,4337926259176,4337926914517,4337927059029,4337927075657,4337927359861,4337927498377,4337927498409,16,23.0158,10.6235,6.55341,1.44512,0.16628,2.84204,1.38516
1054,1,0,1e+08,4337927981555,4337928841174,4337929545909,4337929632629,4337929661453,4337929943457,4337930078449,4337930078481,16,20.9693,8.59619,7.04735,0.8672,0.28824,2.82004,1.34992
1055,1,0,1e+08,4337930610299,4337930893515,4337931221583,4337931285607,4337931313459,4337931471115,4337931608183,4337931608211,16,9.97912,2.83216,3.28068,0.64024,0.27852,1.57656,1.37068
1056,1,0,1e+08,4337932289545,4337932590351,4337932941099,4337933090031,4337933109959,4337933266711,4337933401575,4337933401595,16,11.1205,3.00806,3.50748,1.48932,0.19928,1.56752,1.34864
1057,1,0,1e+08,4337934088850,4337934910282,4337935627975,4337935698263,4337935721995,4337936005023,4337936132319,4337936132355,16,20.4351,8.21432,7.17693,0.70288,0.23732,2.83028,1.27296
1058,1,0,1e+08,4337936757878,4337937452640,4337938265361,4337938335541,4337938380837,4337938668253,4337938819041,4337938819073,16,20.612,6.94762,8.12721,0.7018,0.45296,2.87416,1.50788
1059,1,0,1e+08,4337939321414,4337939533446,4337939851542,4337939921590,4337939964522,4337940141562,4337940279502,4337940279530,16,9.58116,2.12032,3.18096,0.70048,0.42932,1.7704,1.3794
1060,1,0,1e+08,4337941044080,4337941366798,4337941693114,4337941756402,4337941798870,4337941956210,4337942127110,4337942127134,16,10.8305,3.22718,3.26316,0.63288,0.42468,1.5734,1.709
1061,1,0,1e+08,4337942852107,4337943653665,4337944451982,4337944510174,4337944552046,4337944836034,4337944987610,4337944987646,16,21.3554,8.01558,7.98317,0.58192,0.41872,2.83988,1.51576
1062,1,0,1e+08,4337945470328,4337945698824,4337946019388,4337946092496,4337946131976,4337946356700,4337946502572,4337946502600,16,10.3227,2.28496,3.20564,0.73108,0.3948,2.24724,1.45872
1063,1,0,1e+08,4337947233929,4337947505970,4337947829810,4337947908630,4337947932034,4337948089486,4337948232314,4337948232342,16,9.98413,2.72041,3.2384,0.7882,0.23404,1.57452,1.42828
1064,1,0,1e+08,4337949024976,4337949660020,4337950607372,4337950683244,4337950755648,4337951055180,4337951193332,4337951193364,16,21.6839,6.35044,9.47352,0.75872,0.72404,2.99532,1.38152
1065,1,0,1e+08,4337951724087,4337951931987,4337952269647,4337952338103,4337952356119,4337952518275,4337952655931,4337952655959,16,9.31872,2.079,3.3766,0.68456,0.18016,1.62156,1.37656
1066,1,0,1e+08,4337953411667,4337953756499,4337954918097,4337955060277,4337955080553,4337955438793,4337955587477,4337955587513,16,21.7585,3.44832,11.616,1.4218,0.20276,3.5824,1.48684
1067,1,0,1e+08,4337956142975,4337956743232,4337957713545,4337957812105,4337957837961,4337958182545,4337958336241,4337958336277,16,21.933,6.00257,9.70313,0.9856,0.25856,3.44584,1.53696
1068,1,0,1e+08,4337958855569,4337959085533,4337959413457,4337959492881,4337959534009,4337959770209,4337959912185,4337959912209,16,10.5664,2.29964,3.27924,0.79424,0.41128,2.362,1.41976
1069,1,0,1e+08,4337960647306,4337961667143,4337962363768,4337962423584,4337962451328,4337962749100,4337962894044,4337962894080,16,22.4677,10.1984,6.96625,0.59816,0.27744,2.97772,1.44944
1070,1,0,1e+08,4337963337169,4337963927063,4337964906940,4337965045596,4337965061916,4337965344620,4337965489592,4337965489624,16,21.5246,5.89894,9.79877,1.38656,0.1632,2.82704,1.44972
1071,1,0,1e+08,4337966029950,4337966824001,4337967640062,4337967781622,4337967798302,4337968057958,4337968190498,4337968190534,16,21.6058,7.94051,8.16061,1.4156,0.1668,2.59656,1.3254
1072,1,0,1e+08,4337968933688,4337969186909,4337969508657,4337969575481,4337969645049,4337969838037,4337969980793,4337969980817,16,10.4713,2.53221,3.21748,0.66824,0.69568,1.92988,1.42756
1073,1,0,1e+08,4337970679345,4337971580531,4337972263426,4337972329538,4337972371742,4337972660726,4337972806910,4337972806946,16,21.276,9.01186,6.82895,0.66112,0.42204,2.88984,1.46184
1074,1,0,1e+08,4337973263272,4337974026638,4337974787008,4337974921340,4337974940176,4337975190576,4337975330328,4337975330356,16,20.6708,7.63366,7.6037,1.34332,0.18836,2.504,1.39752
1075,1,0,1e+08,4337975925212,4337976188848,4337976528592,4337976625516,4337976679936,4337976884656,4337977028904,4337977028932,16,11.0372,2.63636,3.39744,0.96924,0.5442,2.0472,1.44248
1076,1,0,1e+08,4337977745567,4337978072863,4337978402935,4337978476823,4337978517295,4337978676531,4337978844327,4337978844347,16,10.9878,3.27296,3.30072,0.73888,0.40472,1.59236,1.67796
1077,1,0,1e+08,4337979393307,4337980391292,4337981033756,4337981183472,4337981204060,4337981438800,4337981574084,4337981574116,16,21.8081,9.97985,6.42464,1.49716,0.20588,2.3474,1.35284
1078,1,0,1e+08,4337982210711,4337982483032,4337983607100,4337983782845,4337983804229,4337984170538,4337984334962,4337984334994,16,21.2428,2.72321,11.2407,1.75745,0.21384,3.66309,1.64424
1079,1,0,1e+08,4337985370773,4337986474380,4337987092969,4337987153289,4337987191269,4337987415361,4337987559013,4337987559045,16,21.8827,11.0361,6.18589,0.6032,0.3798,2.24092,1.43652
1080,1,0,1e+08,4337988113134,4337988381128,4337988701912,4337988767244,4337988785248,4337989596488,4337989823522,4337989823574,16,17.1044,2.67994,3.20784,0.65332,0.18004,8.1124,2.27034
1081,1,0,1e+08,4337990862854,4337991115650,4337991549996,4337991796530,4337991843620,4337992537387,4337992715727,4337992715775,16,18.5292,2.52796,4.34346,2.46534,0.4709,6.93767,1.7834
1082,1,0,1e+08,4337993517358,4337993732454,4337994058386,4337994126922,4337994167842,4337994343494,4337994478946,4337994478966,16,9.61608,2.15096,3.25932,0.68536,0.4092,1.75652,1.35452
1083,1,0,1e+08,4337995238195,4337996300602,4337996937218,4337996997710,4337997018698,4337997251526,4337997401142,4337997401178,16,21.6298,10.6241,6.36616,0.60492,0.20988,2.32828,1.49616
1084,1,0,1e+08,4337997919204,4337998630386,4337999451116,4337999598528,4337999616804,4337999866036,4337999990656,4337999990684,16,20.7148,7.11182,8.2073,1.47412,0.18276,2.49232,1.2462
1085,1,0,1e+08,4338000572530,4338001399727,4338002178608,4338002310936,4338002328748,4338002586996,4338002718100,4338002718132,16,21.456,8.27197,7.78881,1.32328,0.17812,2.58248,1.31104
1086,1,0,1e+08,4338003351196,4338004121916,4338004939006,4338005065122,4338005083174,4338005345822,4338005478466,4338005478498,16,21.273,7.7072,8.1709,1.26116,0.18052,2.62648,1.32644
1087,1,0,1e+08,4338006031575,4338006473031,4338007566513,4338007664289,4338007710657,4338008045929,4338008184409,4338008184445,16,21.5287,4.41456,10.9348,0.97776,0.46368,3.35272,1.3848
1088,1,0,1e+08,4338008763523,4338009518512,4338010326337,4338010395069,4338010445677,4338010724989,4338010864821,4338010864849,16,21.0133,7.54989,8.07825,0.68732,0.50608,2.79312,1.39832
1089,1,0,1e+08,4338011538877,4338011875100,4338012197540,4338012271064,4338012314220,4338012480196,4338012620984,4338012621012,16,10.8214,3.36223,3.2244,0.73524,0.43156,1.65976,1.40788
1090,1,0,1e+08,4338013304724,4338013599900,4338013935992,4338014033408,4338014077452,4338014250840,4338014390348,4338014390376,16,10.8565,2.95176,3.36092,0.97416,0.44044,1.73388,1.39508
1091,1,0,1e+08,4338015049540,4338015379600,4338016584064,4338016649564,4338016697400,4338017022432,4338017196116,4338017196156,16,21.4662,3.3006,12.0446,0.655,0.47836,3.25032,1.73684
1092,1,0,1e+08,4338017838247,4338018087599,4338018406859,4338018474923,4338018517079,4338018693935,4338018825687,4338018825711,16,9.87464,2.49352,3.1926,0.68064,0.42156,1.76856,1.31752
1093,1,0,1e+08,4338019580380,4338020364224,4338021105897,4338021267953,4338021291277,4338021529637,4338021660233,4338021660269,16,20.7989,7.83844,7.41673,1.62056,0.23324,2.3836,1.30596
1094,1,0,1e+08,4338022262569,4338022582974,4338022904682,4338022972758,4338023035218,4338023204434,4338023385086,4338023385110,16,11.2254,3.20405,3.21708,0.68076,0.6246,1.69216,1.80652
1095,1,0,1e+08,4338024133035,4338024555579,4338025661821,4338025734953,4338025794037,4338026064057,4338026197181,4338026197221,16,20.6419,4.22544,11.0624,0.73132,0.59084,2.7002,1.33124
1096,1,0,1e+08,4338026933803,4338027678656,4338028466610,4338028539974,4338028589750,4338028856830,4338028985714,4338028985746,16,20.5194,7.44853,7.87954,0.73364,0.49776,2.6708,1.28884
1097,1,0,1e+08,4338029640234,4338029895735,4338030219831,4338030286339,4338030347515,4338030995678,4338031334790,4338031334858,16,16.9462,2.55501,3.24096,0.66508,0.61176,6.48163,3.39112
1098,1,0,1e+08,4338032402882,4338032684079,4338033058311,4338033216903,4338033243743,4338033402987,4338033546251,4338033546275,16,11.4339,2.81197,3.74232,1.58592,0.2684,1.59244,1.43264
1099,1,0,1e+08,4338034195886,4338035169862,4338035828493,4338035903669,4338035926733,4338036232777,4338036391029,4338036391061,16,21.9518,9.73976,6.58631,0.75176,0.23064,3.06044,1.58252
1100,1,0,1e+08,4338036893868,4338037124173,4338037443137,4338037508817,4338037530477,4338037690625,4338037829697,4338037829721,16,9.35853,2.30305,3.18964,0.6568,0.2166,1.60148,1.39072
1101,1,0,1e+08,4338038756463,4338039070659,4338039388391,4338039505935,4338039524075,4338039682855,4338039821931,4338039821959,16,10.655,3.14196,3.17732,1.17544,0.1814,1.5878,1.39076
1102,1,0,1e+08,4338040591021,4338040836082,4338041157938,4338041227786,4338041269306,4338041450658,4338041720701,4338041720846,16,11.2982,2.45061,3.21856,0.69848,0.4152,1.81352,2.70043
1103,1,0,1e+08,4338043446215,4338043713224,4338044062572,4338044134428,4338044186652,4338044353608,4338044498880,4338044498960,16,10.5274,2.67009,3.49348,0.71856,0.52224,1.66956,1.45272
1104,1,0,1e+08,4338045206162,4338046190016,4338046828008,4338046895468,4338046965732,4338047248916,4338047378928,4338047378960,16,21.728,9.83854,6.37992,0.6746,0.70264,2.83184,1.30012
1105,1,0,1e+08,4338047860988,4338048170445,4338048514665,4338048579985,4338048673781,4338048832149,4338048976261,4338048976289,16,11.153,3.09457,3.4422,0.6532,0.93796,1.58368,1.44112
1106,1,0,1e+08,4338049669279,4338050196937,4338051203026,4338051305490,4338051346254,4338051655830,4338051789810,4338051789842,16,21.2056,5.27658,10.0609,1.02464,0.40764,3.09576,1.3398
1107,1,0,1e+08,4338052436383,4338053294921,4338054127032,4338054198964,4338054223352,4338054520220,4338054668988,4338054669024,16,22.3264,8.58538,8.32111,0.71932,0.24388,2.96868,1.48768
1108,1,0,1e+08,4338055162142,4338055382782,4338055696594,4338055757290,4338055781870,4338055940670,4338056077714,4338056077738,16,9.15596,2.2064,3.13812,0.60696,0.2458,1.588,1.37044
1109,1,0,1e+08,4338057195439,4338057426183,4338057770027,4338057914135,4338057935879,4338058093375,4338058243415,4338058243443,16,10.48,2.30744,3.43844,1.44108,0.21744,1.57496,1.5004
1110,1,0,1e+08,4338059058503,4338059813530,4338060637864,4338060735620,4338060782500,4338061096656,4338061231460,4338061231488,16,21.7298,7.55027,8.24334,0.97756,0.4688,3.14156,1.34804
1111,1,0,1e+08,4338061831989,4338062163835,4338062484207,4338062546687,4338062620271,4338062779827,4338062915087,4338062915115,16,10.8313,3.31846,3.20372,0.6248,0.73584,1.59556,1.3526
1112,1,0,1e+08,4338063551481,4338064312446,4338065075396,4338065212484,4338065230256,4338065479144,4338065606776,4338065606808,16,20.5533,7.60965,7.6295,1.37088,0.17772,2.48888,1.27632
1113,1,0,1e+08,4338066189447,4338066420140,4338066739400,4338066806428,4338066835488,4338067020952,4338067175464,4338067175492,16,9.86045,2.30693,3.1926,0.67028,0.2906,1.85464,1.54512
1114,1,0,1e+08,4338068203988,4338069129710,4338069843044,4338069903992,4338069950864,4338070249860,4338070386960,4338070386988,16,21.83,9.25722,7.13334,0.60948,0.46872,2.98996,1.371
