frame,ready,disjoint,freq,begin_ts,blt_ts,range_ts,charts_ts,gauge_ts,map_ts,hud_ts,end_ts,read_latency,span_ms,vp_ms,range_ms,charts_ms,gauge_ms,map_ms,hud_ms
0,1,0,1e+08,4769618252258,4769621199286,4769623445662,4769624152175,4769624198147,4769626386227,4769626923405,4769626923570,16,86.7131,29.4703,22.4638,7.06513,0.45972,21.8808,5.37178
1,1,0,1e+08,4769626988225,4769627524655,4769628256644,4769630148635,4769630175727,4769630921505,4769631253087,4769631253179,16,42.6495,5.3643,7.31989,18.9199,0.27092,7.45778,3.31582
2,1,0,1e+08,4769631292734,4769631873702,4769632519722,4769635546646,4769637872442,4769639052895,4769639310485,4769639310545,16,80.1781,5.80968,6.4602,30.2692,23.258,11.8045,2.5759
3,1,0,1e+08,4769639342361,4769643649510,4769645332771,4769646779126,4769646806346,4769647782141,4769648003946,4769648004154,16,86.6179,43.0715,16.8326,14.4635,0.2722,9.75795,2.21805
4,1,0,1e+08,4769648031526,4769648367235,4769648836403,4769648897683,4769648914255,4769649111795,4769649261047,4769649261071,16,12.2954,3.35709,4.69168,0.6128,0.16572,1.9754,1.49252
5,1,0,1e+08,4769649296611,4769649560479,4769649913515,4769649984311,4769650002403,4769653101138,4769653656946,4769653657511,16,43.609,2.63868,3.53036,0.70796,0.18092,30.9873,5.55808
6,1,0,1e+08,4769653731462,4769657958967,4769658608521,4769658683253,4769658711245,4769658938421,4769659077661,4769659077689,16,53.4623,42.2751,6.49554,0.74732,0.27992,2.27176,1.3924
7,1,0,1e+08,4769659106061,4769659338713,4769659680973,4769659799181,4769659821489,4769660724356,4769660955677,4769660955741,16,18.4968,2.32652,3.4226,1.18208,0.22308,9.02867,2.31321
8,1,0,1e+08,4769660999065,4769661520486,4769661978270,4769662045566,4769662079298,4769662269430,4769662410178,4769662410202,16,14.1114,5.21421,4.57784,0.67296,0.33732,1.90132,1.40748
9,1,0,1e+08,4769662440298,4769665232629,4769665645357,4769665759845,4769665793129,4769665957345,4769666086225,4769666086253,16,36.4596,27.9233,4.12728,1.14488,0.33284,1.64216,1.2888
10,1,0,1e+08,4769666113649,4769666324749,4769666656677,4769666714841,4769666735197,4769666899065,4769667041949,4769667041973,16,9.28324,2.111,3.31928,0.58164,0.20356,1.63868,1.42884
11,1,0,1e+08,4769667070325,4769670140560,4769670694740,4769670762288,4769670828092,4769671091343,4769671700705,4769671700941,16,46.3062,30.7023,5.5418,0.67548,0.65804,2.63251,6.09362
12,1,0,1e+08,4769671738329,4769672190806,4769672752882,4769672827342,4769672850834,4769673072326,4769673258518,4769673258538,16,15.2021,4.52477,5.62076,0.7446,0.23492,2.21492,1.86192
13,1,0,1e+08,4769673323114,4769675174886,4769675820174,4769676159492,4769676218797,4769677031173,4769677260657,4769677260841,16,39.3773,18.5177,6.45288,3.39318,0.59305,8.12376,2.29484
14,1,0,1e+08,4769677428373,4769677744425,4769678307985,4769678398117,4769678429881,4769679487241,4769679735766,4769679735810,16,23.0744,3.16052,5.6356,0.90132,0.31764,10.5736,2.48525
15,1,0,1e+08,4769679800898,4769680595187,4769681866441,4769681958737,4769681994301,4769682453649,4769682671605,4769682671737,16,28.7084,7.94289,12.7125,0.92296,0.35564,4.59348,2.17956
16,1,0,1e+08,4769682735521,4769685699751,4769687373413,4769687515749,4769687537837,4769687952949,4769688181257,4769688181297,16,54.4578,29.6423,16.7366,1.42336,0.22088,4.15112,2.28308
17,1,0,1e+08,4769688222617,4769688607039,4769689798764,4769689956604,4769689980152,4769690256664,4769690487972,4769690488044,16,22.6543,3.84422,11.9173,1.5784,0.23548,2.76512,2.31308
18,1,0,1e+08,4769690614360,4769691975769,4769692759964,4769692907465,4769692934109,4769693323021,4769693546705,4769693546749,16,29.3239,13.6141,7.84195,1.47501,0.26644,3.88912,2.23684
19,1,0,1e+08,4769693607664,4769694581196,4769695229708,4769695330296,4769695375520,4769695744888,4769695982468,4769695982616,16,23.7495,9.73532,6.48512,1.00588,0.45224,3.69368,2.3758
20,1,0,1e+08,4769696038656,4769697305758,4769698174618,4769698266062,4769698306222,4769699236916,4769699538100,4769699538152,16,34.995,12.671,8.6886,0.91444,0.4016,9.30694,3.01184
21,1,0,1e+08,4769699580492,4769699977698,4769700756497,4769700899269,4769700926373,4769701864800,4769702114200,4769702114384,16,25.3389,3.97206,7.78799,1.42772,0.27104,9.38427,2.494
22,1,0,1e+08,4769702262544,4769702644164,4769703322552,4769703409800,4769703449204,4769704497585,4769704736625,4769704736669,16,24.7413,3.8162,6.78388,0.87248,0.39404,10.4838,2.3904
23,1,0,1e+08,4769704781985,4769705341953,4769705951413,4769706381259,4769706435929,4769707247017,4769707478785,4769707478829,16,26.9684,5.59968,6.0946,4.29846,0.5467,8.11088,2.31768
24,1,0,1e+08,4769707530057,4769707890925,4769708493361,4769708584221,4769708624277,4769709024861,4769709242105,4769709242141,16,17.1208,3.60868,6.02436,0.9086,0.40056,4.00584,2.17244
25,1,0,1e+08,4769709294277,4769711067323,4769712204188,4769712343092,4769712364348,4769712756444,4769712923228,4769712923272,16,36.29,17.7305,11.3686,1.38904,0.21256,3.92096,1.66784
26,1,0,1e+08,4769712948652,4769713215180,4769713625344,4769713946740,4769713966520,4769714196988,4769714355684,4769714355708,16,14.0706,2.66528,4.10164,3.21396,0.1978,2.30468,1.58696
27,1,0,1e+08,4769714396664,4769715857014,4769716254238,4769716330514,4769716351878,4769716566170,4769716728842,4769716728990,16,23.3233,14.6035,3.97224,0.76276,0.21364,2.14292,1.62672
28,1,0,1e+08,4769716765814,4769717021910,4769717446206,4769717677386,4769717698870,4769717932554,4769718093730,4769718093758,16,13.2794,2.56096,4.24296,2.3118,0.21484,2.33684,1.61176
29,1,0,1e+08,4769718126590,4769720202201,4769720611277,4769720797337,4769720814385,4769721026225,4769721181621,4769721181737,16,30.5515,20.7561,4.09076,1.8606,0.17048,2.1184,1.55396
30,1,0,1e+08,4769721214821,4769721453901,4769721875801,4769721961125,4769722053725,4769722287441,4769722454861,4769722454889,16,12.4007,2.3908,4.219,0.85324,0.926,2.33716,1.6742
31,1,0,1e+08,4769722486553,4769723790147,4769724324551,4769724403587,4769724479643,4769725085395,4769725275115,4769725275207,16,27.8865,13.0359,5.34404,0.79036,0.76056,6.05752,1.8972
32,1,0,1e+08,4769725311951,4769725553675,4769725996415,4769726053675,4769726122219,4769726391199,4769726557027,4769726557059,16,12.4511,2.41724,4.4274,0.5726,0.68544,2.6898,1.65828
33,1,0,1e+08,4769726584067,4769728100867,4769728558047,4769728655855,4769728699215,4769728986891,4769729151379,4769729151411,16,25.6734,15.168,4.5718,0.97808,0.4336,2.87676,1.64488
34,1,0,1e+08,4769729182795,4769729414667,4769729838967,4769729900503,4769729916343,4769730152899,4769730336755,4769730336783,16,11.5399,2.31872,4.243,0.61536,0.1584,2.36556,1.83856
35,1,0,1e+08,4769730476803,4769732739617,4769733228897,4769733305545,4769733327909,4769733601593,4769733771925,4769733772053,16,32.9525,22.6281,4.8928,0.76648,0.22364,2.73684,1.70332
36,1,0,1e+08,4769733833773,4769734092677,4769734541341,4769734605581,4769734650141,4769734900305,4769735097693,4769735097721,16,12.6395,2.58904,4.48664,0.6424,0.4456,2.50164,1.97388
37,1,0,1e+08,4769735148537,4769739394146,4769740219535,4769740317091,4769740700879,4769741211319,4769741375039,4769741375171,16,62.2663,42.4561,8.25389,0.97556,3.83788,5.1044,1.6372
38,1,0,1e+08,4769741428991,4769741714075,4769742242127,4769742465839,4769742526707,4769742816943,4769743022539,4769743022575,16,15.9358,2.85084,5.28052,2.23712,0.60868,2.90236,2.05596
39,1,0,1e+08,4769743070299,4769744134852,4769744749776,4769744821632,4769744859620,4769745166424,4769745379164,4769745379208,16,23.0891,10.6455,6.14924,0.71856,0.37988,3.06804,2.1274
40,1,0,1e+08,4769745425848,4769746446378,4769747047710,4769747131982,4769747170558,4769747476390,4769747695810,4769747695842,16,22.6999,10.2053,6.01332,0.84272,0.38576,3.05832,2.1942
41,1,0,1e+08,4769747743050,4769748627034,4769749173722,4769749279782,4769749317970,4769749624270,4769749826414,4769749826454,16,20.834,8.83984,5.46688,1.0606,0.38188,3.063,2.02144
42,1,0,1e+08,4769749872230,4769751035873,4769751664485,4769751736993,4769751770237,4769752092813,4769752300837,4769752300897,16,24.2867,11.6364,6.28612,0.72508,0.33244,3.22576,2.08024
43,1,0,1e+08,4769752349817,4769753310886,4769753860642,4769753942370,4769753976638,4769754285578,4769754480150,4769754480270,16,21.3045,9.61069,5.49756,0.81728,0.34268,3.0894,1.94572
44,1,0,1e+08,4769754523718,4769755614963,4769756163783,4769756233263,4769756268623,4769756575415,4769756762559,4769756762595,16,22.3888,10.9124,5.4882,0.6948,0.3536,3.06792,1.87144
45,1,0,1e+08,4769756805307,4769757983660,4769758759090,4769758842082,4769758885284,4769759317637,4769759542987,4769759543139,16,27.3783,11.7835,7.7543,0.82992,0.43202,4.32353,2.2535
46,1,0,1e+08,4769759585507,4769760284425,4769761062448,4769761159394,4769761191330,4769761636414,4769761873048,4769761873096,16,22.8759,6.98918,7.78023,0.96946,0.31936,4.45084,2.36634
47,1,0,1e+08,4769761916656,4769762612199,4769763298055,4769763380563,4769763433391,4769763731275,4769763933787,4769763933919,16,20.1726,6.95543,6.85856,0.82508,0.52828,2.97884,2.02512
48,1,0,1e+08,4769763969815,4769764807310,4769765327634,4769765404374,4769765529930,4769765831610,4769766002126,4769766002162,16,20.3235,8.37495,5.20324,0.7674,1.25556,3.0168,1.70516
49,1,0,1e+08,4769766039002,4769767186149,4769767673329,4769767746809,4769767771113,4769768036593,4769768201257,4769768201293,16,21.6229,11.4715,4.8718,0.7348,0.24304,2.6548,1.64664
50,1,0,1e+08,4769768233973,4769769398111,4769769859975,4769769930127,4769769950799,4769770199815,4769770365755,4769770365787,16,21.3181,11.6414,4.61864,0.70152,0.20672,2.49016,1.6594
51,1,0,1e+08,4769770398667,4769770665607,4769771141443,4769771213339,4769771233851,4769771489191,4769771635043,4769771635139,16,12.3647,2.6694,4.75836,0.71896,0.20512,2.5534,1.45852
52,1,0,1e+08,4769771669087,4769774203196,4769774654036,4769774732692,4769774818768,4769775071372,4769775266232,4769775266260,16,35.9717,25.3411,4.5084,0.78656,0.86076,2.52604,1.9486
53,1,0,1e+08,4769775316184,4769775738308,4769776180120,4769776244036,4769776314296,4769776568600,4769776725876,4769776725988,16,14.098,4.22124,4.41812,0.63916,0.7026,2.54304,1.57276
54,1,0,1e+08,4769776759820,4769778607578,4769779046006,4769779233926,4769779252802,4769779481794,4769779649790,4769779649818,16,28.9,18.4776,4.38428,1.8792,0.18876,2.28992,1.67996
55,1,0,1e+08,4769779680626,4769779928934,4769780379542,4769780509950,4769780527322,4769780766162,4769780944278,4769780944314,16,12.6369,2.48308,4.50608,1.30408,0.17372,2.3884,1.78116
56,1,0,1e+08,4769780982818,4769781644044,4769782114724,4769782272144,4769782291300,4769782536100,4769782684072,4769782684100,16,17.0128,6.61226,4.7068,1.5742,0.19156,2.448,1.47972
57,1,0,1e+08,4769782713380,4769783937652,4769784388444,4769784513196,4769784533676,4769784763104,4769784911228,4769784911264,16,21.9788,12.2427,4.50792,1.24752,0.2048,2.29428,1.48124
58,1,0,1e+08,4769784941628,4769785186780,4769785625516,4769785802532,4769785819648,4769786067392,4769786271072,4769786271100,16,13.2947,2.45152,4.38736,1.77016,0.17116,2.47744,2.0368
59,1,0,1e+08,4769786316380,4769787169302,4769787588030,4769787651354,4769787705622,4769787930426,4769788077526,4769788077654,16,17.6127,8.52922,4.18728,0.63324,0.54268,2.24804,1.471
60,1,0,1e+08,4769788107342,4769789723515,4769790127699,4769790210483,4769790237475,4769790529703,4769790677155,4769790677183,16,25.6984,16.1617,4.04184,0.82784,0.26992,2.92228,1.47452
61,1,0,1e+08,4769790705915,4769790937415,4769791339707,4769791400235,4769791424727,4769791642863,4769791801791,4769791801891,16,10.9598,2.315,4.02292,0.60528,0.24492,2.18136,1.58928
62,1,0,1e+08,4769791845311,4769792855365,4769793247289,4769793314453,4769793357265,4769793631033,4769793781585,4769793781613,16,19.363,10.1005,3.91924,0.67164,0.42812,2.73768,1.50552
63,1,0,1e+08,4769793811709,4769795195477,4769795608105,4769795745713,4769795762825,4769796018085,4769796167741,4769796167845,16,23.5614,13.8377,4.12628,1.37608,0.17112,2.5526,1.49656
64,1,0,1e+08,4769796197745,4769796417909,4769796827677,4769796904809,4769796934817,4769797224601,4769797414797,4769797414825,16,12.1708,2.20164,4.09768,0.77132,0.30008,2.89784,1.90196
65,1,0,1e+08,4769797524437,4769798259949,4769798658141,4769798807413,4769798826565,4769799057865,4769799229017,4769799229049,16,17.0461,7.35512,3.98192,1.49272,0.19152,2.313,1.71152
66,1,0,1e+08,4769799751706,4769800510822,4769800961254,4769801048378,4769801067654,4769801323066,4769801500526,4769801500558,16,17.4885,7.59116,4.50432,0.87124,0.19276,2.55412,1.7746
67,1,0,1e+08,4769801635062,4769801911306,4769802408326,4769802584410,4769802603902,4769802898854,4769803083010,4769803083146,16,14.4808,2.76244,4.9702,1.76084,0.19492,2.94952,1.84156
68,1,0,1e+08,4769803450962,4769806145033,4769807171819,4769807358787,4769807382671,4769807796183,4769808029575,4769808029619,16,45.7866,26.9407,10.2679,1.86968,0.23884,4.13512,2.33392
69,1,0,1e+08,4769808062395,4769808422367,4769809098155,4769809235375,4769809256791,4769809533923,4769809689175,4769809689295,16,16.269,3.59972,6.75788,1.3722,0.21416,2.77132,1.55252
70,1,0,1e+08,4769809723487,4769809968015,4769810431099,4769810570927,4769810591855,4769810827203,4769810975991,4769810976019,16,12.5253,2.44528,4.63084,1.39828,0.20928,2.35348,1.48788
71,1,0,1e+08,4769811012183,4769812136372,4769812573296,4769812642016,4769812660956,4769812889836,4769813033460,4769813033492,16,20.2131,11.2419,4.36924,0.6872,0.1894,2.2888,1.43624
72,1,0,1e+08,4769813061816,4769814384427,4769814804811,4769814897539,4769814921679,4769815465887,4769815631951,4769815631979,16,25.7016,13.2261,4.20384,0.92728,0.2414,5.44208,1.66064
73,1,0,1e+08,4769815752623,4769815985947,4769816395427,4769816457583,4769816477331,4769816719759,4769816890075,4769816890107,16,11.3748,2.33324,4.0948,0.62156,0.19748,2.42428,1.70316
74,1,0,1e+08,4769816926499,4769819002300,4769819397316,4769819734264,4769819753196,4769819964944,4769820123280,4769820123304,16,31.968,20.758,3.95016,3.36948,0.18932,2.11748,1.58336
75,1,0,1e+08,4769820157036,4769820495660,4769820920372,4769820991080,4769821072360,4769821291812,4769821478396,4769821478504,16,13.2147,3.38624,4.24712,0.70708,0.8128,2.19452,1.86584
76,1,0,1e+08,4769821723152,4769822177761,4769822575437,4769822669805,4769822689617,4769822928073,4769823086517,4769823086545,16,13.6339,4.54609,3.97676,0.94368,0.19812,2.38456,1.58444
77,1,0,1e+08,4769824482018,4769824736414,4769825140646,4769825261374,4769825307906,4769825535734,4769825687246,4769825687378,16,12.0536,2.54396,4.04232,1.20728,0.46532,2.27828,1.51512
78,1,0,1e+08,4769826404590,4769826702734,4769827145462,4769827326102,4769827348574,4769827566810,4769827723998,4769827724022,16,13.1943,2.98144,4.42728,1.8064,0.22472,2.18236,1.57188
79,1,0,1e+08,4769828325321,4769828633695,4769829035707,4769829135055,4769829159379,4769829380575,4769829545991,4769829546095,16,12.2077,3.08374,4.02012,0.99348,0.24324,2.21196,1.65416
80,1,0,1e+08,4769830815608,4769831072310,4769831450214,4769831512670,4769831547306,4769831770346,4769831947174,4769831947202,16,11.3159,2.56702,3.77904,0.62456,0.34636,2.2304,1.76828
81,1,0,1e+08,4769833330087,4769833630483,4769834004431,4769834091991,4769834111299,4769834318159,4769834460959,4769834460991,16,11.309,3.00396,3.73948,0.8756,0.19308,2.0686,1.428
82,1,0,1e+08,4769835444362,4769835654458,4769836017182,4769836093558,4769836118258,4769836323782,4769836491378,4769836491402,16,10.4704,2.10096,3.62724,0.76376,0.247,2.05524,1.67596
83,1,0,1e+08,4769837577908,4769837799236,4769838168264,4769838236216,4769838265512,4769838478872,4769838645128,4769838645240,16,10.6733,2.21328,3.69028,0.67952,0.29296,2.1336,1.66256
84,1,0,1e+08,4769839567450,4769839802716,4769840181032,4769840298040,4769840348016,4769840548228,4769840705112,4769840705136,16,11.3769,2.35266,3.78316,1.17008,0.49976,2.00212,1.56884
85,1,0,1e+08,4769842065900,4769842275388,4769842636320,4769842699032,4769842737388,4769842945176,4769843090616,4769843090724,16,10.2482,2.09488,3.60932,0.62712,0.38356,2.07788,1.4544
86,1,0,1e+08,4769844565797,4769844782042,4769845136158,4769845214666,4769845331194,4769845926053,4769846088853,4769846088877,16,15.2308,2.16245,3.54116,0.78508,1.16528,5.94859,1.628
87,1,0,1e+08,4769847127200,4769847366586,4769847715642,4769847792738,4769847829686,4769848019966,4769848177098,4769848177130,16,10.4993,2.39386,3.49056,0.77096,0.36948,1.9028,1.57132
88,1,0,1e+08,4769849846312,4769850101122,4769850472642,4769850585810,4769850604578,4769850788454,4769850943838,4769850943862,16,10.9755,2.5481,3.7152,1.13168,0.18768,1.83876,1.55384
89,1,0,1e+08,4769852160873,4769852395837,4769852769877,4769852856701,4769852890065,4769853211465,4769853375573,4769853375601,16,12.1473,2.34964,3.7404,0.86824,0.33364,3.214,1.64108
90,1,0,1e+08,4769854170199,4769854468071,4769854906215,4769854982379,4769855011419,4769855251159,4769855408963,4769855408987,16,12.3879,2.97872,4.38144,0.76164,0.2904,2.3974,1.57804
91,1,0,1e+08,4769856085972,4769858051904,4769859199508,4769859291796,4769859326772,4769859763393,4769859976874,4769859977038,16,38.9107,19.6593,11.476,0.92288,0.34976,4.36621,2.13481
92,1,0,1e+08,4769860010822,4769860404739,4769861185571,4769861290952,4769861330896,4769861771054,4769861981522,4769861981570,16,19.7075,3.93917,7.80832,1.05381,0.39944,4.40158,2.10468
93,1,0,1e+08,4769862024118,4769862417650,4769863192910,4769863274946,4769863327182,4769863767163,4769864009071,4769864009271,16,19.8515,3.93532,7.7526,0.82036,0.52236,4.39981,2.41908
94,1,0,1e+08,4769864051295,4769864436323,4769865185055,4769865382643,4769865419343,4769865836375,4769866080583,4769866080643,16,20.2935,3.85028,7.48732,1.97588,0.367,4.17032,2.44208
95,1,0,1e+08,4769866129111,4769876749376,4769878994528,4769879187754,4769879237749,4769880509289,4769881086439,4769881086849,16,149.577,106.203,22.4515,1.93226,0.49995,12.7154,5.7715
96,1,0,1e+08,4769881156610,4769882309055,4769884561837,4769884742037,4769884788417,4769886059600,4769886613351,4769886613486,16,54.5688,11.5244,22.5278,1.802,0.4638,12.7118,5.53751
97,1,0,1e+08,4769886677091,4769887829978,4769890084048,4769890263999,4769890309694,4769891580555,4769892129358,4769892129528,16,54.5244,11.5289,22.5407,1.79951,0.45695,12.7086,5.48803
98,1,0,1e+08,4769892186172,4769892903981,4769894048844,4769894145421,4769894175906,4769894672873,4769894868390,4769894868438,16,26.8227,7.17809,11.4486,0.96577,0.30485,4.96967,1.95517
99,1,0,1e+08,4769894897714,4769895294516,4769896070630,4769896147862,4769896183902,4769896619816,4769896833813,4769896833989,16,19.3628,3.96802,7.76114,0.77232,0.3604,4.35914,2.13997
100,1,0,1e+08,4769896882937,4769898823860,4769900823855,4769900929955,4769900956955,4769901596915,4769901896545,4769901896617,16,50.1368,19.4092,19.9999,1.061,0.27,6.3996,2.9963
101,1,0,1e+08,4769901928937,4769902498262,4769903277224,4769903357996,4769903380501,4769903838407,4769904066604,4769904066756,16,21.3782,5.69325,7.78962,0.80772,0.22505,4.57906,2.28197
102,1,0,1e+08,4769904104508,4769905690965,4769906829028,4769906932128,4769906957600,4769907618835,4769907882133,4769907882181,16,37.7767,15.8646,11.3806,1.031,0.25472,6.61235,2.63298
103,1,0,1e+08,4769907914638,4769908321182,4769909095152,4769909183308,4769909208768,4769909637364,4769909837846,4769909837906,16,19.2327,4.06544,7.7397,0.88156,0.2546,4.28596,2.00482
104,1,0,1e+08,4769909873778,4769911475532,4769912610033,4769912718102,4769912747350,4769913226433,4769913436119,4769913436167,16,35.6239,16.0175,11.345,1.08069,0.29248,4.79083,2.09686
105,1,0,1e+08,4769913467068,4769913905530,4769914691696,4769914783634,4769914805734,4769915238244,4769915452197,4769915452257,16,19.8519,4.38462,7.86166,0.91938,0.221,4.3251,2.13953
106,1,0,1e+08,4769915489222,4769916426628,4769917566641,4769917654799,4769917680368,4769918115142,4769918320438,4769918320486,16,28.3126,9.37406,11.4001,0.88158,0.25569,4.34774,2.05296
107,1,0,1e+08,4769918351754,4769918745157,4769919515798,4769919594904,4769919639548,4769920072020,4769920300717,4769920300925,16,19.4917,3.93403,7.70641,0.79106,0.44644,4.32472,2.28697
108,1,0,1e+08,4769920346049,4769921304604,4769922322856,4769922411728,4769922442356,4769922875004,4769923085645,4769923085693,16,27.3964,9.58555,10.1825,0.88872,0.30628,4.32648,2.10641
109,1,0,1e+08,4769923112769,4769923509201,4769924282637,4769924440342,4769924467698,4769924909189,4769925145627,4769925145775,16,20.3301,3.96432,7.73436,1.57705,0.27356,4.41491,2.36438
110,1,0,1e+08,4769925183952,4769926029035,4769926825648,4769926912312,4769926936360,4769927369968,4769927584508,4769927584556,16,24.006,8.45083,7.96613,0.86664,0.24048,4.33608,2.1454
111,1,0,1e+08,4769927622248,4769928123768,4769928897237,4769928985346,4769929040478,4769929473078,4769929700590,4769929700762,16,20.7851,5.0152,7.73469,0.88109,0.55132,4.326,2.27512
112,1,0,1e+08,4769929736070,4769930667036,4769931807549,4769931912797,4769931955087,4769932488318,4769932693482,4769932693530,16,29.5746,9.30966,11.4051,1.05248,0.4229,5.33231,2.05164
113,1,0,1e+08,4769932722110,4769933115450,4769933886092,4769933966568,4769933987752,4769934430477,4769934639942,4769934640002,16,19.1789,3.9334,7.70642,0.80476,0.21184,4.42725,2.09465
114,1,0,1e+08,4769934677403,4769935641106,4769936783979,4769936895126,4769936925882,4769937405082,4769937609396,4769937609440,16,29.3204,9.63703,11.4287,1.11147,0.30756,4.792,2.04314
115,1,0,1e+08,4769937638381,4769938031562,4769938802836,4769938877136,4769938915792,4769939351163,4769939598081,4769939598269,16,19.5989,3.93181,7.71274,0.743,0.38656,4.35371,2.46918
116,1,0,1e+08,4769939642057,4769940568386,4769941696844,4769941783900,4769941810680,4769942243306,4769942447442,4769942447490,16,28.0543,9.26329,11.2846,0.87056,0.2678,4.32626,2.04136
117,1,0,1e+08,4769942476183,4769942870188,4769943646398,4769943739642,4769943768554,4769944208363,4769944453344,4769944453512,16,19.7733,3.94005,7.7621,0.93244,0.28912,4.39809,2.44981
118,1,0,1e+08,4769944498736,4769945399605,4769946296238,4769946389227,4769946417563,4769946854412,4769947068616,4769947068664,16,25.6993,9.00869,8.96633,0.92989,0.28336,4.36849,2.14204
119,1,0,1e+08,4769947095328,4769947488102,4769948255557,4769948343969,4769948371753,4769948824147,4769949037091,4769949037147,16,19.4182,3.92774,7.67455,0.88412,0.27784,4.52394,2.12944
120,1,0,1e+08,4769949066707,4769949437279,4769950116439,4769950191051,4769950221155,4769950570867,4769950765271,4769950765311,16,16.986,3.70572,6.7916,0.74612,0.30104,3.49712,1.94404
121,1,0,1e+08,4769950800235,4769953150338,4769955334809,4769955436466,4769955463494,4769956107469,4769956416643,4769956416731,16,56.165,23.501,21.8447,1.01657,0.27028,6.43975,3.09174
122,1,0,1e+08,4769956458331,4769957048275,4769957831366,4769957908848,4769957937680,4769958379978,4769958606462,4769958606510,16,21.4818,5.89944,7.83091,0.77482,0.28832,4.42298,2.26484
123,1,0,1e+08,4769958644398,4769959374910,4769960186232,4769960272724,4769960301505,4769960735934,4769960969366,4769960969522,16,23.2512,7.30512,8.11322,0.86492,0.28781,4.34429,2.33432
124,1,0,1e+08,4769961010318,4769961514354,4769962285144,4769962369028,4769962405696,4769962743496,4769962935664,4769962935696,16,19.2538,5.04036,7.7079,0.83884,0.36668,3.378,1.92168
125,1,0,1e+08,4769962973168,4769963757721,4769964270105,4769964353169,4769964383757,4769964675121,4769964854717,4769964854877,16,18.8171,7.84553,5.12384,0.83064,0.30588,2.91364,1.79596
126,1,0,1e+08,4769964886429,4769966095863,4769966605259,4769966686423,4769966738591,4769967016527,4769967178215,4769967178247,16,22.9182,12.0943,5.09396,0.81164,0.52168,2.77936,1.61688
127,1,0,1e+08,4769967206951,4769967462439,4769967941911,4769968004683,4769968046507,4769968329119,4769968529607,4769968529755,16,13.228,2.55488,4.79472,0.62772,0.41824,2.82612,2.00488
128,1,0,1e+08,4769968571167,4769969200588,4769969693300,4769969778028,4769969798040,4769970074768,4769970247600,4769970247632,16,16.7646,6.29421,4.92712,0.84728,0.20012,2.76728,1.72832
129,1,0,1e+08,4769970283548,4769971539376,4769972023428,4769972095088,4769972117912,4769972365488,4769972515064,4769972515104,16,22.3156,12.5583,4.84052,0.7166,0.22824,2.47576,1.49576
130,1,0,1e+08,4769972543332,4769972788608,4769973238556,4769973311252,4769973332080,4769973582484,4769973741696,4769973741728,16,11.984,2.45276,4.49948,0.72696,0.20828,2.50404,1.59212
131,1,0,1e+08,4769973777444,4769974632115,4769975080719,4769975147671,4769975187775,4769975439543,4769975592595,4769975592691,16,18.1525,8.54671,4.48604,0.66952,0.40104,2.51768,1.53052
132,1,0,1e+08,4769975623791,4769977020374,4769977467166,4769977534182,4769977553782,4769977779018,4769977930894,4769977930922,16,23.0713,13.9658,4.46792,0.67016,0.196,2.25236,1.51876
133,1,0,1e+08,4769977963806,4769978198414,4769978640070,4769978714494,4769978783942,4769979032542,4769979194238,4769979194398,16,12.3059,2.34608,4.41656,0.74424,0.69448,2.486,1.61696
134,1,0,1e+08,4769979230326,4769980193967,4769980624647,4769980694619,4769980735139,4769980983311,4769981148695,4769981148719,16,19.1839,9.63641,4.3068,0.69972,0.4052,2.48172,1.65384
135,1,0,1e+08,4769981184643,4769982530972,4769982997168,4769983069800,4769983092484,4769983348824,4769983528088,4769983528124,16,23.4348,13.4633,4.66196,0.72632,0.22684,2.5634,1.79264
136,1,0,1e+08,4769983564556,4769983832852,4769984289448,4769984360320,4769984399592,4769984647468,4769984824152,4769984824184,16,12.5963,2.68296,4.56596,0.70872,0.39272,2.47876,1.76684
137,1,0,1e+08,4769984865668,4769985714640,4769986180932,4769986256576,4769986338788,4769986593048,4769986769160,4769986769196,16,19.0353,8.48972,4.66292,0.75644,0.82212,2.5426,1.76112
138,1,0,1e+08,4769986798536,4769988116318,4769988640630,4769988709478,4769988731358,4769988981338,4769989163842,4769989163874,16,23.6534,13.1778,5.24312,0.68848,0.2188,2.4998,1.82504
139,1,0,1e+08,4769989197382,4769989445646,4769989924550,4769990006706,4769990046514,4769990323598,4769990496110,4769990496262,16,12.9888,2.48264,4.78904,0.82156,0.39808,2.77084,1.72512
140,1,0,1e+08,4769990527822,4769992695068,4769993130700,4769993196444,4769993217488,4769993452880,4769993592892,4769993592924,16,30.651,21.6725,4.35632,0.65744,0.21044,2.35392,1.40012
141,1,0,1e+08,4769993620864,4769993855196,4769994270928,4769994344820,4769994376260,4769994604296,4769994747984,4769994748120,16,11.2726,2.34332,4.15732,0.73892,0.3144,2.28036,1.43688
142,1,0,1e+08,4769995783087,4769996041759,4769996452383,4769996523707,4769996554287,4769996793007,4769996966887,4769996966915,16,11.8383,2.58672,4.10624,0.71324,0.3058,2.3872,1.7388
143,1,0,1e+08,4769997776505,4769998032533,4769998508637,4769998592565,4769998631953,4769998908773,4769999096009,4769999096161,16,13.1966,2.56028,4.76104,0.83928,0.39388,2.7682,1.87236
144,1,0,1e+08,4769999786047,4770001298141,4770002221964,4770002301228,4770002332732,4770002772346,4770003013853,4770003013905,16,32.2786,15.1209,9.23823,0.79264,0.31504,4.39614,2.41507
145,1,0,1e+08,4770003069177,4770003471252,4770004244088,4770004360381,4770004385141,4770004817298,4770005051703,4770005051763,16,19.8259,4.02075,7.72836,1.16293,0.2476,4.32157,2.34405
146,1,0,1e+08,4770005085400,4770005456465,4770005974949,4770006046653,4770006063521,4770006322265,4770006483309,4770006483341,16,13.9794,3.71065,5.18484,0.71704,0.16868,2.58744,1.61044
147,1,0,1e+08,4770006520945,4770017632279,4770018230669,4770018290837,4770018313113,4770018508909,4770018632173,4770018632281,16,121.113,111.113,5.9839,0.60168,0.22276,1.95796,1.23264
148,1,0,1e+08,4770018657981,4770020597799,4770021045527,4770021112111,4770021159375,4770021370059,4770021498323,4770021498347,16,28.4037,19.3982,4.47728,0.66584,0.47264,2.10684,1.28264
149,1,0,1e+08,4770021525135,4770023522572,4770024187004,4770024256596,4770024274996,4770024598304,4770024749960,4770024750068,16,32.2493,19.9744,6.64432,0.69592,0.184,3.23308,1.51656
150,1,0,1e+08,4770024778340,4770026660727,4770027128715,4770027191467,4770027216827,4770027437823,4770027573919,4770027573947,16,27.9561,18.8239,4.67988,0.62752,0.2536,2.20996,1.36096
151,1,0,1e+08,4770027602331,4770027821355,4770028198347,4770028270947,4770028302231,4770028514495,4770028672135,4770028672167,16,10.6984,2.19024,3.76992,0.726,0.31284,2.12264,1.5764
152,1,0,1e+08,4770028700783,4770030499813,4770031428942,4770031507782,4770031538178,4770031970938,4770032176592,4770032176636,16,34.7585,17.9903,9.29129,0.7884,0.30396,4.3276,2.05654
153,1,0,1e+08,4770032204336,4770032528368,4770032960372,4770033077344,4770033115320,4770033338344,4770033499956,4770033499988,16,12.9565,3.24032,4.32004,1.16972,0.37976,2.23024,1.61612
154,1,0,1e+08,4770033533732,4770034893437,4770035298917,4770035378457,4770035402305,4770035617105,4770035768737,4770035768765,16,22.3503,13.597,4.0548,0.7954,0.23848,2.148,1.51632
155,1,0,1e+08,4770035803777,4770036046937,4770036472057,4770036539021,4770036568697,4770036788521,4770036939177,4770036939273,16,11.355,2.4316,4.2512,0.66964,0.29676,2.19824,1.50656
156,1,0,1e+08,4770036971957,4770037964182,4770038372034,4770038443430,4770038484414,4770038727402,4770038904546,4770038904570,16,19.3261,9.92225,4.07852,0.71396,0.40984,2.42988,1.77144
157,1,0,1e+08,4770038941102,4770040296452,4770040717416,4770040795064,4770040815940,4770041022308,4770041179456,4770041179564,16,22.3846,13.5535,4.20964,0.77648,0.20876,2.06368,1.57148
158,1,0,1e+08,4770041211256,4770041441668,4770041836800,4770041898768,4770041937636,4770042149520,4770042289976,4770042290000,16,10.7874,2.30412,3.95132,0.61968,0.38868,2.11884,1.40456
159,1,0,1e+08,4770042324900,4770043387207,4770043793311,4770043870235,4770043893939,4770044116799,4770044271707,4770044271795,16,19.4689,10.6231,4.06104,0.76924,0.23704,2.2286,1.54908
160,1,0,1e+08,4770044303627,4770045718485,4770046124389,4770046200797,4770046216485,4770046426837,4770046590181,4770046590209,16,22.8658,14.1486,4.05904,0.76408,0.15688,2.10352,1.63344
161,1,0,1e+08,4770046630905,4770046859905,4770047261637,4770047331137,4770047368617,4770047596117,4770047742145,4770047742177,16,11.1127,2.29,4.01732,0.695,0.3748,2.275,1.46028
162,1,0,1e+08,4770047776865,4770048863572,4770049255220,4770049322456,4770049361372,4770049587020,4770049737684,4770049737712,16,19.6085,10.8671,3.91648,0.67236,0.38916,2.25648,1.50664
163,1,0,1e+08,4770049777396,4770051217292,4770051681424,4770051753308,4770051776964,4770052001920,4770052161676,4770052161800,16,23.844,14.399,4.64132,0.71884,0.23656,2.24956,1.59756
164,1,0,1e+08,4770052197168,4770052431900,4770052859068,4770052924156,4770052954656,4770053185152,4770053389664,4770053389692,16,11.9252,2.34732,4.27168,0.65088,0.305,2.30496,2.04512
165,1,0,1e+08,4770053948048,4770054262824,4770054693144,4770054774296,4770054823064,4770055068528,4770055226836,4770055226952,16,12.789,3.14776,4.3032,0.81152,0.48768,2.45464,1.58308
166,1,0,1e+08,4770056067469,4770056316461,4770056776345,4770056852313,4770056885017,4770057150033,4770057321385,4770057321417,16,12.5395,2.48992,4.59884,0.75968,0.32704,2.65016,1.71352
167,1,0,1e+08,4770057969525,4770059219500,4770059797344,4770059873644,4770059893936,4770060130036,4770060277228,4770060277264,16,23.0774,12.4998,5.77844,0.763,0.20292,2.361,1.47192
168,1,0,1e+08,4770060307328,4770060543456,4770060988084,4770061050564,4770061067364,4770061306512,4770061465836,4770061465868,16,11.5854,2.36128,4.44628,0.6248,0.168,2.39148,1.59324
169,1,0,1e+08,4770062136666,4770063500630,4770063951878,4770064030174,4770064050930,4770064276426,4770064466842,4770064466874,16,23.3021,13.6396,4.51248,0.78296,0.20756,2.25496,1.90416
170,1,0,1e+08,4770064556194,4770064832262,4770065266758,4770065337294,4770065386706,4770065627902,4770065814622,4770065814650,16,12.5846,2.76068,4.34496,0.70536,0.49412,2.41196,1.8672
171,1,0,1e+08,4770066874448,4770067211204,4770067840760,4770067918728,4770067961496,4770068318856,4770068542020,4770068542168,16,16.6772,3.36756,6.29556,0.77968,0.42768,3.5736,2.23164
172,1,0,1e+08,4770068689196,4770069053336,4770069754820,4770069846064,4770069877076,4770070293456,4770070528760,4770070528804,16,18.3961,3.6414,7.01484,0.91244,0.31012,4.1638,2.35304
173,1,0,1e+08,4770070670096,4770071503033,4770072285294,4770072379920,4770072415016,4770072850893,4770073062575,4770073062723,16,23.9263,8.32937,7.82261,0.94626,0.35096,4.35877,2.11682
174,1,0,1e+08,4770073102400,4770073500440,4770074280221,4770074364621,4770074406317,4770074846144,4770075082705,4770075082753,16,19.8035,3.9804,7.79781,0.844,0.41696,4.39827,2.36561
175,1,0,1e+08,4770075121793,4770075974678,4770076512270,4770076604502,4770076643594,4770076913722,4770077071118,4770077071226,16,19.4943,8.52885,5.37592,0.92232,0.39092,2.70128,1.57396
176,1,0,1e+08,4770077099910,4770077375058,4770077853494,4770077922102,4770077943558,4770078231746,4770078444890,4770078444922,16,13.4501,2.75148,4.78436,0.68608,0.21456,2.88188,2.13144
177,1,0,1e+08,4770079035787,4770079332395,4770079796623,4770079864303,4770079883039,4770080137299,4770080284587,4770080284623,16,12.4884,2.96608,4.64228,0.6768,0.18736,2.5426,1.47288
178,1,0,1e+08,4770081311187,4770081567527,4770082007023,4770082069855,4770082092439,4770082332719,4770082485283,4770082485315,16,11.7413,2.5634,4.39496,0.62832,0.22584,2.4028,1.52564
179,1,0,1e+08,4770083749324,4770084037456,4770084475120,4770084547944,4770084570076,4770084801840,4770084962524,4770084962632,16,12.1331,2.88132,4.37664,0.72824,0.22132,2.31764,1.60684
180,1,0,1e+08,4770085633181,4770098914912,4770101158497,4770101351726,4770101401688,4770102715075,4770103325010,4770103325140,16,176.92,132.817,22.4358,1.93229,0.49962,13.1339,6.09935
181,1,0,1e+08,4770103382318,4770105906001,4770106555628,4770106610472,4770106629656,4770106826936,4770106944080,4770106944156,16,35.6184,25.2368,6.49627,0.54844,0.19184,1.9728,1.17144
182,1,0,1e+08,4770106969640,4770108702288,4770109043968,4770109118588,4770109138532,4770109309472,4770109428360,4770109428384,16,24.5874,17.3265,3.4168,0.7462,0.19944,1.7094,1.18888
183,1,0,1e+08,4770109454668,4770111255507,4770111586303,4770111661955,4770111682859,4770111856275,4770111996315,4770111996343,16,25.4167,18.0084,3.30796,0.75652,0.20904,1.73416,1.4004
184,1,0,1e+08,4770112022923,4770112234703,4770112573255,4770112636587,4770112655687,4770112832871,4770112963375,4770112963399,16,9.40476,2.1178,3.38552,0.63332,0.191,1.77184,1.30504
185,1,0,1e+08,4770112991651,4770114813005,4770115208209,4770115281977,4770115304325,4770115531325,4770115667021,4770115667049,16,26.754,18.2135,3.95204,0.73768,0.22348,2.27,1.35696
186,1,0,1e+08,4770115696909,4770115896521,4770116239117,4770116301073,4770116324641,4770116509209,4770116650221,4770116650245,16,9.53336,1.99612,3.42596,0.61956,0.23568,1.84568,1.41012
187,1,0,1e+08,4770116680873,4770117890993,4770118265541,4770118342125,4770118372261,4770118556825,4770118711929,4770118712033,16,20.3116,12.1012,3.74548,0.76584,0.30136,1.84564,1.55104
188,1,0,1e+08,4770118740929,4770118949953,4770119326573,4770119389641,4770119408929,4770119602617,4770119754065,4770119754089,16,10.1316,2.09024,3.7662,0.63068,0.19288,1.93688,1.51448
189,1,0,1e+08,4770119797745,4770121103670,4770121518402,4770121589934,4770121609042,4770121803258,4770121949750,4770121949850,16,21.521,13.0593,4.14732,0.71532,0.19108,1.94216,1.46492
190,1,0,1e+08,4770121983402,4770122218198,4770122604094,4770122675446,4770122715222,4770122935730,4770123084926,4770123084950,16,11.0155,2.34796,3.85896,0.71352,0.39776,2.20508,1.49196
191,1,0,1e+08,4770123122606,4770124219194,4770124688614,4770124775538,4770124806898,4770125079958,4770125262638,4770125262758,16,21.4015,10.9659,4.6942,0.86924,0.3136,2.7306,1.8268
192,1,0,1e+08,4770125302666,4770126645776,4770127262833,4770127339917,4770127373441,4770127623857,4770127802329,4770127802353,16,24.9969,13.4311,6.17057,0.77084,0.33524,2.50416,1.78472
193,1,0,1e+08,4770127836445,4770128102621,4770128553453,4770128624233,4770128647649,4770128895265,4770129066569,4770129066601,16,12.3016,2.66176,4.50832,0.7078,0.23416,2.47616,1.71304
194,1,0,1e+08,4770129118145,4770129696945,4770130155437,4770130229277,4770130274305,4770130522457,4770130720585,4770130720613,16,16.0247,5.788,4.58492,0.7384,0.45028,2.48152,1.98128
195,1,0,1e+08,4770130885784,4770132009790,4770132487450,4770132560626,4770132582702,4770132846990,4770133027526,4770133027638,16,21.4185,11.2401,4.7766,0.73176,0.22076,2.64288,1.80536
196,1,0,1e+08,4770133062954,4770133334930,4770133809074,4770133881522,4770133913658,4770134175638,4770134364370,4770134364402,16,13.0145,2.71976,4.74144,0.72448,0.32136,2.6198,1.88732
197,1,0,1e+08,4770135013460,4770135356292,4770135809944,4770135897780,4770135929948,4770136178976,4770136335004,4770136335116,16,13.2166,3.42832,4.53652,0.87836,0.32168,2.49028,1.56028
198,1,0,1e+08,4770137537331,4770137794463,4770138221291,4770138284819,4770138323467,4770138567447,4770138723863,4770138723891,16,11.8656,2.57132,4.26828,0.63528,0.38648,2.4398,1.56416
199,1,0,1e+08,4770140252362,4770140493426,4770140898830,4770140965898,4770140992198,4770141215614,4770141369730,4770141369766,16,11.174,2.41064,4.05404,0.67068,0.263,2.23416,1.54116
200,1,0,1e+08,4770142879208,4770143138148,4770143564800,4770143712172,4770143751320,4770143973248,4770144143884,4770144143912,16,12.647,2.5894,4.26652,1.47372,0.39148,2.21928,1.70636
201,1,0,1e+08,4770145160571,4770145521924,4770146139084,4770146226248,4770146252728,4770146599464,4770146803000,4770146803048,16,16.4248,3.61353,6.1716,0.87164,0.2648,3.46736,2.03536
202,1,0,1e+08,4770146935336,4770147232484,4770147704696,4770147794368,4770147813832,4770148079380,4770148256440,4770148256472,16,13.2114,2.97148,4.72212,0.89672,0.19464,2.65548,1.7706
203,1,0,1e+08,4770148805826,4770149209032,4770149734740,4770149804204,4770149825084,4770150076440,4770150246384,4770150246480,16,14.4065,4.03206,5.25708,0.69464,0.2088,2.51356,1.69944
204,1,0,1e+08,4770150661063,4770150914332,4770151339512,4770151422532,4770151445320,4770151686024,4770151852000,4770151852032,16,11.9097,2.53269,4.2518,0.8302,0.22788,2.40704,1.65976
205,1,0,1e+08,4770153083205,4770153309793,4770153715089,4770153779065,4770153796769,4770154024593,4770154186237,4770154186345,16,11.0314,2.26588,4.05296,0.63976,0.17704,2.27824,1.61644
206,1,0,1e+08,4770155432594,4770155687895,4770156074227,4770156136451,4770156175471,4770156389935,4770156543355,4770156543379,16,11.1079,2.55301,3.86332,0.62224,0.3902,2.14464,1.5342
207,1,0,1e+08,4770157980708,4770158223744,4770158615940,4770158686376,4770158726016,4770158937844,4770159085568,4770159085672,16,11.0496,2.43036,3.92196,0.70436,0.3964,2.11828,1.47724
208,1,0,1e+08,4770159973257,4770160206377,4770160596425,4770160672169,4770160732473,4770160954893,4770161135761,4770161135785,16,11.6253,2.3312,3.90048,0.75744,0.60304,2.2242,1.80868
209,1,0,1e+08,4770162232513,4770162537273,4770163062185,4770163142801,4770163174385,4770163486037,4770163675881,4770163675925,16,14.4341,3.0476,5.24912,0.80616,0.31584,3.11652,1.89844
210,1,0,1e+08,4770164150529,4770164559434,4770165335620,4770165424328,4770165471100,4770165908604,4770166133732,4770166133780,16,19.8325,4.08905,7.76186,0.88708,0.46772,4.37504,2.25128
211,1,0,1e+08,4770166166952,4770178771336,4770179252112,4770179305976,4770179354424,4770179556932,4770179674908,4770179674976,16,135.08,126.044,4.80776,0.53864,0.48448,2.02508,1.17976
212,1,0,1e+08,4770179700336,4770182083661,4770183010315,4770183081787,4770183106103,4770183466059,4770183631391,4770183631427,16,39.3109,23.8332,9.26654,0.71472,0.24316,3.59956,1.65332
213,1,0,1e+08,4770183657715,4770183969223,4770184537019,4770184609591,4770184646327,4770184974271,4770185166959,4770185167099,16,15.0938,3.11508,5.67796,0.72572,0.36736,3.27944,1.92688
214,1,0,1e+08,4770185205835,4770189601961,4770191082950,4770191142238,4770191175354,4770191412678,4770191541834,4770191541858,16,63.3602,43.9613,14.8099,0.59288,0.33116,2.37324,1.29156
215,1,0,1e+08,4770191572178,4770191783750,4770192105278,4770192167214,4770192197706,4770192364286,4770192516834,4770192516858,16,9.4468,2.11572,3.21528,0.61936,0.30492,1.6658,1.52548
216,1,0,1e+08,4770192545722,4770194268445,4770194626237,4770194733721,4770194757345,4770194928217,4770195073401,4770195073425,16,25.277,17.2272,3.57792,1.07484,0.23624,1.70872,1.45184
217,1,0,1e+08,4770195101865,4770195320113,4770195668261,4770195732145,4770195771897,4770195955653,4770196103213,4770196103241,16,10.0138,2.18248,3.48148,0.63884,0.39752,1.83756,1.4756
218,1,0,1e+08,4770196136273,4770197523734,4770197894886,4770197991450,4770198018246,4770198196638,4770198356042,4770198356066,16,22.1979,13.8746,3.71152,0.96564,0.26796,1.78392,1.59404
219,1,0,1e+08,4770198394554,4770198621574,4770198977718,4770199041770,4770199063198,4770199248702,4770199380902,4770199381030,16,9.86476,2.2702,3.56144,0.64052,0.21428,1.85504,1.322
220,1,0,1e+08,4770199417574,4770200806136,4770201197004,4770201283872,4770201314108,4770201507548,4770201642336,4770201642360,16,22.2479,13.8856,3.90868,0.86868,0.30236,1.9344,1.34788
221,1,0,1e+08,4770201671532,4770201886360,4770202261416,4770202321996,4770202338472,4770202540492,4770202687752,4770202687840,16,10.1631,2.14828,3.75056,0.6058,0.16476,2.0202,1.4726
222,1,0,1e+08,4770202719028,4770204093027,4770204490707,4770204585207,4770204610531,4770204838667,4770205007667,4770205007691,16,22.8866,13.74,3.9768,0.945,0.25324,2.28136,1.69
223,1,0,1e+08,4770205043595,4770205276167,4770205680411,4770205745695,4770205775171,4770205984759,4770206125975,4770206126091,16,10.825,2.32572,4.04244,0.65284,0.29476,2.09588,1.41216
224,1,0,1e+08,4770206152083,4770207336515,4770207786367,4770207887607,4770207908143,4770208137039,4770208299595,4770208299619,16,21.4754,11.8443,4.49852,1.0124,0.20536,2.28896,1.62556
225,1,0,1e+08,4770208331095,4770208558047,4770208972151,4770209040803,4770209081383,4770209311491,4770209454835,4770209454867,16,11.2377,2.26952,4.14104,0.68652,0.4058,2.30108,1.43344
226,1,0,1e+08,4770210458526,4770210721798,4770211132298,4770211194090,4770211216678,4770211452126,4770211614082,4770211614110,16,11.5558,2.63272,4.105,0.61792,0.22588,2.35448,1.61956
227,1,0,1e+08,4770212846811,4770213110951,4770213516115,4770213581651,4770213620331,4770213846747,4770214001275,4770214001411,16,11.546,2.6414,4.05164,0.65536,0.3868,2.26416,1.54528
228,1,0,1e+08,4770214975580,4770215256692,4770215754492,4770215824300,4770215846992,4770216132916,4770216313204,4770216313236,16,13.3766,2.81112,4.978,0.69808,0.22692,2.85924,1.80288
229,1,0,1e+08,4770216892221,4770217285264,4770218062760,4770218166312,4770218202852,4770218669153,4770218849041,4770218849237,16,19.5702,3.93043,7.77496,1.03552,0.3654,4.66301,1.79888
230,1,0,1e+08,4770218881141,4770219994181,4770220496201,4770220562721,4770220580773,4770220814825,4770220955481,4770220955509,16,20.7437,11.1304,5.0202,0.6652,0.18052,2.34052,1.40656
231,1,0,1e+08,4770220983585,4770221220493,4770221654721,4770221723405,4770221753625,4770221987485,4770222158193,4770222158225,16,11.7464,2.36908,4.34228,0.68684,0.3022,2.3386,1.70708
232,1,0,1e+08,4770222528253,4770223212969,4770223720577,4770223799653,4770223821293,4770224096049,4770224271397,4770224271429,16,17.4318,6.84716,5.07608,0.79076,0.2164,2.74756,1.75348
233,1,0,1e+08,4770224540674,4770238081287,4770238624308,4770238678748,4770238729736,4770238941088,4770239061700,4770239061724,16,145.21,135.406,5.43021,0.5444,0.50988,2.11352,1.20612
234,1,0,1e+08,4770239085316,4770240890231,4770241220675,4770241274415,4770241316983,4770241497891,4770241632115,4770241632139,16,25.4682,18.0492,3.30444,0.5374,0.42568,1.80908,1.34224
235,1,0,1e+08,4770241659403,4770243517641,4770243927765,4770244017009,4770244069913,4770244293501,4770244428193,4770244428281,16,27.6888,18.5824,4.10124,0.89244,0.52904,2.23588,1.34692
236,1,0,1e+08,4770244455469,4770246359989,4770246704549,4770246780897,4770246801637,4770246977869,4770247095917,4770247095941,16,26.4047,19.0452,3.4456,0.76348,0.2074,1.76232,1.18048
237,1,0,1e+08,4770247120977,4770247344141,4770247703369,4770247762605,4770247801793,4770247989857,4770248147561,4770248147669,16,10.2669,2.23164,3.59228,0.59236,0.39188,1.88064,1.57704
238,1,0,1e+08,4770248177065,4770249921351,4770250471107,4770250545519,4770250566383,4770250882727,4770251040215,4770251040243,16,28.6318,17.4429,5.49756,0.74412,0.20864,3.16344,1.57488
239,1,0,1e+08,4770251069675,4770251333123,4770251708487,4770251773407,4770251818423,4770252021627,4770252190999,4770252191087,16,11.2141,2.63448,3.75364,0.6492,0.45016,2.03204,1.69372
240,1,0,1e+08,4770252226807,4770253404441,4770254138917,4770254228301,4770254270521,4770254669689,4770254872573,4770254872609,16,26.458,11.7763,7.34476,0.89384,0.4222,3.99168,2.02884
241,1,0,1e+08,4770254913097,4770255609834,4770256043542,4770256119834,4770256160910,4770256401262,4770256582270,4770256582302,16,16.692,6.96737,4.33708,0.76292,0.41076,2.40352,1.81008
242,1,0,1e+08,4770256617802,4770257895945,4770258366925,4770258438349,4770258458141,4770258701173,4770258874921,4770258874953,16,22.5715,12.7814,4.7098,0.71424,0.19792,2.43032,1.73748
243,1,0,1e+08,4770258908229,4770259165585,4770259598013,4770259677025,4770259711805,4770259972485,4770260148745,4770260148861,16,12.4063,2.57356,4.32428,0.79012,0.3478,2.6068,1.7626
244,1,0,1e+08,4770260198373,4770260999691,4770261619047,4770261690455,4770261718371,4770262001327,4770262169827,4770262169855,16,19.7148,8.01318,6.19356,0.71408,0.27916,2.82956,1.685
245,1,0,1e+08,4770262209723,4770263278492,4770263751036,4770263818552,4770263867788,4770264145800,4770264333440,4770264333536,16,21.2381,10.6877,4.72544,0.67516,0.49236,2.78012,1.8764
246,1,0,1e+08,4770264362888,4770265619450,4770266124698,4770266212322,4770266232478,4770266499698,4770266681154,4770266681186,16,23.183,12.5656,5.05248,0.87624,0.20156,2.6722,1.81456
247,1,0,1e+08,4770266711262,4770266962594,4770267423330,4770267485562,4770267515598,4770267770510,4770267942702,4770267942742,16,12.3148,2.51332,4.60736,0.62232,0.30036,2.54912,1.72192
248,1,0,1e+08,4770267988574,4770268746549,4770269228257,4770269311097,4770269356737,4770269638849,4770269813153,4770269813181,16,18.2461,7.57975,4.81708,0.8284,0.4564,2.82112,1.74304
249,1,0,1e+08,4770269844229,4770271058663,4770271575139,4770271655047,4770271691367,4770271964975,4770272135499,4770272135539,16,22.9131,12.1443,5.16476,0.79908,0.3632,2.73608,1.70524
250,1,0,1e+08,4770272168399,4770272436587,4770272943519,4770273025703,4770273058715,4770273359527,4770273546099,4770273546131,16,13.7773,2.68188,5.06932,0.82184,0.33012,3.00812,1.86572
251,1,0,1e+08,4770273591823,4770276448932,4770278691388,4770278794073,4770278844713,4770279386211,4770279581659,4770279581787,16,59.8996,28.5711,22.4246,1.02685,0.5064,5.41498,1.95448
252,1,0,1e+08,4770279611927,4770279892527,4770280353167,4770280420291,4770280441295,4770280681331,4770280826219,4770280826251,16,12.1432,2.806,4.6064,0.67124,0.21004,2.40036,1.44888
253,1,0,1e+08,4770280860359,4770283045507,4770283511875,4770283581031,4770283599247,4770283831931,4770283978443,4770283978591,16,31.1823,21.8515,4.66368,0.69156,0.18216,2.32684,1.46512
254,1,0,1e+08,4770284009015,4770284260223,4770284695907,4770284776771,4770284808123,4770285047767,4770285236155,4770285236183,16,12.2717,2.51208,4.35684,0.80864,0.31352,2.39644,1.88388
255,1,0,1e+08,4770285271343,4770288535084,4770290781177,4770290977363,4770291028709,4770291700973,4770291998358,4770291998578,16,67.2723,32.6374,22.4609,1.96186,0.51346,6.72264,2.97385
256,1,0,1e+08,4770292030138,4770292618606,4770293459796,4770293564700,4770293600449,4770294042534,4770294293056,4770294293104,16,22.6297,5.88468,8.4119,1.04904,0.35749,4.42085,2.50522
257,1,0,1e+08,4770294354616,4770294783153,4770295565052,4770295654644,4770295686048,4770296132428,4770296418954,4770296419014,16,20.644,4.28537,7.81899,0.89592,0.31404,4.4638,2.86526
258,1,0,1e+08,4770296485174,4770297134414,4770297927778,4770298024698,4770298076026,4770298525444,4770298810898,4770298810946,16,23.2577,6.4924,7.93364,0.9692,0.51328,4.49418,2.85454
259,1,0,1e+08,4770298876730,4770299472486,4770300284763,4770300385984,4770300424560,4770300911500,4770301184049,4770301184249,16,23.0752,5.95756,8.12277,1.01221,0.38576,4.8694,2.72549
260,1,0,1e+08,4770301238533,4770301916266,4770302738373,4770302939949,4770302983897,4770303453610,4770303712448,4770303712496,16,24.7396,6.77733,8.22107,2.01576,0.43948,4.69713,2.58838
261,1,0,1e+08,4770303748152,4770304145929,4770304929770,4770305019226,4770305052770,4770305494352,4770305759020,4770305759196,16,20.1104,3.97777,7.83841,0.89456,0.33544,4.41582,2.64668
262,1,0,1e+08,4770305813956,4770306654876,4770307543718,4770307650166,4770307681186,4770308123732,4770308363634,4770308363682,16,25.4973,8.4092,8.88842,1.06448,0.3102,4.42546,2.39902
263,1,0,1e+08,4770308394474,4770308793204,4770309590720,4770309690961,4770309736009,4770310176556,4770310441896,4770310441956,16,20.4748,3.9873,7.97516,1.00241,0.45048,4.40547,2.6534
264,1,0,1e+08,4770310495252,4770311204004,4770311979101,4770312065661,4770312093286,4770312531461,4770312748430,4770312748478,16,22.5323,7.08752,7.75097,0.8656,0.27625,4.38175,2.16969
265,1,0,1e+08,4770312790338,4770313666848,4770314641312,4770314743304,4770314776260,4770315256230,4770315495676,4770315495736,16,27.054,8.7651,9.74464,1.01992,0.32956,4.7997,2.39446
266,1,0,1e+08,4770315526464,4770315922722,4770316710903,4770316953292,4770317172618,4770317790184,4770318067212,4770318067260,16,25.408,3.96258,7.88181,2.42389,2.19326,6.17566,2.77028
267,1,0,1e+08,4770318108804,4770318517719,4770319319845,4770319397953,4770319438621,4770319880879,4770320140437,4770320140605,16,20.318,4.08915,8.02126,0.78108,0.40668,4.42258,2.59558
268,1,0,1e+08,4770320193917,4770321086418,4770321890154,4770321990546,4770322020298,4770322464816,4770322708037,4770322708085,16,25.1417,8.92501,8.03736,1.00392,0.29752,4.44518,2.43221
269,1,0,1e+08,4770322762181,4770323219496,4770324017153,4770324125469,4770324173557,4770324611480,4770324870172,4770324870348,16,21.0817,4.57315,7.97657,1.08316,0.48088,4.37923,2.58692
270,1,0,1e+08,4770324919749,4770326020156,4770327177120,4770327304981,4770327341049,4770327990974,4770328221350,4770328221398,16,33.0165,11.0041,11.5696,1.27861,0.36068,6.49925,2.30376
271,1,0,1e+08,4770328258882,4770328668788,4770329456517,4770329539273,4770329585501,4770330039432,4770330278198,4770330278354,16,20.1947,4.09906,7.87729,0.82756,0.46228,4.53931,2.38766
272,1,0,1e+08,4770330327326,4770331124270,4770332048212,4770332139384,4770332166588,4770332605086,4770332845394,4770332845442,16,25.1812,7.96944,9.23942,0.91172,0.27204,4.38498,2.40308
273,1,0,1e+08,4770332880758,4770333284449,4770334062670,4770334135834,4770334167226,4770334605393,4770334825770,4770334825830,16,19.4507,4.03691,7.78221,0.73164,0.31392,4.38167,2.20377
274,1,0,1e+08,4770334866186,4770335759564,4770336605233,4770336682521,4770336705805,4770337142872,4770337379842,4770337379890,16,25.137,8.93378,8.45669,0.77288,0.23284,4.37067,2.3697
275,1,0,1e+08,4770337424515,4770337865763,4770338627173,4770338705241,4770338732797,4770339153053,4770339380741,4770339380933,16,19.5642,4.41248,7.6141,0.78068,0.27556,4.20256,2.27688
276,1,0,1e+08,4770339437537,4770340153096,4770340927745,4770341013138,4770341036294,4770341469230,4770341684939,4770341684987,16,22.4745,7.15559,7.74649,0.85393,0.23156,4.32936,2.15709
277,1,0,1e+08,4770341722216,4770342674607,4770343817501,4770343922640,4770343973880,4770344471330,4770344689760,4770344689916,16,29.677,9.52391,11.4289,1.05139,0.5124,4.9745,2.1843
278,1,0,1e+08,4770344717996,4770345111478,4770345884190,4770345977572,4770346016800,4770346481341,4770346722148,4770346722196,16,20.042,3.93482,7.72712,0.93382,0.39228,4.64541,2.40807
279,1,0,1e+08,4770346763348,4770347545562,4770348324584,4770348567676,4770348634725,4770349074308,4770349311253,4770349311313,16,25.4796,7.82214,7.79022,2.43092,0.67049,4.39583,2.36945
280,1,0,1e+08,4770349342401,4770349739508,4770350515374,4770350599522,4770350644834,4770351100945,4770351343993,4770351344041,16,20.0164,3.97107,7.75866,0.84148,0.45312,4.56111,2.43048
281,1,0,1e+08,4770351385930,4770352233326,4770353094756,4770353190232,4770353220664,4770353659531,4770353880287,4770353880343,16,24.9441,8.47396,8.6143,0.95476,0.30432,4.38867,2.20756
282,1,0,1e+08,4770353909664,4770354305318,4770355080201,4770355157325,4770355201486,4770355650302,4770355890556,4770355890604,16,19.8094,3.95654,7.74883,0.77124,0.44161,4.48816,2.40254
283,1,0,1e+08,4770355925760,4770356332513,4770357104494,4770357190690,4770357243702,4770357674554,4770357925394,4770357925546,16,19.9979,4.06753,7.71981,0.86196,0.53012,4.30852,2.5084
284,1,0,1e+08,4770357982014,4770359077451,4770360218937,4770360329013,4770360364525,4770360878910,4770361086782,4770361086830,16,31.0482,10.9544,11.4149,1.10076,0.35512,5.14385,2.07872
285,1,0,1e+08,4770361117506,4770361525036,4770362297845,4770362377473,4770362419565,4770362894664,4770363139968,4770363140132,16,20.2263,4.0753,7.72809,0.79628,0.42092,4.75099,2.45304
286,1,0,1e+08,4770363179380,4770363952421,4770364733034,4770364851192,4770364882729,4770365314797,4770365541919,4770365541963,16,23.6258,7.73041,7.80613,1.18158,0.31537,4.32068,2.27122
287,1,0,1e+08,4770365586519,4770366120868,4770366892348,4770366978800,4770367045193,4770367496449,4770367725241,4770367725409,16,21.3889,5.34349,7.7148,0.86452,0.66393,4.51256,2.28792
288,1,0,1e+08,4770367762513,4770368623516,4770369611616,4770369703976,4770369730584,4770370173460,4770370385137,4770370385185,16,26.2267,8.61003,9.881,0.9236,0.26608,4.42876,2.11677
289,1,0,1e+08,4770370413374,4770370806300,4770371575934,4770371654722,4770371674566,4770372121386,4770372340775,4770372340835,16,19.2746,3.92926,7.69634,0.78788,0.19844,4.4682,2.19389
290,1,0,1e+08,4770372381279,4770373344546,4770374167908,4770374245252,4770374268252,4770374709603,4770374944208,4770374944256,16,25.6298,9.63267,8.23362,0.77344,0.23,4.41351,2.34605
291,1,0,1e+08,4770374988517,4770375402384,4770376175022,4770376272534,4770376308210,4770376747546,4770376985382,4770376985530,16,19.9701,4.13867,7.72638,0.97512,0.35676,4.39336,2.37836
292,1,0,1e+08,4770377027926,4770377784610,4770378561161,4770378647357,4770378687993,4770379138090,4770379386876,4770379386924,16,23.59,7.56684,7.76551,0.86196,0.40636,4.50097,2.48786
293,1,0,1e+08,4770379430508,4770380209164,4770381140928,4770381258873,4770381298046,4770381744226,4770381960414,4770381960570,16,25.3006,7.78656,9.31764,1.17945,0.39173,4.4618,2.16188
294,1,0,1e+08,4770381990850,4770382383688,4770383156262,4770383240222,4770383273218,4770383715954,4770383947480,4770383947524,16,19.5667,3.92838,7.72574,0.8396,0.32996,4.42736,2.31526
295,1,0,1e+08,4770383995628,4770384816558,4770385594321,4770385680377,4770385708897,4770386141898,4770386372382,4770386372442,16,23.7681,8.2093,7.77763,0.86056,0.2852,4.33001,2.30484
296,1,0,1e+08,4770386412192,4770386944798,4770387719444,4770387805208,4770387845392,4770388280348,4770388506733,4770388506781,16,20.9459,5.32606,7.74646,0.85764,0.40184,4.34956,2.26385
297,1,0,1e+08,4770388544841,4770389410236,4770390497570,4770390585258,4770390610708,4770391044953,4770391250266,4770391250326,16,27.0548,8.65395,10.8733,0.87688,0.2545,4.34245,2.05313
298,1,0,1e+08,4770391279542,4770391672393,4770392446974,4770392530603,4770392564811,4770393015617,4770393252978,4770393253026,16,19.7348,3.92851,7.74581,0.83629,0.34208,4.50806,2.37361
299,1,0,1e+08,4770393316858,4770394014018,4770394828390,4770394923016,4770394954376,4770395389048,4770395622169,4770395622333,16,23.0547,6.9716,8.14372,0.94626,0.3136,4.34672,2.33121
300,1,0,1e+08,4770395668089,4770396379361,4770397163540,4770397273760,4770397323108,4770397789583,4770398097568,4770398097616,16,24.2953,7.11272,7.84179,1.1022,0.49348,4.66475,3.07985
301,1,0,1e+08,4770398160784,4770398586582,4770399382516,4770399473528,4770399538712,4770399985582,4770400251355,4770400251503,16,20.9072,4.25798,7.95934,0.91012,0.65184,4.4687,2.65773
302,1,0,1e+08,4770400313479,4770400768688,4770401560828,4770401706600,4770401755816,4770402193252,4770402426643,4770402426691,16,21.1321,4.55209,7.9214,1.45772,0.49216,4.37436,2.33391
303,1,0,1e+08,4770402465251,4770403011262,4770403785306,4770403870599,4770403894456,4770404334430,4770404573562,4770404573750,16,21.085,5.46011,7.74044,0.85293,0.23857,4.39974,2.39132
304,1,0,1e+08,4770404630574,4770405273012,4770406048474,4770406134294,4770406178342,4770406620430,4770406868311,4770406868359,16,22.3779,6.42438,7.75462,0.8582,0.44048,4.42088,2.47881
305,1,0,1e+08,4770406914919,4770407528976,4770408207033,4770408291277,4770408337829,4770408679089,4770408918197,4770408918241,16,20.0332,6.14057,6.78057,0.84244,0.46552,3.4126,2.39108
306,1,0,1e+08,4770408961241,4770409724850,4770410278010,4770410345790,4770410384418,4770410697034,4770410881946,4770410881982,16,19.2074,7.63609,5.5316,0.6778,0.38628,3.12616,1.84912
307,1,0,1e+08,4770410917286,4770411940329,4770412451937,4770412526225,4770412560745,4770412856725,4770413026629,4770413026737,16,21.0945,10.2304,5.11608,0.74288,0.3452,2.9598,1.69904
308,1,0,1e+08,4770413056585,4770414255659,4770414750267,4770414821639,4770414841087,4770415109267,4770415270803,4770415270835,16,22.1425,11.9907,4.94608,0.71372,0.19448,2.6818,1.61536
309,1,0,1e+08,4770415304427,4770415566795,4770416053415,4770416125779,4770416144335,4770416430663,4770416631123,4770416631247,16,13.2682,2.62368,4.8662,0.72364,0.18556,2.86328,2.0046
310,1,0,1e+08,4770416674639,4770417240347,4770417719803,4770417788203,4770417832987,4770418113779,4770418296375,4770418296411,16,16.2177,5.65708,4.79456,0.684,0.44784,2.80792,1.82596
311,1,0,1e+08,4770418327839,4770419551729,4770420041249,4770420127373,4770420160209,4770420428265,4770420601321,4770420601357,16,22.7352,12.2389,4.8952,0.86124,0.32836,2.68056,1.73056
312,1,0,1e+08,4770420639541,4770420885069,4770421364829,4770421442465,4770421477641,4770421745825,4770421933141,4770421933173,16,12.9363,2.45528,4.7976,0.77636,0.35176,2.68184,1.87316
313,1,0,1e+08,4770422383625,4770422642625,4770423114293,4770423223253,4770423256725,4770423515181,4770423672345,4770423672381,16,12.8876,2.59,4.71668,1.0896,0.33472,2.58456,1.57164
314,1,0,1e+08,4770424597058,4770424876226,4770425335922,4770425407890,4770425430814,4770425690166,4770425843282,4770425843310,16,12.4625,2.79168,4.59696,0.71968,0.22924,2.59352,1.53116
315,1,0,1e+08,4770427094627,4770427335108,4770427774040,4770427847644,4770427876664,4770428120108,4770428303168,4770428303292,16,12.0867,2.40481,4.38932,0.73604,0.2902,2.43444,1.8306
316,1,0,1e+08,4770429390558,4770429702762,4770430141722,4770430213722,4770430247202,4770430490722,4770430662090,4770430662122,16,12.7156,3.12204,4.3896,0.72,0.3348,2.4352,1.71368
317,1,0,1e+08,4770431609210,4770431900648,4770432328864,4770432394060,4770432444688,4770432675468,4770432841140,4770432841260,16,12.3205,2.91438,4.28216,0.65196,0.50628,2.3078,1.65672
318,1,0,1e+08,4770433773510,4770434023202,4770434434370,4770434503882,4770434523086,4770434751390,4770434901982,4770434902010,16,11.285,2.49692,4.11168,0.69512,0.19204,2.28304,1.50592
319,1,0,1e+08,4770436243015,4770436500267,4770436891207,4770436954291,4770436972323,4770437181419,4770437330487,4770437330583,16,10.8757,2.57252,3.9094,0.63084,0.18032,2.09096,1.49068
320,1,0,1e+08,4770438643451,4770439773913,4770440225757,4770440302921,4770440327769,4770440549805,4770440715725,4770440715749,16,20.723,11.3046,4.51844,0.77164,0.24848,2.22036,1.6592
321,1,0,1e+08,4770440746845,4770440983589,4770441404649,4770441481041,4770441510801,4770441739133,4770441906557,4770441906589,16,11.5974,2.36744,4.2106,0.76392,0.2976,2.28332,1.67424
322,1,0,1e+08,4770442712324,4770443029212,4770443459792,4770443536248,4770443559184,4770443791204,4770443953368,4770443953396,16,12.4107,3.16888,4.3058,0.76456,0.22936,2.3202,1.62164
323,1,0,1e+08,4770444791267,4770445052487,4770445493195,4770445574799,4770445605447,4770445854227,4770446023739,4770446023871,16,12.326,2.6122,4.40708,0.81604,0.30648,2.4878,1.69512
324,1,0,1e+08,4770446603399,4770447358643,4770447842571,4770447926067,4770447959979,4770448208927,4770448372703,4770448372735,16,17.6934,7.55244,4.83928,0.83496,0.33912,2.48948,1.63776
325,1,0,1e+08,4770448559795,4770448804043,4770449254983,4770449330911,4770449351527,4770449614435,4770449778783,4770449778911,16,12.1912,2.44248,4.5094,0.75928,0.20616,2.62908,1.64348
326,1,0,1e+08,4770450593299,4770450872959,4770451322435,4770451388163,4770451428799,4770451692239,4770451846543,4770451846571,16,12.5327,2.7966,4.49476,0.65728,0.40636,2.6344,1.54304
327,1,0,1e+08,4770452638667,4770452915764,4770453355612,4770453421132,4770453448712,4770453684452,4770453837456,4770453837492,16,11.9883,2.77097,4.39848,0.6552,0.2758,2.3574,1.53004
328,1,0,1e+08,4770454734021,4770454979861,4770455404101,4770455473393,4770455493061,4770455721541,4770455875957,4770455875985,16,11.4196,2.4584,4.2424,0.69292,0.19668,2.2848,1.54416
329,1,0,1e+08,4770457267244,4770457506106,4770457902742,4770457967906,4770457986874,4770458204162,4770458359718,4770458359754,16,10.9251,2.38862,3.96636,0.65164,0.18968,2.17288,1.55556
330,1,0,1e+08,4770459601138,4770461030157,4770461433705,4770461509613,4770461538673,4770461739821,4770461890229,4770461890253,16,22.8911,14.2902,4.03548,0.75908,0.2906,2.01148,1.50408
331,1,0,1e+08,4770461919421,4770462130257,4770462508177,4770462572593,4770462613237,4770462817369,4770462965609,4770462965709,16,10.4629,2.10836,3.7792,0.64416,0.40644,2.04132,1.4824
332,1,0,1e+08,4770464061875,4770464317815,4770464697531,4770464789559,4770464830231,4770465031723,4770465191011,4770465191039,16,11.2916,2.5594,3.79716,0.92028,0.40672,2.01492,1.59288
333,1,0,1e+08,4770466423749,4770466685911,4770467048923,4770467112863,4770467135859,4770467329639,4770467476235,4770467476343,16,10.5259,2.62162,3.63012,0.6394,0.22996,1.9378,1.46596
334,1,0,1e+08,4770468876374,4770469124044,4770469469072,4770469543672,4770469561632,4770469751952,4770469896148,4770469896172,16,10.198,2.4767,3.45028,0.746,0.1796,1.9032,1.44196
335,1,0,1e+08,4770470679607,4770470960049,4770471381889,4770471454057,4770471491149,4770471718517,4770471884121,4770471884253,16,12.0465,2.80442,4.2184,0.72168,0.37092,2.27368,1.65604
336,1,0,1e+08,4770472446123,4770473091324,4770473682916,4770473766296,4770473788640,4770474108044,4770474319612,4770474319648,16,18.7352,6.45201,5.91592,0.8338,0.22344,3.19404,2.11568
337,1,0,1e+08,4770474369520,4770474677692,4770475254728,4770475349924,4770475389028,4770475731612,4770475941452,4770475941496,16,15.7198,3.08172,5.77036,0.95196,0.39104,3.42584,2.0984
338,1,0,1e+08,4770476360606,4770476768010,4770477544688,4770477628869,4770477663445,4770478094114,4770478304167,4770478304207,16,19.436,4.07404,7.76678,0.84181,0.34576,4.30669,2.10053
339,1,0,1e+08,4770478335131,4770478638411,4770479111359,4770479178347,4770479219203,4770479473255,4770479668839,4770479668935,16,13.338,3.0328,4.72948,0.66988,0.40856,2.54052,1.95584
340,1,0,1e+08,4770480093901,4770480627467,4770481083831,4770481157623,4770481177935,4770481424667,4770481572563,4770481572591,16,14.7869,5.33566,4.56364,0.73792,0.20312,2.46732,1.47896
341,1,0,1e+08,4770482520540,4770482796822,4770483221818,4770483285754,4770483308074,4770483541558,4770483696006,4770483696098,16,11.7556,2.76282,4.24996,0.63936,0.2232,2.33484,1.54448
342,1,0,1e+08,4770484788171,4770485086571,4770485524719,4770485611419,4770485627187,4770485856175,4770486016683,4770486016711,16,12.2854,2.984,4.38148,0.867,0.15768,2.28988,1.60508
343,1,0,1e+08,4770486668239,4770486915768,4770487321868,4770487391196,4770487409108,4770487633204,4770487777952,4770487777988,16,11.0975,2.47529,4.061,0.69328,0.17912,2.24096,1.44748
344,1,0,1e+08,4770489029182,4770489622751,4770490014427,4770490110999,4770490148911,4770490355567,4770490501127,4770490501151,16,14.7197,5.93569,3.91676,0.96572,0.37912,2.06656,1.4556
345,1,0,1e+08,4770491191468,4770491413688,4770491795788,4770491863196,4770491880136,4770492087616,4770492228544,4770492228576,16,10.3711,2.2222,3.821,0.67408,0.1694,2.0748,1.40928
346,1,0,1e+08,4770492937017,4770494693065,4770495290982,4770495358978,4770495378974,4770495589718,4770495745078,4770495745102,16,28.0809,17.5605,5.97917,0.67996,0.19996,2.10744,1.5536
347,1,0,1e+08,4770495778518,4770496019866,4770496420570,4770496481590,4770496547942,4770496755486,4770496898610,4770496898718,16,11.202,2.41348,4.00704,0.6102,0.66352,2.07544,1.43124
348,1,0,1e+08,4770496928398,4770498683472,4770499331100,4770499402556,4770499434088,4770499799196,4770499995380,4770499995420,16,30.6702,17.5507,6.47628,0.71456,0.31532,3.65108,1.96184
349,1,0,1e+08,4770500026752,4770500363616,4770500992556,4770501085324,4770501121460,4770501480784,4770501669700,4770501669828,16,16.4308,3.36864,6.2894,0.92768,0.36136,3.59324,1.88916
350,1,0,1e+08,4770501702928,4770502043396,4770502682976,4770502784364,4770502806684,4770503180528,4770503397400,4770503397440,16,16.9451,3.40468,6.3958,1.01388,0.2232,3.73844,2.16872
351,1,0,1e+08,4770503438684,4770504062763,4770504622751,4770504694651,4770504722659,4770504992883,4770505160155,4770505160255,16,17.2157,6.24079,5.59988,0.719,0.28008,2.70224,1.67272
352,1,0,1e+08,4770505210343,4770505480531,4770505975415,4770506074063,4770506108947,4770506398643,4770506585263,4770506585295,16,13.7495,2.70188,4.94884,0.98648,0.34884,2.89696,1.8662
353,1,0,1e+08,4770507013237,4770507321149,4770507865177,4770507943925,4770507979765,4770508298381,4770508493093,4770508493137,16,14.799,3.07912,5.44028,0.78748,0.3584,3.18616,1.94712
354,1,0,1e+08,4770509026650,4770509444880,4770510155068,4770510232472,4770510295584,4770510572480,4770510777232,4770510777264,16,17.5061,4.1823,7.10188,0.77404,0.63112,2.76896,2.04752
355,1,0,1e+08,4770510884056,4770511553089,4770512035469,4770512100785,4770512118101,4770512379857,4770512544105,4770512544233,16,16.6018,6.69033,4.8238,0.65316,0.17316,2.61756,1.64248
356,1,0,1e+08,4770513355677,4770526200158,4770527122097,4770527180845,4770527253105,4770527495425,4770527625717,4770527625737,16,142.701,128.445,9.21939,0.58748,0.7226,2.4232,1.30292
357,1,0,1e+08,4770527651309,4770529890943,4770530460949,4770530515449,4770530534913,4770530728461,4770530846497,4770530846573,16,31.9526,22.3963,5.70006,0.545,0.19464,1.93548,1.18036
358,1,0,1e+08,4770530872645,4770532626811,4770532973083,4770533045487,4770533097079,4770533282815,4770533412859,4770533412883,16,25.4024,17.5417,3.46272,0.72404,0.51592,1.85736,1.30044
359,1,0,1e+08,4770533439655,4770535289081,4770535634021,4770535704017,4770535763469,4770535969113,4770536097921,4770536097953,16,26.583,18.4943,3.4494,0.69996,0.59452,2.05644,1.28808
360,1,0,1e+08,4770536124377,4770536345645,4770536692909,4770536754085,4770536790281,4770536971445,4770537124333,4770537124357,16,9.9998,2.21268,3.47264,0.61176,0.36196,1.81164,1.52888
361,1,0,1e+08,4770537158245,4770538951365,4770539669789,4770539742073,4770539770917,4770540055837,4770540196917,4770540196953,16,30.3871,17.9312,7.18424,0.72284,0.28844,2.8492,1.4108
362,1,0,1e+08,4770540225949,4770540441797,4770540805797,4770540870209,4770540889349,4770541089529,4770541256189,4770541256213,16,10.3026,2.15848,3.64,0.64412,0.1914,2.0018,1.6666
363,1,0,1e+08,4770541291009,4770543272127,4770543689295,4770543774783,4770543792707,4770544012223,4770544200955,4770544201047,16,29.1004,19.8112,4.17168,0.85488,0.17924,2.19516,1.88732
364,1,0,1e+08,4770544235327,4770544494359,4770544905931,4770544968251,4770545022935,4770545240263,4770545408503,4770545408531,16,11.732,2.59032,4.11572,0.6232,0.54684,2.17328,1.6824
365,1,0,1e+08,4770545444727,4770546328054,4770546736066,4770546800706,4770546842166,4770547074034,4770547224290,4770547224406,16,17.7968,8.83327,4.08012,0.6464,0.4146,2.31868,1.50256
366,1,0,1e+08,4770547254274,4770548630853,4770549054857,4770549123037,4770549139965,4770549347457,4770549490125,4770549490149,16,22.3588,13.7658,4.24004,0.6818,0.16928,2.07492,1.42668
367,1,0,1e+08,4770549521321,4770549737185,4770550134937,4770550195861,4770550237145,4770550452329,4770550612905,4770550612997,16,10.9168,2.15864,3.97752,0.60924,0.41284,2.15184,1.60576
368,1,0,1e+08,4770550652697,4770551680747,4770552073423,4770552140011,4770552180455,4770552426831,4770552578299,4770552578323,16,19.2563,10.2805,3.92676,0.66588,0.40444,2.46376,1.51468
369,1,0,1e+08,4770552609571,4770553925676,4770554332956,4770554411128,4770554440012,4770554654244,4770554796140,4770554796172,16,21.866,13.1611,4.0728,0.78172,0.28884,2.14232,1.41896
370,1,0,1e+08,4770554824780,4770555041072,4770555426484,4770555488704,4770555506928,4770555713424,4770555844304,4770555844332,16,10.1955,2.16292,3.85412,0.6222,0.18224,2.06496,1.3088
371,1,0,1e+08,4770555869764,4770557042536,4770557425648,4770557499188,4770557517940,4770557722448,4770557867500,4770557867620,16,19.9786,11.7277,3.83112,0.7354,0.18752,2.04508,1.45052
372,1,0,1e+08,4770557897012,4770558109892,4770558512492,4770558585048,4770558628416,4770558861884,4770559005536,4770559005560,16,11.0855,2.1288,4.026,0.72556,0.43368,2.33468,1.43652
373,1,0,1e+08,4770559918785,4770560210341,4770560591105,4770560652565,4770560672293,4770560876145,4770561017261,4770561017397,16,10.9861,2.91556,3.80764,0.6146,0.19728,2.03852,1.41116
374,1,0,1e+08,4770562473397,4770562708643,4770563082639,4770563149679,4770563188407,4770563402375,4770563559611,4770563559635,16,10.8624,2.35246,3.73996,0.6704,0.38728,2.13968,1.57236
375,1,0,1e+08,4770564924315,4770565204584,4770565572536,4770565637096,4770565685132,4770565898816,4770566058792,4770566058820,16,11.3451,2.80269,3.67952,0.6456,0.48036,2.13684,1.59976
376,1,0,1e+08,4770567591311,4770567830644,4770568202680,4770568277976,4770568318008,4770568528464,4770568684204,4770568684228,16,10.9292,2.39333,3.72036,0.75296,0.40032,2.10456,1.5574
377,1,0,1e+08,4770569784172,4770570035562,4770570418310,4770570487218,4770570510338,4770570723578,4770570887470,4770570887498,16,11.0333,2.5139,3.82748,0.68908,0.2312,2.1324,1.63892
378,1,0,1e+08,4770571595193,4770571905377,4770572353777,4770572435937,4770572464853,4770572699717,4770572879921,4770572879949,16,12.8476,3.10184,4.484,0.8216,0.28916,2.34864,1.80204
379,1,0,1e+08,4770573533032,4770573813665,4770574236409,4770574307881,4770574347885,4770574584689,4770574738261,4770574738353,16,12.0532,2.80633,4.22744,0.71472,0.40004,2.36804,1.53572
380,1,0,1e+08,4770575721773,4770576068962,4770576569766,4770576636470,4770576661782,4770576896314,4770577070434,4770577070462,16,13.4869,3.47189,5.00804,0.66704,0.25312,2.34532,1.7412
381,1,0,1e+08,4770577543044,4770577843269,4770578299849,4770578368045,4770578392369,4770578635333,4770578794961,4770578795057,16,12.5201,3.00225,4.5658,0.68196,0.24324,2.42964,1.59628
382,1,0,1e+08,4770579356308,4770580247497,4770580700309,4770580771497,4770580789709,4770581027377,4770581214169,4770581214197,16,18.5789,8.91189,4.52812,0.71188,0.18212,2.37668,1.86792
383,1,0,1e+08,4770581285849,4770581521377,4770581953081,4770582019237,4770582042689,4770582281517,4770582444333,4770582444461,16,11.5861,2.35528,4.31704,0.66156,0.23452,2.38828,1.62816
384,1,0,1e+08,4770583912838,4770584191138,4770584593414,4770584656554,4770584695962,4770584914246,4770585061302,4770585061330,16,11.4849,2.783,4.02276,0.6314,0.39408,2.18284,1.47056
385,1,0,1e+08,4770586525139,4770586789153,4770587164969,4770587227941,4770587249869,4770587453585,4770587592309,4770587592341,16,10.672,2.64014,3.75816,0.62972,0.21928,2.03716,1.38724
386,1,0,1e+08,4770588930787,4770589222404,4770589600172,4770589676504,4770589719440,4770589920008,4770590066892,4770590066916,16,11.3613,2.91617,3.77768,0.76332,0.42936,2.00568,1.46884
387,1,0,1e+08,4770591118985,4770591417693,4770591779597,4770591854605,4770591876737,4770592071873,4770592221033,4770592221133,16,11.0215,2.98708,3.61904,0.75008,0.22132,1.95136,1.4916
388,1,0,1e+08,4770593076230,4770593324108,4770593690356,4770593770732,4770593791716,4770593992964,4770594160916,4770594160940,16,10.8471,2.47878,3.66248,0.80376,0.20984,2.01248,1.67952
389,1,0,1e+08,4770594863839,4770595197289,4770595640233,4770595708953,4770595742801,4770595983497,4770596153373,4770596153485,16,12.8965,3.3345,4.42944,0.6872,0.33848,2.40696,1.69876
390,1,0,1e+08,4770596642628,4770596914524,4770597292204,4770597370964,4770597390136,4770597598140,4770597756552,4770597756580,16,11.1395,2.71896,3.7768,0.7876,0.19172,2.08004,1.58412
391,1,0,1e+08,4770598971517,4770599266301,4770599671129,4770599748053,4770599775645,4770599996145,4770600145401,4770600145433,16,11.7392,2.94784,4.04828,0.76924,0.27592,2.205,1.49256
392,1,0,1e+08,4770601104610,4770601342646,4770601751718,4770601824290,4770601863590,4770602099118,4770602259502,4770602259530,16,11.5492,2.38036,4.09072,0.72572,0.393,2.35528,1.60384
393,1,0,1e+08,4770603272490,4770603903701,4770605034665,4770605141297,4770605164277,4770605595128,4770605825953,4770605826013,16,25.5352,6.31211,11.3096,1.06632,0.2298,4.30851,2.30825
394,1,0,1e+08,4770605860537,4770606253001,4770606993777,4770607072265,4770607093813,4770607473145,4770607677517,4770607677549,16,18.1701,3.92464,7.40776,0.78488,0.21548,3.79332,2.04372
395,1,0,1e+08,4770607724497,4770608077733,4770608579385,4770608648221,4770608672733,4770608947629,4770609112489,4770609112625,16,13.8813,3.53236,5.01652,0.68836,0.24512,2.74896,1.6486
396,1,0,1e+08,4770609143189,4770609411245,4770609889557,4770609960997,4770609999685,4770610282761,4770610455401,4770610455433,16,13.1224,2.68056,4.78312,0.7144,0.38688,2.83076,1.7264
397,1,0,1e+08,4770611858336,4770612109809,4770612542753,4770612609185,4770612658781,4770612926361,4770613095333,4770613095457,16,12.3712,2.51473,4.32944,0.66432,0.49596,2.6758,1.68972
398,1,0,1e+08,4770614480199,4770614771331,4770615186855,4770615250051,4770615279263,4770615500735,4770615651199,4770615651223,16,11.7102,2.91132,4.15524,0.63196,0.29212,2.21472,1.50464
399,1,0,1e+08,4770616938702,4770617223576,4770617614908,4770617695528,4770617720484,4770617932952,4770618082632,4770618082736,16,11.4403,2.84874,3.91332,0.8062,0.24956,2.12468,1.4968
400,1,0,1e+08,4770618861497,4770619141829,4770619558005,4770619636433,4770619667821,4770619882401,4770620024037,4770620024061,16,11.6256,2.80332,4.16176,0.78428,0.31388,2.1458,1.41636
401,1,0,1e+08,4770620794106,4770621030622,4770621418998,4770621493390,4770621513898,4770621728022,4770621907450,4770621907482,16,11.1338,2.36516,3.88376,0.74392,0.20508,2.14124,1.79428
402,1,0,1e+08,4770623008890,4770623279446,4770623700266,4770623770206,4770623815514,4770624047490,4770624208690,4770624208718,16,11.9983,2.70556,4.2082,0.6994,0.45308,2.31976,1.612
403,1,0,1e+08,4770624973072,4770625228448,4770625639372,4770625710092,4770625750212,4770625993680,4770626157464,4770626157588,16,11.8452,2.55376,4.10924,0.7072,0.4012,2.43468,1.63784
404,1,0,1e+08,4770627198762,4770627430099,4770627842667,4770627912223,4770627951523,4770628177959,4770628353511,4770628353539,16,11.5478,2.31337,4.12568,0.69556,0.393,2.26436,1.75552
405,1,0,1e+08,4770629079925,4770629399243,4770629969163,4770630042159,4770630078555,4770630409991,4770630608567,4770630608711,16,15.2879,3.19318,5.6992,0.72996,0.36396,3.31436,1.98576
406,1,0,1e+08,4770630844859,4770643995846,4770644637958,4770644693574,4770644744414,4770644969198,4770645090566,4770645090582,16,142.457,131.51,6.42112,0.55616,0.5084,2.24784,1.21368
407,1,0,1e+08,4770645114594,4770647007925,4770647423069,4770647476493,4770647516617,4770647697013,4770647822433,4770647822457,16,27.0786,18.9333,4.15144,0.53424,0.40124,1.80396,1.2542
408,1,0,1e+08,4770647849253,4770649600867,4770649911303,4770649986075,4770650018787,4770650199615,4770650327195,4770650327211,16,24.7796,17.5161,3.10436,0.74772,0.32712,1.80828,1.2758
409,1,0,1e+08,4770650354375,4770652144796,4770652464544,4770652534880,4770652552900,4770652712188,4770652836816,4770652836840,16,24.8247,17.9042,3.19748,0.70336,0.1802,1.59288,1.24628
410,1,0,1e+08,4770652863020,4770653068556,4770653381148,4770653442016,4770653480156,4770654090825,4770654450784,4770654450832,16,15.8781,2.05536,3.12592,0.60868,0.3814,6.10669,3.59959
411,1,0,1e+08,4770654481612,4770655960718,4770656434506,4770656499378,4770656522090,4770657377217,4770657597761,4770657597917,16,31.1631,14.7911,4.73788,0.64872,0.22712,8.55127,2.20544
412,1,0,1e+08,4770657636121,4770657970994,4770658456182,4770658523842,4770658579486,4770658794738,4770658973370,4770658973394,16,13.3727,3.34873,4.85188,0.6766,0.55644,2.15252,1.78632
413,1,0,1e+08,4770659011686,4770660811647,4770661313995,4770661384443,4770661416211,4770662110370,4770662463150,4770662463318,16,34.5163,17.9996,5.02348,0.70448,0.31768,6.94159,3.5278
414,1,0,1e+08,4770662498462,4770662894463,4770663391767,4770663461071,4770663500531,4770663725631,4770663894099,4770663894123,16,13.9566,3.96001,4.97304,0.69304,0.3946,2.251,1.68468
415,1,0,1e+08,4770663927103,4770666392905,4770667514912,4770667624632,4770667641188,4770667854420,4770667979824,4770667979904,16,40.528,24.658,11.2201,1.0972,0.16556,2.13232,1.25404
416,1,0,1e+08,4770668006348,4770668220028,4770668554948,4770668615684,4770668635872,4770668815564,4770668947992,4770668948012,16,9.41664,2.1368,3.3492,0.60736,0.20188,1.79692,1.32428
417,1,0,1e+08,4770668978696,4770670583898,4770670945462,4770671025906,4770671045238,4770671224146,4770671359178,4770671359206,16,23.8051,16.052,3.61564,0.80444,0.19332,1.78908,1.35032
418,1,0,1e+08,4770671390614,4770671605246,4770671970306,4770672038390,4770672058450,4770672246750,4770672407710,4770672407734,16,10.1712,2.14632,3.6506,0.68084,0.2006,1.883,1.6096
419,1,0,1e+08,4770672439726,4770673596589,4770673952469,4770674027757,4770674048549,4770674235977,4770674386773,4770674386857,16,19.4713,11.5686,3.5588,0.75288,0.20792,1.87428,1.50796
420,1,0,1e+08,4770674425089,4770674649613,4770675020605,4770675088045,4770675105029,4770675294297,4770675425797,4770675425825,16,10.0074,2.24524,3.70992,0.6744,0.16984,1.89268,1.315
421,1,0,1e+08,4770675458905,4770676906366,4770677278954,4770677353030,4770677387794,4770677574882,4770677722562,4770677722694,16,22.6379,14.4746,3.72588,0.74076,0.34764,1.87088,1.4768
422,1,0,1e+08,4770677754378,4770677962022,4770678322894,4770678385298,4770678404666,4770678598614,4770678729502,4770678729526,16,9.75148,2.07644,3.60872,0.62404,0.19368,1.93948,1.30888
423,1,0,1e+08,4770678758654,4770679934002,4770680330178,4770680420110,4770680440210,4770680629338,4770680768862,4770680768890,16,20.1024,11.7535,3.96176,0.89932,0.201,1.89128,1.39524
424,1,0,1e+08,4770680796910,4770681007806,4770681376218,4770681437470,4770681453378,4770681650558,4770681795038,4770681795066,16,9.98156,2.10896,3.68412,0.61252,0.15908,1.9718,1.4448
425,1,0,1e+08,4770682631750,4770682969848,4770683345528,4770683429884,4770683453992,4770683649308,4770683779412,4770683779440,16,11.4769,3.38098,3.7568,0.84356,0.24108,1.95316,1.30104
426,1,0,1e+08,4770684658819,4770684895268,4770685257368,4770685320544,4770685344356,4770685537964,4770685676832,4770685676856,16,10.1804,2.36449,3.621,0.63176,0.23812,1.93608,1.38868
427,1,0,1e+08,4770686765939,4770687523802,4770687925018,4770688007522,4770688026886,4770688226138,4770688386702,4770688386834,16,16.209,7.57863,4.01216,0.82504,0.19364,1.99252,1.60564
428,1,0,1e+08,4770688478882,4770688692630,4770689063386,4770689126654,4770689144190,4770689348650,4770689482690,4770689482714,16,10.0383,2.13748,3.70756,0.63268,0.17536,2.0446,1.3404
429,1,0,1e+08,4770690895936,4770691165198,4770691545846,4770691622094,4770691653598,4770691870818,4770692022650,4770692022762,16,11.2683,2.69262,3.80648,0.76248,0.31504,2.1722,1.51832
430,1,0,1e+08,4770692696576,4770693070037,4770693776161,4770693859357,4770693890533,4770694196797,4770694413369,4770694413401,16,17.1683,3.73461,7.06124,0.83196,0.31176,3.06264,2.16572
431,1,0,1e+08,4770694577517,4770695141145,4770695577649,4770695649021,4770695665769,4770695923217,4770696115169,4770696115285,16,15.3777,5.63628,4.36504,0.71372,0.16748,2.57448,1.91952
432,1,0,1e+08,4770696525792,4770696817868,4770697240352,4770697321260,4770697364304,4770697606720,4770697787364,4770697787392,16,12.616,2.92076,4.22484,0.80908,0.43044,2.42416,1.80644
433,1,0,1e+08,4770698920136,4770699766250,4770700511158,4770700602682,4770700636074,4770701037062,4770701236870,4770701236922,16,23.1679,8.46114,7.44908,0.91524,0.33392,4.00988,1.99808
434,1,0,1e+08,4770701270070,4770701627758,4770702325330,4770702406838,4770702439250,4770702841830,4770703037294,4770703037330,16,17.6726,3.57688,6.97572,0.81508,0.32412,4.0258,1.95464
435,1,0,1e+08,4770703064294,4770704708454,4770705344703,4770705418643,4770705450911,4770705728543,4770705888715,4770705888823,16,28.2453,16.4416,6.36249,0.7394,0.32268,2.77632,1.60172
436,1,0,1e+08,4770705919555,4770706159867,4770706612335,4770706699639,4770706721383,4770706965987,4770707103807,4770707103839,16,11.8428,2.40312,4.52468,0.87304,0.21744,2.44604,1.3782
437,1,0,1e+08,4770707133731,4770718251494,4770718740534,4770718797594,4770718833318,4770719053962,4770719175602,4770719175694,16,120.42,111.178,4.8904,0.5706,0.35724,2.20644,1.2164
438,1,0,1e+08,4770719200518,4770721074399,4770722284960,4770722355652,4770722391676,4770722747840,4770722899192,4770722899224,16,36.9871,18.7388,12.1056,0.70692,0.36024,3.56164,1.51352
439,1,0,1e+08,4770722924684,4770724710319,4770725122995,4770725204315,4770725239707,4770725461215,4770725595743,4770725595783,16,26.711,17.8563,4.12676,0.8132,0.35392,2.21508,1.34528
440,1,0,1e+08,4770725622923,4770728318196,4770730337853,4770730429176,4770730455356,4770730849657,4770731011165,4770731011197,16,53.8827,26.9527,20.1966,0.91323,0.2618,3.94301,1.61508
441,1,0,1e+08,4770731040345,4770731279029,4770731663965,4770731725193,4770731744893,4770731949769,4770732085341,4770732085373,16,10.4503,2.38684,3.84936,0.61228,0.197,2.04876,1.35572
442,1,0,1e+08,4770732114365,4770733737258,4770734117370,4770734201454,4770734219702,4770734422174,4770734584122,4770734584146,16,24.6978,16.2289,3.80112,0.84084,0.18248,2.02472,1.61948
443,1,0,1e+08,4770734628246,4770734865418,4770735271638,4770735339350,4770735369466,4770735575998,4770735714546,4770735714630,16,10.8638,2.37172,4.0622,0.67712,0.30116,2.06532,1.38548
444,1,0,1e+08,4770735740954,4770736815446,4770737211174,4770737274658,4770737292870,4770737499186,4770737639290,4770737639314,16,18.9836,10.7449,3.95728,0.63484,0.18212,2.06316,1.40104
445,1,0,1e+08,4770737671174,4770739212477,4770739611085,4770739667381,4770739686001,4770739884149,4770740020933,4770740021017,16,23.4984,15.413,3.98608,0.56296,0.1862,1.98148,1.36784
446,1,0,1e+08,4770740049337,4770740259433,4770740647949,4770740709225,4770740729293,4770740934717,4770741069573,4770741069601,16,10.2026,2.10096,3.88516,0.61276,0.20068,2.05424,1.34856
447,1,0,1e+08,4770741095513,4770742231385,4770742622817,4770742704229,4770742740765,4770742942905,4770743100677,4770743100769,16,20.0526,11.3587,3.91432,0.81412,0.36536,2.0214,1.57772
448,1,0,1e+08,4770743134021,4770743345893,4770743730521,4770743791869,4770743816521,4770744027313,4770744180377,4770744180405,16,10.4638,2.11872,3.84628,0.61348,0.24652,2.10792,1.53064
449,1,0,1e+08,4770744209549,4770745288007,4770745674087,4770745751507,4770745789291,4770745993899,4770746138587,4770746138619,16,19.2907,10.7846,3.8608,0.7742,0.37784,2.04608,1.44688
450,1,0,1e+08,4770746166803,4770747758984,4770748284988,4770748364584,4770748384968,4770748664392,4770748821732,4770748821760,16,26.5496,15.9218,5.26004,0.79596,0.20384,2.79424,1.5734
451,1,0,1e+08,4770748850244,4770749085212,4770749479608,4770749541680,4770749557960,4770749770696,4770749927336,4770749927448,16,10.772,2.34968,3.94396,0.62072,0.1628,2.12736,1.5664
452,1,0,1e+08,4770749961200,4770752211051,4770752585971,4770752667851,4770752688019,4770752889407,4770753041047,4770753041071,16,30.7987,22.4985,3.7492,0.8188,0.20168,2.01388,1.5164
453,1,0,1e+08,4770753073599,4770753315815,4770753718695,4770753790567,4770753808835,4770754018575,4770754154599,4770754154687,16,10.8109,2.42216,4.0288,0.71872,0.18268,2.0974,1.36024
454,1,0,1e+08,4770754181811,4770755289254,4770755856282,4770755937726,4770755965730,4770756235782,4770756419662,4770756419690,16,22.3788,11.0744,5.67028,0.81444,0.28004,2.70052,1.8388
455,1,0,1e+08,4770756457230,4770757824153,4770758654194,4770758737914,4770758765058,4770759131854,4770759353714,4770759353754,16,28.9652,13.6692,8.30041,0.8372,0.27144,3.66796,2.2186
456,1,0,1e+08,4770759400330,4770761515938,4770762275031,4770762352891,4770762386235,4770762730655,4770762917471,4770762917507,16,35.1718,21.1561,7.59093,0.7786,0.33344,3.4442,1.86816
457,1,0,1e+08,4770762951935,4770763243879,4770763770231,4770763849763,4770763886531,4770764201343,4770764409003,4770764409043,16,14.5711,2.91944,5.26352,0.79532,0.36768,3.14812,2.0766
458,1,0,1e+08,4770764445663,4770766023228,4770766889156,4770766994864,4770767014060,4770767306008,4770767491120,4770767491152,16,30.4549,15.7756,8.65928,1.05708,0.19196,2.91948,1.85112
459,1,0,1e+08,4770767529260,4770767862824,4770768399564,4770768483860,4770768521044,4770768814372,4770768998528,4770768998652,16,14.6939,3.33564,5.3674,0.84296,0.37184,2.93328,1.84156
460,1,0,1e+08,4770769030864,4770770258503,4770770764019,4770770846467,4770770877155,4770771154975,4770771327891,4770771327927,16,22.9706,12.2764,5.05516,0.82448,0.30688,2.7782,1.72916
461,1,0,1e+08,4770771364267,4770771630519,4770772125219,4770772223123,4770772242867,4770772523871,4770772700803,4770772700923,16,13.3666,2.66252,4.947,0.97904,0.19744,2.81004,1.76932
462,1,0,1e+08,4770772735011,4770774745132,4770775241748,4770775325396,4770775348116,4770775603652,4770775750692,4770775750724,16,30.1571,20.1012,4.96616,0.83648,0.2272,2.55536,1.4704
463,1,0,1e+08,4770775780448,4770776031348,4770776494116,4770776557220,4770776574080,4770776839612,4770777006104,4770777006204,16,12.2576,2.509,4.62768,0.63104,0.1686,2.65532,1.66492
464,1,0,1e+08,4770777042696,4770779240601,4770779675445,4770779751185,4770779769633,4770780001569,4770780172045,4770780172073,16,31.2938,21.9791,4.34844,0.7574,0.18448,2.31936,1.70476
465,1,0,1e+08,4770780210781,4770780440901,4770780859509,4770780925213,4770780950265,4770781177597,4770781317521,4770781317557,16,11.0678,2.3012,4.18608,0.65704,0.25052,2.27332,1.39924
466,1,0,1e+08,4770781351153,4770783736164,4770784156456,4770784245488,4770784262988,4770784486136,4770784643836,4770784643864,16,32.9271,23.8501,4.20292,0.89032,0.175,2.23148,1.577
467,1,0,1e+08,4770784675024,4770784902084,4770785306732,4770785370116,4770785391444,4770785611400,4770785751852,4770785751968,16,10.7694,2.2706,4.04648,0.63384,0.21328,2.19956,1.40452
468,1,0,1e+08,4770785783416,4770786833916,4770787232724,4770787310472,4770787351684,4770787583328,4770787738000,4770787738028,16,19.5461,10.505,3.98808,0.77748,0.41212,2.31644,1.54672
469,1,0,1e+08,4770787769088,4770789129973,4770789580313,4770789657269,4770789678197,4770789908097,4770790054557,4770790054669,16,22.8558,13.6089,4.5034,0.76956,0.20928,2.299,1.4646
470,1,0,1e+08,4770790086189,4770790325937,4770790752017,4770790814693,4770790855261,4770791088809,4770791262461,4770791262489,16,11.763,2.39748,4.2608,0.62676,0.40568,2.33548,1.73652
471,1,0,1e+08,4770791299741,4770793917354,4770794536127,4770794617951,4770794656835,4770794900067,4770795075427,4770795075459,16,37.7572,26.1761,6.18773,0.81824,0.38884,2.43232,1.7536
472,1,0,1e+08,4770795124611,4770795376295,4770795825055,4770795899415,4770795925055,4770796179719,4770796358247,4770796358275,16,12.3366,2.51684,4.4876,0.7436,0.2564,2.54664,1.78528
473,1,0,1e+08,4770796391511,4770798662942,4770799740216,4770799818937,4770799847557,4770800222809,4770800396417,4770800396457,16,40.0495,22.7143,10.7727,0.78721,0.2862,3.75252,1.73608
474,1,0,1e+08,4770800429257,4770800692217,4770801165525,4770801244733,4770801290881,4770801546281,4770801708641,4770801708669,16,12.7941,2.6296,4.73308,0.79208,0.46148,2.554,1.6236
475,1,0,1e+08,4770801738113,4770804086713,4770804642753,4770804716189,4770804736061,4770804980637,4770805127909,4770805128005,16,33.8989,23.486,5.5604,0.73436,0.19872,2.44576,1.47272
476,1,0,1e+08,4770805156217,4770812722770,4770813085334,4770813146842,4770813184902,4770813436611,4770814041888,4770814041956,16,88.8574,75.6655,3.62564,0.61508,0.3806,2.51709,6.05277
477,1,0,1e+08,4770814078960,4770815982683,4770816687236,4770816747520,4770816779056,4770817083112,4770817242668,4770817242780,16,31.6382,19.0372,7.04553,0.60284,0.31536,3.04056,1.59556
478,1,0,1e+08,4770817269992,4770817564252,4770818102356,4770818175708,4770818207556,4770818471128,4770818658352,4770818658376,16,13.8838,2.9426,5.38104,0.73352,0.31848,2.63572,1.87224
479,1,0,1e+08,4770818692272,4770823029447,4770823968252,4770824068340,4770824083664,4770824323648,4770824453460,4770824453556,16,57.6128,43.3717,9.38805,1.00088,0.15324,2.39984,1.29812
480,1,0,1e+08,4770824479540,4770824700180,4770825046144,4770825107064,4770825133448,4770825317600,4770825473508,4770825473532,16,9.93992,2.2064,3.45964,0.6092,0.26384,1.84152,1.55908
481,1,0,1e+08,4770825504572,4770827011434,4770827363366,4770827440758,4770827461730,4770827641962,4770827768930,4770827768962,16,22.6439,15.0686,3.51932,0.77392,0.20972,1.80232,1.26968
482,1,0,1e+08,4770827796582,4770828001562,4770828354270,4770828411234,4770828428762,4770828614906,4770828752270,4770828752294,16,9.55712,2.0498,3.52708,0.56964,0.17528,1.86144,1.37364
483,1,0,1e+08,4770828782030,4770830132881,4770830489557,4770830574429,4770830630877,4770830820637,4770830980173,4770830980253,16,21.9822,13.5085,3.56676,0.84872,0.56448,1.8976,1.59536
484,1,0,1e+08,4770831020945,4770831250025,4770831622641,4770831691505,4770831727833,4770831919965,4770832057093,4770832057117,16,10.3617,2.2908,3.72616,0.68864,0.36328,1.92132,1.37128
485,1,0,1e+08,4770832083137,4770833228037,4770833604413,4770833695373,4770833729649,4770833929817,4770834070617,4770834070725,16,19.8759,11.449,3.76376,0.9096,0.34276,2.00168,1.408
486,1,0,1e+08,4770834101977,4770834316157,4770834680385,4770834745109,4770834769741,4770834968101,4770835115661,4770835115685,16,10.1371,2.1418,3.64228,0.64724,0.24632,1.9836,1.4756
487,1,0,1e+08,4770835143121,4770836339966,4770836738518,4770836816858,4770836839514,4770837053770,4770837207454,4770837207482,16,20.6436,11.9685,3.98552,0.7834,0.22656,2.14256,1.53684
488,1,0,1e+08,4770837242834,4770837471858,4770837857890,4770837925626,4770837966250,4770838189534,4770838351138,4770838351166,16,11.0833,2.29024,3.86032,0.67736,0.40624,2.23284,1.61604
489,1,0,1e+08,4770839834213,4770840108267,4770840482643,4770840553635,4770840591879,4770840796131,4770840963275,4770840963303,16,11.2909,2.74054,3.74376,0.70992,0.38244,2.04252,1.67144
490,1,0,1e+08,4770841692622,4770841959955,4770842396175,4770842473459,4770842502027,4770842730923,4770842906159,4770842906183,16,12.1356,2.67333,4.3622,0.77284,0.28568,2.28896,1.75236
491,1,0,1e+08,4770843480724,4770843829178,4770844378878,4770844453346,4770844478134,4770844784994,4770844975718,4770844975862,16,14.9514,3.48454,5.497,0.74468,0.24788,3.0686,1.90724
492,1,0,1e+08,4770845263127,4770845648017,4770846355625,4770846437641,4770846478217,4770846882977,4770847097021,4770847097065,16,18.3394,3.8489,7.07608,0.82016,0.40576,4.0476,2.14044
493,1,0,1e+08,4770847129241,4770848503493,4770849046914,4770849115306,4770849135734,4770849373934,4770849537702,4770849537814,16,24.0857,13.7425,5.43421,0.68392,0.20428,2.382,1.63768
494,1,0,1e+08,4770849568742,4770849800874,4770850243442,4770850300910,4770850319714,4770850559446,4770850732086,4770850732114,16,11.6337,2.32132,4.42568,0.57468,0.18804,2.39732,1.7264
495,1,0,1e+08,4770851034647,4770851337863,4770851763995,4770851835019,4770851850531,4770852084563,4770852239951,4770852240091,16,12.0544,3.03216,4.26132,0.71024,0.15512,2.34032,1.55388
496,1,0,1e+08,4770853653353,4770853918361,4770854317745,4770854380933,4770854403161,4770854619813,4770854756569,4770854756597,16,11.0324,2.65008,3.99384,0.63188,0.22228,2.16652,1.36756
497,1,0,1e+08,4770856259068,4770856503580,4770856880520,4770856942084,4770856964768,4770857168400,4770857309544,4770857309576,16,10.5051,2.44512,3.7694,0.61564,0.22684,2.03632,1.41144
498,1,0,1e+08,4770858699563,4770858933065,4770859300433,4770859375137,4770859396049,4770859610461,4770859769217,4770859769241,16,10.6968,2.33502,3.67368,0.74704,0.20912,2.14412,1.58756
499,1,0,1e+08,4770860631695,4770860912295,4770861283459,4770861352147,4770861371635,4770861570595,4770861726163,4770861726287,16,10.9459,2.806,3.71164,0.68688,0.19488,1.9896,1.55568
500,1,0,1e+08,4770862406601,4770862674550,4770863134062,4770863206738,4770863272746,4770863487014,4770863648686,4770863648710,16,12.4211,2.67949,4.59512,0.72676,0.66008,2.14268,1.61672
501,1,0,1e+08,4770864318690,4770864931047,4770865345195,4770865409255,4770865429347,4770865670475,4770865852667,4770865852755,16,15.3407,6.12357,4.14148,0.6406,0.20092,2.41128,1.82192
502,1,0,1e+08,4770866337196,4770866614652,4770867017488,4770867085660,4770867109560,4770867350912,4770867535076,4770867535100,16,11.979,2.77456,4.02836,0.68172,0.239,2.41352,1.84164
503,1,0,1e+08,4770868629211,4770869518231,4770870032851,4770870114243,4770870139635,4770870371991,4770870525963,4770870525995,16,18.9678,8.8902,5.1462,0.81392,0.25392,2.32356,1.53972
504,1,0,1e+08,4770870559819,4770870807527,4770871248559,4770871316811,4770871355903,4770871607655,4770871777335,4770871777363,16,12.1754,2.47708,4.41032,0.68252,0.39092,2.51752,1.6968
505,1,0,1e+08,4770872780854,4770873041872,4770873465776,4770873537472,4770873569848,4770873801248,4770873960064,4770873960096,16,11.7924,2.61018,4.23904,0.71696,0.32376,2.314,1.58816
506,1,0,1e+08,4770875276775,4770875537615,4770875952707,4770876023387,4770876050739,4770876306659,4770876464987,4770876465015,16,11.8824,2.6084,4.15092,0.7068,0.27352,2.5592,1.58328
507,1,0,1e+08,4770877640806,4770877928718,4770878333594,4770878407022,4770878427150,4770878645682,4770878797642,4770878797738,16,11.5693,2.87912,4.04876,0.73428,0.20128,2.18532,1.5196
508,1,0,1e+08,4770879807295,4770880061405,4770880493917,4770880559001,4770880599569,4770880817337,4770880972105,4770880972129,16,11.6483,2.5411,4.32512,0.65084,0.40568,2.17768,1.54768
509,1,0,1e+08,4770881746943,4770882012549,4770882404581,4770882470117,4770882497113,4770882721109,4770882872401,4770882872549,16,11.2561,2.65606,3.92032,0.65536,0.26996,2.23996,1.51292
510,1,0,1e+08,4770884327695,4770884534971,4770884912011,4770884991347,4770885024911,4770885240707,4770885396559,4770885396583,16,10.6889,2.07276,3.7704,0.79336,0.33564,2.15796,1.55852
511,1,0,1e+08,4770886573247,4770886849387,4770887321923,4770887401319,4770887430335,4770887710663,4770887923575,4770887923675,16,13.5043,2.7614,4.72536,0.79396,0.29016,2.80328,2.12912
512,1,0,1e+08,4770888365605,4770888761081,4770889485661,4770889580081,4770889624669,4770890034313,4770890245701,4770890245741,16,18.8014,3.95476,7.2458,0.9442,0.44588,4.09644,2.11388
513,1,0,1e+08,4770890278893,4770903117576,4770905252645,4770905336870,4770905389414,4770905759606,4770905902710,4770905902742,16,156.238,128.387,21.3507,0.84225,0.52544,3.70192,1.43104
514,1,0,1e+08,4770905926786,4770907679190,4770907985522,4770908038082,4770908086070,4770908268830,4770908390514,4770908390534,16,24.6375,17.524,3.06332,0.5256,0.47988,1.8276,1.21684
515,1,0,1e+08,4770908417210,4770908641498,4770908953046,4770909013938,4770909053498,4770909215226,4770909354298,4770909354398,16,9.37188,2.24288,3.11548,0.60892,0.3956,1.61728,1.39072
516,1,0,1e+08,4770909384050,4770913266722,4770913670462,4770913727038,4770913759594,4770913946606,4770914077574,4770914077594,16,46.9354,38.8267,4.0374,0.56576,0.32556,1.87012,1.30968
517,1,0,1e+08,4770914106070,4770914371018,4770914732810,4770914798842,4770914836394,4770915023394,4770915197034,4770915197106,16,10.9104,2.64948,3.61792,0.66032,0.37552,1.87,1.7364
518,1,0,1e+08,4770915228378,4770916858313,4770917587701,4770917681625,4770917713029,4770918057405,4770918211445,4770918211473,16,29.8309,16.2994,7.29388,0.93924,0.31404,3.44376,1.5404
519,1,0,1e+08,4770918241825,4770918476173,4770918858437,4770918924929,4770918952001,4770919170113,4770919341489,4770919341521,16,10.997,2.34348,3.82264,0.66492,0.27072,2.18112,1.71376
520,1,0,1e+08,4770919372225,4770921217171,4770921598223,4770921682891,4770921701651,4770921902727,4770922052971,4770922052995,16,26.8077,18.4495,3.81052,0.84668,0.1876,2.01076,1.50244
521,1,0,1e+08,4770922084383,4770922321731,4770922716959,4770922776871,4770922816031,4770923019315,4770923157339,4770923157367,16,10.7298,2.37348,3.95228,0.59912,0.3916,2.03284,1.38024
522,1,0,1e+08,4770923182707,4770924249307,4770924643719,4770924726995,4770924750763,4770924957119,4770925119855,4770925119883,16,19.3718,10.666,3.94412,0.83276,0.23768,2.06356,1.62736
523,1,0,1e+08,4770925152883,4770925375019,4770925762631,4770925826935,4770925856675,4770926062607,4770926207087,4770926207219,16,10.5434,2.22136,3.87612,0.64304,0.2974,2.05932,1.4448
524,1,0,1e+08,4770926237051,4770927303349,4770927689273,4770927769169,4770927793753,4770927993429,4770928131653,4770928131677,16,18.9463,10.663,3.85924,0.79896,0.24584,1.99676,1.38224
525,1,0,1e+08,4770928159581,4770929512263,4770929900639,4770929986135,4770930008743,4770930220235,4770930358255,4770930358387,16,21.9881,13.5268,3.88376,0.85496,0.22608,2.11492,1.3802
526,1,0,1e+08,4770930387443,4770930600835,4770930981567,4770931042987,4770931082875,4770931286463,4770931438839,4770931438867,16,10.5142,2.13392,3.80732,0.6142,0.39888,2.03588,1.52376
527,1,0,1e+08,4770931473623,4770932646114,4770933035082,4770933104810,4770933142254,4770933344510,4770933489366,4770933489486,16,20.1586,11.7249,3.88968,0.69728,0.37444,2.02256,1.44856
528,1,0,1e+08,4770933520326,4770933742338,4770934137122,4770934209638,4770934238846,4770934470082,4770934631682,4770934631706,16,11.1138,2.22012,3.94784,0.72516,0.29208,2.31236,1.616
529,1,0,1e+08,4770935458409,4770935729937,4770936127621,4770936198497,4770936228829,4770936448749,4770936598533,4770936598565,16,11.4016,2.71528,3.97684,0.70876,0.30332,2.1992,1.49784
530,1,0,1e+08,4770938083689,4770938320777,4770938694137,4770938762093,4770938802537,4770939004813,4770939165777,4770939165805,16,10.8212,2.37088,3.7336,0.67956,0.40444,2.02276,1.60964
531,1,0,1e+08,4770940574360,4770940862576,4770941261720,4770941334252,4770941364496,4770941581584,4770941734536,4770941734668,16,11.6031,2.88216,3.99144,0.72532,0.30244,2.17088,1.52952
532,1,0,1e+08,4770942483095,4770942746927,4770943158539,4770943238011,4770943276399,4770943514043,4770943689243,4770943689267,16,12.0617,2.63832,4.11612,0.79472,0.38388,2.37644,1.752
533,1,0,1e+08,4770944632768,4770944941325,4770945377813,4770945464801,4770945495717,4770945748717,4770945946841,4770945946933,16,13.1417,3.08557,4.36488,0.86988,0.30916,2.53,1.98124
534,1,0,1e+08,4770946502317,4770946885695,4770947561243,4770947633971,4770947672271,4770947931999,4770948103139,4770948103167,16,16.0085,3.83378,6.75548,0.72728,0.383,2.59728,1.7114
535,1,0,1e+08,4770948328755,4770949314979,4770949756767,4770949825703,4770949842771,4770950077571,4770950236423,4770950236459,16,19.077,9.86224,4.41788,0.68936,0.17068,2.348,1.58852
536,1,0,1e+08,4770950271215,4770950527175,4770950967735,4770951041431,4770951073315,4770951314411,4770951486267,4770951486295,16,12.1508,2.5596,4.4056,0.73696,0.31884,2.41096,1.71856
537,1,0,1e+08,4770952258633,4770952585641,4770953062725,4770953141869,4770953166597,4770953441693,4770953620665,4770953620705,16,13.6207,3.27008,4.77084,0.79144,0.24728,2.75096,1.78972
538,1,0,1e+08,4770954150495,4770954542227,4770955082115,4770955154831,4770955178471,4770955439611,4770955612047,4770955612079,16,14.6158,3.91732,5.39888,0.72716,0.2364,2.6114,1.72436
539,1,0,1e+08,4770956184587,4770956446600,4770956901536,4770956974564,4770957000552,4770957254704,4770957433548,4770957433648,16,12.4906,2.62013,4.54936,0.73028,0.25988,2.54152,1.78844
540,1,0,1e+08,4770958146316,4770958463050,4770958973506,4770959051478,4770959075518,4770959375514,4770959553186,4770959553218,16,14.069,3.16734,5.10456,0.77972,0.2404,2.99996,1.77672
541,1,0,1e+08,4770959927818,4770960282426,4770960960610,4770961045190,4770961079686,4770961448982,4770961656262,4770961656406,16,17.2859,3.54608,6.78184,0.8458,0.34496,3.69296,2.0728
542,1,0,1e+08,4770961818578,4770974397051,4770974879887,4770974933523,4770974979239,4770975183943,4770975307007,4770975307031,16,134.885,125.785,4.82836,0.53636,0.45716,2.04704,1.23064
543,1,0,1e+08,4770975334055,4770977435131,4770977937703,4770978000763,4770978029755,4770978232547,4770978359115,4770978359187,16,30.2513,21.0108,5.02572,0.6306,0.28992,2.02792,1.26568
544,1,0,1e+08,4770978385139,4770980407784,4770980890504,4770980954952,4770980991608,4770981188824,4770981323356,4770981323384,16,29.3825,20.2264,4.8272,0.64448,0.36656,1.97216,1.34532
545,1,0,1e+08,4770981351316,4770983706526,4770984260614,4770984357918,4770984379306,4770984603858,4770984735710,4770984735742,16,33.8443,23.5521,5.54088,0.97304,0.21388,2.24552,1.31852
546,1,0,1e+08,4770984765366,4770984992762,4770985340066,4770985402290,4770985439378,4770985620898,4770985794398,4770985794422,16,10.2906,2.27396,3.47304,0.62224,0.37088,1.8152,1.735
547,1,0,1e+08,4770985826802,4770987421745,4770987779921,4770987875605,4770987897161,4770988080677,4770988236353,4770988236485,16,24.0968,15.9494,3.58176,0.95684,0.21556,1.83516,1.55676
548,1,0,1e+08,4770988266733,4770988501501,4770988879521,4770988955753,4770988998249,4770989202697,4770989342777,4770989342801,16,10.7607,2.34768,3.7802,0.76232,0.42496,2.04448,1.4008
549,1,0,1e+08,4770989374913,4770990623216,4770991196180,4770991274860,4770991298540,4770991531192,4770991684640,4770991684756,16,23.0984,12.483,5.72964,0.7868,0.2368,2.32652,1.53448
550,1,0,1e+08,4770991720648,4770991949180,4770992347672,4770992432176,4770992451304,4770992656504,4770992797568,4770992797596,16,10.7695,2.28532,3.98492,0.84504,0.19128,2.052,1.41064
551,1,0,1e+08,4770992825344,4770995127364,4770995597352,4770995677348,4770995703972,4770995909256,4770996069756,4770996069784,16,32.4444,23.0202,4.69988,0.79996,0.26624,2.05284,1.605
552,1,0,1e+08,4770996104900,4770996351764,4770996745276,4770996808756,4770996883976,4770997102044,4770997290040,4770997290068,16,11.8517,2.46864,3.93512,0.6348,0.7522,2.18068,1.87996
553,1,0,1e+08,4770997338020,4770998090881,4770998663821,4770998735041,4770998765205,4770999098493,4770999275001,4770999275049,16,19.3703,7.52861,5.7294,0.7122,0.30164,3.33288,1.76508
554,1,0,1e+08,4770999309849,4771000675678,4771001817574,4771001965080,4771001997056,4771002470394,4771002672694,4771002672734,16,33.6288,13.6583,11.419,1.47506,0.31976,4.73338,2.023
555,1,0,1e+08,4771002702934,4771004115294,4771004659518,4771004725602,4771004750634,4771005002290,4771005152426,4771005152574,16,24.4964,14.1236,5.44224,0.66084,0.25032,2.51656,1.50136
556,1,0,1e+08,4771005183438,4771005437802,4771005912038,4771005975390,4771005994998,4771006259086,4771006405778,4771006405810,16,12.2237,2.54364,4.74236,0.63352,0.19608,2.64088,1.46692
557,1,0,1e+08,4771006436870,4771008554851,4771009015515,4771009085395,4771009108707,4771009350687,4771009494639,4771009494735,16,30.5786,21.1798,4.60664,0.6988,0.23312,2.4198,1.43952
558,1,0,1e+08,4771009521683,4771009793407,4771010235991,4771010300447,4771010321819,4771010566871,4771010754179,4771010754211,16,12.3253,2.71724,4.42584,0.64456,0.21372,2.45052,1.87308
559,1,0,1e+08,4771010792651,4771011549963,4771012018291,4771012089227,4771012128367,4771012378091,4771012533919,4771012534007,16,17.4136,7.57312,4.68328,0.70936,0.3914,2.49724,1.55828
560,1,0,1e+08,4771012590119,4771013883035,4771014385155,4771014457443,4771014480863,4771014716775,4771014862019,4771014862043,16,22.7192,12.9292,5.0212,0.72288,0.2342,2.35912,1.45244
561,1,0,1e+08,4771014891003,4771015136499,4771015583543,4771015646991,4771015667567,4771015941315,4771016107287,4771016107323,16,12.1632,2.45496,4.47044,0.63448,0.20576,2.73748,1.65972
562,1,0,1e+08,4771016140499,4771018389092,4771018844740,4771018916072,4771018942364,4771019183936,4771019340372,4771019340400,16,31.999,22.4859,4.55648,0.71332,0.26292,2.41572,1.56436
563,1,0,1e+08,4771019380988,4771019630284,4771020076920,4771020152188,4771020194120,4771020435972,4771020602044,4771020602140,16,12.2115,2.49296,4.46636,0.75268,0.41932,2.41852,1.66072
564,1,0,1e+08,4771020637340,4771022894628,4771023514112,4771023590644,4771023616812,4771023956124,4771024171900,4771024171936,16,35.346,22.5729,6.19484,0.76532,0.26168,3.39312,2.15776
565,1,0,1e+08,4771024203308,4771024497160,4771024989692,4771025062328,4771025080360,4771025320876,4771025468988,4771025469108,16,12.658,2.93852,4.92532,0.72636,0.18032,2.40516,1.48112
566,1,0,1e+08,4771025499964,4771027357094,4771027783466,4771027852730,4771027870026,4771028088034,4771028226214,4771028226238,16,27.2627,18.5713,4.26372,0.69264,0.17296,2.18008,1.3818
567,1,0,1e+08,4771028254882,4771028490670,4771028898854,4771028960062,4771028985862,4771029212270,4771029345626,4771029345662,16,10.9078,2.35788,4.08184,0.61208,0.258,2.26408,1.33356
568,1,0,1e+08,4771029377042,4771030422260,4771030829332,4771030902472,4771030926824,4771031146060,4771031294020,4771031294048,16,19.1701,10.4522,4.07072,0.7314,0.24352,2.19236,1.4796
569,1,0,1e+08,4771031323324,4771032716431,4771033116119,4771033206975,4771033235695,4771033456915,4771033620451,4771033620483,16,22.9716,13.9311,3.99688,0.90856,0.2872,2.2122,1.63536
570,1,0,1e+08,4771033680235,4771033897967,4771034312431,4771034397535,4771034433831,4771034655439,4771034836287,4771034836311,16,11.5608,2.17732,4.14464,0.85104,0.36296,2.21608,1.80848
571,1,0,1e+08,4771034874251,4771035861451,4771036301191,4771036381199,4771036401775,4771036629303,4771036804311,4771036804435,16,19.3018,9.872,4.3974,0.80008,0.20576,2.27528,1.75008
572,1,0,1e+08,4771036844343,4771038132387,4771038579635,4771038649183,4771038670547,4771038909199,4771039106147,4771039106175,16,22.6183,12.8804,4.47248,0.69548,0.21364,2.38652,1.96948
573,1,0,1e+08,4771039145163,4771039397771,4771039830531,4771039895455,4771039935807,4771040181639,4771040358495,4771040358607,16,12.1344,2.52608,4.3276,0.64924,0.40352,2.45832,1.76856
574,1,0,1e+08,4771040396047,4771041230250,4771041672682,4771041752006,4771041792654,4771042049758,4771042224650,4771042224682,16,18.2863,8.34203,4.42432,0.79324,0.40648,2.57104,1.74892
575,1,0,1e+08,4771042260234,4771053141130,4771053560670,4771053614074,4771053664918,4771053859194,4771053978654,4771053978722,16,117.185,108.809,4.1954,0.53404,0.50844,1.94276,1.1946
576,1,0,1e+08,4771054004602,4771054234414,4771054547898,4771054610830,4771054648306,4771054808326,4771054974390,4771054974410,16,9.69808,2.29812,3.13484,0.62932,0.37476,1.6002,1.66064
577,1,0,1e+08,4771055003642,4771059135024,4771059578776,4771059640080,4771059673216,4771059879568,4771059997884,4771059997904,16,49.9426,41.3138,4.43752,0.61304,0.33136,2.06352,1.18316
578,1,0,1e+08,4771060023280,4771061833203,4771062288819,4771062352411,4771062386735,4771062571291,4771062698283,4771062698307,16,26.7503,18.0992,4.55616,0.63592,0.34324,1.84556,1.26992
579,1,0,1e+08,4771062724027,4771063100467,4771064185546,4771064288114,4771064332110,4771064599818,4771064752754,4771064752854,16,20.2883,3.7644,10.8508,1.02568,0.43996,2.67708,1.52936
580,1,0,1e+08,4771064784870,4771065737763,4771066072827,4771066141411,4771066176247,4771066338783,4771066476803,4771066476827,16,16.9196,9.52893,3.35064,0.68584,0.34836,1.62536,1.3802
581,1,0,1e+08,4771066508903,4771068147960,4771068514096,4771068598248,4771068634668,4771068844541,4771069457777,4771069457997,16,29.4909,16.3906,3.66136,0.84152,0.3642,2.09873,6.13236
582,1,0,1e+08,4771069496913,4771069946036,4771070494200,4771070563616,4771070592232,4771070821084,4771070999260,4771070999296,16,15.0238,4.49123,5.48164,0.69416,0.28616,2.28852,1.78176
583,1,0,1e+08,4771071033616,4771072975450,4771074047868,4771074130416,4771074170656,4771074563345,4771074740493,4771074740533,16,37.0692,19.4183,10.7242,0.82548,0.4024,3.92689,1.77148
584,1,0,1e+08,4771074771541,4771075038657,4771075422465,4771075490473,4771075519397,4771075710853,4771075854793,4771075854813,16,10.8327,2.67116,3.83808,0.68008,0.28924,1.91456,1.4394
585,1,0,1e+08,4771075890009,4771077829759,4771078172543,4771078266991,4771078313595,4771078479575,4771078650691,4771078650719,16,27.6071,19.3975,3.42784,0.94448,0.46604,1.6598,1.71116
586,1,0,1e+08,4771078682055,4771078920311,4771079287631,4771079355919,4771079395579,4771079579851,4771079747715,4771079747739,16,10.6568,2.38256,3.6732,0.68288,0.3966,1.84272,1.67864
587,1,0,1e+08,4771079776919,4771080908509,4771081279497,4771081369385,4771081393121,4771081579529,4771081740741,4771081740837,16,19.6392,11.3159,3.70988,0.89888,0.23736,1.86408,1.61212
588,1,0,1e+08,4771081776637,4771082005813,4771082389473,4771082456629,4771082490497,4771082680297,4771082837409,4771082837433,16,10.608,2.29176,3.8366,0.67156,0.33868,1.898,1.57112
589,1,0,1e+08,4771082868589,4771084058896,4771084501352,4771084572052,4771084595640,4771084808264,4771084959988,4771084960072,16,20.9148,11.9031,4.42456,0.707,0.23588,2.12624,1.51724
590,1,0,1e+08,4771084991916,4771085235292,4771085624912,4771085704076,4771085746836,4771085962128,4771086127540,4771086127568,16,11.3565,2.43376,3.8962,0.79164,0.4276,2.15292,1.65412
591,1,0,1e+08,4771086485488,4771087112135,4771087514551,4771087591915,4771087617255,4771087883395,4771088039223,4771088039343,16,15.5386,6.26647,4.02416,0.77364,0.2534,2.6614,1.55828
592,1,0,1e+08,4771088458084,4771088722785,4771089109933,4771089201697,4771089242517,4771089452965,4771089611185,4771089611213,16,11.5313,2.64701,3.87148,0.91764,0.4082,2.10448,1.5822
593,1,0,1e+08,4771090533052,4771090843405,4771091244717,4771091312845,4771091343797,4771091556729,4771091710773,4771091710809,16,11.7776,3.10353,4.01312,0.68128,0.30952,2.12932,1.54044
594,1,0,1e+08,4771092413119,4771092747071,4771093382435,4771093463807,4771093497227,4771093824807,4771094020923,4771094020951,16,16.0783,3.33952,6.35364,0.81372,0.3342,3.2758,1.96116
595,1,0,1e+08,4771094292631,4771094544136,4771094971824,4771095057036,4771095089196,4771095334104,4771095491484,4771095491588,16,11.9896,2.51505,4.27688,0.85212,0.3216,2.44908,1.5738
596,1,0,1e+08,4771096881714,4771097137567,4771097556975,4771097623727,4771097663091,4771097894711,4771098049035,4771098049059,16,11.6735,2.55853,4.19408,0.66752,0.39364,2.3162,1.54324
597,1,0,1e+08,4771099245963,4771099553535,4771100062447,4771100129559,4771100157843,4771100457255,4771100639811,4771100639931,16,13.9397,3.07572,5.08912,0.67112,0.28284,2.99412,1.82556
598,1,0,1e+08,4771100987543,4771101364863,4771102067611,4771102156115,4771102208819,4771102598055,4771102805475,4771102805519,16,18.1798,3.7732,7.02748,0.88504,0.52704,3.89236,2.0742
599,1,0,1e+08,4771102841607,4771104136722,4771104759854,4771104830802,4771104855334,4771105170686,4771105324578,4771105324614,16,24.8301,12.9512,6.23132,0.70948,0.24532,3.15352,1.53892
600,1,0,1e+08,4771105355166,4771105614886,4771106061730,4771106142710,4771106206998,4771106452382,4771106617398,4771106617426,16,12.6226,2.5972,4.46844,0.8098,0.64288,2.45384,1.65016
601,1,0,1e+08,4771106649322,4771106955614,4771107396390,4771107466518,4771107486274,4771107725026,4771107898314,4771107898350,16,12.4903,3.06292,4.40776,0.70128,0.19756,2.38752,1.73288
602,1,0,1e+08,4771108558912,4771108823886,4771109244830,4771109313510,4771109332086,4771109574846,4771109734274,4771109734302,16,11.7539,2.64974,4.20944,0.6868,0.18576,2.4276,1.59428
603,1,0,1e+08,4771111124846,4771111599914,4771112000718,4771112077018,4771112102418,4771112345062,4771112506202,4771112506314,16,13.8147,4.75068,4.00804,0.763,0.254,2.42644,1.6114
604,1,0,1e+08,4771113619678,4771113864586,4771114276646,4771114380066,4771114426390,4771114659018,4771114812486,4771114812514,16,11.9284,2.44908,4.1206,1.0342,0.46324,2.32628,1.53468
605,1,0,1e+08,4771115690497,4771116111498,4771116539626,4771116617406,4771116656590,4771116891630,4771117069590,4771117069726,16,13.7923,4.21001,4.28128,0.7778,0.39184,2.3504,1.7796
606,1,0,1e+08,4771117623116,4771117861480,4771118271728,4771118346060,4771118370324,4771118598964,4771118740904,4771118740932,16,11.1782,2.38364,4.10248,0.74332,0.24264,2.2864,1.4194
607,1,0,1e+08,4771119500945,4771121364857,4771122447848,4771122532824,4771122561692,4771122935168,4771123101764,4771123101908,16,36.0096,18.6391,10.8299,0.84976,0.28868,3.73476,1.66596
608,1,0,1e+08,4771123135148,4771123379556,4771123800156,4771123865572,4771123888544,4771124131144,4771124280652,4771124280680,16,11.4553,2.44408,4.206,0.65416,0.22972,2.426,1.49508
609,1,0,1e+08,4771124312472,4771124553224,4771124985892,4771125064060,4771125092664,4771125322652,4771125470772,4771125470808,16,11.5834,2.40752,4.32668,0.78168,0.28604,2.29988,1.4812
610,1,0,1e+08,4771125499828,4771138807382,4771139743415,4771139836619,4771139853403,4771140077659,4771140207083,4771140207103,16,147.073,133.076,9.36033,0.93204,0.16784,2.24256,1.29424
611,1,0,1e+08,4771140234271,4771140453359,4771141697156,4771141805224,4771141827124,4771142118048,4771142268272,4771142268392,16,20.3412,2.19088,12.438,1.08068,0.219,2.90924,1.50224
612,1,0,1e+08,4771142298432,4771144070724,4771144393524,4771144463192,4771144482508,4771144647136,4771144770776,4771144770800,16,24.7237,17.7229,3.228,0.69668,0.19316,1.64628,1.2364
613,1,0,1e+08,4771144799336,4771146720729,4771147115677,4771147196861,4771147223805,4771147465709,4771147593793,4771147593873,16,27.9454,19.2139,3.94948,0.81184,0.26944,2.41904,1.28084
614,1,0,1e+08,4771147619321,4771147870961,4771148884238,4771148963074,4771148996226,4771149375006,4771149537362,4771149537394,16,19.1807,2.5164,10.1328,0.78836,0.33152,3.7878,1.62356
615,1,0,1e+08,4771149565066,4771150684024,4771151139968,4771151207068,4771151226804,4771151473148,4771151640152,4771151640188,16,20.7512,11.1896,4.55944,0.671,0.19736,2.46344,1.67004
616,1,0,1e+08,4771151673028,4771153103549,4771154310833,4771154387113,4771154419693,4771154745325,4771154899725,4771154899757,16,32.2673,14.3052,12.0728,0.7628,0.3258,3.25632,1.544
617,1,0,1e+08,4771154928949,4771155160629,4771155519905,4771155583313,4771155599549,4771155764941,4771155913697,4771155913725,16,9.84776,2.3168,3.59276,0.63408,0.16236,1.65392,1.48756
618,1,0,1e+08,4771155943613,4771157911763,4771158248523,4771158330251,4771158347167,4771158511727,4771158639791,4771158639815,16,26.962,19.6815,3.3676,0.81728,0.16916,1.6456,1.28064
619,1,0,1e+08,4771158667675,4771158881659,4771159218791,4771159290071,4771159314047,4771159490143,4771159617379,4771159617479,16,9.49804,2.13984,3.37132,0.7128,0.23976,1.76096,1.27236
620,1,0,1e+08,4771159645011,4771161055971,4771161418251,4771161496491,4771161516679,4771161708883,4771161880655,4771161880679,16,22.3567,14.1096,3.6228,0.7824,0.20188,1.92204,1.71772
621,1,0,1e+08,4771161912179,4771162154235,4771162523811,4771162625667,4771162663375,4771162862399,4771163003051,4771163003155,16,10.9098,2.42056,3.69576,1.01856,0.37708,1.99024,1.40652
622,1,0,1e+08,4771163031791,4771164235814,4771164587286,4771164654298,4771164672690,4771164859378,4771165013158,4771165013182,16,19.8139,12.0402,3.51472,0.67012,0.18392,1.86688,1.5378
623,1,0,1e+08,4771165042530,4771165250514,4771165638958,4771165715578,4771165743554,4771165963294,4771166125194,4771166125274,16,10.8274,2.07984,3.88444,0.7662,0.27976,2.1974,1.619
624,1,0,1e+08,4771166157046,4771167485902,4771167901102,4771167989006,4771168019706,4771168241458,4771168409082,4771168409106,16,22.5206,13.2886,4.152,0.87904,0.307,2.21752,1.67624
625,1,0,1e+08,4771168444038,4771168689118,4771169100350,4771169170798,4771169216710,4771169488534,4771169650302,4771169650338,16,12.063,2.4508,4.11232,0.70448,0.45912,2.71824,1.61768
626,1,0,1e+08,4771169684214,4771172137518,4771172541610,4771172608790,4771172638498,4771172841250,4771172982570,4771172982594,16,32.9838,24.533,4.04092,0.6718,0.29708,2.02752,1.4132
627,1,0,1e+08,4771173011022,4771173231462,4771173622390,4771173684306,4771173721014,4771173945442,4771174097478,4771174097562,16,10.8654,2.2044,3.90928,0.61916,0.36708,2.24428,1.52036
628,1,0,1e+08,4771174128298,4771175309105,4771175685921,4771175752013,4771175776373,4771175977785,4771176120545,4771176120573,16,19.9228,11.8081,3.76816,0.66092,0.2436,2.01412,1.4276
629,1,0,1e+08,4771176149993,4771176394769,4771176777425,4771176838785,4771176875125,4771177081945,4771177255593,4771177255745,16,11.0575,2.44776,3.82656,0.6136,0.3634,2.0682,1.73648
630,1,0,1e+08,4771177871844,4771178631269,4771179010281,4771179089081,4771179111749,4771179315781,4771179483705,4771179483729,16,16.1189,7.59425,3.79012,0.788,0.22668,2.04032,1.67924
631,1,0,1e+08,4771179839859,4771180119779,4771180505139,4771180573039,4771180602099,4771180812103,4771180989163,4771180989195,16,11.4934,2.7992,3.8536,0.679,0.2906,2.10004,1.7706
632,1,0,1e+08,4771181708392,4771182015201,4771182443017,4771182518713,4771182540561,4771182757197,4771182919877,4771182919905,16,12.1151,3.06809,4.27816,0.75696,0.21848,2.16636,1.6268
633,1,0,1e+08,4771183500217,4771196456516,4771197062616,4771197120656,4771197137840,4771197346156,4771197469632,4771197469656,16,139.694,129.563,6.061,0.5804,0.17184,2.08316,1.23476
634,1,0,1e+08,4771197494700,4771199842169,4771200698922,4771200770715,4771200790195,4771201217926,4771201420906,4771201420954,16,39.2625,23.4747,8.56753,0.71793,0.1948,4.27731,2.0298
635,1,0,1e+08,4771201448354,4771203569530,4771204039206,4771204099322,4771204118514,4771204298434,4771204419242,4771204419326,16,29.7097,21.2118,4.69676,0.60116,0.19192,1.7992,1.20808
636,1,0,1e+08,4771204445698,4771206351199,4771207550461,4771207624893,4771207664990,4771208066687,4771208221399,4771208221427,16,37.7573,19.055,11.9926,0.74432,0.40097,4.01697,1.54712
637,1,0,1e+08,4771208248231,4771208522999,4771208905159,4771208967255,4771208992999,4771209164259,4771209301751,4771209301819,16,10.5359,2.74768,3.8216,0.62096,0.25744,1.7126,1.37492
638,1,0,1e+08,4771209330471,4771211081264,4771212269768,4771212355440,4771212390288,4771212710304,4771212884780,4771212884808,16,35.5434,17.5079,11.885,0.85672,0.34848,3.20016,1.74476
639,1,0,1e+08,4771212962472,4771213201792,4771213548836,4771213611028,4771213677292,4771213848656,4771213987044,4771213987148,16,10.2468,2.3932,3.47044,0.62192,0.66264,1.71364,1.38388
640,1,0,1e+08,4771214020048,4771215963285,4771216280057,4771216346345,4771216377573,4771216531053,4771216662881,4771216662901,16,26.4285,19.4324,3.16772,0.66288,0.31228,1.5348,1.31828
641,1,0,1e+08,4771216692421,4771216892085,4771217223365,4771217291805,4771217322473,4771217481321,4771217627273,4771217627297,16,9.34876,1.99664,3.3128,0.6844,0.30668,1.58848,1.45952
642,1,0,1e+08,4771217663481,4771219136581,4771219473069,4771219551917,4771219574569,4771219732989,4771219885893,4771219885913,16,22.2243,14.731,3.36488,0.78848,0.22652,1.5842,1.52904
643,1,0,1e+08,4771219920217,4771220143077,4771220460209,4771220526985,4771220560917,4771220717181,4771220850325,4771220850417,16,9.302,2.2286,3.17132,0.66776,0.33932,1.56264,1.33144
644,1,0,1e+08,4771220879297,4771222348028,4771222671480,4771222751176,4771222772052,4771222930100,4771223063024,4771223063044,16,21.8375,14.6873,3.23452,0.79696,0.20876,1.58048,1.32924
645,1,0,1e+08,4771223090964,4771223318244,4771223644520,4771223704916,4771223778760,4771223949248,4771224112328,4771224112404,16,10.2144,2.2728,3.26276,0.60396,0.73844,1.70488,1.6308
646,1,0,1e+08,4771224144388,4771225525345,4771225855841,4771225924741,4771225967561,4771226133537,4771226291473,4771226291493,16,21.471,13.8096,3.30496,0.689,0.4282,1.65976,1.57936
647,1,0,1e+08,4771226326545,4771226533585,4771226880593,4771226949009,4771226990045,4771227169777,4771227332913,4771227332941,16,10.064,2.0704,3.47008,0.68416,0.41036,1.79732,1.63136
648,1,0,1e+08,4771227447013,4771228652993,4771229004329,4771229087105,4771229111017,4771229286045,4771229447981,4771229448005,16,20.0099,12.0598,3.51336,0.82776,0.23912,1.75028,1.61936
649,1,0,1e+08,4771229796205,4771230022775,4771230359823,4771230421027,4771230466379,4771230644675,4771230781431,4771230781459,16,9.85254,2.2657,3.37048,0.61204,0.45352,1.78296,1.36756
650,1,0,1e+08,4771231928346,4771232183727,4771232563711,4771232629203,4771232649183,4771232855683,4771233009511,4771233009539,16,10.8119,2.55381,3.79984,0.65492,0.1998,2.065,1.53828
651,1,0,1e+08,4771233581838,4771233940479,4771234442231,4771234516859,4771234536879,4771234775035,4771234938967,4771234939079,16,13.5724,3.58641,5.01752,0.74628,0.2002,2.38156,1.63932
652,1,0,1e+08,4771235223615,4771236546326,4771236933642,4771237009594,4771237030122,4771237227850,4771237364658,4771237364682,16,21.4107,13.2271,3.87316,0.75952,0.20528,1.97728,1.36808
653,1,0,1e+08,4771237394662,4771237611474,4771237987966,4771238048974,4771238068114,4771238275362,4771238433198,4771238433294,16,10.3863,2.16812,3.76492,0.61008,0.1914,2.07248,1.57836
654,1,0,1e+08,4771238952345,4771239740508,4771240136760,4771240231144,4771240255260,4771240472172,4771240639432,4771240639460,16,16.8712,7.88163,3.96252,0.94384,0.24116,2.16912,1.6726
655,1,0,1e+08,4771240792560,4771254235280,4771254707480,4771254761424,4771254809948,4771255018924,4771255138488,4771255138580,16,143.46,134.427,4.722,0.53944,0.48524,2.08976,1.19564
656,1,0,1e+08,4771255162888,4771256899045,4771257196625,4771257253465,4771257296705,4771257541310,4771258115632,4771258115700,16,29.5281,17.3616,2.9758,0.5684,0.4324,2.44605,5.74322
657,1,0,1e+08,4771258149088,4771259966812,4771260328684,4771260409640,4771260436932,4771260820994,4771261323412,4771261323508,16,31.7442,18.1772,3.61872,0.80956,0.27292,3.84062,5.02418
658,1,0,1e+08,4771261362776,4771263181033,4771263637333,4771263721841,4771263755173,4771264733928,4771264956228,4771264956280,16,35.935,18.1826,4.563,0.84508,0.33332,9.78755,2.223
659,1,0,1e+08,4771264983860,4771265329206,4771265816658,4771265882310,4771265923890,4771266127698,4771266276058,4771266276134,16,12.9227,3.45346,4.87452,0.65652,0.4158,2.03808,1.4836
660,1,0,1e+08,4771266308898,4771267918437,4771268397117,4771268457937,4771268474189,4771268681353,4771268816381,4771268816401,16,25.075,16.0954,4.7868,0.6082,0.16252,2.07164,1.35028
661,1,0,1e+08,4771268847121,4771269643949,4771270408300,4771270476256,4771270497712,4771270755568,4771270886916,4771270887044,16,20.3992,7.96828,7.64351,0.67956,0.21456,2.57856,1.31348
662,1,0,1e+08,4771270916528,4771272751643,4771273768134,4771273850402,4771273881634,4771274264962,4771274424586,4771274424622,16,35.0809,18.3512,10.1649,0.82268,0.31232,3.83328,1.59624
663,1,0,1e+08,4771274454878,4771274733034,4771275109686,4771275173606,4771275194122,4771275371910,4771275513970,4771275513994,16,10.5912,2.78156,3.76652,0.6392,0.20516,1.77788,1.4206
664,1,0,1e+08,4771275545494,4771277720171,4771278931622,4771279002982,4771279031714,4771279343094,4771279489330,4771279489362,16,39.4387,21.7468,12.1145,0.7136,0.28732,3.1138,1.46236
665,1,0,1e+08,4771279518490,4771279749330,4771280109046,4771280169350,4771280185946,4771280351574,4771280505574,4771280505598,16,9.87108,2.3084,3.59716,0.60304,0.16596,1.65628,1.54
666,1,0,1e+08,4771280535910,4771282571360,4771282913752,4771282994896,4771283018848,4771283174764,4771283300668,4771283300688,16,27.6478,20.3545,3.42392,0.81144,0.23952,1.55916,1.25904
667,1,0,1e+08,4771283327800,4771283540928,4771283864848,4771283923680,4771283972548,4771284129132,4771284264728,4771284264840,16,9.3704,2.13128,3.2392,0.58832,0.48868,1.56584,1.35596
668,1,0,1e+08,4771284294284,4771285731287,4771286049475,4771286118975,4771286178547,4771286338215,4771286474303,4771286474323,16,21.8004,14.37,3.18188,0.695,0.59572,1.59668,1.36088
669,1,0,1e+08,4771286504191,4771286718007,4771287029267,4771287101131,4771287119427,4771287275927,4771287427767,4771287427839,16,9.23648,2.13816,3.1126,0.71864,0.18296,1.565,1.5184
670,1,0,1e+08,4771287461907,4771288859111,4771289913033,4771289997093,4771290039710,4771290410954,4771290583238,4771290583270,16,31.2136,13.972,10.5392,0.8406,0.42617,3.71244,1.72284
671,1,0,1e+08,4771290616906,4771290851998,4771291234286,4771291296926,4771291315582,4771291486390,4771291641990,4771291642106,16,10.252,2.35092,3.82288,0.6264,0.18656,1.70808,1.556
672,1,0,1e+08,4771291676382,4771294046887,4771295151780,4771295222660,4771295281264,4771295584084,4771295759904,4771295759928,16,40.8355,23.705,11.0489,0.7088,0.58604,3.0282,1.7582
673,1,0,1e+08,4771295796780,4771296031748,4771296390816,4771296464180,4771296486004,4771297287956,4771297497954,4771297498014,16,17.0123,2.34968,3.59068,0.73364,0.21824,8.01952,2.09998
674,1,0,1e+08,4771297528706,4771299203268,4771299902880,4771299983244,4771300068928,4771300355284,4771300515260,4771300515288,16,29.8658,16.7456,6.99612,0.80364,0.85684,2.86356,1.59976
675,1,0,1e+08,4771300547428,4771300769796,4771301108744,4771301210613,4771301276048,4771302182853,4771302381221,4771302381377,16,18.3395,2.22368,3.38948,1.01869,0.65435,9.06805,1.98368
676,1,0,1e+08,4771302412089,4771304305107,4771305370952,4771305450445,4771305501005,4771305984976,4771306180472,4771306180508,16,37.6842,18.9302,10.6585,0.79493,0.5056,4.83971,1.95496
677,1,0,1e+08,4771306209076,4771306470752,4771306885008,4771306950800,4771306978864,4771307622309,4771307975714,4771307975874,16,17.668,2.61676,4.14256,0.65792,0.28064,6.43445,3.53405
678,1,0,1e+08,4771308008170,4771308975059,4771309361515,4771309429611,4771309459611,4771309625411,4771309758251,4771309758271,16,17.501,9.66889,3.86456,0.68096,0.3,1.658,1.3284
679,1,0,1e+08,4771309786743,4771312774171,4771313171239,4771313242231,4771313261911,4771313424467,4771313550163,4771313550187,16,37.6344,29.8743,3.97068,0.70992,0.1968,1.62556,1.25696
680,1,0,1e+08,4771313578811,4771313799079,4771314117159,4771314178547,4771314217159,4771314373015,4771314522635,4771314522655,16,9.43844,2.20268,3.1808,0.61388,0.38612,1.55856,1.4962
681,1,0,1e+08,4771314555147,4771315928115,4771316238063,4771316306063,4771316325147,4771316481211,4771316628115,4771316628139,16,20.7299,13.7297,3.09948,0.68,0.19084,1.56064,1.46904
682,1,0,1e+08,4771316657279,4771316862211,4771317192031,4771317266283,4771317299907,4771317470575,4771317638915,4771317638935,16,9.81656,2.04932,3.2982,0.74252,0.33624,1.70668,1.6834
683,1,0,1e+08,4771317670131,4771319143176,4771319503876,4771319576644,4771319599540,4771319769592,4771319913212,4771319913292,16,22.4316,14.7305,3.607,0.72768,0.22896,1.70052,1.4362
684,1,0,1e+08,4771319943396,4771320140736,4771320479496,4771320545368,4771320579348,4771320775856,4771320914284,4771320914308,16,9.70912,1.9734,3.3876,0.65872,0.3398,1.96508,1.38428
685,1,0,1e+08,4771320942816,4771322321585,4771322664953,4771322733029,4771322756613,4771322934517,4771323077397,4771323077473,16,21.3466,13.7877,3.43368,0.68076,0.23584,1.77904,1.4288
686,1,0,1e+08,4771323107381,4771323323145,4771323671733,4771323737421,4771323755005,4771323959637,4771324119189,4771324119213,16,10.1183,2.15764,3.48588,0.65688,0.17584,2.04632,1.59552
687,1,0,1e+08,4771324156073,4771325536672,4771325879580,4771325950452,4771325992772,4771326173088,4771326309936,4771326310036,16,21.5396,13.806,3.42908,0.70872,0.4232,1.80316,1.36848
688,1,0,1e+08,4771326337996,4771326542128,4771326907576,4771326975652,4771327010960,4771327200036,4771327350364,4771327350388,16,10.1239,2.04132,3.65448,0.68076,0.35308,1.89076,1.50328
689,1,0,1e+08,4771327592694,4771340773569,4771341131557,4771341184433,4771341232673,4771341422501,4771341541537,4771341541561,16,139.489,131.809,3.57988,0.52876,0.4824,1.89828,1.19036
690,1,0,1e+08,4771341568877,4771343322468,4771343613412,4771343666068,4771343707460,4771343890916,4771344008468,4771344008484,16,24.3961,17.5359,2.90944,0.52656,0.41392,1.83456,1.17552
691,1,0,1e+08,4771344034464,4771345857395,4771346166235,4771346234227,4771346283519,4771346468827,4771346593311,4771346593411,16,25.5895,18.2293,3.0884,0.67992,0.49292,1.85308,1.24484
692,1,0,1e+08,4771346618491,4771348430701,4771349121206,4771349319888,4771349376437,4771349890464,4771350085817,4771350085865,16,34.6737,18.1221,6.90505,1.98682,0.56549,5.14027,1.95353
693,1,0,1e+08,4771350115329,4771350466145,4771350922793,4771350999301,4771351030129,4771351246665,4771351433677,4771351433769,16,13.1844,3.50816,4.56648,0.76508,0.30828,2.16536,1.87012
694,1,0,1e+08,4771351466097,4771352855810,4771353164766,4771353240290,4771353260506,4771353418722,4771353551526,4771353551546,16,20.8545,13.8971,3.08956,0.75524,0.20216,1.58216,1.32804
695,1,0,1e+08,4771353581490,4771353791374,4771354138022,4771354201474,4771354240918,4771354399326,4771354555962,4771354555986,16,9.74496,2.09884,3.46648,0.63452,0.39444,1.58408,1.56636
696,1,0,1e+08,4771354585810,4771356043262,4771356378766,4771356462870,4771356487658,4771356645598,4771356779386,4771356779406,16,21.936,14.5745,3.35504,0.84104,0.24788,1.5794,1.33788
697,1,0,1e+08,4771356808994,4771357011694,4771357325550,4771357386066,4771357409210,4771357566322,4771357697042,4771357697066,16,8.88072,2.027,3.13856,0.60516,0.23144,1.57112,1.3072
698,1,0,1e+08,4771357725826,4771359167088,4771359480564,4771359551260,4771359572108,4771359729272,4771359882576,4771359882596,16,21.5677,14.4126,3.13476,0.70696,0.20848,1.57164,1.53304
699,1,0,1e+08,4771359911312,4771360106196,4771360443484,4771360524092,4771360567452,4771360738068,4771360902968,4771360903044,16,9.91732,1.94884,3.37288,0.80608,0.4336,1.70616,1.649
700,1,0,1e+08,4771360937868,4771362286889,4771362632365,4771362703241,4771362763813,4771362978845,4771363129193,4771363129213,16,21.9135,13.4902,3.45476,0.70876,0.60572,2.15032,1.50348
701,1,0,1e+08,4771363163349,4771363391145,4771363737801,4771363809961,4771363831405,4771364056989,4771364199009,4771364199105,16,10.3576,2.27796,3.46656,0.7216,0.21444,2.25584,1.4202
702,1,0,1e+08,4771364228653,4771365447461,4771365839565,4771365922461,4771365947325,4771366138085,4771366274593,4771366274613,16,20.4596,12.1881,3.92104,0.82896,0.24864,1.9076,1.36508
703,1,0,1e+08,4771366303129,4771366530245,4771366899173,4771366971693,4771366991173,4771367184857,4771367326689,4771367326781,16,10.2365,2.27116,3.68928,0.7252,0.1948,1.93684,1.41832
704,1,0,1e+08,4771368095942,4771368499367,4771368916659,4771368988671,4771369007703,4771369214375,4771369380159,4771369380183,16,12.8424,4.03425,4.17292,0.72012,0.19032,2.06672,1.65784
705,1,0,1e+08,4771369793707,4771370046351,4771370425015,4771370486635,4771370507547,4771370724199,4771370867971,4771370868003,16,10.743,2.52644,3.78664,0.6162,0.20912,2.16652,1.43772
706,1,0,1e+08,4771371940146,4771373056151,4771373444331,4771373526543,4771373553407,4771373759531,4771373905591,4771373905615,16,19.6547,11.1601,3.8818,0.82212,0.26864,2.06124,1.4606
707,1,0,1e+08,4771373935839,4771374153303,4771374532787,4771374596675,4771374615307,4771374818535,4771374951575,4771374951675,16,10.1584,2.17464,3.79484,0.63888,0.18632,2.03228,1.3304
708,1,0,1e+08,4771375824717,4771376225717,4771376725717,4771376798065,4771376815033,4771377093561,4771377265765,4771377265797,16,14.4108,4.01,5,0.72348,0.16968,2.78528,1.72204
709,1,0,1e+08,4771377584487,4771391218769,4771393462396,4771393658643,4771393709228,4771394982619,4771395563727,4771395564152,16,179.797,136.343,22.4363,1.96247,0.50585,12.7339,5.81108
710,1,0,1e+08,4771395619417,4771398229431,4771400476967,4771400672308,4771400723118,4771402036994,4771402648652,4771402648782,16,70.2936,26.1001,22.4754,1.95341,0.5081,13.1388,6.11658
711,1,0,1e+08,4771402710322,4771405507252,4771407781790,4771407979827,4771408030457,4771409303415,4771409888772,4771409888947,16,71.7862,27.9693,22.7454,1.98037,0.5063,12.7296,5.85357
712,1,0,1e+08,4771409961928,4771413025651,4771415305155,4771415503991,4771415554956,4771416828383,4771417411345,4771417411475,16,74.4955,30.6372,22.795,1.98836,0.50965,12.7343,5.82962
713,1,0,1e+08,4771417474446,4771418629186,4771420879891,4771421058316,4771421103670,4771422373682,4771422919605,4771422919775,16,54.4533,11.5474,22.507,1.78425,0.45354,12.7001,5.45923
714,1,0,1e+08,4771422974909,4771423731560,4771424798505,4771424880589,4771424904149,4771425335042,4771425532198,4771425532250,16,25.5734,7.56651,10.6695,0.82084,0.2356,4.30893,1.97156
715,1,0,1e+08,4771425563702,4771427754297,4771430002297,4771430198630,4771430249830,4771431431398,4771431731606,4771431731951,16,61.6825,21.906,22.48,1.96333,0.512,11.8157,3.00208
716,1,0,1e+08,4771431771147,4771432354644,4771433255890,4771433333130,4771433355814,4771433785406,4771433981974,4771433982026,16,22.1088,5.83497,9.01246,0.7724,0.22684,4.29592,1.96568
717,1,0,1e+08,4771434011014,4771436564971,4771438811722,4771439009339,4771439059688,4771440331670,4771440910892,4771440911317,16,69.003,25.5396,22.4675,1.97617,0.50349,12.7198,5.79222
718,1,0,1e+08,4771440951905,4771441536726,4771442664605,4771442733901,4771442764966,4771443195612,4771443397109,4771443397161,16,24.4526,5.84821,11.2788,0.69296,0.31065,4.30646,2.01497
719,1,0,1e+08,4771443431562,4771445744633,4771447992047,4771448187590,4771448238743,4771449511127,4771450091634,4771450092094,16,66.6053,23.1307,22.4741,1.95543,0.51153,12.7238,5.80507
720,1,0,1e+08,4771450157259,4771450742894,4771451806454,4771451876032,4771451917132,4771452347492,4771452572336,4771452572388,16,24.1513,5.85635,10.6356,0.69578,0.411,4.3036,2.24844
721,1,0,1e+08,4771452600876,4771454926634,4771457173734,4771457368380,4771457418805,4771458615311,4771458936820,4771458936908,16,63.3603,23.2576,22.471,1.94646,0.50425,11.9651,3.21509
722,1,0,1e+08,4771458973207,4771459557120,4771460524189,4771460654586,4771460694774,4771461164200,4771461392300,4771461392348,16,24.1914,5.83913,9.67069,1.30397,0.40188,4.69426,2.281
723,1,0,1e+08,4771461425916,4771463813017,4771466059678,4771466257039,4771466307666,4771467579558,4771468098425,4771468098661,16,66.7274,23.871,22.4666,1.97361,0.50627,12.7189,5.18867
724,1,0,1e+08,4771468132230,4771468717368,4771469722321,4771469802441,4771469822465,4771470284899,4771470509729,4771470509781,16,23.7755,5.85138,10.0495,0.8012,0.20024,4.62434,2.2483
725,1,0,1e+08,4771470538482,4771472925841,4771475179673,4771475378571,4771475429281,4771476373565,4771476662125,4771476662293,16,61.2381,23.8736,22.5383,1.98898,0.5071,9.44284,2.8856
726,1,0,1e+08,4771476693071,4771477095496,4771478016892,4771478202577,4771478303413,4771478906968,4771479169448,4771479169496,16,24.7643,4.02425,9.21396,1.85685,1.00836,6.03555,2.6248
727,1,0,1e+08,4771479214972,4771481469415,4771482161056,4771482226216,4771482318600,4771482588452,4771482726640,4771482726676,16,35.117,22.5444,6.91641,0.6516,0.92384,2.69852,1.38188
728,1,0,1e+08,4771482753448,4771482973824,4771483931196,4771484024554,4771484055977,4771484468811,4771484638291,4771484638327,16,18.8488,2.20376,9.57372,0.93358,0.31423,4.12834,1.6948
729,1,0,1e+08,4771484667635,4771486850290,4771487202978,4771487271810,4771487302174,4771487458210,4771487613290,4771487613314,16,29.4568,21.8266,3.52688,0.68832,0.30364,1.56036,1.5508
730,1,0,1e+08,4771487642770,4771487855962,4771488182902,4771488251258,4771488283758,4771488442266,4771488593514,4771488593538,16,9.50768,2.13192,3.2694,0.68356,0.325,1.58508,1.51248
731,1,0,1e+08,4771488625218,4771489973078,4771490324038,4771490427622,4771490456706,4771490614706,4771490754026,4771490754098,16,21.2888,13.4786,3.5096,1.03584,0.29084,1.58,1.3932
732,1,0,1e+08,4771490783522,4771490988022,4771491301806,4771491376238,4771491394062,4771491653271,4771492180985,4771492181061,16,13.9754,2.045,3.13784,0.74432,0.17824,2.59209,5.27714
733,1,0,1e+08,4771492217705,4771493362727,4771493756795,4771493822547,4771493842015,4771494011763,4771494139999,4771494140067,16,19.2236,11.4502,3.94068,0.65752,0.19468,1.69748,1.28236
734,1,0,1e+08,4771494169415,4771494363839,4771494684739,4771494745183,4771494768771,4771494935151,4771495065147,4771495065171,16,8.95756,1.94424,3.209,0.60444,0.23588,1.6638,1.29996
735,1,0,1e+08,4771495092443,4771496443522,4771496781866,4771496860946,4771496882594,4771497055558,4771497201018,4771497201098,16,21.0865,13.5108,3.38344,0.7908,0.21648,1.72964,1.4546
736,1,0,1e+08,4771497232570,4771497466674,4771497841322,4771497912410,4771497929070,4771498119758,4771498268030,4771498268054,16,10.3548,2.34104,3.74648,0.71088,0.1666,1.90688,1.48272
737,1,0,1e+08,4771498297674,4771499470963,4771499858463,4771499953199,4771499988599,4771500202271,4771500350803,4771500350831,16,20.5316,11.7329,3.875,0.94736,0.354,2.13672,1.48532
738,1,0,1e+08,4771500381147,4771500592939,4771500973563,4771501041171,4771501071551,4771501282223,4771501446671,4771501446695,16,10.6555,2.11792,3.80624,0.67608,0.3038,2.10672,1.64448
739,1,0,1e+08,4771502099779,4771502569551,4771503101851,4771503169871,4771503193375,4771503431535,4771503596239,4771503596387,16,14.9661,4.69772,5.323,0.6802,0.23504,2.3816,1.64704
740,1,0,1e+08,4771503860520,4771504140882,4771504535878,4771504597290,4771504614238,4771504828106,4771504973074,4771504973102,16,11.1258,2.80362,3.94996,0.61412,0.16948,2.13868,1.44968
741,1,0,1e+08,4771505629152,4771507242508,4771507756860,4771507828488,4771507846084,4771508068244,4771508229492,4771508229628,16,26.0048,16.1336,5.14352,0.71628,0.17596,2.2216,1.61248
742,1,0,1e+08,4771508258764,4771508513360,4771508940268,4771509024568,4771509045452,4771509267488,4771509403208,4771509403236,16,11.4447,2.54596,4.26908,0.843,0.20884,2.22036,1.3572
743,1,0,1e+08,4771509430860,4771522716723,4771523218092,4771523272100,4771523320528,4771523536728,4771523661216,4771523661236,16,142.304,132.859,5.01369,0.54008,0.48428,2.162,1.24488
744,1,0,1e+08,4771523687044,4771524084343,4771525238570,4771525316314,4771525352154,4771525638706,4771525781506,4771525781534,16,20.9449,3.97299,11.5423,0.77744,0.3584,2.86552,1.428
745,1,0,1e+08,4771525808718,4771527539905,4771527859837,4771527935685,4771527973557,4771528139301,4771528279621,4771528279649,16,24.7093,17.3119,3.19932,0.75848,0.37872,1.65744,1.4032
746,1,0,1e+08,4771528309937,4771530081940,4771530429320,4771530512488,4771530569168,4771530722136,4771530845252,4771530845276,16,25.3534,17.72,3.4738,0.83168,0.5668,1.52968,1.23116
747,1,0,1e+08,4771530870892,4771531079412,4771531391460,4771531452460,4771531488252,4771531645432,4771531784296,4771531784372,16,9.1348,2.0852,3.12048,0.61,0.35792,1.5718,1.38864
748,1,0,1e+08,4771531814680,4771533692262,4771534015850,4771534095770,4771534116018,4771534277294,4771534425970,4771534425994,16,26.1131,18.7758,3.23588,0.7992,0.20248,1.61276,1.48676
749,1,0,1e+08,4771534457482,4771534675490,4771535008294,4771535072482,4771535105306,4771535399207,4771535939721,4771535939945,16,14.8246,2.18008,3.32804,0.64188,0.32824,2.93901,5.40514
750,1,0,1e+08,4771535969052,4771537180619,4771537565023,4771537642191,4771537662299,4771537831623,4771537977191,4771537977211,16,20.0816,12.1157,3.84404,0.77168,0.20108,1.69324,1.45568
751,1,0,1e+08,4771538008431,4771538205775,4771538519387,4771538595467,4771538615951,4771538774631,4771538905015,4771538905119,16,8.96688,1.97344,3.13612,0.7608,0.20484,1.5868,1.30384
752,1,0,1e+08,4771538939487,4771540160608,4771541325358,4771541399714,4771541438806,4771541768554,4771541937302,4771541937334,16,29.9785,12.2112,11.6475,0.74356,0.39092,3.29748,1.68748
753,1,0,1e+08,4771541970542,4771542206734,4771542573402,4771542632562,4771542657542,4771542822582,4771542952738,4771542952766,16,9.82224,2.36192,3.66668,0.5916,0.2498,1.6504,1.30156
754,1,0,1e+08,4771542981626,4771544983872,4771545321592,4771545410500,4771545438512,4771545601916,4771545774816,4771545774836,16,27.9321,20.0225,3.3772,0.88908,0.28012,1.63404,1.729
755,1,0,1e+08,4771545808176,4771546031484,4771546393304,4771546464120,4771546483256,4771546656496,4771546824024,4771546824100,16,10.1592,2.23308,3.6182,0.70816,0.19136,1.7324,1.67528
756,1,0,1e+08,4771546863604,4771548065108,4771548495600,4771548570668,4771548591364,4771548812752,4771548959300,4771548959324,16,20.9572,12.015,4.30492,0.75068,0.20696,2.21388,1.46548
757,1,0,1e+08,4771548988568,4771549194724,4771549569632,4771549632428,4771549651380,4771549854220,4771550014020,4771550014108,16,10.2554,2.06156,3.74908,0.62796,0.18952,2.0284,1.598
758,1,0,1e+08,4771550040856,4771551168961,4771551586557,4771551655797,4771551673913,4771551884329,4771552050913,4771552050937,16,20.1008,11.2811,4.17596,0.6924,0.18116,2.10416,1.66584
759,1,0,1e+08,4771552085261,4771553459351,4771553854759,4771553923439,4771553940371,4771554140895,4771554280439,4771554280471,16,21.9521,13.7409,3.95408,0.6868,0.16932,2.00524,1.39544
760,1,0,1e+08,4771554310343,4771554526251,4771554904419,4771554965499,4771555006891,4771555213499,4771555362091,4771555362119,16,10.5178,2.15908,3.78168,0.6108,0.41392,2.06608,1.48592
761,1,0,1e+08,4771555390679,4771556553192,4771556953504,4771557025492,4771557063080,4771557271056,4771557414840,4771557414872,16,20.2419,11.6251,4.00312,0.71988,0.37588,2.07976,1.43784
762,1,0,1e+08,4771557446976,4771557657672,4771558042344,4771558110968,4771558188348,4771558413380,4771558553000,4771558553028,16,11.0605,2.10696,3.84672,0.68624,0.7738,2.25032,1.3962
763,1,0,1e+08,4771559500185,4771559774419,4771560150239,4771560231847,4771560249863,4771560464423,4771560609935,4771560610055,16,11.0987,2.74234,3.7582,0.81608,0.18016,2.1456,1.45512
764,1,0,1e+08,4771562088861,4771562297541,4771562660777,4771562722753,4771562746025,4771562948621,4771563095625,4771563095649,16,10.0679,2.0868,3.63236,0.61976,0.23272,2.02596,1.47004
765,1,0,1e+08,4771564338080,4771564592282,4771564972126,4771565046022,4771565074750,4771565286078,4771565441578,4771565441670,16,11.0359,2.54202,3.79844,0.73896,0.28728,2.11328,1.555
766,1,0,1e+08,4771566270569,4771579205808,4771579850665,4771579905533,4771579953485,4771580147641,4771580272361,4771580272385,16,140.018,129.352,6.44857,0.54868,0.47952,1.94156,1.2472
767,1,0,1e+08,4771580298345,4771580510125,4771580822617,4771580883105,4771580922313,4771581079781,4771581230437,4771581230513,16,9.32168,2.1178,3.12492,0.60488,0.39208,1.57468,1.50656
768,1,0,1e+08,4771581260041,4771583654590,4771584849288,4771584915628,4771584959356,4771585264520,4771585415508,4771585415540,16,41.555,23.9455,11.947,0.6634,0.43728,3.05164,1.50988
769,1,0,1e+08,4771585442460,4771587261385,4771587594005,4771587661481,4771587711705,4771587871977,4771587995789,4771587995813,16,25.5335,18.1893,3.3262,0.67476,0.50224,1.60272,1.23812
770,1,0,1e+08,4771588022813,4771588258201,4771588573917,4771588638313,4771588680109,4771588843641,4771588975665,4771588975689,16,9.52876,2.35388,3.15716,0.64396,0.41796,1.63532,1.32024
771,1,0,1e+08,4771589003365,4771590756848,4771591097196,4771591170068,4771591210804,4771591370292,4771591501264,4771591501336,16,24.9797,17.5348,3.40348,0.72872,0.40736,1.59488,1.30972
772,1,0,1e+08,4771591529408,4771591720976,4771592037872,4771592097216,4771592120116,4771592277108,4771592405108,4771592405128,16,8.7572,1.91568,3.16896,0.59344,0.229,1.56992,1.28
773,1,0,1e+08,4771592434552,4771593840149,4771594163949,4771594243529,4771594283885,4771594441285,4771594575081,4771594575217,16,21.4066,14.056,3.238,0.7958,0.40356,1.574,1.33796
774,1,0,1e+08,4771594605717,4771594801853,4771595121969,4771595185301,4771595201441,4771595362973,4771595503945,4771595503969,16,8.98252,1.96136,3.20116,0.63332,0.1614,1.61532,1.40972
775,1,0,1e+08,4771595533105,4771596941370,4771597272106,4771597344002,4771597370874,4771597543418,4771597691926,4771597691954,16,21.5885,14.0827,3.30736,0.71896,0.26872,1.72544,1.48508
776,1,0,1e+08,4771597726894,4771597931730,4771598270110,4771598338274,4771598377226,4771598565406,4771598731294,4771598731314,16,10.0442,2.04836,3.3838,0.68164,0.38952,1.8818,1.65888
777,1,0,1e+08,4771599092409,4771599966634,4771600398406,4771600483646,4771600503734,4771600730158,4771600883706,4771600883738,16,17.9133,8.74225,4.31772,0.8524,0.20088,2.26424,1.53548
778,1,0,1e+08,4771600914178,4771601155126,4771601580530,4771601657082,4771601701486,4771601942922,4771602119086,4771602119114,16,12.0494,2.40948,4.25404,0.76552,0.44404,2.41436,1.76164
779,1,0,1e+08,4771602699085,4771603046973,4771603469669,4771603555753,4771603573981,4771603787629,4771603943753,4771603943865,16,12.4478,3.47888,4.22696,0.86084,0.18228,2.13648,1.56124
780,1,0,1e+08,4771604556932,4771604774680,4771605164904,4771605235124,4771605255616,4771605470424,4771605617188,4771605617212,16,10.6028,2.17748,3.90224,0.7022,0.20492,2.14808,1.46764
781,1,0,1e+08,4771606869791,4771607550097,4771607931209,4771608006569,4771608025837,4771608223525,4771608361637,4771608361721,16,14.9193,6.80306,3.81112,0.7536,0.19268,1.97688,1.38112
782,1,0,1e+08,4771609203988,4771609453365,4771609822949,4771609898269,4771609927853,4771610147893,4771610342953,4771610342977,16,11.3899,2.49377,3.69584,0.7532,0.29584,2.2004,1.9506
783,1,0,1e+08,4771611249691,4771611489703,4771611885947,4771611955479,4771611977835,4771612231603,4771612395487,4771612395591,16,11.459,2.40012,3.96244,0.69532,0.22356,2.53768,1.63884
784,1,0,1e+08,4771612965608,4771613309742,4771613779574,4771613845202,4771613898882,4771614111946,4771614279182,4771614279206,16,13.136,3.44134,4.69832,0.65628,0.5368,2.13064,1.67236
785,1,0,1e+08,4771614677886,4771614940614,4771615334134,4771615413054,4771615491394,4771615722446,4771615865958,4771615865990,16,11.881,2.62728,3.9352,0.7892,0.7834,2.31052,1.43512
786,1,0,1e+08,4771616836422,4771617092122,4771617481346,4771617563466,4771617583466,4771617791770,4771617945174,4771617945202,16,11.0878,2.557,3.89224,0.8212,0.2,2.08304,1.53404
787,1,0,1e+08,4771619316704,4771619551056,4771619920216,4771619991880,4771620014784,4771620214172,4771620351712,4771620351820,16,10.3512,2.34352,3.6916,0.71664,0.22904,1.99388,1.3754
788,1,0,1e+08,4771621477480,4771621746034,4771622129102,4771622208050,4771622255726,4771622455298,4771622609206,4771622609230,16,11.3175,2.68554,3.83068,0.78948,0.47676,1.99572,1.53908
789,1,0,1e+08,4771623451140,4771623674084,4771624053332,4771624127212,4771624156368,4771624378244,4771624538320,4771624538456,16,10.8732,2.22944,3.79248,0.7388,0.29156,2.21876,1.60076
790,1,0,1e+08,4771625374414,4771625639255,4771626013135,4771626076291,4771626094063,4771626299075,4771626453007,4771626453035,16,10.7862,2.64841,3.7388,0.63156,0.17772,2.05012,1.53932
791,1,0,1e+08,4771627766148,4771628029580,4771628387768,4771628462592,4771628480880,4771628676564,4771628813032,4771628813060,16,10.4691,2.63432,3.58188,0.74824,0.18288,1.95684,1.36468
792,1,0,1e+08,4771629925293,4771630167119,4771630533207,4771630597507,4771630639635,4771630838971,4771631017927,4771631017951,16,10.9266,2.41826,3.66088,0.643,0.42128,1.99336,1.78956
793,1,0,1e+08,4771631664580,4771632039298,4771632510874,4771632575234,4771632616114,4771632840934,4771633004750,4771633004778,16,13.402,3.74718,4.71576,0.6436,0.4088,2.2482,1.63816
794,1,0,1e+08,4771633327198,4771645990170,4771646695890,4771646754558,4771646793466,4771647052338,4771647182690,4771647182710,16,138.555,126.63,7.0572,0.58668,0.38908,2.58872,1.30352
795,1,0,1e+08,4771647208722,4771648974833,4771650060324,4771650136372,4771650166600,4771650553468,4771650709328,4771650709436,16,35.0071,17.6611,10.8549,0.76048,0.30228,3.86868,1.5586
796,1,0,1e+08,4771650734388,4771652554326,4771652901170,4771652971766,4771653022782,4771653211534,4771653335754,4771653335774,16,26.0139,18.1994,3.46844,0.70596,0.51016,1.88752,1.2422
797,1,0,1e+08,4771653361470,4771655296683,4771656466523,4771656536147,4771656594251,4771656940659,4771657095575,4771657095687,16,37.3422,19.3521,11.6984,0.69624,0.58104,3.46408,1.54916
798,1,0,1e+08,4771657123483,4771657402591,4771657788111,4771657851103,4771657890187,4771658064267,4771658201431,4771658201451,16,10.7797,2.79108,3.8552,0.62992,0.39084,1.7408,1.37164
799,1,0,1e+08,4771658236159,4771659884097,4771661051030,4771661138534,4771661166858,4771661498274,4771661697650,4771661697762,16,34.616,16.4794,11.6693,0.87504,0.28324,3.31416,1.99376
800,1,0,1e+08,4771661728086,4771662017990,4771662366174,4771662432414,4771662453546,4771662610910,4771662759678,4771662759698,16,10.3161,2.89904,3.48184,0.6624,0.21132,1.57364,1.48768
801,1,0,1e+08,4771662789006,4771664803048,4771665438133,4771665500677,4771665520561,4771665755921,4771665896109,4771665896137,16,31.0713,20.1404,6.35085,0.62544,0.19884,2.3536,1.40188
802,1,0,1e+08,4771665925377,4771666138089,4771667190249,4771667273629,4771667296049,4771667683031,4771667844535,4771667844567,16,19.1919,2.12712,10.5216,0.8338,0.2242,3.86982,1.61504
803,1,0,1e+08,4771667874703,4771668121291,4771668516403,4771668583991,4771668608031,4771668785283,4771668943963,4771668944063,16,10.6936,2.46588,3.95112,0.67588,0.2404,1.77252,1.5868
804,1,0,1e+08,4771668976599,4771670293885,4771670618949,4771670743089,4771670786753,4771670944305,4771671099909,4771671099933,16,21.2333,13.1729,3.25064,1.2414,0.43664,1.57552,1.55604
805,1,0,1e+08,4771671129385,4771671340093,4771671664949,4771671745581,4771671774101,4771671944213,4771672089209,4771672089329,16,9.59944,2.10708,3.24856,0.80632,0.2852,1.70112,1.44996
806,1,0,1e+08,4771672119061,4771673455548,4771674601165,4771674678437,4771674709653,4771675102341,4771675264577,4771675264605,16,31.4554,13.3649,11.4562,0.77272,0.31216,3.92688,1.62236
807,1,0,1e+08,4771675294925,4771675539725,4771675921737,4771675982149,4771676021617,4771676215989,4771676363097,4771676363121,16,10.682,2.448,3.82012,0.60412,0.39468,1.94372,1.47108
808,1,0,1e+08,4771676395593,4771678359963,4771678699511,4771678775283,4771678796059,4771678959983,4771679112243,4771679112263,16,27.1667,19.6437,3.39548,0.75772,0.20776,1.63924,1.5226
809,1,0,1e+08,4771679146359,4771679367743,4771679682823,4771679742403,4771679775767,4771680580956,4771680824527,4771680824587,16,16.7823,2.21384,3.1508,0.5958,0.33364,8.05189,2.43571
810,1,0,1e+08,4771680854516,4771683266531,4771683646887,4771683758925,4771683813245,4771684667036,4771684875821,4771684875865,16,40.2135,24.1201,3.80356,1.12038,0.5432,8.53791,2.08785
811,1,0,1e+08,4771684904769,4771685210689,4771685657513,4771685729085,4771685746357,4771685942985,4771686106849,4771686106949,16,12.0218,3.0592,4.46824,0.71572,0.17272,1.96628,1.63864
812,1,0,1e+08,4771686139497,4771688057886,4771688396378,4771688479990,4771688508194,4771688665046,4771688800582,4771688800602,16,26.6111,19.1839,3.38492,0.83612,0.28204,1.56852,1.35536
813,1,0,1e+08,4771688831206,4771689024398,4771689346238,4771689407226,4771689447670,4771689604626,4771689741450,4771689741546,16,9.1034,1.93192,3.2184,0.60988,0.40444,1.56956,1.36824
814,1,0,1e+08,4771689769414,4771691132815,4771691448255,4771691523679,4771691547099,4771691704147,4771691832095,4771691832115,16,20.627,13.634,3.1544,0.75424,0.2342,1.57048,1.27948
815,1,0,1e+08,4771691860923,4771692046639,4771692363147,4771692429435,4771692452931,4771692610327,4771692746455,4771692746547,16,8.85624,1.85716,3.16508,0.66288,0.23496,1.57396,1.36128
816,1,0,1e+08,4771693128306,4771695846911,4771697007405,4771697088349,4771697117969,4771697421565,4771697574885,4771697574913,16,44.4661,27.186,11.6049,0.80944,0.2962,3.03596,1.5332
817,1,0,1e+08,4771697605829,4771697834673,4771698195897,4771698259141,4771698296861,4771698859864,4771699269078,4771699269142,16,16.6331,2.28844,3.61224,0.63244,0.3772,5.63003,4.09214
818,1,0,1e+08,4771699299914,4771701644929,4771703227129,4771703363682,4771703393418,4771704041129,4771704361304,4771704361348,16,50.6143,23.4502,15.822,1.36553,0.29736,6.47711,3.20175
819,1,0,1e+08,4771704406320,4771704801322,4771705369258,4771705439018,4771705478518,4771705691146,4771705853726,4771705853822,16,14.475,3.95002,5.67936,0.6976,0.395,2.12628,1.6258
820,1,0,1e+08,4771705884882,4771708123373,4771708453301,4771708524761,4771708543881,4771708714009,4771708843469,4771708843493,16,29.5861,22.3849,3.29928,0.7146,0.1912,1.70128,1.2946
821,1,0,1e+08,4771708871129,4771709083845,4771709428905,4771709488653,4771709523373,4771709716465,4771709871289,4771709871393,16,10.0026,2.12716,3.4506,0.59748,0.3472,1.93092,1.54824
822,1,0,1e+08,4771709901933,4771711180387,4771711542627,4771711657291,4771711695307,4771711925263,4771712064407,4771712064431,16,21.625,12.7845,3.6224,1.14664,0.38016,2.29956,1.39144
823,1,0,1e+08,4771712099543,4771712301343,4771712654919,4771712718027,4771712741875,4771712928755,4771713078331,4771713078359,16,9.78816,2.018,3.53576,0.63108,0.23848,1.8688,1.49576
824,1,0,1e+08,4771713106971,4771714333362,4771714693234,4771714764294,4771714800086,4771714992906,4771715154422,4771715154446,16,20.4748,12.2639,3.59872,0.7106,0.35792,1.9282,1.61516
825,1,0,1e+08,4771715183994,4771715398522,4771715788598,4771715859914,4771715881206,4771716083562,4771716242934,4771716242962,16,10.5897,2.14528,3.90076,0.71316,0.21292,2.02356,1.59372
826,1,0,1e+08,4771716271662,4771717379940,4771717772980,4771717848456,4771717868192,4771718072720,4771718226776,4771718226800,16,19.5514,11.0828,3.9304,0.75476,0.19736,2.04528,1.54056
827,1,0,1e+08,4771718259176,4771718476380,4771718854764,4771718915088,4771718987744,4771719189980,4771719330308,4771719330424,16,10.7125,2.17204,3.78384,0.60324,0.72656,2.02236,1.40328
828,1,0,1e+08,4771719356080,4771720442559,4771720825439,4771720893951,4771720914967,4771721116419,4771721254579,4771721254603,16,18.9852,10.8648,3.8288,0.68512,0.21016,2.01452,1.3816
829,1,0,1e+08,4771721285783,4771724148402,4771724519370,4771724596958,4771724618734,4771724820558,4771724967250,4771724967382,16,36.816,28.6262,3.70968,0.77588,0.21776,2.01824,1.46692
830,1,0,1e+08,4771724997482,4771725244466,4771725648626,4771725717918,4771725736306,4771725944370,4771726086266,4771726086290,16,10.8881,2.46984,4.0416,0.69292,0.18388,2.08064,1.41896
831,1,0,1e+08,4771726113670,4771727337900,4771727960712,4771728026132,4771728053192,4771728342132,4771728514400,4771728514532,16,24.0086,12.2423,6.22812,0.6542,0.2706,2.8894,1.72268
832,1,0,1e+08,4771728543152,4771739093773,4771739491925,4771739545153,4771739594865,4771739792837,4771739910369,4771739910385,16,113.672,105.506,3.98152,0.53228,0.49712,1.97972,1.17532
833,1,0,1e+08,4771739934645,4771741731726,4771742098366,4771742166346,4771742215630,4771742402650,4771742520610,4771742520630,16,25.8599,17.9708,3.6664,0.6798,0.49284,1.8702,1.1796
834,1,0,1e+08,4771742545706,4771744422059,4771744741787,4771744818215,4771744886335,4771745050095,4771745194379,4771745194399,16,26.4869,18.7635,3.19728,0.76428,0.6812,1.6376,1.44284
835,1,0,1e+08,4771745222595,4771746941386,4771747257070,4771747330086,4771747350590,4771747534806,4771747676502,4771747676574,16,24.5398,17.1879,3.15684,0.73016,0.20504,1.84216,1.41696
836,1,0,1e+08,4771747701430,4771747928094,4771748237882,4771748306230,4771748333490,4771748492806,4771748648710,4771748648730,16,9.473,2.26664,3.09788,0.68348,0.2726,1.59316,1.55904
837,1,0,1e+08,4771748683438,4771749138001,4771749469237,4771749541021,4771749582153,4771749744969,4771749909997,4771749910065,16,12.2663,4.54563,3.31236,0.71784,0.41132,1.62816,1.65028
838,1,0,1e+08,4771749942089,4771751461729,4771751805841,4771751884853,4771751907549,4771752073285,4771752203997,4771752204021,16,22.6193,15.1964,3.44112,0.79012,0.22696,1.65736,1.30712
839,1,0,1e+08,4771752232065,4771752434649,4771752771817,4771752844365,4771752861797,4771753038069,4771753173561,4771753173589,16,9.41524,2.02584,3.37168,0.72548,0.17432,1.76272,1.35492
840,1,0,1e+08,4771753204757,4771754529482,4771754880602,4771754949930,4771754992494,4771755170474,4771755329962,4771755329982,16,21.2523,13.2473,3.5112,0.69328,0.42564,1.7798,1.59488
841,1,0,1e+08,4771755362106,4771755580042,4771755955702,4771756024134,4771756040534,4771756229250,4771756362438,4771756362466,16,10.0036,2.17936,3.7566,0.68432,0.164,1.88716,1.33188
842,1,0,1e+08,4771756390942,4771757659951,4771758038855,4771758110651,4771758155071,4771758343339,4771758485467,4771758485491,16,20.9455,12.6901,3.78904,0.71796,0.4442,1.88268,1.42128
843,1,0,1e+08,4771758513627,4771758717943,4771759094179,4771759160027,4771759200555,4771759398975,4771759540515,4771759540627,16,10.27,2.04316,3.76236,0.65848,0.40528,1.9842,1.4154
844,1,0,1e+08,4771759568583,4771760765383,4771761145523,4771761218503,4771761257395,4771761458263,4771761597711,4771761597735,16,20.2915,11.968,3.8014,0.7298,0.38892,2.00868,1.39448
845,1,0,1e+08,4771761628939,4771761879795,4771762262479,4771762328895,4771762355803,4771762566283,4771762731727,4771762731811,16,11.0287,2.50856,3.82684,0.66416,0.26908,2.1048,1.65444
846,1,0,1e+08,4771763564984,4771763858284,4771764240492,4771764317348,4771764355764,4771764593492,4771764736568,4771764736592,16,11.7161,2.933,3.82208,0.76856,0.38416,2.37728,1.43076
847,1,0,1e+08,4771766205698,4771766469291,4771766855199,4771766935175,4771766965175,4771767182691,4771767334095,4771767334191,16,11.2849,2.63593,3.85908,0.79976,0.3,2.17516,1.51404
848,1,0,1e+08,4771768104484,4771768387024,4771768773544,4771768839908,4771768855388,4771769060416,4771769199232,4771769199256,16,10.9477,2.8254,3.8652,0.66364,0.1548,2.05028,1.38816
849,1,0,1e+08,4771770169376,4771770446398,4771770817714,4771770880706,4771770900794,4771771105246,4771771252778,4771771252810,16,10.8343,2.77022,3.71316,0.62992,0.20088,2.04452,1.47532
850,1,0,1e+08,4771772664569,4771772901969,4771773275237,4771773355729,4771773379361,4771773581473,4771773723301,4771773723325,16,10.5876,2.374,3.73268,0.80492,0.23632,2.02112,1.41828
851,1,0,1e+08,4771774706440,4771774971804,4771775379712,4771775477612,4771775496828,4771775696060,4771775855116,4771775855248,16,11.4881,2.65364,4.07908,0.979,0.19216,1.99232,1.59056
852,1,0,1e+08,4771776457303,4771777378716,4771777766324,4771777861652,4771777883196,4771778084508,4771778245360,4771778245384,16,17.8808,9.21413,3.87608,0.95328,0.21544,2.01312,1.60852
853,1,0,1e+08,4771778410044,4771778625808,4771779003328,4771779071084,4771779088812,4771779291752,4771779427444,4771779427560,16,10.1752,2.15764,3.7752,0.67756,0.17728,2.0294,1.35692
854,1,0,1e+08,4771780239185,4771780513965,4771780909941,4771780979265,4771781006713,4771781213829,4771781358453,4771781358481,16,11.193,2.7478,3.95976,0.69324,0.27448,2.07116,1.44624
855,1,0,1e+08,4771782132332,4771794910267,4771795719989,4771795793614,4771795814418,4771796233800,4771796393076,4771796393116,16,142.608,127.779,8.09722,0.73625,0.20804,4.19382,1.59276
856,1,0,1e+08,4771796421632,4771798645930,4771799153266,4771799207434,4771799256126,4771799462194,4771799584066,4771799584090,16,31.6246,22.243,5.07336,0.54168,0.48692,2.06068,1.21872
857,1,0,1e+08,4771799609822,4771802038311,4771803100845,4771803215061,4771803236345,4771803695134,4771803866718,4771803866754,16,42.5693,24.2849,10.6253,1.14216,0.21284,4.58789,1.71584
858,1,0,1e+08,4771803893118,4771805823758,4771806199006,4771806270210,4771806289166,4771806448210,4771806564682,4771806564706,16,26.7159,19.3064,3.75248,0.71204,0.18956,1.59044,1.16472
859,1,0,1e+08,4771806591094,4771806807546,4771807120282,4771807182734,4771807222006,4771807391554,4771807545658,4771807545754,16,9.5466,2.16452,3.12736,0.62452,0.39272,1.69548,1.54104
860,1,0,1e+08,4771807575770,4771809380326,4771809727090,4771809819838,4771809841806,4771809999330,4771810158866,4771810158886,16,25.8312,18.0456,3.46764,0.92748,0.21968,1.57524,1.59536
861,1,0,1e+08,4771810189538,4771810431614,4771810756754,4771810819154,4771810854854,4771811016710,4771811149238,4771811149342,16,9.59804,2.42076,3.2514,0.624,0.357,1.61856,1.32528
862,1,0,1e+08,4771811177358,4771812421361,4771812751005,4771812824861,4771812856177,4771813016949,4771813181221,4771813181241,16,20.0388,12.44,3.29644,0.73856,0.31316,1.60772,1.64272
863,1,0,1e+08,4771813212741,4771813430553,4771813745925,4771813862881,4771813903493,4771814062961,4771814214125,4771814214217,16,10.0148,2.17812,3.15372,1.16956,0.40612,1.59468,1.51164
864,1,0,1e+08,4771814244125,4771815568403,4771815910895,4771815987627,4771816018771,4771816178967,4771816312099,4771816312119,16,20.6799,13.2428,3.42492,0.76732,0.31144,1.60196,1.33132
865,1,0,1e+08,4771816340367,4771816542739,4771816882519,4771816944559,4771816963867,4771817132471,4771817266551,4771817266579,16,9.26212,2.02372,3.3978,0.6204,0.19308,1.68604,1.3408
866,1,0,1e+08,4771817300247,4771818684408,4771819083336,4771819162248,4771819181568,4771819386312,4771819573052,4771819573080,16,22.7283,13.8416,3.98928,0.78912,0.1932,2.04744,1.8674
867,1,0,1e+08,4771819610712,4771819865672,4771820281304,4771820349304,4771820389632,4771820586876,4771820738540,4771820738624,16,11.2791,2.5496,4.15632,0.68,0.40328,1.97244,1.51664
868,1,0,1e+08,4771820772860,4771823448108,4771824577530,4771824659872,4771824682484,4771825116862,4771825345578,4771825345626,16,45.7277,26.7525,11.2942,0.82342,0.22612,4.34378,2.28716
869,1,0,1e+08,4771825381739,4771825778924,4771826563979,4771826657883,4771826692675,4771827132802,4771827353428,4771827353588,16,19.7185,3.97185,7.85055,0.93904,0.34792,4.40127,2.20626
870,1,0,1e+08,4771827395392,4771827884881,4771828657671,4771828744424,4771828773616,4771829252237,4771829495669,4771829495713,16,21.0032,4.89489,7.7279,0.86753,0.29192,4.78621,2.43432
871,1,0,1e+08,4771829542989,4771830104598,4771830881106,4771831013242,4771831035126,4771831477369,4771831713318,4771831713374,16,21.7038,5.61609,7.76508,1.32136,0.21884,4.42243,2.35949
872,1,0,1e+08,4771831756532,4771832453036,4771833250905,4771833338161,4771833361993,4771833816766,4771834052387,4771834052435,16,22.959,6.96504,7.97869,0.87256,0.23832,4.54773,2.35621
873,1,0,1e+08,4771834090683,4771836793787,4771839045391,4771839241717,4771839292477,4771840565545,4771841144896,4771841145066,16,70.5438,27.031,22.516,1.96326,0.5076,12.7307,5.79351
874,1,0,1e+08,4771841215741,4771842109011,4771843273849,4771843401361,4771843430853,4771844068768,4771844349752,4771844349800,16,31.3406,8.9327,11.6484,1.27512,0.29492,6.37915,2.80984
875,1,0,1e+08,4771844380756,4771844785125,4771845577466,4771845664390,4771845700142,4771846147567,4771846408192,4771846408356,16,20.276,4.04369,7.92341,0.86924,0.35752,4.47425,2.60625
876,1,0,1e+08,4771846459465,4771847243801,4771848055631,4771848135639,4771848166731,4771848600492,4771848815888,4771848815936,16,23.5647,7.84336,8.1183,0.80008,0.31092,4.33761,2.15396
877,1,0,1e+08,4771848853029,4771849296004,4771850065850,4771850150646,4771850178822,4771850616605,4771850866826,4771850867006,16,20.1398,4.42975,7.69846,0.84796,0.28176,4.37783,2.50221
878,1,0,1e+08,4771850908386,4771851677944,4771852470498,4771852565994,4771852589010,4771853044045,4771853283843,4771853283891,16,23.7551,7.69558,7.92554,0.95496,0.23016,4.55035,2.39798
879,1,0,1e+08,4771853324599,4771853804149,4771854589168,4771854683100,4771854709984,4771855151448,4771855413289,4771855413453,16,20.8885,4.7955,7.85019,0.93932,0.26884,4.41464,2.61841
880,1,0,1e+08,4771855465353,4771856085816,4771856870308,4771856953096,4771857013936,4771857492222,4771857780510,4771857780554,16,23.152,6.20463,7.84492,0.82788,0.6084,4.78286,2.88288
881,1,0,1e+08,4771857829890,4771858298108,4771859091398,4771859182026,4771859271107,4771859747453,4771860014358,4771860014418,16,21.8453,4.68218,7.9329,0.90628,0.89081,4.76346,2.66905
882,1,0,1e+08,4771860065840,4771860556165,4771861339735,4771861436920,4771861485180,4771861952988,4771862209993,4771862210045,16,21.4421,4.90325,7.8357,0.97185,0.4826,4.67808,2.57005
883,1,0,1e+08,4771862255269,4771862857410,4771863637251,4771863748987,4771863790811,4771864204843,4771864439219,4771864439363,16,21.8409,6.02141,7.79841,1.11736,0.41824,4.14032,2.34376
884,1,0,1e+08,4771864480323,4771865108155,4771865887042,4771865978598,4771866005494,4771866454454,4771866674348,4771866674396,16,21.9407,6.27832,7.78887,0.91556,0.26896,4.4896,2.19894
885,1,0,1e+08,4771866711548,4771867374638,4771868150249,4771868233130,4771868256138,4771868688620,4771868903988,4771868904140,16,21.9259,6.6309,7.75611,0.82881,0.23008,4.32482,2.15368
886,1,0,1e+08,4771868937568,4771869664382,4771870439793,4771870527957,4771870558981,4771870990894,4771871207348,4771871207392,16,22.6982,7.26814,7.75411,0.88164,0.31024,4.31913,2.16454
887,1,0,1e+08,4771871241944,4771872058538,4771872990285,4771873070770,4771873092474,4771873525854,4771873739589,4771873739649,16,24.9771,8.16594,9.31747,0.80485,0.21704,4.3338,2.13735
888,1,0,1e+08,4771873768677,4771874161728,4771874932894,4771875016062,4771875045590,4771875481653,4771875701656,4771875701704,16,19.3303,3.93051,7.71166,0.83168,0.29528,4.36063,2.20003
889,1,0,1e+08,4771875743332,4771876638192,4771877547165,4771877627149,4771877650078,4771878082357,4771878297076,4771878297136,16,25.538,8.9486,9.08973,0.79984,0.22929,4.32279,2.14719
890,1,0,1e+08,4771878323628,4771878714852,4771879457108,4771879528612,4771879552212,4771879956800,4771880168804,4771880168848,16,18.4522,3.91224,7.42256,0.71504,0.236,4.04588,2.12004
891,1,0,1e+08,4771880217628,4771881190273,4771881988960,4771882103644,4771882126360,4771882558894,4771882783436,4771882783592,16,25.6596,9.72645,7.98687,1.14684,0.22716,4.32534,2.24542
892,1,0,1e+08,4771882818840,4771883259854,4771884031802,4771884163578,4771884208574,4771884640228,4771884866104,4771884866152,16,20.4731,4.41014,7.71948,1.31776,0.44996,4.31654,2.25876
893,1,0,1e+08,4771884903113,4771885658252,4771886435533,4771886519011,4771886546295,4771886979488,4771887192357,4771887192517,16,22.894,7.55139,7.77281,0.83478,0.27284,4.33193,2.12869
894,1,0,1e+08,4771887227366,4771887778829,4771888553468,4771888646224,4771888689264,4771889118586,4771889339675,4771889339723,16,21.1236,5.51463,7.74639,0.92756,0.4304,4.29322,2.21089
895,1,0,1e+08,4771889372576,4771889759264,4771890488460,4771890560152,4771890580384,4771890989488,4771891194604,4771891194776,16,18.222,3.86688,7.29196,0.71692,0.20232,4.09104,2.05116
896,1,0,1e+08,4771891239008,4771892472597,4771893610115,4771893715596,4771893743680,4771894208612,4771894412656,4771894412704,16,31.737,12.3359,11.3752,1.05481,0.28084,4.64932,2.04044
897,1,0,1e+08,4771894445288,4771894845247,4771895626859,4771895705383,4771895744399,4771896189881,4771896431878,4771896431938,16,19.8665,3.99959,7.81612,0.78524,0.39016,4.45482,2.41997
898,1,0,1e+08,4771896475650,4771897315933,4771898294458,4771898398430,4771898434894,4771898870068,4771899077825,4771899077873,16,26.0222,8.40283,9.78525,1.03972,0.36464,4.35174,2.07757
899,1,0,1e+08,4771899113149,4771899506706,4771900276664,4771900353396,4771900396604,4771900854744,4771901083900,4771901084048,16,19.709,3.93557,7.69958,0.76732,0.43208,4.5814,2.29156
900,1,0,1e+08,4771901117624,4771902098257,4771903237087,4771903341810,4771903370081,4771903858653,4771904063568,4771904063616,16,29.4599,9.80633,11.3883,1.04723,0.28271,4.88572,2.04915
901,1,0,1e+08,4771904090120,4771904481252,4771905248253,4771905322930,4771905350478,4771905789069,4771905992130,4771905992286,16,19.0217,3.91132,7.67001,0.74677,0.27548,4.38591,2.03061
902,1,0,1e+08,4771906027274,4771906932246,4771907998452,4771908084693,4771908108485,4771908542690,4771908749374,4771908749422,16,27.2215,9.04972,10.6621,0.86241,0.23792,4.34205,2.06684
903,1,0,1e+08,4771908779542,4771909172632,4771909942866,4771910028202,4771910056870,4771910503317,4771910716077,4771910716137,16,19.366,3.9309,7.70234,0.85336,0.28668,4.46447,2.1276
904,1,0,1e+08,4771910756842,4771911665589,4771912690238,4771912810316,4771912833652,4771913274238,4771913494482,4771913494530,16,27.3769,9.08747,10.2465,1.20078,0.23336,4.40586,2.20244
905,1,0,1e+08,4771913555155,4771913958488,4771914728894,4771914818768,4771914856829,4771915284633,4771915507873,4771915507929,16,19.5277,4.03333,7.70406,0.89874,0.38061,4.27804,2.2324
906,1,0,1e+08,4771915546417,4771916223708,4771916998982,4771917082786,4771917134558,4771917569372,4771917794144,4771917794188,16,22.4777,6.77291,7.75274,0.83804,0.51772,4.34814,2.24772
907,1,0,1e+08,4771917831688,4771918687256,4771919641941,4771919724690,4771919754702,4771920197146,4771920409004,4771920409160,16,25.7747,8.55568,9.54685,0.82749,0.30012,4.42444,2.11858
908,1,0,1e+08,4771920435956,4771920829574,4771921600506,4771921676559,4771921708683,4771922148600,4771922374849,4771922374897,16,19.3894,3.93618,7.70932,0.76053,0.32124,4.39917,2.26249
909,1,0,1e+08,4771922412285,4771923137354,4771923938096,4771924032472,4771924062809,4771924510689,4771924795973,4771924796129,16,23.8384,7.25069,8.00742,0.94376,0.30337,4.4788,2.85284
910,1,0,1e+08,4771924854902,4771925365256,4771926158590,4771926269538,4771926310894,4771926769119,4771927023556,4771927023600,16,21.687,5.10354,7.93334,1.10948,0.41356,4.58225,2.54437
911,1,0,1e+08,4771927062969,4771927657186,4771928416095,4771928496223,4771928532611,4771928855707,4771929057147,4771929057255,16,19.9429,5.94217,7.58909,0.80128,0.36388,3.23096,2.0144
912,1,0,1e+08,4771929100219,4771929791026,4771930295574,4771930362690,4771930395502,4771930686018,4771930856702,4771930856738,16,17.5652,6.90807,5.04548,0.67116,0.32812,2.90516,1.70684
913,1,0,1e+08,4771930885774,4771932072500,4771932540024,4771932606664,4771932630680,4771932900172,4771933057900,4771933057940,16,21.7217,11.8673,4.67524,0.6664,0.24016,2.69492,1.57728
914,1,0,1e+08,4771933087712,4771933348992,4771933841380,4771933961196,4771933979344,4771934256308,4771934447040,4771934447072,16,13.5936,2.6128,4.92388,1.19816,0.18148,2.76964,1.90732
915,1,0,1e+08,4771934489408,4771935113078,4771935572318,4771935639210,4771935684054,4771935953774,4771936108986,4771936109094,16,16.1969,6.2367,4.5924,0.66892,0.44844,2.6972,1.55212
916,1,0,1e+08,4771936137766,4771937391572,4771937825124,4771937888292,4771937905460,4771938149764,4771938311892,4771938311920,16,21.7415,12.5381,4.33552,0.63168,0.17168,2.44304,1.62128
917,1,0,1e+08,4771938343840,4771938584928,4771939015940,4771939085080,4771939124936,4771939367288,4771939551932,4771939552040,16,12.082,2.41088,4.31012,0.6914,0.39856,2.42352,1.84644
918,1,0,1e+08,4771939592624,4771940346610,4771940763858,4771940827474,4771940891314,4771941119722,4771941273354,4771941273382,16,16.8076,7.53986,4.17248,0.63616,0.6384,2.28408,1.53632
919,1,0,1e+08,4771941304730,4771942607534,4771943044882,4771943111958,4771943130670,4771943352526,4771943499570,4771943499602,16,21.9487,13.028,4.37348,0.67076,0.18712,2.21856,1.47044
920,1,0,1e+08,4771943530758,4771943758994,4771944173762,4771944261018,4771944281134,4771944515138,4771944671342,4771944671370,16,11.4061,2.28236,4.14768,0.87256,0.20116,2.34004,1.56204
921,1,0,1e+08,4771945719678,4771945997764,4771946406844,4771946484940,4771946510292,4771946733056,4771946900220,4771946900252,16,11.8057,2.78086,4.0908,0.78096,0.25352,2.22764,1.67164
922,1,0,1e+08,4771947830900,4771948147060,4771948695524,4771948769540,4771948798672,4771949104412,4771949286712,4771949286748,16,14.5585,3.1616,5.48464,0.74016,0.29132,3.0574,1.823
923,1,0,1e+08,4771949679813,4771951944381,4771952607801,4771952687493,4771952710653,4771952966857,4771953159653,4771953159749,16,34.7994,22.6457,6.6342,0.79692,0.2316,2.56204,1.92796
924,1,0,1e+08,4771953195665,4771953442969,4771953879773,4771953946777,4771953978677,4771954255469,4771954413889,4771954413917,16,12.1825,2.47304,4.36804,0.67004,0.319,2.76792,1.5842
925,1,0,1e+08,4771954443025,4771956096469,4771956559169,4771956643197,4771956671565,4771956906009,4771957059969,4771957060069,16,26.1704,16.5344,4.627,0.84028,0.28368,2.34444,1.5396
926,1,0,1e+08,4771957090969,4771957331281,4771957760165,4771957828305,4771957844965,4771958079605,4771958229769,4771958229797,16,11.3883,2.40312,4.28884,0.6814,0.1666,2.3464,1.50164
927,1,0,1e+08,4771958261229,4771960561842,4771960965402,4771961037306,4771961054398,4771961270926,4771961428298,4771961428398,16,31.6717,23.0061,4.0356,0.71904,0.17092,2.16528,1.57372
928,1,0,1e+08,4771961461570,4771961750858,4771962176766,4771962245726,4771962289002,4771962504738,4771962660610,4771962660638,16,11.9907,2.89288,4.25908,0.6896,0.43276,2.15736,1.55872
929,1,0,1e+08,4771962692330,4771963568750,4771963974166,4771964046094,4771964091094,4771964312514,4771964487762,4771964487794,16,17.9546,8.7642,4.05416,0.71928,0.45,2.2142,1.75248
930,1,0,1e+08,4771964617686,4771965890940,4771966285984,4771966366956,4771966411280,4771966621156,4771966778556,4771966778584,16,21.609,12.7325,3.95044,0.80972,0.44324,2.09876,1.574
931,1,0,1e+08,4771967195127,4771967468265,4771967853757,4771967917185,4771967933581,4771968145813,4771968329429,4771968329549,16,11.3442,2.73138,3.85492,0.63428,0.16396,2.12232,1.83616
932,1,0,1e+08,4771969283681,4771969563102,4771969949886,4771970015874,4771970036162,4771970243102,4771970381822,4771970381850,16,10.9817,2.79421,3.86784,0.65988,0.20288,2.0694,1.3872
933,1,0,1e+08,4771971140216,4771971385461,4771971768841,4771971832065,4771971853337,4771972101501,4771972248137,4771972248261,16,11.0805,2.45245,3.8338,0.63224,0.21272,2.48164,1.46636
934,1,0,1e+08,4771973515679,4771973770164,4771974138932,4771974203392,4771974229180,4771974432256,4771974568928,4771974568956,16,10.5328,2.54485,3.68768,0.6446,0.25788,2.03076,1.36672
935,1,0,1e+08,4771975542693,4771975799089,4771976165245,4771976232773,4771976257349,4771976455081,4771976604813,4771976604845,16,10.6215,2.56396,3.66156,0.67528,0.24576,1.97732,1.49732
936,1,0,1e+08,4771977891436,4771978155902,4771978517534,4771978580466,4771978616234,4771978813566,4771978969086,4771978969110,16,10.7767,2.64466,3.61632,0.62932,0.35768,1.97332,1.5552
937,1,0,1e+08,4771980054894,4771980304464,4771980661544,4771980721476,4771980738436,4771980932000,4771981074644,4771981074676,16,10.1978,2.4957,3.5708,0.59932,0.1696,1.93564,1.42644
938,1,0,1e+08,4771982110918,4771982357479,4771982712651,4771982776291,4771982795399,4771982984155,4771983128635,4771983128659,16,10.1774,2.46561,3.55172,0.6364,0.19108,1.88756,1.4448
939,1,0,1e+08,4771984027278,4771984682080,4771985043544,4771985116608,4771985139060,4771985324320,4771985473640,4771985473720,16,14.4644,6.54802,3.61464,0.73064,0.22452,1.8526,1.4932
940,1,0,1e+08,4771986114257,4771986359707,4771986727919,4771986808639,4771986857451,4771987055363,4771987219251,4771987219275,16,11.0502,2.4545,3.68212,0.8072,0.48812,1.97912,1.63888
941,1,0,1e+08,4771988264123,4771988509767,4771988867463,4771988935787,4771988954471,4771989141683,4771989279875,4771989279983,16,10.1586,2.45644,3.57696,0.68324,0.18684,1.87212,1.38192
942,1,0,1e+08,4771989979755,4771990275508,4771990638864,4771990704960,4771990729372,4771990927516,4771991073812,4771991073840,16,10.9409,2.95753,3.63356,0.66096,0.24412,1.98144,1.46296
943,1,0,1e+08,4771991831849,4771992058213,4771992422609,4771992508549,4771992532385,4771992733137,4771992879945,4771992880081,16,10.4823,2.26364,3.64396,0.8594,0.23836,2.00752,1.46808
944,1,0,1e+08,4771994015869,4771994257745,4771994626269,4771994712765,4771994737641,4771994937369,4771995088093,4771995088117,16,10.7225,2.41876,3.68524,0.86496,0.24876,1.99728,1.50724
945,1,0,1e+08,4771995905201,4771996170978,4771996585854,4771996664982,4771996686686,4771996926990,4771997118110,4771997118142,16,12.1294,2.65777,4.14876,0.79128,0.21704,2.40304,1.9112
946,1,0,1e+08,4771997647969,4771997969803,4771998511439,4771998589143,4771998608571,4771998911271,4771999091427,4771999091459,16,14.4349,3.21834,5.41636,0.77704,0.19428,3.027,1.80156
947,1,0,1e+08,4771999288767,4772012417031,4772013053968,4772013110860,4772013136924,4772013353872,4772013475372,4772013475444,16,141.867,131.283,6.36937,0.56892,0.26064,2.16948,1.215
948,1,0,1e+08,4772013500208,4772013733916,4772014045652,4772014108352,4772014148932,4772014313416,4772014469272,4772014469292,16,9.69084,2.33708,3.11736,0.627,0.4058,1.64484,1.55856
949,1,0,1e+08,4772014500896,4772017257997,4772017804501,4772017862221,4772017915173,4772018124413,4772018255025,4772018255101,16,37.5421,27.571,5.46504,0.5772,0.52952,2.0924,1.30612
950,1,0,1e+08,4772018280337,4772020187099,4772020499095,4772020583671,4772020616723,4772020792171,4772020913355,4772020913375,16,26.3304,19.0676,3.11996,0.84576,0.33052,1.75448,1.21184
951,1,0,1e+08,4772020938811,4772021171415,4772021488335,4772021554643,4772021579635,4772021739503,4772021868503,4772021868527,16,9.29716,2.32604,3.1692,0.66308,0.24992,1.59868,1.29
952,1,0,1e+08,4772021898019,4772023833434,4772024923310,4772024992778,4772025016946,4772025299658,4772025461030,4772025461058,16,35.6304,19.3542,10.8988,0.69468,0.24168,2.82712,1.61372
953,1,0,1e+08,4772025497470,4772025732690,4772026098178,4772026182178,4772026201482,4772027040242,4772027273945,4772027274005,16,17.7653,2.3522,3.65488,0.84,0.19304,8.3876,2.33703
954,1,0,1e+08,4772027303341,4772027631261,4772028100845,4772028167717,4772028185557,4772028396333,4772028556373,4772028556393,16,12.5305,3.2792,4.69584,0.66872,0.1784,2.10776,1.6004
955,1,0,1e+08,4772028583673,4772029855364,4772031082724,4772031158028,4772031206708,4772031522572,4772031693756,4772031693900,16,31.1023,12.7169,12.2736,0.75304,0.4868,3.15864,1.71184
956,1,0,1e+08,4772031734368,4772031988756,4772033108275,4772033184644,4772033205500,4772033620100,4772033789784,4772033789812,16,20.5544,2.54388,11.1952,0.76369,0.20856,4.146,1.69684
957,1,0,1e+08,4772033822064,4772034098944,4772034472228,4772034538840,4772034580696,4772034775740,4772034939132,4772034939212,16,11.1715,2.7688,3.73284,0.66612,0.41856,1.95044,1.63392
958,1,0,1e+08,4772034973940,4772035723319,4772036038543,4772036109311,4772036127987,4772036285411,4772036416187,4772036416207,16,14.4227,7.49379,3.15224,0.70768,0.18676,1.57424,1.30776
959,1,0,1e+08,4772036445947,4772039408263,4772040580753,4772040711793,4772040731593,4772041009133,4772041193685,4772041193845,16,47.479,29.6232,11.7249,1.3104,0.198,2.7754,1.84552
960,1,0,1e+08,4772041227617,4772041448945,4772041791589,4772041892997,4772041941393,4772042105085,4772042293717,4772042293737,16,10.6612,2.21328,3.42644,1.01408,0.48396,1.63692,1.88632
961,1,0,1e+08,4772042338277,4772042822590,4772043145734,4772043229246,4772043250234,4772043413394,4772043569766,4772043569790,16,12.3151,4.84313,3.23144,0.83512,0.20988,1.6316,1.56372
962,1,0,1e+08,4772043600890,4772045076501,4772045409329,4772045503813,4772045527025,4772045687581,4772045827501,4772045827525,16,22.2663,14.7561,3.32828,0.94484,0.23212,1.60556,1.3992
963,1,0,1e+08,4772045858913,4772046081997,4772046438993,4772046535897,4772046560469,4772046747357,4772046923385,4772046923485,16,10.6457,2.23084,3.56996,0.96904,0.24572,1.86888,1.76028
964,1,0,1e+08,4772047137413,4772048179402,4772048536182,4772048635574,4772048657530,4772048833358,4772048983506,4772048983526,16,18.4611,10.4199,3.5678,0.99392,0.21956,1.75828,1.50148
965,1,0,1e+08,4772049138406,4772049333070,4772049668126,4772049729742,4772049748610,4772049930178,4772050060034,4772050060110,16,9.21704,1.94664,3.35056,0.61616,0.18868,1.81568,1.29856
966,1,0,1e+08,4772050749264,4772051108442,4772051510234,4772051587034,4772051606886,4772051799314,4772051963010,4772051963034,16,12.1377,3.59178,4.01792,0.768,0.19852,1.92428,1.63696
967,1,0,1e+08,4772052380948,4772052648910,4772053008846,4772053072610,4772053091490,4772053287946,4772053444546,4772053444578,16,10.6363,2.67962,3.59936,0.63764,0.1888,1.96456,1.566
968,1,0,1e+08,4772054845806,4772055696204,4772056066092,4772056158852,4772056177284,4772056371384,4772056548312,4772056548336,16,17.0253,8.50398,3.69888,0.9276,0.18432,1.941,1.76928
969,1,0,1e+08,4772056773440,4772057049409,4772057410549,4772057474261,4772057516089,4772057710789,4772057883389,4772057883417,16,11.0998,2.75969,3.6114,0.63712,0.41828,1.947,1.726
970,1,0,1e+08,4772058469245,4772058720245,4772059101205,4772059180685,4772059225845,4772059445633,4772059621489,4772059621517,16,11.5227,2.51,3.8096,0.7948,0.4516,2.19788,1.75856
971,1,0,1e+08,4772060171768,4772060504162,4772060970146,4772061048850,4772061096326,4772061312490,4772061497590,4772061497690,16,13.2592,3.32394,4.65984,0.78704,0.47476,2.16164,1.851
972,1,0,1e+08,4772062096745,4772063295397,4772063720753,4772063793477,4772063815385,4772064029057,4772064184313,4772064184337,16,20.8759,11.9865,4.25356,0.72724,0.21908,2.13672,1.55256
973,1,0,1e+08,4772064214845,4772064437109,4772064835161,4772064896161,4772064914441,4772065131633,4772065279253,4772065279357,16,10.6451,2.22264,3.98052,0.61,0.1828,2.17192,1.4762
974,1,0,1e+08,4772066515285,4772066767383,4772067144211,4772067206975,4772067232311,4772067439099,4772067583775,4772067583803,16,10.6852,2.52098,3.76828,0.62764,0.25336,2.06788,1.44676
975,1,0,1e+08,4772068723443,4772068979860,4772069353640,4772069419636,4772069438608,4772069639852,4772069779208,4772069779336,16,10.5589,2.56417,3.7378,0.65996,0.18972,2.01244,1.39356
976,1,0,1e+08,4772070388594,4772070875439,4772071268539,4772071338299,4772071364803,4772071572623,4772071740647,4772071740671,16,13.5208,4.86845,3.931,0.6976,0.26504,2.0782,1.68024
977,1,0,1e+08,4772072146290,4772085177643,4772085641463,4772085695419,4772085743419,4772085942291,4772086067335,4772086067363,16,139.211,130.314,4.6382,0.53956,0.48,1.98872,1.25044
978,1,0,1e+08,4772086094423,4772087851050,4772088179142,4772088231798,4772088301906,4772088467294,4772088585298,4772088585314,16,24.9089,17.5663,3.28092,0.52656,0.70108,1.65388,1.18004
979,1,0,1e+08,4772088609786,4772090428458,4772090764006,4772090835210,4772090868618,4772091055650,4772091176318,4772091176414,16,25.6663,18.1867,3.35548,0.71204,0.33408,1.87032,1.20668
980,1,0,1e+08,4772091201946,4772093091508,4772094321446,4772094433606,4772094478066,4772094770290,4772094921330,4772094921358,16,37.1941,18.8956,12.2994,1.1216,0.4446,2.92224,1.5104
981,1,0,1e+08,4772094950938,4772095191418,4772095547466,4772095614274,4772095644562,4772096427462,4772096692045,4772096692205,16,17.4127,2.4048,3.56048,0.66808,0.30288,7.829,2.64583
982,1,0,1e+08,4772096726653,4772098025703,4772098577187,4772098647411,4772098668571,4772098981719,4772099183759,4772099183795,16,24.5714,12.9905,5.51484,0.70224,0.2116,3.13148,2.0204
983,1,0,1e+08,4772099216819,4772099510471,4772100081795,4772100152443,4772100179847,4772100517407,4772100700811,4772100700851,16,14.8403,2.93652,5.71324,0.70648,0.27404,3.3756,1.83404
984,1,0,1e+08,4772100734251,4772102700669,4772103221177,4772103282841,4772103304333,4772103506997,4772103636797,4772103636817,16,29.0257,19.6642,5.20508,0.61664,0.21492,2.02664,1.298
985,1,0,1e+08,4772103665617,4772103877609,4772104190317,4772104250369,4772104287141,4772104446461,4772104593701,4772104593725,16,9.28108,2.11992,3.12708,0.60052,0.36772,1.5932,1.4724
986,1,0,1e+08,4772104626161,4772105578537,4772105936821,4772105998917,4772106015513,4772106664116,4772107020522,4772107020594,16,23.9443,9.52376,3.58284,0.62096,0.16596,6.48603,3.56406
987,1,0,1e+08,4772107051862,4772108195379,4772108559815,4772108630463,4772108651575,4772108816155,4772108951003,4772108951099,16,18.9924,11.4352,3.64436,0.70648,0.21112,1.6458,1.34848
988,1,0,1e+08,4772108979415,4772109201487,4772109522391,4772109585431,4772109634187,4772109821087,4772109985571,4772109985595,16,10.0618,2.22072,3.20904,0.6304,0.48756,1.869,1.64484
989,1,0,1e+08,4772110021303,4772111241806,4772111558694,4772111671186,4772111691194,4772111858994,4772112000802,4772112000906,16,19.796,12.205,3.16888,1.12492,0.20008,1.678,1.41808
990,1,0,1e+08,4772112030130,4772112227486,4772112574334,4772112641514,4772112703610,4772112910030,4772113085390,4772113085410,16,10.5528,1.97356,3.46848,0.6718,0.62096,2.0642,1.7536
991,1,0,1e+08,4772113120438,4772114457839,4772114795647,4772114872067,4772114892859,4772115107611,4772115271603,4772115271699,16,21.5126,13.374,3.37808,0.7642,0.20792,2.14752,1.63992
992,1,0,1e+08,4772115305695,4772115549315,4772115907183,4772115989019,4772116008275,4772116193223,4772116320831,4772116320855,16,10.1516,2.4362,3.57868,0.81836,0.19256,1.84948,1.27608
993,1,0,1e+08,4772116352927,4772117548332,4772117917380,4772117999788,4772118019564,4772118199940,4772118364312,4772118364340,16,20.1141,11.9541,3.69048,0.82408,0.19776,1.80376,1.64372
994,1,0,1e+08,4772118605037,4772118850378,4772119197598,4772119259714,4772119289494,4772119473594,4772119613834,4772119613858,16,10.0882,2.45341,3.4722,0.62116,0.2978,1.841,1.4024
995,1,0,1e+08,4772121041247,4772121263307,4772121608515,4772121680387,4772121698907,4772121883611,4772122019395,4772122019491,16,9.78244,2.2206,3.45208,0.71872,0.1852,1.84704,1.35784
996,1,0,1e+08,4772123346489,4772123552775,4772123879759,4772123938747,4772124000535,4772124184255,4772124347471,4772124347495,16,10.0101,2.06286,3.26984,0.58988,0.61788,1.8372,1.63216
997,1,0,1e+08,4772125765853,4772125967705,4772126299945,4772126375549,4772126395497,4772126570721,4772126709677,4772126709785,16,9.43932,2.01852,3.3224,0.75604,0.19948,1.75224,1.38956
998,1,0,1e+08,4772127903502,4772128167216,4772128500680,4772128557560,4772128576772,4772128762132,4772128927312,4772128927336,16,10.2383,2.63714,3.33464,0.5688,0.19212,1.8536,1.6518
999,1,0,1e+08,4772130072738,4772130280094,4772130616314,4772130678298,4772130714722,4772130897074,4772131038286,4772131038314,16,9.65576,2.07356,3.3622,0.61984,0.36424,1.82352,1.41212
1000,1,0,1e+08,4772132147959,4772132370313,4772132714661,4772132777093,4772132793753,4772132980013,4772133119273,4772133119297,16,9.71338,2.22354,3.44348,0.62432,0.1666,1.8626,1.3926
1001,1,0,1e+08,4772133796351,4772134270766,4772134657406,4772134737546,4772134757334,4772134949670,4772135112050,4772135112082,16,13.1573,4.74415,3.8664,0.8014,0.19788,1.92336,1.6238
1002,1,0,1e+08,4772135492230,4772135769606,4772136128602,4772136189714,4772136206526,4772136402454,4772136548850,4772136548874,16,10.5664,2.77376,3.58996,0.61112,0.16812,1.95928,1.46396
1003,1,0,1e+08,4772137722091,4772138786258,4772139138150,4772139214142,4772139239382,4772139425766,4772139583618,4772139583726,16,18.6164,10.6417,3.51892,0.75992,0.2524,1.86384,1.57852
1004,1,0,1e+08,4772140010187,4772140261389,4772140614257,4772140676221,4772140705749,4772140892713,4772141050341,4772141050365,16,10.4018,2.51202,3.52868,0.61964,0.29528,1.86964,1.57628
1005,1,0,1e+08,4772142351284,4772142562676,4772142904232,4772142966456,4772143008944,4772143189360,4772143329296,4772143329420,16,9.78136,2.11392,3.41556,0.62224,0.42488,1.80416,1.39936
1006,1,0,1e+08,4772144558441,4772144795942,4772145143562,4772145215210,4772145242046,4772145441606,4772145621918,4772145621942,16,10.635,2.37501,3.4762,0.71648,0.26836,1.9956,1.80312
1007,1,0,1e+08,4772146279674,4772146605898,4772147037930,4772147104466,4772147122118,4772147357066,4772147526234,4772147526350,16,12.4668,3.26224,4.32032,0.66536,0.17652,2.34948,1.69168
1008,1,0,1e+08,4772147858692,4772161311113,4772163554811,4772163805118,4772163856573,4772165128894,4772165742280,4772165742415,16,178.837,134.524,22.437,2.50307,0.51455,12.7232,6.13386
1009,1,0,1e+08,4772165802888,4772168409116,4772170655574,4772170759057,4772170787317,4772171428252,4772171731674,4772171731762,16,59.2887,26.0623,22.4646,1.03483,0.2826,6.40935,3.03422
1010,1,0,1e+08,4772171771641,4772174186226,4772174782014,4772174841222,4772174861826,4772175096866,4772175225586,4772175225614,16,34.5397,24.1458,5.95788,0.59208,0.20604,2.3504,1.2872
1011,1,0,1e+08,4772175252122,4772177423761,4772177793709,4772177862461,4772177880749,4772178077445,4772178203077,4772178203173,16,29.5105,21.7164,3.69948,0.68752,0.18288,1.96696,1.25632
1012,1,0,1e+08,4772178228277,4772178452257,4772178838089,4772178897369,4772178926105,4772179137765,4772179297069,4772179297097,16,10.6882,2.2398,3.85832,0.5928,0.28736,2.1166,1.59304
1013,1,0,1e+08,4772179329709,4772181826149,4772182236673,4772182337721,4772182362845,4772182606253,4772182753265,4772182753345,16,34.2364,24.9644,4.10524,1.01048,0.25124,2.43408,1.47012
1014,1,0,1e+08,4772182785269,4772183041713,4772183416953,4772183483657,4772183547193,4772183745361,4772183912437,4772183912461,16,11.2719,2.56444,3.7524,0.66704,0.63536,1.98168,1.67076
1015,1,0,1e+08,4772183945241,4772185199071,4772185573639,4772185650239,4772185678135,4772185875267,4772186032695,4772186032727,16,20.8749,12.5383,3.74568,0.766,0.27896,1.97132,1.57428
1016,1,0,1e+08,4772186066191,4772186295359,4772186690883,4772186760275,4772186801523,4772187005343,4772187148591,4772187148619,16,10.8243,2.29168,3.95524,0.69392,0.41248,2.0382,1.43248
1017,1,0,1e+08,4772187175839,4772188371901,4772188766857,4772188854993,4772188899145,4772189118273,4772189283717,4772189283749,16,21.0791,11.9606,3.94956,0.88136,0.44152,2.19128,1.65444
1018,1,0,1e+08,4772189317301,4772189551105,4772189931469,4772189993673,4772190024365,4772190226237,4772190365493,4772190365517,16,10.4822,2.33804,3.80364,0.62204,0.30692,2.01872,1.39256
1019,1,0,1e+08,4772190391049,4772191568334,4772191952390,4772192027282,4772192048758,4772192244774,4772192382642,4772192382734,16,19.9169,11.7729,3.84056,0.74892,0.21476,1.96016,1.37868
1020,1,0,1e+08,4772192412786,4772192634362,4772193008986,4772193072826,4772193118702,4772193319950,4772193468566,4772193468594,16,10.5581,2.21576,3.74624,0.6384,0.45876,2.01248,1.48616
1021,1,0,1e+08,4772193501958,4772194824029,4772195198765,4772195284373,4772195327921,4772195526041,4772195668889,4772195669005,16,21.6705,13.2207,3.74736,0.85608,0.43548,1.9812,1.42848
1022,1,0,1e+08,4772195698361,4772195916085,4772196301513,4772196374837,4772196399613,4772196602481,4772196738057,4772196738081,16,10.3972,2.17724,3.85428,0.73324,0.24776,2.02868,1.35576
1023,1,0,1e+08,4772197476963,4772197860784,4772198257356,4772198334872,4772198383012,4772198589928,4772198765820,4772198765924,16,12.8896,3.83821,3.96572,0.77516,0.4814,2.06916,1.75892
1024,1,0,1e+08,4772199140422,4772199402999,4772199876103,4772199943067,4772199960039,4772200219383,4772200415091,4772200415123,16,12.747,2.62577,4.73104,0.66964,0.16972,2.59344,1.95708
1025,1,0,1e+08,4772200836462,4772201196242,4772201732790,4772201844758,4772201892830,4772202212058,4772202408686,4772202408726,16,15.7226,3.5978,5.36548,1.11968,0.48072,3.19228,1.96628
1026,1,0,1e+08,4772202504466,4772215624259,4772216128131,4772216181591,4772216228435,4772216437431,4772216562399,4772216562419,16,140.58,131.198,5.03872,0.5346,0.46844,2.08996,1.24968
1027,1,0,1e+08,4772216588619,4772218474677,4772218886713,4772218940261,4772219001945,4772219200169,4772219317957,4772219318025,16,27.2941,18.8606,4.12036,0.53548,0.61684,1.98224,1.17788
1028,1,0,1e+08,4772219343561,4772221240068,4772221674744,4772221740200,4772221784256,4772222013708,4772222137464,4772222137484,16,27.9392,18.9651,4.34676,0.65456,0.44056,2.29452,1.23756
1029,1,0,1e+08,4772222163408,4772224094852,4772224501116,4772224572164,4772224617764,4772224825568,4772224949752,4772224949828,16,27.8642,19.3144,4.06264,0.71048,0.456,2.07804,1.24184
1030,1,0,1e+08,4772224976412,4772225214472,4772225526376,4772225589420,4772225617716,4772225775100,4772225931424,4772225931444,16,9.55032,2.3806,3.11904,0.63044,0.28296,1.57384,1.56324
1031,1,0,1e+08,4772225963868,4772227791848,4772228135072,4772228204424,4772228255680,4772228441684,4772228572256,4772228572276,16,26.0841,18.2798,3.43224,0.69352,0.51256,1.86004,1.30572
1032,1,0,1e+08,4772228601880,4772228836160,4772229153432,4772229213844,4772229250464,4772229408144,4772229540692,4772229540712,16,9.38832,2.3428,3.17272,0.60412,0.3662,1.5768,1.32548
1033,1,0,1e+08,4772229571552,4772230891016,4772231229960,4772231308804,4772231342028,4772231505100,4772231644320,4772231644344,16,20.7279,13.1946,3.38944,0.78844,0.33224,1.63072,1.3922
1034,1,0,1e+08,4772231673252,4772231864304,4772232186344,4772232256768,4772232279180,4772232442748,4772232581692,4772232581716,16,9.08464,1.91052,3.2204,0.70424,0.22412,1.63568,1.38944
1035,1,0,1e+08,4772232610780,4772233962315,4772234281531,4772234354235,4772234374767,4772234543299,4772234689871,4772234690007,16,20.7923,13.5153,3.19216,0.72704,0.20532,1.68532,1.46572
1036,1,0,1e+08,4772234723043,4772234932887,4772235289703,4772235368223,4772235387263,4772235573387,4772235742303,4772235742327,16,10.1928,2.09844,3.56816,0.7852,0.1904,1.86124,1.68916
1037,1,0,1e+08,4772235771203,4772237086569,4772237455321,4772237539813,4772237573117,4772237758101,4772237899177,4772237899301,16,21.281,13.1537,3.68752,0.84492,0.33304,1.84984,1.41076
1038,1,0,1e+08,4772237929549,4772238144313,4772238494197,4772238554205,4772238572297,4772238756685,4772238897629,4772238897653,16,9.68104,2.14764,3.49884,0.60008,0.18092,1.84388,1.40944
1039,1,0,1e+08,4772238931321,4772240159762,4772240508842,4772240581954,4772240601930,4772240791238,4772240930566,4772240930654,16,19.9933,12.2844,3.4908,0.73112,0.19976,1.89308,1.39328
1040,1,0,1e+08,4772240959326,4772241166386,4772241551902,4772241635474,4772241678046,4772241873234,4772242033702,4772242033726,16,10.744,2.0706,3.85516,0.83572,0.42572,1.95188,1.60468
1041,1,0,1e+08,4772242165934,4772243297202,4772243665482,4772243740730,4772243783294,4772243987650,4772244153086,4772244153118,16,19.8718,11.3127,3.6828,0.75248,0.42564,2.04356,1.65436
1042,1,0,1e+08,4772244653796,4772244875072,4772245239572,4772245301332,4772245322240,4772245534692,4772245712128,4772245712152,16,10.5836,2.21276,3.645,0.6176,0.20908,2.12452,1.77436
1043,1,0,1e+08,4772246912194,4772247168322,4772247526290,4772247588734,4772247631378,4772247821462,4772247972354,4772247972478,16,10.6028,2.56128,3.57968,0.62444,0.42644,1.90084,1.50892
1044,1,0,1e+08,4772249189302,4772249446488,4772249796608,4772249857296,4772249876656,4772250063944,4772250219148,4772250219176,16,10.2987,2.57186,3.5012,0.60688,0.1936,1.87288,1.55204
1045,1,0,1e+08,4772251490186,4772251756330,4772252106090,4772252171714,4772252190966,4772252376646,4772252511874,4772252511970,16,10.2178,2.66144,3.4976,0.65624,0.19252,1.8568,1.35228
1046,1,0,1e+08,4772253356184,4772253593041,4772253946073,4772254012737,4772254030101,4772254217961,4772254349361,4772254349385,16,9.93201,2.36857,3.53032,0.66664,0.17364,1.8786,1.314
1047,1,0,1e+08,4772255054552,4772255400690,4772255822326,4772255905154,4772255936426,4772256165370,4772256347478,4772256347514,16,12.9296,3.46138,4.21636,0.82828,0.31272,2.28944,1.82108
1048,1,0,1e+08,4772256736819,4772269949954,4772270419822,4772270473550,4772270521466,4772270740190,4772270867106,4772270867122,16,141.303,132.131,4.69868,0.53728,0.47916,2.18724,1.26916
1049,1,0,1e+08,4772270892374,4772272738864,4772273143740,4772273197396,4772273245444,4772273443852,4772273562084,4772273562104,16,26.6973,18.4649,4.04876,0.53656,0.48048,1.98408,1.18232
1050,1,0,1e+08,4772273588264,4772275365775,4772275671587,4772275737291,4772275798051,4772275962519,4772276083067,4772276083087,16,24.9482,17.7751,3.05812,0.65704,0.6076,1.64468,1.20548
1051,1,0,1e+08,4772276108571,4772277927719,4772279101296,4772279175892,4772279237444,4772279589212,4772279746960,4772279747076,16,36.385,18.1915,11.7358,0.74596,0.61552,3.51768,1.57748
1052,1,0,1e+08,4772279772756,4772280051028,4772280418940,4772280484920,4772280515476,4772280681780,4772280817060,4772280817084,16,10.4433,2.78272,3.67912,0.6598,0.30556,1.66304,1.3528
1053,1,0,1e+08,4772280846228,4772282554807,4772282912899,4772283006079,4772283029215,4772283188863,4772283352243,4772283352335,16,25.0611,17.0858,3.58092,0.9318,0.23136,1.59648,1.6338
1054,1,0,1e+08,4772283380907,4772283646111,4772283956671,4772284018743,4772284074559,4772284234839,4772284392683,4772284392703,16,10.118,2.65204,3.1056,0.62072,0.55816,1.6028,1.57844
1055,1,0,1e+08,4772284422783,4772285652558,4772286866599,4772286943544,4772286970140,4772287313744,4772287486664,4772287486804,16,30.6402,12.2977,12.1404,0.76945,0.26596,3.43604,1.7292
1056,1,0,1e+08,4772287519936,4772287771828,4772288145052,4772288213380,4772288237776,4772288405344,4772288563888,4772288563908,16,10.4397,2.51892,3.73224,0.68328,0.24396,1.67568,1.58544
1057,1,0,1e+08,4772288601464,4772289162400,4772289495064,4772289576856,4772289599684,4772290421356,4772290645986,4772290646046,16,20.4458,5.60936,3.32664,0.81792,0.22828,8.21672,2.2463
1058,1,0,1e+08,4772290680886,4772291690922,4772292069514,4772292156914,4772292188078,4772292352826,4772292507138,4772292507158,16,18.2627,10.1004,3.78592,0.874,0.31164,1.64748,1.54312
1059,1,0,1e+08,4772292535426,4772293985894,4772294328986,4772294410134,4772294441658,4772295241868,4772295504386,4772295504534,16,29.6911,14.5047,3.43092,0.81148,0.31524,8.0021,2.62518
1060,1,0,1e+08,4772295537446,4772295889556,4772296381504,4772296460812,4772296484584,4772296703924,4772296866980,4772296867000,16,13.2955,3.5211,4.91948,0.79308,0.23772,2.1934,1.63056
1061,1,0,1e+08,4772296904020,4772299767354,4772301286358,4772301387814,4772301409426,4772301807148,4772301962900,4772301962992,16,50.5897,28.6333,15.19,1.01456,0.21612,3.97722,1.55752
1062,1,0,1e+08,4772301992940,4772302842392,4772303577174,4772303654086,4772303687182,4772303953622,4772304105354,4772304105382,16,21.1244,8.49452,7.34782,0.76912,0.33096,2.6644,1.51732
1063,1,0,1e+08,4772304143486,4772305497779,4772306404232,4772306479616,4772306515444,4772306781744,4772306983116,4772306983148,16,28.3966,13.5429,9.06453,0.75384,0.35828,2.663,2.01372
1064,1,0,1e+08,4772307020692,4772307694376,4772308009788,4772308078192,4772308113428,4772308323056,4772308472428,4772308472448,16,14.5176,6.73684,3.15412,0.68404,0.35236,2.09628,1.49372
1065,1,0,1e+08,4772308503176,4772310456357,4772311239188,4772311316968,4772311338080,4772311679724,4772311847896,4772311847928,16,33.4475,19.5318,7.82831,0.7778,0.21112,3.41644,1.68172
1066,1,0,1e+08,4772311883444,4772312132988,4772312493752,4772312566796,4772312594248,4772312885871,4772313364322,4772313364394,16,14.8095,2.49544,3.60764,0.73044,0.27452,2.91623,4.78451
1067,1,0,1e+08,4772313401797,4772313812228,4772314348892,4772314412020,4772314457008,4772314681052,4772314833960,4772314834096,16,14.323,4.10431,5.36664,0.63128,0.44988,2.24044,1.52908
1068,1,0,1e+08,4772314868932,4772315936114,4772316249878,4772316316074,4772316339502,4772316496018,4772316628246,4772316628266,16,17.5933,10.6718,3.13764,0.66196,0.23428,1.56516,1.32228
1069,1,0,1e+08,4772316656910,4772319706583,4772320059715,4772320132559,4772320168203,4772320325419,4772320457391,4772320457483,16,38.0057,30.4967,3.53132,0.72844,0.35644,1.57216,1.31972
1070,1,0,1e+08,4772320486527,4772320678995,4772321001147,4772321069539,4772321088391,4772321246251,4772321373735,4772321373755,16,8.87228,1.92468,3.22152,0.68392,0.18852,1.5786,1.27484
1071,1,0,1e+08,4772321402683,4772322870974,4772323227274,4772323308342,4772323329182,4772323492650,4772323648130,4772323648198,16,22.4551,14.6829,3.563,0.81068,0.2084,1.63468,1.5548
1072,1,0,1e+08,4772323684634,4772323892066,4772324211762,4772324272218,4772324298566,4772324460070,4772324598654,4772324598674,16,9.1404,2.07432,3.19696,0.60456,0.26348,1.61504,1.38584
1073,1,0,1e+08,4772324628026,4772326067483,4772326418819,4772326490383,4772326528467,4772326692403,4772326834235,4772326834263,16,22.0624,14.3946,3.51336,0.71564,0.38084,1.63936,1.41832
1074,1,0,1e+08,4772326864463,4772327068647,4772327396263,4772327460199,4772327495823,4772327674135,4772327819011,4772327819035,16,9.54572,2.04184,3.27616,0.63936,0.35624,1.78312,1.44876
1075,1,0,1e+08,4772327851007,4772329183332,4772329522024,4772329599804,4772329629252,4772329800696,4772329936964,4772329937080,16,20.8607,13.3232,3.38692,0.7778,0.29448,1.71444,1.36268
1076,1,0,1e+08,4772329966464,4772330175428,4772330527872,4772330595740,4772330614896,4772330799520,4772330941784,4772330941808,16,9.75344,2.08964,3.52444,0.67868,0.19156,1.84624,1.42264
1077,1,0,1e+08,4772331686403,4772332380984,4772332734408,4772332818612,4772332842228,4772333023388,4772333164160,4772333164240,16,14.7784,6.94581,3.53424,0.84204,0.23616,1.8116,1.40772
1078,1,0,1e+08,4772334142679,4772334370959,4772334722231,4772334796639,4772334827347,4772335015839,4772335171755,4772335171779,16,10.291,2.2828,3.51272,0.74408,0.30708,1.88492,1.55916
1079,1,0,1e+08,4772336629074,4772336865642,4772337199990,4772337265334,4772337285990,4772337465406,4772337609506,4772337609534,16,9.8046,2.36568,3.34348,0.65344,0.20656,1.79416,1.441
1080,1,0,1e+08,4772338711088,4772338959882,4772339298502,4772339372886,4772339411838,4772339602302,4772339765406,4772339765430,16,10.5434,2.48794,3.3862,0.74384,0.38952,1.90464,1.63104
1081,1,0,1e+08,4772340430690,4772340696018,4772341037954,4772341104362,4772341133002,4772341317874,4772341461146,4772341461174,16,10.3048,2.65328,3.41936,0.66408,0.2864,1.84872,1.43272
1082,1,0,1e+08,4772342226379,4772342473471,4772342833871,4772342905443,4772342923823,4772343114151,4772343278487,4772343278507,16,10.5213,2.47092,3.604,0.71572,0.1838,1.90328,1.64336
1083,1,0,1e+08,4772343767965,4772344844484,4772345285692,4772345363352,4772345380088,4772345576892,4772345715424,4772345715536,16,19.4757,10.7652,4.41208,0.7766,0.16736,1.96804,1.38532
1084,1,0,1e+08,4772345742944,4772358764677,4772359230169,4772359284301,4772359354109,4772359560437,4772359689869,4772359689889,16,139.469,130.217,4.65492,0.54132,0.69808,2.06328,1.29432
1085,1,0,1e+08,4772359742857,4772361525077,4772361941885,4772361997889,4772362016865,4772362219577,4772362337201,4772362337269,16,25.9441,17.8222,4.16808,0.56004,0.18976,2.02712,1.17624
1086,1,0,1e+08,4772362363357,4772364146670,4772364499218,4772364675482,4772364769266,4772365655989,4772365866653,4772365866701,16,35.0334,17.8331,3.52548,1.76264,0.93784,8.86723,2.10664
1087,1,0,1e+08,4772365893829,4772367721651,4772368035111,4772368103755,4772368154279,4772368328959,4772368453423,4772368453499,16,25.5967,18.2782,3.1346,0.68644,0.50524,1.7468,1.24464
1088,1,0,1e+08,4772368479655,4772368713371,4772369026759,4772369093083,4772369126951,4772369283355,4772369421551,4772369421571,16,9.41916,2.33716,3.13388,0.66324,0.33868,1.56404,1.38196
1089,1,0,1e+08,4772369453095,4772371271573,4772371631281,4772371708117,4772371730877,4772371890873,4772372045641,4772372045665,16,25.9257,18.1848,3.59708,0.76836,0.2276,1.59996,1.54768
1090,1,0,1e+08,4772372079525,4772372316585,4772372630977,4772372692741,4772372734197,4772372900981,4772373039885,4772373039905,16,9.6038,2.3706,3.14392,0.61764,0.41456,1.66784,1.38904
1091,1,0,1e+08,4772373068949,4772374389001,4772374706085,4772374783737,4772374803857,4772374959989,4772375093761,4772375093885,16,20.2494,13.2005,3.17084,0.77652,0.2012,1.56132,1.33772
1092,1,0,1e+08,4772375123689,4772375366641,4772375700893,4772375793561,4772375810569,4772375972605,4772376103293,4772376103313,16,9.79624,2.42952,3.34252,0.92668,0.17008,1.62036,1.30688
1093,1,0,1e+08,4772376134649,4772377495643,4772378729684,4772378803964,4772378848648,4772379161576,4772379316052,4772379316160,16,31.8151,13.6099,12.3404,0.7428,0.44684,3.12928,1.54476
1094,1,0,1e+08,4772379344544,4772379577288,4772379960124,4772380026312,4772380050728,4772380208900,4772380364640,4772380364660,16,10.2012,2.32744,3.82836,0.66188,0.24416,1.58172,1.5574
1095,1,0,1e+08,4772380394136,4772382393227,4772382741951,4772382823727,4772382847563,4772383594418,4772383890486,4772383890546,16,34.9641,19.9909,3.48724,0.81776,0.23836,7.46855,2.96068
1096,1,0,1e+08,4772383927371,4772384318548,4772384830640,4772384905584,4772384927308,4772385140384,4772385302028,4772385302052,16,13.7468,3.91177,5.12092,0.74944,0.21724,2.13076,1.61644
1097,1,0,1e+08,4772385337904,4772385895489,4772386225705,4772386301189,4772386338793,4772386513701,4772386667745,4772386667773,16,13.2987,5.57585,3.30216,0.75484,0.37604,1.74908,1.54044
1098,1,0,1e+08,4772386698045,4772389608778,4772389933062,4772390003802,4772390039250,4772390216834,4772390365494,4772390365518,16,36.6747,29.1073,3.24284,0.7074,0.35448,1.77584,1.4866
1099,1,0,1e+08,4772390394638,4772390616322,4772390952918,4772391022266,4772391042550,4772391227994,4772391370978,4772391371074,16,9.76436,2.21684,3.36596,0.69348,0.20284,1.85444,1.42984
1100,1,0,1e+08,4772391405074,4772392816024,4772393160352,4772393265700,4772393287740,4772393449132,4772393605336,4772393605360,16,22.0029,14.1095,3.44328,1.05348,0.2204,1.61392,1.56204
1101,1,0,1e+08,4772393641796,4772393878388,4772394214664,4772394276616,4772394314464,4772394488156,4772394630576,4772394630684,16,9.88888,2.36592,3.36276,0.61952,0.37848,1.73692,1.4242
1102,1,0,1e+08,4772394659480,4772396076513,4772396423553,4772396495209,4772396517909,4772396700809,4772396841933,4772396841965,16,21.8249,14.1703,3.4704,0.71656,0.227,1.829,1.41124
1103,1,0,1e+08,4772396879969,4772397093749,4772397473121,4772397544873,4772397562333,4772397755009,4772397917417,4772397917537,16,10.3757,2.1378,3.79372,0.71752,0.1746,1.92676,1.62408
1104,1,0,1e+08,4772397956377,4772399256210,4772399618962,4772399692742,4772399713862,4772399903870,4772400064162,4772400064190,16,21.0781,12.9983,3.62752,0.7378,0.2112,1.90008,1.60292
1105,1,0,1e+08,4772400097526,4772400318618,4772400699294,4772400763346,4772400802558,4772400999154,4772401143098,4772401143130,16,10.456,2.21092,3.80676,0.64052,0.39212,1.96596,1.43944
1106,1,0,1e+08,4772401171858,4772414362461,4772414832453,4772414886261,4772414934453,4772415141029,4772415259817,4772415259837,16,140.88,131.906,4.69992,0.53808,0.48192,2.06576,1.18788
1107,1,0,1e+08,4772415285401,4772417020818,4772417311830,4772417364254,4772417414702,4772417603058,4772417720390,4772417720462,16,24.3506,17.3542,2.91012,0.52424,0.50448,1.88356,1.17332
1108,1,0,1e+08,4772417746498,4772419497123,4772419831111,4772419899259,4772419949219,4772420143463,4772420277455,4772420277475,16,25.3098,17.5063,3.33988,0.68148,0.4996,1.94244,1.33992
1109,1,0,1e+08,4772420303155,4772422100771,4772422447091,4772422509867,4772422559287,4772423372950,4772423649814,4772423649982,16,33.4683,17.9762,3.4632,0.62776,0.4942,8.13663,2.76864
1110,1,0,1e+08,4772423678722,4772424083516,4772424566684,4772424633828,4772424661020,4772424865812,4772425002576,4772425002600,16,13.2388,4.04794,4.83168,0.67144,0.27192,2.04792,1.36764
1111,1,0,1e+08,4772425031928,4772426559524,4772426871660,4772426953016,4772426974704,4772427133536,4772427267248,4772427267272,16,22.3534,15.276,3.12136,0.81356,0.21688,1.58832,1.33712
1112,1,0,1e+08,4772427308808,4772427508360,4772427838952,4772427910912,4772427929000,4772428084636,4772428208492,4772428208512,16,8.99704,1.99552,3.30592,0.7196,0.18088,1.55636,1.23856
1113,1,0,1e+08,4772428235848,4772429797850,4772430960478,4772431039086,4772431065454,4772431380886,4772431533374,4772431533410,16,32.9756,15.62,11.6263,0.78608,0.26368,3.15432,1.52488
1114,1,0,1e+08,4772431565662,4772431809910,4772432195786,4772432258846,4772432275810,4772432722600,4772433137390,4772433137458,16,15.718,2.44248,3.85876,0.6306,0.16964,4.4679,4.1479
