frame,surf_acquire,vp_total,vp_setup,vp_create_view,vp_set_stream,vp_setter_fmt,vp_setter_src_rect,vp_setter_dst_rect,vp_blt,vp_submit_window,vp_range_pass,vp_chart_blend,vp_gauge_blend,vp_map_blend,vp_hud_compute,vp_release_view,amf_create_surface,amf_submit_input,amf_query,amf_packet_write,process_frame_total,pool_index,decoder_tex_id,vp_out_tex_id,array_index,setters_skipped,state_sig,amf_submitted,amf_received,amf_query_calls,amf_outputs,submit_result,query_result,decoder_copy
0,0.0473,11.2423,0.0155,0.0028,0.0125,0.0102,0.0011,0.0008,4.4229,11.2135,0.0143,6.2368,0.1176,0.4169,0.0043,0.0115,0.0211,7.4901,0.0079,0,18.8125,0,283621152,355250144,0,0,116476604,1,0,1,0,0,24,0
1,0.0435,1.0845,0.5578,0.0025,0.5551,0.5499,0.0038,0.001,0.2213,0.5208,0.0199,0.1369,0.0376,0.1027,0.0021,0.0052,0.0142,26.3921,0.0097,0,27.5469,1,283621152,355255776,1,0,116476604,2,0,1,0,0,24,0
2,0.176,5.307,2.2084,0.0177,2.1898,2.1355,0.0434,0.0046,1.3282,3.0601,0.0333,0.9031,0.4145,0.3674,0.0105,0.0357,0.0418,2.3748,0.6335,0.9269,10.1733,2,283621152,355246624,2,0,116476604,3,1,1,1,0,0,0
3,0.062,1.8885,0.9767,0.0029,0.9735,0.9632,0.0077,0.0013,0.3653,0.9002,0.0149,0.2228,0.0954,0.1966,0.0042,0.0105,0.0219,25.1592,0.2078,0.355,27.9033,3,283621152,355249440,0,0,116476604,4,2,1,1,0,0,0
4,0.043,1.2533,0.625,0.0023,0.6224,0.6146,0.0061,0.0007,0.2382,0.6146,0.0096,0.149,0.0716,0.1431,0.0027,0.0124,0.021,0.8896,0.0103,0,2.2203,4,283621152,355242400,1,0,116476604,5,2,1,0,0,24,0
5,0.053,1.4272,0.8173,0.0032,0.8137,0.8044,0.0076,0.0012,0.3242,0.5957,0.0094,0.0899,0.057,0.1121,0.0026,0.0129,0.0212,1.0176,0.2218,0.3403,3.3451,5,283621152,283608480,2,0,116476604,6,3,1,1,0,0,0
6,0.048,2.2235,0.8312,0.003,0.828,0.8167,0.0084,0.0014,0.5808,1.3832,0.0201,0.2866,0.1625,0.3295,0.0033,0.008,0.0169,24.1412,0.3731,0.3623,27.3733,0,283621152,355250144,0,0,116476604,7,4,1,1,0,0,0
7,0.0991,3.2991,2.111,0.0048,2.1058,2.083,0.0175,0.0027,0.687,1.1594,0.0312,0.1977,0.0615,0.1662,0.0151,0.0265,0.0453,1.2575,0.0143,0,4.7199,1,283621152,355255776,1,0,116476604,8,4,1,0,0,24,0
8,0.1153,2.533,1.5995,0.0047,1.5943,1.5741,0.0163,0.0018,0.4418,0.9198,0.018,0.1615,0.0968,0.197,0.0039,0.0123,0.0264,0.8449,0.2802,0.2705,4.3099,2,283621152,355246624,2,0,116476604,9,5,1,1,0,0,0
9,0.0854,2.073,1.2113,0.0036,1.2071,1.1935,0.0117,0.0007,0.3925,0.8519,0.0319,0.2102,0.0875,0.1266,0.0026,0.0083,0.0246,1.2176,0.3693,0.5019,4.661,3,283621152,355249440,0,0,116476604,10,6,1,1,0,0,0
10,0.0537,1.677,0.9008,0.0025,0.898,0.8839,0.0111,0.0011,0.3327,0.7652,0.0283,0.1512,0.068,0.1759,0.0081,0.0098,0.0269,1.2751,0.0169,0,3.0547,4,283621152,355242400,1,0,116476604,11,6,1,0,0,24,0
11,0.1842,4.8374,2.069,0.0184,2.0496,2.003,0.0381,0.0046,0.8696,2.726,0.0228,1.0493,0.2438,0.5272,0.0107,0.0395,0.042,1.855,0.6028,0.3136,8.06,5,283621152,283608480,2,0,116476604,12,7,1,1,0,0,0
12,0.1156,1.9373,1.2133,0.004,1.2087,1.1973,0.0086,0.0015,0.3728,0.7049,0.0146,0.1182,0.0718,0.1239,0.0033,0.0174,0.027,0.3607,0.1337,0.1593,2.8666,0,283621152,355250144,0,0,116476604,13,8,1,1,0,0,0
13,0.0526,1.4823,0.8686,0.0026,0.8657,0.8593,0.0049,0.001,0.2597,0.6071,0.0142,0.1465,0.0612,0.1228,0.0022,0.0053,0.0187,0.3091,0.1528,0.178,2.3435,1,283621152,355255776,1,0,116476604,14,9,1,1,0,0,0
14,0.1118,4.3607,1.4278,0.2074,1.22,1.1763,0.0339,0.0047,1.014,2.8833,0.0347,0.5462,0.4305,0.8418,0.0128,0.0459,0.0673,1.7531,0.9177,0.7137,8.5805,2,283621152,355246624,2,0,116476604,15,10,1,1,0,0,0
15,0.0498,1.6099,0.8814,0.0029,0.8783,0.8623,0.0125,0.0021,0.3206,0.7138,0.0312,0.1755,0.0502,0.1322,0.0035,0.0123,0.0371,0.328,0.1836,0.2762,2.6645,3,283621152,355249440,0,0,116476604,16,11,1,1,0,0,0
16,0.0523,1.3856,0.7005,0.0027,0.6976,0.6876,0.0071,0.0012,0.2667,0.6321,0.0104,0.0963,0.0782,0.1741,0.0062,0.0299,0.0349,0.3337,0.199,0.4023,2.6982,4,283621152,355242400,1,0,116476604,17,12,1,1,0,0,0
17,0.0614,1.7947,1.0558,0.0031,1.0522,1.0422,0.0065,0.0018,0.2742,0.6954,0.0126,0.1175,0.047,0.2397,0.0033,0.0212,0.0346,1.2621,0.8572,1.1618,5.9234,5,283621152,283608480,2,0,116476604,18,13,1,1,0,0,0
18,0.0594,1.8439,0.8426,0.0027,0.8394,0.8309,0.0049,0.0021,0.2873,0.9656,0.0155,0.1669,0.1817,0.3066,0.0062,0.0195,0.0251,1.3678,0.9966,0.8257,5.8727,0,283621152,355250144,0,0,116476604,19,14,1,1,0,0,0
19,0.0569,1.945,1.0626,0.0038,1.0585,1.0487,0.0068,0.0013,0.309,0.8419,0.0327,0.2204,0.0815,0.191,0.0068,0.0228,0.1065,0.7315,0.3913,0.3232,3.8855,1,283621152,355255776,1,0,116476604,20,15,1,1,0,0,0
20,0.0771,2.1335,1.1665,0.0046,1.1617,1.1482,0.0101,0.0017,0.3248,0.9287,0.0122,0.1862,0.208,0.1892,0.0074,0.0188,0.0397,1.0645,1.0198,0.7039,5.914,2,283621152,355246624,2,0,116476604,21,16,1,1,0,0,0
21,0.0673,4.7488,1.597,0.0035,1.5931,1.5444,0.0364,0.0065,1.1418,3.0527,0.0431,0.6503,0.352,0.8326,0.0281,0.0636,0.086,2.0244,1.1431,0.7349,9.3874,3,283621152,355249440,0,0,116476604,22,17,1,1,0,0,0
22,0.0551,1.4741,0.7183,0.0043,0.7137,0.7052,0.0059,0.0017,0.2983,0.7399,0.0113,0.1858,0.0927,0.1479,0.0032,0.0072,0.0202,0.3374,0.2405,0.3129,2.6955,4,283621152,355242400,1,0,116476604,23,18,1,1,0,0,0
23,0.0617,1.4748,0.7576,0.0036,0.7536,0.745,0.0058,0.0015,0.2519,0.6646,0.0118,0.1241,0.1017,0.1677,0.0068,0.031,0.0468,0.4165,0.2882,0.3349,2.9695,5,283621152,283608480,2,0,116476604,24,19,1,1,0,0,0
24,0.0554,5.4095,1.6012,0.0034,1.5976,1.5387,0.044,0.0096,1.1802,3.7104,0.0508,0.649,0.5468,1.2489,0.0305,0.0506,0.0682,1.7236,0.8426,0.4771,9.0765,0,283621152,355250144,0,0,116476604,25,20,1,1,0,0,0
25,0.0547,1.737,0.9151,0.0045,0.9103,0.8994,0.0081,0.0016,0.3196,0.7953,0.0115,0.2084,0.0878,0.1623,0.0049,0.015,0.0225,0.7012,0.4412,0.3404,3.6642,1,283621152,355255776,1,0,116476604,26,21,1,1,0,0,0
26,0.1961,5.853,1.9939,0.0267,1.9662,1.9253,0.0303,0.0061,1.0252,3.7639,0.0348,0.8487,0.6149,1.1968,0.038,0.0598,0.0717,1.0693,0.4137,0.5754,8.5647,2,283621152,355246624,2,0,116476604,27,22,1,1,0,0,0
27,0.0533,1.4947,0.8649,0.0046,0.86,0.8522,0.0052,0.0013,0.2404,0.6064,0.0096,0.1585,0.062,0.1316,0.0036,0.015,0.0174,0.303,0.2538,0.2189,2.541,3,283621152,355249440,0,0,116476604,28,23,1,1,0,0,0
28,0.0806,1.9562,1.3618,0.0042,1.3571,1.3475,0.0072,0.0007,0.2415,0.5685,0.0209,0.1528,0.0455,0.1005,0.0069,0.0152,0.0211,0.2962,0.1935,0.2707,3.0059,4,283621152,355242400,1,0,116476604,29,24,1,1,0,0,0
29,0.0407,1.0259,0.6326,0.0026,0.6298,0.6216,0.0062,0.0009,0.1872,0.3795,0.0085,0.0676,0.0495,0.0645,0.0017,0.0068,0.0139,0.2167,0.1191,0.1768,1.7378,5,283621152,283608480,2,0,116476604,30,25,1,1,0,0,0
30,0.0623,1.6659,0.7986,0.0059,0.7924,0.7806,0.0083,0.0024,0.3404,0.8464,0.0218,0.2045,0.1005,0.1721,0.0063,0.0094,0.025,0.4035,0.2781,0.2923,3.0277,0,283621152,355250144,0,0,116476604,31,26,1,1,0,0,0
31,0.0424,1.3467,0.6587,0.0022,0.6559,0.6419,0.0113,0.0011,0.2523,0.6563,0.0107,0.127,0.0792,0.1795,0.0066,0.0179,0.0221,0.4549,0.2367,0.2242,2.5457,1,283621152,355255776,1,0,116476604,32,27,1,1,0,0,0
32,0.0407,1.3541,0.6355,0.0027,0.6326,0.6223,0.0073,0.0016,0.2296,0.6801,0.01,0.1236,0.1175,0.1936,0.0055,0.0208,0.018,0.4462,0.3302,0.3132,2.7936,2,283621152,355246624,2,0,116476604,33,28,1,1,0,0,0
33,0.05,1.4012,0.698,0.0028,0.695,0.6897,0.004,0.0009,0.2463,0.6834,0.0202,0.1237,0.0889,0.2004,0.0034,0.0036,0.0285,0.308,0.1335,0.2124,2.2682,3,283621152,355249440,0,0,116476604,34,29,1,1,0,0,0
34,0.0683,2.2804,1.0289,0.0032,1.0254,1.0116,0.0102,0.0015,0.3732,1.2098,0.0217,0.5787,0.0842,0.1478,0.0035,0.0261,0.0364,0.2864,0.1351,0.1783,3.1262,4,283621152,355242400,1,0,116476604,35,30,1,1,0,0,0
35,0.079,5.2155,1.9828,0.0036,1.9787,1.9186,0.0557,0.0018,0.3405,3.1293,0.0152,0.9563,0.5674,1.2146,0.0321,0.066,0.0795,2.2042,1.5291,1.1928,11.6166,5,283621152,283608480,2,0,116476604,36,31,1,1,0,0,0
36,0.0939,1.5588,0.9662,0.0035,0.9623,0.9533,0.0059,0.0013,0.278,0.5635,0.0174,0.1258,0.0388,0.1009,0.0023,0.0153,0.0265,0.3918,0.2304,0.2749,2.7644,0,283621152,355250144,0,0,116476604,37,32,1,1,0,0,0
37,0.0491,1.5364,0.673,0.003,0.6698,0.6601,0.0074,0.0013,0.305,0.8352,0.0309,0.2399,0.0821,0.1726,0.0042,0.0151,0.0275,0.3745,0.1409,0.2371,2.5306,1,283621152,355255776,1,0,116476604,38,33,1,1,0,0,0
38,0.0394,1.1345,0.6249,0.0023,0.6224,0.6149,0.0055,0.0009,0.2151,0.4845,0.0096,0.1008,0.0431,0.111,0.0041,0.0123,0.0317,0.3107,0.1884,0.2042,2.0827,2,283621152,355246624,2,0,116476604,39,34,1,1,0,0,0
39,0.041,1.3575,0.6732,0.0026,0.6704,0.6585,0.0093,0.001,0.2618,0.6492,0.0096,0.1142,0.0676,0.1877,0.0073,0.0213,0.0357,0.3764,0.2303,0.2507,2.5125,3,283621152,355249440,0,0,116476604,40,35,1,1,0,0,0
40,0.0475,1.4795,0.7467,0.003,0.7435,0.7356,0.0063,0.001,0.2,0.7067,0.0078,0.1818,0.1235,0.1887,0.0043,0.014,0.0351,0.3874,0.2297,0.213,2.5952,4,283621152,355242400,1,0,116476604,41,36,1,1,0,0,0
41,0.0405,1.542,0.664,0.0025,0.6613,0.6487,0.01,0.0012,0.2748,0.8584,0.0246,0.2232,0.142,0.1894,0.0036,0.0092,0.0233,0.8859,0.8255,0.7577,4.7825,5,283621152,283608480,2,0,116476604,42,37,1,1,0,0,0
42,0.1702,3.9936,2.0788,0.0186,2.0593,2.0207,0.031,0.0034,0.7522,1.8552,0.0253,0.3297,0.3183,0.405,0.0222,0.041,0.0414,0.9228,0.3986,0.3691,6.2032,0,283621152,355250144,0,0,116476604,43,38,1,1,0,0,0
43,0.1678,3.1478,1.6293,0.0187,1.6098,1.5799,0.0247,0.0023,0.5048,1.4816,0.0214,0.3352,0.1491,0.4587,0.0108,0.0214,0.0327,0.5639,0.3504,0.3213,4.859,1,283621152,355255776,1,0,116476604,44,39,1,1,0,0,0
44,0.1758,4.6783,2.5013,0.0193,2.4814,2.4162,0.0532,0.006,0.8445,2.1273,0.0369,0.4015,0.2131,0.6134,0.0149,0.0295,0.0386,0.8944,0.3504,0.4367,6.871,2,283621152,355246624,2,0,116476604,45,40,1,1,0,0,0
45,0.0522,1.3289,0.6935,0.003,0.6903,0.682,0.0065,0.0006,0.1983,0.6118,0.0094,0.1147,0.0999,0.186,0.003,0.0099,0.0347,0.3699,0.2503,0.2244,2.4437,3,283621152,355249440,0,0,116476604,46,41,1,1,0,0,0
46,0.1241,2.3564,1.6291,0.005,1.6232,1.6122,0.0081,0.0012,0.293,0.7042,0.0181,0.1483,0.0569,0.1839,0.0033,0.0123,0.0219,0.3081,0.1858,0.2977,3.5,4,283621152,355242400,1,0,116476604,47,42,1,1,0,0,0
47,0.0384,1.0228,0.5926,0.0022,0.5901,0.5824,0.0057,0.0008,0.1743,0.4158,0.0073,0.0697,0.0704,0.0921,0.0018,0.0075,0.014,0.2269,0.1469,0.1566,1.7236,5,283621152,283608480,2,0,116476604,48,43,1,1,0,0,0
48,0.0827,1.4313,1.0042,0.0045,0.9994,0.9907,0.0062,0.0009,0.18,0.3883,0.0065,0.0714,0.035,0.0937,0.0016,0.0077,0.0137,0.2205,0.1161,0.1348,2.1593,0,283621152,355250144,0,0,116476604,49,44,1,1,0,0,0
49,0.0621,2.0091,0.8891,0.007,0.8818,0.8651,0.0134,0.0015,0.3574,1.0991,0.0202,0.27,0.0978,0.3441,0.0084,0.0119,0.0234,0.4286,0.2147,0.3019,3.2888,1,283621152,355255776,1,0,116476604,50,45,1,1,0,0,0
50,0.0476,1.3201,0.6993,0.0027,0.6959,0.6896,0.0051,0.0007,0.1975,0.6099,0.0075,0.1567,0.0891,0.1559,0.0026,0.0049,0.0159,0.4162,0.2373,0.3309,2.5934,2,283621152,355246624,2,0,116476604,51,46,1,1,0,0,0
51,0.0732,2.0029,1.2346,0.0035,1.2305,1.2194,0.0089,0.0013,0.169,0.7407,0.0076,0.1964,0.1378,0.2221,0.007,0.0138,0.0287,0.6071,0.3752,0.3252,3.7405,3,283621152,355249440,0,0,116476604,52,47,1,1,0,0,0
52,0.0458,1.4273,0.6251,0.0029,0.6219,0.6088,0.0102,0.0014,0.3193,0.7829,0.0106,0.158,0.1013,0.1871,0.0058,0.011,0.0184,0.3438,0.1758,0.1615,2.3258,4,283621152,355242400,1,0,116476604,53,48,1,1,0,0,0
53,0.1039,1.6359,1.0335,0.0044,1.0283,1.0172,0.0086,0.0012,0.245,0.5859,0.0108,0.1186,0.0618,0.1446,0.0043,0.0094,0.0161,0.3084,0.1356,0.1584,2.5099,5,283621152,283608480,2,0,116476604,54,49,1,1,0,0,0
54,0.0527,1.7195,0.9042,0.0032,0.9008,0.8859,0.0113,0.0017,0.3225,0.7973,0.0114,0.1961,0.0929,0.1687,0.005,0.0116,0.0157,0.2752,0.1436,0.2217,2.5632,0,283621152,355250144,0,0,116476604,55,50,1,1,0,0,0
55,0.0434,1.3022,0.6521,0.0025,0.6493,0.6412,0.0063,0.0009,0.1815,0.6179,0.0074,0.1253,0.0964,0.2022,0.0048,0.0194,0.0335,3.0303,0.0283,0,4.445,1,283621152,355255776,1,0,116476604,56,50,1,0,0,24,0
56,0.0403,1.4774,0.6523,0.0027,0.6494,0.6443,0.0035,0.0007,0.2786,0.8054,0.0096,0.1799,0.0773,0.2529,0.0062,0.012,0.0177,0.6548,0.146,0.1676,2.6515,2,283621152,355246624,2,0,116476604,57,51,1,1,0,0,0
57,0.0428,1.82,0.883,0.0029,0.8799,0.8679,0.009,0.0014,0.3634,0.9064,0.0185,0.1987,0.1381,0.1825,0.0046,0.0175,0.0273,0.4005,0.1571,0.1731,2.7593,3,283621152,355249440,0,0,116476604,58,52,1,1,0,0,0
58,0.0432,1.3689,0.7867,0.0033,0.7832,0.7755,0.0058,0.0008,0.1767,0.5485,0.0074,0.0722,0.0634,0.2227,0.0057,0.0211,0.0289,0.3671,0.2826,0.2068,2.5677,4,283621152,355242400,1,0,116476604,59,53,1,1,0,0,0
59,0.0582,1.7531,0.9364,0.0057,0.9303,0.9182,0.0099,0.0012,0.2549,0.7935,0.0109,0.1977,0.1584,0.1656,0.0053,0.0154,0.0195,0.3975,0.2073,0.3609,3.0028,5,283621152,283608480,2,0,116476604,60,54,1,1,0,0,0
60,0.0501,1.5589,0.8149,0.0033,0.8114,0.7999,0.009,0.001,0.2307,0.7247,0.0104,0.1422,0.0905,0.2462,0.0041,0.0113,0.0188,0.3789,0.2051,0.3193,2.8341,0,283621152,355250144,0,0,116476604,61,55,1,1,0,0,0
61,0.0443,1.2413,0.681,0.0025,0.6782,0.6659,0.0098,0.0011,0.2249,0.5408,0.0074,0.0929,0.0681,0.1392,0.0074,0.012,0.0174,0.3661,0.1478,0.2149,2.1605,1,283621152,355255776,1,0,116476604,62,56,1,1,0,0,0
62,0.1761,5.2309,2.3386,0.0188,2.3189,2.2678,0.0405,0.0046,1.1103,2.8386,0.037,0.4065,0.3436,0.927,0.0115,0.0374,0.0423,0.9725,0.5324,0.3528,7.6486,2,283621152,355246624,2,0,116476604,63,57,1,1,0,0,0
63,0.0764,2.5666,1.385,0.0059,1.3786,1.3591,0.0145,0.0024,0.3507,1.1401,0.0145,0.2218,0.1644,0.3819,0.006,0.0237,0.0584,0.9942,0.501,0.5043,5.128,3,283621152,355249440,0,0,116476604,64,58,1,1,0,0,0
64,0.0406,1.1794,0.6136,0.0024,0.611,0.6,0.0083,0.0015,0.2256,0.5339,0.0083,0.0962,0.0639,0.1351,0.0042,0.0175,0.0289,0.3662,0.1968,0.1992,2.1862,4,283621152,355242400,1,0,116476604,65,59,1,1,0,0,0
65,0.0415,1.0644,0.5848,0.0027,0.5819,0.5764,0.0041,0.001,0.1669,0.4479,0.0078,0.0879,0.0504,0.1296,0.0051,0.0145,0.0306,0.4091,0.1713,0.1998,2.1315,5,283621152,283608480,2,0,116476604,66,60,1,1,0,0,0
66,0.0416,1.2066,0.6482,0.0027,0.6453,0.6343,0.0081,0.0017,0.1819,0.5349,0.0075,0.1287,0.0772,0.1353,0.0036,0.0157,0.0182,0.3181,0.2106,0.3987,2.404,0,283621152,355250144,0,0,116476604,67,61,1,1,0,0,0
67,0.0463,1.1462,0.6298,0.0028,0.6268,0.6195,0.0056,0.0009,0.1729,0.5011,0.0077,0.1254,0.0659,0.127,0.002,0.0087,0.0256,0.3121,0.219,0.2976,2.279,1,283621152,355255776,1,0,116476604,68,62,1,1,0,0,0
68,0.0446,1.5022,0.7127,0.0025,0.7099,0.6976,0.0098,0.0012,0.2706,0.7655,0.0089,0.1045,0.0754,0.3004,0.005,0.0147,0.0223,0.4571,0.1736,0.3132,2.7875,2,283621152,355246624,2,0,116476604,69,63,1,1,0,0,0
69,0.0466,1.2491,0.7093,0.0022,0.7068,0.6949,0.0093,0.0012,0.1986,0.5089,0.0087,0.1092,0.0505,0.1383,0.003,0.017,0.0335,0.4001,0.2434,0.2624,2.465,3,283621152,355249440,0,0,116476604,70,64,1,1,0,0,0
70,0.0558,1.5455,0.6902,0.0025,0.6875,0.6771,0.006,0.0018,0.1997,0.8147,0.0194,0.1833,0.1345,0.2681,0.0088,0.0252,0.036,0.5318,0.276,0.3515,3.0851,4,283621152,355242400,1,0,116476604,71,65,1,1,0,0,0
71,0.0383,1.3296,0.6209,0.0025,0.6182,0.6084,0.0075,0.001,0.1791,0.6911,0.0206,0.2124,0.1096,0.1668,0.0022,0.0102,0.0206,0.3886,0.197,0.2601,2.4555,5,283621152,283608480,2,0,116476604,72,66,1,1,0,0,0
72,0.0415,1.2962,0.6537,0.0024,0.6507,0.6387,0.0091,0.0015,0.1986,0.6137,0.0074,0.0876,0.1018,0.212,0.0057,0.0166,0.0287,0.3995,0.1637,0.2483,2.3675,0,283621152,355250144,0,0,116476604,73,67,1,1,0,0,0
73,0.0394,1.5627,0.676,0.0022,0.6736,0.6617,0.0095,0.0011,0.2722,0.8664,0.0093,0.2086,0.1477,0.2241,0.0036,0.0122,0.02,0.4674,0.2287,0.8453,3.8672,1,283621152,355255776,1,0,116476604,74,68,1,1,0,0,0
74,0.0408,1.3756,0.6706,0.0024,0.668,0.657,0.0087,0.001,0.2449,0.6888,0.009,0.1617,0.1026,0.1662,0.0038,0.0105,0.0189,0.2709,0.1365,0.2891,2.3275,2,283621152,355246624,2,0,116476604,75,69,1,1,0,0,0
75,0.0441,1.3854,0.6931,0.0022,0.6906,0.6782,0.0094,0.0018,0.2617,0.6592,0.0107,0.1484,0.0793,0.1544,0.0041,0.0174,0.031,0.3753,0.2313,0.339,2.6065,3,283621152,355249440,0,0,116476604,76,70,1,1,0,0,0
76,0.0384,1.212,0.6433,0.0027,0.6403,0.6305,0.0078,0.0011,0.1801,0.5432,0.0078,0.1193,0.0863,0.1457,0.0036,0.0141,0.0232,0.2763,0.146,0.351,2.2933,4,283621152,355242400,1,0,116476604,77,71,1,1,0,0,0
77,0.0468,1.428,0.6365,0.0022,0.6341,0.6279,0.0048,0.0008,0.2836,0.7581,0.0094,0.1578,0.0746,0.2189,0.013,0.0189,0.0295,0.46,0.1551,0.1446,2.3969,5,283621152,283608480,2,0,116476604,78,72,1,1,0,0,0
78,0.0867,2.3173,1.0984,0.0079,1.09,1.0723,0.0145,0.0018,0.4208,1.1959,0.0143,0.249,0.2197,0.2864,0.0046,0.0139,0.0222,0.547,0.2881,0.4303,3.9231,0,283621152,355250144,0,0,116476604,79,73,1,1,0,0,0
79,0.0415,1.2911,0.6225,0.0028,0.6195,0.6148,0.0034,0.001,0.1729,0.6511,0.0076,0.0983,0.0692,0.2998,0.0028,0.0037,0.0305,0.5101,0.297,0.3504,2.758,1,283621152,355255776,1,0,116476604,80,74,1,1,0,0,0
80,0.0425,1.4716,0.6947,0.0027,0.6918,0.679,0.01,0.0013,0.2131,0.7079,0.0086,0.157,0.0745,0.2502,0.0037,0.0212,0.0159,0.4312,0.3872,0.8477,3.6699,2,283621152,355246624,2,0,116476604,81,75,1,1,0,0,0
81,0.0863,2.6571,1.6703,0.0035,1.6663,1.6497,0.0125,0.002,0.3929,0.959,0.0115,0.1974,0.152,0.1997,0.0047,0.0168,0.0295,0.3684,0.2517,0.3263,3.9825,3,283621152,355249440,0,0,116476604,82,76,1,1,0,0,0
82,0.0473,1.435,0.5891,0.0033,0.5856,0.5749,0.0086,0.0011,0.2758,0.8252,0.0096,0.1912,0.1134,0.2278,0.0066,0.0119,0.0233,0.3693,0.1803,0.3084,2.5672,4,283621152,355242400,1,0,116476604,83,77,1,1,0,0,0
83,0.0492,1.3658,0.7311,0.003,0.7278,0.7205,0.006,0.0007,0.1935,0.6212,0.0064,0.1557,0.0728,0.1892,0.0031,0.0073,0.0137,0.2546,0.1418,0.205,2.1768,5,283621152,283608480,2,0,116476604,84,78,1,1,0,0,0
84,0.0389,1.2743,0.6459,0.0026,0.6431,0.6354,0.0057,0.0011,0.2132,0.5794,0.01,0.1326,0.0582,0.1619,0.003,0.0139,0.0277,0.266,0.129,0.2275,2.1105,0,283621152,355250144,0,0,116476604,85,79,1,1,0,0,0
85,0.0429,1.5072,0.6651,0.0023,0.6626,0.6495,0.0104,0.0013,0.2742,0.8221,0.0088,0.1616,0.131,0.242,0.0037,0.0118,0.0189,0.4227,0.2191,0.3381,2.7819,1,283621152,355255776,1,0,116476604,86,80,1,1,0,0,0
86,0.0724,2.3081,0.9489,0.0027,0.9456,0.935,0.0081,0.001,0.2664,1.2953,0.0085,0.2368,0.1167,0.6405,0.0251,0.0392,0.0583,1.6969,0.7918,0.7747,6.4558,2,283621152,355246624,2,0,116476604,87,81,1,1,0,0,0
87,0.0424,1.5099,0.7485,0.003,0.7453,0.7341,0.0089,0.001,0.1832,0.7404,0.008,0.1536,0.125,0.2636,0.0061,0.0136,0.0189,0.4173,0.2077,0.2353,2.612,3,283621152,355249440,0,0,116476604,88,82,1,1,0,0,0
88,0.0388,1.225,0.6934,0.0022,0.691,0.6818,0.007,0.0013,0.1846,0.4997,0.0076,0.1023,0.064,0.1375,0.0032,0.0179,0.0398,0.3132,0.1738,0.3066,2.3167,4,283621152,355242400,1,0,116476604,89,83,1,1,0,0,0
89,0.0387,1.3892,0.7434,0.0021,0.741,0.7287,0.0096,0.0014,0.2322,0.624,0.02,0.1189,0.0584,0.1919,0.0022,0.0098,0.0325,0.3688,0.1823,0.2966,2.5257,5,283621152,283608480,2,0,116476604,90,84,1,1,0,0,0
90,0.0446,1.483,0.6385,0.0023,0.636,0.625,0.0076,0.0022,0.3248,0.8245,0.0499,0.2036,0.0693,0.1673,0.0089,0.0124,0.0189,0.3638,0.2098,0.2038,2.4961,0,283621152,355250144,0,0,116476604,91,85,1,1,0,0,0
91,0.1993,2.2214,1.1489,0.0043,1.1443,1.1242,0.0159,0.0021,0.3679,1.0324,0.0157,0.2118,0.1558,0.2762,0.0044,0.0229,0.0407,0.4723,0.2613,0.4231,3.8852,1,283621152,355255776,1,0,116476604,92,86,1,1,0,0,0
92,0.0461,1.5551,0.7873,0.0022,0.7849,0.7769,0.0055,0.0017,0.2597,0.7481,0.0101,0.1551,0.0845,0.2338,0.0041,0.0122,0.0185,0.3513,0.1919,0.2269,2.5606,2,283621152,355246624,2,0,116476604,93,87,1,1,0,0,0
93,0.0402,1.2563,0.5379,0.0022,0.5355,0.5263,0.0069,0.0012,0.2652,0.7041,0.0098,0.1351,0.0928,0.1983,0.0021,0.0036,0.0136,0.7503,0.0032,0,2.0649,3,283621152,355249440,0,0,116476604,94,87,1,0,0,24,0
94,0.0405,1.5229,0.6339,0.0024,0.6313,0.6203,0.0088,0.0012,0.2722,0.8648,0.0097,0.2271,0.1404,0.2067,0.0079,0.0163,0.0235,0.8041,0.1418,0.1588,2.8472,4,283621152,355242400,1,0,116476604,95,88,1,1,0,0,0
95,0.0448,1.7321,0.6871,0.0023,0.6845,0.6721,0.0097,0.0011,0.3297,1.0242,0.009,0.2363,0.1606,0.282,0.0059,0.0122,0.0179,0.614,0.1297,0.1431,2.8111,5,283621152,283608480,2,0,116476604,96,89,1,1,0,0,0
96,0.043,2.943,0.7183,0.0027,0.7154,0.7027,0.0101,0.0011,0.7235,2.2084,0.0061,0.2007,0.2359,1.0384,0.0033,0.01,0.0134,1.246,0.0038,0,4.251,0,283621152,355250144,0,0,116476604,97,89,1,0,0,24,0
97,0.0402,57.0491,56.1693,0.0023,56.1668,56.1456,0.0186,0.0012,0.4159,0.8594,0.0113,0.1802,0.0898,0.1552,0.006,0.0119,0.0203,0.6562,0.1341,0.155,58.1934,1,283621152,355255776,1,0,116476604,98,90,1,1,0,0,0
98,0.0376,11.9727,11.256,0.0027,11.2531,11.2328,0.0176,0.0011,0.2798,0.6919,0.0099,0.1108,0.0861,0.1981,0.0063,0.0157,0.0187,0.3649,0.2647,0.3008,13.1974,2,283621152,355246624,2,0,116476604,99,91,1,1,0,0,0
99,0.0394,12.8704,12.0321,0.0024,12.0295,12.0087,0.0183,0.0011,0.2963,0.8164,0.0107,0.1756,0.142,0.1849,0.006,0.0127,0.0217,0.3916,0.1412,0.1268,13.7212,3,283621152,355249440,0,0,116476604,100,92,1,1,0,0,0
100,0.0429,23.8133,22.5977,0.0024,22.5952,22.5692,0.0221,0.0016,0.5803,1.1743,0.025,0.2199,0.1274,0.214,0.007,0.0223,0.0409,0.528,0.2124,0.376,25.2317,4,283621152,355242400,1,0,116476604,101,93,1,1,0,0,0
101,0.0435,1.4541,0.6759,0.0025,0.673,0.6636,0.0071,0.0014,0.3153,0.7636,0.0112,0.1836,0.1038,0.1463,0.0028,0.0082,0.0157,0.2461,0.1144,0.1582,2.1477,5,283621152,283608480,2,0,116476604,102,94,1,1,0,0,0
102,0.0455,4.0897,2.9616,0.0024,2.9588,2.935,0.02,0.0013,0.5463,1.0935,0.0224,0.2056,0.0957,0.2172,0.0055,0.0198,0.036,0.5042,0.2079,0.2259,5.3159,0,283621152,355250144,0,0,116476604,103,95,1,1,0,0,0
103,0.0507,1.5359,0.8572,0.0023,0.8544,0.8394,0.0115,0.0019,0.288,0.6639,0.0093,0.1439,0.0909,0.129,0.0022,0.0089,0.0143,0.2607,0.135,0.1461,2.2979,1,283621152,355255776,1,0,116476604,104,96,1,1,0,0,0
104,0.0442,1.5588,0.7396,0.0029,0.7365,0.7237,0.0104,0.0013,0.2559,0.7817,0.008,0.116,0.1,0.2924,0.0087,0.0219,0.0333,0.6211,0.2258,0.2617,2.9438,2,283621152,355246624,2,0,116476604,105,97,1,1,0,0,0
105,0.0441,1.4992,0.6642,0.0021,0.6619,0.6513,0.0083,0.0012,0.3185,0.8172,0.0126,0.2125,0.1295,0.1371,0.0063,0.0061,0.0276,0.5459,0.3712,0.417,3.1867,3,283621152,355249440,0,0,116476604,106,98,1,1,0,0,0
106,0.04,1.4923,0.624,0.0025,0.6213,0.6107,0.0084,0.001,0.3038,0.8471,0.0099,0.1681,0.1336,0.2245,0.0063,0.0123,0.0196,0.3168,0.1249,0.2183,2.343,4,283621152,355242400,1,0,116476604,107,99,1,1,0,0,0
107,0.0471,1.41,0.7174,0.0028,0.7144,0.7024,0.0094,0.0013,0.2783,0.6693,0.008,0.1071,0.0331,0.237,0.0055,0.0146,0.0214,0.2974,0.1356,0.1523,2.2211,5,283621152,283608480,2,0,116476604,108,100,1,1,0,0,0
108,0.0417,60.2013,59.5993,0.0023,59.5968,59.5839,0.0095,0.0014,0.2555,0.5866,0.0084,0.1008,0.0695,0.1485,0.0033,0.0087,0.0148,0.2862,0.1476,0.2435,61.0788,0,283621152,355250144,0,0,116476604,109,101,1,1,0,0,0
109,0.0395,21.2638,20.1744,0.0025,20.1716,20.1453,0.0229,0.0015,0.375,1.0669,0.0631,0.185,0.1426,0.2933,0.0071,0.013,0.0206,0.4762,0.2247,0.2525,22.466,1,283621152,355255776,1,0,116476604,110,102,1,1,0,0,0
110,0.0493,22.6975,21.7981,0.0025,21.7953,21.7725,0.0198,0.0012,0.3377,0.8756,0.0115,0.174,0.1327,0.2118,0.0069,0.0141,0.0236,0.4589,0.178,0.1848,23.7528,2,283621152,355246624,2,0,116476604,111,103,1,1,0,0,0
111,0.0409,26.5514,25.6346,0.0021,25.6322,25.6173,0.011,0.002,0.4024,0.8879,0.0169,0.1762,0.1078,0.178,0.0059,0.015,0.0279,0.4674,0.26,0.2147,27.7379,3,283621152,355249440,0,0,116476604,112,104,1,1,0,0,0
112,0.0382,1.2477,0.6951,0.0021,0.6928,0.6813,0.0093,0.001,0.227,0.5358,0.0077,0.0946,0.065,0.1369,0.004,0.0097,0.0157,0.2667,0.1275,0.1455,1.9677,4,283621152,355242400,1,0,116476604,113,105,1,1,0,0,0
113,0.1019,6.9297,5.8009,0.0041,5.7965,5.7726,0.0204,0.0011,0.5244,1.0886,0.0233,0.1978,0.1354,0.1958,0.011,0.024,0.0388,0.4561,0.1822,0.333,8.2333,5,283621152,283608480,2,0,116476604,114,106,1,1,0,0,0
114,0.0459,1.5897,0.7212,0.0022,0.7186,0.7069,0.0095,0.001,0.2782,0.8534,0.023,0.1904,0.1244,0.2306,0.0057,0.0078,0.0176,0.4154,0.2071,0.2108,2.6597,0,283621152,355250144,0,0,116476604,115,107,1,1,0,0,0
115,0.0639,1.8773,0.929,0.0044,0.9243,0.9094,0.0115,0.0019,0.3577,0.9168,0.0125,0.1776,0.1315,0.229,0.0074,0.0191,0.0269,0.6066,0.4821,0.181,3.4428,1,283621152,355255776,1,0,116476604,116,108,1,1,0,0,0
116,0.0551,1.9903,1.1059,0.0025,1.1031,1.0886,0.0102,0.002,0.327,0.8587,0.0133,0.1398,0.09,0.2838,0.0041,0.0135,0.0304,0.4512,0.138,0.6476,3.5228,2,283621152,355246624,2,0,116476604,117,109,1,1,0,0,0
117,0.066,2.0598,1.1088,0.0037,1.1048,1.0921,0.0104,0.0013,0.4561,0.9327,0.0199,0.1834,0.0727,0.1959,0.004,0.0077,0.0155,0.3341,0.1483,0.1779,2.9846,3,283621152,355249440,0,0,116476604,118,110,1,1,0,0,0
118,0.042,1.1586,0.6192,0.0022,0.6167,0.6124,0.0033,0.0007,0.2142,0.531,0.0074,0.1028,0.0566,0.1475,0.0021,0.0027,0.012,0.246,0.1236,0.1379,1.8383,4,283621152,355242400,1,0,116476604,119,111,1,1,0,0,0
119,0.0445,52.0232,51.1312,0.0025,51.1284,51.1122,0.0127,0.0015,0.2745,0.8686,0.0106,0.1837,0.1351,0.2571,0.0067,0.0152,0.0222,0.2554,0.1203,0.1396,52.7333,5,283621152,283608480,2,0,116476604,120,112,1,1,0,0,0
120,0.0384,16.9493,16.3984,0.0022,16.3959,16.3867,0.0072,0.001,0.2185,0.5374,0.0075,0.0917,0.059,0.1569,0.0032,0.0076,0.014,0.2434,0.1313,0.1448,17.6399,0,283621152,355250144,0,0,116476604,121,113,1,1,0,0,0
121,0.0403,21.299,19.3696,0.0023,19.3671,19.3306,0.0299,0.0034,0.6716,1.8955,0.0178,0.4042,0.3171,0.468,0.0148,0.0227,0.029,0.6609,0.2936,0.2819,22.8364,1,283621152,355255776,1,0,116476604,122,114,1,1,0,0,0
122,0.0644,16.8234,15.4638,0.0026,15.4608,15.4311,0.0248,0.002,0.4841,1.3309,0.0493,0.2681,0.216,0.3008,0.0114,0.0173,0.0286,0.538,0.2462,0.3246,18.2654,2,283621152,355246624,2,0,116476604,123,115,1,1,0,0,0
123,0.0435,1.4069,0.6919,0.0022,0.6893,0.6777,0.0091,0.0011,0.2262,0.6946,0.0069,0.0948,0.1316,0.2282,0.0062,0.0128,0.0188,0.3353,0.1878,0.2492,2.4213,3,283621152,355249440,0,0,116476604,124,116,1,1,0,0,0
124,0.0681,16.5974,14.9017,0.0028,14.8985,14.8569,0.0349,0.0032,0.577,1.6613,0.0174,0.3403,0.2834,0.4284,0.0127,0.0229,0.031,0.6547,0.2883,0.2876,18.2022,4,283621152,355242400,1,0,116476604,125,117,1,1,0,0,0
125,0.2408,6.6734,5.363,0.0183,5.3439,5.3164,0.0223,0.0021,0.4851,1.2793,0.0159,0.2447,0.1831,0.3403,0.009,0.0195,0.028,0.6518,0.2593,0.3189,8.4051,5,283621152,283608480,2,0,116476604,126,118,1,1,0,0,0
126,0.0971,2.4665,0.9978,0.0036,0.9937,0.9863,0.0053,0.0014,0.2762,1.3884,0.0108,0.1447,0.0879,0.8396,0.0276,0.0543,0.0648,1.6129,0.8011,1.103,6.74,0,283621152,355250144,0,0,116476604,127,119,1,1,0,0,0
127,0.0655,1.8059,0.9869,0.0029,0.9837,0.9734,0.0069,0.0015,0.3094,0.7902,0.0144,0.183,0.07,0.2084,0.004,0.0159,0.0258,0.4732,0.2472,0.4091,3.2488,1,283621152,355255776,1,0,116476604,128,120,1,1,0,0,0
128,0.0461,1.1638,0.6836,0.0031,0.6803,0.6699,0.0065,0.0022,0.2055,0.4609,0.0072,0.094,0.0467,0.1053,0.0019,0.0084,0.0159,0.2386,0.1851,0.3339,2.2206,2,283621152,355246624,2,0,116476604,129,121,1,1,0,0,0
129,0.0926,2.1323,1.0667,0.0057,1.0603,1.0433,0.0136,0.0016,0.3621,1.0355,0.0109,0.2191,0.154,0.2809,0.0073,0.0207,0.0331,0.6332,0.3176,0.3773,3.8885,3,283621152,355249440,0,0,116476604,130,122,1,1,0,0,0
130,0.0578,1.9842,0.8598,0.0023,0.8573,0.85,0.0055,0.0012,0.4496,1.0988,0.0447,0.2743,0.1317,0.191,0.0068,0.0076,0.0397,1.7181,0.7865,0.7738,5.9617,4,283621152,355242400,1,0,116476604,131,123,1,1,0,0,0
131,0.0471,1.3546,0.684,0.0023,0.6814,0.6754,0.0039,0.0014,0.2538,0.6554,0.0075,0.1383,0.0989,0.1538,0.0026,0.0039,0.0159,0.443,0.2841,0.3136,2.6987,5,283621152,283608480,2,0,116476604,132,124,1,1,0,0,0
132,0.0448,1.1528,0.6747,0.0023,0.672,0.666,0.0041,0.0008,0.1867,0.4664,0.0205,0.1084,0.0552,0.0931,0.0023,0.0052,0.0138,0.2811,0.1331,0.154,1.9148,0,283621152,355250144,0,0,116476604,133,125,1,1,0,0,0
133,0.0426,56.4883,55.6953,0.0025,55.6925,55.6777,0.0118,0.0013,0.2947,0.7682,0.0087,0.135,0.104,0.2185,0.0065,0.0149,0.0184,0.3803,0.1487,0.1584,57.371,1,283621152,355255776,1,0,116476604,134,126,1,1,0,0,0
134,0.1608,20.6941,19.8806,0.0184,19.8614,19.8398,0.0185,0.0011,0.3453,0.7935,0.0101,0.142,0.1042,0.1876,0.0034,0.0114,0.0192,0.3739,0.1502,0.1472,21.724,2,283621152,355246624,2,0,116476604,135,127,1,1,0,0,0
135,0.0433,15.301,14.558,0.0021,14.5557,14.5404,0.0126,0.0012,0.3142,0.7244,0.01,0.1648,0.097,0.1322,0.0053,0.0104,0.0191,0.3014,0.1173,0.1333,16.075,3,283621152,355249440,0,0,116476604,136,128,1,1,0,0,0
136,0.0402,16.6108,14.0891,0.0027,14.0862,14.0609,0.0218,0.0013,0.5032,2.4475,0.0232,0.2737,0.5296,1.08,0.0352,0.0493,0.0636,1.8321,0.8168,0.7715,20.9828,4,283621152,355242400,1,0,116476604,137,129,1,1,0,0,0
137,0.0631,2.0091,0.9224,0.0027,0.9195,0.9028,0.0133,0.0024,0.4588,1.0464,0.0192,0.217,0.1244,0.219,0.007,0.0241,0.0399,0.5028,0.2107,0.2455,3.2834,5,283621152,283608480,2,0,116476604,138,130,1,1,0,0,0
138,0.0459,1.408,0.7373,0.0027,0.7343,0.7208,0.0112,0.0011,0.238,0.6498,0.009,0.0953,0.0716,0.2299,0.0052,0.0133,0.0212,0.438,0.2089,0.1557,2.4305,0,283621152,355250144,0,0,116476604,139,131,1,1,0,0,0
139,0.0631,1.6059,0.9118,0.0029,0.9084,0.9008,0.0055,0.0015,0.2707,0.6805,0.0099,0.1175,0.1033,0.175,0.0037,0.0035,0.0202,0.3158,0.1762,0.2034,2.5567,1,283621152,355255776,1,0,116476604,140,132,1,1,0,0,0
140,0.0459,1.574,0.7111,0.0026,0.7082,0.6957,0.0097,0.0012,0.2969,0.8406,0.0104,0.163,0.1361,0.2264,0.007,0.0136,0.0203,0.4005,0.2063,0.2223,2.6201,2,283621152,355246624,2,0,116476604,141,133,1,1,0,0,0
141,0.0515,2.4656,1.3137,0.004,1.3094,1.291,0.0143,0.002,0.4922,1.1289,0.0155,0.2242,0.1147,0.2733,0.0075,0.0141,0.0202,0.4216,0.1806,0.197,3.5114,3,283621152,355249440,0,0,116476604,142,134,1,1,0,0,0
142,0.0584,2.6538,1.4894,0.0029,1.4862,1.4753,0.0079,0.0025,0.5783,1.1351,0.0226,0.1947,0.1073,0.2265,0.0051,0.0174,0.0305,0.4487,0.2363,0.2705,3.9075,4,283621152,355242400,1,0,116476604,143,135,1,1,0,0,0
143,0.0437,1.5695,0.6867,0.0024,0.6841,0.6728,0.0091,0.0011,0.3167,0.8611,0.01,0.1702,0.1331,0.2242,0.006,0.0127,0.019,0.4275,0.1261,0.1414,2.4555,5,283621152,283608480,2,0,116476604,144,136,1,1,0,0,0
144,0.044,1.5935,0.8454,0.0027,0.8426,0.8301,0.0101,0.0011,0.2684,0.6912,0.008,0.1297,0.0704,0.2057,0.0085,0.011,0.0156,0.2713,0.1164,0.1526,2.3355,0,283621152,355250144,0,0,116476604,145,137,1,1,0,0,0
145,0.0434,60.6205,59.9063,0.0024,59.9036,59.8822,0.0186,0.0011,0.3291,0.6968,0.0108,0.1291,0.0786,0.1444,0.004,0.0114,0.0159,0.2605,0.1282,0.1342,61.329,1,283621152,355255776,1,0,116476604,146,138,1,1,0,0,0
146,0.0417,14.1648,13.373,0.0025,13.3703,13.3487,0.019,0.0011,0.3179,0.775,0.0107,0.1819,0.1079,0.1515,0.0044,0.011,0.0162,0.2695,0.1286,0.1498,14.8973,2,283621152,355246624,2,0,116476604,147,139,1,1,0,0,0
147,0.0391,13.7928,12.96,0.0027,12.9571,12.9377,0.0167,0.0012,0.2937,0.7963,0.0101,0.1765,0.1194,0.189,0.0065,0.013,0.018,0.2935,0.1356,0.1536,14.5753,3,283621152,355249440,0,0,116476604,148,140,1,1,0,0,0
148,0.0386,25.6833,24.7265,0.0027,24.7235,24.7014,0.0184,0.0012,0.3729,0.9195,0.0176,0.2026,0.099,0.2212,0.0055,0.024,0.036,0.4438,0.2395,0.2257,26.892,4,283621152,355242400,1,0,116476604,149,141,1,1,0,0,0
149,0.0416,1.0726,0.6177,0.0022,0.6152,0.6091,0.0048,0.0008,0.2556,0.4458,0.0081,0.0815,0.034,0.0648,0.0015,0.0029,0.014,0.2217,0.1329,0.1539,1.7592,5,283621152,283608480,2,0,116476604,150,142,1,1,0,0,0
150,0.0492,5.5626,4.4355,0.0036,4.4317,4.4202,0.0066,0.0026,0.571,1.0936,0.0198,0.1839,0.0969,0.2146,0.0064,0.0181,0.0358,0.5224,0.1794,0.2242,6.7291,0,283621152,355250144,0,0,116476604,151,143,1,1,0,0,0
151,0.0543,1.3318,0.7528,0.0026,0.75,0.7389,0.0088,0.001,0.2134,0.5567,0.0085,0.1118,0.09,0.1222,0.0102,0.0138,0.0206,0.3263,0.1564,0.2645,2.306,1,283621152,355255776,1,0,116476604,152,144,1,1,0,0,0
152,0.0795,2.175,1.1414,0.0042,1.1367,1.1165,0.0163,0.0015,0.5476,1.0123,0.0214,0.197,0.0859,0.1568,0.0028,0.0119,0.0183,0.3566,0.1495,0.6624,3.7369,2,283621152,355246624,2,0,116476604,153,145,1,1,0,0,0
153,0.075,1.9968,0.9354,0.008,0.927,0.914,0.0103,0.0013,0.4064,1.0418,0.012,0.2262,0.1455,0.2409,0.0098,0.0087,0.0221,0.5123,0.1859,0.2041,3.1654,3,283621152,355249440,0,0,116476604,154,146,1,1,0,0,0
154,0.0494,1.8199,1.0617,0.0037,1.0575,1.0462,0.0079,0.0017,0.2955,0.7238,0.0115,0.1592,0.0884,0.1651,0.0037,0.0191,0.0336,0.5019,0.2693,0.3299,3.2968,4,283621152,355242400,1,0,116476604,155,147,1,1,0,0,0
155,0.0786,2.1049,1.3394,0.0051,1.3338,1.3217,0.0091,0.0013,0.3035,0.744,0.0096,0.1264,0.1204,0.1801,0.0033,0.0122,0.0203,0.4211,0.184,0.2097,3.1876,5,283621152,283608480,2,0,116476604,156,148,1,1,0,0,0
156,0.0506,1.79,0.7752,0.0033,0.7717,0.759,0.0103,0.0011,0.4505,0.9789,0.0167,0.1815,0.1125,0.2117,0.0054,0.0225,0.0328,0.4888,0.222,0.2347,3.1015,0,283621152,355250144,0,0,116476604,157,149,1,1,0,0,0
157,0.0425,1.6645,0.7091,0.0025,0.7065,0.6949,0.0089,0.0014,0.3089,0.9324,0.0108,0.1646,0.1792,0.2607,0.0071,0.0145,0.0215,0.3219,0.1162,0.1613,2.4691,1,283621152,355255776,1,0,116476604,158,150,1,1,0,0,0
158,0.0935,3.2068,1.6794,0.0029,1.6762,1.6558,0.0161,0.0014,0.5853,1.4479,0.0136,0.12,0.0905,0.6185,0.0181,0.0565,0.0625,1.6438,1.2329,1.278,8.4017,2,283621152,355246624,2,0,116476604,159,151,1,1,0,0,0
159,0.0453,1.2386,0.6789,0.003,0.6758,0.6676,0.0058,0.001,0.2188,0.543,0.0232,0.1181,0.0612,0.1173,0.004,0.0092,0.0201,0.3834,0.1209,0.1212,2.06,3,283621152,355249440,0,0,116476604,160,152,1,1,0,0,0
160,0.0404,1.4654,0.645,0.0026,0.6421,0.6324,0.0072,0.0014,0.3059,0.7993,0.0094,0.196,0.1176,0.1656,0.0041,0.0123,0.0197,0.3489,0.2135,0.1906,2.4579,4,283621152,355242400,1,0,116476604,161,153,1,1,0,0,0
161,0.0494,1.4612,0.6762,0.0024,0.6736,0.6643,0.0064,0.0016,0.3042,0.7667,0.01,0.1625,0.1021,0.1839,0.0032,0.0106,0.0171,0.3242,0.1785,0.1672,2.3565,5,283621152,283608480,2,0,116476604,162,154,1,1,0,0,0
162,0.0395,50.7266,49.606,0.0027,49.6031,49.5825,0.0159,0.0018,0.569,1.0846,0.0199,0.1597,0.0917,0.2361,0.0075,0.0194,0.0355,0.4432,0.1662,0.2449,51.824,0,283621152,355250144,0,0,116476604,163,155,1,1,0,0,0
163,0.04,1.1061,0.6647,0.0026,0.6619,0.6543,0.0058,0.0007,0.1897,0.4273,0.0075,0.0846,0.0405,0.1027,0.0019,0.0083,0.0138,0.1985,0.1051,0.114,1.688,1,283621152,355255776,1,0,116476604,164,156,1,1,0,0,0
164,0.0408,23.4286,22.6657,0.0026,22.6629,22.6403,0.0195,0.0014,0.2521,0.7396,0.0083,0.1239,0.1005,0.244,0.0099,0.015,0.0209,0.4592,0.18,0.164,24.4693,2,283621152,355246624,2,0,116476604,165,157,1,1,0,0,0
165,0.0403,14.4502,13.3348,0.0029,13.3317,13.3062,0.0216,0.0016,0.5473,1.0742,0.0208,0.2157,0.1579,0.1245,0.0071,0.026,0.0364,0.4452,0.1858,0.196,15.5284,3,283621152,355249440,0,0,116476604,166,158,1,1,0,0,0
166,0.0497,1.5927,0.6918,0.0033,0.6881,0.6798,0.0066,0.0011,0.3397,0.8846,0.0108,0.1941,0.0779,0.2546,0.0065,0.0075,0.0178,0.4126,0.1511,0.1597,2.5387,4,283621152,355242400,1,0,116476604,167,159,1,1,0,0,0
167,0.0598,1.7952,0.9438,0.0199,0.9236,0.9096,0.0104,0.0021,0.288,0.8295,0.0257,0.1457,0.1148,0.2474,0.007,0.0121,0.0245,0.4047,0.3028,0.2499,3.0968,5,283621152,283608480,2,0,116476604,168,160,1,1,0,0,0
168,0.0524,1.3913,0.74,0.0032,0.7365,0.7235,0.0101,0.0012,0.2938,0.6357,0.0081,0.1026,0.0894,0.1393,0.0019,0.0085,0.0162,0.2485,0.1259,0.1395,2.0983,0,283621152,355250144,0,0,116476604,169,161,1,1,0,0,0
169,0.0395,5.0999,4.1432,0.0024,4.1406,4.1292,0.0075,0.0029,0.4401,0.9311,0.0184,0.2121,0.1042,0.153,0.0028,0.0117,0.0352,1.2565,0.695,0.7774,8.5206,1,283621152,355255776,1,0,116476604,170,162,1,1,0,0,0
170,0.0441,1.7808,0.6553,0.003,0.6521,0.6437,0.0063,0.001,0.2638,1.0901,0.0109,0.1637,0.4654,0.1813,0.0043,0.0218,0.0319,0.5071,0.2442,0.3282,3.1808,2,283621152,355246624,2,0,116476604,171,163,1,1,0,0,0
171,0.0466,1.5973,0.7662,0.003,0.763,0.7492,0.011,0.0014,0.3123,0.8112,0.0107,0.1615,0.0995,0.2197,0.0064,0.0114,0.0176,0.3936,0.1319,0.2329,2.5742,3,283621152,355249440,0,0,116476604,172,164,1,1,0,0,0
172,0.0923,2.4613,1.227,0.004,1.2226,1.2062,0.0132,0.0014,0.5164,1.2156,0.0175,0.3827,0.139,0.1547,0.0044,0.0099,0.0178,0.329,0.2273,0.5274,3.9549,4,283621152,355242400,1,0,116476604,173,165,1,1,0,0,0
173,0.0436,1.4386,0.6859,0.0024,0.6833,0.6748,0.0066,0.0006,0.2461,0.7307,0.0091,0.1653,0.0897,0.2159,0.0039,0.0136,0.0177,0.3939,0.1437,0.1302,2.2961,5,283621152,283608480,2,0,116476604,174,166,1,1,0,0,0
174,0.0559,2.1695,0.8806,0.0037,0.8767,0.8651,0.0093,0.0011,0.673,1.2558,0.0293,0.1887,0.1189,0.2373,0.008,0.0201,0.0376,0.5439,0.2604,0.2135,3.9018,0,283621152,355250144,0,0,116476604,175,167,1,1,0,0,0
175,0.0456,1.8508,0.8514,0.0036,0.8476,0.8358,0.0093,0.0014,0.3798,0.9623,0.0133,0.1481,0.1575,0.2555,0.0071,0.0163,0.0421,0.5837,0.2138,0.2273,3.2961,1,283621152,355255776,1,0,116476604,176,168,1,1,0,0,0
176,0.046,1.2939,0.7267,0.002,0.7245,0.712,0.0084,0.0018,0.2087,0.5477,0.0078,0.1188,0.082,0.1261,0.0036,0.0104,0.0176,0.349,0.1846,0.1936,2.2491,2,283621152,355246624,2,0,116476604,177,169,1,1,0,0,0
177,0.0478,10.5413,8.7511,0.0027,8.7481,8.7183,0.0239,0.0024,0.6297,1.7514,0.0182,0.4126,0.248,0.4286,0.0126,0.0252,0.0352,0.7005,0.304,0.3685,12.2555,3,283621152,355249440,0,0,116476604,178,170,1,1,0,0,0
178,0.0646,1.9852,1.001,0.004,0.9965,0.984,0.0099,0.0016,0.3836,0.9677,0.0142,0.2046,0.1256,0.2326,0.006,0.007,0.0259,0.5423,0.2873,0.1848,3.356,4,283621152,355242400,1,0,116476604,179,171,1,1,0,0,0
179,0.0436,1.8875,0.7377,0.0028,0.7346,0.7217,0.0097,0.0015,0.4729,1.114,0.0136,0.1718,0.1509,0.296,0.0078,0.0233,0.0307,0.4629,0.2651,0.1632,2.9953,5,283621152,283608480,2,0,116476604,180,172,1,1,0,0,0
180,0.0403,1.6425,1.0482,0.0024,1.0456,1.0334,0.0099,0.0011,0.2422,0.5807,0.0071,0.0974,0.0792,0.153,0.0016,0.0077,0.0117,0.1953,0.1128,0.1259,2.2394,0,283621152,355250144,0,0,116476604,181,173,1,1,0,0,0
181,0.0402,53.3108,52.6218,0.0024,52.6192,52.5981,0.0184,0.0012,0.264,0.6737,0.0086,0.095,0.0693,0.2326,0.0036,0.0086,0.0132,0.2694,0.1262,0.1893,54.0743,1,283621152,355255776,1,0,116476604,182,174,1,1,0,0,0
182,0.0405,24.6891,23.6804,0.0022,23.678,23.6576,0.0179,0.0011,0.344,0.9853,0.0103,0.1828,0.1792,0.2608,0.0073,0.0151,0.0207,0.4333,0.1889,0.1403,25.6667,2,283621152,355246624,2,0,116476604,183,175,1,1,0,0,0
183,0.0399,22.4314,21.4405,0.0036,21.4366,21.4136,0.0202,0.0012,0.3413,0.9675,0.0261,0.1844,0.1386,0.2691,0.0072,0.015,0.0218,0.4401,0.1796,0.1936,23.4412,3,283621152,355249440,0,0,116476604,184,176,1,1,0,0,0
184,0.0401,22.6368,21.4961,0.0021,21.4938,21.4679,0.0216,0.0012,0.442,1.1129,0.0407,0.2218,0.1237,0.277,0.0069,0.0159,0.0295,0.5307,0.2265,0.22,23.8976,4,283621152,355242400,1,0,116476604,185,177,1,1,0,0,0
185,0.0361,1.4931,0.6386,0.0022,0.6362,0.6243,0.0095,0.0011,0.2892,0.8309,0.0099,0.1631,0.1339,0.2257,0.0082,0.0141,0.0219,0.3658,0.1257,0.1351,2.3078,5,283621152,283608480,2,0,116476604,186,178,1,1,0,0,0
186,0.0465,4.7411,3.5275,0.0032,3.5241,3.5002,0.0196,0.0022,0.6226,1.1759,0.0201,0.2104,0.0846,0.2325,0.005,0.0213,0.0353,0.5008,0.236,0.2451,6.0131,0,283621152,355250144,0,0,116476604,187,179,1,1,0,0,0
187,0.0512,1.8582,0.9114,0.0031,0.908,0.8955,0.0103,0.0011,0.3189,0.9212,0.0119,0.2042,0.1458,0.232,0.0075,0.0152,0.0263,0.5118,0.1371,0.1916,2.932,1,283621152,355255776,1,0,116476604,188,180,1,1,0,0,0
188,0.0975,3.1213,1.8735,0.0034,1.8698,1.8512,0.0142,0.0016,0.5712,1.1958,0.019,0.2901,0.1229,0.183,0.0088,0.0321,0.0508,0.3771,0.2549,0.4538,4.6387,2,283621152,355246624,2,0,116476604,189,181,1,1,0,0,0
189,0.0545,1.6697,0.8999,0.0038,0.8955,0.8794,0.0124,0.0017,0.3447,0.7441,0.0339,0.1512,0.0766,0.1287,0.0082,0.0166,0.0258,0.3402,0.1412,0.1684,2.5488,3,283621152,355249440,0,0,116476604,190,182,1,1,0,0,0
190,0.0508,1.6087,0.879,0.0029,0.8758,0.8666,0.0068,0.0011,0.3387,0.7025,0.0115,0.1405,0.0831,0.126,0.0021,0.0107,0.0168,0.2273,0.1129,0.1787,2.3732,4,283621152,355242400,1,0,116476604,191,183,1,1,0,0,0
191,0.0786,2.44,1.2513,0.0052,1.2458,1.2279,0.0144,0.0017,0.5434,1.1653,0.0178,0.2208,0.1314,0.2476,0.0035,0.0136,0.0221,0.4732,0.1893,0.1967,3.6416,5,283621152,283608480,2,0,116476604,192,184,1,1,0,0,0
192,0.0763,2.0532,0.945,0.0066,0.9381,0.9216,0.0128,0.0017,0.4009,1.0882,0.03,0.2173,0.1521,0.2806,0.0064,0.0101,0.0207,0.4687,0.2018,0.2183,3.2307,0,283621152,355250144,0,0,116476604,193,185,1,1,0,0,0
193,0.0796,2.2908,1.0423,0.007,1.0348,1.014,0.0162,0.0019,0.447,1.2207,0.0125,0.2639,0.1972,0.2909,0.008,0.0179,0.025,0.5288,0.2272,0.3342,3.7289,1,283621152,355255776,1,0,116476604,194,186,1,1,0,0,0
194,0.0665,1.8365,0.9192,0.0022,0.9167,0.9016,0.0107,0.002,0.4499,0.8888,0.0163,0.188,0.0741,0.1541,0.0061,0.0191,0.0262,0.3709,0.1285,0.1576,2.7487,2,283621152,355246624,2,0,116476604,195,187,1,1,0,0,0
195,0.0725,53.0807,52.247,0.0028,52.2439,52.2307,0.0109,0.001,0.3548,0.8093,0.0116,0.1632,0.112,0.1604,0.0066,0.0154,0.0195,0.3668,0.2121,0.1883,54.081,3,283621152,355249440,0,0,116476604,196,188,1,1,0,0,0
196,0.0582,23.3999,22.1092,0.0028,22.1059,22.0823,0.0192,0.0017,0.4406,1.2502,0.0133,0.2694,0.2113,0.3052,0.0092,0.0275,0.0382,1.828,0.2231,0.2367,25.982,4,283621152,355242400,1,0,116476604,197,189,1,1,0,0,0
197,0.0752,13.0307,12.3994,0.0028,12.3961,12.3848,0.0091,0.0008,0.2934,0.6117,0.0222,0.0979,0.0702,0.1244,0.0032,0.0119,0.0156,0.2412,0.1219,0.2017,13.8194,5,283621152,283608480,2,0,116476604,198,190,1,1,0,0,0
198,0.0412,23.6044,22.2666,0.0028,22.2636,22.2431,0.0161,0.0017,0.5229,1.3018,0.017,0.2499,0.1651,0.337,0.0089,0.0244,0.0359,0.5634,0.249,0.259,25.0195,0,283621152,355250144,0,0,116476604,199,191,1,1,0,0,0
199,0.0613,2.0493,1.0455,0.0036,1.0414,1.0257,0.0123,0.0016,0.3924,0.9656,0.0175,0.2266,0.1177,0.2011,0.0094,0.0244,0.027,0.3316,0.15,0.1819,3.0018,1,283621152,355255776,1,0,116476604,200,192,1,1,0,0,0
200,0.108,2.8888,1.854,0.0034,1.8504,1.8279,0.0174,0.0014,0.5722,1.0015,0.0246,0.1645,0.1036,0.1314,0.0042,0.0201,0.0282,0.372,0.2286,0.2087,4.0174,2,283621152,355246624,2,0,116476604,201,193,1,1,0,0,0
201,0.0527,1.5941,0.8382,0.0029,0.8351,0.8218,0.0105,0.0012,0.3264,0.7324,0.0108,0.1604,0.0654,0.1585,0.01,0.0149,0.0231,0.3627,0.1505,0.2315,2.576,3,283621152,355249440,0,0,116476604,202,194,1,1,0,0,0
202,0.1176,2.5326,1.424,0.0034,1.42,1.4085,0.0085,0.0022,0.4483,1.0859,0.0173,0.192,0.1344,0.2871,0.0059,0.0107,0.0296,0.4607,0.2503,0.2327,3.8075,4,283621152,355242400,1,0,116476604,203,195,1,1,0,0,0
203,0.1528,5.7331,1.8953,0.018,1.8766,1.8229,0.0328,0.0048,1.1234,3.7722,0.0337,0.7442,0.6231,1.2191,0.0248,0.0408,0.0577,1.3034,0.3785,0.3829,8.3577,5,283621152,283608480,2,0,116476604,204,196,1,1,0,0,0
204,0.0996,1.5879,0.9374,0.0054,0.9317,0.9182,0.0101,0.0013,0.2746,0.6311,0.011,0.1334,0.0646,0.1448,0.0023,0.0095,0.0205,0.3485,0.2064,0.1739,2.6125,0,283621152,355250144,0,0,116476604,205,197,1,1,0,0,0
205,0.0521,1.3442,0.7237,0.0024,0.7208,0.71,0.0079,0.0014,0.2182,0.6037,0.0087,0.1068,0.0718,0.1948,0.003,0.0104,0.0151,0.2454,0.1154,0.1482,2.075,1,283621152,355255776,1,0,116476604,206,198,1,1,0,0,0
206,0.0512,1.5717,0.7993,0.0032,0.7959,0.7835,0.0088,0.0017,0.3391,0.7501,0.0135,0.1319,0.1037,0.1554,0.0055,0.0134,0.0212,0.3727,0.187,0.2652,2.6682,2,283621152,355246624,2,0,116476604,207,199,1,1,0,0,0
207,0.2892,1.5581,0.8592,0.0057,0.853,0.8444,0.0067,0.0006,0.3041,0.6795,0.0095,0.1279,0.0946,0.1395,0.003,0.0112,0.0166,0.3529,0.1565,0.129,2.6697,3,283621152,355249440,0,0,116476604,208,200,1,1,0,0,0
208,0.045,4.9725,4.106,0.0031,4.1027,4.0889,0.0112,0.0012,0.291,0.8449,0.0098,0.1652,0.1441,0.2269,0.007,0.0143,0.021,0.3807,0.195,0.193,5.9741,4,283621152,355242400,1,0,116476604,209,201,1,1,0,0,0
209,0.0457,5.5284,4.3789,0.0024,4.3762,4.3447,0.0264,0.0024,0.5418,1.1155,0.0234,0.2209,0.1179,0.2028,0.0077,0.021,0.0345,0.431,0.2217,0.2223,6.6886,5,283621152,283608480,2,0,116476604,210,202,1,1,0,0,0
210,0.0419,1.692,0.8392,0.0025,0.8364,0.824,0.0086,0.0015,0.4036,0.8323,0.0111,0.1453,0.077,0.1909,0.0041,0.0114,0.0193,0.8134,0.7982,0.8071,4.8384,0,283621152,355250144,0,0,116476604,211,203,1,1,0,0,0
211,0.0499,1.6699,0.8698,0.002,0.8675,0.8529,0.0117,0.0011,0.3479,0.7808,0.0274,0.1772,0.0793,0.1452,0.0031,0.0124,0.0186,0.2855,0.1644,0.1708,2.5088,1,283621152,355255776,1,0,116476604,212,204,1,1,0,0,0
212,0.0542,1.7103,0.8923,0.0026,0.8892,0.8766,0.01,0.0012,0.3571,0.7967,0.0147,0.1597,0.0876,0.1696,0.0072,0.0135,0.0214,0.306,0.1463,0.17,2.5756,2,283621152,355246624,2,0,116476604,213,205,1,1,0,0,0
213,0.0741,2.612,2.1122,0.0027,2.1093,2.0965,0.009,0.0015,0.2067,0.4797,0.0093,0.0804,0.0653,0.1109,0.007,0.0129,0.0177,0.2927,0.127,0.1907,3.4898,3,283621152,355249440,0,0,116476604,214,206,1,1,0,0,0
214,0.0941,13.6146,12.9048,0.0029,12.9013,12.8881,0.0106,0.0011,0.2823,0.6898,0.0132,0.1482,0.0724,0.1672,0.0056,0.0122,0.019,0.4261,0.1343,0.1642,14.6024,4,283621152,355242400,1,0,116476604,215,207,1,1,0,0,0
215,0.0541,4.6877,3.8221,0.0038,3.818,3.8025,0.0127,0.0013,0.3275,0.8414,0.0121,0.1796,0.1071,0.2076,0.0066,0.0165,0.0231,0.3579,0.1327,0.149,5.5465,5,283621152,283608480,2,0,116476604,216,208,1,1,0,0,0
216,0.043,3.7538,2.9032,0.0026,2.9004,2.8869,0.0109,0.0011,0.2877,0.828,0.0094,0.1634,0.1193,0.2378,0.0096,0.0141,0.0216,0.4018,0.2014,0.1362,4.6916,0,283621152,355250144,0,0,116476604,217,209,1,1,0,0,0
217,0.0514,15.0293,13.7237,0.0022,13.7212,13.7005,0.0163,0.0016,0.532,1.2761,0.0147,0.2444,0.1524,0.3226,0.0089,0.0199,0.0293,0.566,0.2552,0.2709,16.4316,1,283621152,355255776,1,0,116476604,218,210,1,1,0,0,0
218,0.0567,2.0833,1.0991,0.0026,1.0962,1.0819,0.0113,0.0014,0.3421,0.9424,0.0125,0.2298,0.1419,0.2089,0.0065,0.0268,0.0436,0.374,0.1812,0.2624,3.188,2,283621152,355246624,2,0,116476604,219,211,1,1,0,0,0
219,0.0661,1.4909,0.8694,0.0043,0.8649,0.8578,0.0057,0.0006,0.2795,0.6024,0.0108,0.1153,0.0651,0.1282,0.0031,0.0103,0.0201,0.3094,0.1452,0.2048,2.4087,3,283621152,355249440,0,0,116476604,220,212,1,1,0,0,0
220,0.0405,1.566,0.6691,0.0025,0.6664,0.6527,0.0108,0.0012,0.3751,0.8774,0.012,0.2361,0.0892,0.158,0.0059,0.0118,0.0182,0.3523,0.119,0.1229,2.3449,4,283621152,355242400,1,0,116476604,221,213,1,1,0,0,0
221,0.0388,54.2936,53.5788,0.0023,53.5762,53.5645,0.0094,0.0014,0.3315,0.6982,0.0104,0.1247,0.0671,0.1601,0.0039,0.0104,0.0153,0.2393,0.1309,0.1333,54.9863,5,283621152,283608480,2,0,116476604,222,214,1,1,0,0,0
222,0.0469,15.1789,14.3207,0.0024,14.318,14.3015,0.0138,0.0011,0.3034,0.8309,0.0092,0.1652,0.1365,0.2075,0.0082,0.0189,0.0218,0.4178,0.1135,0.127,16.0273,0,283621152,355250144,0,0,116476604,223,215,1,1,0,0,0
223,0.0405,24.4925,23.6399,0.0026,23.6366,23.622,0.012,0.0012,0.3074,0.8318,0.0105,0.1683,0.1442,0.1946,0.006,0.0132,0.0189,0.3887,0.1673,0.2423,25.5003,1,283621152,355255776,1,0,116476604,224,216,1,1,0,0,0
224,0.0384,16.4598,14.5705,0.0023,14.568,14.5328,0.0308,0.0019,0.511,1.8159,0.0242,0.2288,0.1392,0.8731,0.0378,0.0496,0.064,2.0971,0.8605,0.7571,20.9131,2,283621152,355246624,2,0,116476604,225,217,1,1,0,0,0
225,0.0669,2.0086,0.9828,0.0027,0.9797,0.9617,0.0146,0.0015,0.5059,0.9997,0.0196,0.1899,0.1057,0.1714,0.0061,0.0152,0.0234,0.4093,0.1732,0.2154,3.0682,3,283621152,355249440,0,0,116476604,226,218,1,1,0,0,0
226,0.0732,10.9457,9.2296,0.0038,9.2252,9.1966,0.0233,0.0025,0.594,1.6734,0.0186,0.3433,0.2513,0.4503,0.0142,0.0276,0.0387,0.7179,0.4877,0.5869,13.3264,4,283621152,355242400,1,0,116476604,227,219,1,1,0,0,0
227,0.0515,1.665,0.7701,0.0026,0.7673,0.7519,0.0123,0.0014,0.3423,0.8611,0.0223,0.1838,0.1351,0.1718,0.0049,0.0215,0.0285,0.456,0.2763,0.2296,2.95,5,283621152,283608480,2,0,116476604,228,220,1,1,0,0,0
228,0.0734,2.3676,1.4908,0.0071,1.4833,1.471,0.0098,0.001,0.3205,0.8581,0.0099,0.1675,0.1292,0.2279,0.0027,0.0106,0.0185,0.365,0.1731,0.241,3.4708,0,283621152,355250144,0,0,116476604,229,221,1,1,0,0,0
229,0.0456,1.6094,0.8855,0.0023,0.8829,0.8704,0.0096,0.0012,0.3227,0.7021,0.0126,0.1449,0.0871,0.1294,0.004,0.0128,0.0231,0.3794,0.2198,0.2517,2.7162,1,283621152,355255776,1,0,116476604,230,222,1,1,0,0,0
230,0.0455,1.3493,0.6953,0.0022,0.6929,0.6822,0.0081,0.0016,0.2924,0.6343,0.0097,0.1264,0.0783,0.1229,0.0039,0.0105,0.0179,0.3196,0.1744,0.1844,2.2533,2,283621152,355246624,2,0,116476604,231,223,1,1,0,0,0
231,0.0423,3.7038,2.8011,0.0027,2.7982,2.7865,0.0088,0.0021,0.4559,0.865,0.02,0.1805,0.0823,0.1204,0.0051,0.0187,0.0399,0.5212,0.1801,0.1873,4.8344,3,283621152,355249440,0,0,116476604,232,224,1,1,0,0,0
232,0.1602,4.7985,2.0748,0.0165,2.0576,2.0092,0.0387,0.0045,1.0716,2.6723,0.0315,0.4643,0.3189,0.7556,0.0267,0.0286,0.0582,1.2181,0.7241,0.4982,7.9015,4,283621152,355242400,1,0,116476604,233,225,1,1,0,0,0
233,0.0614,2.1649,1.0087,0.0029,1.0054,0.9946,0.0079,0.0016,0.286,1.0876,0.0089,0.0985,0.088,0.5787,0.026,0.0358,0.0577,1.6808,0.7705,0.7708,6.2555,5,283621152,283608480,2,0,116476604,234,226,1,1,0,0,0
234,0.0566,1.6022,0.743,0.0026,0.7396,0.7307,0.006,0.0019,0.27,0.8249,0.0246,0.1332,0.0758,0.3133,0.0078,0.0176,0.038,0.4527,0.21,0.205,2.7456,0,283621152,355250144,0,0,116476604,235,227,1,1,0,0,0
235,0.0433,1.4048,0.6962,0.0024,0.6936,0.6815,0.0096,0.0012,0.2941,0.689,0.01,0.1266,0.124,0.1299,0.0034,0.0117,0.0188,0.3533,0.185,0.2357,2.4135,1,283621152,355255776,1,0,116476604,236,228,1,1,0,0,0
236,0.0466,1.5209,0.7354,0.0025,0.7326,0.7229,0.0069,0.0011,0.2901,0.7529,0.0108,0.1668,0.0901,0.186,0.0079,0.0206,0.0286,0.4939,0.2473,0.5537,3.1845,2,283621152,355246624,2,0,116476604,237,229,1,1,0,0,0
237,0.047,1.5902,0.7203,0.0026,0.7174,0.7028,0.0119,0.0014,0.306,0.8446,0.01,0.1507,0.1285,0.2422,0.0062,0.0148,0.0224,0.3506,0.1814,0.3552,2.7778,3,283621152,355249440,0,0,116476604,238,230,1,1,0,0,0
238,0.0456,1.4743,0.7364,0.0023,0.7339,0.7213,0.0101,0.0011,0.2997,0.7171,0.0104,0.1356,0.0838,0.1835,0.0032,0.0113,0.0186,0.3943,0.1568,0.1499,2.3698,4,283621152,355242400,1,0,116476604,239,231,1,1,0,0,0
239,0.0781,2.1609,1.0023,0.0034,0.9984,0.9829,0.012,0.0013,0.5289,1.1391,0.0291,0.2508,0.1332,0.1899,0.0062,0.0114,0.0196,0.3579,0.382,0.7774,4.4227,5,283621152,283608480,2,0,116476604,240,232,1,1,0,0,0
240,0.0446,1.819,0.8465,0.0028,0.8434,0.8317,0.0091,0.0014,0.3514,0.9365,0.0111,0.1667,0.1051,0.292,0.0094,0.023,0.0322,0.5496,0.268,0.4715,3.4448,0,283621152,355250144,0,0,116476604,241,233,1,1,0,0,0
241,0.0377,1.4014,0.6955,0.002,0.6933,0.6801,0.0105,0.0015,0.2943,0.6826,0.01,0.1234,0.0496,0.1962,0.0084,0.0145,0.0221,0.3253,0.2851,0.3488,2.6758,1,283621152,355255776,1,0,116476604,242,234,1,1,0,0,0
242,0.0403,1.6636,0.6889,0.0026,0.6861,0.6734,0.0099,0.0012,0.3834,0.9595,0.0103,0.2025,0.1364,0.2223,0.0039,0.0089,0.0135,0.2273,0.1129,0.131,2.3234,2,283621152,355246624,2,0,116476604,243,235,1,1,0,0,0
243,0.0386,56.2609,55.4129,0.0023,55.4104,55.3912,0.0166,0.0012,0.3335,0.8325,0.0109,0.1979,0.1179,0.1673,0.0043,0.0087,0.0151,0.3218,0.1472,0.1527,57.0729,3,283621152,355249440,0,0,116476604,244,236,1,1,0,0,0
244,0.042,13.6093,12.8088,0.0027,12.8059,12.7841,0.019,0.0012,0.2548,0.7776,0.008,0.1232,0.0986,0.2851,0.0069,0.015,0.0202,0.3241,0.122,0.1319,14.3757,4,283621152,355242400,1,0,116476604,245,237,1,1,0,0,0
245,0.0371,14.3858,13.7163,0.0024,13.7137,13.6982,0.0125,0.0012,0.2757,0.6512,0.0088,0.1341,0.0704,0.1537,0.0077,0.0115,0.0167,0.2681,0.1262,0.1367,15.0962,5,283621152,283608480,2,0,116476604,246,238,1,1,0,0,0
246,0.0401,14.2303,13.1591,0.0022,13.1567,13.1314,0.0212,0.0016,0.4509,1.037,0.0223,0.2435,0.1001,0.2153,0.0039,0.0212,0.0383,0.4764,0.205,0.3099,15.4877,0,283621152,355250144,0,0,116476604,247,239,1,1,0,0,0
247,0.044,1.3314,0.6845,0.0023,0.6819,0.6685,0.0109,0.0012,0.2423,0.6226,0.0073,0.0785,0.0451,0.2418,0.007,0.0151,0.0211,0.3526,0.1682,0.1975,2.2736,1,283621152,355255776,1,0,116476604,248,240,1,1,0,0,0
248,0.0666,9.1197,8.1487,0.0055,8.1428,8.1192,0.0198,0.0014,0.4023,0.9385,0.0153,0.1763,0.1199,0.2167,0.0073,0.0199,0.0359,0.4777,0.3529,0.3046,10.6919,2,283621152,355246624,2,0,116476604,249,241,1,1,0,0,0
249,0.0464,1.5156,0.6469,0.0038,0.6428,0.6322,0.0083,0.0014,0.2653,0.8467,0.0087,0.1634,0.1508,0.2508,0.0066,0.0134,0.0202,0.2761,0.1086,0.1657,2.2473,3,283621152,355249440,0,0,116476604,250,242,1,1,0,0,0
250,0.0566,1.6365,0.8017,0.0027,0.7984,0.7849,0.0106,0.0015,0.3522,0.8096,0.0126,0.1617,0.091,0.1868,0.0044,0.0138,0.0233,0.3091,0.2456,0.299,2.8101,4,283621152,355242400,1,0,116476604,251,243,1,1,0,0,0
251,0.0499,1.6794,0.8154,0.0023,0.8129,0.8011,0.0094,0.0012,0.2623,0.8228,0.0097,0.1381,0.138,0.2659,0.0081,0.0258,0.042,0.549,0.2918,0.3307,3.2205,5,283621152,283608480,2,0,116476604,252,244,1,1,0,0,0
252,0.0395,1.3067,0.6747,0.0027,0.6718,0.6606,0.0088,0.0011,0.2135,0.6166,0.0075,0.0967,0.1448,0.1513,0.002,0.0093,0.0133,0.3138,0.197,0.1787,2.2156,0,283621152,355250144,0,0,116476604,253,245,1,1,0,0,0
253,0.0385,1.373,0.6903,0.0023,0.6878,0.677,0.0083,0.001,0.2445,0.6664,0.0076,0.1072,0.1441,0.1597,0.0027,0.0097,0.0138,0.3569,0.1986,0.1782,2.3107,1,283621152,355255776,1,0,116476604,254,246,1,1,0,0,0
254,0.0703,7.4979,6.3324,0.0031,6.329,6.3063,0.0185,0.0019,0.6018,1.1247,0.02,0.2256,0.0863,0.1858,0.0044,0.0241,0.0419,0.471,0.1783,0.1745,8.6029,2,283621152,355246624,2,0,116476604,255,247,1,1,0,0,0
255,0.046,1.7266,0.9505,0.0026,0.9476,0.9359,0.0095,0.0012,0.3222,0.7554,0.0108,0.2107,0.0687,0.1383,0.0038,0.0121,0.0201,0.2874,0.1301,0.1534,2.4956,3,283621152,355249440,0,0,116476604,256,248,1,1,0,0,0
256,0.0442,1.5436,0.7268,0.0029,0.7237,0.7145,0.0071,0.0007,0.3078,0.7857,0.0175,0.1713,0.0879,0.1955,0.0055,0.0189,0.03,0.3557,0.1272,0.1467,2.3989,4,283621152,355242400,1,0,116476604,257,249,1,1,0,0,0
257,0.0381,53.4682,52.6319,0.0022,52.6294,52.6112,0.0152,0.0015,0.3244,0.8152,0.0106,0.1995,0.1605,0.1146,0.0047,0.0141,0.0219,0.296,0.1299,0.1125,54.1928,5,283621152,283608480,2,0,116476604,258,250,1,1,0,0,0
258,0.0425,14.0811,13.2203,0.003,13.2171,13.1959,0.0183,0.0012,0.3152,0.839,0.011,0.142,0.1251,0.2378,0.0069,0.0142,0.0207,0.2804,0.1144,0.1188,14.7761,0,283621152,355250144,0,0,116476604,259,251,1,1,0,0,0
259,0.0436,17.7719,14.23,0.0034,14.2264,14.1683,0.0479,0.0051,1.1343,3.46,0.0364,0.6952,0.5957,0.9644,0.0302,0.0535,0.0713,1.5574,0.4447,0.6009,20.8698,1,283621152,355255776,1,0,116476604,260,252,1,1,0,0,0
260,0.0395,4.1915,3.2835,0.0022,3.2811,3.2632,0.0138,0.0013,0.3923,0.8749,0.019,0.1614,0.1329,0.1635,0.0055,0.0211,0.0341,1.1781,0.8085,0.6161,7.4586,2,283621152,355246624,2,0,116476604,261,253,1,1,0,0,0
261,0.0974,1.9167,0.889,0.0025,0.8861,0.8696,0.0117,0.003,0.4328,0.9961,0.0137,0.1707,0.1075,0.2632,0.007,0.019,0.0277,0.3788,0.1545,0.1742,2.9415,3,283621152,355249440,0,0,116476604,262,254,1,1,0,0,0
262,0.0605,1.8202,0.9906,0.0036,0.9867,0.9741,0.0087,0.002,0.3655,0.8066,0.0137,0.1795,0.0928,0.1523,0.002,0.0125,0.0214,0.3101,0.2564,0.2824,2.9696,4,283621152,355242400,1,0,116476604,263,255,1,1,0,0,0
263,0.0454,1.4278,0.7813,0.0024,0.7787,0.7665,0.0083,0.0025,0.282,0.6317,0.01,0.1465,0.0752,0.1156,0.0019,0.008,0.0145,0.2146,0.1058,0.1134,2.0335,5,283621152,283608480,2,0,116476604,264,256,1,1,0,0,0
264,0.0752,2.2674,1.211,0.0047,1.206,1.1852,0.0142,0.0035,0.5068,1.0351,0.0132,0.1805,0.1341,0.1956,0.0037,0.0126,0.0202,0.3942,0.1815,0.2528,3.4098,0,283621152,355250144,0,0,116476604,265,257,1,1,0,0,0
265,0.0377,1.5559,0.7268,0.0025,0.7241,0.7101,0.0109,0.0016,0.3429,0.8036,0.0125,0.1882,0.1185,0.1366,0.0041,0.0137,0.0342,0.4664,0.2813,0.3136,2.9635,1,283621152,355255776,1,0,116476604,266,258,1,1,0,0,0
266,0.0388,1.3133,0.5948,0.0023,0.5923,0.5823,0.0074,0.0014,0.2702,0.7005,0.0095,0.1792,0.0943,0.1432,0.0034,0.0105,0.0173,0.3569,0.1803,0.1189,2.1592,2,283621152,355246624,2,0,116476604,267,259,1,1,0,0,0
267,0.0748,2.6461,1.7655,0.0043,1.7609,1.7433,0.0117,0.0032,0.2895,0.8597,0.0091,0.1672,0.1354,0.2528,0.0048,0.0121,0.0197,0.4101,0.1516,0.2442,3.744,3,283621152,355249440,0,0,116476604,268,260,1,1,0,0,0
268,0.0416,1.2029,0.6484,0.0026,0.6456,0.6388,0.0046,0.0008,0.2216,0.5381,0.009,0.1091,0.0519,0.1444,0.002,0.0098,0.0131,0.2132,0.1068,0.164,1.86,4,283621152,355242400,1,0,116476604,269,261,1,1,0,0,0
269,0.0631,2.2238,0.9003,0.0041,0.8955,0.8855,0.0072,0.0014,0.4966,1.3057,0.0256,0.4881,0.1215,0.1705,0.0027,0.01,0.0179,0.3503,0.1479,0.1338,3.0775,5,283621152,283608480,2,0,116476604,270,262,1,1,0,0,0
270,0.0402,1.281,0.619,0.0022,0.6166,0.6088,0.0054,0.0012,0.2749,0.6445,0.0093,0.1558,0.075,0.1257,0.003,0.01,0.0171,0.3342,0.1581,0.1598,2.1331,0,283621152,355250144,0,0,116476604,271,263,1,1,0,0,0
271,0.0399,70.4986,69.0561,0.0026,69.0532,69.0273,0.0212,0.0024,0.5623,1.4149,0.014,0.2401,0.2142,0.374,0.0089,0.0181,0.0249,0.5357,0.2109,0.1855,71.6841,1,283621152,355255776,1,0,116476604,272,264,1,1,0,0,0
272,0.0614,21.3325,20.25,0.0035,20.2462,20.2276,0.0152,0.0013,0.3467,0.9979,0.0119,0.1862,0.1711,0.2755,0.0056,0.0128,0.0167,0.3371,0.1497,0.1373,22.1696,2,283621152,355246624,2,0,116476604,273,265,1,1,0,0,0
273,0.0389,24.131,23.2672,0.0025,23.2645,23.2487,0.0127,0.0014,0.2745,0.8459,0.0093,0.2012,0.1163,0.2404,0.0036,0.0114,0.0152,0.3229,0.1399,0.1336,24.9093,3,283621152,355249440,0,0,116476604,274,266,1,1,0,0,0
274,0.0395,22.2213,20.1585,0.0024,20.1559,20.1216,0.0278,0.0031,0.8646,2.032,0.024,0.373,0.2922,0.4652,0.011,0.0186,0.0289,0.8022,0.3139,0.3531,24.0033,4,283621152,355242400,1,0,116476604,275,267,1,1,0,0,0
275,0.0552,1.2394,0.6872,0.0029,0.6841,0.6775,0.0052,0.001,0.2051,0.5321,0.0084,0.0967,0.0383,0.1745,0.0088,0.0118,0.0197,0.3311,0.157,0.1499,2.1104,5,283621152,283608480,2,0,116476604,276,268,1,1,0,0,0
276,0.0499,1.6918,0.7627,0.0031,0.7593,0.7464,0.0101,0.0014,0.3499,0.9048,0.0104,0.1827,0.1397,0.2113,0.0097,0.0163,0.0208,0.3461,0.1168,0.1239,2.4742,0,283621152,355250144,0,0,116476604,277,269,1,1,0,0,0
277,0.047,1.5017,0.763,0.0027,0.7601,0.7467,0.0107,0.0013,0.2586,0.7158,0.0085,0.135,0.0754,0.2326,0.005,0.0148,0.0205,0.3068,0.103,0.1091,2.2083,1,283621152,355255776,1,0,116476604,278,270,1,1,0,0,0
278,0.0485,1.4899,0.7706,0.0031,0.7672,0.7544,0.0101,0.0011,0.2924,0.7027,0.0104,0.1331,0.0918,0.1722,0.002,0.009,0.0164,0.2429,0.1787,0.2418,2.4416,2,283621152,355246624,2,0,116476604,279,271,1,1,0,0,0
279,0.0405,1.1494,0.6402,0.0022,0.6378,0.631,0.0047,0.0011,0.198,0.4958,0.0066,0.0877,0.0626,0.1387,0.0019,0.0078,0.0128,0.2242,0.0894,0.0973,1.7152,3,283621152,355249440,0,0,116476604,280,272,1,1,0,0,0
280,0.1791,19.5114,18.4579,0.0186,18.4384,18.4194,0.014,0.0018,0.5195,1.0155,0.0199,0.2068,0.0862,0.1785,0.0038,0.0198,0.0374,0.4921,0.1653,0.24,20.8017,4,283621152,355242400,1,0,116476604,281,273,1,1,0,0,0
281,0.0987,2.1584,1.1707,0.0035,1.167,1.1543,0.0097,0.0019,0.3415,0.9621,0.0121,0.1947,0.1518,0.2535,0.0075,0.014,0.0274,0.4416,0.1799,0.1834,3.2797,5,283621152,283608480,2,0,116476604,282,274,1,1,0,0,0
282,0.0454,1.4315,0.7182,0.0026,0.7154,0.7019,0.011,0.0013,0.2437,0.6902,0.0079,0.1109,0.091,0.231,0.0051,0.0145,0.0205,0.3832,0.1757,0.1842,2.4068,0,283621152,355250144,0,0,116476604,283,275,1,1,0,0,0
283,0.0935,1.9691,1.1345,0.0035,1.1299,1.1241,0.004,0.0012,0.3995,0.8215,0.0116,0.1966,0.0968,0.1133,0.0031,0.0034,0.0179,0.3983,0.2034,0.2376,3.1003,1,283621152,355255776,1,0,116476604,284,276,1,1,0,0,0
284,0.0441,1.4773,0.6842,0.003,0.681,0.6709,0.0073,0.0012,0.2945,0.7622,0.0099,0.1637,0.0952,0.1943,0.0039,0.0182,0.0233,0.3265,0.1671,0.3134,2.5296,2,283621152,355246624,2,0,116476604,285,277,1,1,0,0,0
285,0.0396,1.4524,0.629,0.0022,0.6266,0.6198,0.0044,0.0013,0.2877,0.8023,0.0102,0.1774,0.12,0.2019,0.0042,0.0125,0.0189,0.411,0.1286,0.0987,2.2586,3,283621152,355249440,0,0,116476604,286,278,1,1,0,0,0
286,0.0465,21.7322,20.3926,0.0024,20.3898,20.3555,0.0299,0.0019,0.4526,1.3145,0.0134,0.2712,0.1923,0.3731,0.0105,0.0156,0.0245,0.5515,0.2048,0.1875,22.9256,4,283621152,355242400,1,0,116476604,287,279,1,1,0,0,0
287,0.0412,41.4519,40.6893,0.0021,40.6871,40.668,0.0165,0.0012,0.3193,0.7445,0.0098,0.1294,0.0891,0.1912,0.0048,0.012,0.0174,0.3132,0.1223,0.1103,42.173,5,283621152,283608480,2,0,116476604,288,280,1,1,0,0,0
288,0.0395,13.5341,12.5978,0.0027,12.5949,12.5827,0.0099,0.0011,0.2723,0.9125,0.0099,0.211,0.1335,0.2772,0.0075,0.0156,0.019,0.2746,0.1106,0.1165,14.218,0,283621152,355250144,0,0,116476604,289,281,1,1,0,0,0
289,0.0375,24.6221,23.8783,0.0026,23.8755,23.8612,0.0119,0.001,0.2631,0.7246,0.0088,0.1354,0.1062,0.2052,0.0053,0.012,0.0175,0.3396,0.1364,0.1317,25.4176,1,283621152,355255776,1,0,116476604,290,282,1,1,0,0,0
290,0.0565,20.0039,18.0569,0.0032,18.0535,18.014,0.0321,0.0034,0.6729,1.9055,0.0198,0.3426,0.3036,0.5501,0.0145,0.0271,0.0375,0.7586,0.2945,0.2331,21.6275,2,283621152,355246624,2,0,116476604,291,283,1,1,0,0,0
291,0.0485,1.8202,0.9081,0.0032,0.9042,0.8915,0.0098,0.0015,0.3368,0.8863,0.01,0.1653,0.1357,0.2309,0.0068,0.0162,0.0224,0.2729,0.1031,0.1275,2.5118,3,283621152,355249440,0,0,116476604,292,284,1,1,0,0,0
292,0.0412,1.5017,0.648,0.0021,0.6457,0.6347,0.0087,0.001,0.2871,0.831,0.0102,0.1592,0.1366,0.2302,0.0066,0.0143,0.0206,0.4077,0.1731,0.1588,2.4641,4,283621152,355242400,1,0,116476604,293,285,1,1,0,0,0
293,0.1792,10.347,9.3032,0.0176,9.2847,9.2712,0.0098,0.0019,0.4533,1.0118,0.0169,0.2154,0.1286,0.1921,0.0046,0.0191,0.028,0.5296,0.209,0.2505,11.7378,5,283621152,283608480,2,0,116476604,294,286,1,1,0,0,0
294,0.0418,1.3124,0.6397,0.0021,0.6374,0.6253,0.0091,0.0017,0.2629,0.6532,0.0091,0.1326,0.0783,0.1661,0.0035,0.011,0.0182,0.3386,0.1533,0.1556,2.1764,0,283621152,355250144,0,0,116476604,295,287,1,1,0,0,0
295,0.0726,8.6017,7.6038,0.0034,7.6,7.5871,0.0083,0.0025,0.5365,0.9641,0.0195,0.1597,0.0782,0.1668,0.0028,0.0167,0.035,0.5296,0.2417,0.2504,9.9457,1,283621152,355255776,1,0,116476604,296,288,1,1,0,0,0
296,0.0743,1.8798,0.9365,0.0036,0.9327,0.9182,0.011,0.0018,0.4149,0.9162,0.012,0.1591,0.0634,0.2588,0.007,0.0167,0.0248,0.4794,0.1602,0.1559,2.923,2,283621152,355246624,2,0,116476604,297,289,1,1,0,0,0
297,0.0442,1.4227,0.7029,0.0024,0.7003,0.688,0.0094,0.0013,0.3103,0.7063,0.0104,0.1552,0.0809,0.1466,0.0022,0.0068,0.0138,0.2129,0.1053,0.1673,2.0742,3,283621152,355249440,0,0,116476604,298,290,1,1,0,0,0
298,0.0812,2.5732,1.5486,0.0032,1.545,1.5253,0.015,0.0026,0.5075,0.9894,0.0169,0.189,0.0708,0.1901,0.0144,0.0196,0.0357,0.4394,0.1513,0.1654,3.5961,4,283621152,355242400,1,0,116476604,299,291,1,1,0,0,0
299,0.0624,2.629,1.2811,0.0028,1.278,1.2671,0.0088,0.0012,0.2228,1.2791,0.008,0.0962,0.1718,0.7573,0.0217,0.0254,0.0652,1.755,0.7189,0.5592,6.3712,5,283621152,283608480,2,0,116476604,300,292,1,1,0,0,0
300,0.0469,1.8989,0.9148,0.0028,0.9118,0.8984,0.0091,0.0027,0.4909,0.9499,0.0184,0.1972,0.0832,0.1564,0.003,0.018,0.0336,0.511,0.1967,0.1476,2.9772,0,283621152,355250144,0,0,116476604,301,293,1,1,0,0,0
301,0.0396,1.5503,0.6334,0.0025,0.6307,0.6202,0.0084,0.0011,0.3425,0.8952,0.0096,0.2029,0.1404,0.192,0.007,0.0133,0.0204,0.4588,0.1296,0.1021,2.4103,1,283621152,355255776,1,0,116476604,302,294,1,1,0,0,0
302,0.0481,50.3883,49.8376,0.0033,49.8341,49.824,0.0077,0.0011,0.2058,0.5315,0.0081,0.1029,0.0679,0.142,0.0044,0.0126,0.0163,0.2871,0.107,0.1033,51.0632,2,283621152,355246624,2,0,116476604,303,295,1,1,0,0,0
303,0.0405,13.6421,12.8519,0.0025,12.8492,12.8277,0.0189,0.0011,0.302,0.7727,0.0105,0.1734,0.1226,0.1592,0.0044,0.0115,0.0155,0.2701,0.1093,0.1607,14.3545,3,283621152,355249440,0,0,116476604,304,296,1,1,0,0,0
304,0.0404,25.7265,24.798,0.0028,24.795,24.7786,0.0138,0.0012,0.3114,0.905,0.0101,0.1724,0.1386,0.2622,0.0093,0.0157,0.0198,0.3014,0.1153,0.1063,26.4331,4,283621152,355242400,1,0,116476604,305,297,1,1,0,0,0
305,0.0375,25.0893,23.9899,0.0027,23.987,23.96,0.0231,0.0016,0.4572,1.0628,0.0217,0.1883,0.0959,0.2939,0.0048,0.0225,0.0364,0.4778,0.2134,0.164,26.1543,5,283621152,283608480,2,0,116476604,306,298,1,1,0,0,0
306,0.1177,3.422,2.6941,0.0042,2.6895,2.6743,0.0115,0.0014,0.3319,0.7049,0.0178,0.1342,0.0831,0.1327,0.0047,0.0133,0.0233,0.3935,0.197,0.1895,4.53,0,283621152,355250144,0,0,116476604,307,299,1,1,0,0,0
307,0.0549,1.3729,0.7036,0.0027,0.7006,0.6928,0.0059,0.0011,0.3354,0.6558,0.0083,0.1123,0.0764,0.1208,0.0021,0.0077,0.0137,0.2762,0.1352,0.0944,2.0619,1,283621152,355255776,1,0,116476604,308,300,1,1,0,0,0
308,0.0567,5.0012,1.3458,0.0033,1.3423,1.2969,0.0361,0.0044,1.3083,3.5837,0.0446,0.7339,0.3906,1.0765,0.026,0.0443,0.065,1.6538,0.8612,0.8788,9.1753,2,283621152,355246624,2,0,116476604,309,301,1,1,0,0,0
309,0.0602,1.7447,0.8384,0.0047,0.8333,0.8187,0.0112,0.0016,0.3187,0.8814,0.0109,0.1898,0.1575,0.1969,0.0065,0.0166,0.019,0.4318,0.1572,0.1065,2.6744,3,283621152,355249440,0,0,116476604,310,302,1,1,0,0,0
310,0.0629,1.6937,0.9254,0.0041,0.9211,0.9066,0.0114,0.0015,0.3152,0.7387,0.0105,0.1374,0.1138,0.1505,0.0104,0.0178,0.0248,0.4982,0.1635,0.1481,2.7577,4,283621152,355242400,1,0,116476604,311,303,1,1,0,0,0
311,0.0452,1.4179,0.6765,0.0025,0.6737,0.6607,0.0097,0.0018,0.2888,0.7215,0.01,0.1219,0.1167,0.1797,0.0035,0.0117,0.0195,0.277,0.0987,0.0891,2.0557,5,283621152,283608480,2,0,116476604,312,304,1,1,0,0,0
312,0.0507,1.5481,0.8066,0.0035,0.8028,0.7954,0.0058,0.0011,0.3011,0.717,0.0119,0.1299,0.0721,0.1966,0.005,0.0137,0.0248,0.444,0.1309,0.149,2.4878,0,283621152,355250144,0,0,116476604,313,305,1,1,0,0,0
313,0.0457,2.1003,1.0387,0.003,1.0354,1.0176,0.0146,0.0014,0.4401,1.028,0.0186,0.2338,0.1394,0.1888,0.0065,0.0193,0.0336,0.6103,0.1313,0.1267,3.1987,1,283621152,355255776,1,0,116476604,314,306,1,1,0,0,0
314,0.0577,1.7105,0.8846,0.0033,0.881,0.8696,0.009,0.0014,0.316,0.8018,0.0137,0.173,0.0842,0.2093,0.0049,0.0127,0.0332,0.5687,0.2778,0.1129,2.9187,2,283621152,355246624,2,0,116476604,315,307,1,1,0,0,0
315,0.0424,1.4152,0.7112,0.0026,0.7084,0.6975,0.0085,0.0013,0.3024,0.6677,0.0162,0.1264,0.0729,0.1441,0.0051,0.0211,0.0377,0.395,0.16,0.1714,2.3928,3,283621152,355249440,0,0,116476604,316,308,1,1,0,0,0
316,0.0583,2.4144,1.1583,0.0027,1.1554,1.1373,0.014,0.0015,0.5318,1.211,0.0197,0.2212,0.1175,0.3146,0.0054,0.0242,0.0457,0.4501,0.1558,0.1391,3.4263,4,283621152,355242400,1,0,116476604,317,309,1,1,0,0,0
317,0.0897,2.2403,1.4384,0.003,1.435,1.4231,0.0091,0.0017,0.459,0.7868,0.0074,0.0982,0.0784,0.1366,0.0065,0.0065,0.0195,0.3525,0.1124,0.1004,3.0264,5,283621152,283608480,2,0,116476604,318,310,1,1,0,0,0
318,0.0474,1.4464,0.7297,0.0025,0.7269,0.7152,0.0092,0.0011,0.3129,0.6959,0.0108,0.1319,0.0883,0.1429,0.0084,0.0129,0.0213,0.4072,0.1618,0.1028,2.3218,0,283621152,355250144,0,0,116476604,319,311,1,1,0,0,0
319,0.0742,2.3357,1.2294,0.0034,1.2257,1.2101,0.0098,0.0031,0.3828,1.0763,0.0209,0.2838,0.1725,0.2096,0.0052,0.0178,0.026,0.4423,0.1942,0.1936,3.4737,1,283621152,355255776,1,0,116476604,320,312,1,1,0,0,0
320,0.0392,1.4017,0.671,0.0023,0.6684,0.6557,0.0099,0.0014,0.237,0.7081,0.008,0.1205,0.129,0.2059,0.007,0.0143,0.0215,0.4527,0.1444,0.1799,2.3445,2,283621152,355246624,2,0,116476604,321,313,1,1,0,0,0
321,0.0703,2.2455,1.2229,0.004,1.2183,1.2043,0.0115,0.0014,0.4305,0.9879,0.0127,0.2205,0.1097,0.1981,0.0154,0.0227,0.0285,0.3853,0.1565,0.1546,3.2125,3,283621152,355249440,0,0,116476604,322,314,1,1,0,0,0
322,0.0403,1.3683,0.7347,0.0021,0.7324,0.7206,0.0092,0.0011,0.243,0.6126,0.0074,0.1022,0.0618,0.1886,0.0091,0.0135,0.0198,0.4908,0.1944,0.0922,2.3348,4,283621152,355242400,1,0,116476604,323,315,1,1,0,0,0
323,0.0447,54.8337,54.0147,0.0031,54.0108,53.9939,0.0143,0.0011,0.3459,0.8011,0.0114,0.1829,0.1224,0.1337,0.004,0.0117,0.0157,0.2713,0.1011,0.0878,55.4694,5,283621152,283608480,2,0,116476604,324,316,1,1,0,0,0
324,0.0437,13.9955,13.1885,0.0025,13.1858,13.1654,0.0176,0.0013,0.3044,0.7885,0.0105,0.1197,0.1641,0.1818,0.007,0.0111,0.0171,0.3425,0.0947,0.0991,14.6937,0,283621152,355250144,0,0,116476604,325,317,1,1,0,0,0
325,0.0398,24.8911,24.1247,0.0023,24.1222,24.1031,0.0165,0.0011,0.2892,0.7467,0.0103,0.1586,0.1108,0.1727,0.0042,0.011,0.0199,0.4197,0.1412,0.0991,25.7375,1,283621152,355255776,1,0,116476604,326,318,1,1,0,0,0
326,0.0386,24.419,23.4408,0.0023,23.4382,23.4129,0.022,0.0014,0.4528,0.9456,0.0198,0.1883,0.0857,0.1915,0.0066,0.0188,0.033,0.4618,0.2008,0.162,25.5168,2,283621152,355246624,2,0,116476604,327,319,1,1,0,0,0
327,0.0435,1.3327,0.6988,0.0029,0.6957,0.6837,0.0097,0.0011,0.2438,0.6168,0.0086,0.1051,0.0983,0.1564,0.004,0.0101,0.0163,0.2559,0.1499,0.1242,2.0577,3,283621152,355249440,0,0,116476604,328,320,1,1,0,0,0
328,0.0458,3.8925,2.8304,0.0032,2.827,2.8043,0.0192,0.0012,0.4777,1.0289,0.0541,0.1922,0.092,0.2047,0.0075,0.0147,0.0383,0.5688,0.1703,0.1394,5.0224,4,283621152,355242400,1,0,116476604,329,321,1,1,0,0,0
329,0.0486,1.5697,0.7198,0.0026,0.717,0.7049,0.0097,0.0011,0.3102,0.8301,0.0107,0.1593,0.1259,0.2179,0.0054,0.0128,0.0179,0.3961,0.1546,0.1029,2.4211,5,283621152,283608480,2,0,116476604,330,322,1,1,0,0,0
330,0.044,1.4882,0.6903,0.0034,0.6865,0.6748,0.0089,0.0012,0.3044,0.7797,0.0097,0.2055,0.0906,0.1633,0.0055,0.0107,0.0168,0.3018,0.0888,0.089,2.13,0,283621152,355250144,0,0,116476604,331,323,1,1,0,0,0
331,0.1277,2.0505,1.0771,0.0044,1.0722,1.059,0.0101,0.0012,0.3736,0.943,0.0279,0.1848,0.1107,0.2377,0.0073,0.0186,0.0486,0.7017,0.2359,0.2166,3.6316,1,283621152,355255776,1,0,116476604,332,324,1,1,0,0,0
332,0.0407,1.9258,0.6488,0.0021,0.6464,0.6351,0.0092,0.0011,0.6497,1.2549,0.0095,0.2234,0.1328,0.2315,0.0072,0.0138,0.0214,0.4655,0.1929,0.1358,2.898,2,283621152,355246624,2,0,116476604,333,325,1,1,0,0,0
333,0.0451,1.474,0.6451,0.0023,0.6425,0.6303,0.0098,0.0013,0.3029,0.8136,0.0089,0.1729,0.1193,0.2025,0.0061,0.0093,0.0141,0.3929,0.0852,0.0741,2.1822,3,283621152,355249440,0,0,116476604,334,326,1,1,0,0,0
334,0.0516,56.9438,56.184,0.0026,56.1812,56.1593,0.0188,0.0011,0.2813,0.7374,0.0074,0.0942,0.0693,0.2776,0.0069,0.0142,0.0225,0.3893,0.122,0.0857,57.7336,4,283621152,355242400,1,0,116476604,335,327,1,1,0,0,0
335,0.0407,12.9716,11.9575,0.0024,11.9549,11.9332,0.0186,0.0011,0.3473,0.9902,0.0106,0.228,0.1343,0.2623,0.0067,0.0149,0.0206,0.2833,0.0897,0.0826,13.5902,5,283621152,283608480,2,0,116476604,336,328,1,1,0,0,0
336,0.0384,13.655,12.7748,0.0025,12.772,12.7511,0.0181,0.0011,0.2991,0.8575,0.0104,0.1704,0.1368,0.2296,0.0103,0.0148,0.0202,0.3416,0.1051,0.0802,14.3347,0,283621152,355250144,0,0,116476604,337,329,1,1,0,0,0
337,0.0412,13.1674,12.1753,0.0029,12.1722,12.1486,0.02,0.0014,0.4442,0.9553,0.0203,0.2035,0.1159,0.1643,0.0063,0.0211,0.0379,0.5275,0.1725,0.115,14.1994,1,283621152,355255776,1,0,116476604,338,330,1,1,0,0,0
338,0.044,1.3702,0.7004,0.0026,0.6975,0.6854,0.0093,0.0013,0.2427,0.6558,0.0076,0.1047,0.1446,0.1528,0.0028,0.0084,0.0175,0.2076,0.1369,0.166,2.0864,2,283621152,355246624,2,0,116476604,339,331,1,1,0,0,0
339,0.047,4.6078,3.6989,0.0032,3.6954,3.6783,0.0137,0.0015,0.3945,0.8727,0.017,0.165,0.0907,0.1989,0.0061,0.0223,0.0394,0.4761,0.1739,0.1387,5.6186,3,283621152,355249440,0,0,116476604,340,332,1,1,0,0,0
340,0.0556,1.5767,0.872,0.0033,0.8684,0.8611,0.0057,0.0009,0.2611,0.6814,0.0083,0.1031,0.0736,0.2295,0.0051,0.015,0.0217,0.3866,0.091,0.075,2.301,4,283621152,355242400,1,0,116476604,341,333,1,1,0,0,0
341,0.0966,1.9978,1.0811,0.0035,1.0772,1.0653,0.0094,0.0015,0.3782,0.8977,0.013,0.1923,0.104,0.2045,0.0048,0.0118,0.0211,0.3097,0.1267,0.1342,2.8489,5,283621152,283608480,2,0,116476604,342,334,1,1,0,0,0
342,0.0884,2.4217,1.308,0.0039,1.3037,1.2898,0.0109,0.002,0.4926,1.0918,0.0094,0.1861,0.1379,0.2577,0.0073,0.0136,0.0205,0.3411,0.0877,0.0998,3.1586,0,283621152,355250144,0,0,116476604,343,335,1,1,0,0,0
343,0.0457,1.73,0.7793,0.0028,0.7762,0.7633,0.0099,0.0014,0.3225,0.9192,0.0106,0.1878,0.1527,0.2379,0.0068,0.0216,0.0264,0.4582,0.2612,0.242,2.9712,1,283621152,355255776,1,0,116476604,344,336,1,1,0,0,0
344,0.0403,1.5211,0.6738,0.002,0.6715,0.6594,0.0099,0.0011,0.3203,0.8296,0.0101,0.2168,0.112,0.1642,0.0053,0.01,0.0177,0.2676,0.0851,0.0778,2.1033,2,283621152,355246624,2,0,116476604,345,337,1,1,0,0,0
345,0.0384,54.5174,53.6754,0.0023,53.6729,53.6532,0.0169,0.0011,0.3186,0.823,0.0095,0.1756,0.1388,0.1737,0.0059,0.0118,0.0194,0.3102,0.1092,0.092,55.1996,3,283621152,355249440,0,0,116476604,346,338,1,1,0,0,0
346,0.0396,13.6543,12.7277,0.003,12.7245,12.7037,0.018,0.0013,0.3133,0.9045,0.0106,0.1821,0.1326,0.2581,0.0069,0.0145,0.0222,0.2528,0.0944,0.0836,14.2469,4,283621152,355242400,1,0,116476604,347,339,1,1,0,0,0
347,0.048,23.3744,22.7028,0.0029,22.6996,22.6851,0.0118,0.0012,0.242,0.6515,0.0076,0.1133,0.0951,0.1887,0.0039,0.0117,0.0185,0.2792,0.1025,0.0887,24.0116,5,283621152,283608480,2,0,116476604,348,340,1,1,0,0,0
348,0.0406,15.6707,14.888,0.0023,14.8854,14.868,0.013,0.0013,0.4044,0.7503,0.02,0.1266,0.0741,0.1216,0.0029,0.0176,0.0313,0.4336,0.1969,0.1186,16.6301,0,283621152,355250144,0,0,116476604,349,341,1,1,0,0,0
349,0.0538,2.5255,1.4625,0.0029,1.4594,1.4384,0.0136,0.005,0.5739,1.0421,0.016,0.1507,0.084,0.2142,0.0026,0.0117,0.0195,0.3011,0.1284,0.1188,3.2817,1,283621152,355255776,1,0,116476604,350,342,1,1,0,0,0
350,0.0958,1.8226,1.0836,0.004,1.0791,1.0679,0.0079,0.0019,0.3067,0.7136,0.0137,0.1254,0.0845,0.1803,0.0023,0.014,0.0221,0.3392,0.1256,0.1383,2.6769,2,283621152,355246624,2,0,116476604,351,343,1,1,0,0,0
351,0.0513,1.6139,0.7281,0.0028,0.725,0.7135,0.0091,0.0011,0.3158,0.8622,0.0106,0.1639,0.137,0.227,0.0071,0.0149,0.0199,0.4418,0.1067,0.1448,2.484,3,283621152,355249440,0,0,116476604,352,344,1,1,0,0,0
352,0.0676,1.8109,0.9312,0.0054,0.9255,0.9136,0.0094,0.0013,0.3223,0.8638,0.0116,0.1889,0.1474,0.1857,0.0068,0.0067,0.0209,0.4929,0.1816,0.1486,2.8869,4,283621152,355242400,1,0,116476604,353,345,1,1,0,0,0
353,0.0454,1.5217,0.721,0.0021,0.7187,0.7065,0.0097,0.0012,0.3168,0.7796,0.0222,0.1582,0.1205,0.157,0.0041,0.0137,0.0174,0.3609,0.0928,0.1114,2.2739,5,283621152,283608480,2,0,116476604,354,346,1,1,0,0,0
354,0.0677,14.3956,13.1712,0.0031,13.1678,13.1506,0.0136,0.0013,0.4959,1.1936,0.0137,0.2233,0.1807,0.27,0.009,0.0201,0.028,0.5165,0.1801,0.165,15.5447,0,283621152,355250144,0,0,116476604,355,347,1,1,0,0,0
355,0.0414,1.3668,0.6388,0.0026,0.636,0.6237,0.0086,0.0024,0.2109,0.7094,0.0074,0.1321,0.102,0.2501,0.0063,0.0108,0.0172,0.3809,0.1601,0.0864,2.1845,1,283621152,355255776,1,0,116476604,356,348,1,1,0,0,0
356,0.0594,11.7263,10.6834,0.0029,10.68,10.6627,0.0128,0.0019,0.4863,1.0045,0.0242,0.1912,0.1021,0.1941,0.006,0.0215,0.0378,0.464,0.1557,0.1491,12.7494,2,283621152,355246624,2,0,116476604,357,349,1,1,0,0,0
357,0.051,1.4373,0.7647,0.0026,0.7617,0.7513,0.0086,0.001,0.2239,0.6629,0.0077,0.1332,0.1536,0.1406,0.0032,0.0033,0.0145,0.2561,0.1105,0.0924,2.0714,3,283621152,355249440,0,0,116476604,358,350,1,1,0,0,0
358,0.0618,2.0182,0.9446,0.0048,0.9393,0.9234,0.0116,0.002,0.3905,1.0562,0.03,0.2232,0.1573,0.2496,0.0049,0.0076,0.0221,0.4913,0.1701,0.1714,3.077,4,283621152,355242400,1,0,116476604,359,351,1,1,0,0,0
359,0.0457,1.8518,0.7383,0.0032,0.7349,0.7258,0.0061,0.0014,0.355,1.0769,0.01,0.235,0.1671,0.3009,0.008,0.0229,0.038,0.599,0.2064,0.1873,3.1853,5,283621152,283608480,2,0,116476604,360,352,1,1,0,0,0
360,0.0405,1.3331,0.6434,0.0024,0.6409,0.6302,0.0087,0.0012,0.3071,0.6723,0.0093,0.1386,0.0732,0.138,0.0055,0.0103,0.0176,0.3058,0.0995,0.0766,1.9716,0,283621152,355250144,0,0,116476604,361,353,1,1,0,0,0
361,0.0455,13.7599,13.0847,0.0025,13.082,13.0633,0.0161,0.0012,0.3062,0.661,0.007,0.1049,0.0903,0.1497,0.0022,0.0079,0.0143,0.2805,0.1119,0.0895,14.4125,1,283621152,355255776,1,0,116476604,362,354,1,1,0,0,0
362,0.0518,49.9711,49.174,0.0026,49.1712,49.151,0.0177,0.0012,0.3258,0.7824,0.01,0.1643,0.1367,0.1416,0.0033,0.0093,0.0142,0.2792,0.1105,0.1468,50.6798,2,283621152,355246624,2,0,116476604,363,355,1,1,0,0,0
363,0.0413,20.7919,19.3065,0.003,19.3033,19.2661,0.0319,0.0024,0.561,1.4556,0.0146,0.2814,0.223,0.3608,0.0132,0.0198,0.0282,0.598,0.1933,0.1754,22.0086,3,283621152,355249440,0,0,116476604,364,356,1,1,0,0,0
364,0.0657,9.408,8.4474,0.0032,8.4438,8.4206,0.0199,0.0012,0.3445,0.9364,0.0123,0.1793,0.1126,0.2799,0.007,0.0161,0.0211,0.255,0.0916,0.0821,10.0202,4,283621152,355242400,1,0,116476604,365,357,1,1,0,0,0
365,0.0399,14.3262,13.3309,0.0022,13.3284,13.3082,0.016,0.002,0.4792,0.9551,0.0202,0.1777,0.0939,0.1772,0.0063,0.0237,0.041,0.4682,0.1909,0.1342,15.328,5,283621152,283608480,2,0,116476604,366,358,1,1,0,0,0
366,0.0433,1.3913,0.7405,0.0023,0.7377,0.7252,0.0097,0.0013,0.2518,0.6303,0.008,0.0929,0.066,0.206,0.0048,0.0126,0.0192,0.3428,0.1186,0.1062,2.13,0,283621152,355250144,0,0,116476604,367,359,1,1,0,0,0
367,0.1716,10.3249,9.1411,0.0183,9.1219,9.0952,0.023,0.0014,0.4332,1.1505,0.0149,0.2236,0.1561,0.3129,0.0086,0.021,0.0281,0.5295,0.1924,0.1824,11.6177,1,283621152,355255776,1,0,116476604,368,360,1,1,0,0,0
368,0.0756,2.2355,1.0986,0.0066,1.0916,1.0754,0.0131,0.0014,0.4059,1.112,0.0128,0.2189,0.1679,0.2985,0.0069,0.0143,0.0226,0.5162,0.2534,0.2919,3.7015,2,283621152,355246624,2,0,116476604,369,361,1,1,0,0,0
369,0.0626,1.9093,0.9765,0.003,0.9732,0.9618,0.0091,0.0013,0.2967,0.9071,0.0126,0.1774,0.1642,0.2468,0.0083,0.0135,0.0325,0.4777,0.1716,0.194,3.083,3,283621152,355249440,0,0,116476604,370,362,1,1,0,0,0
370,0.0451,1.5676,0.707,0.0025,0.7042,0.6925,0.0093,0.001,0.2976,0.8448,0.0094,0.1669,0.1451,0.2218,0.0032,0.0094,0.0166,0.2304,0.1018,0.0986,2.1741,4,283621152,355242400,1,0,116476604,371,363,1,1,0,0,0
371,0.0712,2.2771,1.3907,0.0034,1.387,1.365,0.0165,0.0032,0.4724,0.8716,0.0106,0.1491,0.0988,0.1364,0.0035,0.0077,0.0153,0.5433,0.6491,0.6228,4.7479,5,283621152,283608480,2,0,116476604,372,364,1,1,0,0,0
372,0.0433,5.4184,2.0485,0.0027,2.0456,2.0137,0.0234,0.006,1.1411,3.3184,0.0822,0.7346,0.467,0.8771,0.0131,0.024,0.0643,1.8585,0.4882,0.2589,8.4418,0,283621152,355250144,0,0,116476604,373,365,1,1,0,0,0
373,0.0436,1.4756,0.7024,0.0027,0.6995,0.6879,0.0092,0.0013,0.3132,0.758,0.0093,0.1504,0.1017,0.1793,0.0034,0.0088,0.0156,0.2415,0.116,0.0966,2.1,1,283621152,355255776,1,0,116476604,374,366,1,1,0,0,0
374,0.0443,1.1862,0.6434,0.0023,0.6409,0.634,0.0054,0.0006,0.2175,0.5263,0.0073,0.1183,0.0677,0.1121,0.0028,0.0106,0.0134,0.285,0.1641,0.1971,2.0249,2,283621152,355246624,2,0,116476604,375,367,1,1,0,0,0
375,0.0387,48.9187,48.2471,0.0027,48.2442,48.2291,0.0122,0.0012,0.31,0.6545,0.0077,0.099,0.077,0.1562,0.004,0.0106,0.0156,0.2685,0.106,0.1027,49.574,3,283621152,355249440,0,0,116476604,376,368,1,1,0,0,0
376,0.0426,25.1679,24.3971,0.0026,24.3943,24.3743,0.0175,0.0011,0.31,0.7526,0.0102,0.1318,0.1135,0.18,0.0064,0.0109,0.0185,0.3907,0.1352,0.1136,26.0005,4,283621152,355242400,1,0,116476604,377,369,1,1,0,0,0
377,0.0389,22.9255,21.6815,0.0021,21.6792,21.6507,0.0246,0.0017,0.425,1.2121,0.0318,0.2464,0.1634,0.3349,0.0093,0.022,0.0277,0.5201,0.181,0.1655,24.0207,5,283621152,283608480,2,0,116476604,378,370,1,1,0,0,0
378,0.0891,8.5425,7.4371,0.0049,7.4315,7.4057,0.0221,0.0013,0.4544,1.0672,0.0219,0.2295,0.1334,0.2203,0.0069,0.022,0.0386,0.5433,0.1525,0.1482,9.6664,0,283621152,355250144,0,0,116476604,379,371,1,1,0,0,0
379,0.0366,1.3782,0.5973,0.0022,0.5949,0.5842,0.0085,0.0011,0.2906,0.7618,0.0098,0.1808,0.1182,0.1563,0.0051,0.0116,0.0182,0.4051,0.1578,0.1189,2.2452,1,283621152,355255776,1,0,116476604,380,372,1,1,0,0,0
380,0.0469,4.4161,3.3139,0.0031,3.3104,3.2915,0.0146,0.0017,0.5114,1.0628,0.0209,0.1938,0.1236,0.2062,0.0062,0.0244,0.0389,0.5138,0.2026,0.2157,5.6116,2,283621152,355246624,2,0,116476604,381,373,1,1,0,0,0
381,0.0472,1.3938,0.7548,0.003,0.7516,0.7401,0.0092,0.0012,0.2457,0.6235,0.0078,0.0987,0.0657,0.2021,0.0029,0.0082,0.0143,0.3606,0.1585,0.1137,2.2182,3,283621152,355249440,0,0,116476604,382,374,1,1,0,0,0
382,0.0478,1.9606,0.7647,0.0033,0.7612,0.7484,0.0102,0.0013,0.4508,1.1483,0.0186,0.2744,0.1343,0.2586,0.0105,0.0268,0.0553,0.4602,0.1671,0.1623,3.1095,4,283621152,355242400,1,0,116476604,383,375,1,1,0,0,0
383,0.0652,2.7545,1.5606,0.0024,1.5578,1.5478,0.0077,0.0014,0.6465,1.1723,0.011,0.1895,0.0896,0.2286,0.0064,0.0071,0.0264,0.5043,0.2141,0.1771,3.9437,5,283621152,283608480,2,0,116476604,384,376,1,1,0,0,0
384,0.0427,1.4483,0.7016,0.0023,0.6991,0.6869,0.0098,0.0011,0.344,0.7269,0.0102,0.1585,0.0711,0.1369,0.0056,0.0111,0.0184,0.249,0.0918,0.1359,2.0861,0,283621152,355250144,0,0,116476604,385,377,1,1,0,0,0
385,0.0472,1.7678,0.874,0.0029,0.8708,0.8633,0.0055,0.001,0.3237,0.8759,0.0098,0.1687,0.1192,0.248,0.0057,0.0109,0.0189,0.4628,0.1501,0.1109,2.6784,1,283621152,355255776,1,0,116476604,386,378,1,1,0,0,0
386,0.0394,59.5484,58.8205,0.0022,58.8181,58.8054,0.0099,0.0014,0.2792,0.7087,0.0089,0.1471,0.122,0.1458,0.005,0.012,0.0197,0.3812,0.1485,0.084,60.3329,2,283621152,355246624,2,0,116476604,387,379,1,1,0,0,0
387,0.0392,15.9029,15.3601,0.0023,15.3576,15.348,0.0078,0.0006,0.214,0.5281,0.0072,0.1115,0.0809,0.1121,0.0019,0.0079,0.0133,0.253,0.1065,0.1431,16.5615,3,283621152,355249440,0,0,116476604,388,380,1,1,0,0,0
388,0.0535,21.9911,20.784,0.0027,20.7811,20.7613,0.016,0.0017,0.3979,1.183,0.012,0.2382,0.1938,0.3321,0.0078,0.0148,0.0227,0.5711,0.1946,0.1413,23.133,4,283621152,355242400,1,0,116476604,389,381,1,1,0,0,0
389,0.0673,10.2857,9.3506,0.0023,9.348,9.3293,0.0146,0.0014,0.4308,0.8943,0.0181,0.1573,0.0878,0.1924,0.0073,0.0235,0.0494,1.7255,0.7592,0.5061,13.9388,5,283621152,283608480,2,0,116476604,390,382,1,1,0,0,0
390,0.0625,1.5949,0.7653,0.0023,0.7627,0.7507,0.0096,0.0011,0.3089,0.8138,0.01,0.1608,0.1343,0.1959,0.0028,0.009,0.0169,0.2148,0.0878,0.1019,2.1722,0,283621152,355250144,0,0,116476604,391,383,1,1,0,0,0
391,0.0506,2.4944,1.7024,0.0024,1.6998,1.6869,0.0106,0.0011,0.3667,0.7676,0.0108,0.1414,0.0592,0.1847,0.0043,0.014,0.0219,0.2917,0.1133,0.1309,3.2494,1,283621152,355255776,1,0,116476604,392,384,1,1,0,0,0
392,0.0632,1.759,1.0039,0.0034,1,0.9861,0.0115,0.0013,0.3132,0.7332,0.0104,0.1383,0.0886,0.1791,0.003,0.0119,0.0292,0.5991,0.2394,0.0975,2.9074,2,283621152,355246624,2,0,116476604,393,385,1,1,0,0,0
393,0.0662,1.9306,1.0952,0.0034,1.0915,1.0857,0.0039,0.0015,0.4475,0.8256,0.0233,0.1418,0.0953,0.1154,0.0019,0.0022,0.0193,0.2567,0.1018,0.157,2.626,3,283621152,355249440,0,0,116476604,394,386,1,1,0,0,0
394,0.047,1.1399,0.607,0.0031,0.6037,0.5936,0.0071,0.0015,0.1973,0.5191,0.0075,0.0916,0.0695,0.1506,0.002,0.008,0.0146,0.2789,0.1621,0.121,1.8972,4,283621152,355242400,1,0,116476604,395,387,1,1,0,0,0
395,0.041,1.2666,0.657,0.0022,0.6545,0.6461,0.0051,0.0014,0.2246,0.5908,0.0068,0.0852,0.0896,0.1808,0.0032,0.01,0.0188,0.3846,0.1576,0.1599,2.1863,5,283621152,283608480,2,0,116476604,396,388,1,1,0,0,0
396,0.0654,1.9313,1.1756,0.0034,1.1719,1.1607,0.0089,0.0011,0.2631,0.7347,0.0171,0.1562,0.1253,0.1658,0.0065,0.0126,0.0199,0.2975,0.1115,0.1013,2.6423,0,283621152,355250144,0,0,116476604,397,389,1,1,0,0,0
397,0.0518,1.3828,0.7542,0.0028,0.7512,0.7431,0.0063,0.001,0.2322,0.6121,0.0085,0.1134,0.0699,0.1848,0.003,0.0093,0.0179,0.3512,0.1156,0.1014,2.1494,1,283621152,355255776,1,0,116476604,398,390,1,1,0,0,0
398,0.0778,7.1672,6.0655,0.005,6.0601,6.0375,0.019,0.0013,0.3994,1.0635,0.0176,0.228,0.1766,0.2345,0.0065,0.0218,0.037,0.5072,0.2659,0.4146,8.7281,2,283621152,355246624,2,0,116476604,399,391,1,1,0,0,0
399,0.0832,1.7706,1.1511,0.0046,1.1459,1.138,0.0059,0.001,0.2309,0.6006,0.0073,0.1071,0.0772,0.1711,0.0064,0.0098,0.0173,0.267,0.12,0.1174,2.4754,3,283621152,355249440,0,0,116476604,400,392,1,1,0,0,0
400,0.0401,1.4623,0.6997,0.003,0.6965,0.6853,0.0092,0.0012,0.2879,0.754,0.009,0.1551,0.1273,0.1713,0.0027,0.0033,0.0128,0.241,0.1109,0.0961,2.0658,4,283621152,355242400,1,0,116476604,401,393,1,1,0,0,0
401,0.045,14.904,13.8344,0.0027,13.8315,13.8107,0.0154,0.0019,0.5326,1.0277,0.0228,0.2081,0.1001,0.1578,0.0056,0.0263,0.0397,0.4315,0.2106,0.1813,15.9883,5,283621152,283608480,2,0,116476604,402,394,1,1,0,0,0
402,0.0466,1.5573,0.7212,0.002,0.7189,0.7051,0.0107,0.0018,0.3105,0.8175,0.0103,0.1982,0.128,0.164,0.0057,0.0107,0.018,0.4396,0.1279,0.0962,2.3874,0,283621152,355250144,0,0,116476604,403,395,1,1,0,0,0
403,0.0422,1.7297,0.7557,0.0025,0.753,0.7398,0.0105,0.0011,0.3263,0.9398,0.0108,0.1709,0.089,0.3306,0.0114,0.0205,0.0364,0.5473,0.2085,0.2444,3.0362,1,283621152,355255776,1,0,116476604,404,396,1,1,0,0,0
404,0.121,2.0973,1.2465,0.004,1.242,1.2322,0.007,0.0015,0.3291,0.8326,0.0135,0.176,0.1196,0.1885,0.0049,0.0084,0.025,0.4467,0.1635,0.191,3.2115,2,283621152,355246624,2,0,116476604,405,397,1,1,0,0,0
405,0.0388,1.2979,0.62,0.0027,0.6171,0.6065,0.0083,0.0013,0.255,0.6547,0.0077,0.1015,0.0721,0.2109,0.0067,0.0143,0.0211,0.3044,0.1094,0.1108,1.9906,3,283621152,355249440,0,0,116476604,406,398,1,1,0,0,0
406,0.0465,1.401,0.6941,0.0031,0.6908,0.6786,0.0099,0.0011,0.2621,0.6846,0.0083,0.1048,0.0743,0.2295,0.0049,0.0134,0.0211,0.3932,0.164,0.1098,2.2409,4,283621152,355242400,1,0,116476604,407,399,1,1,0,0,0
407,0.0414,60.2286,59.4303,0.0025,59.4276,59.406,0.0189,0.0011,0.3047,0.7789,0.0108,0.174,0.1283,0.1568,0.0034,0.012,0.0187,0.3627,0.1795,0.0918,61.0276,5,283621152,283608480,2,0,116476604,408,400,1,1,0,0,0
408,0.0417,13.2173,12.5577,0.0026,12.5549,12.5393,0.0127,0.0011,0.2989,0.6379,0.0079,0.1007,0.0601,0.1596,0.01,0.0137,0.0205,0.3186,0.1172,0.0994,13.9298,0,283621152,355250144,0,0,116476604,409,401,1,1,0,0,0
409,0.0425,14.0778,13.2042,0.0022,13.2018,13.1893,0.0099,0.0015,0.2835,0.85,0.0101,0.1503,0.1396,0.258,0.0076,0.0154,0.0209,0.3045,0.113,0.1294,14.788,1,283621152,355255776,1,0,116476604,410,402,1,1,0,0,0
410,0.0403,14.1489,13.0306,0.0023,13.0281,13.0056,0.019,0.0013,0.4534,1.0749,0.0212,0.2131,0.112,0.2701,0.0043,0.0252,0.0369,0.5488,0.1582,0.1495,15.2471,2,283621152,355246624,2,0,116476604,411,403,1,1,0,0,0
411,0.0475,1.5996,0.7916,0.0032,0.7881,0.7744,0.0113,0.0012,0.3362,0.7845,0.0128,0.1596,0.1243,0.1436,0.0071,0.0142,0.0201,0.3736,0.1439,0.0861,2.3657,3,283621152,355249440,0,0,116476604,412,404,1,1,0,0,0
412,0.0905,2.4941,1.2723,0.0065,1.2654,1.2451,0.0164,0.0016,0.4451,1.1935,0.0155,0.2269,0.1681,0.329,0.0079,0.0169,0.0296,0.5545,0.1915,0.1462,3.6671,4,283621152,355242400,1,0,116476604,413,405,1,1,0,0,0
413,0.0795,2.5878,1.3724,0.0045,1.3675,1.3539,0.0105,0.0021,0.5598,1.1926,0.0107,0.1614,0.1719,0.281,0.0068,0.0129,0.0209,0.5108,0.2669,0.2242,3.9625,5,283621152,283608480,2,0,116476604,414,406,1,1,0,0,0
414,0.0376,1.36,0.6864,0.0025,0.6837,0.6728,0.0087,0.0014,0.3194,0.6559,0.0084,0.0994,0.0568,0.1648,0.0065,0.0101,0.0159,0.3117,0.1117,0.0832,2.0281,0,283621152,355250144,0,0,116476604,415,407,1,1,0,0,0
415,0.0427,28.6415,27.6126,0.0028,27.6096,27.5872,0.0188,0.0015,0.4449,0.997,0.019,0.169,0.1267,0.2303,0.0064,0.0204,0.0325,0.4497,0.1796,0.1247,29.6643,1,283621152,355255776,1,0,116476604,416,408,1,1,0,0,0
416,0.0869,1.6655,0.9861,0.0047,0.9811,0.9732,0.0064,0.0009,0.2175,0.6683,0.0085,0.118,0.1058,0.2138,0.0041,0.0043,0.0165,0.3862,0.1433,0.0807,2.4907,2,283621152,355246624,2,0,116476604,417,409,1,1,0,0,0
417,0.0463,1.5039,0.6894,0.0026,0.6865,0.675,0.0092,0.0012,0.2992,0.7884,0.0097,0.1705,0.1313,0.168,0.009,0.0158,0.0258,0.4669,0.1354,0.1609,2.4892,3,283621152,355249440,0,0,116476604,418,410,1,1,0,0,0
418,0.0432,1.3191,0.6375,0.0028,0.6345,0.6263,0.0061,0.0009,0.2254,0.6604,0.0069,0.0878,0.0897,0.2437,0.0063,0.0134,0.0183,0.4007,0.1483,0.0868,2.1227,4,283621152,355242400,1,0,116476604,419,411,1,1,0,0,0
419,0.1038,1.804,0.9142,0.0047,0.9088,0.8974,0.0091,0.0009,0.313,0.8685,0.0087,0.1685,0.1006,0.271,0.0059,0.0124,0.019,0.5405,0.1899,0.1464,2.974,5,283621152,283608480,2,0,116476604,420,412,1,1,0,0,0
420,0.0786,2.3516,1.2965,0.0058,1.2904,1.2762,0.0107,0.0021,0.4251,1.0332,0.0106,0.2043,0.1649,0.22,0.0074,0.0115,0.0218,0.4218,0.1298,0.1182,3.2581,0,283621152,355250144,0,0,116476604,421,413,1,1,0,0,0
421,0.0474,1.4297,0.6997,0.0023,0.6972,0.6871,0.008,0.0014,0.2246,0.7096,0.0204,0.1937,0.1195,0.1466,0.0042,0.0117,0.019,0.2823,0.1012,0.085,2.0538,1,283621152,355255776,1,0,116476604,422,414,1,1,0,0,0
422,0.0419,1.6705,0.6756,0.0022,0.673,0.6608,0.0098,0.0012,0.3206,0.973,0.0245,0.2286,0.1951,0.1953,0.0079,0.0138,0.0208,0.2682,0.0809,0.071,2.2511,2,283621152,355246624,2,0,116476604,423,415,1,1,0,0,0
423,0.0385,58.2397,57.4275,0.0024,57.4249,57.405,0.0171,0.0012,0.3252,0.793,0.0105,0.1773,0.1303,0.1446,0.0044,0.0126,0.0166,0.2729,0.0944,0.0788,58.8397,3,283621152,355249440,0,0,116476604,424,416,1,1,0,0,0
424,0.0463,13.8669,13.1013,0.0028,13.0983,13.0771,0.0186,0.0012,0.3205,0.7509,0.0097,0.1326,0.1144,0.1697,0.0034,0.0087,0.0152,0.3309,0.1299,0.0773,14.564,4,283621152,355242400,1,0,116476604,425,417,1,1,0,0,0
425,0.0391,24.8289,23.9656,0.0027,23.9626,23.9479,0.012,0.0013,0.309,0.8401,0.0112,0.1371,0.1511,0.223,0.0078,0.0149,0.0196,0.4013,0.1219,0.0871,25.6113,5,283621152,283608480,2,0,116476604,426,418,1,1,0,0,0
426,0.0378,13.7177,12.6122,0.0021,12.6098,12.5894,0.0164,0.0018,0.5012,1.0777,0.0199,0.2067,0.1395,0.1959,0.0135,0.0198,0.022,0.5221,0.1666,0.1487,14.7768,0,283621152,355250144,0,0,116476604,427,419,1,1,0,0,0
427,0.0383,1.3811,0.6868,0.0024,0.6842,0.6727,0.0089,0.0013,0.2668,0.6782,0.0082,0.104,0.1435,0.1532,0.002,0.0089,0.0147,0.2089,0.0846,0.0734,1.8896,1,283621152,355255776,1,0,116476604,428,420,1,1,0,0,0
428,0.0661,8.9506,8.0215,0.0057,8.0155,7.9971,0.0145,0.0013,0.3806,0.8949,0.0151,0.1656,0.1092,0.2176,0.0062,0.0195,0.0361,0.474,0.1579,0.1961,10.0813,2,283621152,355246624,2,0,116476604,429,421,1,1,0,0,0
429,0.0482,1.6615,0.7214,0.0032,0.7178,0.7048,0.0103,0.0013,0.3012,0.9191,0.0103,0.197,0.1464,0.2569,0.0061,0.0124,0.03,0.4816,0.1421,0.1601,2.661,3,283621152,355249440,0,0,116476604,430,422,1,1,0,0,0
430,0.0991,2.2051,1.4791,0.0051,1.4737,1.4623,0.0094,0.0012,0.3186,0.7131,0.0094,0.1247,0.0665,0.1899,0.0033,0.0063,0.0156,0.2668,0.1057,0.0813,2.8768,4,283621152,355242400,1,0,116476604,431,423,1,1,0,0,0
431,0.0544,1.8303,0.8547,0.0022,0.8522,0.8391,0.0101,0.0015,0.3396,0.9384,0.0151,0.1649,0.1149,0.2959,0.0071,0.0217,0.0418,0.6241,0.186,0.1324,3.028,5,283621152,283608480,2,0,116476604,432,424,1,1,0,0,0
432,0.0468,1.2253,0.6366,0.0031,0.6332,0.6241,0.0077,0.0006,0.2432,0.573,0.0076,0.1019,0.0663,0.15,0.0034,0.0094,0.0151,0.2401,0.0965,0.0765,1.802,0,283621152,355250144,0,0,116476604,433,425,1,1,0,0,0
433,0.1084,1.8209,1.0321,0.0043,1.0272,1.0146,0.01,0.0014,0.3253,0.7701,0.0096,0.165,0.0867,0.1779,0.0048,0.0112,0.0171,0.4703,0.1602,0.1609,2.9246,1,283621152,355255776,1,0,116476604,434,426,1,1,0,0,0
434,0.0432,1.5586,0.7032,0.0021,0.7009,0.6874,0.011,0.0011,0.3221,0.8343,0.0111,0.1854,0.1349,0.1734,0.0065,0.0139,0.0214,0.3798,0.1227,0.1001,2.3461,2,283621152,355246624,2,0,116476604,435,427,1,1,0,0,0
435,0.0436,1.5444,0.6687,0.003,0.6654,0.6544,0.0087,0.0011,0.2947,0.8619,0.0092,0.2143,0.1298,0.2099,0.0032,0.0084,0.015,0.2753,0.0985,0.075,2.1485,3,283621152,355249440,0,0,116476604,436,428,1,1,0,0,0
436,0.0401,1.6482,0.6656,0.0023,0.6628,0.6514,0.009,0.0013,0.4027,0.9644,0.0108,0.1955,0.1329,0.2161,0.0055,0.0106,0.0183,0.4472,0.1444,0.0919,2.497,4,283621152,355242400,1,0,116476604,437,429,1,1,0,0,0
437,0.0403,54.2808,53.4159,0.0023,53.4134,53.3921,0.0186,0.0012,0.3323,0.8471,0.0097,0.1827,0.125,0.1917,0.0049,0.0113,0.0167,0.2683,0.0883,0.0778,54.8659,5,283621152,283608480,2,0,116476604,438,430,1,1,0,0,0
438,0.0426,20.4179,19.0947,0.0024,19.0919,19.0672,0.0204,0.002,0.4424,1.2932,0.0147,0.2683,0.1971,0.3591,0.0102,0.0194,0.0269,0.5625,0.1663,0.1675,21.5351,0,283621152,355250144,0,0,116476604,439,431,1,1,0,0,0
439,0.0654,16.5672,15.2747,0.0032,15.2713,15.1878,0.0749,0.0065,0.4476,1.2644,0.0137,0.2345,0.2266,0.3329,0.0072,0.0182,0.0264,0.5456,0.1907,0.1232,17.6574,1,283621152,355255776,1,0,116476604,440,432,1,1,0,0,0
440,0.0677,9.403,8.2858,0.0033,8.2823,8.2566,0.0218,0.0017,0.4663,1.0764,0.0229,0.1981,0.1437,0.2367,0.008,0.0225,0.0414,0.5367,0.131,0.1047,10.4155,2,283621152,355246624,2,0,116476604,441,433,1,1,0,0,0
441,0.0458,1.6722,0.7383,0.003,0.7351,0.7219,0.0104,0.0013,0.3655,0.9078,0.0111,0.1842,0.1513,0.1914,0.0036,0.0152,0.0258,0.4042,0.1704,0.5459,3.1156,3,283621152,355249440,0,0,116476604,442,434,1,1,0,0,0
442,0.1025,5.3618,1.7625,0.0036,1.7581,1.7482,0.0073,0.0018,1.0547,3.5152,0.0359,0.6906,0.5505,1.1465,0.0335,0.0566,0.0722,2.0882,0.5614,0.2728,8.8701,4,283621152,355242400,1,0,116476604,443,435,1,1,0,0,0
443,0.1113,1.8795,1.2127,0.0055,1.2067,1.1986,0.0066,0.0008,0.2386,0.6491,0.0091,0.1302,0.0952,0.1728,0.0027,0.0096,0.0179,0.3787,0.2338,0.1648,2.9868,5,283621152,283608480,2,0,116476604,444,436,1,1,0,0,0
444,0.0429,1.423,0.6847,0.0022,0.6823,0.6754,0.0054,0.0008,0.3276,0.7142,0.0131,0.1379,0.0713,0.1594,0.0042,0.0141,0.023,0.5215,0.3507,0.3657,3.2271,0,283621152,355250144,0,0,116476604,445,437,1,1,0,0,0
445,0.0499,1.4058,0.7573,0.0027,0.7544,0.7446,0.0075,0.001,0.2597,0.6131,0.0096,0.1053,0.081,0.1535,0.0035,0.0199,0.0291,0.4094,0.1469,0.3212,2.535,1,283621152,355255776,1,0,116476604,446,438,1,1,0,0,0
446,0.0451,1.2183,0.6748,0.0022,0.6724,0.6648,0.0056,0.001,0.2519,0.528,0.008,0.0907,0.0578,0.1174,0.0018,0.0087,0.0148,0.2265,0.0802,0.0752,1.7477,2,283621152,355246624,2,0,116476604,447,439,1,1,0,0,0
447,0.0618,1.802,0.9412,0.0028,0.938,0.924,0.0088,0.0027,0.3681,0.8328,0.0141,0.1699,0.0815,0.1944,0.0037,0.0148,0.0269,0.4972,0.1803,0.1331,2.8639,3,283621152,355249440,0,0,116476604,448,440,1,1,0,0,0
448,0.0929,1.87,0.782,0.0046,0.777,0.7643,0.0099,0.0012,0.2993,0.9692,0.0099,0.1268,0.0791,0.4253,0.027,0.0749,0.0862,1.7971,0.5229,0.3223,5.1284,4,283621152,355242400,1,0,116476604,449,441,1,1,0,0,0
449,0.1735,6.0202,2.546,0.0179,2.5272,2.4809,0.0379,0.0046,1.0809,3.4257,0.0334,0.753,0.595,0.9415,0.0183,0.0266,0.0593,1.2527,0.3711,0.3315,8.4103,5,283621152,283608480,2,0,116476604,450,442,1,1,0,0,0
450,0.0713,2.0007,0.9587,0.0038,0.9545,0.9419,0.0087,0.0026,0.3737,1.0094,0.0149,0.2382,0.0948,0.2799,0.0069,0.0201,0.0436,0.4331,0.2233,0.0958,3.0334,0,283621152,355250144,0,0,116476604,451,443,1,1,0,0,0
451,0.0525,1.6275,0.9317,0.0034,0.928,0.9105,0.0105,0.0058,0.3001,0.668,0.0095,0.1424,0.0802,0.1284,0.0065,0.0182,0.0208,0.4339,0.1574,0.1499,2.6023,1,283621152,355255776,1,0,116476604,452,444,1,1,0,0,0
452,0.0445,1.4913,0.7045,0.0021,0.7022,0.6908,0.0087,0.0013,0.3024,0.7653,0.0096,0.1528,0.0789,0.215,0.0055,0.0127,0.0202,0.3367,0.0947,0.0622,2.145,2,283621152,355246624,2,0,116476604,453,445,1,1,0,0,0
453,0.0967,2.0768,1.0332,0.0034,1.0295,1.0145,0.0119,0.0011,0.427,1.0103,0.0152,0.2624,0.0728,0.2261,0.0059,0.0161,0.0261,0.4168,0.1485,0.1152,3.0244,3,283621152,355249440,0,0,116476604,454,446,1,1,0,0,0
454,0.0445,1.6318,0.6942,0.0025,0.6915,0.6806,0.0087,0.0011,0.3272,0.9151,0.0102,0.2186,0.1329,0.2183,0.0069,0.0134,0.0219,0.4704,0.0876,0.078,2.4381,4,283621152,355242400,1,0,116476604,455,447,1,1,0,0,0
455,0.0407,1.1659,0.5957,0.0026,0.5929,0.5807,0.0093,0.0016,0.2391,0.5502,0.0081,0.1177,0.0588,0.1173,0.0085,0.0128,0.0186,0.3357,0.1148,0.1551,1.9372,5,283621152,283608480,2,0,116476604,456,448,1,1,0,0,0
456,0.0397,1.5411,0.6676,0.0028,0.6646,0.6538,0.0084,0.0011,0.3306,0.8555,0.0095,0.1802,0.1233,0.2046,0.0063,0.0107,0.0155,0.3024,0.0884,0.066,2.1334,0,283621152,355250144,0,0,116476604,457,449,1,1,0,0,0
457,0.0419,61.346,60.5647,0.0023,60.5622,60.5406,0.0191,0.0011,0.2851,0.7624,0.01,0.172,0.1245,0.1664,0.0036,0.0118,0.0189,0.3309,0.0943,0.0687,61.9936,1,283621152,355255776,1,0,116476604,458,450,1,1,0,0,0
458,0.0408,13.3246,12.3367,0.0027,12.3338,12.3184,0.0128,0.0012,0.3986,0.968,0.0096,0.1673,0.1023,0.2823,0.007,0.0126,0.0198,0.4674,0.1954,0.1444,14.3581,2,283621152,355246624,2,0,116476604,459,451,1,1,0,0,0
459,0.0382,13.6467,12.7263,0.0024,12.7237,12.7017,0.0192,0.0011,0.371,0.8948,0.0115,0.1849,0.1169,0.2022,0.0074,0.0148,0.0203,0.4031,0.0946,0.113,14.4078,3,283621152,355249440,0,0,116476604,460,452,1,1,0,0,0
460,0.0391,25.5856,24.5418,0.0022,24.5393,24.5213,0.0142,0.0015,0.4198,1.0125,0.0152,0.1949,0.1108,0.2643,0.0066,0.0203,0.0308,0.4859,0.1531,0.1339,26.5925,4,283621152,355242400,1,0,116476604,461,453,1,1,0,0,0
461,0.0607,1.2003,0.6899,0.0032,0.6865,0.6814,0.003,0.001,0.2111,0.4932,0.0083,0.0935,0.0643,0.1126,0.0029,0.0106,0.0173,0.2493,0.0832,0.1238,1.7993,5,283621152,283608480,2,0,116476604,462,454,1,1,0,0,0
462,0.0496,5.9435,4.8864,0.0034,4.8828,4.8686,0.0099,0.0021,0.4478,1.0149,0.0213,0.1984,0.1165,0.2227,0.0071,0.0246,0.0414,0.626,0.1065,0.088,6.9364,0,283621152,355250144,0,0,116476604,463,455,1,1,0,0,0
463,0.1272,3.1272,1.5067,0.0101,1.496,1.4749,0.0174,0.002,0.7634,1.5887,0.0169,0.2691,0.1776,0.3528,0.0077,0.0188,0.0238,0.6094,0.2109,0.0909,4.292,1,283621152,355255776,1,0,116476604,464,456,1,1,0,0,0
464,0.0602,1.284,0.6866,0.0028,0.6836,0.6759,0.006,0.0009,0.2144,0.5776,0.0093,0.1121,0.0845,0.1529,0.004,0.0127,0.0201,0.272,0.082,0.0735,1.881,2,283621152,355246624,2,0,116476604,465,457,1,1,0,0,0
465,0.1103,2.7234,1.7861,0.0053,1.7802,1.7649,0.0105,0.0014,0.4135,0.9179,0.0153,0.1843,0.1535,0.145,0.0053,0.0115,0.0179,0.31,0.1236,0.1249,3.5712,3,283621152,355249440,0,0,116476604,466,458,1,1,0,0,0
466,0.2318,4.9671,2.1404,0.019,2.1206,2.0747,0.0376,0.0045,1.0844,2.774,0.0324,0.6336,0.4184,0.5869,0.0152,0.0357,0.048,0.8412,0.2286,0.1614,6.7042,4,283621152,355242400,1,0,116476604,467,459,1,1,0,0,0
467,0.0464,1.4234,0.6175,0.0024,0.6149,0.6045,0.0071,0.0014,0.33,0.7783,0.0133,0.1691,0.0813,0.1743,0.0096,0.0169,0.0252,0.3664,0.113,0.1254,2.2145,5,283621152,283608480,2,0,116476604,468,460,1,1,0,0,0
468,0.0617,2.1017,1.3529,0.0029,1.3496,1.3389,0.0075,0.0016,0.2838,0.7316,0.0104,0.1595,0.1148,0.1598,0.0026,0.0106,0.0152,0.2614,0.0853,0.1613,2.7828,0,283621152,355250144,0,0,116476604,469,461,1,1,0,0,0
469,0.0785,2.7589,1.9386,0.0029,1.9351,1.9147,0.0144,0.0023,0.3318,0.7918,0.0142,0.1978,0.1049,0.1377,0.0048,0.0163,0.028,0.4407,0.2583,0.1354,3.8687,1,283621152,355255776,1,0,116476604,470,462,1,1,0,0,0
470,0.0382,1.3196,0.6292,0.0026,0.6264,0.6144,0.0077,0.0021,0.3005,0.6716,0.0097,0.1301,0.0996,0.1274,0.0036,0.0113,0.0179,0.2208,0.0751,0.1173,1.8776,2,283621152,355246624,2,0,116476604,471,463,1,1,0,0,0
471,0.0813,2.0753,0.9668,0.0062,0.9602,0.9407,0.0162,0.0016,0.3893,1.0847,0.0116,0.2301,0.1354,0.3114,0.0059,0.0137,0.0234,0.536,0.1595,0.1825,3.224,3,283621152,355249440,0,0,116476604,472,464,1,1,0,0,0
472,0.0427,1.4327,0.7425,0.0035,0.7387,0.7261,0.0103,0.0011,0.2649,0.6758,0.0085,0.1076,0.0751,0.2157,0.0034,0.0088,0.0142,0.2774,0.0992,0.0803,2.0655,4,283621152,355242400,1,0,116476604,473,465,1,1,0,0,0
473,0.0448,1.4204,0.6489,0.0028,0.6459,0.6394,0.0047,0.001,0.2432,0.7526,0.0078,0.144,0.101,0.2496,0.0065,0.0112,0.0169,0.3867,0.1356,0.1239,2.2136,5,283621152,283608480,2,0,116476604,474,466,1,1,0,0,0
474,0.0395,1.4416,0.7,0.0023,0.6976,0.6862,0.009,0.001,0.2253,0.7285,0.0077,0.1607,0.1385,0.1925,0.0033,0.0079,0.0136,0.4096,0.1293,0.0806,2.2218,0,283621152,355250144,0,0,116476604,475,467,1,1,0,0,0
475,0.0399,53.7514,52.898,0.0025,52.8953,52.8725,0.0202,0.0011,0.3258,0.8283,0.0107,0.1281,0.1114,0.2455,0.0058,0.0149,0.0203,0.3524,0.1095,0.094,54.4736,1,283621152,355255776,1,0,116476604,476,468,1,1,0,0,0
476,0.0434,22.9329,22.0009,0.0025,21.9982,21.9773,0.0182,0.0011,0.3469,0.9128,0.025,0.1825,0.1243,0.2278,0.0053,0.0126,0.0178,0.323,0.1032,0.0737,23.6008,2,283621152,355246624,2,0,116476604,477,469,1,1,0,0,0
477,0.0403,12.4522,11.7555,0.0023,11.7531,11.7404,0.0104,0.0009,0.2776,0.6794,0.0205,0.1206,0.09,0.166,0.0042,0.0109,0.0161,0.2687,0.0845,0.0709,13.0309,3,283621152,355249440,0,0,116476604,478,470,1,1,0,0,0
478,0.0401,15.01,13.981,0.0021,13.9787,13.9634,0.0119,0.0021,0.436,0.9956,0.0202,0.1976,0.1505,0.1866,0.0039,0.0169,0.0346,0.4199,0.1329,0.1154,15.9215,4,283621152,355242400,1,0,116476604,479,471,1,1,0,0,0
479,0.0441,1.6112,0.7248,0.0021,0.7225,0.711,0.0091,0.001,0.2952,0.8644,0.0094,0.1678,0.1356,0.2489,0.0065,0.0134,0.0208,0.3927,0.1349,0.1553,2.4862,5,283621152,283608480,2,0,116476604,480,472,1,1,0,0,0
480,0.1054,2.8616,1.4312,0.0072,1.4233,1.4048,0.0148,0.0017,0.4628,1.3769,0.0716,0.3413,0.1861,0.3051,0.0091,0.0324,0.0521,0.5178,0.1369,0.2967,4.1817,0,283621152,355250144,0,0,116476604,481,473,1,1,0,0,0
481,0.0438,1.8243,0.8214,0.0024,0.8187,0.8034,0.0121,0.0022,0.2633,0.9643,0.047,0.2154,0.207,0.2175,0.013,0.0222,0.0651,0.5612,0.1704,0.1932,3.0958,1,283621152,355255776,1,0,116476604,482,474,1,1,0,0,0
482,0.0453,1.6094,0.6875,0.0027,0.6846,0.6737,0.0081,0.0016,0.4813,0.8923,0.0169,0.1848,0.0804,0.1239,0.0042,0.0188,0.0308,0.4564,0.1833,0.2089,2.7254,2,283621152,355246624,2,0,116476604,483,475,1,1,0,0,0
483,0.0414,1.5996,0.6939,0.0029,0.6907,0.6776,0.0105,0.0012,0.283,0.8829,0.0093,0.1591,0.156,0.2641,0.0105,0.0144,0.0201,0.3059,0.1449,0.1018,2.3305,3,283621152,355249440,0,0,116476604,484,476,1,1,0,0,0
484,0.0714,2.1194,1.0801,0.0038,1.0758,1.0654,0.0079,0.0018,0.3945,1.0013,0.0227,0.2203,0.1603,0.1964,0.0064,0.0198,0.0469,0.3394,0.1118,0.0852,2.8867,4,283621152,355242400,1,0,116476604,485,477,1,1,0,0,0
485,0.0461,1.3534,0.7425,0.0023,0.7399,0.7269,0.0104,0.001,0.2267,0.5963,0.0075,0.0926,0.0649,0.2005,0.0036,0.0083,0.015,0.2314,0.0844,0.0754,1.9071,5,283621152,283608480,2,0,116476604,486,478,1,1,0,0,0
486,0.0828,2.0131,1.1595,0.0032,1.1559,1.1475,0.0061,0.0019,0.4573,0.8364,0.0121,0.1513,0.0877,0.1252,0.0026,0.0036,0.0261,0.4696,0.21,0.372,3.3838,0,283621152,355250144,0,0,116476604,487,479,1,1,0,0,0
487,0.0425,1.3077,0.6817,0.0027,0.6787,0.6674,0.0075,0.0018,0.2419,0.6111,0.0085,0.1423,0.0642,0.1518,0.0018,0.0083,0.0152,0.2281,0.0784,0.0773,1.8463,1,283621152,355255776,1,0,116476604,488,480,1,1,0,0,0
488,0.0418,1.34,0.6269,0.0029,0.6236,0.6162,0.0053,0.0008,0.3077,0.699,0.0097,0.1405,0.1031,0.1356,0.002,0.008,0.0142,0.2134,0.1097,0.1414,1.9901,2,283621152,355246624,2,0,116476604,489,481,1,1,0,0,0
489,0.04,1.4689,0.6599,0.0026,0.6571,0.6499,0.0057,0.0007,0.2829,0.7908,0.0109,0.1846,0.0773,0.2289,0.0054,0.0109,0.018,0.2876,0.0979,0.0742,2.087,3,283621152,355249440,0,0,116476604,490,482,1,1,0,0,0
490,0.0405,61.3618,59.6695,0.0021,59.6671,59.6386,0.0236,0.0023,0.6226,1.6678,0.0145,0.3023,0.2737,0.4431,0.0098,0.0156,0.0244,0.6362,0.2327,0.1237,62.5984,4,283621152,355242400,1,0,116476604,491,483,1,1,0,0,0
491,0.0866,11.4988,10.8286,0.0103,10.8179,10.8077,0.008,0.0009,0.2421,0.6509,0.0092,0.122,0.0723,0.1997,0.0051,0.0115,0.0185,0.302,0.1028,0.0851,12.2046,5,283621152,283608480,2,0,116476604,492,484,1,1,0,0,0
492,0.0406,25.6827,24.7451,0.0022,24.7423,24.7184,0.0208,0.0013,0.3603,0.914,0.0106,0.1386,0.1254,0.2712,0.0069,0.0157,0.0213,0.401,0.1438,0.0912,26.4966,0,283621152,355250144,0,0,116476604,493,485,1,1,0,0,0
493,0.0407,24.0158,22.9393,0.0021,22.937,22.9199,0.0128,0.0021,0.4614,1.0479,0.0171,0.2197,0.0992,0.2446,0.005,0.0156,0.0271,0.5687,0.214,0.1252,25.1813,1,283621152,355255776,1,0,116476604,494,486,1,1,0,0,0
494,0.0369,1.3306,0.6105,0.0021,0.6082,0.5984,0.006,0.0015,0.2686,0.701,0.0108,0.1432,0.102,0.1716,0.0041,0.0112,0.0186,0.3336,0.1324,0.0773,2.0433,2,283621152,355246624,2,0,116476604,495,487,1,1,0,0,0
495,0.0429,5.1446,4.1754,0.0028,4.1724,4.1533,0.0144,0.0022,0.444,0.9314,0.0244,0.1737,0.1134,0.1702,0.0049,0.022,0.039,0.4926,0.1518,0.1301,6.1679,3,283621152,355249440,0,0,116476604,496,488,1,1,0,0,0
496,0.0608,1.3109,0.7432,0.0047,0.7382,0.7308,0.0056,0.0007,0.2202,0.5534,0.0088,0.1179,0.057,0.1462,0.003,0.0072,0.0141,0.2576,0.0952,0.0817,1.9244,4,283621152,355242400,1,0,116476604,497,489,1,1,0,0,0
497,0.0781,1.8956,1.0417,0.0045,1.0364,1.0256,0.0087,0.0011,0.3221,0.8395,0.0108,0.1767,0.1247,0.1989,0.0054,0.006,0.0196,0.4562,0.1416,0.2003,2.9275,5,283621152,283608480,2,0,116476604,498,490,1,1,0,0,0
498,0.0392,1.2609,0.6718,0.0022,0.6694,0.658,0.009,0.0012,0.2811,0.5682,0.0074,0.0973,0.0558,0.1167,0.0094,0.0138,0.0186,0.2904,0.0901,0.0719,1.8575,0,283621152,355250144,0,0,116476604,499,491,1,1,0,0,0
499,0.0553,19.8667,18.7762,0.0028,18.773,18.7597,0.0097,0.0019,0.4613,1.0605,0.0153,0.201,0.1645,0.2138,0.0036,0.0173,0.0269,0.4751,0.142,0.1333,20.8524,1,283621152,355255776,1,0,116476604,500,492,1,1,0,0,0
500,0.0419,1.2402,0.6327,0.0021,0.6304,0.6177,0.0085,0.002,0.2293,0.589,0.0078,0.1423,0.0829,0.1223,0.0038,0.011,0.0175,0.3055,0.0691,0.0592,1.8267,2,283621152,355246624,2,0,116476604,501,493,1,1,0,0,0
501,0.0393,49.2985,48.3818,0.0023,48.3794,48.366,0.0109,0.0012,0.3342,0.8973,0.0103,0.1575,0.1314,0.2569,0.0062,0.0123,0.0167,0.3126,0.1506,0.0911,50.0276,3,283621152,355249440,0,0,116476604,502,494,1,1,0,0,0
502,0.0404,19.6893,17.9571,0.0027,17.9541,17.9263,0.0228,0.0023,0.592,1.6975,0.0177,0.379,0.2226,0.4729,0.0116,0.0225,0.031,0.6724,0.1889,0.2524,21.0448,4,283621152,355242400,1,0,116476604,503,495,1,1,0,0,0
503,0.0615,6.6458,5.9068,0.0029,5.9036,5.895,0.0069,0.0008,0.2269,0.7188,0.0083,0.1551,0.1086,0.2112,0.0081,0.0112,0.0186,0.2878,0.0946,0.0676,7.3386,5,283621152,283608480,2,0,116476604,504,496,1,1,0,0,0
504,0.0401,23.0561,21.1697,0.0024,21.1671,21.1308,0.0297,0.0032,0.6951,1.8486,0.0188,0.3472,0.3017,0.4722,0.0117,0.0239,0.0349,0.7225,0.1965,0.1406,24.3763,0,283621152,355250144,0,0,116476604,505,497,1,1,0,0,0
505,0.0468,1.3956,0.7295,0.0027,0.7265,0.7143,0.0098,0.0011,0.2414,0.6513,0.0088,0.1028,0.1441,0.1513,0.0021,0.0085,0.0153,0.2202,0.0793,0.0649,1.9086,1,283621152,355255776,1,0,116476604,506,498,1,1,0,0,0
506,0.1004,2.9341,2.0958,0.0041,2.0912,2.0812,0.0077,0.0011,0.3247,0.8183,0.0103,0.1686,0.155,0.1546,0.0044,0.0116,0.0178,0.3004,0.1002,0.0913,3.6571,2,283621152,355246624,2,0,116476604,507,499,1,1,0,0,0
507,0.0469,1.3935,0.6682,0.0027,0.6652,0.6534,0.0084,0.0015,0.3415,0.7056,0.0101,0.1263,0.0773,0.1458,0.0037,0.0119,0.0192,0.3426,0.0802,0.093,2.0773,3,283621152,355249440,0,0,116476604,508,500,1,1,0,0,0
508,0.0471,1.2867,0.7446,0.0027,0.7415,0.7327,0.0062,0.0017,0.2435,0.5185,0.0078,0.0822,0.0362,0.138,0.0103,0.0154,0.0209,0.3407,0.1155,0.2145,2.1477,4,283621152,355242400,1,0,116476604,509,501,1,1,0,0,0
509,0.0444,1.365,0.6571,0.0021,0.6548,0.6454,0.0068,0.0015,0.2902,0.6881,0.0098,0.1471,0.0878,0.1495,0.003,0.0112,0.0183,0.334,0.0787,0.0734,2.0055,5,283621152,283608480,2,0,116476604,510,502,1,1,0,0,0
510,0.1127,6.6853,5.6531,0.0053,5.6473,5.6346,0.01,0.0016,0.397,1.0085,0.0436,0.2291,0.116,0.2154,0.0067,0.0072,0.0332,0.4859,0.1776,0.1135,7.7882,0,283621152,355250144,0,0,116476604,511,503,1,1,0,0,0
511,0.0382,1.3464,0.65,0.0023,0.6475,0.6354,0.0099,0.001,0.2181,0.6751,0.0076,0.0953,0.1432,0.2031,0.0071,0.0126,0.0193,0.4383,0.1006,0.1224,2.1655,1,283621152,355255776,1,0,116476604,512,504,1,1,0,0,0
512,0.0752,7.6894,6.5646,0.0028,6.5613,6.5449,0.0128,0.0023,0.4727,1.0883,0.0173,0.2214,0.157,0.2115,0.0074,0.02,0.0386,0.4661,0.148,0.1221,8.6827,2,283621152,355246624,2,0,116476604,513,505,1,1,0,0,0
513,0.0437,1.3736,0.6849,0.0025,0.6821,0.6709,0.0091,0.0011,0.2041,0.6683,0.0062,0.0879,0.1291,0.2339,0.0065,0.013,0.0202,0.4009,0.0924,0.0747,2.104,3,283621152,355249440,0,0,116476604,514,506,1,1,0,0,0
514,0.0806,2.3748,1.2829,0.0058,1.2766,1.2588,0.0127,0.0027,0.4283,1.0686,0.0098,0.2062,0.1414,0.2751,0.0066,0.0126,0.0194,0.5405,0.2902,0.2082,3.7502,4,283621152,355242400,1,0,116476604,515,507,1,1,0,0,0
515,0.1132,2.1624,1.1131,0.0052,1.1074,1.0952,0.0094,0.0015,0.4123,1.02,0.0134,0.2049,0.1098,0.2714,0.0073,0.0167,0.0289,0.4831,0.1947,0.1603,3.306,5,283621152,283608480,2,0,116476604,516,508,1,1,0,0,0
516,0.0431,1.654,0.7192,0.0022,0.7167,0.7052,0.0092,0.001,0.3496,0.9117,0.0098,0.1998,0.1373,0.2075,0.0067,0.0137,0.0207,0.4605,0.1178,0.0758,2.475,0,283621152,355250144,0,0,116476604,517,509,1,1,0,0,0
517,0.0459,1.6274,0.7156,0.0021,0.7133,0.7018,0.0092,0.0011,0.3501,0.8877,0.0091,0.2241,0.0901,0.207,0.0062,0.0158,0.0185,0.2872,0.0973,0.096,2.2664,1,283621152,355255776,1,0,116476604,518,510,1,1,0,0,0
518,0.038,57.2132,56.4993,0.0027,56.4964,56.4753,0.0181,0.0011,0.2985,0.6892,0.0108,0.1583,0.0805,0.1352,0.0051,0.0162,0.0185,0.3768,0.1417,0.2052,58.1746,2,283621152,355246624,2,0,116476604,519,511,1,1,0,0,0
519,0.0408,13.0394,12.296,0.0025,12.2933,12.2736,0.0169,0.0011,0.3212,0.727,0.0107,0.1209,0.0843,0.1851,0.0041,0.0105,0.016,0.2623,0.0996,0.087,13.6496,3,283621152,355249440,0,0,116476604,520,512,1,1,0,0,0
520,0.038,24.12,23.3026,0.0023,23.3001,23.2778,0.0195,0.0013,0.316,0.7982,0.0097,0.1441,0.1123,0.2095,0.0057,0.0125,0.0189,0.3151,0.1124,0.0892,24.8095,4,283621152,355242400,1,0,116476604,521,513,1,1,0,0,0
521,0.0393,16.935,13.8104,0.0021,13.8081,13.7825,0.0219,0.0015,0.4602,3.0556,0.0239,0.854,0.5551,1.1342,0.0254,0.0428,0.0656,1.9053,0.6038,0.3961,20.4783,5,283621152,283608480,2,0,116476604,522,514,1,1,0,0,0
522,0.0448,1.3368,0.7058,0.0027,0.7028,0.6899,0.0096,0.0017,0.2218,0.6072,0.0072,0.093,0.0664,0.2133,0.0047,0.0152,0.0224,0.2905,0.1196,0.1643,2.1388,0,283621152,355250144,0,0,116476604,523,515,1,1,0,0,0
523,0.0413,1.0877,0.5849,0.0025,0.5821,0.5776,0.0032,0.001,0.2133,0.4892,0.0076,0.0941,0.0578,0.1102,0.0056,0.0061,0.0175,0.2961,0.09,0.0836,1.7113,1,283621152,355255776,1,0,116476604,524,516,1,1,0,0,0
524,0.0424,4.7706,3.7514,0.003,3.7482,3.7373,0.0079,0.0021,0.4769,0.9944,0.0179,0.2202,0.0961,0.1782,0.0044,0.0069,0.0395,0.4889,0.14,0.1432,5.7633,2,283621152,355246624,2,0,116476604,525,517,1,1,0,0,0
525,0.0439,1.3383,0.6632,0.0024,0.6605,0.6514,0.006,0.0019,0.2889,0.657,0.0097,0.1299,0.0992,0.1251,0.0034,0.0106,0.0177,0.3434,0.131,0.0973,2.0872,3,283621152,355249440,0,0,116476604,526,518,1,1,0,0,0
526,0.0639,2.0374,0.9473,0.0036,0.9435,0.9306,0.01,0.0018,0.3368,1.0599,0.0154,0.2158,0.1607,0.3213,0.0089,0.0117,0.0327,0.4297,0.1319,0.0966,2.8999,4,283621152,355242400,1,0,116476604,527,519,1,1,0,0,0
527,0.0448,1.613,0.7207,0.0025,0.718,0.7066,0.0092,0.0011,0.3008,0.8672,0.0104,0.2094,0.1407,0.1981,0.0067,0.0148,0.0246,0.4119,0.1144,0.2045,2.5745,5,283621152,283608480,2,0,116476604,528,520,1,1,0,0,0
528,0.0647,2.2239,1.3937,0.004,1.3893,1.3798,0.0073,0.0011,0.2251,0.7286,0.0077,0.1133,0.1753,0.202,0.0045,0.0142,0.0191,0.3931,0.1845,0.1713,3.1807,0,283621152,355250144,0,0,116476604,529,521,1,1,0,0,0
529,0.0428,1.5933,0.6742,0.0025,0.6714,0.6584,0.0101,0.0015,0.2956,0.8979,0.0098,0.2169,0.1371,0.2276,0.01,0.013,0.0198,0.4674,0.1156,0.0826,2.4284,1,283621152,355255776,1,0,116476604,530,522,1,1,0,0,0
530,0.0499,55.5619,54.915,0.0039,54.9108,54.8924,0.0156,0.0011,0.2465,0.6318,0.0075,0.1087,0.1122,0.1528,0.0031,0.009,0.0151,0.2554,0.1038,0.0859,56.1731,2,283621152,355246624,2,0,116476604,531,523,1,1,0,0,0
531,0.0427,25.5674,24.6113,0.0026,24.6085,24.5931,0.0116,0.0019,0.3329,0.9346,0.0101,0.1834,0.1486,0.2516,0.0067,0.0139,0.02,0.3631,0.1175,0.0814,26.2955,3,283621152,355249440,0,0,116476604,532,524,1,1,0,0,0
532,0.0475,12.9928,11.9939,0.0021,11.9916,11.978,0.0111,0.0012,0.3608,0.9752,0.0107,0.1703,0.1409,0.2838,0.0077,0.0151,0.021,0.3861,0.0948,0.0717,13.7027,4,283621152,355242400,1,0,116476604,533,525,1,1,0,0,0
533,0.0408,22.3798,20.97,0.0022,20.9677,20.944,0.0192,0.002,0.4836,1.3819,0.0173,0.3752,0.1876,0.3124,0.0046,0.0171,0.0288,0.6232,0.2007,0.1401,23.6007,5,283621152,283608480,2,0,116476604,534,526,1,1,0,0,0
534,0.0443,1.3868,0.695,0.0027,0.692,0.6769,0.0126,0.0013,0.3103,0.6708,0.0102,0.1539,0.0697,0.1172,0.0087,0.0135,0.02,0.4147,0.1291,0.1,2.2132,0,283621152,355250144,0,0,116476604,535,527,1,1,0,0,0
535,0.056,2.649,1.5011,0.0028,1.498,1.4791,0.0148,0.002,0.4946,1.1168,0.0189,0.2427,0.1316,0.2203,0.0079,0.0181,0.0283,0.4544,0.1457,0.1166,3.5888,1,283621152,355255776,1,0,116476604,536,528,1,1,0,0,0
536,0.0539,1.3719,0.7365,0.003,0.7332,0.7271,0.0046,0.0008,0.2362,0.6161,0.0074,0.0951,0.0412,0.2279,0.0078,0.0117,0.0202,0.3289,0.0968,0.0783,2.0408,2,283621152,355246624,2,0,116476604,537,529,1,1,0,0,0
537,0.0748,1.8974,0.885,0.0031,0.8817,0.8684,0.0102,0.0015,0.3705,0.9833,0.0144,0.1869,0.1498,0.2536,0.0071,0.0175,0.0261,0.3507,0.1232,0.1371,2.7598,3,283621152,355249440,0,0,116476604,538,530,1,1,0,0,0
538,0.0483,1.4605,0.7367,0.0026,0.7339,0.7232,0.0089,0.0009,0.3115,0.7052,0.0094,0.1242,0.0741,0.1817,0.0035,0.011,0.0184,0.3704,0.0838,0.0792,2.1526,4,283621152,355242400,1,0,116476604,539,531,1,1,0,0,0
539,0.0706,1.3812,0.6974,0.0037,0.6934,0.6845,0.0067,0.0009,0.2499,0.6655,0.0094,0.1199,0.0845,0.1987,0.0026,0.0106,0.0159,0.3263,0.123,0.0886,2.1195,5,283621152,283608480,2,0,116476604,540,532,1,1,0,0,0
540,0.039,1.2966,0.6114,0.0024,0.6088,0.5971,0.0093,0.0011,0.1944,0.6562,0.007,0.1337,0.1004,0.2127,0.0072,0.0175,0.0246,0.4642,0.1386,0.144,2.2415,0,283621152,355250144,0,0,116476604,541,533,1,1,0,0,0
541,0.0647,14.5164,13.336,0.0031,13.3327,13.3136,0.0142,0.0023,0.5072,1.1517,0.0206,0.2516,0.1404,0.2238,0.0071,0.0158,0.0251,0.5861,0.1991,0.1463,15.7125,1,283621152,355255776,1,0,116476604,542,534,1,1,0,0,0
542,0.1247,4.4389,1.3218,0.0053,1.3156,1.3077,0.0054,0.0017,0.7413,3.0327,0.0359,0.9179,0.3762,0.9117,0.0461,0.0568,0.074,2.1029,0.6084,0.7146,8.5135,2,283621152,355246624,2,0,116476604,543,535,1,1,0,0,0
543,0.1802,3.335,1.4706,0.0144,1.4556,1.4191,0.0298,0.0029,0.6576,1.8256,0.0186,0.3789,0.2725,0.4813,0.0145,0.0271,0.0298,0.6593,0.2694,0.1598,4.8149,3,283621152,355249440,0,0,116476604,544,536,1,1,0,0,0
544,0.0406,1.3252,0.6193,0.0023,0.6169,0.6053,0.0078,0.0024,0.3109,0.6894,0.0095,0.1649,0.0753,0.1239,0.0039,0.0098,0.0173,0.341,0.1271,0.0884,2.0488,4,283621152,355242400,1,0,116476604,545,537,1,1,0,0,0
545,0.0456,42.4524,41.6739,0.0023,41.6712,41.6498,0.0189,0.0012,0.3282,0.758,0.0096,0.1401,0.1115,0.1635,0.0042,0.0139,0.0163,0.2696,0.0902,0.0723,43.0449,5,283621152,283608480,2,0,116476604,546,538,1,1,0,0,0
546,0.0415,13.9137,13.1325,0.0024,13.1297,13.1083,0.0185,0.0012,0.308,0.7613,0.0099,0.1837,0.0997,0.1533,0.0058,0.0117,0.0199,0.3735,0.1481,0.0806,14.7084,0,283621152,355250144,0,0,116476604,547,539,1,1,0,0,0
547,0.0446,12.9371,12.2702,0.0024,12.2674,12.2532,0.0115,0.0011,0.2787,0.6454,0.0114,0.128,0.0717,0.1481,0.0066,0.0141,0.0199,0.3699,0.1578,0.0791,13.7289,1,283621152,355255776,1,0,116476604,548,540,1,1,0,0,0
548,0.0462,21.4555,19.9972,0.0025,19.9943,19.9604,0.0282,0.0024,0.6489,1.4261,0.0184,0.2333,0.164,0.3521,0.0081,0.0205,0.0294,0.5333,0.2489,0.3027,22.9423,2,283621152,355246624,2,0,116476604,549,541,1,1,0,0,0
549,0.0453,1.5553,0.6966,0.0025,0.6938,0.6802,0.0111,0.0012,0.3151,0.8388,0.0107,0.1508,0.125,0.2297,0.0065,0.0118,0.0181,0.394,0.1396,0.1087,2.395,3,283621152,355249440,0,0,116476604,550,542,1,1,0,0,0
550,0.0469,3.9111,2.8664,0.0031,2.863,2.8407,0.0183,0.0014,0.4414,1.0095,0.0193,0.2218,0.0895,0.2302,0.0065,0.0227,0.0372,0.4533,0.1644,0.1165,4.8687,4,283621152,355242400,1,0,116476604,551,543,1,1,0,0,0
551,0.0391,1.3199,0.6676,0.0021,0.6653,0.6518,0.0109,0.001,0.228,0.6314,0.0073,0.0901,0.0723,0.2283,0.0048,0.0127,0.0193,0.4058,0.1026,0.1571,2.1344,5,283621152,283608480,2,0,116476604,552,544,1,1,0,0,0
552,0.0876,12.9063,11.9081,0.0093,11.8984,11.8755,0.0195,0.0012,0.4264,0.9629,0.0206,0.1956,0.1191,0.1937,0.0066,0.0211,0.0366,0.5275,0.1976,0.1128,13.9979,0,283621152,355250144,0,0,116476604,553,545,1,1,0,0,0
553,0.1129,1.4691,0.7649,0.0043,0.76,0.7503,0.007,0.0015,0.3012,0.6895,0.0111,0.1888,0.0594,0.1263,0.0021,0.0031,0.0139,0.2499,0.1018,0.0772,2.1207,1,283621152,355255776,1,0,116476604,554,546,1,1,0,0,0
554,0.0401,1.5322,0.6937,0.0027,0.6907,0.6806,0.0081,0.001,0.2815,0.8252,0.0087,0.1623,0.1519,0.2141,0.0056,0.0064,0.0177,0.4289,0.1503,0.0912,2.3592,2,283621152,355246624,2,0,116476604,555,547,1,1,0,0,0
555,0.0453,14.2638,13.242,0.0027,13.2386,13.2136,0.0206,0.0021,0.4474,0.9827,0.0209,0.2173,0.1057,0.1835,0.0071,0.0214,0.0364,0.5877,0.201,0.1359,15.4209,3,283621152,355249440,0,0,116476604,556,548,1,1,0,0,0
556,0.0445,1.1819,0.7,0.0027,0.697,0.6847,0.01,0.0011,0.2459,0.4645,0.0087,0.0937,0.0516,0.0624,0.0018,0.0093,0.0145,0.3313,0.1575,0.1142,1.9803,4,283621152,355242400,1,0,116476604,557,549,1,1,0,0,0
557,0.0658,1.9194,0.9302,0.0052,0.9247,0.9099,0.0117,0.0012,0.3718,0.9678,0.012,0.2009,0.1568,0.2194,0.0059,0.0117,0.0206,0.4797,0.175,0.2633,3.0778,5,283621152,283608480,2,0,116476604,558,550,1,1,0,0,0
558,0.0656,2.48,1.3691,0.0043,1.3645,1.3466,0.0141,0.0013,0.5692,1.087,0.011,0.1902,0.1261,0.1871,0.0026,0.0123,0.0178,0.3981,0.1261,0.1813,3.3848,0,283621152,355250144,0,0,116476604,559,551,1,1,0,0,0
559,0.0382,1.3108,0.6095,0.0021,0.6072,0.5995,0.0046,0.0019,0.2408,0.6838,0.0077,0.1612,0.0854,0.1824,0.0056,0.0102,0.0163,0.3554,0.1192,0.0876,2.0437,1,283621152,355255776,1,0,116476604,560,552,1,1,0,0,0
560,0.0423,15.5442,14.6929,0.0024,14.6903,14.6704,0.0174,0.0011,0.3134,0.8358,0.0081,0.2284,0.0853,0.1961,0.004,0.0092,0.0163,0.2859,0.1072,0.0744,16.172,2,283621152,355246624,2,0,116476604,561,553,1,1,0,0,0
561,0.0517,42.9286,42.4345,0.0031,42.4312,42.4175,0.011,0.0014,0.2033,0.4778,0.0083,0.0974,0.0684,0.097,0.0029,0.01,0.0147,0.232,0.0731,0.0568,43.45,3,283621152,355249440,0,0,116476604,562,554,1,1,0,0,0
562,0.0403,25.3184,24.5527,0.0023,24.5503,24.5367,0.0107,0.0013,0.3113,0.7474,0.0109,0.1597,0.1063,0.1504,0.0081,0.0125,0.0164,0.3095,0.15,0.1041,26.0622,4,283621152,355242400,1,0,116476604,563,555,1,1,0,0,0
563,0.0627,19.6636,17.7085,0.0037,17.7046,17.6681,0.0298,0.0032,0.6706,1.9202,0.0196,0.3626,0.341,0.5126,0.0117,0.0227,0.0305,0.6703,0.2002,0.1424,20.9453,5,283621152,283608480,2,0,116476604,564,556,1,1,0,0,0
564,0.0631,7.5778,6.4591,0.002,6.4565,6.4411,0.013,0.0016,0.4846,1.0417,0.0216,0.257,0.11,0.1519,0.0153,0.0421,0.0738,1.8608,0.7076,0.4269,11.2294,0,283621152,355250144,0,0,116476604,565,557,1,1,0,0,0
565,0.0444,1.4394,0.6799,0.0025,0.6771,0.6653,0.0091,0.0014,0.2929,0.737,0.0096,0.1587,0.1197,0.1492,0.0059,0.0125,0.0222,0.4412,0.5744,0.492,3.4904,1,283621152,355255776,1,0,116476604,566,558,1,1,0,0,0
566,0.0896,2.259,1.0746,0.0025,1.0716,1.0583,0.0107,0.0016,0.5761,1.1631,0.0219,0.2181,0.1239,0.2161,0.0061,0.0093,0.0266,0.4231,0.1647,0.1818,3.3017,2,283621152,355246624,2,0,116476604,567,559,1,1,0,0,0
567,0.0644,2.2369,1.0522,0.0029,1.049,1.034,0.0113,0.0013,0.3931,1.158,0.016,0.215,0.1484,0.3776,0.0067,0.0178,0.0195,0.3794,0.0852,0.0705,2.9495,3,283621152,355249440,0,0,116476604,568,560,1,1,0,0,0
568,0.0433,1.4237,0.7467,0.0023,0.7442,0.7329,0.0089,0.0011,0.2311,0.6585,0.0085,0.0925,0.0727,0.2477,0.0053,0.0112,0.0176,0.285,0.0792,0.0698,2.0108,4,283621152,355242400,1,0,116476604,569,561,1,1,0,0,0
569,0.0438,1.6474,0.6841,0.003,0.6809,0.6733,0.0058,0.001,0.4126,0.9294,0.0144,0.1697,0.1032,0.2219,0.0069,0.0205,0.0299,0.4431,0.1383,0.1665,2.6286,5,283621152,283608480,2,0,116476604,570,562,1,1,0,0,0
570,0.0608,2.0401,1.1763,0.0031,1.1726,1.1587,0.0107,0.0017,0.2956,0.8444,0.0141,0.1855,0.1571,0.1842,0.0071,0.0073,0.0256,0.4927,0.1453,0.1276,3.0309,0,283621152,355250144,0,0,116476604,571,563,1,1,0,0,0
571,0.048,1.7797,0.7412,0.004,0.7369,0.7212,0.0125,0.0019,0.3199,1.0169,0.0094,0.155,0.1695,0.3555,0.0066,0.0139,0.0183,0.3643,0.1143,0.0719,2.5052,1,283621152,355255776,1,0,116476604,572,564,1,1,0,0,0
572,0.0408,1.3767,0.6743,0.0025,0.6715,0.66,0.0092,0.0011,0.2792,0.6899,0.0096,0.1313,0.0894,0.1775,0.0024,0.0069,0.0136,0.2054,0.0789,0.0677,1.871,2,283621152,355246624,2,0,116476604,573,565,1,1,0,0,0
573,0.0739,2.2055,1.2512,0.0055,1.2455,1.233,0.0091,0.002,0.3517,0.926,0.0112,0.2088,0.1396,0.2068,0.0072,0.0168,0.0244,0.402,0.1264,0.1939,3.1558,3,283621152,355249440,0,0,116476604,574,566,1,1,0,0,0
574,0.0395,1.2222,0.6459,0.0022,0.6435,0.6315,0.0096,0.0011,0.2167,0.5561,0.0064,0.0998,0.0803,0.145,0.0074,0.0127,0.0199,0.3885,0.1534,0.109,2.0558,4,283621152,355242400,1,0,116476604,575,567,1,1,0,0,0
575,0.0558,2.6077,1.3333,0.0023,1.3304,1.3007,0.0238,0.0039,0.5636,1.2405,0.02,0.2844,0.1389,0.2263,0.0063,0.0197,0.0357,0.4853,0.1576,0.1284,3.6304,5,283621152,283608480,2,0,116476604,576,568,1,1,0,0,0
576,0.0409,1.5371,0.6841,0.0024,0.6815,0.6697,0.0092,0.0014,0.3228,0.8391,0.0095,0.1993,0.1429,0.1604,0.0035,0.0079,0.0151,0.2091,0.0774,0.075,2.0427,0,283621152,355250144,0,0,116476604,577,569,1,1,0,0,0
577,0.0389,56.0022,55.3685,0.0022,55.3661,55.3521,0.0121,0.0008,0.2443,0.6153,0.0076,0.108,0.0734,0.1773,0.0043,0.0127,0.0165,0.264,0.0938,0.0789,56.592,1,283621152,355255776,1,0,116476604,578,570,1,1,0,0,0
578,0.0395,26.1987,25.3084,0.0023,25.3058,25.2905,0.0125,0.0012,0.3443,0.8677,0.0096,0.1777,0.1034,0.2216,0.0102,0.0148,0.021,0.4578,0.1788,0.2413,27.3599,2,283621152,355246624,2,0,116476604,579,571,1,1,0,0,0
579,0.0395,13.0765,12.179,0.0026,12.1762,12.1525,0.0209,0.0011,0.35,0.8738,0.0114,0.2003,0.1104,0.1947,0.006,0.0136,0.022,0.391,0.1197,0.0861,13.8405,3,283621152,355249440,0,0,116476604,580,572,1,1,0,0,0
580,0.0411,21.1587,19.7546,0.0023,19.752,19.7281,0.0196,0.0016,0.5135,1.3709,0.0165,0.2542,0.2051,0.371,0.0091,0.0215,0.0307,0.572,0.198,0.1538,22.3345,4,283621152,355242400,1,0,116476604,581,573,1,1,0,0,0
581,0.0456,1.3637,0.6789,0.0022,0.6763,0.6638,0.0096,0.0012,0.2597,0.6688,0.0082,0.1009,0.1442,0.1532,0.002,0.0092,0.0153,0.2033,0.0842,0.0761,1.8795,5,283621152,283608480,2,0,116476604,582,574,1,1,0,0,0
582,0.1106,2.616,1.4267,0.0059,1.4205,1.4068,0.0108,0.0017,0.4538,1.1612,0.0237,0.2864,0.1614,0.2244,0.0102,0.0148,0.0315,0.4306,0.1363,0.1373,3.609,0,283621152,355250144,0,0,116476604,583,575,1,1,0,0,0
583,0.0699,2.3303,1.485,0.0032,1.481,1.462,0.0128,0.0017,0.2201,0.7679,0.0076,0.0982,0.0888,0.327,0.0249,0.0412,0.0534,1.753,0.7242,0.4259,5.8172,1,283621152,355255776,1,0,116476604,584,576,1,1,0,0,0
584,0.1149,1.7745,0.8515,0.0047,0.8453,0.8318,0.0107,0.0012,0.3237,0.8993,0.009,0.1866,0.1498,0.2216,0.0075,0.0148,0.0199,0.3618,0.083,0.073,2.5257,2,283621152,355246624,2,0,116476604,585,577,1,1,0,0,0
585,0.073,2.336,1.1778,0.0031,1.1739,1.1567,0.0134,0.0023,0.4837,1.1408,0.0234,0.2654,0.1365,0.2248,0.0059,0.0109,0.0141,0.2898,0.1043,0.1338,3.1149,3,283621152,355249440,0,0,116476604,586,578,1,1,0,0,0
586,0.1777,3.5073,1.606,0.0193,1.5858,1.5536,0.0269,0.0024,0.6101,1.8704,0.0194,0.3774,0.2979,0.555,0.0086,0.0178,0.0288,0.7034,0.1988,0.1427,4.916,4,283621152,355242400,1,0,116476604,587,579,1,1,0,0,0
587,0.0783,2.0435,1.0003,0.004,0.9959,0.9811,0.0115,0.0011,0.3605,1.012,0.0129,0.2072,0.1461,0.277,0.0073,0.0203,0.0303,0.5774,0.2054,0.2239,3.461,5,283621152,283608480,2,0,116476604,588,580,1,1,0,0,0
588,0.043,1.3582,0.759,0.0024,0.7563,0.745,0.0091,0.0011,0.2394,0.5829,0.0077,0.0963,0.0721,0.165,0.0019,0.01,0.0143,0.2069,0.0872,0.0847,1.9114,0,283621152,355250144,0,0,116476604,589,581,1,1,0,0,0
589,0.045,1.8034,0.7441,0.0033,0.7406,0.73,0.0086,0.0011,0.3774,1.0221,0.0227,0.2235,0.1542,0.2348,0.0087,0.0231,0.0334,0.5051,0.1548,0.198,2.9495,1,283621152,355255776,1,0,116476604,590,582,1,1,0,0,0
590,0.0734,2.4763,1.2454,0.0035,1.2414,1.2258,0.0116,0.0025,0.6496,1.2149,0.0244,0.2016,0.1031,0.2314,0.0041,0.0045,0.0237,0.4211,0.1557,0.1899,3.5047,2,283621152,355246624,2,0,116476604,591,583,1,1,0,0,0
591,0.0384,1.3883,0.6377,0.0022,0.635,0.6252,0.0059,0.0018,0.2193,0.7312,0.0076,0.1487,0.1045,0.2443,0.0062,0.0114,0.0176,0.4096,0.1362,0.1305,2.2289,3,283621152,355249440,0,0,116476604,592,584,1,1,0,0,0
592,0.045,1.5338,0.6753,0.0022,0.6728,0.6613,0.0092,0.0013,0.3227,0.8382,0.0096,0.1402,0.1009,0.2575,0.0065,0.0131,0.0208,0.4466,0.0949,0.0762,2.3101,4,283621152,355242400,1,0,116476604,593,585,1,1,0,0,0
593,0.0395,57.5833,57.0242,0.002,57.022,57.0118,0.0086,0.0007,0.2122,0.5415,0.0075,0.1012,0.0782,0.1376,0.0043,0.0118,0.0176,0.2724,0.0991,0.083,58.1983,5,283621152,283608480,2,0,116476604,594,586,1,1,0,0,0
594,0.0423,13.3832,12.5424,0.0025,12.5396,12.5261,0.0104,0.0014,0.2985,0.8212,0.011,0.1507,0.1389,0.2172,0.004,0.0115,0.0181,0.3011,0.1037,0.0835,14.0347,0,283621152,355250144,0,0,116476604,595,587,1,1,0,0,0
595,0.089,11.6627,10.968,0.0043,10.9633,10.945,0.0153,0.0013,0.2384,0.6735,0.0085,0.1074,0.0939,0.2183,0.0064,0.0132,0.0196,0.2729,0.089,0.0822,12.3136,1,283621152,355255776,1,0,116476604,596,588,1,1,0,0,0
596,0.0503,12.7811,11.8692,0.0025,11.8665,11.8517,0.0118,0.0012,0.396,0.8736,0.0178,0.1498,0.0741,0.2276,0.0079,0.0221,0.0435,0.5649,0.111,0.1072,13.785,2,283621152,355246624,2,0,116476604,597,589,1,1,0,0,0
597,0.119,2.0976,1.2699,0.0062,1.263,1.2468,0.0118,0.0016,0.3866,0.7944,0.015,0.1282,0.0397,0.2143,0.0102,0.021,0.0299,0.4802,0.1291,0.1361,3.1539,3,283621152,355249440,0,0,116476604,598,590,1,1,0,0,0
598,0.0524,1.482,0.7625,0.0028,0.7594,0.7522,0.0054,0.0011,0.2339,0.698,0.0101,0.1661,0.1029,0.1775,0.0069,0.0133,0.0228,0.3596,0.1092,0.11,2.2639,4,283621152,355242400,1,0,116476604,599,591,1,1,0,0,0
599,0.0438,1.3078,0.6823,0.0026,0.6795,0.6699,0.0073,0.0011,0.2167,0.609,0.0075,0.1086,0.0892,0.1822,0.0043,0.0108,0.0142,0.2991,0.0957,0.0854,1.9523,5,283621152,283608480,2,0,116476604,600,592,1,1,0,0,0
600,0.1218,7.5372,6.3265,0.0031,6.3225,6.2902,0.0271,0.0022,0.4889,1.1695,0.0243,0.264,0.1582,0.2275,0.006,0.0242,0.0372,0.4146,0.1107,0.1163,8.4513,0,283621152,355250144,0,0,116476604,601,593,1,1,0,0,0
601,0.0564,1.4726,0.7552,0.0027,0.7521,0.7384,0.0101,0.0022,0.2374,0.6991,0.008,0.0976,0.1329,0.2166,0.0058,0.0106,0.0178,0.2809,0.0866,0.0769,2.0799,1,283621152,355255776,1,0,116476604,602,594,1,1,0,0,0
602,0.092,9.0987,7.7503,0.0039,7.7458,7.7217,0.0186,0.0014,0.7547,1.3002,0.026,0.2326,0.1046,0.1763,0.0046,0.0294,0.0505,0.5502,0.1941,0.1883,10.4168,2,283621152,355246624,2,0,116476604,603,595,1,1,0,0,0
603,0.0589,1.8914,0.8556,0.0026,0.8527,0.8378,0.0122,0.0012,0.4614,1.009,0.0171,0.1574,0.1375,0.2295,0.0052,0.017,0.0263,0.3472,0.1446,0.2051,2.8495,3,283621152,355249440,0,0,116476604,604,596,1,1,0,0,0
604,0.1741,7.2212,6.0012,0.0187,5.9816,5.961,0.016,0.0023,0.4379,1.1787,0.0179,0.2404,0.1799,0.293,0.0085,0.0244,0.0372,0.6278,0.2299,0.2106,8.7192,4,283621152,355242400,1,0,116476604,605,597,1,1,0,0,0
605,0.0549,1.8293,0.8042,0.0025,0.8014,0.7867,0.0114,0.0018,0.3958,0.9907,0.0289,0.2046,0.0966,0.2561,0.0078,0.0221,0.0327,0.5686,0.2338,0.1915,3.1388,5,283621152,283608480,2,0,116476604,606,598,1,1,0,0,0
606,0.0565,1.5794,0.9378,0.0035,0.9341,0.9237,0.0077,0.001,0.2937,0.6245,0.0094,0.0985,0.0703,0.149,0.0031,0.01,0.016,0.2784,0.1072,0.1196,2.2644,0,283621152,355250144,0,0,116476604,607,599,1,1,0,0,0
607,0.0473,1.4463,0.7348,0.0025,0.732,0.7192,0.0102,0.0012,0.2524,0.6945,0.01,0.1249,0.1478,0.1543,0.0045,0.0099,0.0157,0.2842,0.1049,0.086,2.0899,1,283621152,355255776,1,0,116476604,608,600,1,1,0,0,0
608,0.0475,1.5548,0.7283,0.0031,0.7249,0.7118,0.0104,0.0011,0.2611,0.7993,0.0088,0.154,0.14,0.2275,0.0072,0.0185,0.0204,0.3545,0.1728,0.2414,2.6323,2,283621152,355246624,2,0,116476604,609,601,1,1,0,0,0
609,0.1315,3.3155,2.2765,0.0044,2.2715,2.2473,0.0184,0.0035,0.5322,1.0128,0.0219,0.1714,0.1286,0.1531,0.0052,0.015,0.0201,0.4367,0.1502,0.1121,4.3067,3,283621152,355249440,0,0,116476604,610,602,1,1,0,0,0
610,0.041,1.6483,0.9497,0.0023,0.9472,0.9349,0.0077,0.002,0.3031,0.6782,0.0114,0.1221,0.0599,0.1733,0.008,0.0104,0.0224,0.3547,0.127,0.1221,2.4577,4,283621152,355242400,1,0,116476604,611,603,1,1,0,0,0
611,0.0982,4.0842,2.8703,0.0031,2.8664,2.8362,0.0258,0.0022,0.674,1.1735,0.0265,0.2191,0.0887,0.159,0.0054,0.0229,0.039,0.5815,0.1856,0.1458,5.2987,5,283621152,283608480,2,0,116476604,612,604,1,1,0,0,0
612,0.0695,1.8373,0.9619,0.0042,0.9573,0.9406,0.0136,0.0013,0.3723,0.848,0.0171,0.1842,0.0963,0.1698,0.0071,0.0164,0.026,0.4241,0.1153,0.0871,2.6748,0,283621152,355250144,0,0,116476604,613,605,1,1,0,0,0
613,0.0647,9.4128,8.2252,0.003,8.2219,8.1962,0.0216,0.0022,0.6181,1.1487,0.0242,0.2161,0.1116,0.1711,0.0068,0.0232,0.0348,0.4473,0.1284,0.1426,10.3568,1,283621152,355255776,1,0,116476604,614,606,1,1,0,0,0
614,0.0501,1.5795,0.7559,0.0033,0.752,0.7388,0.0108,0.0012,0.302,0.8014,0.0105,0.1723,0.1463,0.1623,0.0072,0.0131,0.0188,0.291,0.1136,0.1969,2.3702,2,283621152,355246624,2,0,116476604,615,607,1,1,0,0,0
615,0.103,2.6938,1.8154,0.0038,1.8111,1.7936,0.0135,0.0017,0.3617,0.8515,0.0163,0.1586,0.0777,0.2302,0.0061,0.0146,0.0246,0.3812,0.1201,0.0998,3.552,3,283621152,355249440,0,0,116476604,616,608,1,1,0,0,0
616,0.1018,1.892,1.184,0.0038,1.1794,1.1732,0.004,0.001,0.2573,0.6895,0.0107,0.1576,0.0973,0.1594,0.0068,0.0113,0.0195,0.3304,0.1035,0.0817,2.6029,4,283621152,355242400,1,0,116476604,617,609,1,1,0,0,0
617,0.1211,2.3314,1.4328,0.0055,1.4259,1.4113,0.0109,0.0019,0.4022,0.8569,0.0166,0.1589,0.0867,0.1882,0.0039,0.023,0.0366,0.3381,0.0828,0.0705,3.116,5,283621152,283608480,2,0,116476604,618,610,1,1,0,0,0
618,0.0534,1.1918,0.6875,0.0025,0.6847,0.6754,0.0069,0.0009,0.2199,0.4878,0.0088,0.1004,0.0525,0.1031,0.0028,0.0102,0.0274,0.2945,0.0871,0.0727,1.7846,0,283621152,355250144,0,0,116476604,619,611,1,1,0,0,0
619,0.0828,2.3636,1.6266,0.004,1.6222,1.6055,0.0126,0.0012,0.3881,0.7085,0.0144,0.131,0.051,0.1207,0.0029,0.0156,0.0291,0.449,0.1525,0.1406,3.3904,1,283621152,355255776,1,0,116476604,620,612,1,1,0,0,0
620,0.041,1.2241,0.7082,0.0561,0.6516,0.6434,0.0051,0.0017,0.2152,0.4985,0.0093,0.0805,0.0703,0.121,0.0018,0.0084,0.0162,0.2374,0.1425,0.3725,2.435,2,283621152,355246624,2,0,116476604,621,613,1,1,0,0,0
621,0.0569,1.5737,0.7848,0.0023,0.7819,0.7705,0.0089,0.0016,0.2841,0.7716,0.0106,0.1696,0.0958,0.2046,0.0062,0.0084,0.0201,0.4098,0.1103,0.1389,2.4258,3,283621152,355249440,0,0,116476604,622,614,1,1,0,0,0
622,0.0418,2.1788,1.1977,0.0027,1.1948,1.176,0.0151,0.0015,0.4,0.9329,0.0171,0.171,0.1406,0.196,0.0073,0.03,0.0546,0.4777,0.1411,0.17,3.234,4,283621152,355242400,1,0,116476604,623,615,1,1,0,0,0
623,0.0476,4.9745,1.5199,0.0028,1.5168,1.4707,0.0381,0.0046,1.1355,3.3753,0.0417,0.7633,0.5094,0.8945,0.0268,0.0483,0.0666,1.9948,0.4496,0.2006,8.0099,5,283621152,283608480,2,0,116476604,624,616,1,1,0,0,0
624,0.0524,2.0506,1.3293,0.0027,1.3264,1.309,0.0123,0.003,0.3198,0.7048,0.0089,0.1271,0.0865,0.1592,0.0027,0.0096,0.0169,0.2939,0.1479,0.0809,2.7686,0,283621152,355250144,0,0,116476604,625,617,1,1,0,0,0
625,0.0565,1.7528,0.8959,0.0024,0.8931,0.8785,0.0113,0.0017,0.3108,0.8315,0.01,0.1135,0.0963,0.2931,0.0071,0.0158,0.0265,0.3262,0.1123,0.1575,2.5597,1,283621152,355255776,1,0,116476604,626,618,1,1,0,0,0
626,0.046,1.8062,0.93,0.0029,0.9269,0.9137,0.0105,0.0014,0.3601,0.8535,0.0135,0.171,0.1153,0.186,0.0065,0.0131,0.0253,0.3969,0.1032,0.0924,2.5948,2,283621152,355246624,2,0,116476604,627,619,1,1,0,0,0
627,0.0452,1.3373,0.6562,0.0022,0.6537,0.6411,0.01,0.0012,0.2935,0.662,0.0104,0.1532,0.0743,0.1262,0.0036,0.0113,0.0188,0.24,0.0866,0.1525,1.9865,3,283621152,355249440,0,0,116476604,628,620,1,1,0,0,0
628,0.172,5.3064,2.9042,0.0178,2.8849,2.8454,0.0321,0.0035,0.9603,2.234,0.0175,0.4136,0.3268,0.5032,0.0105,0.1519,0.0278,0.9385,0.2406,0.1455,7.0187,4,283621152,355242400,1,0,116476604,629,621,1,1,0,0,0
629,0.083,1.7129,1.0153,0.0042,1.0108,1.0026,0.0056,0.0015,0.2887,0.6735,0.0102,0.1537,0.0868,0.1293,0.0043,0.0135,0.0245,0.4118,0.0931,0.1027,2.5311,5,283621152,283608480,2,0,116476604,630,622,1,1,0,0,0
630,0.0691,1.7681,0.9401,0.0029,0.9369,0.9232,0.0104,0.0017,0.3691,0.8063,0.014,0.2102,0.0944,0.1152,0.0027,0.0116,0.0203,0.2669,0.1111,0.1145,2.4911,0,283621152,355250144,0,0,116476604,631,623,1,1,0,0,0
631,0.0424,1.4909,0.6539,0.0022,0.6515,0.6393,0.0096,0.0011,0.3144,0.8118,0.0091,0.1456,0.1,0.2353,0.0063,0.0137,0.0261,1.9088,0.6536,0.4314,5.0426,1,283621152,355255776,1,0,116476604,632,624,1,1,0,0,0
632,0.0413,1.4229,0.668,0.0026,0.6652,0.6532,0.0095,0.0014,0.3207,0.7358,0.0105,0.1395,0.0724,0.1856,0.0062,0.0114,0.0192,0.3366,0.0907,0.1467,2.1758,2,283621152,355246624,2,0,116476604,633,625,1,1,0,0,0
633,0.0417,58.9733,58.0707,0.0028,58.0677,58.0529,0.0123,0.0011,0.3291,0.8859,0.0104,0.2269,0.1317,0.1827,0.0042,0.0103,0.0152,0.253,0.0892,0.0766,59.5493,3,283621152,355249440,0,0,116476604,634,626,1,1,0,0,0
634,0.0414,15.9652,15.1452,0.0026,15.1424,15.1285,0.0112,0.0011,0.2864,0.8048,0.0098,0.1614,0.1199,0.2204,0.0062,0.0084,0.0145,0.2559,0.0963,0.0744,16.5504,4,283621152,355242400,1,0,116476604,635,627,1,1,0,0,0
635,0.0387,17.8135,16.9153,0.0024,16.9127,16.8936,0.0165,0.0011,0.3331,0.8786,0.0112,0.1755,0.1206,0.2316,0.0055,0.0112,0.0173,0.4365,0.1655,0.0786,18.662,5,283621152,283608480,2,0,116476604,636,628,1,1,0,0,0
636,0.0413,25.2478,24.2843,0.0023,24.2818,24.2612,0.0154,0.0025,0.3826,0.9377,0.019,0.1884,0.1121,0.2293,0.0057,0.0144,0.0301,0.4311,0.1679,0.2611,26.3611,0,283621152,355250144,0,0,116476604,637,629,1,1,0,0,0
637,0.0455,1.2898,0.7105,0.002,0.7082,0.6956,0.0103,0.001,0.2458,0.5604,0.0076,0.0976,0.0696,0.1336,0.0055,0.0108,0.0182,0.2844,0.0983,0.0921,1.935,1,283621152,355255776,1,0,116476604,638,630,1,1,0,0,0
638,0.0551,10.4627,7.1362,0.0027,7.1332,7.1077,0.0213,0.0016,0.9298,3.2446,0.0359,0.684,0.6068,0.9561,0.0283,0.0539,0.0727,1.7534,0.8094,0.8379,14.6812,2,283621152,355246624,2,0,116476604,639,631,1,1,0,0,0
639,0.0407,1.228,0.6743,0.0023,0.6718,0.6607,0.0088,0.0011,0.2002,0.5352,0.0075,0.0815,0.0949,0.1446,0.0063,0.0123,0.0141,0.2238,0.0888,0.0855,1.7836,3,283621152,355249440,0,0,116476604,640,632,1,1,0,0,0
640,0.0541,11.1324,10.2271,0.0025,10.2243,10.1991,0.0213,0.0015,0.409,0.8649,0.0191,0.1672,0.0798,0.181,0.0082,0.0255,0.0409,0.4642,0.1318,0.1121,12.0616,4,283621152,355242400,1,0,116476604,641,633,1,1,0,0,0
641,0.0484,1.287,0.6514,0.0025,0.6486,0.6415,0.0056,0.001,0.2086,0.6128,0.0082,0.1225,0.0631,0.2051,0.0046,0.0148,0.0204,0.3443,0.0968,0.0923,1.9977,5,283621152,283608480,2,0,116476604,642,634,1,1,0,0,0
642,0.0547,1.5144,0.8441,0.0027,0.8408,0.8284,0.0097,0.001,0.2757,0.6515,0.0251,0.1482,0.0867,0.1097,0.0055,0.0095,0.022,0.3252,0.1065,0.102,2.2598,0,283621152,355250144,0,0,116476604,643,635,1,1,0,0,0
643,0.1805,6.9647,2.7418,0.0043,2.7366,2.6774,0.0472,0.0064,1.8242,4.1097,0.1066,1.0018,0.5172,0.6271,0.0273,0.0726,0.0925,1.9768,0.5782,0.2837,10.4234,1,283621152,355255776,1,0,116476604,644,636,1,1,0,0,0
644,0.0415,1.2521,0.6548,0.0025,0.652,0.6412,0.008,0.0014,0.2703,0.5798,0.0093,0.1296,0.0642,0.1024,0.0031,0.0101,0.0183,0.3489,0.1972,0.2761,2.2996,2,283621152,355246624,2,0,116476604,645,637,1,1,0,0,0
645,0.0542,1.2732,0.703,0.0038,0.6989,0.6902,0.0063,0.0014,0.2948,0.5543,0.0094,0.1001,0.0554,0.092,0.0022,0.0086,0.0167,0.252,0.1031,0.0965,1.9209,3,283621152,355249440,0,0,116476604,646,638,1,1,0,0,0
646,0.0638,1.6122,0.9589,0.0031,0.9555,0.9423,0.0096,0.0016,0.3249,0.6332,0.0106,0.1291,0.0687,0.0967,0.0026,0.011,0.0193,0.2611,0.1105,0.1066,2.2971,4,283621152,355242400,1,0,116476604,647,639,1,1,0,0,0
647,0.0532,1.2824,0.7588,0.0023,0.7561,0.7485,0.0055,0.0008,0.2405,0.4907,0.0091,0.0808,0.0455,0.1065,0.0081,0.0205,0.0315,0.3765,0.1134,0.1005,2.0677,5,283621152,283608480,2,0,116476604,648,640,1,1,0,0,0
648,0.0447,2.7069,0.725,0.0025,0.7223,0.7086,0.0107,0.0013,0.347,1.9057,0.0162,0.2157,0.1555,1.1385,0.031,0.0487,0.0677,1.7468,0.6442,0.4447,6.1553,0,283621152,355250144,0,0,116476604,649,641,1,1,0,0,0
649,0.0419,1.5097,0.6533,0.0024,0.6507,0.6394,0.0089,0.0012,0.324,0.7845,0.0114,0.1662,0.1272,0.1492,0.0055,0.0133,0.0239,0.5136,0.4106,0.3954,3.3866,1,283621152,355255776,1,0,116476604,650,642,1,1,0,0,0
650,0.0384,1.7064,0.7243,0.0025,0.7216,0.7081,0.0109,0.0013,0.3953,0.9422,0.0161,0.2021,0.1445,0.177,0.0063,0.0218,0.0372,1.6764,0.6283,0.5469,5.1229,2,283621152,355246624,2,0,116476604,651,643,1,1,0,0,0
651,0.0395,1.5935,0.7336,0.0021,0.7314,0.7178,0.0112,0.0011,0.3562,0.8208,0.0127,0.1757,0.0946,0.1757,0.005,0.0208,0.0398,0.5176,0.1877,0.1992,2.7942,3,283621152,355249440,0,0,116476604,652,644,1,1,0,0,0
652,0.0416,1.3312,0.653,0.0022,0.6506,0.6383,0.009,0.0021,0.2749,0.6616,0.0096,0.1356,0.0592,0.1777,0.0039,0.0108,0.0165,0.2564,0.1049,0.1004,1.9452,4,283621152,355242400,1,0,116476604,653,645,1,1,0,0,0
653,0.0895,3.2015,2.1218,0.003,2.118,2.1092,0.0053,0.0026,0.522,1.0546,0.0209,0.2121,0.0905,0.2036,0.0048,0.0058,0.0399,0.4492,0.1378,0.1368,4.189,5,283621152,283608480,2,0,116476604,654,646,1,1,0,0,0
654,0.0423,1.3549,0.7295,0.0024,0.7269,0.7139,0.0096,0.0016,0.2486,0.6106,0.0075,0.1161,0.0824,0.1535,0.0021,0.0083,0.0141,0.2365,0.0834,0.0719,1.8984,0,283621152,355250144,0,0,116476604,655,647,1,1,0,0,0
655,0.0715,1.8495,0.9939,0.0044,0.9892,0.9768,0.0085,0.0023,0.3736,0.8276,0.0118,0.1512,0.1179,0.1697,0.0029,0.0167,0.0238,0.4853,0.2017,0.1745,3.0073,1,283621152,355255776,1,0,116476604,656,648,1,1,0,0,0
656,0.0439,1.503,0.6796,0.0026,0.6768,0.6644,0.0102,0.001,0.3156,0.8025,0.0099,0.163,0.0795,0.2272,0.0064,0.0129,0.019,0.3656,0.0977,0.136,2.2617,2,283621152,355246624,2,0,116476604,657,649,1,1,0,0,0
657,0.0385,69.6199,68.8895,0.0026,68.8867,68.8647,0.0191,0.0011,0.3035,0.7111,0.0102,0.1272,0.0862,0.1766,0.0063,0.0117,0.0194,0.4096,0.1255,0.0788,70.4046,3,283621152,355249440,0,0,116476604,658,650,1,1,0,0,0
658,0.0424,13.1548,12.4425,0.0027,12.4396,12.4179,0.0191,0.0011,0.2675,0.6976,0.0077,0.102,0.1127,0.2039,0.003,0.0091,0.0143,0.2207,0.0954,0.0783,13.7031,4,283621152,355242400,1,0,116476604,659,651,1,1,0,0,0
659,0.0392,21.8689,20.3176,0.0024,20.315,20.2854,0.0246,0.0023,0.5524,1.5223,0.0158,0.2828,0.2492,0.4105,0.0099,0.0193,0.0252,0.5514,0.2034,0.1412,23.0158,5,283621152,283608480,2,0,116476604,660,652,1,1,0,0,0
660,0.1961,13.5662,12.4563,0.0194,12.436,12.4213,0.0111,0.0016,0.4815,1.0792,0.0142,0.1837,0.1394,0.2528,0.0067,0.0174,0.028,0.5173,0.1678,0.1358,14.8078,0,283621152,355250144,0,0,116476604,661,653,1,1,0,0,0
661,0.0454,1.3766,0.7933,0.0023,0.7908,0.7795,0.009,0.0011,0.2396,0.5638,0.0083,0.1015,0.0936,0.1163,0.0039,0.0131,0.0161,0.2239,0.0861,0.0729,1.9214,1,283621152,355255776,1,0,116476604,662,654,1,1,0,0,0
662,0.0515,12.509,11.2634,0.0025,11.2607,11.2416,0.0155,0.0016,0.4885,1.2118,0.0179,0.2444,0.1802,0.2708,0.0087,0.0231,0.0312,0.5319,0.1907,0.2888,13.7718,2,283621152,355246624,2,0,116476604,663,655,1,1,0,0,0
663,0.0395,1.2708,0.6456,0.0026,0.6428,0.632,0.0079,0.0017,0.2802,0.6072,0.0093,0.144,0.0556,0.1116,0.0057,0.0105,0.0179,0.2737,0.0828,0.0725,1.8463,3,283621152,355249440,0,0,116476604,664,656,1,1,0,0,0
664,0.0527,21.4567,20.2623,0.0025,20.2595,20.2434,0.0132,0.0015,0.4241,1.1621,0.0155,0.2129,0.1434,0.3552,0.0097,0.0209,0.0295,0.5272,0.1835,0.1509,22.5773,4,283621152,355242400,1,0,116476604,665,657,1,1,0,0,0
665,0.0367,1.4151,0.6299,0.0019,0.6278,0.6158,0.0097,0.0011,0.2897,0.765,0.0096,0.1552,0.1295,0.1709,0.009,0.0129,0.0196,0.3729,0.1646,0.0825,2.2198,5,283621152,283608480,2,0,116476604,666,658,1,1,0,0,0
666,0.0461,24.0757,22.9049,0.0025,22.9023,22.8788,0.0198,0.0014,0.5183,1.1391,0.0223,0.2048,0.1323,0.2543,0.0064,0.0193,0.0329,0.4432,0.1682,0.106,25.0614,0,283621152,355250144,0,0,116476604,667,659,1,1,0,0,0
667,0.0408,1.4081,0.6635,0.0023,0.661,0.649,0.0094,0.0011,0.289,0.7244,0.01,0.1237,0.1075,0.1874,0.0058,0.0118,0.019,0.3583,0.0918,0.0752,2.0726,1,283621152,355255776,1,0,116476604,668,660,1,1,0,0,0
668,0.0762,11.7183,10.6152,0.0039,10.6107,10.5882,0.019,0.0013,0.5275,1.0679,0.0204,0.1985,0.0863,0.2289,0.0055,0.0182,0.0331,0.5413,0.2304,0.2397,13.1102,2,283621152,355246624,2,0,116476604,669,661,1,1,0,0,0
669,0.0442,1.6141,0.6991,0.0022,0.6967,0.6817,0.0117,0.0016,0.2912,0.8935,0.0245,0.1687,0.1461,0.2552,0.0068,0.0137,0.0198,0.3883,0.1008,0.0829,2.3601,3,283621152,355249440,0,0,116476604,670,662,1,1,0,0,0
670,0.0445,1.3917,0.7114,0.0034,0.7077,0.6935,0.0114,0.0012,0.249,0.6652,0.0076,0.1038,0.074,0.2271,0.0033,0.0091,0.0138,0.2215,0.0836,0.0728,1.9188,4,283621152,355242400,1,0,116476604,671,663,1,1,0,0,0
671,0.0958,2.0335,1.1188,0.0038,1.1146,1.1002,0.0113,0.0016,0.337,0.8878,0.0125,0.1695,0.168,0.1922,0.0076,0.0136,0.0303,0.5068,0.1698,0.148,3.1326,5,283621152,283608480,2,0,116476604,672,664,1,1,0,0,0
672,0.0349,1.3297,0.75,0.0027,0.7471,0.7364,0.0084,0.0011,0.2618,0.5654,0.0084,0.1005,0.0571,0.1351,0.0021,0.0084,0.0138,0.213,0.0838,0.0787,1.8474,0,283621152,355250144,0,0,116476604,673,665,1,1,0,0,0
673,0.0463,1.3213,0.6986,0.0025,0.6959,0.6842,0.0087,0.0015,0.2539,0.6073,0.0181,0.1233,0.0801,0.1279,0.0033,0.0079,0.0176,0.3545,0.1334,0.2,2.1951,1,283621152,355255776,1,0,116476604,674,666,1,1,0,0,0
674,0.0386,62.7707,62.1502,0.0021,62.1479,62.1364,0.0091,0.001,0.227,0.6022,0.0089,0.1136,0.0809,0.1665,0.0048,0.0117,0.0181,0.2966,0.0929,0.0817,63.4004,2,283621152,355246624,2,0,116476604,675,667,1,1,0,0,0
675,0.0405,14.0153,13.2367,0.0025,13.234,13.215,0.0162,0.0012,0.3161,0.7649,0.0095,0.2127,0.0837,0.14,0.002,0.0078,0.013,0.2673,0.105,0.0801,14.6246,3,283621152,355249440,0,0,116476604,676,668,1,1,0,0,0
676,0.0414,13.809,13.154,0.0027,13.1511,13.1282,0.0192,0.0018,0.2227,0.6404,0.0078,0.1045,0.1015,0.2001,0.0031,0.0083,0.0147,0.2236,0.0912,0.0869,14.3646,4,283621152,355242400,1,0,116476604,677,669,1,1,0,0,0
677,0.0393,25.7596,24.711,0.0027,24.7081,24.6828,0.0211,0.0012,0.4574,1.0155,0.0175,0.1996,0.0926,0.2425,0.0053,0.0185,0.0307,0.5322,0.1899,0.1639,26.8977,5,283621152,283608480,2,0,116476604,678,670,1,1,0,0,0
678,0.0378,1.2826,0.6332,0.0022,0.6308,0.6199,0.0087,0.001,0.218,0.6268,0.0074,0.0939,0.0718,0.2298,0.0052,0.0142,0.0215,0.3835,0.1328,0.0805,2.0382,0,283621152,355250144,0,0,116476604,679,671,1,1,0,0,0
679,0.0651,6.1908,5.3496,0.0034,5.3458,5.3316,0.0103,0.002,0.4255,0.8034,0.0221,0.1655,0.0635,0.1225,0.0041,0.0225,0.0369,1.8433,0.6529,0.4245,9.7033,1,283621152,355255776,1,0,116476604,680,672,1,1,0,0,0
680,0.0526,1.554,0.6971,0.0025,0.6944,0.6823,0.0099,0.0011,0.2948,0.8373,0.0101,0.157,0.1336,0.2351,0.0057,0.0112,0.0178,0.42,0.149,0.0984,2.4123,2,283621152,355246624,2,0,116476604,681,673,1,1,0,0,0
681,0.0677,12.1135,8.5032,0.0035,8.4993,8.4412,0.0489,0.0046,1.0811,3.5129,0.0369,0.857,0.6049,0.8997,0.0292,0.0703,0.0744,1.7364,0.6056,0.2528,15.2124,3,283621152,355249440,0,0,116476604,682,674,1,1,0,0,0
682,0.0402,1.3696,0.685,0.0023,0.6825,0.669,0.0109,0.0012,0.2284,0.6649,0.0075,0.0963,0.1321,0.1949,0.0048,0.0123,0.019,0.364,0.0963,0.0752,2.0592,4,283621152,355242400,1,0,116476604,683,675,1,1,0,0,0
683,0.0401,19.9785,18.6354,0.0022,18.633,18.6047,0.0246,0.0017,0.5118,1.3097,0.0172,0.2312,0.1793,0.3602,0.0087,0.0212,0.0274,0.5504,0.1863,0.1649,21.1278,5,283621152,283608480,2,0,116476604,684,676,1,1,0,0,0
684,0.0388,1.4651,0.6755,0.0024,0.6729,0.6608,0.0093,0.0014,0.2718,0.7722,0.0082,0.1547,0.1117,0.2196,0.0053,0.0099,0.0166,0.3523,0.1327,0.0725,2.1672,0,283621152,355250144,0,0,116476604,685,677,1,1,0,0,0
685,0.0443,13.6379,12.4546,0.002,12.4523,12.4306,0.0167,0.0018,0.521,1.1545,0.0218,0.2139,0.1336,0.2567,0.0066,0.0153,0.0244,0.4505,0.158,0.165,14.6366,1,283621152,355255776,1,0,116476604,686,678,1,1,0,0,0
686,0.0589,1.5098,0.8592,0.0028,0.8561,0.85,0.0045,0.0012,0.2737,0.6352,0.0106,0.1507,0.0847,0.1128,0.0022,0.0031,0.0241,0.329,0.1228,0.1176,2.2794,2,283621152,355246624,2,0,116476604,687,679,1,1,0,0,0
687,0.0454,1.3408,0.6497,0.0029,0.6462,0.6343,0.0075,0.0026,0.2961,0.672,0.0102,0.1198,0.1088,0.1329,0.0033,0.0114,0.0181,0.3412,0.1259,0.0968,2.0779,3,283621152,355249440,0,0,116476604,688,680,1,1,0,0,0
688,0.1176,1.8321,0.9916,0.0056,0.9856,0.9715,0.0102,0.0025,0.3716,0.8261,0.0104,0.1424,0.1195,0.1783,0.0031,0.0062,0.0178,0.4753,0.1814,0.1848,3.0154,4,283621152,355242400,1,0,116476604,689,681,1,1,0,0,0
689,0.0596,2.9934,1.9172,0.0023,1.9143,1.8996,0.012,0.0014,0.3996,1.0434,0.0131,0.2347,0.14,0.2476,0.0075,0.0204,0.0304,0.4136,0.1359,0.2787,4.0753,5,283621152,283608480,2,0,116476604,690,682,1,1,0,0,0
690,0.1,2.0317,1.3483,0.0035,1.3444,1.3373,0.0054,0.0011,0.2561,0.6614,0.0189,0.1809,0.0785,0.1209,0.0054,0.0132,0.0214,0.446,0.0882,0.0777,2.8589,0,283621152,355250144,0,0,116476604,691,683,1,1,0,0,0
691,0.053,1.5995,0.7101,0.0021,0.7078,0.6942,0.0112,0.0011,0.3192,0.8698,0.0101,0.1723,0.1331,0.2279,0.0064,0.012,0.019,0.4323,0.0885,0.0701,2.355,1,283621152,355255776,1,0,116476604,692,684,1,1,0,0,0
692,0.0448,57.3247,56.5527,0.0023,56.5501,56.5288,0.0186,0.0011,0.3456,0.7539,0.0104,0.1276,0.106,0.1576,0.0056,0.0109,0.0187,0.3392,0.1066,0.0791,58.013,2,283621152,355246624,2,0,116476604,693,685,1,1,0,0,0
693,0.0389,13.3891,12.5055,0.0029,12.5024,12.4871,0.013,0.0011,0.2901,0.8611,0.0096,0.1702,0.1342,0.247,0.0092,0.0139,0.0205,0.4322,0.1373,0.0777,14.1952,3,283621152,355249440,0,0,116476604,694,686,1,1,0,0,0
694,0.1163,17.5846,16.7193,0.0129,16.7058,16.6853,0.0177,0.0012,0.2834,0.8454,0.0099,0.1944,0.1421,0.209,0.0057,0.0117,0.0192,0.4391,0.1099,0.0967,18.4874,4,283621152,355242400,1,0,116476604,695,687,1,1,0,0,0
695,0.0402,25.7209,24.7115,0.0023,24.7091,24.691,0.0151,0.0014,0.4528,0.9768,0.0156,0.1758,0.1079,0.2176,0.0064,0.0203,0.0339,0.4541,0.1769,0.1427,26.7219,5,283621152,283608480,2,0,116476604,696,688,1,1,0,0,0
696,0.038,1.3156,0.7713,0.0022,0.7689,0.758,0.0087,0.0011,0.2071,0.5271,0.0073,0.096,0.0574,0.1544,0.0043,0.0109,0.0158,0.2595,0.0918,0.084,1.9111,0,283621152,355250144,0,0,116476604,697,689,1,1,0,0,0
697,0.078,7.9024,6.6733,0.0026,6.6705,6.6499,0.0161,0.0024,0.5746,1.1849,0.0198,0.2225,0.104,0.2502,0.0128,0.0258,0.0421,0.476,0.182,0.1255,8.9505,1,283621152,355255776,1,0,116476604,698,690,1,1,0,0,0
698,0.048,1.2879,0.702,0.003,0.6988,0.6871,0.0091,0.0012,0.2305,0.5665,0.0081,0.0946,0.0573,0.1688,0.0065,0.0114,0.0202,0.3661,0.1461,0.1606,2.1894,2,283621152,355246624,2,0,116476604,699,691,1,1,0,0,0
699,0.0478,4.5597,3.6995,0.0032,3.696,3.687,0.0071,0.0014,0.409,0.8363,0.0184,0.191,0.0767,0.1378,0.0031,0.0091,0.0381,0.4706,0.1147,0.1141,5.4734,3,283621152,355249440,0,0,116476604,700,692,1,1,0,0,0
700,0.0774,2.3225,1.0086,0.0076,1.0007,0.9846,0.012,0.0022,0.4936,1.2862,0.0136,0.2691,0.1799,0.3205,0.0084,0.0176,0.0263,0.5199,0.1637,0.1511,3.4244,4,283621152,355242400,1,0,116476604,701,693,1,1,0,0,0
701,0.0456,1.2145,0.6028,0.0027,0.5998,0.5922,0.006,0.0006,0.2333,0.5973,0.008,0.1747,0.0599,0.1182,0.0028,0.0083,0.0139,0.2217,0.0807,0.1236,1.7987,5,283621152,283608480,2,0,116476604,702,694,1,1,0,0,0
702,0.1706,16.3493,15.5866,0.02,15.5655,15.5536,0.0087,0.0012,0.3033,0.7432,0.0104,0.142,0.1194,0.1643,0.003,0.011,0.0189,0.4297,0.1423,0.1103,17.3487,0,283621152,355250144,0,0,116476604,703,695,1,1,0,0,0
703,0.0389,38.99,38.2793,0.0023,38.2768,38.2629,0.0108,0.0013,0.2629,0.6904,0.0093,0.1484,0.0748,0.1901,0.0043,0.0129,0.0171,0.3356,0.1071,0.0867,39.6823,1,283621152,355255776,1,0,116476604,704,696,1,1,0,0,0
704,0.041,11.764,10.9131,0.0021,10.9108,10.8985,0.0101,0.0012,0.2758,0.8286,0.01,0.1461,0.1394,0.2467,0.0098,0.0142,0.0196,0.374,0.0974,0.0744,12.4604,2,283621152,355246624,2,0,116476604,705,697,1,1,0,0,0
705,0.0406,13.4704,12.6824,0.0028,12.6794,12.6578,0.0189,0.0011,0.3203,0.7681,0.0099,0.1455,0.1029,0.1829,0.0057,0.012,0.0196,0.3776,0.1295,0.0706,14.1991,3,283621152,355249440,0,0,116476604,706,698,1,1,0,0,0
706,0.0406,14.8139,13.6763,0.0021,13.674,13.6507,0.0203,0.0011,0.5489,1.1006,0.0217,0.2262,0.1048,0.1909,0.0072,0.0203,0.0398,0.4718,0.1366,0.1373,15.7871,4,283621152,355242400,1,0,116476604,707,699,1,1,0,0,0
707,0.0455,1.5273,0.6677,0.0021,0.6653,0.6509,0.0116,0.0011,0.2971,0.8372,0.0103,0.1498,0.1069,0.2656,0.0068,0.0144,0.0201,0.42,0.1601,0.0861,2.3859,5,283621152,283608480,2,0,116476604,708,700,1,1,0,0,0
708,0.0761,2.3746,1.3006,0.005,1.295,1.2849,0.0077,0.0016,0.4167,1.0426,0.0159,0.2154,0.1343,0.2528,0.0067,0.0172,0.0316,0.6213,0.1837,0.0918,3.5,0,283621152,355250144,0,0,116476604,709,701,1,1,0,0,0
709,0.0424,1.4243,0.6968,0.0026,0.694,0.6862,0.0055,0.001,0.2088,0.7073,0.0083,0.1075,0.1582,0.2182,0.0056,0.0107,0.0192,0.4438,0.1543,0.0735,2.2679,1,283621152,355255776,1,0,116476604,710,702,1,1,0,0,0
710,0.0574,2.1959,1.2871,0.0028,1.2841,1.2748,0.0069,0.0011,0.3287,0.8782,0.0149,0.1608,0.1296,0.2371,0.0062,0.0194,0.032,0.5207,0.1139,0.2142,3.2469,2,283621152,355246624,2,0,116476604,711,703,1,1,0,0,0
711,0.0469,2.1443,1.0852,0.0032,1.0818,1.0726,0.0064,0.0019,0.3983,1.0323,0.0119,0.2397,0.1891,0.1876,0.0051,0.0101,0.0383,0.3948,0.0936,0.1435,2.9605,3,283621152,355249440,0,0,116476604,712,704,1,1,0,0,0
712,0.0376,1.2808,0.6983,0.0022,0.6959,0.6852,0.0085,0.0011,0.2265,0.5638,0.0072,0.1132,0.0846,0.128,0.0035,0.0104,0.0171,0.3468,0.1381,0.088,2.0225,4,283621152,355242400,1,0,116476604,713,705,1,1,0,0,0
713,0.0453,15.2009,14.0887,0.0026,14.0858,14.0632,0.0157,0.0025,0.5636,1.075,0.0194,0.2068,0.097,0.1832,0.0041,0.0213,0.0228,0.4081,0.1343,0.1309,16.0841,5,283621152,283608480,2,0,116476604,714,706,1,1,0,0,0
714,0.0398,1.5293,0.6602,0.0023,0.6577,0.6464,0.0091,0.0011,0.3077,0.8505,0.0091,0.184,0.1199,0.2235,0.0054,0.0113,0.0172,0.2445,0.078,0.1262,2.1213,0,283621152,355250144,0,0,116476604,715,707,1,1,0,0,0
715,0.0453,56.3566,55.7265,0.0025,55.7238,55.7094,0.0119,0.0011,0.2582,0.6159,0.0092,0.1299,0.0841,0.1318,0.0021,0.008,0.0143,0.2723,0.1047,0.0741,56.9642,1,283621152,355255776,1,0,116476604,716,708,1,1,0,0,0
716,0.0393,14.1453,13.3912,0.0024,13.3886,13.3682,0.0177,0.0011,0.3264,0.7334,0.0098,0.1453,0.0941,0.1509,0.006,0.0119,0.0194,0.3597,0.108,0.0761,14.8471,2,283621152,355246624,2,0,116476604,717,709,1,1,0,0,0
717,0.0405,13.5771,12.7439,0.002,12.7417,12.7211,0.0179,0.0012,0.2955,0.8133,0.0098,0.146,0.0984,0.257,0.0058,0.012,0.019,0.3474,0.0994,0.0743,14.2552,3,283621152,355249440,0,0,116476604,718,710,1,1,0,0,0
718,0.0405,14.5383,13.2398,0.0021,13.2374,13.2134,0.0198,0.0016,0.6372,1.2564,0.0235,0.2208,0.128,0.24,0.0062,0.0258,0.0411,0.4655,0.1724,0.1582,15.595,4,283621152,355242400,1,0,116476604,719,711,1,1,0,0,0
719,0.0431,1.4604,0.797,0.0025,0.7941,0.7859,0.0063,0.001,0.2287,0.6437,0.008,0.0928,0.0645,0.2433,0.0059,0.0113,0.018,0.3874,0.1412,0.1806,2.3478,5,283621152,283608480,2,0,116476604,720,712,1,1,0,0,0
720,0.1264,2.5653,1.4515,0.0045,1.4466,1.431,0.0126,0.0022,0.4997,1.075,0.0197,0.1844,0.0912,0.2723,0.0065,0.0217,0.037,0.4657,0.134,0.1096,3.5678,0,283621152,355250144,0,0,116476604,721,713,1,1,0,0,0
721,0.0482,1.2668,0.6793,0.0021,0.6769,0.6652,0.0093,0.0011,0.2498,0.5683,0.0077,0.1001,0.089,0.1172,0.0038,0.012,0.017,0.3788,0.1508,0.118,2.1045,1,283621152,355255776,1,0,116476604,722,714,1,1,0,0,0
722,0.1014,2.3168,1.365,0.0042,1.36,1.3469,0.0105,0.0012,0.3267,0.9311,0.0105,0.2307,0.1325,0.2234,0.0064,0.0121,0.0191,0.6296,0.1904,0.1411,3.6417,2,283621152,355246624,2,0,116476604,723,715,1,1,0,0,0
723,0.0418,1.6966,0.7918,0.0024,0.7893,0.774,0.0114,0.0018,0.4023,0.8804,0.0123,0.1757,0.0915,0.1895,0.0082,0.0148,0.0247,0.515,0.2187,0.3201,3.0315,3,283621152,355249440,0,0,116476604,724,716,1,1,0,0,0
724,0.0421,1.3516,0.6597,0.0032,0.6563,0.6491,0.0055,0.0009,0.2143,0.672,0.007,0.1187,0.1347,0.192,0.0046,0.0119,0.0178,0.4488,0.1648,0.1034,2.2659,4,283621152,355242400,1,0,116476604,725,717,1,1,0,0,0
725,0.0436,1.6497,0.6896,0.002,0.6874,0.6756,0.0093,0.0014,0.3189,0.9398,0.0104,0.2232,0.1331,0.2468,0.0065,0.0127,0.0177,0.4796,0.166,0.1107,2.5809,5,283621152,283608480,2,0,116476604,726,718,1,1,0,0,0
726,0.0508,59.1593,58.3584,0.0021,58.356,58.3397,0.0135,0.0011,0.3123,0.7801,0.0242,0.1867,0.0992,0.1501,0.0066,0.0127,0.0195,0.3484,0.1037,0.083,59.8698,0,283621152,355250144,0,0,116476604,727,719,1,1,0,0,0
727,0.0394,24.8866,24.0117,0.0023,24.0092,23.9877,0.0189,0.0011,0.286,0.8584,0.025,0.1702,0.1149,0.2556,0.006,0.0089,0.0189,0.4072,0.1352,0.0904,25.6974,1,283621152,355255776,1,0,116476604,728,720,1,1,0,0,0
728,0.0384,22.4418,21.4833,0.002,21.4809,21.4664,0.0118,0.0012,0.3388,0.9381,0.023,0.1655,0.1353,0.2687,0.0059,0.012,0.0187,0.4504,0.2002,0.1845,23.4947,2,283621152,355246624,2,0,116476604,729,721,1,1,0,0,0
729,0.0396,13.4479,12.2137,0.0024,12.2111,12.1823,0.0239,0.0026,0.5117,1.1881,0.0232,0.2328,0.15,0.2634,0.0062,0.0286,0.0354,0.4087,0.1466,0.1334,14.355,3,283621152,355249440,0,0,116476604,730,722,1,1,0,0,0
730,0.0361,1.4809,0.6838,0.0021,0.6815,0.6737,0.0062,0.0009,0.2735,0.7718,0.0098,0.1569,0.1361,0.1882,0.0061,0.0162,0.0196,0.382,0.1418,0.1128,2.3052,4,283621152,355242400,1,0,116476604,731,723,1,1,0,0,0
731,0.0472,4.5756,3.4337,0.003,3.4305,3.4135,0.014,0.0015,0.4668,1.1155,0.0481,0.2352,0.121,0.233,0.0107,0.0148,0.028,0.44,0.1421,0.1744,5.5657,5,283621152,283608480,2,0,116476604,732,724,1,1,0,0,0
732,0.0453,1.3658,0.7096,0.0025,0.7069,0.6941,0.0105,0.001,0.2893,0.6365,0.0094,0.1516,0.0727,0.1077,0.0051,0.012,0.0175,0.4099,0.1423,0.1228,2.2041,0,283621152,355250144,0,0,116476604,733,725,1,1,0,0,0
733,0.1168,1.5378,0.8324,0.0049,0.827,0.8196,0.0059,0.001,0.3074,0.6891,0.0216,0.1235,0.0481,0.1811,0.0067,0.0073,0.0198,0.4145,0.1858,0.1782,2.5998,1,283621152,355255776,1,0,116476604,734,726,1,1,0,0,0
734,0.0606,2.3106,1.2687,0.0023,1.2658,1.2517,0.0111,0.0018,0.5228,1.0226,0.0366,0.132,0.1313,0.1921,0.007,0.0079,0.028,0.4604,0.1543,0.1331,3.2973,2,283621152,355246624,2,0,116476604,735,727,1,1,0,0,0
735,0.0408,1.4985,0.6381,0.0021,0.6358,0.6246,0.0087,0.0013,0.3373,0.8392,0.0104,0.1998,0.1193,0.1626,0.0087,0.0127,0.0189,0.2898,0.08,0.0689,2.0952,3,283621152,355249440,0,0,116476604,736,728,1,1,0,0,0
736,0.045,1.608,0.7077,0.0026,0.7049,0.6922,0.0098,0.0014,0.3368,0.8793,0.0095,0.1986,0.0995,0.2297,0.0043,0.0124,0.02,0.4391,0.1407,0.1019,2.477,4,283621152,355242400,1,0,116476604,737,729,1,1,0,0,0
737,0.04,59.2729,58.6323,0.0022,58.6299,58.6148,0.0121,0.0012,0.2196,0.6286,0.0197,0.1116,0.1012,0.1723,0.0035,0.0053,0.0148,0.2401,0.0843,0.0966,59.844,5,283621152,283608480,2,0,116476604,738,730,1,1,0,0,0
738,0.0429,22.9117,22.0873,0.0022,22.085,22.0745,0.0085,0.0008,0.3511,0.8069,0.0253,0.149,0.1116,0.1642,0.0049,0.0109,0.0156,0.3417,0.1467,0.0728,23.622,0,283621152,355250144,0,0,116476604,739,731,1,1,0,0,0
739,0.0471,15.3368,14.687,0.0027,14.684,14.6716,0.0101,0.0009,0.2374,0.6387,0.0232,0.1456,0.0825,0.1479,0.0018,0.0049,0.0136,0.2757,0.0822,0.0736,15.9195,1,283621152,355255776,1,0,116476604,740,732,1,1,0,0,0
740,0.0394,24.3235,23.3744,0.0024,23.3718,23.3576,0.0109,0.0015,0.4071,0.9165,0.0134,0.1912,0.1177,0.183,0.0033,0.0178,0.031,0.5325,0.1778,0.1009,25.3439,2,283621152,355246624,2,0,116476604,741,733,1,1,0,0,0
741,0.0375,1.4545,0.6299,0.0024,0.6273,0.6157,0.0091,0.0014,0.2842,0.8054,0.0091,0.1525,0.1268,0.2262,0.0057,0.0115,0.0182,0.286,0.0838,0.1444,2.114,3,283621152,355249440,0,0,116476604,742,734,1,1,0,0,0
742,0.177,14.8421,13.7572,0.0178,13.7385,13.7213,0.0129,0.0017,0.4336,1.0557,0.017,0.2101,0.146,0.2443,0.0039,0.017,0.0289,0.4804,0.2856,0.143,16.1741,4,283621152,355242400,1,0,116476604,743,735,1,1,0,0,0
743,0.0375,1.4229,0.7842,0.0023,0.7817,0.769,0.0053,0.0062,0.1939,0.6183,0.0072,0.0924,0.1277,0.1919,0.0046,0.012,0.0198,0.3765,0.1411,0.1083,2.2376,5,283621152,283608480,2,0,116476604,744,736,1,1,0,0,0
744,0.1009,11.9369,10.9828,0.0094,10.973,10.9564,0.0125,0.002,0.4178,0.9227,0.0155,0.1612,0.1243,0.199,0.0044,0.0176,0.0302,0.469,0.1687,0.1204,12.9809,0,283621152,355250144,0,0,116476604,745,737,1,1,0,0,0
745,0.0603,1.8459,1.0149,0.0029,1.0118,0.9966,0.0119,0.0014,0.3168,0.7862,0.022,0.2206,0.0691,0.1437,0.0132,0.0262,0.0361,0.3955,0.3006,0.4102,3.4858,1,283621152,355255776,1,0,116476604,746,738,1,1,0,0,0
746,0.0779,2.2044,1.5545,0.0038,1.5503,1.5384,0.0096,0.0012,0.2406,0.6326,0.0089,0.128,0.0978,0.1518,0.0049,0.0105,0.0172,0.3458,0.1301,0.1834,3.1817,2,283621152,355246624,2,0,116476604,747,739,1,1,0,0,0
747,0.0461,1.6454,0.7405,0.0029,0.7374,0.7235,0.0107,0.0016,0.3301,0.8843,0.0098,0.1652,0.1514,0.2213,0.0055,0.0112,0.0176,0.446,0.214,0.2104,2.7293,3,283621152,355249440,0,0,116476604,748,740,1,1,0,0,0
748,0.1024,2.5757,1.5683,0.0059,1.5616,1.5487,0.0104,0.0015,0.3029,0.9541,0.0117,0.2231,0.1399,0.2647,0.0106,0.0321,0.0564,0.6176,0.214,0.1811,3.9656,4,283621152,355242400,1,0,116476604,749,741,1,1,0,0,0
749,0.0468,1.5379,0.7176,0.0024,0.7148,0.7023,0.0101,0.0013,0.291,0.8012,0.0107,0.1433,0.1271,0.2224,0.0057,0.0111,0.0173,0.3944,0.1165,0.0811,2.2967,5,283621152,283608480,2,0,116476604,750,742,1,1,0,0,0
750,0.0778,2.2658,1.1024,0.0044,1.0977,1.0829,0.0116,0.0021,0.5389,1.1433,0.0243,0.234,0.1009,0.2386,0.0056,0.0126,0.0187,0.3574,0.1232,0.191,3.1528,0,283621152,355250144,0,0,116476604,751,743,1,1,0,0,0
751,0.0425,1.3983,0.6991,0.0023,0.6965,0.6847,0.0091,0.0012,0.2611,0.6839,0.0089,0.1149,0.1444,0.152,0.002,0.0092,0.0133,0.3789,0.1127,0.1078,2.1841,1,283621152,355255776,1,0,116476604,752,744,1,1,0,0,0
752,0.0412,1.4146,0.6938,0.0024,0.6912,0.6791,0.0095,0.0012,0.2753,0.6979,0.008,0.1051,0.0737,0.2298,0.0052,0.0144,0.0196,0.4024,0.0873,0.1517,2.2238,2,283621152,355246624,2,0,116476604,753,745,1,1,0,0,0
753,0.0385,1.4905,0.7791,0.0023,0.7766,0.765,0.0092,0.0011,0.3036,0.6909,0.0094,0.1305,0.068,0.1745,0.0043,0.013,0.0183,0.3138,0.1437,0.1134,2.2387,3,283621152,355249440,0,0,116476604,754,746,1,1,0,0,0
754,0.0398,53.3023,52.5584,0.0026,52.5556,52.5406,0.0121,0.0011,0.2507,0.7263,0.0083,0.1154,0.1051,0.241,0.005,0.0105,0.0152,0.2785,0.1043,0.0872,53.9267,4,283621152,355242400,1,0,116476604,755,747,1,1,0,0,0
755,0.0383,23.7875,22.8745,0.0027,22.8715,22.8505,0.0183,0.0012,0.3363,0.8924,0.0106,0.2124,0.0956,0.2302,0.0063,0.012,0.0192,0.3884,0.1266,0.0985,24.5699,5,283621152,283608480,2,0,116476604,756,748,1,1,0,0,0
756,0.0418,13.0889,12.3468,0.0024,12.3442,12.332,0.0099,0.0009,0.2623,0.722,0.0093,0.1319,0.0987,0.2139,0.0054,0.0133,0.0172,0.3185,0.098,0.1717,13.8383,0,283621152,355250144,0,0,116476604,757,749,1,1,0,0,0
757,0.0393,24.1611,23.057,0.0025,23.0543,23.0278,0.0227,0.0016,0.4589,1.066,0.0128,0.1863,0.1325,0.2656,0.0089,0.0245,0.0302,0.5155,0.1785,0.1693,25.2706,1,283621152,355255776,1,0,116476604,758,750,1,1,0,0,0
758,0.0379,1.5189,0.6774,0.0022,0.675,0.6629,0.0095,0.0013,0.2941,0.8234,0.0101,0.154,0.1282,0.2307,0.0053,0.0107,0.018,0.3604,0.2094,0.151,2.4307,2,283621152,355246624,2,0,116476604,759,751,1,1,0,0,0
759,0.0473,5.01,3.978,0.0032,3.9746,3.9512,0.018,0.0031,0.4524,0.9904,0.0171,0.1785,0.1078,0.2271,0.0072,0.0246,0.0393,0.4358,0.141,0.1624,5.9981,3,283621152,355249440,0,0,116476604,760,752,1,1,0,0,0
760,0.0458,1.3756,0.7383,0.0026,0.7354,0.7221,0.0107,0.0011,0.246,0.6132,0.008,0.0923,0.066,0.1938,0.0062,0.0158,0.0189,0.2982,0.1035,0.0803,2.0135,4,283621152,355242400,1,0,116476604,761,753,1,1,0,0,0
761,0.0624,1.6577,0.8654,0.0028,0.8622,0.8499,0.0099,0.0014,0.3243,0.7735,0.0129,0.158,0.0947,0.1765,0.0063,0.0079,0.0246,0.4053,0.1414,0.1338,2.5729,5,283621152,283608480,2,0,116476604,762,754,1,1,0,0,0
762,0.0412,1.5102,0.6895,0.0024,0.6869,0.6753,0.0095,0.0011,0.2994,0.8023,0.0093,0.2114,0.1367,0.1398,0.0045,0.0112,0.0199,0.2993,0.0985,0.0858,2.1362,0,283621152,355250144,0,0,116476604,763,755,1,1,0,0,0
763,0.0456,1.2111,0.697,0.0023,0.6945,0.683,0.0079,0.0014,0.2082,0.497,0.0071,0.0992,0.0744,0.1038,0.0039,0.0115,0.0149,0.266,0.0981,0.0764,1.7994,1,283621152,355255776,1,0,116476604,764,756,1,1,0,0,0
764,0.0454,13.1958,12.0321,0.0024,12.0295,12.0133,0.0115,0.002,0.5161,1.1338,0.0199,0.2558,0.1256,0.209,0.0066,0.0167,0.0288,0.4655,0.1541,0.1336,14.1752,2,283621152,355246624,2,0,116476604,765,757,1,1,0,0,0
765,0.0431,1.254,0.708,0.002,0.7057,0.698,0.0061,0.0008,0.2136,0.5295,0.0063,0.0966,0.0622,0.1465,0.0039,0.0102,0.0156,0.273,0.0831,0.0844,1.8445,3,283621152,355249440,0,0,116476604,766,758,1,1,0,0,0
766,0.0447,56.3507,55.6629,0.0027,55.66,55.6398,0.0169,0.0015,0.2821,0.6689,0.0096,0.1402,0.0744,0.1537,0.0081,0.012,0.0166,0.3134,0.0951,0.0847,57.0083,4,283621152,355242400,1,0,116476604,767,759,1,1,0,0,0
767,0.0486,20.7439,19.5469,0.004,19.5426,19.5163,0.0227,0.0015,0.3842,1.1697,0.0129,0.2272,0.1762,0.3595,0.0084,0.0172,0.0245,0.488,0.2758,0.1308,21.8918,5,283621152,283608480,2,0,116476604,768,760,1,1,0,0,0
768,0.1011,17.4729,16.0824,0.0032,16.0788,16.053,0.0207,0.0021,0.5006,1.3604,0.0151,0.2755,0.2037,0.3538,0.0103,0.0196,0.0265,0.6785,0.194,0.1391,18.7771,0,283621152,355250144,0,0,116476604,769,761,1,1,0,0,0
769,0.2844,18.535,17.3857,0.0452,17.3396,17.3095,0.0249,0.0019,0.4225,1.11,0.0306,0.2148,0.1302,0.3027,0.0081,0.0253,0.0406,0.5641,0.1732,0.1244,19.8477,1,283621152,355255776,1,0,116476604,770,762,1,1,0,0,0
770,0.0495,1.3898,0.6069,0.0021,0.6045,0.598,0.0047,0.0012,0.2887,0.764,0.009,0.1297,0.1044,0.2226,0.0089,0.0117,0.0196,0.2826,0.0982,0.109,2.0466,2,283621152,355246624,2,0,116476604,771,763,1,1,0,0,0
771,0.0489,6.3041,5.1283,0.0037,5.1243,5.1022,0.0165,0.0028,0.5425,1.1364,0.0203,0.2124,0.1515,0.2029,0.0061,0.0225,0.0417,0.467,0.1319,0.2123,7.3486,3,283621152,355249440,0,0,116476604,772,764,1,1,0,0,0
772,0.0478,1.379,0.7443,0.0031,0.741,0.7298,0.0089,0.0012,0.2274,0.6106,0.0087,0.1129,0.072,0.1844,0.0045,0.0149,0.0249,0.3266,0.1053,0.0909,2.0862,4,283621152,355242400,1,0,116476604,773,765,1,1,0,0,0
773,0.0604,1.5354,0.7562,0.004,0.752,0.74,0.0098,0.0011,0.2511,0.7584,0.009,0.1544,0.1239,0.2141,0.0052,0.0133,0.0184,0.4958,0.1732,0.1816,2.729,5,283621152,283608480,2,0,116476604,774,766,1,1,0,0,0
774,0.0466,1.317,0.7174,0.0022,0.715,0.707,0.0059,0.0009,0.2777,0.5853,0.0086,0.0936,0.0701,0.1332,0.0016,0.0079,0.0138,0.2587,0.097,0.0856,1.8867,0,283621152,355250144,0,0,116476604,775,767,1,1,0,0,0
775,0.106,1.6858,0.9133,0.0027,0.9099,0.8986,0.0093,0.0011,0.3024,0.7514,0.01,0.1246,0.0935,0.2172,0.0031,0.0103,0.022,0.3705,0.1285,0.1235,2.5643,1,283621152,355255776,1,0,116476604,776,768,1,1,0,0,0
776,0.0485,1.4927,0.7677,0.0024,0.7651,0.7531,0.0094,0.0017,0.2898,0.7049,0.0111,0.1387,0.0983,0.161,0.0051,0.0121,0.0189,0.3783,0.1677,0.1569,2.4306,2,283621152,355246624,2,0,116476604,777,769,1,1,0,0,0
777,0.0493,1.2415,0.6935,0.0026,0.6906,0.6822,0.0064,0.001,0.2205,0.5333,0.0085,0.107,0.0805,0.1136,0.0031,0.0084,0.0152,0.2575,0.1019,0.1044,1.8833,3,283621152,355249440,0,0,116476604,778,770,1,1,0,0,0
778,0.0411,1.4612,0.6549,0.0025,0.6521,0.6406,0.0079,0.0018,0.3007,0.7858,0.0106,0.16,0.1146,0.1951,0.0038,0.012,0.0198,0.4226,0.1479,0.1921,2.4163,4,283621152,355242400,1,0,116476604,779,771,1,1,0,0,0
779,0.0605,1.8023,1.0127,0.0028,1.0096,0.9956,0.0114,0.0012,0.2987,0.7498,0.0131,0.1368,0.0702,0.2268,0.0035,0.0208,0.0417,0.3765,0.1815,0.0822,2.6617,5,283621152,283608480,2,0,116476604,780,772,1,1,0,0,0
780,0.0458,1.4417,0.6522,0.0025,0.6494,0.6411,0.006,0.0013,0.3144,0.7659,0.0101,0.1392,0.1173,0.1807,0.0035,0.0144,0.0175,0.3406,0.0951,0.1051,2.1578,0,283621152,355250144,0,0,116476604,781,773,1,1,0,0,0
781,0.0813,2.2313,1.2144,0.0036,1.2102,1.1958,0.0113,0.0016,0.5277,0.9958,0.0105,0.1483,0.084,0.2177,0.0069,0.013,0.0202,0.3771,0.1693,0.2078,3.2257,1,283621152,355255776,1,0,116476604,782,774,1,1,0,0,0
782,0.0436,1.3641,0.6722,0.0025,0.6695,0.6571,0.0096,0.0012,0.249,0.6667,0.0073,0.1036,0.0734,0.2263,0.0063,0.0173,0.0198,0.2894,0.1122,0.0905,2.0205,2,283621152,355246624,2,0,116476604,783,775,1,1,0,0,0
783,0.0994,12.2184,9.0769,0.0052,9.0707,9.0561,0.0116,0.0021,0.6531,3.0461,0.0243,0.7623,0.5593,0.9911,0.0532,0.065,0.0764,1.9255,0.6561,0.4727,15.9705,3,283621152,355249440,0,0,116476604,784,776,1,1,0,0,0
784,0.0397,1.5041,0.6511,0.0025,0.6484,0.6367,0.0093,0.0013,0.3209,0.8302,0.0094,0.2086,0.1209,0.1627,0.0067,0.0152,0.0202,0.4562,0.172,0.0946,2.4155,4,283621152,355242400,1,0,116476604,785,777,1,1,0,0,0
785,0.0468,49.5679,48.789,0.0029,48.7858,48.7691,0.0138,0.0012,0.3345,0.7598,0.0104,0.161,0.0882,0.159,0.0057,0.0116,0.0181,0.3378,0.1172,0.0935,50.2922,5,283621152,283608480,2,0,116476604,786,778,1,1,0,0,0
786,0.067,11.6435,10.9257,0.0027,10.9227,10.9071,0.013,0.0011,0.3012,0.6983,0.0102,0.129,0.0748,0.1765,0.0059,0.0121,0.0182,0.3582,0.1202,0.0864,12.4072,0,283621152,355250144,0,0,116476604,787,779,1,1,0,0,0
787,0.0424,14.1171,13.2139,0.0026,13.211,13.1872,0.0197,0.0015,0.4139,0.8684,0.0185,0.1856,0.0717,0.1708,0.007,0.0219,0.032,0.4933,0.1572,0.0884,15.0652,1,283621152,355255776,1,0,116476604,788,780,1,1,0,0,0
788,0.1035,20.4806,19.4177,0.0046,19.4123,19.3913,0.0171,0.0014,0.4598,1.0323,0.0152,0.2339,0.1538,0.1645,0.004,0.0187,0.0303,0.5713,0.3458,0.3754,22.3482,2,283621152,355246624,2,0,116476604,789,781,1,1,0,0,0
789,0.0635,1.6805,0.9658,0.0027,0.9628,0.9458,0.0128,0.0025,0.3914,0.688,0.0158,0.1449,0.0736,0.0584,0.0034,0.0173,0.0264,0.3574,0.1204,0.1426,2.5577,3,283621152,355249440,0,0,116476604,790,782,1,1,0,0,0
790,0.1159,3.4236,2.2775,0.0046,2.2724,2.2552,0.0127,0.0023,0.5259,1.0983,0.0257,0.2099,0.0948,0.2363,0.0049,0.0273,0.0464,0.5487,0.2447,0.2843,4.8728,4,283621152,355242400,1,0,116476604,791,783,1,1,0,0,0
791,0.0671,1.9551,1.1442,0.0023,1.1417,1.125,0.0126,0.002,0.336,0.7855,0.0125,0.1283,0.1003,0.2023,0.0054,0.0155,0.0252,0.4169,0.1466,0.1409,2.9133,5,283621152,283608480,2,0,116476604,792,784,1,1,0,0,0
792,0.0519,2.0754,0.9511,0.0026,0.9481,0.9276,0.0164,0.0014,0.5248,1.0825,0.0162,0.1996,0.1192,0.2105,0.0112,0.0233,0.038,0.5495,0.1867,0.243,3.3537,0,283621152,355250144,0,0,116476604,793,785,1,1,0,0,0
793,0.0507,1.6904,0.8282,0.003,0.825,0.8125,0.0098,0.0012,0.323,0.8406,0.0096,0.153,0.0867,0.2606,0.0067,0.0136,0.0187,0.3235,0.0931,0.0847,2.3667,1,283621152,355255776,1,0,116476604,794,786,1,1,0,0,0
794,0.0498,1.6551,0.7451,0.0026,0.7422,0.7282,0.0112,0.0014,0.3167,0.8943,0.0111,0.1917,0.1434,0.2268,0.0038,0.0096,0.0173,0.4074,0.1657,0.1081,2.5521,2,283621152,355246624,2,0,116476604,795,787,1,1,0,0,0
795,0.11,2.5688,1.8105,0.0039,1.8063,1.796,0.0082,0.001,0.3041,0.7327,0.012,0.1197,0.0682,0.2204,0.0078,0.0158,0.0241,0.3388,0.1091,0.2181,3.5285,3,283621152,355249440,0,0,116476604,796,788,1,1,0,0,0
796,0.0739,2.6593,1.4116,0.0027,1.4087,1.3853,0.0196,0.0015,0.6405,1.1964,0.019,0.2348,0.1086,0.1863,0.0064,0.0321,0.0487,0.3137,0.133,0.1185,3.4726,4,283621152,355242400,1,0,116476604,797,789,1,1,0,0,0
797,0.0967,2.2162,1.3636,0.0044,1.3581,1.3425,0.0118,0.0011,0.3847,0.8196,0.0187,0.1496,0.1119,0.1462,0.0078,0.021,0.0314,0.4145,0.1471,0.2192,3.2876,5,283621152,283608480,2,0,116476604,798,790,1,1,0,0,0
798,0.0737,1.6631,0.975,0.0031,0.9715,0.9572,0.0113,0.0012,0.3178,0.6731,0.0105,0.135,0.092,0.1144,0.0031,0.0085,0.0144,0.3715,0.1663,0.1119,2.5263,0,283621152,355250144,0,0,116476604,799,791,1,1,0,0,0
799,0.3033,2.784,1.2815,0.0189,1.2617,1.2281,0.0284,0.0026,0.5428,1.4678,0.0159,0.2187,0.3471,0.3315,0.0102,0.021,0.0309,0.7792,0.257,0.2138,4.6041,1,283621152,355255776,1,0,116476604,800,792,1,1,0,0,0
800,0.0544,2.1865,1.111,0.0029,1.1077,1.0862,0.0176,0.002,0.5327,1.0306,0.0234,0.2134,0.0942,0.1595,0.0069,0.0294,0.0459,0.4379,0.1163,0.0998,3.0688,2,283621152,355246624,2,0,116476604,801,793,1,1,0,0,0
801,0.0628,1.3672,0.7608,0.0026,0.758,0.7495,0.0065,0.0007,0.2373,0.588,0.0068,0.1024,0.0724,0.1649,0.0039,0.0121,0.0173,0.3645,0.1027,0.0928,2.1197,3,283621152,355249440,0,0,116476604,802,794,1,1,0,0,0
802,0.0834,2.2178,1.2418,0.0052,1.2362,1.2213,0.0119,0.0013,0.4009,0.9525,0.0133,0.185,0.1306,0.2175,0.0041,0.0143,0.0226,0.4063,0.1698,0.122,3.1623,4,283621152,355242400,1,0,116476604,803,795,1,1,0,0,0
803,0.0552,2.0487,0.947,0.0023,0.9445,0.9252,0.0155,0.0015,0.4939,1.0507,0.0194,0.1825,0.0958,0.2479,0.0106,0.0334,0.0261,0.3904,0.1207,0.0733,2.8272,5,283621152,283608480,2,0,116476604,804,796,1,1,0,0,0
804,0.1131,1.98,1.2089,0.0036,1.2049,1.1896,0.0124,0.0011,0.3429,0.7525,0.0116,0.1534,0.0769,0.1636,0.0033,0.0102,0.0184,0.3321,0.101,0.1057,2.7669,0,283621152,355250144,0,0,116476604,805,797,1,1,0,0,0
805,0.0506,1.4369,0.7234,0.0028,0.7204,0.7109,0.0074,0.001,0.302,0.6898,0.0109,0.133,0.0801,0.1558,0.0072,0.0153,0.0216,0.3155,0.1271,0.1,2.1601,1,283621152,355255776,1,0,116476604,806,798,1,1,0,0,0
806,0.0638,2.0605,1.0951,0.0027,1.092,1.0762,0.0119,0.0015,0.426,0.9222,0.0148,0.1838,0.1112,0.1777,0.0074,0.0284,0.0315,0.5278,0.1219,0.0859,3.0039,2,283621152,355246624,2,0,116476604,807,799,1,1,0,0,0
807,0.1084,1.4189,0.7927,0.0034,0.7886,0.7763,0.0093,0.0011,0.2567,0.6062,0.007,0.0961,0.0672,0.1724,0.0063,0.0122,0.0178,0.3748,0.1221,0.2165,2.3745,3,283621152,355249440,0,0,116476604,808,800,1,1,0,0,0
808,0.0441,1.5082,0.7481,0.0023,0.7456,0.7314,0.0106,0.0016,0.2618,0.7365,0.0097,0.1328,0.089,0.2347,0.008,0.0148,0.0224,0.4572,0.1668,0.158,2.4804,4,283621152,355242400,1,0,116476604,809,801,1,1,0,0,0
809,0.0402,1.4801,0.6813,0.0024,0.6787,0.6666,0.0096,0.0013,0.248,0.7791,0.0081,0.1604,0.134,0.223,0.0047,0.0121,0.0187,0.4399,0.1782,0.1167,2.4108,5,283621152,283608480,2,0,116476604,810,802,1,1,0,0,0
810,0.0428,49.6989,48.8221,0.0023,48.8195,48.8027,0.0143,0.0011,0.2916,0.8538,0.0102,0.1654,0.1228,0.2532,0.0096,0.0148,0.0213,0.3404,0.1002,0.108,50.4132,0,283621152,355250144,0,0,116476604,811,803,1,1,0,0,0
811,0.0408,14.0506,13.3441,0.0027,13.3411,13.3284,0.0103,0.001,0.3099,0.6841,0.01,0.1209,0.0695,0.1673,0.0057,0.0146,0.017,0.3377,0.1606,0.0887,14.8199,1,283621152,355255776,1,0,116476604,812,804,1,1,0,0,0
812,0.0402,21.6483,20.3801,0.0028,20.3771,20.3552,0.0178,0.0017,0.4585,1.2387,0.0138,0.2368,0.1842,0.3352,0.009,0.0192,0.0248,0.5202,0.1899,0.1373,22.7172,2,283621152,355246624,2,0,116476604,813,805,1,1,0,0,0
813,0.0559,14.4143,13.3646,0.0021,13.3621,13.3345,0.0234,0.0017,0.4793,1.0265,0.0183,0.2046,0.1671,0.1513,0.0052,0.0143,0.0235,0.3251,0.1323,0.1075,15.173,3,283621152,355249440,0,0,116476604,814,806,1,1,0,0,0
814,0.0671,1.667,0.8713,0.0031,0.8678,0.8566,0.0088,0.0013,0.2662,0.776,0.009,0.1704,0.1296,0.194,0.0059,0.0112,0.02,0.3076,0.1218,0.1679,2.476,4,283621152,355242400,1,0,116476604,815,807,1,1,0,0,0
815,0.1056,9.4962,8.6408,0.0027,8.6376,8.6239,0.0111,0.0011,0.3302,0.8343,0.0116,0.177,0.1019,0.2083,0.0047,0.0138,0.017,0.3987,0.1256,0.0995,10.3579,5,283621152,283608480,2,0,116476604,816,808,1,1,0,0,0
816,0.0435,5.007,4.2115,0.0025,4.2088,4.1944,0.0117,0.0012,0.3015,0.7809,0.0106,0.1661,0.0737,0.2253,0.0031,0.0083,0.0137,0.3512,0.1205,0.0895,5.7334,0,283621152,355250144,0,0,116476604,817,809,1,1,0,0,0
817,0.0441,4.2733,3.3053,0.0025,3.3026,3.2822,0.0152,0.0015,0.4712,0.937,0.0172,0.1614,0.0956,0.1863,0.0049,0.0163,0.0272,0.4606,0.2106,0.2064,5.4343,1,283621152,355255776,1,0,116476604,818,810,1,1,0,0,0
818,0.0785,2.024,1.281,0.0035,1.277,1.2657,0.0089,0.0013,0.2856,0.7249,0.011,0.1302,0.0962,0.1947,0.0063,0.0105,0.0192,0.3331,0.1777,0.3033,3.1723,2,283621152,355246624,2,0,116476604,819,811,1,1,0,0,0
819,0.0814,2.4129,1.4047,0.0034,1.4011,1.3875,0.0108,0.0016,0.4792,0.9906,0.0194,0.209,0.1037,0.1726,0.0057,0.0074,0.0226,0.3268,0.1454,0.1222,3.2687,3,283621152,355249440,0,0,116476604,820,812,1,1,0,0,0
820,0.0537,1.7517,1.0131,0.0026,1.0103,0.9959,0.0113,0.0013,0.3268,0.7192,0.01,0.1306,0.0813,0.1663,0.0037,0.0114,0.0195,0.2936,0.1303,0.1043,2.4664,4,283621152,355242400,1,0,116476604,821,813,1,1,0,0,0
821,0.0539,1.744,0.8694,0.0025,0.8666,0.8569,0.0069,0.0021,0.4365,0.8604,0.0225,0.1259,0.1442,0.1278,0.0031,0.0075,0.0136,0.297,0.1643,0.2133,2.6288,5,283621152,283608480,2,0,116476604,822,814,1,1,0,0,0
822,0.0436,1.3867,0.7873,0.0024,0.7847,0.7724,0.0099,0.0011,0.2237,0.5852,0.0078,0.1267,0.0795,0.1436,0.0033,0.0086,0.0145,0.2649,0.1205,0.1476,2.1593,0,283621152,355250144,0,0,116476604,823,815,1,1,0,0,0
823,0.0407,1.3478,0.6991,0.0028,0.6961,0.684,0.0094,0.0014,0.2455,0.6267,0.0076,0.096,0.051,0.2198,0.0062,0.014,0.0186,0.3455,0.1143,0.0912,2.0635,1,283621152,355255776,1,0,116476604,824,816,1,1,0,0,0
824,0.0383,57.7794,56.9222,0.0021,56.9199,56.9019,0.0155,0.0012,0.3247,0.8278,0.01,0.1665,0.1426,0.178,0.0053,0.0167,0.0268,0.3976,0.2115,0.1617,58.8316,2,283621152,355246624,2,0,116476604,825,817,1,1,0,0,0
825,0.0535,4.4718,3.8156,0.003,3.8124,3.7997,0.01,0.0013,0.2879,0.6367,0.0115,0.1281,0.0873,0.1175,0.0036,0.0101,0.0196,0.3107,0.1686,0.1298,5.3167,3,283621152,355249440,0,0,116476604,826,818,1,1,0,0,0
826,0.0406,19.776,17.8778,0.0023,17.875,17.8484,0.02,0.0033,0.7162,1.862,0.0233,0.3424,0.3458,0.425,0.0072,0.0218,0.0334,0.7584,0.275,0.3017,21.3788,4,283621152,355242400,1,0,116476604,827,819,1,1,0,0,0
827,0.0558,8.7294,6.7408,0.0027,6.7379,6.7104,0.0232,0.0015,0.5083,1.8773,0.0228,0.2971,0.5053,0.5283,0.0134,0.0576,0.0686,1.4714,0.695,0.4649,12.036,5,283621152,283608480,2,0,116476604,828,820,1,1,0,0,0
828,0.0453,2.0396,1.0766,0.0023,1.0741,1.054,0.015,0.0023,0.4343,0.8985,0.0153,0.1588,0.0836,0.2014,0.0043,0.0326,0.0653,1.677,0.7291,0.9018,6.0079,0,283621152,355250144,0,0,116476604,829,821,1,1,0,0,0
829,0.0707,1.9808,1.0671,0.0031,1.0635,1.0505,0.0105,0.0015,0.3704,0.8879,0.0129,0.1851,0.1376,0.1747,0.0061,0.0138,0.0287,0.4627,0.1539,0.1463,2.9963,1,283621152,355255776,1,0,116476604,830,822,1,1,0,0,0
830,0.0854,4.0801,1.7339,0.0039,1.7296,1.7228,0.0049,0.0008,0.2233,2.2697,0.0076,0.6905,0.3849,0.9434,0.0174,0.0448,0.0649,1.6288,0.758,1.0345,8.3433,2,283621152,355246624,2,0,116476604,831,823,1,1,0,0,0
831,0.0627,1.987,1.0392,0.002,1.0367,1.0244,0.0097,0.0015,0.4059,0.9232,0.0125,0.1859,0.1076,0.2006,0.0099,0.0136,0.0274,0.3747,0.1491,0.2053,2.9448,3,283621152,355249440,0,0,116476604,832,824,1,1,0,0,0
832,0.0652,2.8584,1.1332,0.0029,1.13,1.1155,0.0118,0.0018,0.5494,1.6624,0.0183,0.1981,0.1475,0.7242,0.0232,0.0353,0.0649,1.6972,0.6188,0.466,6.2527,4,283621152,355242400,1,0,116476604,833,825,1,1,0,0,0
833,0.0383,1.3851,0.5804,0.0022,0.5779,0.5671,0.0087,0.0012,0.2483,0.791,0.0092,0.1812,0.1255,0.2206,0.0053,0.0062,0.019,0.3475,0.093,0.0935,2.072,5,283621152,283608480,2,0,116476604,834,826,1,1,0,0,0
834,0.0412,1.5602,0.705,0.0022,0.7026,0.6887,0.0108,0.0014,0.3299,0.8379,0.0135,0.1659,0.113,0.2093,0.0054,0.0101,0.0177,0.4046,0.1744,0.1386,2.5024,0,283621152,355250144,0,0,116476604,835,827,1,1,0,0,0
835,0.0648,2.0715,1.1252,0.0036,1.1212,1.1051,0.0132,0.0012,0.3288,0.9031,0.0135,0.159,0.1392,0.2562,0.0055,0.024,0.0452,0.5075,0.201,0.1108,3.1272,1,283621152,355255776,1,0,116476604,836,828,1,1,0,0,0
836,0.0391,1.5386,0.7344,0.0022,0.732,0.7179,0.0113,0.0016,0.2885,0.7811,0.0105,0.1435,0.1198,0.213,0.0049,0.0148,0.0199,0.3417,0.0819,0.0765,2.2047,2,283621152,355246624,2,0,116476604,837,829,1,1,0,0,0
837,0.0768,2.3669,1.3949,0.0045,1.3902,1.3757,0.0108,0.0015,0.4251,0.9428,0.0241,0.1698,0.1038,0.2107,0.0082,0.0173,0.0419,1.6692,0.6863,0.4627,5.759,3,283621152,355249440,0,0,116476604,838,830,1,1,0,0,0
838,0.0408,1.1655,0.6462,0.002,0.6439,0.6375,0.0046,0.0009,0.1895,0.5054,0.0077,0.0876,0.0651,0.1532,0.0018,0.0078,0.0132,0.2243,0.0884,0.0966,1.7243,4,283621152,355242400,1,0,116476604,839,831,1,1,0,0,0
839,0.046,1.2789,0.6798,0.0024,0.6768,0.6641,0.01,0.0011,0.2218,0.5818,0.0085,0.1226,0.0862,0.1384,0.0035,0.0098,0.0174,0.3349,0.1594,0.1392,2.1352,5,283621152,283608480,2,0,116476604,840,832,1,1,0,0,0
840,0.1022,1.7215,0.8186,0.0036,0.8147,0.8023,0.0099,0.0012,0.3209,0.883,0.0102,0.2053,0.1152,0.2218,0.0087,0.013,0.0185,0.459,0.22,0.1912,2.8951,0,283621152,355250144,0,0,116476604,841,833,1,1,0,0,0
841,0.0512,1.4843,0.771,0.0024,0.7683,0.7601,0.0066,0.0008,0.2524,0.6973,0.0081,0.1089,0.0713,0.2526,0.0036,0.0102,0.0163,0.2355,0.0963,0.1492,2.1425,1,283621152,355255776,1,0,116476604,842,834,1,1,0,0,0
842,0.079,2.3469,1.3836,0.0033,1.3801,1.3665,0.0092,0.0021,0.3956,0.9242,0.0155,0.1652,0.102,0.2373,0.0074,0.0259,0.0397,0.5052,0.177,0.1725,3.5254,2,283621152,355246624,2,0,116476604,843,835,1,1,0,0,0
843,0.0478,1.4396,0.6286,0.0024,0.626,0.615,0.0071,0.0022,0.2922,0.7928,0.0096,0.195,0.1139,0.1778,0.0035,0.0104,0.0172,0.4131,0.1123,0.078,2.2016,3,283621152,355249440,0,0,116476604,844,836,1,1,0,0,0
844,0.1001,1.9679,1.3678,0.0041,1.3634,1.3576,0.0043,0.001,0.2275,0.5894,0.0075,0.1052,0.042,0.2048,0.0023,0.0029,0.0152,0.2635,0.1024,0.0946,2.6453,4,283621152,355242400,1,0,116476604,845,837,1,1,0,0,0
845,0.0391,1.2369,0.6288,0.0022,0.6264,0.6133,0.0098,0.0016,0.2213,0.59,0.0081,0.1452,0.0851,0.1258,0.0039,0.0107,0.0169,0.384,0.1687,0.086,2.0504,5,283621152,283608480,2,0,116476604,846,838,1,1,0,0,0
846,0.0446,52.4502,51.5925,0.0031,51.5892,51.5731,0.0131,0.0014,0.3417,0.8364,0.0252,0.1778,0.0977,0.1881,0.0049,0.0129,0.0197,0.3387,0.1199,0.0897,53.1765,0,283621152,355250144,0,0,116476604,847,839,1,1,0,0,0
847,0.0414,24.3339,23.5018,0.0025,23.4991,23.4782,0.0182,0.0012,0.3162,0.8135,0.0098,0.1782,0.1355,0.1673,0.0058,0.0123,0.0171,0.3215,0.1104,0.0938,25.0317,1,283621152,355255776,1,0,116476604,848,840,1,1,0,0,0
848,0.0394,23.3003,22.419,0.0022,22.4166,22.4026,0.0114,0.001,0.3369,0.8574,0.011,0.1725,0.1242,0.2059,0.0062,0.0171,0.0192,0.3533,0.1839,0.2046,24.2724,2,283621152,355246624,2,0,116476604,849,841,1,1,0,0,0
849,0.05,11.563,10.5344,0.0024,10.5313,10.5085,0.0179,0.0018,0.4752,0.9922,0.0182,0.2122,0.1131,0.1659,0.0067,0.0196,0.0367,0.4921,0.1292,0.2319,12.6475,3,283621152,355249440,0,0,116476604,850,842,1,1,0,0,0
850,0.0391,1.5344,0.6539,0.0021,0.6515,0.6373,0.0111,0.0014,0.3019,0.8616,0.0103,0.1661,0.1176,0.2589,0.006,0.012,0.0194,0.3952,0.1575,0.1005,2.407,4,283621152,355242400,1,0,116476604,851,843,1,1,0,0,0
851,0.0434,10.6436,9.1224,0.0029,9.1193,9.0922,0.0217,0.0026,0.5073,1.4866,0.0194,0.2786,0.239,0.4299,0.011,0.0222,0.0332,0.6418,0.236,0.3082,12.0992,5,283621152,283608480,2,0,116476604,852,844,1,1,0,0,0
852,0.0731,2.0517,0.9468,0.0063,0.9401,0.9198,0.0165,0.0016,0.3803,1.0765,0.0128,0.1971,0.1558,0.3204,0.0089,0.0182,0.0259,0.5668,0.2914,0.125,3.3441,0,283621152,355250144,0,0,116476604,853,845,1,1,0,0,0
853,0.0457,1.4069,0.695,0.0033,0.6914,0.6844,0.0059,0.0007,0.2405,0.6944,0.0076,0.1447,0.1481,0.1487,0.0043,0.0097,0.0158,0.3226,0.0968,0.0749,2.0651,1,283621152,355255776,1,0,116476604,854,846,1,1,0,0,0
854,0.096,2.5871,1.2318,0.0093,1.222,1.2089,0.0088,0.0017,0.4692,1.326,0.014,0.2472,0.2106,0.3734,0.0102,0.0194,0.0264,0.5054,0.201,0.1448,3.7421,2,283621152,355246624,2,0,116476604,855,847,1,1,0,0,0
855,0.0747,2.1163,0.9903,0.0079,0.9818,0.9667,0.0121,0.0017,0.3944,1.0978,0.0133,0.1969,0.1593,0.3252,0.0078,0.0185,0.028,0.5187,0.1819,0.1828,3.367,3,283621152,355249440,0,0,116476604,856,848,1,1,0,0,0
856,0.0769,2.1447,1.1893,0.0047,1.1843,1.1734,0.0086,0.0014,0.3552,0.9266,0.0127,0.1894,0.1438,0.219,0.0055,0.0186,0.0253,0.3931,0.1545,0.1438,3.0859,4,283621152,355242400,1,0,116476604,857,849,1,1,0,0,0
857,0.0628,1.2838,0.7289,0.0025,0.7261,0.7171,0.0062,0.0015,0.2602,0.5379,0.0086,0.1162,0.0574,0.092,0.0034,0.0102,0.0181,0.2443,0.0788,0.12,1.9065,5,283621152,283608480,2,0,116476604,858,850,1,1,0,0,0
858,0.0882,5.4474,2.173,0.0028,2.1698,2.1192,0.0409,0.0045,1.2434,3.186,0.0362,0.5021,0.5114,0.8767,0.0126,0.0502,0.0618,1.6474,0.6271,0.3164,8.6521,0,283621152,355250144,0,0,116476604,859,851,1,1,0,0,0
859,0.0852,2.1915,1.0168,0.008,1.0082,0.9961,0.0087,0.0018,0.4323,1.139,0.0153,0.1938,0.1864,0.3046,0.0054,0.0206,0.0379,0.6137,0.2301,0.1253,3.4326,1,283621152,355255776,1,0,116476604,860,852,1,1,0,0,0
860,0.0398,1.3692,0.6558,0.0023,0.6533,0.6418,0.0093,0.0011,0.2865,0.6941,0.0094,0.149,0.0834,0.1621,0.003,0.0118,0.0177,0.3132,0.0837,0.0772,1.9918,2,283621152,355246624,2,0,116476604,861,853,1,1,0,0,0
861,0.0429,1.591,0.7202,0.0024,0.7175,0.7057,0.0091,0.0014,0.298,0.849,0.0103,0.1633,0.137,0.2327,0.0068,0.013,0.0215,0.2991,0.0957,0.0895,2.2359,3,283621152,355249440,0,0,116476604,862,854,1,1,0,0,0
862,0.0666,2.2911,1.376,0.0035,1.3719,1.3577,0.0104,0.0018,0.3267,0.8915,0.0099,0.2008,0.1152,0.2289,0.0091,0.0146,0.021,0.3574,0.1162,0.1157,3.0648,4,283621152,355242400,1,0,116476604,863,855,1,1,0,0,0
863,0.041,1.3309,0.6518,0.0023,0.6492,0.6389,0.0072,0.0012,0.3084,0.6592,0.0095,0.1471,0.0655,0.1242,0.0036,0.0118,0.0178,0.23,0.0858,0.0805,1.888,5,283621152,283608480,2,0,116476604,864,856,1,1,0,0,0
864,0.043,1.6245,0.684,0.0028,0.681,0.6696,0.0086,0.0014,0.4693,0.9093,0.0165,0.1636,0.1031,0.1516,0.0046,0.0169,0.0305,0.4268,0.1788,0.1885,2.7608,0,283621152,355250144,0,0,116476604,865,857,1,1,0,0,0
865,0.0452,1.486,0.7374,0.0021,0.7351,0.7235,0.0089,0.0012,0.2314,0.7306,0.0079,0.1552,0.1515,0.1795,0.0042,0.0107,0.0183,0.3743,0.1387,0.1361,2.2884,1,283621152,355255776,1,0,116476604,866,858,1,1,0,0,0
866,0.0417,1.2106,0.6538,0.0024,0.6512,0.6392,0.0095,0.0011,0.2367,0.5445,0.0072,0.1044,0.0638,0.1299,0.0018,0.0064,0.0136,0.1989,0.0887,0.082,1.7288,2,283621152,355246624,2,0,116476604,867,859,1,1,0,0,0
867,0.043,1.4342,0.6275,0.0018,0.6255,0.6196,0.0045,0.0007,0.3472,0.787,0.0214,0.1865,0.1001,0.1266,0.0046,0.0115,0.0187,0.4002,0.1536,0.0772,2.232,3,283621152,355249440,0,0,116476604,868,860,1,1,0,0,0
868,0.0453,62.0201,61.3352,0.0022,61.3328,61.3173,0.0129,0.0011,0.3349,0.6677,0.0079,0.0992,0.0677,0.1533,0.0041,0.0107,0.0163,0.2678,0.1045,0.0899,62.6664,4,283621152,355242400,1,0,116476604,869,861,1,1,0,0,0
869,0.0391,12.3948,11.5996,0.0026,11.5968,11.5839,0.01,0.0012,0.2946,0.7759,0.0112,0.1721,0.0744,0.2167,0.006,0.0115,0.0181,0.3439,0.1335,0.1027,13.134,5,283621152,283608480,2,0,116476604,870,862,1,1,0,0,0
870,0.0388,23.2607,22.3125,0.0022,22.31,22.297,0.0105,0.0011,0.2966,0.9259,0.0106,0.1717,0.1809,0.258,0.0072,0.0129,0.02,0.4721,0.1304,0.097,24.1278,0,283621152,355250144,0,0,116476604,871,863,1,1,0,0,0
871,0.0386,24.671,23.6377,0.002,23.6355,23.6176,0.0143,0.0013,0.4348,1.0025,0.0179,0.1926,0.1527,0.1967,0.0068,0.0173,0.0301,0.4669,0.1724,0.1131,25.6545,1,283621152,355255776,1,0,116476604,872,864,1,1,0,0,0
872,0.0412,1.3611,0.7109,0.0023,0.7084,0.695,0.0106,0.0014,0.2568,0.6263,0.0081,0.0946,0.0659,0.194,0.0062,0.0162,0.0204,0.2977,0.1059,0.1631,2.0873,2,283621152,355246624,2,0,116476604,873,865,1,1,0,0,0
873,0.0492,4.3815,3.2056,0.0031,3.2022,3.1837,0.0141,0.0029,0.4858,1.1369,0.0217,0.2207,0.1227,0.2764,0.0085,0.0225,0.0427,0.4631,0.1648,0.1382,5.4003,3,283621152,355249440,0,0,116476604,874,866,1,1,0,0,0
874,0.0443,1.3729,0.7197,0.0026,0.7168,0.7055,0.0088,0.0014,0.2246,0.6374,0.0081,0.1074,0.1434,0.1513,0.0018,0.0094,0.0169,0.2108,0.0915,0.1263,1.9621,4,283621152,355242400,1,0,116476604,875,867,1,1,0,0,0
875,0.0468,4.1444,3.0606,0.0034,3.057,3.0414,0.0124,0.0013,0.4856,1.0507,0.018,0.2342,0.1033,0.2019,0.0066,0.0169,0.0358,0.4665,0.1163,0.1258,5.0735,5,283621152,283608480,2,0,116476604,876,868,1,1,0,0,0
876,0.0424,1.2045,0.6681,0.0024,0.6655,0.6535,0.0091,0.0014,0.2267,0.5238,0.0072,0.0938,0.0573,0.1357,0.0027,0.0069,0.0131,0.1983,0.0859,0.0802,1.7192,0,283621152,355250144,0,0,116476604,877,869,1,1,0,0,0
877,0.0465,1.3272,0.674,0.0023,0.6712,0.6583,0.0105,0.0011,0.2509,0.6396,0.0074,0.1583,0.0942,0.1261,0.0022,0.0077,0.0143,0.209,0.0843,0.0825,1.8558,1,283621152,355255776,1,0,116476604,878,870,1,1,0,0,0
878,0.0466,23.4279,22.4096,0.0026,22.4067,22.3902,0.014,0.001,0.3439,0.9951,0.0108,0.1915,0.1938,0.2472,0.0069,0.0147,0.0212,0.388,0.2297,0.2046,24.575,2,283621152,355246624,2,0,116476604,879,871,1,1,0,0,0
879,0.0544,36.0861,35.1579,0.0025,35.1551,35.1333,0.0192,0.0011,0.2851,0.9053,0.0106,0.1867,0.1471,0.2674,0.0074,0.0154,0.0204,0.4461,0.1587,0.0782,36.9817,3,283621152,355249440,0,0,116476604,880,872,1,1,0,0,0
880,0.0403,13.1599,12.497,0.0024,12.4944,12.4799,0.012,0.0011,0.2945,0.6428,0.0106,0.1337,0.061,0.1363,0.0059,0.0127,0.0176,0.3497,0.1034,0.0772,13.8476,4,283621152,355242400,1,0,116476604,881,873,1,1,0,0,0
881,0.0395,14.6254,13.8524,0.0022,13.85,13.8372,0.0104,0.0011,0.3176,0.7516,0.0093,0.1469,0.0699,0.1975,0.0096,0.0136,0.0196,0.3679,0.0956,0.0819,15.3188,5,283621152,283608480,2,0,116476604,882,874,1,1,0,0,0
882,0.0377,23.8974,22.7594,0.0022,22.757,22.7403,0.014,0.0013,0.3714,1.1091,0.0166,0.2677,0.1636,0.2826,0.0062,0.0175,0.0291,0.4372,0.1687,0.0954,24.8298,0,283621152,355250144,0,0,116476604,883,875,1,1,0,0,0
883,0.0587,1.3648,0.6908,0.003,0.6873,0.6735,0.0115,0.0011,0.2359,0.658,0.0082,0.1038,0.1447,0.1618,0.0032,0.0094,0.0143,0.2306,0.0903,0.0815,1.9375,1,283621152,355255776,1,0,116476604,884,876,1,1,0,0,0
884,0.0622,7.8403,6.6397,0.0046,6.6348,6.6204,0.0105,0.0026,0.6079,1.1684,0.0189,0.1954,0.1439,0.1962,0.0055,0.0181,0.0358,0.5005,0.1417,0.115,8.8402,2,283621152,355246624,2,0,116476604,885,877,1,1,0,0,0
885,0.0404,1.3403,0.6432,0.0022,0.6408,0.6325,0.0064,0.0014,0.1989,0.6797,0.0075,0.137,0.092,0.24,0.0037,0.0101,0.0163,0.3769,0.1609,0.1172,2.1921,3,283621152,355249440,0,0,116476604,886,878,1,1,0,0,0
886,0.0668,6.9557,5.7344,0.0031,5.7309,5.7162,0.0112,0.0022,0.5685,1.198,0.0189,0.2293,0.138,0.2393,0.0033,0.0061,0.0369,0.4846,0.1442,0.2374,8.0799,4,283621152,355242400,1,0,116476604,887,879,1,1,0,0,0
887,0.0442,1.4439,0.7458,0.0023,0.7432,0.7309,0.009,0.0014,0.2345,0.6794,0.0069,0.1017,0.1431,0.186,0.0063,0.011,0.0185,0.2878,0.0927,0.0818,2.0629,5,283621152,283608480,2,0,116476604,888,880,1,1,0,0,0
888,0.0559,1.7972,0.9666,0.0037,0.9625,0.9471,0.0121,0.0013,0.3768,0.8048,0.0142,0.1421,0.0949,0.1685,0.0073,0.0158,0.0227,0.4963,0.235,0.1907,3.0074,0,283621152,355250144,0,0,116476604,889,881,1,1,0,0,0
889,0.0474,1.5198,0.6881,0.0026,0.6851,0.6736,0.0088,0.0011,0.2983,0.8107,0.0099,0.182,0.1026,0.2093,0.0076,0.0127,0.0187,0.3258,0.1392,0.0852,2.2288,1,283621152,355255776,1,0,116476604,890,882,1,1,0,0,0
890,0.0452,1.497,0.7159,0.004,0.7116,0.698,0.0101,0.0014,0.27,0.7618,0.0091,0.1566,0.0813,0.2353,0.0086,0.0116,0.0144,0.322,0.118,0.1182,2.2357,2,283621152,355246624,2,0,116476604,891,883,1,1,0,0,0
891,0.0379,1.4828,0.6356,0.0025,0.6329,0.6213,0.0087,0.0012,0.2835,0.8243,0.0102,0.1836,0.1294,0.2096,0.007,0.0155,0.02,0.3176,0.1025,0.0892,2.1419,3,283621152,355249440,0,0,116476604,892,884,1,1,0,0,0
892,0.0687,7.9376,6.7603,0.0046,6.7553,6.7341,0.0176,0.0015,0.4815,1.1331,0.0212,0.2331,0.1235,0.2634,0.0095,0.025,0.0439,0.4948,0.1867,0.1531,9.0572,4,283621152,355242400,1,0,116476604,893,885,1,1,0,0,0
893,0.0675,2.0494,1.0706,0.0051,1.0652,1.0518,0.0104,0.0012,0.3417,0.9338,0.0103,0.2173,0.1365,0.2179,0.0094,0.0264,0.0498,0.4512,0.2168,0.1275,3.1022,5,283621152,283608480,2,0,116476604,894,886,1,1,0,0,0
894,0.0506,1.6319,0.8227,0.004,0.8184,0.8095,0.0068,0.0013,0.2982,0.7889,0.0127,0.1729,0.0981,0.201,0.0051,0.0116,0.0193,0.3265,0.1271,0.1109,2.3973,0,283621152,355250144,0,0,116476604,895,887,1,1,0,0,0
895,0.0608,1.3681,0.7298,0.0039,0.7253,0.7164,0.0069,0.0005,0.283,0.6203,0.0081,0.1216,0.0752,0.1285,0.0035,0.0099,0.0168,0.3206,0.1372,0.0908,2.1266,1,283621152,355255776,1,0,116476604,896,888,1,1,0,0,0
896,0.0394,37.6573,36.852,0.0021,36.8496,36.8389,0.0081,0.0011,0.281,0.7866,0.0105,0.1305,0.1268,0.2309,0.0062,0.0106,0.018,0.3617,0.109,0.0805,38.3743,2,283621152,355246624,2,0,116476604,897,889,1,1,0,0,0
897,0.0396,22.5096,21.5284,0.003,21.5252,21.5099,0.0124,0.0011,0.3714,0.9503,0.0161,0.2418,0.1423,0.1713,0.0066,0.0174,0.0272,0.4938,0.1723,0.149,23.5662,3,283621152,355249440,0,0,116476604,898,890,1,1,0,0,0
898,0.037,1.2047,0.6942,0.0024,0.6916,0.6817,0.007,0.0014,0.2221,0.4922,0.0077,0.09,0.0574,0.109,0.0054,0.0109,0.0164,0.2533,0.081,0.0741,1.7552,4,283621152,355242400,1,0,116476604,899,891,1,1,0,0,0
899,0.0428,30.7934,29.7428,0.0023,29.7403,29.7205,0.0139,0.003,0.4814,1.0111,0.0209,0.2177,0.0998,0.1852,0.0054,0.0223,0.0404,0.5058,0.1633,0.115,31.8093,5,283621152,283608480,2,0,116476604,900,892,1,1,0,0,0
900,0.0485,1.6934,0.7463,0.0032,0.7429,0.7301,0.0103,0.0013,0.3354,0.9239,0.011,0.1829,0.1613,0.2259,0.0067,0.0143,0.0242,0.4528,0.117,0.1465,2.6435,0,283621152,355250144,0,0,116476604,901,893,1,1,0,0,0
901,0.085,1.718,0.9044,0.0046,0.8992,0.8882,0.0089,0.0011,0.2729,0.797,0.0094,0.1716,0.144,0.1944,0.0034,0.0074,0.0187,0.341,0.1018,0.1316,2.4904,1,283621152,355255776,1,0,116476604,902,894,1,1,0,0,0
902,0.0585,1.8751,0.9517,0.0029,0.9484,0.933,0.0116,0.0017,0.3378,0.8949,0.0114,0.1969,0.1332,0.208,0.007,0.0182,0.0273,0.433,0.1241,0.1757,2.8957,2,283621152,355246624,2,0,116476604,903,895,1,1,0,0,0
903,0.0387,1.3235,0.6209,0.0024,0.6183,0.606,0.0098,0.0013,0.2178,0.688,0.0074,0.1347,0.0896,0.2343,0.0037,0.0086,0.0133,0.2209,0.0823,0.091,1.8553,3,283621152,355249440,0,0,116476604,904,896,1,1,0,0,0
904,0.0401,1.2203,0.6262,0.0025,0.6235,0.6111,0.0088,0.0022,0.2183,0.5717,0.0067,0.1126,0.0846,0.1417,0.0073,0.0139,0.0209,0.4657,0.1404,0.1019,2.1089,4,283621152,355242400,1,0,116476604,905,897,1,1,0,0,0
905,0.0652,10.925,9.0324,0.0023,9.0299,9.0163,0.0093,0.0022,0.4453,1.8106,0.0189,0.1741,0.2617,0.8957,0.0132,0.0439,0.0689,1.7842,0.6742,0.4441,14.5823,5,283621152,283608480,2,0,116476604,906,898,1,1,0,0,0
906,0.0392,1.3264,0.6051,0.0025,0.6024,0.595,0.0057,0.0007,0.2981,0.6995,0.0091,0.1373,0.0922,0.1586,0.0035,0.0133,0.0181,0.4449,0.1418,0.1032,2.1932,0,283621152,355250144,0,0,116476604,907,899,1,1,0,0,0
907,0.1388,7.3893,6.827,0.0035,6.8228,6.8121,0.0083,0.0011,0.299,0.5468,0.0081,0.1044,0.0447,0.0885,0.0018,0.0093,0.014,0.27,0.0883,0.08,8.0713,1,283621152,355255776,1,0,116476604,908,900,1,1,0,0,0
908,0.0477,48.9397,48.0944,0.0024,48.0919,48.0699,0.0191,0.0012,0.3187,0.8281,0.0109,0.1412,0.1529,0.197,0.0065,0.01,0.0156,0.2644,0.1333,0.1515,49.6853,2,283621152,355246624,2,0,116476604,909,901,1,1,0,0,0
909,0.0425,13.826,13.0049,0.0027,13.002,12.9809,0.0179,0.0012,0.3007,0.8008,0.0105,0.1937,0.1475,0.1439,0.0036,0.0121,0.0196,0.3143,0.094,0.1406,14.5294,3,283621152,355249440,0,0,116476604,910,902,1,1,0,0,0
910,0.0393,13.3167,12.3621,0.0023,12.3596,12.3393,0.0176,0.0012,0.3459,0.9343,0.0106,0.1737,0.1358,0.2614,0.0058,0.0116,0.019,0.3049,0.1096,0.0891,13.9787,4,283621152,355242400,1,0,116476604,911,903,1,1,0,0,0
911,0.0398,14.1981,13.0619,0.0023,13.0594,13.0385,0.017,0.0015,0.5329,1.0939,0.0212,0.238,0.1313,0.1636,0.0059,0.0253,0.0428,0.4553,0.1207,0.1205,15.126,5,283621152,283608480,2,0,116476604,912,904,1,1,0,0,0
912,0.0497,1.2677,0.6877,0.0023,0.6852,0.6772,0.0064,0.0006,0.2072,0.5658,0.0078,0.0945,0.0963,0.1569,0.0028,0.0088,0.0159,0.212,0.0888,0.084,1.8113,0,283621152,355250144,0,0,116476604,913,905,1,1,0,0,0
913,0.0545,7.1871,6.1953,0.0047,6.1904,6.1795,0.0078,0.0017,0.3906,0.9601,0.0202,0.2,0.1237,0.2185,0.0063,0.0199,0.0341,0.4612,0.1723,0.1236,8.2117,1,283621152,355255776,1,0,116476604,914,906,1,1,0,0,0
914,0.0666,2.116,1.32,0.0036,1.3161,1.309,0.0056,0.0008,0.3087,0.7779,0.0105,0.1409,0.1537,0.1595,0.0037,0.0099,0.0188,0.3473,0.113,0.0966,2.8611,2,283621152,355246624,2,0,116476604,915,907,1,1,0,0,0
915,0.0433,1.4773,0.721,0.003,0.7177,0.7063,0.0092,0.0012,0.3207,0.7371,0.01,0.1543,0.0701,0.1755,0.0058,0.0111,0.0179,0.3303,0.0978,0.1692,2.2376,3,283621152,355249440,0,0,116476604,916,908,1,1,0,0,0
916,0.1022,2.0766,0.9981,0.0036,0.9941,0.9802,0.0107,0.0014,0.3386,1.0243,0.0114,0.1651,0.2136,0.2881,0.0067,0.0236,0.0421,0.5787,0.202,0.246,3.4577,4,283621152,355242400,1,0,116476604,917,909,1,1,0,0,0
917,0.0445,1.2596,0.6396,0.0025,0.6369,0.6288,0.006,0.001,0.2087,0.6044,0.007,0.1022,0.0746,0.2087,0.0027,0.0099,0.0133,0.2723,0.0898,0.0772,1.8435,5,283621152,283608480,2,0,116476604,918,910,1,1,0,0,0
918,0.0377,1.3885,0.6691,0.0025,0.6664,0.6549,0.0086,0.0013,0.3017,0.7065,0.0093,0.136,0.0917,0.1651,0.0021,0.0069,0.0133,0.1971,0.0863,0.0844,1.8953,0,283621152,355250144,0,0,116476604,919,911,1,1,0,0,0
919,0.0945,16.2052,14.9466,0.0042,14.9416,14.9206,0.017,0.0016,0.4411,1.2292,0.0136,0.2724,0.1782,0.3143,0.0084,0.0195,0.0308,0.541,0.1918,0.1577,17.3935,1,283621152,355255776,1,0,116476604,920,912,1,1,0,0,0
920,0.0404,1.3123,0.6627,0.0021,0.6604,0.6491,0.0089,0.0011,0.257,0.6356,0.0073,0.0964,0.0666,0.2045,0.0033,0.0081,0.0124,0.3062,0.0857,0.1091,1.9515,2,283621152,355246624,2,0,116476604,921,913,1,1,0,0,0
921,0.0385,48.8846,48.0621,0.0025,48.0594,48.0383,0.0186,0.0011,0.3082,0.8046,0.0103,0.1754,0.1006,0.201,0.0082,0.0124,0.0176,0.2721,0.0984,0.0881,49.5003,3,283621152,355249440,0,0,116476604,922,914,1,1,0,0,0
922,0.0419,12.9508,12.2741,0.0024,12.2715,12.2535,0.0154,0.0012,0.276,0.6569,0.0103,0.1298,0.0743,0.1596,0.006,0.012,0.0186,0.3383,0.1083,0.0812,13.6394,4,283621152,355242400,1,0,116476604,923,915,1,1,0,0,0
923,0.0396,24.9454,24.1902,0.0026,24.1875,24.174,0.0108,0.0011,0.3243,0.7343,0.0105,0.1221,0.0867,0.1854,0.0046,0.0135,0.0174,0.3282,0.1085,0.0905,25.6403,5,283621152,283608480,2,0,116476604,924,916,1,1,0,0,0
924,0.039,25.4411,24.3916,0.0023,24.389,24.369,0.0159,0.0014,0.436,1.0176,0.0142,0.1802,0.1293,0.2513,0.0057,0.0204,0.0321,0.4668,0.1434,0.1287,26.4229,0,283621152,355250144,0,0,116476604,925,917,1,1,0,0,0
925,0.0431,1.1964,0.6389,0.0023,0.6364,0.6238,0.01,0.0013,0.1993,0.5427,0.0081,0.1277,0.0761,0.1279,0.0031,0.0083,0.0144,0.2385,0.0886,0.14,1.8116,1,283621152,355255776,1,0,116476604,926,918,1,1,0,0,0
926,0.109,7.1468,5.8528,0.0053,5.847,5.8285,0.0134,0.0023,0.6047,1.25,0.0277,0.2207,0.1228,0.2665,0.0069,0.0285,0.039,0.6193,0.1855,0.1182,8.3121,2,283621152,355246624,2,0,116476604,927,919,1,1,0,0,0
927,0.0639,1.9552,0.8658,0.0036,0.862,0.8482,0.0108,0.0016,0.4438,1.047,0.0244,0.2354,0.11,0.2264,0.0063,0.0248,0.0424,0.5976,0.2692,0.132,3.206,3,283621152,355249440,0,0,116476604,928,920,1,1,0,0,0
928,0.0936,2.7938,1.5136,0.0102,1.5029,1.4828,0.0155,0.0019,0.4647,1.2547,0.0254,0.2795,0.2344,0.2436,0.0058,0.016,0.0225,0.5149,0.1837,0.215,3.9671,4,283621152,355242400,1,0,116476604,929,921,1,1,0,0,0
929,0.0508,1.8148,0.7778,0.0037,0.7739,0.76,0.0112,0.0012,0.4233,1.0056,0.0176,0.1787,0.1239,0.2534,0.0075,0.0203,0.0327,0.526,0.2058,0.2055,3.0202,5,283621152,283608480,2,0,116476604,930,922,1,1,0,0,0
930,0.0538,1.625,0.8552,0.0045,0.8504,0.837,0.0108,0.0012,0.312,0.7489,0.0107,0.1422,0.0653,0.2124,0.0054,0.0134,0.0184,0.3521,0.1179,0.0996,2.3898,0,283621152,355250144,0,0,116476604,931,923,1,1,0,0,0
931,0.0418,1.3473,0.6685,0.0024,0.6659,0.6543,0.0092,0.0012,0.2587,0.6644,0.0071,0.0963,0.1462,0.1533,0.002,0.0084,0.0131,0.2048,0.09,0.0777,1.8714,1,283621152,355255776,1,0,116476604,932,924,1,1,0,0,0
932,0.1741,5.1429,2.668,0.0187,2.6481,2.5938,0.0439,0.0046,0.9981,2.4378,0.0245,0.3654,0.3708,0.6639,0.0124,0.0221,0.0337,0.9309,0.3248,0.2043,7.0844,2,283621152,355246624,2,0,116476604,933,925,1,1,0,0,0
933,0.0475,1.3546,0.6463,0.004,0.6419,0.6314,0.0079,0.0012,0.2889,0.6843,0.0101,0.1245,0.0829,0.1699,0.0071,0.0148,0.0223,0.3683,0.169,0.1126,2.215,3,283621152,355249440,0,0,116476604,934,926,1,1,0,0,0
934,0.0785,2.293,1.4282,0.0038,1.424,1.4121,0.0078,0.0026,0.3707,0.8461,0.0122,0.1769,0.1006,0.1808,0.0039,0.0066,0.026,0.4201,0.1377,0.1732,3.3262,4,283621152,355242400,1,0,116476604,935,927,1,1,0,0,0
935,0.038,1.3503,0.6795,0.0021,0.6771,0.6685,0.0055,0.002,0.2725,0.6584,0.01,0.1314,0.0858,0.1559,0.0021,0.0068,0.012,0.3252,0.1016,0.0894,2.0227,5,283621152,283608480,2,0,116476604,936,928,1,1,0,0,0
936,0.0446,1.2792,0.7176,0.0023,0.7151,0.7035,0.0095,0.0011,0.2509,0.5479,0.0078,0.0892,0.0561,0.1408,0.0028,0.0078,0.014,0.2299,0.0882,0.0821,1.8372,0,283621152,355250144,0,0,116476604,937,929,1,1,0,0,0
937,0.061,7.6462,6.5305,0.0041,6.526,6.5076,0.0142,0.0023,0.4624,1.0788,0.0184,0.2085,0.1175,0.2614,0.0097,0.0233,0.0384,0.3845,0.1556,0.1067,8.5267,1,283621152,355255776,1,0,116476604,938,930,1,1,0,0,0
938,0.1259,3.0368,1.3692,0.0123,1.3562,1.33,0.021,0.0025,0.5319,1.6362,0.0166,0.3515,0.3006,0.4188,0.0153,0.0206,0.034,0.6782,0.3,0.2757,4.7223,2,283621152,355246624,2,0,116476604,939,931,1,1,0,0,0
939,0.0844,2.9735,2.0422,0.005,2.0368,2.0239,0.0094,0.002,0.3994,0.8958,0.0175,0.1907,0.101,0.1823,0.0038,0.0215,0.0327,0.55,0.1802,0.1249,4.1402,3,283621152,355249440,0,0,116476604,940,932,1,1,0,0,0
940,0.1117,2.9663,2.1156,0.0041,2.111,2.0997,0.0085,0.0012,0.3549,0.8256,0.0137,0.1765,0.098,0.1778,0.0041,0.0136,0.0255,0.4079,0.2172,0.1187,4.0173,4,283621152,355242400,1,0,116476604,941,933,1,1,0,0,0
941,0.047,1.2932,0.6853,0.0023,0.6829,0.6726,0.0066,0.0015,0.2308,0.5918,0.0077,0.1217,0.0948,0.1343,0.0018,0.0088,0.0149,0.283,0.0926,0.1377,1.967,5,283621152,283608480,2,0,116476604,942,934,1,1,0,0,0
942,0.0776,2.1879,1.3358,0.004,1.3311,1.3176,0.0106,0.0011,0.3332,0.8325,0.0092,0.1676,0.1137,0.2028,0.0053,0.0126,0.0177,0.4286,0.2538,0.4375,3.7505,0,283621152,355250144,0,0,116476604,943,935,1,1,0,0,0
943,0.041,1.6468,0.6954,0.0024,0.6925,0.6809,0.0092,0.0011,0.3173,0.9302,0.0102,0.209,0.1412,0.245,0.0067,0.0137,0.0203,0.2556,0.0917,0.078,2.2366,1,283621152,355255776,1,0,116476604,944,936,1,1,0,0,0
944,0.0389,1.3658,0.6746,0.0022,0.6722,0.6579,0.0108,0.0012,0.2391,0.6703,0.0075,0.1604,0.073,0.1798,0.0095,0.0133,0.0205,0.4077,0.1669,0.115,2.2959,2,283621152,355246624,2,0,116476604,945,937,1,1,0,0,0
945,0.0446,1.4164,0.714,0.0022,0.7115,0.7002,0.009,0.0012,0.252,0.6772,0.0071,0.1057,0.0737,0.2329,0.0051,0.0141,0.0222,0.4407,0.1312,0.0905,2.2492,3,283621152,355249440,0,0,116476604,946,938,1,1,0,0,0
946,0.0473,50.3033,49.5783,0.0022,49.5759,49.5561,0.017,0.0012,0.2503,0.7,0.019,0.1104,0.0742,0.2387,0.0069,0.0178,0.0212,0.3773,0.0918,0.0781,51.0273,4,283621152,355242400,1,0,116476604,947,939,1,1,0,0,0
947,0.0407,12.7214,12.0543,0.0023,12.0517,12.0331,0.016,0.0011,0.2903,0.6494,0.0103,0.1326,0.0663,0.1447,0.0043,0.0115,0.0162,0.2785,0.0894,0.1318,13.3832,5,283621152,283608480,2,0,116476604,948,940,1,1,0,0,0
948,0.0397,26.3579,25.347,0.0025,25.3443,25.321,0.0201,0.0012,0.3422,0.9902,0.0115,0.2348,0.1335,0.2611,0.0061,0.0125,0.0176,0.3672,0.1381,0.0921,27.1264,0,283621152,355250144,0,0,116476604,949,941,1,1,0,0,0
949,0.0511,23.5819,22.589,0.0028,22.586,22.5667,0.015,0.0017,0.4015,0.9613,0.0151,0.1941,0.1315,0.2113,0.007,0.0176,0.0285,0.5072,0.1639,0.1166,24.5787,1,283621152,355255776,1,0,116476604,950,942,1,1,0,0,0
950,0.0445,1.3733,0.7233,0.0022,0.7209,0.7086,0.0098,0.0011,0.2483,0.6288,0.0077,0.0968,0.0658,0.2048,0.0047,0.013,0.0193,0.3701,0.1136,0.0765,2.099,2,283621152,355246624,2,0,116476604,951,943,1,1,0,0,0
951,0.0786,1.898,0.9887,0.0045,0.9837,0.9683,0.0118,0.002,0.3197,0.8812,0.0122,0.1589,0.1152,0.267,0.0074,0.0177,0.026,0.6223,0.2126,0.0876,3.0302,3,283621152,355249440,0,0,116476604,952,944,1,1,0,0,0
952,0.0456,1.5399,0.7132,0.0022,0.7108,0.6994,0.0092,0.001,0.2985,0.8023,0.0097,0.1806,0.1239,0.1842,0.0044,0.0142,0.0193,0.3006,0.1172,0.0952,2.2358,4,283621152,355242400,1,0,116476604,953,945,1,1,0,0,0
953,0.0773,2.5597,1.8887,0.0046,1.8838,1.8742,0.0077,0.0012,0.2579,0.6503,0.0264,0.1295,0.0893,0.1398,0.0069,0.0122,0.0234,1.7907,0.7088,0.4456,6.0699,5,283621152,283608480,2,0,116476604,954,946,1,1,0,0,0
954,0.0453,1.5014,0.6827,0.0025,0.68,0.6668,0.0098,0.0015,0.3111,0.7956,0.0094,0.1642,0.0987,0.2069,0.0044,0.0149,0.0198,0.4246,0.1288,0.0774,2.3024,0,283621152,355250144,0,0,116476604,955,947,1,1,0,0,0
955,0.041,1.4671,0.7644,0.0021,0.7621,0.7462,0.0129,0.0014,0.3058,0.6833,0.0098,0.1513,0.0901,0.1184,0.007,0.0117,0.015,0.2437,0.0879,0.1361,2.091,1,283621152,355255776,1,0,116476604,956,948,1,1,0,0,0
956,0.0388,1.434,0.7019,0.0022,0.6995,0.6922,0.0059,0.0005,0.2545,0.714,0.0099,0.1177,0.1049,0.2203,0.0059,0.0105,0.019,0.39,0.1425,0.1562,2.3051,2,283621152,355246624,2,0,116476604,957,949,1,1,0,0,0
957,0.0475,5.1661,4.1239,0.0035,4.1201,4.0959,0.0206,0.0012,0.425,1.0144,0.0519,0.2062,0.1213,0.2022,0.0068,0.012,0.0335,0.4844,0.2166,0.1181,6.2443,3,283621152,355249440,0,0,116476604,958,950,1,1,0,0,0
958,0.123,3.0229,1.5015,0.0128,1.4879,1.4638,0.0197,0.0019,0.6499,1.4925,0.0144,0.3208,0.1787,0.3169,0.0103,0.0189,0.032,0.7564,0.1813,0.1747,4.492,4,283621152,355242400,1,0,116476604,959,951,1,1,0,0,0
959,0.0445,1.4228,0.6812,0.0026,0.6784,0.6673,0.009,0.0011,0.2673,0.7216,0.0075,0.146,0.1359,0.1584,0.0055,0.0119,0.0177,0.4022,0.1592,0.0991,2.2783,5,283621152,283608480,2,0,116476604,960,952,1,1,0,0,0
960,0.0395,1.496,0.8194,0.0023,0.8168,0.8056,0.0085,0.0011,0.2454,0.6628,0.0077,0.1086,0.1439,0.1545,0.002,0.0078,0.0134,0.2174,0.0868,0.0776,2.0373,0,283621152,355250144,0,0,116476604,961,953,1,1,0,0,0
961,0.0408,44.853,43.7114,0.0021,43.709,43.6913,0.0135,0.0017,0.5669,1.0987,0.0245,0.217,0.099,0.1859,0.0046,0.0257,0.0387,0.4224,0.138,0.1427,45.7706,1,283621152,355255776,1,0,116476604,962,954,1,1,0,0,0
962,0.0644,1.7448,0.8039,0.0037,0.7999,0.7845,0.0121,0.0017,0.3734,0.904,0.0131,0.1891,0.1178,0.2027,0.0072,0.0223,0.0349,0.4755,0.1951,0.3101,3.0363,2,283621152,355246624,2,0,116476604,963,955,1,1,0,0,0
963,0.04,1.3627,0.6742,0.0028,0.6712,0.6633,0.006,0.0006,0.2682,0.6671,0.009,0.1348,0.0776,0.1726,0.0043,0.0136,0.0196,0.4198,0.1573,0.1116,2.2502,3,283621152,355249440,0,0,116476604,964,956,1,1,0,0,0
964,0.0399,29.0645,28.2354,0.0023,28.2329,28.2162,0.0137,0.0012,0.3336,0.806,0.0336,0.1548,0.0929,0.1848,0.0056,0.0095,0.0296,0.4594,0.1929,0.1858,30.164,4,283621152,355242400,1,0,116476604,965,957,1,1,0,0,0
965,0.042,1.1897,0.6664,0.0023,0.6637,0.6522,0.0092,0.001,0.206,0.5074,0.0079,0.0975,0.0619,0.1316,0.002,0.0084,0.0149,0.23,0.1132,0.0806,1.7762,5,283621152,283608480,2,0,116476604,966,958,1,1,0,0,0
966,0.1714,7.1253,5.943,0.0175,5.9246,5.9081,0.0127,0.0016,0.4394,1.1558,0.0146,0.208,0.1587,0.3265,0.0076,0.015,0.025,0.5145,0.2142,0.1434,8.3652,0,283621152,355250144,0,0,116476604,967,959,1,1,0,0,0
967,0.0477,1.686,0.7478,0.0036,0.7439,0.7312,0.01,0.0013,0.4067,0.9121,0.0113,0.1965,0.1465,0.1434,0.0066,0.0182,0.0317,0.4683,0.1841,0.1752,2.7796,1,283621152,355255776,1,0,116476604,968,960,1,1,0,0,0
968,0.076,1.9887,1.1759,0.0026,1.1729,1.1656,0.0046,0.002,0.3987,0.8039,0.0238,0.1922,0.0692,0.1175,0.0019,0.0023,0.0141,0.2431,0.1487,0.2128,2.815,2,283621152,355246624,2,0,116476604,969,961,1,1,0,0,0
969,0.0596,2.3646,1.3607,0.0027,1.3578,1.3403,0.0108,0.0036,0.519,0.9643,0.0233,0.2004,0.074,0.1441,0.0033,0.0224,0.0424,0.4769,0.1742,0.1221,3.3891,3,283621152,355249440,0,0,116476604,970,962,1,1,0,0,0
970,0.1988,4.5602,2.584,0.0181,2.565,2.5325,0.0248,0.0035,0.8768,1.9453,0.0188,0.3846,0.2537,0.4041,0.0054,0.0189,0.0292,0.9105,0.2581,0.1634,6.3325,4,283621152,355242400,1,0,116476604,971,963,1,1,0,0,0
971,0.0404,1.3947,0.6623,0.002,0.6601,0.649,0.0088,0.0013,0.228,0.7099,0.0195,0.1269,0.0841,0.2438,0.0068,0.0129,0.0206,0.2587,0.1051,0.0799,1.9879,5,283621152,283608480,2,0,116476604,972,964,1,1,0,0,0
972,0.0392,1.2171,0.6732,0.0027,0.6703,0.6641,0.005,0.0007,0.2047,0.5211,0.0069,0.1243,0.0888,0.0902,0.0056,0.0142,0.0195,0.2385,0.0956,0.0751,1.7795,0,283621152,355250144,0,0,116476604,973,965,1,1,0,0,0
973,0.0444,16.0665,15.0573,0.0023,15.0548,15.0392,0.0119,0.0023,0.4905,0.974,0.0227,0.1923,0.0883,0.1724,0.0069,0.0212,0.0379,0.4776,0.1439,0.1098,17.0256,1,283621152,355255776,1,0,116476604,974,966,1,1,0,0,0
974,0.0429,1.1965,0.6687,0.0023,0.6662,0.6587,0.0055,0.0011,0.2321,0.513,0.0074,0.0947,0.0415,0.1349,0.0018,0.0084,0.0142,0.2206,0.0942,0.0817,1.7426,2,283621152,355246624,2,0,116476604,975,967,1,1,0,0,0
975,0.0524,1.331,0.6622,0.0025,0.6595,0.6494,0.0069,0.0016,0.2973,0.6568,0.0239,0.1349,0.0688,0.129,0.0021,0.006,0.015,0.2715,0.081,0.0942,1.9503,3,283621152,355249440,0,0,116476604,976,968,1,1,0,0,0
976,0.0645,8.6346,7.3901,0.0026,7.387,7.3728,0.0109,0.002,0.6075,1.208,0.0209,0.1807,0.1102,0.2779,0.0104,0.0218,0.0393,0.3518,0.1589,0.1262,9.525,4,283621152,355242400,1,0,116476604,977,969,1,1,0,0,0
977,0.0586,1.958,0.8618,0.0025,0.8589,0.8457,0.0104,0.0016,0.5404,1.0728,0.0168,0.2164,0.093,0.1986,0.0068,0.0134,0.0202,0.4083,0.0992,0.0841,2.7312,5,283621152,283608480,2,0,116476604,978,970,1,1,0,0,0
978,0.0424,1.5994,0.9194,0.0029,0.9162,0.9092,0.0059,0.0007,0.2745,0.6576,0.009,0.1117,0.0596,0.196,0.0061,0.0142,0.0204,0.364,0.1052,0.084,2.325,0,283621152,355250144,0,0,116476604,979,971,1,1,0,0,0
979,0.04,53.2006,52.3873,0.0023,52.3849,52.3638,0.0185,0.0011,0.3424,0.796,0.0094,0.1791,0.1363,0.124,0.0041,0.0117,0.017,0.2684,0.1024,0.0764,53.8076,1,283621152,355255776,1,0,116476604,980,972,1,1,0,0,0
980,0.04,12.9358,11.9762,0.0025,11.9735,11.961,0.01,0.0012,0.2959,0.9409,0.0112,0.2269,0.1559,0.2436,0.0064,0.0111,0.0144,0.252,0.1049,0.0924,13.5363,2,283621152,355246624,2,0,116476604,981,973,1,1,0,0,0
981,0.0387,12.3986,11.6537,0.0021,11.6514,11.639,0.0102,0.0012,0.2722,0.7227,0.0108,0.157,0.0995,0.1753,0.007,0.0148,0.0205,0.2556,0.0959,0.0754,12.9802,3,283621152,355249440,0,0,116476604,982,974,1,1,0,0,0
982,0.038,13.8282,12.7275,0.0021,12.7252,12.7057,0.0153,0.0019,0.5006,1.0678,0.0194,0.2123,0.1045,0.2241,0.0062,0.0239,0.0189,0.3912,0.1613,0.1357,14.7175,4,283621152,355242400,1,0,116476604,983,975,1,1,0,0,0
983,0.0427,1.5513,0.7096,0.0024,0.7068,0.6955,0.0089,0.0011,0.2826,0.8214,0.0099,0.151,0.1264,0.2441,0.0064,0.0123,0.0192,0.4298,0.1587,0.1122,2.4478,5,283621152,283608480,2,0,116476604,984,976,1,1,0,0,0
984,0.0899,3.1309,2.0262,0.0034,2.0225,2.0115,0.0081,0.0021,0.4971,1.0789,0.0164,0.2063,0.1249,0.2267,0.0066,0.0096,0.0369,0.4841,0.1519,0.1562,4.2009,0,283621152,355250144,0,0,116476604,985,977,1,1,0,0,0
985,0.0658,2.3283,1.5223,0.0042,1.5179,1.5029,0.0129,0.0009,0.3294,0.7842,0.0087,0.1276,0.0883,0.2265,0.0029,0.0138,0.0186,0.3325,0.1473,0.1151,3.1504,1,283621152,355255776,1,0,116476604,986,978,1,1,0,0,0
986,0.0906,2.3352,1.347,0.0054,1.3414,1.3276,0.0107,0.0016,0.4698,0.9721,0.0103,0.1515,0.1354,0.1983,0.0057,0.0076,0.0172,0.3606,0.1427,0.1068,3.1841,2,283621152,355246624,2,0,116476604,987,979,1,1,0,0,0
987,0.049,1.6373,0.9031,0.0023,0.9007,0.8926,0.0062,0.0014,0.2629,0.708,0.0111,0.1237,0.0886,0.2163,0.0049,0.0078,0.0434,0.6253,0.2074,0.1441,2.9121,3,283621152,355249440,0,0,116476604,988,980,1,1,0,0,0
988,0.0402,1.6178,0.6861,0.0024,0.6835,0.6714,0.0097,0.001,0.2836,0.9085,0.0085,0.1976,0.1621,0.2492,0.0066,0.0146,0.0206,0.3568,0.0975,0.0804,2.3156,4,283621152,355242400,1,0,116476604,989,981,1,1,0,0,0
989,0.0425,1.7788,0.739,0.0025,0.7362,0.7229,0.0105,0.0013,0.5155,1.0104,0.0152,0.2242,0.1028,0.1478,0.0041,0.0154,0.0262,0.3861,0.1671,0.1951,2.8186,5,283621152,283608480,2,0,116476604,990,982,1,1,0,0,0
990,0.0462,1.4474,0.673,0.0024,0.6704,0.6589,0.0077,0.0025,0.2482,0.7561,0.0084,0.1576,0.1015,0.2329,0.0067,0.0104,0.0183,0.3941,0.1684,0.0806,2.2733,0,283621152,355250144,0,0,116476604,991,983,1,1,0,0,0
991,0.039,1.4294,0.6166,0.0023,0.6141,0.6019,0.0086,0.0018,0.2388,0.7949,0.0083,0.179,0.1169,0.247,0.0044,0.0113,0.0158,0.2762,0.0777,0.0653,2.0023,1,283621152,355255776,1,0,116476604,992,984,1,1,0,0,0
992,0.0413,1.3391,0.6761,0.0023,0.6735,0.6613,0.0098,0.0011,0.2998,0.6446,0.0092,0.1404,0.0664,0.1249,0.0031,0.011,0.0174,0.3404,0.1282,0.1679,2.1437,2,283621152,355246624,2,0,116476604,993,985,1,1,0,0,0
993,0.0427,61.2725,60.4607,0.0022,60.4582,60.4371,0.0185,0.0012,0.3441,0.7925,0.0104,0.1397,0.1069,0.1846,0.0058,0.0118,0.0185,0.3772,0.1308,0.3204,62.2563,3,283621152,355249440,0,0,116476604,994,986,1,1,0,0,0
994,0.0381,11.776,11.1513,0.0025,11.1486,11.1361,0.0099,0.0011,0.2698,0.6078,0.0076,0.0929,0.0728,0.1592,0.0047,0.0107,0.0156,0.281,0.0938,0.0706,12.3756,4,283621152,355242400,1,0,116476604,995,987,1,1,0,0,0
995,0.0386,19.9002,18.2207,0.002,18.2182,18.1842,0.0274,0.0036,0.6367,1.6405,0.0169,0.3647,0.1564,0.4513,0.0124,0.0251,0.0311,0.7719,0.218,0.1608,21.3043,5,283621152,283608480,2,0,116476604,996,988,1,1,0,0,0
996,0.0469,7.9117,5.0926,0.0023,5.09,5.0638,0.0222,0.0021,0.6307,2.7456,0.0206,0.6326,0.5272,0.9074,0.0243,0.0439,0.0661,1.8831,0.5516,0.3505,11.2686,0,283621152,355250144,0,0,116476604,997,989,1,1,0,0,0
997,0.0472,1.7215,0.6904,0.0022,0.688,0.6748,0.0094,0.0013,0.4178,0.9664,0.0165,0.2001,0.1246,0.1863,0.0197,0.0405,0.0604,1.6721,0.5321,0.8326,5.3266,1,283621152,355255776,1,0,116476604,998,990,1,1,0,0,0
998,0.0811,3.1788,2.2606,0.0029,2.2574,2.2421,0.0118,0.0016,0.3483,0.8882,0.0135,0.2011,0.1291,0.1874,0.0081,0.0185,0.0289,0.4155,0.2695,0.3384,4.6244,2,283621152,355246624,2,0,116476604,999,991,1,1,0,0,0
999,0.043,1.5493,0.7587,0.0021,0.7564,0.7444,0.0096,0.0011,0.315,0.7717,0.0104,0.1536,0.0834,0.2028,0.0056,0.0112,0.0176,0.406,0.1154,0.0791,2.3096,3,283621152,355249440,0,0,116476604,1000,992,1,1,0,0,0
1000,0.0797,2.4629,1.4272,0.0038,1.423,1.4116,0.0089,0.0017,0.3981,1.0111,0.0158,0.2029,0.1207,0.2643,0.0085,0.008,0.0396,0.5394,0.1894,0.1147,3.6199,4,283621152,355242400,1,0,116476604,1001,993,1,1,0,0,0
1001,0.0448,1.4508,0.6894,0.0023,0.6869,0.6745,0.0096,0.0012,0.3022,0.7474,0.0103,0.2021,0.0684,0.1617,0.0021,0.0069,0.0143,0.2119,0.0937,0.0751,1.9822,5,283621152,283608480,2,0,116476604,1002,994,1,1,0,0,0
1002,0.1103,2.1992,1.1601,0.0036,1.156,1.1459,0.0081,0.0012,0.4858,1.0193,0.017,0.2046,0.146,0.1588,0.0064,0.0078,0.0325,0.3689,0.1214,0.1254,3.0845,0,283621152,355250144,0,0,116476604,1003,995,1,1,0,0,0
1003,0.041,1.3635,0.6389,0.0026,0.6361,0.6265,0.0056,0.0021,0.2245,0.7058,0.007,0.1533,0.1318,0.1843,0.0039,0.0114,0.0177,0.3909,0.0882,0.0721,2.0567,1,283621152,355255776,1,0,116476604,1004,996,1,1,0,0,0
1004,0.0776,2.1818,1.5522,0.004,1.5479,1.5339,0.0109,0.0012,0.2794,0.6107,0.0094,0.1112,0.0662,0.1422,0.0019,0.0088,0.0161,0.2625,0.1144,0.2371,3.0886,2,283621152,355246624,2,0,116476604,1005,997,1,1,0,0,0
1005,0.0407,1.3058,0.6957,0.0022,0.6933,0.6823,0.0088,0.0011,0.223,0.5923,0.0072,0.1459,0.0851,0.1265,0.0039,0.0103,0.0167,0.3396,0.1359,0.093,2.036,3,283621152,355249440,0,0,116476604,1006,998,1,1,0,0,0
1006,0.04,52.6809,51.8225,0.0023,51.8198,51.7984,0.0185,0.0011,0.3455,0.841,0.01,0.1833,0.1257,0.1716,0.0042,0.0111,0.0162,0.2626,0.0994,0.0795,53.2755,4,283621152,355242400,1,0,116476604,1007,999,1,1,0,0,0
1007,0.0408,12.9715,12.1394,0.0022,12.137,12.1215,0.0129,0.0011,0.3482,0.8121,0.0104,0.1288,0.0858,0.232,0.0058,0.0122,0.0198,0.4113,0.118,0.0802,13.7402,5,283621152,283608480,2,0,116476604,1008,1000,1,1,0,0,0
1008,0.0368,13.1423,12.3456,0.0023,12.3431,12.3285,0.0118,0.0013,0.35,0.7775,0.0105,0.1695,0.0999,0.1411,0.0057,0.0112,0.0188,0.3547,0.1791,0.1451,14.0081,0,283621152,355250144,0,0,116476604,1009,1001,1,1,0,0,0
1009,0.0382,23.5295,22.4924,0.0022,22.49,22.4729,0.0137,0.0015,0.4166,1.0066,0.0165,0.1916,0.1369,0.2374,0.0067,0.0178,0.0295,0.5023,0.1996,0.1661,24.6474,1,283621152,355255776,1,0,116476604,1010,1002,1,1,0,0,0
1010,0.044,1.3357,0.6918,0.0022,0.6894,0.678,0.0091,0.001,0.3056,0.6297,0.0098,0.1236,0.0652,0.123,0.0021,0.0082,0.0136,0.2301,0.0953,0.0783,1.8926,2,283621152,355246624,2,0,116476604,1011,1003,1,1,0,0,0
1011,0.0438,3.6208,2.7048,0.0021,2.7022,2.6869,0.0119,0.002,0.4516,0.8812,0.0191,0.1682,0.0796,0.1548,0.007,0.0187,0.0374,1.8145,0.7289,0.4773,7.1788,3,283621152,355249440,0,0,116476604,1012,1004,1,1,0,0,0
1012,0.0436,1.5238,0.682,0.002,0.6799,0.6685,0.0091,0.001,0.3095,0.8199,0.0103,0.1592,0.14,0.1954,0.0045,0.0138,0.0199,0.3862,0.1662,0.0861,2.3642,4,283621152,355242400,1,0,116476604,1013,1005,1,1,0,0,0
1013,0.0482,5.4579,4.3806,0.0037,4.3767,4.3573,0.016,0.0015,0.4668,1.041,0.0205,0.2227,0.1201,0.204,0.0064,0.0225,0.0356,0.4195,0.1458,0.1203,6.3662,5,283621152,283608480,2,0,116476604,1014,1006,1,1,0,0,0
1014,0.0405,1.3538,0.6258,0.002,0.6236,0.6134,0.0062,0.0023,0.2937,0.7094,0.0097,0.126,0.1289,0.1464,0.0037,0.0111,0.0178,0.3908,0.1457,0.1167,2.1962,0,283621152,355250144,0,0,116476604,1015,1007,1,1,0,0,0
1015,0.0595,12.0349,8.9452,0.0028,8.9421,8.9309,0.0073,0.0032,1.0352,3.0336,0.0354,0.5508,0.4968,0.8996,0.0128,0.0247,0.0671,1.8427,0.6763,0.4172,15.6161,1,283621152,355255776,1,0,116476604,1016,1008,1,1,0,0,0
1016,0.0424,1.2795,0.6955,0.0023,0.693,0.6837,0.0061,0.0014,0.2747,0.5623,0.0061,0.0947,0.0709,0.1088,0.0067,0.0141,0.0188,0.2918,0.1017,0.0839,1.9063,2,283621152,355246624,2,0,116476604,1017,1009,1,1,0,0,0
1017,0.0891,12.3378,11.455,0.0091,11.4455,11.4304,0.011,0.0026,0.4046,0.8449,0.0196,0.1754,0.094,0.1474,0.0035,0.0221,0.0352,0.5201,0.1782,0.2552,13.5625,3,283621152,355249440,0,0,116476604,1018,1010,1,1,0,0,0
1018,0.0518,1.6164,0.764,0.0032,0.7605,0.748,0.0095,0.0016,0.3236,0.8248,0.0103,0.1845,0.0828,0.2149,0.0078,0.0189,0.021,0.3709,0.1215,0.0903,2.3715,4,283621152,355242400,1,0,116476604,1019,1011,1,1,0,0,0
1019,0.0484,1.5845,0.7272,0.0036,0.7234,0.7106,0.0102,0.0011,0.3452,0.8424,0.0106,0.1668,0.1435,0.172,0.0036,0.0092,0.0147,0.2306,0.0943,0.0875,2.1552,5,283621152,283608480,2,0,116476604,1020,1012,1,1,0,0,0
1020,0.0679,2.0191,1.0652,0.0028,1.062,1.0512,0.0068,0.003,0.3375,0.9307,0.0143,0.1951,0.1405,0.2349,0.0077,0.01,0.0312,0.4834,0.1648,0.2321,3.1611,0,283621152,355250144,0,0,116476604,1021,1013,1,1,0,0,0
1021,0.0446,1.5101,0.6783,0.0024,0.6756,0.6623,0.0109,0.0011,0.3239,0.8093,0.012,0.1647,0.1311,0.1713,0.0055,0.0129,0.0204,0.3913,0.1615,0.2017,2.5152,1,283621152,355255776,1,0,116476604,1022,1014,1,1,0,0,0
1022,0.0411,1.3399,0.6834,0.0023,0.6809,0.668,0.0104,0.0012,0.2424,0.6431,0.008,0.1517,0.0681,0.1705,0.002,0.0068,0.0145,0.213,0.1035,0.0869,1.8929,2,283621152,355246624,2,0,116476604,1023,1015,1,1,0,0,0
1023,0.0435,1.3295,0.6735,0.0021,0.6712,0.6581,0.0096,0.0017,0.2294,0.6331,0.0078,0.1116,0.0611,0.218,0.0044,0.014,0.0198,0.2848,0.1068,0.085,1.9675,3,283621152,355249440,0,0,116476604,1024,1016,1,1,0,0,0
1024,0.1052,1.8787,0.9585,0.0049,0.9529,0.9434,0.0078,0.0009,0.3139,0.8924,0.0106,0.1865,0.1351,0.2386,0.0067,0.0069,0.0435,0.6403,0.2608,0.2141,3.3635,4,283621152,355242400,1,0,116476604,1025,1017,1,1,0,0,0
1025,0.071,1.898,1.1635,0.0028,1.1603,1.1539,0.0044,0.0015,0.3342,0.7201,0.0135,0.1487,0.0586,0.1619,0.0026,0.0036,0.0258,0.3944,0.1579,0.1692,2.8739,5,283621152,283608480,2,0,116476604,1026,1018,1,1,0,0,0
1026,0.0445,1.2108,0.69,0.0022,0.6876,0.6807,0.0047,0.0012,0.2191,0.5058,0.0076,0.0986,0.059,0.1191,0.0019,0.0088,0.0144,0.2063,0.0851,0.0773,1.7326,0,283621152,355250144,0,0,116476604,1027,1019,1,1,0,0,0
1027,0.0439,1.4133,0.6887,0.0027,0.6857,0.6756,0.0066,0.0013,0.3201,0.7058,0.0109,0.1443,0.0996,0.1262,0.004,0.0109,0.0181,0.3512,0.1259,0.1039,2.1583,1,283621152,355255776,1,0,116476604,1028,1020,1,1,0,0,0
1028,0.0399,59.0121,58.1908,0.002,58.1886,58.1746,0.0115,0.0011,0.3214,0.8031,0.0099,0.2271,0.1152,0.1244,0.0044,0.0114,0.0165,0.2713,0.1845,0.2589,59.9293,2,283621152,355246624,2,0,116476604,1029,1021,1,1,0,0,0
1029,0.0393,10.9164,10.0556,0.0026,10.0529,10.0419,0.0088,0.0012,0.2714,0.8422,0.0097,0.1987,0.1363,0.218,0.0073,0.0115,0.0227,0.371,0.1698,0.1468,11.7766,3,283621152,355249440,0,0,116476604,1030,1022,1,1,0,0,0
1030,0.0382,22.5579,21.7637,0.0025,21.761,21.7483,0.0106,0.0009,0.3071,0.7767,0.0098,0.1617,0.1079,0.1847,0.0047,0.0105,0.0167,0.338,0.1163,0.0956,23.2846,4,283621152,355242400,1,0,116476604,1031,1023,1,1,0,0,0
1031,0.0368,23.2838,22.2343,0.0022,22.2319,22.2064,0.0219,0.0014,0.4351,1.0133,0.0184,0.2828,0.0995,0.1694,0.0072,0.0202,0.0393,0.5476,0.2861,0.1314,24.491,5,283621152,283608480,2,0,116476604,1032,1024,1,1,0,0,0
1032,0.0427,1.4015,0.7015,0.0024,0.6989,0.6875,0.0091,0.0011,0.2566,0.6838,0.0078,0.0961,0.0716,0.2478,0.0034,0.0085,0.0151,0.3019,0.0912,0.0845,2.035,0,283621152,355250144,0,0,116476604,1033,1025,1,1,0,0,0
1033,0.043,4.1667,3.0497,0.0027,3.0468,3.0306,0.0129,0.0018,0.513,1.0808,0.0179,0.2118,0.1258,0.205,0.0065,0.0205,0.0408,0.4864,0.1506,0.1306,5.1681,1,283621152,355255776,1,0,116476604,1034,1026,1,1,0,0,0
1034,0.0456,1.3998,0.7216,0.0022,0.7191,0.7059,0.011,0.0011,0.2394,0.6549,0.0072,0.1004,0.0727,0.2291,0.0054,0.0146,0.0209,0.4179,0.155,0.1311,2.3107,2,283621152,355246624,2,0,116476604,1035,1027,1,1,0,0,0
1035,0.0621,1.3792,0.8016,0.0026,0.7986,0.7926,0.0037,0.0017,0.2316,0.564,0.0096,0.1251,0.0839,0.1113,0.0022,0.0028,0.0218,0.3491,0.1487,0.1446,2.2576,3,283621152,355249440,0,0,116476604,1036,1028,1,1,0,0,0
1036,0.0947,1.5161,0.9466,0.0044,0.9416,0.9332,0.0058,0.0012,0.2144,0.5487,0.0083,0.0998,0.065,0.1569,0.0037,0.012,0.0178,0.3698,0.1446,0.2173,2.4831,4,283621152,355242400,1,0,116476604,1037,1029,1,1,0,0,0
1037,0.0436,1.5186,0.6982,0.0028,0.6951,0.6836,0.0087,0.0013,0.3166,0.7985,0.0104,0.177,0.0753,0.2124,0.0059,0.0127,0.0239,0.4262,0.1304,0.1027,2.3804,5,283621152,283608480,2,0,116476604,1038,1030,1,1,0,0,0
1038,0.0447,1.4109,0.6855,0.0027,0.6826,0.6706,0.0093,0.0011,0.2402,0.71,0.0072,0.1084,0.1572,0.1924,0.0038,0.0091,0.0151,0.3437,0.0909,0.0784,2.0793,0,283621152,355250144,0,0,116476604,1039,1031,1,1,0,0,0
1039,0.0668,8.7601,7.6234,0.0026,7.6204,7.6076,0.0101,0.0018,0.5129,1.1102,0.0192,0.2019,0.1153,0.2558,0.0043,0.0111,0.0349,0.5086,0.1706,0.13,9.8355,1,283621152,355255776,1,0,116476604,1040,1032,1,1,0,0,0
1040,0.0454,1.7584,0.6989,0.0022,0.6965,0.6846,0.0095,0.0011,0.396,0.9549,0.0123,0.2206,0.1023,0.2195,0.0032,0.0097,0.0156,0.2841,0.0978,0.076,2.3627,2,283621152,355246624,2,0,116476604,1041,1033,1,1,0,0,0
1041,0.0393,53.7933,53.1127,0.0021,53.1103,53.0963,0.0121,0.0007,0.2331,0.6595,0.0073,0.1039,0.0756,0.2339,0.0051,0.0144,0.0203,0.389,0.1555,0.152,54.6737,3,283621152,355249440,0,0,116476604,1042,1034,1,1,0,0,0
1042,0.0445,11.9152,11.145,0.0025,11.1422,11.1299,0.0098,0.0012,0.2656,0.7481,0.0104,0.1488,0.1071,0.2084,0.0068,0.0144,0.0215,0.2894,0.1089,0.0787,12.5603,4,283621152,355242400,1,0,116476604,1043,1035,1,1,0,0,0
1043,0.0378,23.578,22.659,0.0026,22.6562,22.6418,0.0119,0.0012,0.3134,0.8931,0.0103,0.1571,0.1575,0.2491,0.0048,0.0177,0.0219,0.3734,0.1352,0.0954,24.3584,5,283621152,283608480,2,0,116476604,1044,1036,1,1,0,0,0
1044,0.0387,12.4968,11.1989,0.0022,11.1965,11.1763,0.016,0.0018,0.5813,1.2587,0.0198,0.2146,0.136,0.3,0.0062,0.0205,0.0371,0.4629,0.1713,0.1546,13.5142,0,283621152,355250144,0,0,116476604,1045,1037,1,1,0,0,0
1045,0.0449,1.6323,0.7158,0.0025,0.7131,0.6995,0.0111,0.0012,0.3319,0.896,0.01,0.1626,0.1365,0.2475,0.0066,0.013,0.0212,0.3988,0.1625,0.1059,2.4785,1,283621152,355255776,1,0,116476604,1046,1038,1,1,0,0,0
1046,0.0671,1.8918,1.0127,0.0027,1.0098,0.994,0.0128,0.0016,0.4167,0.8551,0.0131,0.1795,0.0728,0.1677,0.0045,0.0149,0.0228,0.4638,0.2314,0.0826,2.9447,2,283621152,355246624,2,0,116476604,1047,1039,1,1,0,0,0
1047,0.0447,2.1722,1.292,0.0029,1.2888,1.2718,0.0106,0.0035,0.3852,0.8397,0.0127,0.1402,0.0976,0.1972,0.0061,0.022,0.0443,0.4743,0.201,0.2108,3.3466,3,283621152,355249440,0,0,116476604,1048,1040,1,1,0,0,0
1048,0.0536,1.2383,0.68,0.0026,0.6772,0.6663,0.0083,0.0013,0.2077,0.5425,0.0089,0.1037,0.0637,0.1554,0.0026,0.009,0.0172,0.2588,0.0988,0.1023,1.8768,4,283621152,355242400,1,0,116476604,1049,1041,1,1,0,0,0
1049,0.059,2.0514,1.001,0.0029,0.9979,0.9825,0.0116,0.0015,0.3789,1.0271,0.0138,0.2229,0.1429,0.2617,0.0058,0.0145,0.0242,0.4128,0.2662,0.2178,3.2663,5,283621152,283608480,2,0,116476604,1050,1042,1,1,0,0,0
1050,0.1758,5.7463,2.7687,0.0175,2.7503,2.6994,0.0402,0.0046,1.4835,2.9356,0.0343,0.4381,0.4451,0.516,0.0156,0.0267,0.0345,0.8626,0.2492,0.1563,7.4298,0,283621152,355250144,0,0,116476604,1051,1043,1,1,0,0,0
1051,0.1229,1.7983,0.8332,0.0055,0.8271,0.8106,0.0125,0.0019,0.3568,0.9442,0.0103,0.188,0.1345,0.248,0.0058,0.012,0.019,0.4289,0.1497,0.172,2.8163,1,283621152,355255776,1,0,116476604,1052,1044,1,1,0,0,0
1052,0.0612,1.7164,1.101,0.0026,1.0975,1.0867,0.0073,0.0017,0.2638,0.5913,0.0119,0.1399,0.0702,0.1029,0.0023,0.0137,0.0246,0.3605,0.1777,0.1758,2.6695,2,283621152,355246624,2,0,116476604,1053,1045,1,1,0,0,0
1053,0.0533,1.7275,0.7977,0.0047,0.7928,0.779,0.011,0.0011,0.2987,0.9061,0.0104,0.1828,0.1431,0.2624,0.0077,0.0155,0.022,0.3951,0.1282,0.1167,2.5792,3,283621152,355249440,0,0,116476604,1054,1046,1,1,0,0,0
1054,0.0435,1.4286,0.6603,0.0028,0.657,0.6478,0.0066,0.0013,0.2823,0.7498,0.0099,0.1386,0.1192,0.1954,0.0033,0.0107,0.0185,0.4094,0.1934,0.1207,2.3293,4,283621152,355242400,1,0,116476604,1055,1047,1,1,0,0,0
1055,0.0613,1.9214,0.8642,0.0029,0.8611,0.8517,0.0067,0.0014,0.3902,1.0142,0.0191,0.2292,0.1313,0.2382,0.0053,0.0262,0.022,0.2661,0.0938,0.0822,2.5338,5,283621152,283608480,2,0,116476604,1056,1048,1,1,0,0,0
1056,0.0781,2.5499,1.7414,0.0034,1.7373,1.7221,0.0118,0.0019,0.4069,0.7962,0.0139,0.1804,0.0829,0.1088,0.0026,0.0036,0.0209,0.3049,0.1422,0.1124,3.3363,0,283621152,355250144,0,0,116476604,1057,1049,1,1,0,0,0
1057,0.0508,1.6967,0.853,0.004,0.8487,0.8339,0.012,0.0012,0.3174,0.8249,0.0109,0.1592,0.1131,0.2187,0.0049,0.0106,0.0167,0.3679,0.2247,0.1333,2.6424,1,283621152,355255776,1,0,116476604,1058,1050,1,1,0,0,0
1058,0.0439,1.5336,0.6879,0.0021,0.6855,0.6747,0.0083,0.0011,0.2621,0.8227,0.0119,0.183,0.095,0.2627,0.0072,0.0152,0.0215,0.445,0.221,0.1037,2.527,2,283621152,355246624,2,0,116476604,1059,1051,1,1,0,0,0
1059,0.089,2.0094,1.0168,0.0053,1.0107,0.9972,0.0109,0.0013,0.3407,0.9664,0.0109,0.2199,0.1334,0.2537,0.007,0.0163,0.0227,0.4304,0.1616,0.2064,3.0505,3,283621152,355249440,0,0,116476604,1060,1052,1,1,0,0,0
1060,0.041,1.6199,0.6788,0.0023,0.6761,0.6644,0.0094,0.0011,0.3461,0.9195,0.0101,0.2047,0.138,0.2128,0.0069,0.0132,0.02,0.4307,0.0858,0.0712,2.355,4,283621152,355242400,1,0,116476604,1061,1053,1,1,0,0,0
1061,0.0634,1.9741,1.0743,0.0025,1.0715,1.0571,0.0112,0.0016,0.3322,0.8778,0.0125,0.1584,0.1297,0.2405,0.0038,0.012,0.0245,0.3974,0.1245,0.1432,2.8554,5,283621152,283608480,2,0,116476604,1062,1054,1,1,0,0,0
1062,0.0412,1.5295,0.6604,0.0019,0.6583,0.6463,0.0093,0.0011,0.3048,0.8487,0.0095,0.1748,0.1136,0.2389,0.0062,0.0118,0.0202,0.5068,0.1521,0.0916,2.456,0,283621152,355250144,0,0,116476604,1063,1055,1,1,0,0,0
1063,0.0501,52.8589,52.0584,0.0023,52.0558,52.0421,0.0111,0.0013,0.2771,0.7814,0.0102,0.1588,0.1,0.2287,0.0056,0.0116,0.0179,0.3254,0.0997,0.0641,53.5101,1,283621152,355255776,1,0,116476604,1064,1056,1,1,0,0,0
1064,0.041,24.709,23.9883,0.0021,23.986,23.9734,0.0104,0.0011,0.3036,0.6994,0.0106,0.115,0.056,0.2097,0.0038,0.0129,0.0182,0.3265,0.1389,0.1014,25.4591,2,283621152,355246624,2,0,116476604,1065,1057,1,1,0,0,0
1065,0.0486,12.2161,11.3552,0.0046,11.3503,11.3354,0.0125,0.0012,0.2648,0.8346,0.0093,0.1631,0.1553,0.2337,0.0075,0.0174,0.0246,0.3215,0.0915,0.1401,13.013,3,283621152,355249440,0,0,116476604,1066,1058,1,1,0,0,0
1066,0.0494,14.7196,13.1684,0.0046,13.1636,13.1414,0.0165,0.0026,0.7566,1.5201,0.0231,0.2504,0.1566,0.3245,0.0079,0.0198,0.0325,0.4818,0.2628,0.1346,15.8447,4,283621152,355242400,1,0,116476604,1067,1059,1,1,0,0,0
1067,0.095,2.3993,1.36,0.0041,1.3554,1.3397,0.0125,0.0015,0.3702,1.0092,0.0139,0.1774,0.144,0.2957,0.007,0.0184,0.0266,0.4036,0.1354,0.1068,3.295,5,283621152,283608480,2,0,116476604,1068,1060,1,1,0,0,0
1068,0.0425,1.556,0.7096,0.0026,0.7068,0.694,0.0104,0.0011,0.3624,0.8273,0.0097,0.1574,0.1301,0.1616,0.0053,0.0115,0.0178,0.3171,0.0868,0.069,2.1835,0,283621152,355250144,0,0,116476604,1069,1061,1,1,0,0,0
1069,0.0849,2.4536,1.272,0.0033,1.2684,1.2575,0.0079,0.0019,0.5152,1.1578,0.0148,0.2249,0.1603,0.2373,0.0044,0.008,0.0396,0.6114,0.1669,0.199,3.74,1,283621152,355255776,1,0,116476604,1070,1062,1,1,0,0,0
1070,0.0466,1.523,0.6886,0.0024,0.6859,0.6731,0.0097,0.0016,0.3116,0.8106,0.0095,0.1964,0.0987,0.1846,0.0091,0.0145,0.0217,0.4314,0.1413,0.0981,2.3851,2,283621152,355246624,2,0,116476604,1071,1063,1,1,0,0,0
1071,0.0515,2.3696,1.431,0.0037,1.4271,1.4111,0.0114,0.0019,0.4364,0.9221,0.0166,0.2172,0.0883,0.1601,0.0027,0.0089,0.0172,0.3069,0.1031,0.1397,3.0842,3,283621152,355249440,0,0,116476604,1072,1064,1,1,0,0,0
1072,0.1112,1.9441,1.1978,0.0045,1.1927,1.1859,0.0045,0.0018,0.3387,0.73,0.0106,0.1593,0.0921,0.1266,0.0021,0.0045,0.0214,0.3656,0.1195,0.1306,2.8257,4,283621152,355242400,1,0,116476604,1073,1065,1,1,0,0,0
1073,0.0385,1.1137,0.646,0.0028,0.643,0.6352,0.0059,0.0009,0.2054,0.4548,0.0072,0.092,0.0457,0.1022,0.002,0.0069,0.0142,0.2004,0.0707,0.0628,1.5818,5,283621152,283608480,2,0,116476604,1074,1066,1,1,0,0,0
1074,0.0405,1.4707,0.6847,0.0021,0.6824,0.671,0.0092,0.001,0.3239,0.7662,0.0102,0.215,0.0956,0.1155,0.005,0.0128,0.0188,0.3522,0.1157,0.083,2.1925,0,283621152,355250144,0,0,116476604,1075,1067,1,1,0,0,0
1075,0.0467,55.956,55.2399,0.0022,55.2374,55.2178,0.0168,0.0013,0.2841,0.6976,0.0111,0.1324,0.074,0.1911,0.0042,0.0121,0.0156,0.2704,0.0859,0.0691,56.5393,1,283621152,355255776,1,0,116476604,1076,1068,1,1,0,0,0
1076,0.0404,22.0665,21.0931,0.0023,21.0906,21.0761,0.0118,0.0011,0.409,0.9512,0.0139,0.1605,0.1179,0.2422,0.0068,0.0152,0.0207,0.3655,0.1138,0.1531,22.8727,2,283621152,355246624,2,0,116476604,1077,1069,1,1,0,0,0
1077,0.037,22.2983,21.3777,0.0023,21.3752,21.3599,0.0125,0.0012,0.3414,0.9002,0.0115,0.1819,0.1441,0.211,0.0094,0.0134,0.0187,0.3434,0.104,0.0779,23.0142,3,283621152,355249440,0,0,116476604,1078,1070,1,1,0,0,0
1078,0.037,23.6627,22.5783,0.0022,22.5759,22.5483,0.0234,0.0016,0.5094,1.0482,0.0175,0.1778,0.1034,0.2326,0.0066,0.023,0.0352,0.5001,0.1489,0.1397,24.7299,4,283621152,355242400,1,0,116476604,1079,1071,1,1,0,0,0
1079,0.0458,1.339,0.6982,0.0027,0.6952,0.6791,0.0131,0.0017,0.2396,0.6194,0.0087,0.0958,0.0592,0.2088,0.0068,0.0134,0.0193,0.2971,0.0885,0.1434,2.0193,5,283621152,283608480,2,0,116476604,1080,1072,1,1,0,0,0
1080,0.0447,4.8461,3.6412,0.0027,3.6383,3.6198,0.0153,0.0021,0.553,1.1673,0.0208,0.2305,0.1251,0.2302,0.0069,0.0217,0.0424,0.4042,0.1375,0.1044,5.7165,0,283621152,355250144,0,0,116476604,1081,1073,1,1,0,0,0
1081,0.0954,2.0383,1.4336,0.0037,1.4293,1.4205,0.0069,0.0008,0.2116,0.5816,0.011,0.1243,0.0839,0.1428,0.007,0.0142,0.0214,0.3946,0.2522,0.1265,3.0454,1,283621152,355255776,1,0,116476604,1082,1074,1,1,0,0,0
1082,0.0436,1.562,0.6621,0.0021,0.6594,0.6477,0.0092,0.0013,0.3144,0.872,0.0114,0.1599,0.1331,0.2433,0.009,0.0172,0.026,0.48,0.114,0.1429,2.4713,2,283621152,355246624,2,0,116476604,1083,1075,1,1,0,0,0
1083,0.0555,2.0191,0.9391,0.0032,0.9357,0.9199,0.0118,0.0018,0.4421,1.046,0.0189,0.1914,0.1063,0.2822,0.0046,0.0184,0.0381,0.4417,0.1944,0.1608,3.0297,3,283621152,355249440,0,0,116476604,1084,1076,1,1,0,0,0
1084,0.0467,1.6252,0.7442,0.0039,0.7401,0.7276,0.0099,0.0012,0.3185,0.8656,0.0103,0.1591,0.1379,0.2343,0.0045,0.0084,0.015,0.3661,0.1196,0.1176,2.4251,4,283621152,355242400,1,0,116476604,1085,1077,1,1,0,0,0
1085,0.0389,1.2812,0.6225,0.0019,0.6204,0.6079,0.0099,0.0012,0.2869,0.6395,0.0103,0.1155,0.0691,0.1533,0.0037,0.0126,0.0169,0.2998,0.1308,0.0735,1.9165,5,283621152,283608480,2,0,116476604,1086,1078,1,1,0,0,0
1086,0.0457,3.8762,2.7998,0.0029,2.7967,2.78,0.0117,0.0026,0.4883,1.0399,0.0225,0.2034,0.1022,0.2175,0.0053,0.0206,0.0374,0.4739,0.1097,0.0831,4.7044,0,283621152,355250144,0,0,116476604,1087,1079,1,1,0,0,0
1087,0.0703,1.642,0.7019,0.0024,0.6993,0.6876,0.0093,0.001,0.3317,0.9208,0.0096,0.2152,0.1343,0.2254,0.0037,0.0107,0.0179,0.2969,0.0864,0.1155,2.2865,1,283621152,355255776,1,0,116476604,1088,1080,1,1,0,0,0
1088,0.0526,2.3839,1.1989,0.0035,1.1952,1.1733,0.0187,0.0013,0.5072,1.1334,0.0196,0.1837,0.1486,0.2639,0.0094,0.0319,0.0466,0.491,0.1601,0.2069,3.4978,2,283621152,355246624,2,0,116476604,1089,1081,1,1,0,0,0
1089,0.0486,1.585,0.7208,0.0025,0.7181,0.7067,0.009,0.001,0.3264,0.842,0.0098,0.2182,0.0853,0.1923,0.0092,0.0144,0.0199,0.327,0.0714,0.0518,2.1416,3,283621152,355249440,0,0,116476604,1090,1082,1,1,0,0,0
1090,0.0431,60.7551,59.9241,0.0029,59.921,59.9067,0.0116,0.0012,0.3236,0.8123,0.0092,0.173,0.1083,0.193,0.0044,0.0128,0.016,0.2487,0.0816,0.0555,61.2392,4,283621152,355242400,1,0,116476604,1091,1083,1,1,0,0,0
1091,0.0398,23.3125,22.45,0.0026,22.4472,22.4333,0.0113,0.0011,0.3035,0.8421,0.0104,0.1662,0.125,0.2303,0.006,0.0116,0.018,0.3709,0.1028,0.0657,23.9569,5,283621152,283608480,2,0,116476604,1092,1084,1,1,0,0,0
1092,0.0447,12.5011,11.9304,0.0023,11.9279,11.9134,0.0114,0.0011,0.256,0.5516,0.01,0.1198,0.0585,0.1044,0.0025,0.0108,0.0172,0.3362,0.095,0.0584,13.0969,0,283621152,355250144,0,0,116476604,1093,1085,1,1,0,0,0
1093,0.0392,22.1547,21.0277,0.0024,21.0251,21.0034,0.0182,0.0015,0.4539,1.0939,0.0162,0.262,0.1231,0.2282,0.0093,0.0201,0.0306,0.6218,0.1557,0.0795,23.1504,1,283621152,355255776,1,0,116476604,1094,1086,1,1,0,0,0
1094,0.0445,1.5095,0.7059,0.0024,0.7032,0.6916,0.0087,0.0013,0.3275,0.7823,0.0097,0.156,0.1193,0.1606,0.0083,0.0132,0.0195,0.3631,0.1283,0.0748,2.2012,2,283621152,355246624,2,0,116476604,1095,1087,1,1,0,0,0
1095,0.1098,4.1688,3.1601,0.0044,3.1554,3.141,0.0118,0.0012,0.3931,0.9765,0.0195,0.2007,0.1287,0.222,0.0118,0.0186,0.0322,0.5039,0.1634,0.0979,5.1632,3,283621152,355249440,0,0,116476604,1096,1088,1,1,0,0,0
1096,0.0405,1.1312,0.6437,0.002,0.6415,0.6318,0.0075,0.001,0.1915,0.4733,0.0077,0.0892,0.0675,0.114,0.003,0.0084,0.0166,0.2872,0.08,0.0432,1.6437,4,283621152,355242400,1,0,116476604,1097,1089,1,1,0,0,0
1097,0.0668,7.0142,5.8162,0.0032,5.8127,5.7981,0.0114,0.0022,0.5149,1.1544,0.0198,0.2256,0.1204,0.2659,0.0068,0.026,0.0462,0.4124,0.123,0.0872,7.836,5,283621152,283608480,2,0,116476604,1098,1090,1,1,0,0,0
1098,0.0422,1.5939,0.7234,0.0023,0.7209,0.7085,0.0094,0.0016,0.2897,0.8519,0.0092,0.1857,0.13,0.231,0.0053,0.0112,0.0193,0.3994,0.1272,0.0721,2.3283,0,283621152,355250144,0,0,116476604,1099,1091,1,1,0,0,0
1099,0.0829,2.9058,1.8315,0.0032,1.8281,1.7995,0.0241,0.0018,0.5571,1.0386,0.0205,0.1898,0.1024,0.156,0.012,0.0215,0.0376,0.3398,0.1061,0.0785,3.6129,1,283621152,355255776,1,0,116476604,1100,1092,1,1,0,0,0
1100,0.0445,2.5558,1.4101,0.0029,1.407,1.3862,0.011,0.0054,0.5662,1.1235,0.0275,0.1746,0.1523,0.1979,0.0043,0.013,0.0192,0.2985,0.0901,0.0609,3.1183,2,283621152,355246624,2,0,116476604,1101,1093,1,1,0,0,0
1101,0.0401,1.4055,0.6616,0.0026,0.6588,0.6469,0.0096,0.0012,0.2217,0.7251,0.007,0.1548,0.1563,0.1802,0.0042,0.0115,0.0175,0.3669,0.1131,0.0724,2.0801,3,283621152,355249440,0,0,116476604,1102,1094,1,1,0,0,0
1102,0.0505,19.926,18.5472,0.0021,18.5449,18.5268,0.0147,0.0016,0.4666,1.3506,0.0134,0.3146,0.1935,0.3521,0.009,0.016,0.0262,0.6178,0.1668,0.0948,20.9525,4,283621152,355242400,1,0,116476604,1103,1095,1,1,0,0,0
1103,0.0418,41.4049,40.5751,0.0025,40.5724,40.5507,0.0191,0.0011,0.3506,0.8102,0.0098,0.1488,0.107,0.1869,0.006,0.0115,0.0187,0.3704,0.0884,0.0585,42.0273,5,283621152,283608480,2,0,116476604,1104,1096,1,1,0,0,0
1104,0.0404,12.7611,12.0827,0.0025,12.0799,12.059,0.0184,0.0011,0.2891,0.6536,0.0094,0.0981,0.0952,0.156,0.0047,0.014,0.0248,0.3672,0.085,0.0542,13.4014,0,283621152,355250144,0,0,116476604,1105,1097,1,1,0,0,0
1105,0.0408,23.7108,22.8093,0.0022,22.8069,22.7863,0.0181,0.0011,0.2811,0.8792,0.0093,0.1634,0.1423,0.2753,0.007,0.015,0.0211,0.3818,0.1117,0.1381,24.4693,1,283621152,355255776,1,0,116476604,1106,1098,1,1,0,0,0
1106,0.037,12.5858,11.5625,0.002,11.5603,11.5356,0.0208,0.0014,0.4944,0.9835,0.0211,0.1847,0.1035,0.1716,0.0076,0.0256,0.0413,0.5303,0.177,0.0863,13.5394,2,283621152,355246624,2,0,116476604,1107,1099,1,1,0,0,0
1107,0.0454,1.3801,0.6186,0.0023,0.6161,0.6084,0.0055,0.0014,0.4063,0.7327,0.0147,0.1629,0.0502,0.0934,0.0046,0.0183,0.0232,0.3476,0.076,0.0619,1.991,3,283621152,355249440,0,0,116476604,1108,1100,1,1,0,0,0
1108,0.0894,4.3371,3.0948,0.0093,3.0851,3.0654,0.0161,0.0017,0.4297,1.2105,0.0153,0.2604,0.1701,0.3234,0.0105,0.0208,0.0292,0.5789,0.1699,0.1093,5.4163,4,283621152,355242400,1,0,116476604,1109,1101,1,1,0,0,0
1109,0.0971,1.8374,1.1039,0.0037,1.0995,1.0874,0.0091,0.0018,0.3389,0.7207,0.0121,0.1688,0.0818,0.1151,0.0035,0.0038,0.0205,0.494,0.4486,0.5189,3.7694,5,283621152,283608480,2,0,116476604,1110,1102,1,1,0,0,0
1110,0.0636,1.9341,0.9695,0.0037,0.9656,0.9524,0.0092,0.0022,0.3313,0.934,0.0133,0.1705,0.1529,0.2577,0.0071,0.0185,0.0282,0.4899,0.1456,0.1376,2.9568,0,283621152,355250144,0,0,116476604,1111,1103,1,1,0,0,0
1111,0.0414,1.5657,0.6993,0.0024,0.6967,0.684,0.0099,0.0013,0.2857,0.8441,0.0095,0.1663,0.1402,0.2345,0.007,0.0151,0.0207,0.3923,0.1132,0.0754,2.2808,1,283621152,355255776,1,0,116476604,1112,1104,1,1,0,0,0
1112,0.0636,2.2879,1.2221,0.0031,1.2186,1.2004,0.0138,0.002,0.4032,1.0371,0.0163,0.2247,0.1202,0.2658,0.0061,0.0159,0.0239,0.4571,0.11,0.0826,3.0997,2,283621152,355246624,2,0,116476604,1113,1105,1,1,0,0,0
1113,0.0465,1.5044,0.7832,0.0038,0.7791,0.7678,0.009,0.001,0.2698,0.7032,0.0116,0.1535,0.1152,0.1494,0.0029,0.0103,0.0176,0.3391,0.0925,0.0721,2.1331,3,283621152,355249440,0,0,116476604,1114,1106,1,1,0,0,0
1114,0.0566,1.503,0.7513,0.0045,0.7465,0.7363,0.007,0.0017,0.3567,0.7402,0.0261,0.1601,0.0797,0.115,0.0021,0.0053,0.015,0.2429,0.079,0.0643,2.0136,4,283621152,355242400,1,0,116476604,1115,1107,1,1,0,0,0
1115,0.0405,1.3187,0.663,0.0021,0.6607,0.6522,0.0062,0.0012,0.2409,0.632,0.0079,0.1023,0.0691,0.2051,0.0063,0.0162,0.0187,0.2786,0.0739,0.0646,1.8513,5,283621152,283608480,2,0,116476604,1116,1108,1,1,0,0,0
1116,0.04,23.4603,22.359,0.002,22.3568,22.3373,0.0155,0.0019,0.4955,1.0697,0.0437,0.2095,0.0857,0.2272,0.0071,0.017,0.0374,0.5808,0.1019,0.0825,24.3796,0,283621152,355250144,0,0,116476604,1117,1109,1,1,0,0,0
1117,0.0426,1.418,0.653,0.0026,0.6501,0.6395,0.0072,0.0017,0.3899,0.7509,0.0103,0.1439,0.0852,0.1185,0.0019,0.0083,0.014,0.2231,0.0728,0.0617,1.9195,1,283621152,355255776,1,0,116476604,1118,1110,1,1,0,0,0
1118,0.0435,44.5515,43.6519,0.0022,43.6495,43.6384,0.0087,0.0012,0.3312,0.8793,0.0116,0.1869,0.1343,0.2079,0.0063,0.0126,0.0192,0.3527,0.1492,0.1313,45.3896,2,283621152,355246624,2,0,116476604,1119,1111,1,1,0,0,0
1119,0.0398,23.1487,22.1283,0.0024,22.1257,22.1027,0.0199,0.0016,0.3406,1.0006,0.0118,0.2433,0.1574,0.2406,0.006,0.0116,0.0194,0.47,0.1445,0.1731,24.1275,3,283621152,355249440,0,0,116476604,1120,1112,1,1,0,0,0
1120,0.0356,21.3421,20.4004,0.0021,20.3982,20.3819,0.0132,0.0013,0.3901,0.9233,0.01,0.1784,0.1299,0.2089,0.0052,0.0118,0.0171,0.3322,0.1007,0.0676,21.9888,4,283621152,355242400,1,0,116476604,1121,1113,1,1,0,0,0
1121,0.0383,23.9297,22.7039,0.0021,22.7016,22.6854,0.0123,0.0014,0.4388,1.1933,0.0184,0.3513,0.1336,0.2431,0.0072,0.0164,0.031,0.5115,0.141,0.0891,24.8385,5,283621152,283608480,2,0,116476604,1122,1114,1,1,0,0,0
1122,0.0432,1.4543,0.6941,0.0023,0.6915,0.6802,0.009,0.0011,0.2487,0.7395,0.0083,0.1395,0.0924,0.2432,0.0065,0.0124,0.0203,0.2854,0.0866,0.0622,2.0283,0,283621152,355250144,0,0,116476604,1123,1115,1,1,0,0,0
1123,0.0433,5.2039,4.073,0.0029,4.0698,4.05,0.0141,0.0021,0.4615,1.0889,0.024,0.2343,0.1226,0.2395,0.0063,0.027,0.0247,0.3875,0.1336,0.0934,5.9979,1,283621152,355255776,1,0,116476604,1124,1116,1,1,0,0,0
1124,0.0456,1.4536,0.7231,0.0022,0.7206,0.7088,0.0094,0.0011,0.2414,0.7073,0.0085,0.1048,0.141,0.2034,0.0072,0.0137,0.0206,0.2815,0.0722,0.0586,1.9835,2,283621152,355246624,2,0,116476604,1125,1117,1,1,0,0,0
1125,0.0984,2.427,1.6157,0.0039,1.6114,1.602,0.0066,0.0013,0.3217,0.7848,0.0301,0.1632,0.0954,0.163,0.0106,0.0134,0.0262,0.3735,0.1027,0.0951,3.2139,3,283621152,355249440,0,0,116476604,1126,1118,1,1,0,0,0
1126,0.0783,2.3044,1.0782,0.0077,1.0697,1.0499,0.016,0.0016,0.4761,1.204,0.0352,0.2846,0.156,0.2458,0.005,0.0114,0.0248,0.549,0.141,0.0979,3.2749,4,283621152,355242400,1,0,116476604,1127,1119,1,1,0,0,0
1127,0.0484,1.2336,0.7241,0.0025,0.7212,0.7141,0.0051,0.0008,0.2036,0.495,0.0086,0.0975,0.0688,0.1143,0.0018,0.0078,0.0138,0.2378,0.0729,0.055,1.7187,5,283621152,283608480,2,0,116476604,1128,1120,1,1,0,0,0
1128,0.0635,8.4777,7.6205,0.0029,7.6174,7.6073,0.0078,0.0014,0.3081,0.8362,0.01,0.1939,0.1088,0.2115,0.0032,0.0111,0.0205,0.3556,0.1303,0.0733,9.2052,0,283621152,355250144,0,0,116476604,1129,1121,1,1,0,0,0
1129,0.0386,49.2225,48.4374,0.0025,48.4347,48.4136,0.0184,0.0011,0.3328,0.7657,0.0104,0.1307,0.1307,0.157,0.0032,0.0121,0.0178,0.3311,0.0941,0.0597,49.8153,1,283621152,355255776,1,0,116476604,1130,1122,1,1,0,0,0
1130,0.055,23.4863,22.6595,0.0021,22.6572,22.643,0.0114,0.0012,0.3007,0.8099,0.0254,0.1715,0.1136,0.1929,0.0052,0.0106,0.0188,0.3286,0.0963,0.0678,24.129,2,283621152,355246624,2,0,116476604,1131,1123,1,1,0,0,0
