frame,ready,disjoint,freq,begin_ts,blt_ts,range_ts,charts_ts,gauge_ts,map_ts,hud_ts,end_ts,read_latency,span_ms,vp_ms,range_ms,charts_ms,gauge_ms,map_ms,hud_ms
0,1,0,1e+08,4751314566038,4751315846504,4751316493887,4751316784799,4751316801871,4751317637970,4751317862104,4751317862156,16,32.9612,12.8047,6.47383,2.90912,0.17072,8.36099,2.24134
1,1,0,1e+08,4751322570230,4751323176327,4751323924874,4751324025422,4751324059702,4751324924173,4751325176696,4751325176760,16,26.0653,6.06097,7.48547,1.00548,0.3428,8.64471,2.52523
2,1,0,1e+08,4751326421923,4751326730627,4751327488645,4751329954210,4751329981706,4751330620847,4751330976812,4751330976864,16,45.5494,3.08704,7.58018,24.6557,0.27496,6.39141,3.55965
3,1,0,1e+08,4751331020504,4751331390770,4751331897022,4751331964466,4751332003778,4751332239398,4751332422030,4751332422074,16,14.0157,3.70266,5.06252,0.67444,0.39312,2.3562,1.82632
4,1,0,1e+08,4751332935984,4751338427986,4751339085163,4751339185867,4751339213995,4751339512531,4751339714639,4751339714671,16,67.7869,54.92,6.57177,1.00704,0.28128,2.98536,2.02108
5,1,0,1e+08,4751339770531,4751340088003,4751340512291,4751340642271,4751340667759,4751340884115,4751341098847,4751341098875,16,13.2834,3.17472,4.24288,1.2998,0.25488,2.16356,2.14732
6,1,0,1e+08,4751341146791,4751341417447,4751341886479,4751341966531,4751341990959,4751342613629,4751342897584,4751342897636,16,17.5084,2.70656,4.69032,0.80052,0.24428,6.2267,2.83955
7,1,0,1e+08,4751342935689,4751344205990,4751345537202,4751345741250,4751345805534,4751346529333,4751346781461,4751346781505,16,38.4582,12.703,13.3121,2.04048,0.64284,7.23799,2.52128
8,1,0,1e+08,4751346834693,4751347988369,4751348694581,4751348802625,4751348863869,4751349215665,4751349445233,4751349445285,16,26.1059,11.5368,7.06212,1.08044,0.61244,3.51796,2.29568
9,1,0,1e+08,4751349495005,4751349861025,4751350478035,4751350562999,4751350587583,4751350887119,4751351442137,4751351442241,16,19.4724,3.6602,6.1701,0.84964,0.24584,2.99536,5.55018
10,1,0,1e+08,4751351598988,4751352500344,4751352959512,4751353050968,4751353075836,4751353990017,4751354260418,4751354260482,16,26.6149,9.01356,4.59168,0.91456,0.24868,9.14181,2.70401
11,1,0,1e+08,4751354293870,4751355451213,4751357361404,4751357604689,4751357640557,4751358220936,4751358478533,4751358478601,16,41.8473,11.5734,19.1019,2.43285,0.35868,5.80379,2.57597
12,1,0,1e+08,4751358531357,4751358842213,4751359543582,4751359622574,4751359654114,4751359951346,4751360139378,4751360139402,16,16.0804,3.10856,7.01369,0.78992,0.3154,2.97232,1.88032
13,1,0,1e+08,4751360193218,4751360497078,4751360928002,4751361032226,4751361076266,4751361709306,4751362070688,4751362070752,16,18.7753,3.0386,4.30924,1.04224,0.4404,6.3304,3.61382
14,1,0,1e+08,4751362102724,4751362468565,4751362981401,4751363055941,4751363083489,4751363296773,4751363465493,4751363465517,16,13.6279,3.65841,5.12836,0.7454,0.27548,2.13284,1.6872
15,1,0,1e+08,4751363964715,4751364718007,4751365501145,4751365585221,4751365619741,4751365886909,4751366090773,4751366090873,16,21.2616,7.53292,7.83138,0.84076,0.3452,2.67168,2.03864
16,1,0,1e+08,4751366790846,4751367083918,4751367700002,4751367811034,4751367841158,4751368203403,4751368428303,4751368428339,16,16.3749,2.93072,6.16084,1.11032,0.30124,3.62245,2.249
17,1,0,1e+08,4751368963505,4751369916444,4751370580574,4751370672406,4751370698142,4751370959174,4751371184158,4751371184190,16,22.2068,9.52939,6.6413,0.91832,0.25736,2.61032,2.24984
18,1,0,1e+08,4751372129304,4751373057940,4751373744941,4751373839577,4751373875533,4751374147729,4751374394249,4751374394281,16,22.6498,9.28636,6.87001,0.94636,0.35956,2.72196,2.4652
19,1,0,1e+08,4751376911696,4751377365981,4751378427264,4751378707508,4751378736172,4751379001260,4751379213356,4751379213396,16,23.017,4.54285,10.6128,2.80244,0.28664,2.65088,2.12096
20,1,0,1e+08,4751381334733,4751381673893,4751382998488,4751383107004,4751383186408,4751383571304,4751383765324,4751383765356,16,24.3062,3.3916,13.2459,1.08516,0.79404,3.84896,1.9402
21,1,0,1e+08,4751384909343,4751385755329,4751386360041,4751386457993,4751386497017,4751386808541,4751387085933,4751387085993,16,21.7665,8.45986,6.04712,0.97952,0.39024,3.11524,2.77392
22,1,0,1e+08,4751388865084,4751389170584,4751390104545,4751390548705,4751390600305,4751391206525,4751391422026,4751391422066,16,25.5698,3.055,9.33961,4.4416,0.516,6.0622,2.15501
23,1,0,1e+08,4751392061147,4751392535155,4751393750222,4751393953430,4751393984594,4751394257434,4751394436954,4751394436990,16,23.7584,4.74008,12.1507,2.03208,0.31164,2.7284,1.7952
24,1,0,1e+08,4751395461599,4751396166725,4751396791130,4751396956098,4751396984690,4751397223106,4751397397838,4751397397870,16,19.3627,7.05126,6.24405,1.64968,0.28592,2.38416,1.74732
25,1,0,1e+08,4751399301368,4751399572429,4751400866081,4751401150858,4751401182846,4751401571690,4751401735594,4751401735634,16,24.3427,2.71061,12.9365,2.84777,0.31988,3.88844,1.63904
26,1,0,1e+08,4751402927544,4751403659933,4751404222001,4751404323705,4751404362425,4751404616825,4751404836423,4751404836495,16,19.0895,7.32389,5.62068,1.01704,0.3872,2.544,2.19598
27,1,0,1e+08,4751406746017,4751407038453,4751408504945,4751408702114,4751408773294,4751409349434,4751409516938,4751409516970,16,27.7095,2.92436,14.6649,1.97169,0.7118,5.7614,1.67504
28,1,0,1e+08,4751409977463,4751410387490,4751411182495,4751411284191,4751411309895,4751411800469,4751412008489,4751412008533,16,20.3107,4.10027,7.95005,1.01696,0.25704,4.90574,2.0802
29,1,0,1e+08,4751412046905,4751412369293,4751412857477,4751412952297,4751412976185,4751413879278,4751414114948,4751414115012,16,20.6811,3.22388,4.88184,0.9482,0.23888,9.03093,2.3567
30,1,0,1e+08,4751414350773,4751414704463,4751415138871,4751415270559,4751415288407,4751415482411,4751415662175,4751415662203,16,13.1143,3.5369,4.34408,1.31688,0.17848,1.94004,1.79764
31,1,0,1e+08,4751416142832,4751416465166,4751417025107,4751417128071,4751417145139,4751417399959,4751417576307,4751417576391,16,14.3356,3.22334,5.59941,1.02964,0.17068,2.5482,1.76348
32,1,0,1e+08,4751417822660,4751418176700,4751419426388,4751419511545,4751419573205,4751419899197,4751420071177,4751420071205,16,22.4855,3.5404,12.4969,0.85157,0.6166,3.25992,1.7198
33,1,0,1e+08,4751420634944,4751421613329,4751422278677,4751422372729,4751422406613,4751422769317,4751423018692,4751423018752,16,23.8381,9.78385,6.65348,0.94052,0.33884,3.62704,2.49375
34,1,0,1e+08,4751423090076,4751423390792,4751424051746,4751424204590,4751424228714,4751425085593,4751425335369,4751425335417,16,22.4534,3.00716,6.60954,1.52844,0.24124,8.56879,2.49776
35,1,0,1e+08,4751425422977,4751425742845,4751426215973,4751426376877,4751426668397,4751426879137,4751427068461,4751427068493,16,16.4552,3.19868,4.73128,1.60904,2.9152,2.1074,1.89324
36,1,0,1e+08,4751427366601,4751427641861,4751428097249,4751428336257,4751428364889,4751428672089,4751428861601,4751428861625,16,14.9502,2.7526,4.55388,2.39008,0.28632,3.072,1.89512
37,1,0,1e+08,4751429040413,4751429264269,4751429682889,4751429897093,4751429962397,4751430209373,4751430388845,4751430388877,16,13.4846,2.23856,4.1862,2.14204,0.65304,2.46976,1.79472
38,1,0,1e+08,4751430776916,4751431182824,4751432289985,4751432518377,4751432545833,4751432802101,4751433017053,4751433017081,16,22.4017,4.05908,11.0716,2.28392,0.27456,2.56268,2.14952
39,1,0,1e+08,4751433653689,4751434317564,4751435255074,4751435421974,4751435447158,4751435719166,4751435917902,4751435917930,16,22.6424,6.63875,9.3751,1.669,0.25184,2.72008,1.98736
40,1,0,1e+08,4751436435888,4751436685341,4751437938177,4751438021661,4751438093541,4751438383813,4751438538317,4751438538341,16,21.0245,2.49453,12.5284,0.83484,0.7188,2.90272,1.54504
41,1,0,1e+08,4751439129162,4751440171826,4751440792534,4751440900662,4751440920406,4751441167138,4751441344594,4751441344626,16,22.1546,10.4266,6.20708,1.08128,0.19744,2.46732,1.77456
42,1,0,1e+08,4751442662400,4751443077290,4751443624030,4751443704946,4751443757974,4751443991890,4751444184278,4751444184302,16,15.219,4.1489,5.4674,0.80916,0.53028,2.33916,1.92388
43,1,0,1e+08,4751445643392,4751446020420,4751446549376,4751446620520,4751446660716,4751446878360,4751447061756,4751447061800,16,14.1841,3.77028,5.28956,0.71144,0.40196,2.17644,1.83396
44,1,0,1e+08,4751448248616,4751448730609,4751449260137,4751449333693,4751449376601,4751449612965,4751449816905,4751449816937,16,15.6832,4.81993,5.29528,0.73556,0.42908,2.36364,2.0394
45,1,0,1e+08,4751450377588,4751450727448,4751452009421,4751452434713,4751452465073,4751452709741,4751452929789,4751452929821,16,25.5223,3.4986,12.8197,4.25292,0.3036,2.44668,2.20048
46,1,0,1e+08,4751453307741,4751453618598,4751454568033,4751454662825,4751454698165,4751455470821,4751455687797,4751455687829,16,23.8009,3.10857,9.49435,0.94792,0.3534,7.72656,2.16976
47,1,0,1e+08,4751455720397,4751455964597,4751456441465,4751456613237,4751456669257,4751456912501,4751457080369,4751457080501,16,13.601,2.442,4.76868,1.71772,0.5602,2.43244,1.67868
48,1,0,1e+08,4751457109237,4751457345949,4751457770829,4751457879617,4751457901525,4751458592597,4751458861549,4751458861601,16,17.5236,2.36712,4.2488,1.08788,0.21908,6.91072,2.68952
49,1,0,1e+08,4751459046473,4751459972133,4751460518618,4751460637450,4751460739994,4751461072382,4751461277298,4751461277346,16,22.3087,9.2566,5.46485,1.18832,1.02544,3.32388,2.04916
50,1,0,1e+08,4751461309674,4751461657370,4751462169358,4751462250318,4751462273338,4751462507586,4751462684142,4751462684166,16,13.7449,3.47696,5.11988,0.8096,0.2302,2.34248,1.76556
51,1,0,1e+08,4751462738882,4751462978398,4751463442686,4751463520446,4751463561278,4751463799502,4751463965810,4751463965838,16,12.2696,2.39516,4.64288,0.7776,0.40832,2.38224,1.66308
52,1,0,1e+08,4751464397051,4751465405549,4751465874325,4751465949949,4751465972341,4751466205821,4751466363541,4751466363565,16,19.6651,10.085,4.68776,0.75624,0.22392,2.3348,1.5772
53,1,0,1e+08,4751466400057,4751466630457,4751467010433,4751467075141,4751467094785,4751467305177,4751467452129,4751467452161,16,10.521,2.304,3.79976,0.64708,0.19644,2.10392,1.46952
54,1,0,1e+08,4751468043286,4751468520940,4751468987968,4751469061548,4751469082724,4751469329924,4751469520496,4751469520528,16,14.7724,4.77654,4.67028,0.7358,0.21176,2.472,1.90572
55,1,0,1e+08,4751469713000,4751470342278,4751471184767,4751471258475,4751471282999,4751471590135,4751471764611,4751471764643,16,20.5164,6.29278,8.42489,0.73708,0.24524,3.07136,1.74476
56,1,0,1e+08,4751472283690,4751473477535,4751474030943,4751474104751,4751474449783,4751475320629,4751475545352,4751475545400,16,32.6171,11.9384,5.53408,0.73808,3.45032,8.70846,2.24723
57,1,0,1e+08,4751475577696,4751475915669,4751476400945,4751476650757,4751476676125,4751476914769,4751477103909,4751477103941,16,15.2625,3.37973,4.85276,2.49812,0.25368,2.38644,1.8914
58,1,0,1e+08,4751477635179,4751477902552,4751478526843,4751478803215,4751478823423,4751479549013,4751479839593,4751479839645,16,22.0447,2.67373,6.24291,2.76372,0.20208,7.2559,2.9058
59,1,0,1e+08,4751480449432,4751480744964,4751481135020,4751481214008,4751481242884,4751482186676,4751482428517,4751482428577,16,19.7914,2.95532,3.90056,0.78988,0.28876,9.43792,2.41841
60,1,0,1e+08,4751483372645,4751483680600,4751485539510,4751485979891,4751486037150,4751486787301,4751487053773,4751487053809,16,36.8116,3.07955,18.5891,4.40381,0.57259,7.50151,2.66472
61,1,0,1e+08,4751487104141,4751487445185,4751487880553,4751487958949,4751488006841,4751488928962,4751489154736,4751489154800,16,20.5066,3.41044,4.35368,0.78396,0.47892,9.22121,2.25774
62,1,0,1e+08,4751489187016,4751489510789,4751490006341,4751490144989,4751490164281,4751490402427,4751491041569,4751491041714,16,18.547,3.23773,4.95552,1.38648,0.19292,2.38146,6.39142
63,1,0,1e+08,4751492230553,4751492533009,4751493799948,4751493956448,4751493977780,4751494311292,4751494531140,4751494531236,16,23.0068,3.02456,12.6694,1.565,0.21332,3.33512,2.19848
64,1,0,1e+08,4751495162516,4751495788691,4751496670466,4751496817702,4751496839630,4751497100874,4751497288390,4751497288418,16,21.259,6.26175,8.81775,1.47236,0.21928,2.61244,1.87516
65,1,0,1e+08,4751497767827,4751498584546,4751499335929,4751499418097,4751499463713,4751499759469,4751499941801,4751499941829,16,21.74,8.16719,7.51383,0.82168,0.45616,2.95756,1.82332
66,1,0,1e+08,4751500463215,4751500858932,4751501985938,4751502223814,4751502250666,4751502512246,4751502682154,4751502682182,16,22.1897,3.95717,11.2701,2.37876,0.26852,2.6158,1.69908
67,1,0,1e+08,4751503189460,4751503654014,4751504639756,4751504834540,4751504852396,4751505103612,4751505252616,4751505252648,16,20.6319,4.64554,9.85742,1.94784,0.17856,2.51216,1.49004
68,1,0,1e+08,4751506077508,4751507042807,4751507710218,4751507799130,4751507822238,4751508131710,4751508306026,4751508306050,16,22.2854,9.65299,6.67411,0.88912,0.23108,3.09472,1.74316
69,1,0,1e+08,4751508825727,4751509531756,4751510435206,4751510645614,4751510664522,4751510915610,4751511091022,4751511091054,16,22.6533,7.06029,9.0345,2.10408,0.18908,2.51088,1.75412
70,1,0,1e+08,4751511557330,4751511796242,4751512105122,4751512167694,4751512206822,4751512380414,4751512530282,4751512530306,16,9.72976,2.38912,3.0888,0.62572,0.39128,1.73592,1.49868
71,1,0,1e+08,4751513265310,4751514116516,4751514845267,4751515253067,4751515280851,4751515488759,4751515648359,4751515648387,16,23.8308,8.51206,7.28751,4.078,0.27784,2.07908,1.596
72,1,0,1e+08,4751515911543,4751516190427,4751516533839,4751516806923,4751516833291,4751516990115,4751517125867,4751517125887,16,12.1434,2.78884,3.43412,2.73084,0.26368,1.56824,1.35752
73,1,0,1e+08,4751517676610,4751518816893,4751519466277,4751519537209,4751519565857,4751519934577,4751520132685,4751520132713,16,24.561,11.4028,6.49384,0.70932,0.28648,3.6872,1.98108
74,1,0,1e+08,4751520513357,4751520749605,4751521061969,4751521132329,4751521156281,4751521357301,4751521501929,4751521501949,16,9.88592,2.36248,3.12364,0.7036,0.23952,2.0102,1.44628
75,1,0,1e+08,4751522370800,4751522668292,4751522991984,4751523132900,4751523150532,4751523308276,4751523443220,4751523443244,16,10.7244,2.97492,3.23692,1.40916,0.17632,1.57744,1.34944
76,1,0,1e+08,4751524129333,4751524367523,4751524698351,4751524827635,4751524843935,4751525004611,4751525146939,4751525146959,16,10.1763,2.3819,3.30828,1.29284,0.163,1.60676,1.42328
77,1,0,1e+08,4751525839249,4751526845450,4751527408787,4751527615149,4751527675052,4751528309813,4751528496741,4751528496785,16,26.5754,10.062,5.63337,2.06362,0.59903,6.34761,1.86928
78,1,0,1e+08,4751528527493,4751528791185,4751529194529,4751529267633,4751529287901,4751529479713,4751529694077,4751529694093,16,11.666,2.63692,4.03344,0.73104,0.20268,1.91812,2.14364
79,1,0,1e+08,4751530141859,4751530405876,4751531618389,4751531788177,4751531807725,4751532105257,4751532281289,4751532281401,16,21.3954,2.64017,12.1251,1.69788,0.19548,2.97532,1.76032
80,1,0,1e+08,4751532822161,4751534323834,4751534885328,4751534998620,4751535278962,4751535572691,4751535774039,4751535774063,16,29.519,15.0167,5.61494,1.13292,2.80342,2.93729,2.01348
81,1,0,1e+08,4751535826887,4751536060567,4751537311409,4751537443630,4751537470154,4751537819002,4751538007902,4751538007934,16,21.8105,2.3368,12.5084,1.32221,0.26524,3.48848,1.889
82,1,0,1e+08,4751538786220,4751539444410,4751540285486,4751540399174,4751540422194,4751540678422,4751540837318,4751540837346,16,20.5113,6.5819,8.41076,1.13688,0.2302,2.56228,1.58896
83,1,0,1e+08,4751541361010,4751542086388,4751542903342,4751542995670,4751543065630,4751543334266,4751543530070,4751543530098,16,21.6909,7.25378,8.16954,0.92328,0.6996,2.68636,1.95804
84,1,0,1e+08,4751544097394,4751544563920,4751545615596,4751545719356,4751545754500,4751546029024,4751546202292,4751546202316,16,21.0492,4.66526,10.5168,1.0376,0.35144,2.74524,1.73268
85,1,0,1e+08,4751546767588,4751547025265,4751548211688,4751548288301,4751548344449,4751548671585,4751548846761,4751548846797,16,20.7921,2.57677,11.8642,0.76613,0.56148,3.27136,1.75176
86,1,0,1e+08,4751549596439,4751550722593,4751551326370,4751551402290,4751551565530,4751551824906,4751551991130,4751551991150,16,23.9471,11.2615,6.03777,0.7592,1.6324,2.59376,1.66224
87,1,0,1e+08,4751552358434,4751552894865,4751553922689,4751554201009,4751554251817,4751554576389,4751554752741,4751554752769,16,23.9433,5.36431,10.2782,2.7832,0.50808,3.24572,1.76352
88,1,0,1e+08,4751555111928,4751555739390,4751556660257,4751556760957,4751556799881,4751557063217,4751557215101,4751557215129,16,21.032,6.27462,9.20867,1.007,0.38924,2.63336,1.51884
89,1,0,1e+08,4751557829376,4751558062652,4751558368312,4751558438640,4751558457640,4751558614236,4751558753304,4751558753328,16,9.23952,2.33276,3.0566,0.70328,0.19,1.56596,1.39068
90,1,0,1e+08,4751559518170,4751560560625,4751560932325,4751561022893,4751561046753,4751561210941,4751561351889,4751561351909,16,18.3374,10.4245,3.717,0.90568,0.2386,1.64188,1.40948
91,1,0,1e+08,4751561382077,4751561580789,4751561888893,4751561948849,4751561964925,4751562120565,4751562254881,4751562254905,16,8.72828,1.98712,3.08104,0.59956,0.16076,1.5564,1.34316
92,1,0,1e+08,4751563173501,4751563673684,4751564005548,4751564080360,4751564100940,4751564260220,4751564406552,4751564406572,16,12.3307,5.00183,3.31864,0.74812,0.2058,1.5928,1.46332
93,1,0,1e+08,4751564885232,4751575009833,4751575306045,4751575358869,4751575411081,4751575595013,4751575711957,4751575711981,16,108.267,101.246,2.96212,0.52824,0.52212,1.83932,1.16944
94,1,0,1e+08,4751575736977,4751577496057,4751577786633,4751577842161,4751577862065,4751578015049,4751578128285,4751578128305,16,23.9133,17.5908,2.90576,0.55528,0.19904,1.52984,1.13236
95,1,0,1e+08,4751578153393,4751579929556,4751580241168,4751580314752,4751580334816,4751580493612,4751580631272,4751580631340,16,24.7795,17.7616,3.11612,0.73584,0.20064,1.58796,1.3766
96,1,0,1e+08,4751580657420,4751583402429,4751583692309,4751583744997,4751583791825,4751583976885,4751584094197,4751584094213,16,34.3679,27.4501,2.8988,0.52688,0.46828,1.8506,1.17312
97,1,0,1e+08,4751584119761,4751584343921,4751584668281,4751584730281,4751584788665,4751584946009,4751585088877,4751585088901,16,9.6914,2.2416,3.2436,0.62,0.58384,1.57344,1.42868
98,1,0,1e+08,4751585123053,4751586817647,4751587169911,4751587257955,4751587282423,4751587438599,4751587571771,4751587571791,16,24.4874,16.9459,3.52264,0.88044,0.24468,1.56176,1.33172
99,1,0,1e+08,4751587600443,4751587837527,4751588164031,4751588225703,4751588246859,4751588404587,4751588538871,4751588538895,16,9.38452,2.37084,3.26504,0.61672,0.21156,1.57728,1.34284
100,1,0,1e+08,4751588573743,4751589973713,4751590304161,4751590381893,4751590403649,4751590560441,4751590706189,4751590706209,16,21.3247,13.9997,3.30448,0.77732,0.21756,1.56792,1.45748
101,1,0,1e+08,4751590739369,4751590961733,4751591304045,4751591373313,4751591401969,4751591558041,4751591694741,4751591694765,16,9.55396,2.22364,3.42312,0.69268,0.28656,1.56072,1.367
102,1,0,1e+08,4751591725325,4751593162732,4751593483208,4751593557936,4751593578272,4751593736100,4751593866512,4751593866532,16,21.4121,14.3741,3.20476,0.74728,0.20336,1.57828,1.30412
103,1,0,1e+08,4751593896008,4751594099188,4751594417604,4751594505104,4751594535992,4751594700004,4751594853132,4751594853156,16,9.57148,2.0318,3.18416,0.875,0.30888,1.64012,1.53128
104,1,0,1e+08,4751594884428,4751602844722,4751603153230,4751603205990,4751603249834,4751603433218,4751603557150,4751603557170,16,86.7274,79.6029,3.08508,0.5276,0.43844,1.83384,1.23932
105,1,0,1e+08,4751603585214,4751605400128,4751605718744,4751605791948,4751605830644,4751606672781,4751606913813,4751606913869,16,33.2865,18.1491,3.18616,0.73204,0.38696,8.42137,2.41032
106,1,0,1e+08,4751606940821,4751608802694,4751609862072,4751609958552,4751610000208,4751610436545,4751610608117,4751610608149,16,36.6733,18.6187,10.5938,0.9648,0.41656,4.36337,1.71572
107,1,0,1e+08,4751610635325,4751612592011,4751613744684,4751613820016,4751613888028,4751614294992,4751614459028,4751614459068,16,38.2374,19.5669,11.5267,0.75332,0.68012,4.06964,1.64036
108,1,0,1e+08,4751614492012,4751614746080,4751615124492,4751615184684,4751615223384,4751615400260,4751615537716,4751615537736,16,10.4572,2.54068,3.78412,0.60192,0.387,1.76876,1.37456
109,1,0,1e+08,4751615567964,4751617281236,4751617641040,4751617709668,4751617725700,4751617911260,4751618041224,4751618041244,16,24.7328,17.1327,3.59804,0.68628,0.16032,1.8556,1.29964
110,1,0,1e+08,4751618070172,4751618302232,4751618614544,4751618676568,4751618712660,4751618870492,4751619016136,4751619016156,16,9.45984,2.3206,3.12312,0.62024,0.36092,1.57832,1.45644
111,1,0,1e+08,4751619048964,4751620473520,4751620803964,4751620891496,4751620911720,4751621237003,4751621739366,4751621739610,16,26.9065,14.2456,3.30444,0.87532,0.20224,3.25283,5.02363
112,1,0,1e+08,4751621779338,4751622190928,4751622737616,4751622805024,4751622824700,4751623047288,4751623199548,4751623199572,16,14.2023,4.1159,5.46688,0.67408,0.19676,2.22588,1.5226
113,1,0,1e+08,4751623235752,4751624046738,4751624379986,4751624450038,4751624469354,4751625281894,4751625535901,4751625535965,16,23.0021,8.10986,3.33248,0.70052,0.19316,8.1254,2.54007
114,1,0,1e+08,4751625564102,4751626741027,4751627103943,4751627177955,4751627213211,4751627377583,4751627519223,4751627519243,16,19.5514,11.7692,3.62916,0.74012,0.35256,1.64372,1.4164
115,1,0,1e+08,4751627549031,4751634275698,4751634600294,4751634653830,4751634681562,4751634850814,4751634972018,4751634972042,16,74.2301,67.2667,3.24596,0.53536,0.27732,1.69252,1.21204
116,1,0,1e+08,4751634997790,4751636839256,4751637317756,4751637378448,4751637393904,4751637616412,4751637750096,4751637750128,16,27.5234,18.4147,4.785,0.60692,0.15456,2.22508,1.33684
117,1,0,1e+08,4751637776156,4751639624168,4751639981752,4751640053868,4751640074592,4751640291482,4751640881829,4751640881921,16,31.0576,18.4801,3.57584,0.72116,0.20724,2.1689,5.90347
118,1,0,1e+08,4751640919682,4751642767881,4751643169721,4751643242445,4751643293649,4751644051893,4751644328091,4751644328143,16,34.0846,18.482,4.0184,0.72724,0.51204,7.58244,2.76198
119,1,0,1e+08,4751644359500,4751644725245,4751645210793,4751645278441,4751645316629,4751645531237,4751645671977,4751645672005,16,13.125,3.65745,4.85548,0.67648,0.38188,2.14608,1.4074
120,1,0,1e+08,4751645719437,4751647531461,4751647896901,4751647957493,4751648013801,4751648279749,4751648884989,4751648885053,16,31.6562,18.1202,3.6544,0.60592,0.56308,2.65948,6.0524
121,1,0,1e+08,4751648921221,4751650368664,4751650765920,4751650852292,4751650873152,4751651300055,4751651709090,4751651709182,16,27.8796,14.4744,3.97256,0.86372,0.2086,4.26903,4.09035
122,1,0,1e+08,4751651746737,4751652133086,4751652648658,4751652736422,4751652761822,4751652977542,4751653145254,4751653145278,16,13.9854,3.86349,5.15572,0.87764,0.254,2.1572,1.67712
123,1,0,1e+08,4751653187678,4751653732666,4751654765672,4751654846289,4751654885009,4751655274277,4751655460889,4751655460925,16,22.7325,5.44988,10.3301,0.80617,0.3872,3.89268,1.86612
124,1,0,1e+08,4751655498473,4751656354245,4751656681713,4751656745293,4751656762321,4751656918097,4751657045289,4751657045309,16,15.4684,8.55772,3.27468,0.6358,0.17028,1.55776,1.27192
125,1,0,1e+08,4751657074433,4751658640114,4751658961470,4751659037530,4751659058054,4751659215506,4751659371674,4751659371698,16,22.9727,15.6568,3.21356,0.7606,0.20524,1.57452,1.56168
126,1,0,1e+08,4751659407942,4751659643034,4751659971578,4751660041406,4751660070214,4751660229766,4751660358206,4751660358226,16,9.50284,2.35092,3.28544,0.69828,0.28808,1.59552,1.2844
127,1,0,1e+08,4751660387758,4751662043464,4751663114848,4751663184308,4751663212076,4751663489200,4751663635156,4751663635252,16,32.4749,16.5571,10.7138,0.6946,0.27768,2.77124,1.45956
128,1,0,1e+08,4751663665140,4751663894160,4751664268136,4751664339888,4751664358152,4751664522500,4751664654772,4751664654792,16,9.89652,2.2902,3.73976,0.71752,0.18264,1.64348,1.32272
129,1,0,1e+08,4751664684632,4751671945805,4751672246969,4751672308681,4751672343009,4751672514513,4751672638577,4751672638601,16,79.5397,72.6117,3.01164,0.61712,0.34328,1.71504,1.24064
130,1,0,1e+08,4751672669705,4751674969520,4751675794133,4751675857285,4751675914709,4751676215173,4751676352201,4751676352225,16,36.8252,22.9981,8.24613,0.63152,0.57424,3.00464,1.37028
131,1,0,1e+08,4751676377753,4751678300978,4751678607142,4751678678874,4751678730470,4751678893398,4751679014842,4751679014870,16,26.3712,19.2323,3.06164,0.71732,0.51596,1.62928,1.21444
132,1,0,1e+08,4751679041170,4751680839493,4751681159465,4751681247501,4751681327621,4751681511289,4751681634589,4751681634609,16,25.9344,17.9832,3.19972,0.88036,0.8012,1.83668,1.233
133,1,0,1e+08,4751681661665,4751682217455,4751683160205,4751683230345,4751683274389,4751683599365,4751683769453,4751683769489,16,21.0782,5.5579,9.4275,0.7014,0.44044,3.24976,1.70088
134,1,0,1e+08,4751683808837,4751684733038,4751685048658,4751685108974,4751685150306,4751685306238,4751685441902,4751685441922,16,16.3309,9.24201,3.1562,0.60316,0.41332,1.55932,1.35664
135,1,0,1e+08,4751685472722,4751687053306,4751687388358,4751687513566,4751687536738,4751687697474,4751687850730,4751687850754,16,23.7803,15.8058,3.35052,1.25208,0.23172,1.60736,1.53256
136,1,0,1e+08,4751687883002,4751688116982,4751688443186,4751688504730,4751688531922,4751688688106,4751688814146,4751688814166,16,9.31164,2.3398,3.26204,0.61544,0.27192,1.56184,1.2604
137,1,0,1e+08,4751688843274,4751690239411,4751690548951,4751690641615,4751690666479,4751690823811,4751690955611,4751690955639,16,21.1237,13.9614,3.0954,0.92664,0.24864,1.57332,1.318
138,1,0,1e+08,4751690985907,4751691214579,4751691544603,4751691613979,4751691681619,4751691845295,4751691997739,4751691997759,16,10.1185,2.28672,3.30024,0.69376,0.6764,1.63676,1.52444
139,1,0,1e+08,4751692027247,4751693457185,4751693786521,4751693858093,4751693881257,4751694037617,4751694167289,4751694167313,16,21.4007,14.2994,3.29336,0.71572,0.23164,1.5636,1.29672
140,1,0,1e+08,4751694198365,4751694401285,4751694716897,4751694777201,4751694812473,4751694973313,4751695122465,4751695122485,16,9.2412,2.0292,3.15612,0.60304,0.35272,1.6084,1.49152
141,1,0,1e+08,4751695158329,4751703236445,4751703528861,4751703581625,4751703630233,4751703813433,4751703931433,4751703931453,16,87.7312,80.7812,2.92416,0.52764,0.48608,1.832,1.18
142,1,0,1e+08,4751703956417,4751705748710,4751706076234,4751706155094,4751706203482,4751706389626,4751706506998,4751706507014,16,25.506,17.9229,3.27524,0.7886,0.48388,1.86144,1.17372
143,1,0,1e+08,4751706532546,4751708328149,4751708644949,4751708717585,4751708780041,4751708958441,4751709075057,4751709075125,16,25.4258,17.956,3.168,0.72636,0.62456,1.784,1.16616
144,1,0,1e+08,4751709100737,4751711022740,4751712190208,4751712255620,4751712306352,4751712614256,4751712764356,4751712764384,16,36.6365,19.22,11.6747,0.65412,0.50732,3.07904,1.501
145,1,0,1e+08,4751712791076,4751713052100,4751713431360,4751713493804,4751713554268,4751713726444,4751713876692,4751713876716,16,10.8564,2.61024,3.7926,0.62444,0.60464,1.72176,1.50248
146,1,0,1e+08,4751713906560,4751716006524,4751716754234,4751716833466,4751716862682,4751717126490,4751717276074,4751717276098,16,33.6954,20.9996,7.4771,0.79232,0.29216,2.63808,1.49584
147,1,0,1e+08,4751717308170,4751717543134,4751718629200,4751718701032,4751718741588,4751719124384,4751719308636,4751719308672,16,20.005,2.34964,10.8607,0.71832,0.40556,3.82796,1.84252
148,1,0,1e+08,4751719342560,4751721317656,4751721963388,4751722032932,4751722055884,4751722300920,4751722478280,4751722478304,16,31.3574,19.751,6.45732,0.69544,0.22952,2.45036,1.7736
149,1,0,1e+08,4751722531496,4751722779140,4751723120784,4751723193660,4751723210896,4751723632906,4751724074918,4751724075010,16,15.4351,2.47644,3.41644,0.72876,0.17236,4.2201,4.42012
150,1,0,1e+08,4751724114282,4751724813803,4751725301351,4751725395687,4751725449859,4751725741047,4751726314912,4751726314984,16,22.007,6.99521,4.87548,0.94336,0.54172,2.91188,5.73865
151,1,0,1e+08,4751726359296,4751727375860,4751727801392,4751727881052,4751727910980,4751728253186,4751728748632,4751728748720,16,23.8942,10.1656,4.25532,0.7966,0.29928,3.42206,4.95446
152,1,0,1e+08,4751728786688,4751729950479,4751730319599,4751730395411,4751730439067,4751730630235,4751730761419,4751730761439,16,19.7475,11.6379,3.6912,0.75812,0.43656,1.91168,1.31184
153,1,0,1e+08,4751730789271,4751731027715,4751731354555,4751731419455,4751731453679,4751731621015,4751731781647,4751731781671,16,9.924,2.38444,3.2684,0.649,0.34224,1.67336,1.60632
154,1,0,1e+08,4751731816399,4751733009670,4751733390806,4751733476510,4751733493254,4751733651894,4751733793314,4751733793334,16,19.7694,11.9327,3.81136,0.85704,0.16744,1.5864,1.4142
155,1,0,1e+08,4751733824886,4751734031374,4751734340798,4751734412558,4751734441582,4751734603426,4751734754182,4751734754206,16,9.2932,2.06488,3.09424,0.7176,0.29024,1.61844,1.50756
156,1,0,1e+08,4751734784866,4751736829258,4751737466657,4751737553821,4751737577393,4751737815301,4751737986849,4751737986873,16,32.0201,20.4439,6.37399,0.87164,0.23572,2.37908,1.71548
157,1,0,1e+08,4751738023733,4751738253537,4751739384966,4751739454242,4751739481330,4751739796018,4751739950866,4751739950902,16,19.2717,2.29804,11.3143,0.69276,0.27088,3.14688,1.54848
158,1,0,1e+08,4751739981554,4751748617689,4751748950249,4751749003217,4751749051793,4751749244881,4751749373525,4751749373545,16,93.9199,86.3614,3.3256,0.52968,0.48576,1.93088,1.28644
159,1,0,1e+08,4751749401725,4751749616365,4751749962689,4751750034545,4751750069941,4751750250621,4751750406485,4751750406585,16,10.0486,2.1464,3.46324,0.71856,0.35396,1.8068,1.55864
160,1,0,1e+08,4751750436641,4751752625031,4751753780344,4751753850640,4751753905396,4751754249144,4751754397768,4751754397796,16,39.6116,21.8839,11.5531,0.70296,0.54756,3.43748,1.48624
161,1,0,1e+08,4751754423828,4751756245412,4751756557844,4751756631384,4751756684936,4751756882388,4751757005428,4751757005452,16,25.8162,18.2158,3.12432,0.7354,0.53552,1.97452,1.2304
162,1,0,1e+08,4751757031676,4751757271768,4751757585104,4751757652716,4751757681408,4751757881729,4751758477936,4751758478008,16,14.4633,2.40092,3.13336,0.67612,0.28692,2.00321,5.96207
163,1,0,1e+08,4751758516168,4751760269770,4751760627066,4751760706522,4751760733894,4751760927178,4751761112518,4751761112550,16,25.9638,17.536,3.57296,0.79456,0.27372,1.93284,1.8534
164,1,0,1e+08,4751761148750,4751761402270,4751761793490,4751761857242,4751761876326,4751762405422,4751762816065,4751762816137,16,16.6739,2.5352,3.9122,0.63752,0.19084,5.29096,4.10643
165,1,0,1e+08,4751762854966,4751765197054,4751765639378,4751765726054,4751765750726,4751765956710,4751766089478,4751766089506,16,32.3454,23.4209,4.42324,0.86676,0.24672,2.05984,1.32768
166,1,0,1e+08,4751766119058,4751766423521,4751767625404,4751767708304,4751767731556,4751768028060,4751768188720,4751768188748,16,20.6969,3.04463,12.0188,0.829,0.23252,2.96504,1.6066
167,1,0,1e+08,4751768225156,4751768487780,4751768856084,4751768930596,4751768948360,4751769105228,4751769242628,4751769242652,16,10.175,2.62624,3.68304,0.74512,0.17764,1.56868,1.374
168,1,0,1e+08,4751769274472,4751771581878,4751772239078,4751772307542,4751772331742,4751772575502,4751772746410,4751772746434,16,34.7196,23.0741,6.572,0.68464,0.242,2.4376,1.70908
169,1,0,1e+08,4751772781922,4751773004978,4751773357042,4751773437102,4751773459446,4751773789928,4751774298388,4751774298480,16,15.1656,2.23056,3.52064,0.8006,0.22344,3.30482,5.0846
170,1,0,1e+08,4751774335944,4751774763116,4751775309292,4751775371948,4751775408392,4751775639316,4751775800352,4751775800372,16,14.6443,4.27172,5.46176,0.62656,0.36444,2.30924,1.61036
171,1,0,1e+08,4751775830640,4751777432198,4751778221752,4751778299692,4751778343908,4751778615400,4751778804548,4751778804576,16,29.7394,16.0156,7.89554,0.7794,0.44216,2.71492,1.89148
172,1,0,1e+08,4751778875824,4751780175240,4751780884197,4751780966057,4751780990825,4751781263337,4751781434601,4751781434625,16,25.588,12.9942,7.08957,0.8186,0.24768,2.72512,1.71264
173,1,0,1e+08,4751781467173,4751783597059,4751783948071,4751784035839,4751784065227,4751784355601,4751784897338,4751784897430,16,34.3026,21.2989,3.51012,0.87768,0.29388,2.90374,5.41737
174,1,0,1e+08,4751784934226,4751785412224,4751785981476,4751786060992,4751786089392,4751786314420,4751786477580,4751786477600,16,15.4337,4.77998,5.69252,0.79516,0.284,2.25028,1.6316
175,1,0,1e+08,4751786516736,4751787007461,4751787333385,4751787398797,4751787436313,4751788195786,4751788489996,4751788490152,16,19.7342,4.90725,3.25924,0.65412,0.37516,7.59473,2.9421
176,1,0,1e+08,4751788521180,4751789670237,4751790071205,4751790159457,4751790185993,4751790343613,4751790479689,4751790479709,16,19.5853,11.4906,4.00968,0.88252,0.26536,1.5762,1.36076
177,1,0,1e+08,4751790510705,4751797290193,4751797601289,4751797670249,4751797696945,4751797931397,4751798049237,4751798049261,16,75.3856,67.7949,3.11096,0.6896,0.26696,2.34452,1.1784
178,1,0,1e+08,4751798074413,4751800150136,4751801143017,4751801203413,4751801253249,4751801561785,4751801703033,4751801703061,16,36.2865,20.7572,9.92881,0.60396,0.49836,3.08536,1.41248
179,1,0,1e+08,4751801729233,4751803964473,4751804796160,4751804861984,4751804882456,4751805162016,4751805303424,4751805303456,16,35.7422,22.3524,8.31687,0.65824,0.20472,2.7956,1.41408
180,1,0,1e+08,4751805330700,4751807165720,4751807485624,4751807655012,4751807722772,4751808528088,4751808737684,4751808737720,16,34.0702,18.3502,3.19904,1.69388,0.6776,8.05316,2.09596
181,1,0,1e+08,4751808765900,4751809084104,4751809527788,4751809595340,4751809626696,4751809821232,4751809956800,4751809956824,16,11.9092,3.18204,4.43684,0.67552,0.31356,1.94536,1.35568
182,1,0,1e+08,4751809988472,4751811510700,4751811863800,4751811953652,4751811978084,4751812137096,4751812271588,4751812271608,16,22.8314,15.2223,3.531,0.89852,0.24432,1.59012,1.34492
183,1,0,1e+08,4751812300732,4751812535740,4751812849816,4751812910044,4751812948124,4751813104464,4751813241896,4751813241920,16,9.41188,2.35008,3.14076,0.60228,0.3808,1.5634,1.37432
184,1,0,1e+08,4751813272812,4751815395774,4751816048272,4751816117200,4751816149516,4751816406820,4751816581532,4751816581556,16,33.0874,21.2296,6.52498,0.68928,0.32316,2.57304,1.74712
185,1,0,1e+08,4751816614908,4751816890628,4751817268692,4751817387292,4751817422588,4751817598232,4751817778140,4751817778164,16,11.6326,2.7572,3.78064,1.186,0.35296,1.75644,1.79908
186,1,0,1e+08,4751817816160,4751818074116,4751818399084,4751818472524,4751818505964,4751818666044,4751818814004,4751818814024,16,9.97864,2.57956,3.24968,0.7344,0.3344,1.6008,1.4796
187,1,0,1e+08,4751818846788,4751822009883,4751822409283,4751822491331,4751822519927,4751823249686,4751823532674,4751823532738,16,46.8595,31.6309,3.994,0.82048,0.28596,7.29759,2.82988
188,1,0,1e+08,4751823570318,4751823943110,4751824430366,4751824506238,4751824527874,4751824737550,4751824919786,4751824919806,16,13.4949,3.72792,4.87256,0.75872,0.21636,2.09676,1.82236
189,1,0,1e+08,4751824963414,4751825945373,4751826722519,4751826791575,4751826824363,4751827086371,4751827252007,4751827252039,16,22.8863,9.81959,7.77146,0.69056,0.32788,2.62008,1.65636
190,1,0,1e+08,4751827292159,4751828500718,4751829312598,4751829389694,4751829423850,4751829684942,4751829859410,4751829859434,16,25.6728,12.0856,8.1188,0.77096,0.34156,2.61092,1.74468
191,1,0,1e+08,4751829903026,4751836323127,4751837236848,4751837305296,4751837323976,4751837602476,4751837749528,4751837749640,16,78.4661,64.201,9.13721,0.68448,0.1868,2.785,1.47052
192,1,0,1e+08,4751837780472,4751840068976,4751840612795,4751840707163,4751840724819,4751841301414,4751841617305,4751841617357,16,38.3689,22.885,5.43819,0.94368,0.17656,5.76595,3.15891
193,1,0,1e+08,4751841648373,4751843921988,4751844612893,4751844673829,4751844698061,4751844900001,4751845053989,4751845054021,16,34.0565,22.7361,6.90905,0.60936,0.24232,2.0194,1.53988
194,1,0,1e+08,4751845081965,4751846925438,4751847372350,4751847459218,4751847493150,4751848139736,4751848431338,4751848431390,16,33.4943,18.4347,4.46912,0.86868,0.33932,6.46586,2.91602
195,1,0,1e+08,4751848540146,4751848905564,4751849409792,4751849491300,4751849533260,4751849742964,4751849941452,4751849941488,16,14.0134,3.65418,5.04228,0.81508,0.4196,2.09704,1.98488
196,1,0,1e+08,4751849975316,4751851434537,4751852178542,4751852271634,4751852296922,4751852637066,4751852917664,4751852917712,16,29.424,14.5922,7.44005,0.93092,0.25288,3.40144,2.80598
197,1,0,1e+08,4751852965588,4751853394037,4751854174647,4751854270471,4751854310015,4751854571395,4751854794895,4751854794923,16,18.2934,4.28449,7.8061,0.95824,0.39544,2.6138,2.235
198,1,0,1e+08,4751854852275,4751856251537,4751857262778,4751857351214,4751857372122,4751857654946,4751857875850,4751857875878,16,30.236,13.9926,10.1124,0.88436,0.20908,2.82824,2.20904
199,1,0,1e+08,4751857931658,4751858544913,4751859597776,4751859684600,4751859715244,4751860056780,4751860271232,4751860271264,16,23.3961,6.13255,10.5286,0.86824,0.30644,3.41536,2.14452
200,1,0,1e+08,4751860316524,4751861488126,4751862137454,4751862222550,4751862253850,4751862498506,4751862674682,4751862674706,16,23.5818,11.716,6.49328,0.85096,0.313,2.44656,1.76176
201,1,0,1e+08,4751862716694,4751863468931,4751864086048,4751864170432,4751864198148,4751864503852,4751864675676,4751864675708,16,19.5901,7.52237,6.17117,0.84384,0.27716,3.05704,1.71824
202,1,0,1e+08,4751864720836,4751866290761,4751867039662,4751867109398,4751867144102,4751867421902,4751867635874,4751867635898,16,29.1506,15.6993,7.48901,0.69736,0.34704,2.778,2.13972
203,1,0,1e+08,4751867694874,4751868398111,4751869090167,4751869170267,4751869207347,4751869466419,4751869639199,4751869639231,16,19.4436,7.03237,6.92056,0.801,0.3708,2.59072,1.7278
204,1,0,1e+08,4751869680587,4751870701675,4751871175351,4751871251499,4751871275711,4751871527979,4751871671343,4751871671367,16,19.9078,10.2109,4.73676,0.76148,0.24212,2.52268,1.43364
205,1,0,1e+08,4751871700519,4751873108889,4751873582929,4751873661521,4751873679857,4751873939489,4751874078385,4751874078409,16,23.7789,14.0837,4.7404,0.78592,0.18336,2.59632,1.38896
206,1,0,1e+08,4751874109601,4751874343049,4751874884838,4751874953102,4751875044582,4751875300958,4751875497374,4751875497398,16,13.878,2.33448,5.41789,0.68264,0.9148,2.56376,1.96416
207,1,0,1e+08,4751875542826,4751876533948,4751877471112,4751877546576,4751877575512,4751877846860,4751878013464,4751878013556,16,24.7073,9.91122,9.37164,0.75464,0.28936,2.71348,1.66604
208,1,0,1e+08,4751878053344,4751878815485,4751879436837,4751879510889,4751879546833,4751879839421,4751880006749,4751880006773,16,19.5343,7.62141,6.21352,0.74052,0.35944,2.92588,1.67328
209,1,0,1e+08,4751880042209,4751881187992,4751881799904,4751881894984,4751881924748,4751882191280,4751882389020,4751882389048,16,23.4684,11.4578,6.11912,0.9508,0.29764,2.66532,1.9774
210,1,0,1e+08,4751882431056,4751883864117,4751884467914,4751884533486,4751884686946,4751884886418,4751885021134,4751885021158,16,25.901,14.3306,6.03797,0.65572,1.5346,1.99472,1.34716
211,1,0,1e+08,4751885052606,4751886518756,4751887398270,4751887484594,4751887515986,4751887793258,4751887960822,4751887960850,16,29.0824,14.6615,8.79514,0.86324,0.31392,2.77272,1.67564
212,1,0,1e+08,4751888003530,4751888685144,4751889227588,4751889298844,4751889320328,4751889593316,4751889730364,4751889730388,16,17.2686,6.81614,5.42444,0.71256,0.21484,2.72988,1.37048
213,1,0,1e+08,4751889757684,4751891026924,4751891536576,4751891604528,4751891622700,4751892444232,4751892729533,4751892729593,16,29.7191,12.6924,5.09652,0.67952,0.18172,8.21532,2.85301
214,1,0,1e+08,4751892760509,4751893133201,4751893627577,4751893712209,4751893748965,4751893971465,4751894132429,4751894132453,16,13.7194,3.72692,4.94376,0.84632,0.36756,2.225,1.60964
215,1,0,1e+08,4751894167077,4751894426093,4751894942125,4751895010881,4751895041153,4751895297393,4751895475017,4751895475053,16,13.0798,2.59016,5.16032,0.68756,0.30272,2.5624,1.77624
216,1,0,1e+08,4751895504157,4751897347516,4751898071984,4751898148228,4751898186856,4751898451060,4751898622816,4751898622844,16,31.1869,18.4336,7.24468,0.76244,0.38628,2.64204,1.71756
217,1,0,1e+08,4751898659316,4751904652783,4751905089863,4751905147295,4751905165799,4751905419653,4751905538365,4751905538393,16,68.7908,59.9347,4.3708,0.57432,0.18504,2.53854,1.18712
218,1,0,1e+08,4751905564633,4751907381490,4751907815670,4751907887366,4751907902606,4751908092398,4751908236803,4751908236823,16,26.7219,18.1686,4.3418,0.71696,0.1524,1.89792,1.44405
219,1,0,1e+08,4751908262575,4751910118982,4751911187473,4751911286732,4751911318648,4751911748402,4751911911538,4751911911582,16,36.4901,18.5641,10.6849,0.99259,0.31916,4.29754,1.63136
220,1,0,1e+08,4751911940250,4751913749078,4751914226782,4751914304138,4751914326166,4751914618124,4751914736492,4751914736516,16,27.9627,18.0883,4.77704,0.77356,0.22028,2.91958,1.18368
221,1,0,1e+08,4751914762828,4751915106334,4751916259168,4751916328320,4751916363540,4751916658084,4751916816016,4751916816052,16,20.5322,3.43506,11.5283,0.69152,0.3522,2.94544,1.57932
222,1,0,1e+08,4751916850900,4751917906569,4751918819832,4751918917285,4751918946377,4751919400078,4751919923880,4751919923952,16,30.7305,10.5567,9.13263,0.97453,0.29092,4.53701,5.23802
223,1,0,1e+08,4751919965738,4751920596644,4751921133812,4751921206216,4751921237492,4751921442452,4751921592312,4751921592408,16,16.2667,6.30906,5.37168,0.72404,0.31276,2.0496,1.4986
224,1,0,1e+08,4751921622372,4751923180847,4751924094956,4751924196772,4751924232604,4751924521368,4751924742852,4751924742880,16,31.2051,15.5847,9.14109,1.01816,0.35832,2.88764,2.21484
225,1,0,1e+08,4751924790284,4751925437713,4751926385937,4751926470993,4751926515913,4751926776457,4751926931221,4751926931253,16,21.4097,6.47429,9.48224,0.85056,0.4492,2.60544,1.54764
226,1,0,1e+08,4751926963313,4751928087899,4751928547139,4751928609911,4751928637027,4751928871023,4751929026431,4751929026455,16,20.6314,11.2459,4.5924,0.62772,0.27116,2.33996,1.55408
227,1,0,1e+08,4751929058379,4751930460316,4751930896540,4751930978396,4751930995744,4751931186460,4751931315396,4751931315424,16,22.5704,14.0194,4.36224,0.81856,0.17348,1.90716,1.28936
228,1,0,1e+08,4751931343532,4751931552352,4751932552988,4751932628220,4751932666044,4751933065360,4751933266164,4751933266192,16,19.2266,2.0882,10.0064,0.75232,0.37824,3.99316,2.00804
229,1,0,1e+08,4751933308664,4751933883201,4751934593219,4751934789999,4751934858099,4751935354332,4751935536064,4751935536112,16,22.2745,5.74537,7.10018,1.9678,0.681,4.96233,1.81732
230,1,0,1e+08,4751935569972,4751936556946,4751937139459,4751937335282,4751937540645,4751938115974,4751938321478,4751938321518,16,27.5155,9.86974,5.82513,1.95823,2.05363,5.75329,2.05504
231,1,0,1e+08,4751938356982,4751939199292,4751939691860,4751939772276,4751939807412,4751940176572,4751940379692,4751940379740,16,20.2276,8.4231,4.92568,0.80416,0.35136,3.6916,2.0312
232,1,0,1e+08,4751940413728,4751941860267,4751942853207,4751942926731,4751942955699,4751943231783,4751943410779,4751943410803,16,29.9708,14.4654,9.9294,0.73524,0.28968,2.76084,1.78996
233,1,0,1e+08,4751943453603,4751944415493,4751945363345,4751945433861,4751945455365,4751945727577,4751945901565,4751945901601,16,24.48,9.6189,9.47852,0.70516,0.21504,2.72212,1.73988
234,1,0,1e+08,4751945959537,4751946754179,4751947062231,4751947124959,4751947196415,4751947403199,4751947571259,4751947571279,16,16.1174,7.94642,3.08052,0.62728,0.71456,2.06784,1.6806
235,1,0,1e+08,4751947605475,4751949036044,4751949380512,4751949458868,4751949492088,4751949667944,4751949827912,4751949827936,16,22.2246,14.3057,3.44468,0.78356,0.3322,1.75856,1.59968
236,1,0,1e+08,4751949860312,4751950088304,4751950428156,4751950493620,4751950526060,4751951182410,4751951541692,4751951541764,16,16.8145,2.27992,3.39852,0.65464,0.3244,6.5635,3.59282
237,1,0,1e+08,4751951577073,4751952667054,4751953053034,4751953124066,4751953144258,4751953313214,4751953446066,4751953446090,16,18.6902,10.8998,3.8598,0.71032,0.20192,1.68956,1.32852
238,1,0,1e+08,4751953476542,4751954977195,4751956230100,4751956307341,4751956345941,4751956671397,4751956836241,4751956836269,16,33.5973,15.0065,12.529,0.77241,0.386,3.25456,1.64844
239,1,0,1e+08,4751956885517,4751963283593,4751963569397,4751963622089,4751963690261,4751963885605,4751964001753,4751964001821,16,71.163,63.9808,2.85804,0.52692,0.68172,1.95344,1.16148
240,1,0,1e+08,4751964027261,4751965839268,4751966155048,4751966228856,4751966286224,4751966469224,4751966587908,4751966587924,16,25.6066,18.1201,3.1578,0.73808,0.57368,1.83,1.18684
241,1,0,1e+08,4751966613612,4751968403087,4751968716427,4751968790067,4751968841691,4751969035155,4751969155947,4751969155975,16,25.4236,17.8948,3.1334,0.7364,0.51624,1.93464,1.20792
242,1,0,1e+08,4751969182211,4751970950954,4751971273378,4751971347806,4751971401738,4751971585898,4751971707274,4751971707294,16,25.2508,17.6874,3.22424,0.74428,0.53932,1.8416,1.21376
243,1,0,1e+08,4751971733706,4751971967282,4751972278402,4751972340282,4751972410490,4751972568486,4751972726794,4751972726818,16,9.93112,2.33576,3.1112,0.6188,0.70208,1.57996,1.58308
244,1,0,1e+08,4751972762974,4751974934363,4751975778032,4751975853916,4751975905896,4751976209884,4751976358104,4751976358128,16,35.9515,21.7139,8.43669,0.75884,0.5198,3.03988,1.4822
245,1,0,1e+08,4751976387908,4751976632964,4751976969980,4751977044172,4751977071508,4751977233384,4751977392896,4751977392920,16,10.0501,2.45056,3.37016,0.74192,0.27336,1.61876,1.59512
246,1,0,1e+08,4751977444156,4751977758244,4751978094676,4751978172788,4751978189884,4751978346860,4751978495156,4751978495176,16,10.5102,3.14088,3.36432,0.78112,0.17096,1.56976,1.48296
247,1,0,1e+08,4751978525856,4751980240630,4751981432882,4751981509499,4751981535215,4751981856195,4751982006403,4751982006439,16,34.8058,17.1477,11.9225,0.76617,0.25716,3.2098,1.50208
248,1,0,1e+08,4751982040435,4751982301027,4751982684251,4751982771719,4751982794295,4751982962347,4751983120399,4751983120419,16,10.7998,2.60592,3.83224,0.87468,0.22576,1.68052,1.58052
249,1,0,1e+08,4751983159787,4751983675480,4751983992236,4751984058460,4751984076276,4751984235740,4751984375448,4751984375472,16,12.1569,5.15693,3.16756,0.66224,0.17816,1.59464,1.39708
250,1,0,1e+08,4751984408680,4751987402355,4751987757299,4751987846319,4751987891167,4751988087055,4751988217219,4751988217235,16,38.0856,29.9367,3.54944,0.8902,0.44848,1.95888,1.30164
251,1,0,1e+08,4751988246487,4751988481967,4751988792247,4751988858679,4751988883391,4751989043963,4751989194043,4751989194067,16,9.4758,2.3548,3.1028,0.66432,0.24712,1.60572,1.5008
252,1,0,1e+08,4751989230555,4751990810883,4751991694836,4751991840948,4751991862476,4751992133692,4751992301548,4751992301576,16,30.7102,15.8033,8.83953,1.46112,0.21528,2.71216,1.67856
253,1,0,1e+08,4751992337804,4751998218632,4751998508012,4751998560752,4751998608864,4751998795060,4751998912200,4751998912224,16,65.7442,58.8083,2.8938,0.5274,0.48112,1.86196,1.1714
254,1,0,1e+08,4751998937724,4752000731749,4752001049393,4752001123941,4752001188381,4752001371357,4752001489125,4752001489141,16,25.5142,17.9403,3.17644,0.74548,0.6444,1.82976,1.17768
255,1,0,1e+08,4752001514909,4752003296318,4752003640162,4752003722534,4752003767666,4752003952954,4752004084994,4752004085074,16,25.7017,17.8141,3.43844,0.82372,0.45132,1.85288,1.3204
256,1,0,1e+08,4752004126842,4752006220304,4752006633500,4752006729644,4752006752812,4752006943620,4752007066288,4752007066312,16,29.3947,20.9346,4.13196,0.96144,0.23168,1.90808,1.22668
257,1,0,1e+08,4752007096600,4752007356310,4752008608997,4752008684457,4752008713477,4752009017029,4752009179233,4752009179265,16,20.8266,2.5971,12.5269,0.7546,0.2902,3.03552,1.62204
258,1,0,1e+08,4752009218265,4752010046182,4752010404366,4752010471698,4752010490174,4752011331796,4752011547973,4752011548021,16,23.2976,8.27917,3.58184,0.67332,0.18476,8.41622,2.16177
259,1,0,1e+08,4752011582989,4752012648950,4752013008686,4752013073658,4752013090354,4752013246102,4752013383370,4752013383394,16,18.004,10.6596,3.59736,0.64972,0.16696,1.55748,1.37268
260,1,0,1e+08,4752013412410,4752014973285,4752015300017,4752015378633,4752015399885,4752015558361,4752015721201,4752015721221,16,23.0881,15.6087,3.26732,0.78616,0.21252,1.58476,1.6284
261,1,0,1e+08,4752015757077,4752015988137,4752016321753,4752016396617,4752016412621,4752016569389,4752016694921,4752016694945,16,9.37868,2.3106,3.33616,0.74864,0.16004,1.56768,1.25532
262,1,0,1e+08,4752016727925,4752018081719,4752018397595,4752018475451,4752018496551,4752018655023,4752018789607,4752018789627,16,20.617,13.5379,3.15876,0.77856,0.211,1.58472,1.34584
263,1,0,1e+08,4752018820527,4752019030383,4752019344563,4752019421211,4752019437687,4752019598655,4752019739675,4752019739699,16,9.19172,2.09856,3.1418,0.76648,0.16476,1.60968,1.4102
264,1,0,1e+08,4752019770311,4752021248302,4752021604066,4752021703466,4752021729222,4752021886150,4752022019614,4752022019634,16,22.4932,14.7799,3.55764,0.994,0.25756,1.56928,1.33464
265,1,0,1e+08,4752022052342,4752022241490,4752022553694,4752022623926,4752022648758,4752022805322,4752022936102,4752022936126,16,8.83784,1.89148,3.12204,0.70232,0.24832,1.56564,1.3078
266,1,0,1e+08,4752022979274,4752025118224,4752025772849,4752025852973,4752025876449,4752026111473,4752026250169,4752026250193,16,32.7092,21.3895,6.54625,0.80124,0.23476,2.35024,1.38696
267,1,0,1e+08,4752026280241,4752033754574,4752034065486,4752034118630,4752034140242,4752034793519,4752035134677,4752035134765,16,88.5452,74.7433,3.10912,0.53144,0.21612,6.53277,3.41158
268,1,0,1e+08,4752035167566,4752037010540,4752038144316,4752038218352,4752038263292,4752038624577,4752038787265,4752038787301,16,36.1974,18.4297,11.3378,0.74036,0.4494,3.61285,1.62688
269,1,0,1e+08,4752038815309,4752040685488,4752041880420,4752041948092,4752041969564,4752042283628,4752042428796,4752042428832,16,36.1352,18.7018,11.9493,0.67672,0.21472,3.14064,1.45168
270,1,0,1e+08,4752042456524,4752044367501,4752044752361,4752044826905,4752044846969,4752045014441,4752045517862,4752045518012,16,30.6149,19.1098,3.8486,0.74544,0.20064,1.67472,5.03421
271,1,0,1e+08,4752045587892,4752046128867,4752046725731,4752046787683,4752046827035,4752047056751,4752047209871,4752047209987,16,16.221,5.40975,5.96864,0.61952,0.39352,2.29716,1.5312
272,1,0,1e+08,4752047247643,4752048570668,4752049559014,4752049627746,4752049711862,4752049997606,4752050189514,4752050189538,16,29.4189,13.2302,9.88346,0.68732,0.84116,2.85744,1.91908
273,1,0,1e+08,4752050231286,4752051598450,4752052408861,4752052487257,4752052508205,4752052778833,4752052965569,4752052965601,16,27.3432,13.6716,8.10411,0.78396,0.20948,2.70628,1.86736
274,1,0,1e+08,4752053007713,4752053553505,4752054566010,4752054665249,4752054723034,4752055125648,4752055316484,4752055316516,16,23.088,5.45792,10.125,0.99239,0.57785,4.02614,1.90836
275,1,0,1e+08,4752055369300,4752056251418,4752056613678,4752056678418,4752056696698,4752056891370,4752057071046,4752057071070,16,17.0177,8.82118,3.6226,0.6474,0.1828,1.94672,1.79676
276,1,0,1e+08,4752057103318,4752059426378,4752060065412,4752060128484,4752060147176,4752060393960,4752060531988,4752060532016,16,34.287,23.2306,6.39034,0.63072,0.18692,2.46784,1.38028
277,1,0,1e+08,4752060560008,4752060783772,4752061124304,4752061179652,4752061210688,4752061371624,4752061541744,4752061541768,16,9.8176,2.23764,3.40532,0.55348,0.31036,1.60936,1.7012
278,1,0,1e+08,4752061588556,4752062368570,4752062690814,4752062759358,4752062796614,4752062953402,4752063086234,4752063086254,16,14.977,7.80014,3.22244,0.68544,0.37256,1.56788,1.32832
279,1,0,1e+08,4752063117822,4752064696072,4752065961404,4752066048660,4752066076908,4752066373120,4752066536148,4752066536184,16,34.1836,15.7825,12.6533,0.87256,0.28248,2.96212,1.63028
280,1,0,1e+08,4752066569452,4752066808700,4752067164624,4752067236800,4752067256200,4752067415808,4752067571964,4752067571984,16,10.0253,2.39248,3.55924,0.72176,0.194,1.59608,1.56156
281,1,0,1e+08,4752067611064,4752068152913,4752068480657,4752068552777,4752068596837,4752068770377,4752068905377,4752068905401,16,12.9434,5.41849,3.27744,0.7212,0.4406,1.7354,1.35
282,1,0,1e+08,4752068934361,4752071869624,4752072182624,4752072256008,4752072308104,4752072761330,4752073221891,4752073221955,16,42.8759,29.3526,3.13,0.73384,0.52096,4.53226,4.60561
283,1,0,1e+08,4752073261055,4752078280961,4752078570029,4752078623885,4752078663429,4752078846361,4752078964845,4752078964873,16,57.0382,50.1991,2.89068,0.53856,0.39544,1.82932,1.18484
284,1,0,1e+08,4752078991653,4752080824156,4752081135712,4752081210132,4752081229892,4752081382928,4752081496212,4752081496232,16,25.0458,18.325,3.11556,0.7442,0.1976,1.53036,1.13284
285,1,0,1e+08,4752081522084,4752083268481,4752084373490,4752084447562,4752084477414,4752084869122,4752085030782,4752085030826,16,35.0874,17.464,11.0501,0.74072,0.29852,3.91708,1.6166
286,1,0,1e+08,4752085058946,4752086837531,4752087165199,4752087238891,4752087260679,4752087476514,4752088099782,4752088099892,16,30.4095,17.7858,3.27668,0.73692,0.21788,2.15835,6.23268
287,1,0,1e+08,4752088142830,4752088649357,4752089241781,4752089309533,4752089341349,4752089570437,4752089738381,4752089738481,16,15.9565,5.06527,5.92424,0.67752,0.31816,2.29088,1.67944
288,1,0,1e+08,4752089780109,4752090834686,4752091157650,4752091234958,4752091253010,4752091422814,4752091573686,4752091573706,16,17.936,10.5458,3.22964,0.77308,0.18052,1.69804,1.50872
289,1,0,1e+08,4752091612386,4752093207296,4752093575712,4752093682248,4752093703720,4752094526094,4752094774980,4752094775044,16,31.6266,15.9491,3.68416,1.06536,0.21472,8.22374,2.48886
290,1,0,1e+08,4752094805520,4752095157761,4752095643037,4752095712661,4752095730973,4752095941989,4752096093561,4752096093581,16,12.8806,3.52241,4.85276,0.69624,0.18312,2.11016,1.51572
291,1,0,1e+08,4752096129113,4752098009614,4752098337334,4752098411466,4752098431778,4752098586238,4752098711238,4752098711262,16,25.8215,18.805,3.2772,0.74132,0.20312,1.5446,1.25
292,1,0,1e+08,4752098740106,4752098952306,4752099272854,4752099333646,4752099408038,4752099909109,4752100359203,4752100359275,16,16.1917,2.122,3.20548,0.60792,0.74392,5.01071,4.50094
293,1,0,1e+08,4752100393705,4752101485430,4752101866662,4752101935698,4752101963738,4752102131546,4752102286734,4752102286758,16,18.9305,10.9172,3.81232,0.69036,0.2804,1.67808,1.55188
294,1,0,1e+08,4752102320950,4752104016569,4752105049702,4752105126658,4752105148674,4752105422366,4752105586098,4752105586122,16,32.6517,16.9562,10.3313,0.76956,0.22016,2.73692,1.63732
295,1,0,1e+08,4752105627118,4752105857534,4752106193422,4752106264098,4752106287474,4752106450058,4752106611002,4752106611026,16,9.83908,2.30416,3.35888,0.70676,0.23376,1.62584,1.60944
296,1,0,1e+08,4752106657634,4752107194011,4752107529999,4752107608587,4752107642675,4752108292551,4752108652464,4752108652536,16,19.949,5.36377,3.35988,0.78588,0.34088,6.49876,3.59913
297,1,0,1e+08,4752108682665,4752109836795,4752110238143,4752110320491,4752110336323,4752110499975,4752110640767,4752110640791,16,19.5813,11.5413,4.01348,0.82348,0.15832,1.63652,1.40792
298,1,0,1e+08,4752110671995,4752117236189,4752117526881,4752117579529,4752117627405,4752117811049,4752117932537,4752117932557,16,72.6056,65.6419,2.90692,0.52648,0.47876,1.83644,1.21488
299,1,0,1e+08,4752117960257,4752119712177,4752120005469,4752120067221,4752120116177,4752120305373,4752120427525,4752120427545,16,24.6729,17.5192,2.93292,0.61752,0.48956,1.89196,1.22152
300,1,0,1e+08,4752120452669,4752122310863,4752123534917,4752123598321,4752123648981,4752123958833,4752124104641,4752124104669,16,36.52,18.5819,12.2405,0.63404,0.5066,3.09852,1.45808
301,1,0,1e+08,4752124131201,4752126397029,4752127211912,4752127280380,4752127308728,4752127619596,4752127761048,4752127761080,16,36.2988,22.6583,8.14883,0.68468,0.28348,3.10868,1.41452
302,1,0,1e+08,4752127788448,4752128044932,4752128404908,4752128474616,4752128513728,4752129028507,4752129469922,4752129469970,16,16.8152,2.56484,3.59976,0.69708,0.39112,5.14779,4.41415
303,1,0,1e+08,4752129503778,4752130830461,4752131187825,4752131269289,4752131294261,4752131736849,4752132213220,4752132213444,16,27.0967,13.2668,3.57364,0.81464,0.24972,4.42588,4.76371
304,1,0,1e+08,4752132251036,4752132679900,4752133242300,4752133325576,4752133359912,4752133589352,4752133768204,4752133768228,16,15.1719,4.28864,5.624,0.83276,0.34336,2.2944,1.78852
305,1,0,1e+08,4752133804372,4752136283504,4752136989072,4752137064780,4752137108064,4752137364376,4752137528572,4752137528604,16,37.2423,24.7913,7.05568,0.75708,0.43284,2.56312,1.64196
306,1,0,1e+08,4752137579456,4752137814348,4752138980484,4752139061656,4752139090708,4752139425588,4752139587192,4752139587224,16,20.0777,2.34892,11.6614,0.81172,0.29052,3.3488,1.61604
307,1,0,1e+08,4752139618912,4752139860536,4752140238740,4752140325568,4752140343364,4752141103480,4752141384197,4752141384257,16,17.6534,2.41624,3.78204,0.86828,0.17796,7.60116,2.80717
308,1,0,1e+08,4752141437061,4752141857745,4752142327993,4752142397329,4752142416929,4752142614413,4752142750737,4752142750757,16,13.137,4.20684,4.70248,0.69336,0.196,1.97484,1.36324
309,1,0,1e+08,4752142780725,4752144555453,4752145332785,4752145401157,4752145436425,4752145697181,4752145867581,4752145867613,16,30.8689,17.7473,7.77332,0.68372,0.35268,2.60756,1.704
310,1,0,1e+08,4752145903085,4752146152689,4752146493377,4752146578861,4752146610097,4752146808321,4752147407538,4752147407610,16,15.0452,2.49604,3.40688,0.85484,0.31236,1.98224,5.99217
311,1,0,1e+08,4752147452126,4752147915794,4752148462626,4752148536518,4752148610094,4752148832574,4752148990662,4752148990690,16,15.3856,4.63668,5.46832,0.73892,0.73576,2.2248,1.58088
312,1,0,1e+08,4752149034070,4752150135460,4752150485488,4752150556520,4752150583352,4752151514308,4752151755029,4752151755077,16,27.2101,11.0139,3.50028,0.71032,0.26832,9.30956,2.40721
313,1,0,1e+08,4752151792562,4752152676480,4752153059712,4752153133156,4752153152364,4752153331912,4752153474052,4752153474080,16,16.8152,8.83918,3.83232,0.73444,0.19208,1.79548,1.4214
314,1,0,1e+08,4752153506148,4752154898938,4752155867504,4752155967300,4752156006040,4752156413746,4752156601194,4752156601230,16,30.9508,13.9279,9.68566,0.99796,0.3874,4.07706,1.87448
315,1,0,1e+08,4752156631218,4752156884502,4752157301766,4752157371282,4752157392778,4752157569382,4752157727334,4752157727358,16,10.9614,2.53284,4.17264,0.69516,0.21496,1.76604,1.57952
316,1,0,1e+08,4752157758550,4752159986339,4752160968249,4752161047649,4752161124881,4752161413041,4752161594237,4752161594265,16,38.3571,22.2779,9.8191,0.794,0.77232,2.8816,1.81196
317,1,0,1e+08,4752161631817,4752161845849,4752162179645,4752162248193,4752162265697,4752162423201,4752162554537,4752162554561,16,9.22744,2.14032,3.33796,0.68548,0.17504,1.57504,1.31336
318,1,0,1e+08,4752162585269,4752164490066,4752164840318,4752164921242,4752165014406,4752165171018,4752165311882,4752165311902,16,27.2663,19.048,3.50252,0.80924,0.93164,1.56612,1.40864
319,1,0,1e+08,4752165342974,4752171982861,4752172273413,4752172330777,4752172356129,4752172528425,4752172646405,4752172646473,16,73.035,66.3989,2.90552,0.57364,0.25352,1.72296,1.1798
320,1,0,1e+08,4752172674157,4752174450076,4752174760688,4752174854588,4752174874020,4752175056860,4752175173840,4752175173856,16,24.997,17.7592,3.10612,0.939,0.19432,1.8284,1.1698
321,1,0,1e+08,4752175199916,4752176955687,4752178026220,4752178098472,4752178158336,4752178577396,4752178747560,4752178747600,16,35.4768,17.5577,10.7053,0.72252,0.59864,4.1906,1.70164
322,1,0,1e+08,4752178772580,4752180555325,4752181761460,4752181833628,4752181872020,4752182218104,4752182375952,4752182375980,16,36.034,17.8275,12.0614,0.72168,0.38392,3.46084,1.57848
323,1,0,1e+08,4752182403268,4752182669412,4752183042824,4752183107156,4752183134292,4752183308364,4752183452304,4752183452332,16,10.4906,2.66144,3.73412,0.64332,0.27136,1.74072,1.4394
324,1,0,1e+08,4752183482092,4752185142152,4752185491900,4752185585416,4752185604180,4752185768180,4752185910664,4752185910684,16,24.2859,16.6006,3.49748,0.93516,0.18764,1.64,1.42484
325,1,0,1e+08,4752185939652,4752186170096,4752186486528,4752186550884,4752186585008,4752186741404,4752186876004,4752186876032,16,9.3638,2.30444,3.16432,0.64356,0.34124,1.56396,1.346
326,1,0,1e+08,4752186906060,4752188261849,4752188579365,4752188658985,4752188684185,4752188842345,4752188983097,4752188983121,16,20.7706,13.5579,3.17516,0.7962,0.252,1.5816,1.40752
327,1,0,1e+08,4752189015973,4752189240389,4752189567793,4752189642597,4752189660917,4752189823453,4752189967321,4752189967345,16,9.51372,2.24416,3.27404,0.74804,0.1832,1.62536,1.43868
328,1,0,1e+08,4752190001197,4752191323197,4752191679689,4752191770745,4752191794241,4752191954377,4752192090845,4752192090869,16,20.8967,13.22,3.56492,0.91056,0.23496,1.60136,1.36468
329,1,0,1e+08,4752192121505,4752192331513,4752192636681,4752192706113,4752192738317,4752192906369,4752193040177,4752193040201,16,9.18696,2.10008,3.05168,0.69432,0.32204,1.68052,1.33808
330,1,0,1e+08,4752193071745,4752201178814,4752201469450,4752201522194,4752201569590,4752201753302,4752201871042,4752201871058,16,87.9931,81.0707,2.90636,0.52744,0.47396,1.83712,1.1774
331,1,0,1e+08,4752201896666,4752203634011,4752203956351,4752204042023,4752204090247,4752204266295,4752204383539,4752204383559,16,24.8689,17.3734,3.2234,0.85672,0.48224,1.76048,1.17244
332,1,0,1e+08,4752204408855,4752206159446,4752206473174,4752206547130,4752206601146,4752206760754,4752206879542,4752206879558,16,24.707,17.5059,3.13728,0.73956,0.54016,1.59608,1.18788
333,1,0,1e+08,4752206904682,4752208635299,4752208950251,4752209031087,4752209075975,4752209236391,4752209355139,4752209355159,16,24.5048,17.3062,3.14952,0.80836,0.44888,1.60416,1.18748
334,1,0,1e+08,4752209380747,4752209611943,4752209925167,4752209988107,4752210023663,4752210180595,4752210328503,4752210328523,16,9.47776,2.31196,3.13224,0.6294,0.35556,1.56932,1.47908
335,1,0,1e+08,4752210359875,4752212109490,4752212456398,4752212523446,4752212543254,4752212731634,4752212861150,4752212861214,16,25.0134,17.4962,3.46908,0.67048,0.19808,1.8838,1.29516
336,1,0,1e+08,4752212889918,4752213128958,4752213439822,4752213502242,4752213532082,4752213688774,4752213844102,4752213844122,16,9.54204,2.3904,3.10864,0.6242,0.2984,1.56692,1.55328
337,1,0,1e+08,4752213874490,4752215411472,4752216300074,4752216367906,4752216412682,4752216678270,4752216848282,4752216848314,16,29.7382,15.3698,8.88602,0.67832,0.44776,2.65588,1.70012
338,1,0,1e+08,4752216881202,4752217116742,4752217461978,4752217536886,4752217562670,4752217723946,4752217879626,4752217879646,16,9.98444,2.3554,3.45236,0.74908,0.25784,1.61276,1.5568
339,1,0,1e+08,4752217920018,4752218290450,4752218629542,4752218701618,4752218723058,4752218883270,4752219052998,4752219053022,16,11.33,3.70432,3.39092,0.72076,0.2144,1.60212,1.69728
340,1,0,1e+08,4752219083262,4752220718015,4752221050323,4752221122523,4752221145379,4752221303119,4752221446107,4752221446127,16,23.6287,16.3475,3.32308,0.722,0.22856,1.5774,1.42988
341,1,0,1e+08,4752221480963,4752228018145,4752228303537,4752228356153,4752228406417,4752228575085,4752228692741,4752228692761,16,72.118,65.3718,2.85392,0.52616,0.50264,1.68668,1.17656
342,1,0,1e+08,4752228718633,4752230453381,4752230770933,4752230845057,4752230899513,4752231079021,4752231196189,4752231196205,16,24.7757,17.3475,3.17552,0.74124,0.54456,1.79508,1.17168
343,1,0,1e+08,4752231221393,4752233271116,4752234308257,4752234370961,4752234396245,4752234677925,4752234811829,4752234811861,16,35.9047,20.4972,10.3714,0.62704,0.25284,2.8168,1.33904
344,1,0,1e+08,4752234838349,4752236641565,4752237009129,4752237083605,4752237117785,4752237302369,4752237436941,4752237436969,16,25.9862,18.0322,3.67564,0.74476,0.3418,1.84584,1.34572
345,1,0,1e+08,4752237483813,4752237709113,4752238785217,4752238864133,4752238897873,4752239286593,4752239479957,4752239479997,16,19.9618,2.253,10.761,0.78916,0.3374,3.8872,1.93364
346,1,0,1e+08,4752239518985,4752240381584,4752241292029,4752241392933,4752241462568,4752241888466,4752242090326,4752242090362,16,25.7138,8.62599,9.10445,1.00904,0.69635,4.25898,2.0186
347,1,0,1e+08,4752242128966,4752242962171,4752243285947,4752243346555,4752243362931,4752243519363,4752243647551,4752243647575,16,15.1861,8.33205,3.23776,0.60608,0.16376,1.56432,1.28188
348,1,0,1e+08,4752243678719,4752245176358,4752245508822,4752245594590,4752245618534,4752245811722,4752246397277,4752246397349,16,27.1863,14.9764,3.32464,0.85768,0.23944,1.93188,5.85555
349,1,0,1e+08,4752246436581,4752246870848,4752247424456,4752247490092,4752247512828,4752247750520,4752247917864,4752247917892,16,14.8131,4.34267,5.53608,0.65636,0.22736,2.37692,1.67344
350,1,0,1e+08,4752247984644,4752250021249,4752250378437,4752250459097,4752250480065,4752251268384,4752251477029,4752251477077,16,34.9243,20.3661,3.57188,0.8066,0.20968,7.88319,2.08645
351,1,0,1e+08,4752251507725,4752251839677,4752252307005,4752252372281,4752252393725,4752252593077,4752252724693,4752252724789,16,12.1706,3.31952,4.67328,0.65276,0.21444,1.99352,1.31616
352,1,0,1e+08,4752252771925,4752254736300,4752255045500,4752255142056,4752255161520,4752255316944,4752255444288,4752255444308,16,26.7238,19.6438,3.092,0.96556,0.19464,1.55424,1.27344
353,1,0,1e+08,4752255476920,4752255703816,4752256009524,4752256123088,4752256164372,4752256321424,4752256469688,4752256469712,16,9.92792,2.26896,3.05708,1.13564,0.41284,1.57052,1.48264
354,1,0,1e+08,4752256501148,4752257771175,4752258101623,4752258179679,4752258202783,4752258563119,4752259075460,4752259075532,16,25.7438,12.7003,3.30448,0.78056,0.23104,3.60336,5.12341
355,1,0,1e+08,4752259115764,4752259513669,4752260052033,4752260132525,4752260157861,4752260374509,4752260536185,4752260536213,16,14.2045,3.97905,5.38364,0.80492,0.25336,2.16648,1.61676
356,1,0,1e+08,4752260578909,4752261161993,4752261496389,4752261569613,4752261589325,4752261747381,4752261879741,4752261879761,16,13.0085,5.83084,3.34396,0.73224,0.19712,1.58056,1.3236
357,1,0,1e+08,4752261909989,4752264787806,4752265097950,4752265168986,4752265189134,4752265344350,4752265471254,4752265471278,16,35.6129,28.7782,3.10144,0.71036,0.20148,1.55216,1.26904
358,1,0,1e+08,4752265501274,4752270913174,4752271202622,4752271255446,4752271306494,4752271497874,4752271615074,4752271615090,16,61.1382,54.119,2.89448,0.52824,0.51048,1.9138,1.172
359,1,0,1e+08,4752271640434,4752273404931,4752273700451,4752273761603,4752273802019,4752274264007,4752274733054,4752274733138,16,30.927,17.645,2.9552,0.61152,0.40416,4.61988,4.69047
360,1,0,1e+08,4752274770778,4752276609634,4752276971622,4752277049806,4752277106650,4752277300858,4752277424194,4752277424214,16,26.5344,18.3886,3.61988,0.78184,0.56844,1.94208,1.23336
361,1,0,1e+08,4752277450578,4752279235786,4752279545986,4752279616410,4752279669142,4752279840190,4752279962474,4752279962498,16,25.1192,17.8521,3.102,0.70424,0.52732,1.71048,1.22284
362,1,0,1e+08,4752279989106,4752280231018,4752280545854,4752280612350,4752280641210,4752280797854,4752280944694,4752280944714,16,9.55608,2.41912,3.14836,0.66496,0.2886,1.56644,1.4684
363,1,0,1e+08,4752280979986,4752282634910,4752282978846,4752283065762,4752283087150,4752283940970,4752284201348,4752284201404,16,32.2142,16.5492,3.43936,0.86916,0.21388,8.5382,2.60378
364,1,0,1e+08,4752284233136,4752284611633,4752285085237,4752285161193,4752285182869,4752285387569,4752285596765,4752285596785,16,13.6365,3.78497,4.73604,0.75956,0.21676,2.047,2.09196
365,1,0,1e+08,4752285641337,4752286515060,4752287259984,4752287334520,4752287368528,4752287625568,4752287814284,4752287814316,16,21.7298,8.73723,7.44924,0.74536,0.34008,2.5704,1.88716
366,1,0,1e+08,4752287850220,4752288567974,4752288904614,4752288970118,4752288999298,4752289157810,4752289293738,4752289293758,16,14.4354,7.17754,3.3664,0.65504,0.2918,1.58512,1.35928
367,1,0,1e+08,4752289324722,4752290804903,4752291139355,4752291216287,4752291236271,4752291400047,4752291550967,4752291551067,16,22.2634,14.8018,3.34452,0.76932,0.19984,1.63776,1.5092
368,1,0,1e+08,4752291583555,4752291801119,4752292142523,4752292221083,4752292246223,4752292679915,4752293120376,4752293120448,16,15.3689,2.17564,3.41404,0.7856,0.2514,4.33692,4.40461
369,1,0,1e+08,4752293158732,4752294193258,4752294612034,4752294688194,4752294727986,4752294948040,4752295581225,4752295581325,16,24.2259,10.3453,4.18776,0.7616,0.39792,2.20054,6.33185
370,1,0,1e+08,4752295623209,4752296796958,4752297241482,4752297310830,4752297331466,4752297496226,4752297652906,4752297652926,16,20.2972,11.7375,4.44524,0.69348,0.20636,1.6476,1.5668
371,1,0,1e+08,4752297687774,4752304153474,4752304464142,4752304519798,4752304569858,4752304760326,4752304882538,4752304882562,16,71.9479,64.657,3.10668,0.55656,0.5006,1.90468,1.22212
372,1,0,1e+08,4752304910554,4752306690547,4752307838600,4752307909876,4752308015142,4752308423771,4752308580459,4752308580487,16,36.6993,17.7999,11.4805,0.71276,1.05266,4.08629,1.56688
373,1,0,1e+08,4752308606883,4752310382859,4752310702235,4752310774155,4752310824935,4752311692524,4752311991289,4752311991349,16,33.8447,17.7598,3.19376,0.7192,0.5078,8.67589,2.98765
374,1,0,1e+08,4752312022309,4752313925532,4752314264540,4752314341356,4752314382784,4752314543012,4752314666184,4752314666204,16,26.4389,19.0322,3.39008,0.76816,0.41428,1.60228,1.23172
375,1,0,1e+08,4752314692928,4752314929080,4752315238760,4752315300536,4752315337464,4752315512584,4752315665704,4752315665728,16,9.728,2.36152,3.0968,0.61776,0.36928,1.7512,1.5312
376,1,0,1e+08,4752315695760,4752317490005,4752317845993,4752317924309,4752317940689,4752318096461,4752318222541,4752318222561,16,25.268,17.9424,3.55988,0.78316,0.1638,1.55772,1.2608
377,1,0,1e+08,4752318251097,4752318453509,4752318758209,4752318823117,4752318847445,4752319003873,4752319144493,4752319144521,16,8.93424,2.02412,3.047,0.64908,0.24328,1.56428,1.4062
378,1,0,1e+08,4752319175457,4752320509525,4752320848457,4752320935605,4752320958581,4752321115133,4752321273197,4752321273217,16,20.9776,13.3407,3.38932,0.87148,0.22976,1.56552,1.58064
379,1,0,1e+08,4752321307869,4752321517481,4752321847321,4752321917733,4752321937005,4752322094365,4752322237137,4752322237161,16,9.29292,2.09612,3.2984,0.70412,0.19272,1.5736,1.42772
380,1,0,1e+08,4752322267965,4752323601962,4752323932534,4752324005046,4752324030210,4752324186634,4752324320018,4752324320038,16,20.5207,13.34,3.30572,0.72512,0.25164,1.56424,1.33384
381,1,0,1e+08,4752324351030,4752324552042,4752324866606,4752324943342,4752324968122,4752325130898,4752325286414,4752325286438,16,9.35408,2.01012,3.14564,0.76736,0.2478,1.62776,1.55516
382,1,0,1e+08,4752325319626,4752333207610,4752333522182,4752333575238,4752333593870,4752333756974,4752333871854,4752333871874,16,85.5225,78.8798,3.14572,0.53056,0.18632,1.63104,1.1488
383,1,0,1e+08,4752333896926,4752335731889,4752336148201,4752336203953,4752336219225,4752336438109,4752336568905,4752336568993,16,26.7207,18.3496,4.16312,0.55752,0.15272,2.18884,1.30796
384,1,0,1e+08,4752336596373,4752338362162,4752338696882,4752338773430,4752338794890,4752339642356,4752339885724,4752339885772,16,32.894,17.6579,3.3472,0.76548,0.2146,8.47466,2.43368
385,1,0,1e+08,4752339913848,4752341710293,4752342130233,4752342210453,4752342235797,4752342457417,4752342592177,4752342592205,16,26.7836,17.9644,4.1994,0.8022,0.25344,2.2162,1.3476
386,1,0,1e+08,4752342619017,4752342945467,4752344035380,4752344109756,4752344141596,4752344440996,4752344591884,4752344591912,16,19.7289,3.2645,10.8991,0.74376,0.3184,2.994,1.50888
387,1,0,1e+08,4752344629660,4752346306863,4752346958629,4752347020153,4752347072813,4752347333761,4752347546993,4752347547021,16,29.1736,16.772,6.51766,0.61524,0.5266,2.60948,2.13232
388,1,0,1e+08,4752347599921,4752348211139,4752348606574,4752348811366,4752348882109,4752349689273,4752349907533,4752349907569,16,23.0765,6.11218,3.95435,2.04792,0.70743,8.07164,2.1826
389,1,0,1e+08,4752349951561,4752350763238,4752351121658,4752351186682,4752351206126,4752351692097,4752352143960,4752352144048,16,21.9249,8.11677,3.5842,0.65024,0.19444,4.85971,4.51863
390,1,0,1e+08,4752352179716,4752353511502,4752353915846,4752353992686,4752354015262,4752354277565,4752354872289,4752354872434,16,26.9272,13.3179,4.04344,0.7684,0.22576,2.62303,5.94724
391,1,0,1e+08,4752354920434,4752355382568,4752355967704,4752356045332,4752356063436,4752356288828,4752356434112,4752356434140,16,15.1371,4.62134,5.85136,0.77628,0.18104,2.25392,1.45284
392,1,0,1e+08,4752356464852,4752358403674,4752359450152,4752359524944,4752359548580,4752359829472,4752360027720,4752360027744,16,35.6289,19.3882,10.4648,0.74792,0.23636,2.80892,1.98248
393,1,0,1e+08,4752360063860,4752360309780,4752360668932,4752360800272,4752360818444,4752360976252,4752361116332,4752361116356,16,10.525,2.4592,3.59152,1.3134,0.18172,1.57808,1.4008
394,1,0,1e+08,4752361145372,4752363510348,4752364333405,4752364411433,4752364440709,4752364731961,4752364876917,4752364876945,16,37.3157,23.6498,8.23057,0.78028,0.29276,2.91252,1.44956
395,1,0,1e+08,4752364905701,4752365170317,4752365512953,4752365589049,4752365615089,4752365775145,4752365946393,4752365946417,16,10.4072,2.64616,3.42636,0.76096,0.2604,1.60056,1.71248
396,1,0,1e+08,4752365986537,4752366237409,4752366572437,4752366645329,4752366662957,4752366823973,4752366979717,4752366979737,16,9.932,2.50872,3.35028,0.72892,0.17628,1.61016,1.55744
397,1,0,1e+08,4752367016261,4752370044946,4752370358014,4752370434054,4752370463642,4752370651638,4752370788202,4752370788226,16,37.7197,30.2869,3.13068,0.7604,0.29588,1.87996,1.36564
398,1,0,1e+08,4752370818270,4752371029874,4752371340274,4752371400630,4752371427870,4752371585482,4752371725522,4752371725542,16,9.07272,2.11604,3.104,0.60356,0.2724,1.57612,1.4004
399,1,0,1e+08,4752371755162,4752373066771,4752373391599,4752373470843,4752373491971,4752373649443,4752373828227,4752373828295,16,20.7313,13.1161,3.24828,0.79244,0.21128,1.57472,1.78784
400,1,0,1e+08,4752373863451,4752374077127,4752374406611,4752374479655,4752374499291,4752374655651,4752374782883,4752374782903,16,9.19452,2.13676,3.29484,0.73044,0.19636,1.5636,1.27232
401,1,0,1e+08,4752374811995,4752376132008,4752376453152,4752376535688,4752376573420,4752376729132,4752376869756,4752376869780,16,20.5779,13.2001,3.21144,0.82536,0.37732,1.55712,1.40624
402,1,0,1e+08,4752376898800,4752377103044,4752377420712,4752377482000,4752377501136,4752377660892,4752377803344,4752377803364,16,9.04564,2.04244,3.17668,0.61288,0.19136,1.59756,1.42452
403,1,0,1e+08,4752377834552,4752385857529,4752386151389,4752386208085,4752386245409,4752386429289,4752386546237,4752386546261,16,87.1171,80.2298,2.9386,0.56696,0.37324,1.8388,1.16948
404,1,0,1e+08,4752386570597,4752388361105,4752388671381,4752388747181,4752388791977,4752388961309,4752389080557,4752389080577,16,25.0998,17.9051,3.10276,0.758,0.44796,1.69332,1.19248
405,1,0,1e+08,4752389108689,4752390944353,4752391254141,4752391321981,4752391339957,4752391492909,4752391605905,4752391605929,16,24.9724,18.3566,3.09788,0.6784,0.17976,1.52952,1.12996
406,1,0,1e+08,4752391631169,4752393375024,4752393684860,4752393758704,4752393789652,4752393965892,4752394086972,4752394086988,16,24.5582,17.4385,3.09836,0.73844,0.30948,1.7624,1.2108
407,1,0,1e+08,4752394113092,4752394339044,4752394643152,4752394706748,4752394743668,4752394903304,4752395039248,4752395039272,16,9.2618,2.25952,3.04108,0.63596,0.3692,1.59636,1.35944
408,1,0,1e+08,4752395068288,4752396714627,4752397060823,4752397203491,4752397221347,4752397597307,4752398109904,4752398109972,16,30.4168,16.4634,3.46196,1.42668,0.17856,3.7596,5.12597
409,1,0,1e+08,4752398150028,4752398544429,4752399071285,4752399172845,4752399219473,4752399431617,4752399592673,4752399592701,16,14.4267,3.94401,5.26856,1.0156,0.46628,2.12144,1.61056
410,1,0,1e+08,4752399635749,4752400021045,4752400360449,4752400438525,4752400474669,4752400631525,4752400768805,4752400768825,16,11.3308,3.85296,3.39404,0.78076,0.36144,1.56856,1.3728
411,1,0,1e+08,4752400800541,4752403930152,4752405143524,4752405213408,4752405265916,4752405608184,4752405761564,4752405761592,16,49.6105,31.2961,12.1337,0.69884,0.52508,3.42268,1.5338
412,1,0,1e+08,4752405790704,4752406048284,4752406398924,4752406470968,4752406495680,4752406660904,4752406812912,4752406812932,16,10.2223,2.5758,3.5064,0.72044,0.24712,1.65224,1.52008
413,1,0,1e+08,4752406850200,4752407159984,4752407481048,4752407570424,4752407590292,4752407749600,4752407903252,4752407903276,16,10.5308,3.09784,3.21064,0.89376,0.19868,1.59308,1.53652
414,1,0,1e+08,4752407940764,4752409579437,4752409897337,4752409968653,4752409988485,4752410146185,4752410295005,4752410295025,16,23.5426,16.3867,3.179,0.71316,0.19832,1.577,1.4882
415,1,0,1e+08,4752410325097,4752410525333,4752410856633,4752410931801,4752410956293,4752411116401,4752411278809,4752411278889,16,9.53792,2.00236,3.313,0.75168,0.24492,1.60108,1.62408
416,1,0,1e+08,4752411314105,4752412666555,4752413029515,4752413119671,4752413139783,4752413348799,4752413484283,4752413484303,16,21.702,13.5245,3.6296,0.90156,0.20112,2.09016,1.35484
417,1,0,1e+08,4752413512511,4752413718463,4752414031515,4752414145875,4752414187667,4752414450912,4752415035068,4752415035160,16,15.2265,2.05952,3.13052,1.1436,0.41792,2.63245,5.84156
418,1,0,1e+08,4752415075912,4752416049686,4752416451158,4752416514050,4752416554326,4752416734182,4752416888598,4752416888618,16,18.1271,9.73774,4.01472,0.62892,0.40276,1.79856,1.54416
419,1,0,1e+08,4752416917758,4752425038501,4752425326573,4752425382089,4752425407657,4752425606813,4752425723405,4752425723429,16,88.0567,81.2074,2.88072,0.55516,0.25568,1.99156,1.16592
420,1,0,1e+08,4752425748885,4752427534823,4752427843655,4752427912359,4752427963259,4752428153739,4752428271203,4752428271223,16,25.2234,17.8594,3.08832,0.68704,0.509,1.9048,1.17464
421,1,0,1e+08,4752428296979,4752430054943,4752431246159,4752431317272,4752431376180,4752431749856,4752431904372,4752431904412,16,36.0743,17.5796,11.9122,0.71113,0.58908,3.73676,1.54516
422,1,0,1e+08,4752431932012,4752433692969,4752434002933,4752434072829,4752434091501,4752434249637,4752434384249,4752434384269,16,24.5226,17.6096,3.09964,0.69896,0.18672,1.58136,1.34612
423,1,0,1e+08,4752434411141,4752434624069,4752434937429,4752434998553,4752435030409,4752435225897,4752435385117,4752435385141,16,9.74,2.12928,3.1336,0.61124,0.31856,1.95488,1.5922
424,1,0,1e+08,4752435418373,4752437521497,4752438388996,4752438454412,4752438496300,4752438778804,4752438931812,4752438931840,16,35.1347,21.0312,8.67499,0.65416,0.41888,2.82504,1.53008
425,1,0,1e+08,4752438963068,4752439212004,4752439561288,4752439635900,4752439662800,4752439883578,4752440473787,4752440473972,16,15.109,2.48936,3.49284,0.74612,0.269,2.20778,5.90209
426,1,0,1e+08,4752440521448,4752440962233,4752441527714,4752441598746,4752441646602,4752441879290,4752442033078,4752442033102,16,15.1165,4.40785,5.65481,0.71032,0.47856,2.32688,1.53788
427,1,0,1e+08,4752442075666,4752442984868,4752443315784,4752443398272,4752443419692,4752443578704,4752443755248,4752443755272,16,16.7961,9.09202,3.30916,0.82488,0.2142,1.59012,1.76544
428,1,0,1e+08,4752443794484,4752445338477,4752445665881,4752445745009,4752445772061,4752445932069,4752446081089,4752446081109,16,22.8663,15.4399,3.27404,0.79128,0.27052,1.60008,1.4902
429,1,0,1e+08,4752446117057,4752446324309,4752446656349,4752446733565,4752446775301,4752446965005,4752447156981,4752447157005,16,10.3995,2.07252,3.3204,0.77216,0.41736,1.89704,1.91976
430,1,0,1e+08,4752447191913,4752448449744,4752448813404,4752448896660,4752448921516,4752449084952,4752449221372,4752449221392,16,20.2948,12.5783,3.6366,0.83256,0.24856,1.63436,1.3642
431,1,0,1e+08,4752449252600,4752449445536,4752449746308,4752449809960,4752449832268,4752449990724,4752450134524,4752450134616,16,8.82016,1.92936,3.00772,0.63652,0.22308,1.58456,1.438
432,1,0,1e+08,4752450164224,4752451913337,4752452783464,4752452852132,4752452874276,4752453144548,4752453316004,4752453316028,16,31.518,17.4911,8.70127,0.68668,0.22144,2.70272,1.71456
433,1,0,1e+08,4752453350464,4752460695045,4752460989913,4752461042545,4752461119297,4752461309669,4752461426329,4752461426353,16,80.7589,73.4458,2.94868,0.52632,0.76752,1.90372,1.1666
434,1,0,1e+08,4752461451473,4752463196599,4752463522823,4752463593355,4752463635123,4752464182192,4752464601200,4752464601272,16,31.498,17.4513,3.26224,0.70532,0.41768,5.47069,4.19008
435,1,0,1e+08,4752464639628,4752466426329,4752466811985,4752466911041,4752466952901,4752467527810,4752467908628,4752467908692,16,32.6906,17.867,3.85656,0.99056,0.4186,5.74909,3.80818
436,1,0,1e+08,4752467938512,4752469780160,4752470144140,4752470213368,4752470271316,4752470459328,4752470586980,4752470587000,16,26.4849,18.4165,3.6398,0.69228,0.57948,1.88012,1.27652
437,1,0,1e+08,4752470612972,4752470842272,4752471839637,4752471927926,4752471963890,4752472371964,4752472536488,4752472536528,16,19.2356,2.293,9.97365,0.88289,0.35964,4.08074,1.64524
438,1,0,1e+08,4752472571772,4752473893123,4752474878676,4752474949580,4752475042304,4752475327672,4752475540088,4752475540112,16,29.6834,13.2135,9.85553,0.70904,0.92724,2.85368,2.12416
439,1,0,1e+08,4752475582012,4752476193992,4752477394040,4752477469512,4752477507436,4752477817904,4752478010904,4752478010940,16,24.2893,6.1198,12.0005,0.75472,0.37924,3.10468,1.93
440,1,0,1e+08,4752478047804,4752478698029,4752479054221,4752479137425,4752479163993,4752479323305,4752479462065,4752479462085,16,14.1428,6.50225,3.56192,0.83204,0.26568,1.59312,1.3876
441,1,0,1e+08,4752479497501,4752481414853,4752482233888,4752482307560,4752482332832,4752482594724,4752482767340,4752482767372,16,32.6987,19.1735,8.19035,0.73672,0.25272,2.61892,1.72616
442,1,0,1e+08,4752482800764,4752483047956,4752483406668,4752483479312,4752483497108,4752483655512,4752483796784,4752483796804,16,9.9604,2.47192,3.58712,0.72644,0.17796,1.58404,1.41272
443,1,0,1e+08,4752483827892,4752485687942,4752486003278,4752486086626,4752486116090,4752486278306,4752486441170,4752486441194,16,26.133,18.6005,3.15336,0.83348,0.29464,1.62216,1.62864
444,1,0,1e+08,4752486469666,4752486689002,4752487018134,4752487079518,4752487095166,4752487852157,4752488087692,4752488087740,16,16.1807,2.19336,3.29132,0.61384,0.15648,7.56991,2.35535
445,1,0,1e+08,4752488122829,4752489018283,4752489414791,4752489488039,4752489507451,4752489741775,4752490330525,4752490330617,16,22.0779,8.95454,3.96508,0.73248,0.19412,2.34324,5.8875
446,1,0,1e+08,4752490369481,4752491597969,4752492004833,4752492090713,4752492108441,4752492565543,4752493031590,4752493031662,16,26.6218,12.2849,4.06864,0.8588,0.17728,4.57102,4.66047
447,1,0,1e+08,4752493068158,4752493495916,4752494042060,4752494122468,4752494161112,4752494392780,4752494582884,4752494582984,16,15.1483,4.27758,5.46144,0.80408,0.38644,2.31668,1.90104
448,1,0,1e+08,4752494624672,4752494889368,4752495221100,4752495288356,4752495306152,4752495701198,4752496191378,4752496191450,16,15.6678,2.64696,3.31732,0.67256,0.17796,3.95046,4.9018
449,1,0,1e+08,4752496230346,4752497571730,4752497916174,4752498031346,4752498056718,4752498211138,4752498344050,4752498344074,16,21.1373,13.4138,3.44444,1.15172,0.25372,1.5442,1.32912
450,1,0,1e+08,4752498379294,4752498580622,4752498892594,4752498982266,4752499021918,4752499181810,4752499319126,4752499319146,16,9.39852,2.01328,3.11972,0.89672,0.39652,1.59892,1.37316
451,1,0,1e+08,4752499348222,4752500786599,4752501118115,4752501209355,4752501233979,4752501393063,4752501550763,4752501550787,16,22.0257,14.3838,3.31516,0.9124,0.24624,1.59084,1.577
452,1,0,1e+08,4752501587079,4752501808271,4752502135599,4752502199539,4752502235475,4752502391555,4752502527999,4752502528019,16,9.4094,2.21192,3.27328,0.6394,0.35936,1.5608,1.36444
453,1,0,1e+08,4752502556831,4752512551197,4752512842581,4752512895229,4752512943225,4752513126885,4752513244117,4752513244141,16,106.873,99.9437,2.91384,0.52648,0.47996,1.8366,1.17232
454,1,0,1e+08,4752513268961,4752515081774,4752515376042,4752515428734,4752515450294,4752515603458,4752515717238,4752515717258,16,24.483,18.1281,2.94268,0.52692,0.2156,1.53164,1.1378
455,1,0,1e+08,4752515742490,4752517466154,4752517788194,4752517872270,4752517922618,4752518118946,4752518240070,4752518240094,16,24.976,17.2366,3.2204,0.84076,0.50348,1.96328,1.21124
456,1,0,1e+08,4752518266966,4752520063664,4752520791852,4752521069897,4752521163189,4752521695096,4752521896896,4752521896940,16,36.2997,17.967,7.28188,2.78045,0.93292,5.31907,2.018
457,1,0,1e+08,4752521928264,4752522217484,4752522649828,4752522718576,4752522751268,4752522941588,4752523096412,4752523096436,16,11.6817,2.8922,4.32344,0.68748,0.32692,1.9032,1.54824
458,1,0,1e+08,4752523128724,4752525490689,4752526160954,4752526238642,4752526278102,4752526522406,4752526672542,4752526672566,16,35.4384,23.6197,6.70265,0.77688,0.3946,2.44304,1.50136
459,1,0,1e+08,4752526702862,4752526935982,4752528027838,4752528116778,4752528134962,4752528519683,4752528695411,4752528695451,16,19.9259,2.3312,10.9186,0.8894,0.18184,3.84721,1.75728
460,1,0,1e+08,4752528730999,4752528991807,4752529399563,4752529471139,4752529502999,4752530246760,4752530528829,4752530528877,16,17.9788,2.60808,4.07756,0.71576,0.3186,7.43761,2.82069
461,1,0,1e+08,4752530569289,4752531034975,4752531490651,4752531568551,4752531599915,4752531804315,4752531964943,4752531964971,16,13.9568,4.65686,4.55676,0.779,0.31364,2.044,1.60628
462,1,0,1e+08,4752532001731,4752533971366,4752534697632,4752534770756,4752534815708,4752535098504,4752535267480,4752535267504,16,32.6577,19.6964,7.26266,0.73124,0.44952,2.82796,1.68976
463,1,0,1e+08,4752535305136,4752535535104,4752536543313,4752536623614,4752536692682,4752537135021,4752537314433,4752537314549,16,20.0941,2.29968,10.0821,0.80301,0.69068,4.42339,1.79412
464,1,0,1e+08,4752537346145,4752537605281,4752537997357,4752538075121,4752538096137,4752538943650,4752539151945,4752539151993,16,18.0585,2.59136,3.92076,0.77764,0.21016,8.47513,2.08295
465,1,0,1e+08,4752539228741,4752540985048,4752541391312,4752541465648,4752541507960,4752541713116,4752541877260,4752541877288,16,26.4855,17.5631,4.06264,0.74336,0.42312,2.05156,1.64144
466,1,0,1e+08,4752541918024,4752542146844,4752542480260,4752542558956,4752542599476,4752542757240,4752542897256,4752542897276,16,9.79252,2.2882,3.33416,0.78696,0.4052,1.57764,1.40016
467,1,0,1e+08,4752542923744,4752544202385,4752544512461,4752544576869,4752544591085,4752544747129,4752544883161,4752544883185,16,19.5944,12.7864,3.10076,0.64408,0.14216,1.56044,1.36032
468,1,0,1e+08,4752544912633,4752545135461,4752545459489,4752545531749,4752545554645,4752545713605,4752545855717,4752545855737,16,9.43104,2.22828,3.24028,0.7226,0.22896,1.5896,1.42112
469,1,0,1e+08,4752545888105,4752547629701,4752548445036,4752548521060,4752548550380,4752548847692,4752548991856,4752548991888,16,31.0378,17.416,8.15335,0.76024,0.2932,2.97312,1.44164
470,1,0,1e+08,4752549022992,4752549245340,4752549592632,4752549670324,4752549694752,4752549854652,4752549999816,4752549999836,16,9.76844,2.22348,3.47292,0.77692,0.24428,1.599,1.45164
471,1,0,1e+08,4752550036368,4752558445466,4752558792598,4752558846454,4752558871042,4752559046278,4752559166170,4752559166194,16,91.2983,84.091,3.47132,0.53856,0.24588,1.75236,1.19892
472,1,0,1e+08,4752559191486,4752561014710,4752562127501,4752562199697,4752562257481,4752562628113,4752562776345,4752562776373,16,35.8489,18.2322,11.1279,0.72196,0.57784,3.70632,1.48232
473,1,0,1e+08,4752562801885,4752564548690,4752564852854,4752564923062,4752564973822,4752565146094,4752565274926,4752565274954,16,24.7307,17.468,3.04164,0.70208,0.5076,1.72272,1.28832
474,1,0,1e+08,4752565304106,4752567066988,4752567376736,4752567446180,4752567466244,4752567625188,4752567752588,4752567752608,16,24.485,17.6288,3.09748,0.69444,0.20064,1.58944,1.274
475,1,0,1e+08,4752567780148,4752567979592,4752568294180,4752568360024,4752568394560,4752568553596,4752568689440,4752568689464,16,9.09316,1.99444,3.14588,0.65844,0.34536,1.59036,1.35844
476,1,0,1e+08,4752568718168,4752570452609,4752570788921,4752570869241,4752570890733,4752571048473,4752571196985,4752571197009,16,24.7884,17.3444,3.36312,0.8032,0.21492,1.5774,1.48512
477,1,0,1e+08,4752571231169,4752571443273,4752571810305,4752571897969,4752571926229,4752572618303,4752572945129,4752572945189,16,17.1402,2.12104,3.67032,0.87664,0.2826,6.92074,3.26826
478,1,0,1e+08,4752572981109,4752573838616,4752574253932,4752574323368,4752574366200,4752574560076,4752574725376,4752574725396,16,17.4429,8.57507,4.15316,0.69436,0.42832,1.93876,1.653
479,1,0,1e+08,4752574763696,4752576461198,4752576960798,4752577034338,4752577053382,4752577258638,4752577394030,4752577394122,16,26.3043,16.975,4.996,0.7354,0.19044,2.05256,1.35392
480,1,0,1e+08,4752577424114,4752577631650,4752578798272,4752578871632,4752578906368,4752579222808,4752579410532,4752579410560,16,19.8645,2.07536,11.6662,0.7336,0.34736,3.1644,1.87724
481,1,0,1e+08,4752579441668,4752581122266,4752581469610,4752581548278,4752581579894,4752581739626,4752581877326,4752581877350,16,24.3568,16.806,3.47344,0.78668,0.31616,1.59732,1.377
482,1,0,1e+08,4752581907962,4752582102590,4752582419374,4752582493206,4752582511378,4752582667134,4752582794714,4752582794734,16,8.86772,1.94628,3.16784,0.73832,0.18172,1.55756,1.2758
483,1,0,1e+08,4752582836170,4752584308704,4752584645432,4752584717612,4752584736108,4752584894612,4752585048780,4752585048804,16,22.1263,14.7253,3.36728,0.7218,0.18496,1.58504,1.54168
484,1,0,1e+08,4752585078488,4752585274364,4752585575916,4752585634012,4752585652124,4752585806868,4752585944928,4752585944948,16,8.6646,1.95876,3.01552,0.58096,0.18112,1.54744,1.3806
485,1,0,1e+08,4752585972480,4752587953534,4752588591620,4752588658560,4752588691780,4752588947256,4752589112080,4752589112112,16,31.3963,19.8105,6.38086,0.6694,0.3322,2.55476,1.64824
486,1,0,1e+08,4752589145856,4752596356381,4752596662353,4752596718281,4752596754529,4752596968690,4752597594082,4752597594197,16,84.4834,72.1052,3.05972,0.55928,0.36248,2.14161,6.25392
487,1,0,1e+08,4752597630696,4752599407338,4752600654400,4752600718948,4752600756460,4752601061196,4752601207628,4752601207664,16,35.7697,17.7664,12.4706,0.64548,0.37512,3.04736,1.46432
488,1,0,1e+08,4752601234276,4752603408396,4752604313588,4752604379712,4752604402876,4752604694388,4752604842016,4752604842044,16,36.0777,21.7412,9.05192,0.66124,0.23164,2.91512,1.47628
489,1,0,1e+08,4752604869700,4752606755713,4752607540974,4752607721274,4752607771986,4752608232425,4752608416473,4752608416521,16,35.4682,18.8601,7.85261,1.803,0.50712,4.60439,1.84048
490,1,0,1e+08,4752608443749,4752608718929,4752609144333,4752609205893,4752609223545,4752609414129,4752609557281,4752609557301,16,11.1355,2.7518,4.25404,0.6156,0.17652,1.90584,1.43152
491,1,0,1e+08,4752609587717,4752611203856,4752611537300,4752611619756,4752611641592,4752611829688,4752611972384,4752611972408,16,23.8469,16.1614,3.33444,0.82456,0.21836,1.88096,1.42696
492,1,0,1e+08,4752612002104,4752612218004,4752612535024,4752612598584,4752612633372,4752612795772,4752612950672,4752612950692,16,9.48588,2.159,3.1702,0.6356,0.34788,1.624,1.549
493,1,0,1e+08,4752612982416,4752614279946,4752614600862,4752614675006,4752614707666,4752615468085,4752615725596,4752615725660,16,27.4324,12.9753,3.20916,0.74144,0.3266,7.60419,2.57511
494,1,0,1e+08,4752615759925,4752616108870,4752616589110,4752616650758,4752616675610,4752616882002,4752617035862,4752617035882,16,12.7596,3.48945,4.8024,0.61648,0.24852,2.06392,1.5386
495,1,0,1e+08,4752617065986,4752619114599,4752619445931,4752619593578,4752619653213,4752620444850,4752620646236,4752620646380,16,35.8039,20.4861,3.31332,1.47647,0.59635,7.91637,2.01386
496,1,0,1e+08,4752620676340,4752620970076,4752621405280,4752621474568,4752621493888,4752621687084,4752621840440,4752621840460,16,11.6412,2.93736,4.35204,0.69288,0.1932,1.93196,1.53356
497,1,0,1e+08,4752621877660,4752627615160,4752627900624,4752627953300,4752628013632,4752628209868,4752628327660,4752628327684,16,64.5002,57.375,2.85464,0.52676,0.60332,1.96236,1.17792
498,1,0,1e+08,4752628355204,4752630075517,4752630387697,4752630456721,4752630475441,4752630687517,4752631304872,4752631304944,16,29.4974,17.2031,3.1218,0.69024,0.1872,2.12076,6.17355
499,1,0,1e+08,4752631342676,4752633128048,4752633504888,4752633584228,4752633603056,4752633783820,4752633906932,4752633906964,16,25.6429,17.8537,3.7684,0.7934,0.18828,1.80764,1.23112
500,1,0,1e+08,4752633933944,4752635841135,4752636193095,4752636262703,4752636282551,4752636491260,4752637075887,4752637076032,16,31.4209,19.0719,3.5196,0.69608,0.19848,2.08709,5.84627
501,1,0,1e+08,4752637124781,4752637604206,4752638186650,4752638250446,4752638282870,4752638510118,4752638674566,4752638674598,16,15.4982,4.79425,5.82444,0.63796,0.32424,2.27248,1.64448
502,1,0,1e+08,4752638703474,4752640115629,4752641018681,4752641127341,4752641146541,4752641411801,4752641608109,4752641608133,16,29.0466,14.1216,9.03052,1.0866,0.192,2.6526,1.96308
503,1,0,1e+08,4752641644577,4752642404083,4752643530940,4752643610968,4752643634124,4752643915696,4752644100836,4752644100868,16,24.5629,7.59506,11.2686,0.80028,0.23156,2.81572,1.8514
504,1,0,1e+08,4752644140672,4752644798627,4752646010280,4752646083256,4752646108148,4752646424024,4752646617100,4752646617128,16,24.7646,6.57955,12.1165,0.72976,0.24892,3.15876,1.93076
505,1,0,1e+08,4752646664008,4752647388318,4752647710522,4752647772578,4752647808514,4752647965934,4752648108898,4752648108922,16,14.4491,7.2431,3.22204,0.62056,0.35936,1.5742,1.42964
506,1,0,1e+08,4752648139702,4752649840853,4752650946022,4752651020342,4752651053710,4752651349086,4752651495362,4752651495386,16,33.5568,17.0115,11.0517,0.7432,0.33368,2.95376,1.46276
507,1,0,1e+08,4752651523922,4752651756846,4752652099810,4752652160806,4752652176830,4752652334270,4752652488618,4752652488642,16,9.6472,2.32924,3.42964,0.60996,0.16024,1.5744,1.54348
508,1,0,1e+08,4752652518474,4752654432831,4752654766347,4752654836235,4752654855647,4752655010619,4752655138379,4752655138403,16,26.1993,19.1436,3.33516,0.69888,0.19412,1.54972,1.2776
509,1,0,1e+08,4752655167251,4752655373587,4752655682027,4752655741239,4752655772487,4752655930619,4752656070903,4752656070927,16,9.03676,2.06336,3.0844,0.59212,0.31248,1.58132,1.40284
510,1,0,1e+08,4752656100175,4752657658527,4752657989215,4752658067803,4752658084379,4752658245083,4752658393695,4752658393715,16,22.9354,15.5835,3.30688,0.78588,0.16576,1.60704,1.48612
511,1,0,1e+08,4752658427487,4752658652327,4752658981019,4752659057535,4752659086863,4752659244043,4752659379179,4752659379279,16,9.51792,2.2484,3.28692,0.76516,0.29328,1.5718,1.35136
512,1,0,1e+08,4752659414031,4752660620180,4752660947628,4752661027012,4752661057816,4752661213796,4752661342456,4752661342476,16,19.2845,12.0615,3.27448,0.79384,0.30804,1.5598,1.2866
513,1,0,1e+08,4752661371388,4752661561972,4752661885484,4752661949060,4752661965324,4752662121812,4752662283908,4752662283932,16,9.12544,1.90584,3.23512,0.63576,0.16264,1.56488,1.62096
514,1,0,1e+08,4752662314612,4752670166037,4752670456393,4752670508841,4752670556081,4752670738709,4752670855897,4752670855913,16,85.413,78.5142,2.90356,0.52448,0.4724,1.82628,1.17188
515,1,0,1e+08,4752670880997,4752672662490,4752672965662,4752673035234,4752673087470,4752673271266,4752673387218,4752673387238,16,25.0624,17.8149,3.03172,0.69572,0.52236,1.83796,1.15952
516,1,0,1e+08,4752673412478,4752675168376,4752676367262,4752676433390,4752676489598,4752676823650,4752676973282,4752676973310,16,35.6083,17.559,11.9889,0.66128,0.56208,3.34052,1.49632
517,1,0,1e+08,4752676999590,4752678843263,4752679165647,4752679235735,4752679286491,4752679476567,4752679598679,4752679598703,16,25.9911,18.4367,3.22384,0.70088,0.50756,1.90076,1.22112
518,1,0,1e+08,4752679625711,4752680355416,4752681199804,4752681272624,4752681302496,4752681569324,4752681725568,4752681725596,16,20.9989,7.29705,8.44388,0.7282,0.29872,2.66828,1.56244
519,1,0,1e+08,4752681780416,4752682600628,4752682907444,4752682973324,4752682992236,4752683148692,4752683281476,4752683281500,16,15.0108,8.20212,3.06816,0.6588,0.18912,1.56456,1.32784
520,1,0,1e+08,4752683311112,4752684900870,4752685253174,4752685334890,4752685363286,4752685519638,4752685648698,4752685648718,16,23.3761,15.8976,3.52304,0.81716,0.28396,1.56352,1.2906
521,1,0,1e+08,4752685677126,4752685879378,4752686183570,4752686244558,4752686260790,4752686416854,4752686553650,4752686553678,16,8.76552,2.02252,3.04192,0.60988,0.16232,1.56064,1.36796
522,1,0,1e+08,4752686588746,4752687908952,4752688231312,4752688329996,4752688356940,4752688520612,4752688678056,4752688678076,16,20.8933,13.2021,3.2236,0.98684,0.26944,1.63672,1.57444
523,1,0,1e+08,4752688708768,4752688926192,4752689257748,4752689320964,4752689357320,4752689524652,4752689657404,4752689657428,16,9.4866,2.17424,3.31556,0.63216,0.36356,1.67332,1.32752
524,1,0,1e+08,4752689686952,4752690997580,4752692227833,4752692299977,4752692320061,4752692625365,4752692802457,4752692802485,16,31.1553,13.1063,12.3025,0.72144,0.20084,3.05304,1.77092
525,1,0,1e+08,4752692834469,4752693088165,4752693457289,4752693537149,4752693556409,4752693714689,4752693847685,4752693847709,16,10.1324,2.53696,3.69124,0.7986,0.1926,1.5828,1.32996
526,1,0,1e+08,4752693880205,4752700937946,4752701226854,4752701279286,4752701329758,4752701516054,4752701634110,4752701634126,16,77.5392,70.5774,2.88908,0.52432,0.50472,1.86296,1.18056
527,1,0,1e+08,4752701659106,4752703452901,4752704670376,4752704741444,4752704797616,4752705161180,4752705313432,4752705313536,16,36.5443,17.938,12.1747,0.71068,0.56172,3.63564,1.52252
528,1,0,1e+08,4752705339804,4752707126414,4752707433038,4752707500850,4752707519894,4752707678386,4752707801106,4752707801130,16,24.6133,17.8661,3.06624,0.67812,0.19044,1.58492,1.2272
529,1,0,1e+08,4752707828054,4752709608692,4752709915028,4752709983512,4752710004852,4752710798844,4752711075700,4752711075764,16,32.4771,17.8064,3.06336,0.68484,0.2134,7.93992,2.76856
530,1,0,1e+08,4752711105552,4752711488134,4752712006674,4752712071370,4752712107366,4752712318522,4752712460742,4752712460762,16,13.5521,3.82582,5.1854,0.64696,0.35996,2.11156,1.4222
531,1,0,1e+08,4752712490310,4752713797591,4752714138815,4752714226647,4752714277543,4752714460167,4752714615359,4752714615387,16,21.2508,13.0728,3.41224,0.87832,0.50896,1.82624,1.55192
532,1,0,1e+08,4752714651999,4752714896771,4752715211927,4752715273039,4752715305811,4752715461967,4752715602179,4752715602199,16,9.502,2.44772,3.15156,0.61112,0.32772,1.56156,1.40212
533,1,0,1e+08,4752715632631,4752717304550,4752718136592,4752718204604,4752718222256,4752718493384,4752718655196,4752718655228,16,30.226,16.7192,8.32042,0.68012,0.17652,2.71128,1.61812
534,1,0,1e+08,4752718688428,4752718931232,4752719276284,4752719346852,4752719372288,4752719589862,4752720208572,4752720208644,16,15.2022,2.42804,3.45052,0.70568,0.25436,2.17574,6.1871
535,1,0,1e+08,4752720247712,4752720674284,4752721234796,4752721302880,4752721321236,4752721544600,4752721688764,4752721688792,16,14.4108,4.26572,5.60512,0.68084,0.18356,2.23364,1.44164
536,1,0,1e+08,4752721729304,4752723381167,4752724056761,4752724128877,4752724175841,4752724423269,4752724571653,4752724571677,16,28.4237,16.5186,6.75594,0.72116,0.46964,2.47428,1.48384
537,1,0,1e+08,4752724600141,4752726794825,4752727152389,4752727229801,4752727246309,4752728061650,4752728284036,4752728284096,16,36.8395,21.9468,3.57564,0.77412,0.16508,8.15341,2.22386
538,1,0,1e+08,4752728314956,4752728674601,4752729162897,4752729237909,4752729262521,4752729472977,4752729648437,4752729648457,16,13.335,3.59645,4.88296,0.75012,0.24612,2.10456,1.7546
539,1,0,1e+08,4752729696097,4752729996337,4752730335181,4752730423041,4752730461977,4752731219021,4752731490772,4752731490832,16,17.9474,3.0024,3.38844,0.8786,0.38936,7.57044,2.71751
540,1,0,1e+08,4752731523004,4752732735562,4752733233485,4752733433262,4752733488028,4752734164585,4752734367270,4752734367314,16,28.4431,12.1256,4.97923,1.99777,0.54766,6.76557,2.02685
541,1,0,1e+08,4752734398546,4752740371929,4752740679445,4752740732401,4752740781393,4752740966973,4752741084137,4752741084157,16,66.8561,59.7338,3.07516,0.52956,0.48992,1.8558,1.17164
542,1,0,1e+08,4752741109797,4752742887218,4752743219134,4752743288914,4752743345478,4752743534146,4752743651526,4752743651546,16,25.4175,17.7742,3.31916,0.6978,0.56564,1.88668,1.1738
543,1,0,1e+08,4752743676318,4752745454250,4752745781406,4752745852586,4752745899362,4752746057734,4752746178350,4752746178418,16,25.021,17.7793,3.27156,0.7118,0.46776,1.58372,1.20616
544,1,0,1e+08,4752746204430,4752747972662,4752748293830,4752748369690,4752748396634,4752749318737,4752749585601,4752749585645,16,33.8122,17.6823,3.21168,0.7586,0.26944,9.22103,2.66864
545,1,0,1e+08,4752749615021,4752750018194,4752750521670,4752750596994,4752750629982,4752750853966,4752751004298,4752751004326,16,13.8931,4.03173,5.03476,0.75324,0.32988,2.23984,1.50332
546,1,0,1e+08,4752751035942,4752752896864,4752753616940,4752753688932,4752753713584,4752753968436,4752754118848,4752754118868,16,30.8293,18.6092,7.20076,0.71992,0.24652,2.54852,1.50412
547,1,0,1e+08,4752754149000,4752754392596,4752754727376,4752754789568,4752754810812,4752754966144,4752755116380,4752755116404,16,9.67404,2.43596,3.3478,0.62192,0.21244,1.55332,1.50236
548,1,0,1e+08,4752755151672,4752757580018,4752758404421,4752758479657,4752758507125,4752758801945,4752758946485,4752758946509,16,37.9484,24.2835,8.24403,0.75236,0.27468,2.9482,1.4454
549,1,0,1e+08,4752758975953,4752759221313,4752759552165,4752759619885,4752759642581,4752759833709,4752760006949,4752760006973,16,10.3102,2.4536,3.30852,0.6772,0.22696,1.91128,1.7324
550,1,0,1e+08,4752760052485,4752760309289,4752760643373,4752760712593,4752760731933,4752760892249,4752761048233,4752761048253,16,9.95768,2.56804,3.34084,0.6922,0.1934,1.60316,1.55984
551,1,0,1e+08,4752761080433,4752764081576,4752764382664,4752764460672,4752764545408,4752764732288,4752764863012,4752764863036,16,37.826,30.0114,3.01088,0.78008,0.84736,1.8688,1.30724
552,1,0,1e+08,4752764891356,4752765129992,4752765441636,4752765503700,4752765539524,4752765699632,4752765869768,4752765869788,16,9.78432,2.38636,3.11644,0.62064,0.35824,1.60108,1.70136
553,1,0,1e+08,4752765900200,4752767284412,4752767608920,4752767707884,4752767727252,4752767926521,4752768513161,4752768513249,16,26.1305,13.8421,3.24508,0.98964,0.19368,1.99269,5.8664
554,1,0,1e+08,4752768553589,4752768983632,4752769537585,4752769608705,4752769629085,4752769850861,4752770019209,4752770019233,16,14.6564,4.30043,5.53953,0.7112,0.2038,2.21776,1.68348
555,1,0,1e+08,4752770055613,4752770609674,4752770946314,4752771020634,4752771037414,4752771194150,4752771328586,4752771328610,16,12.73,5.54061,3.3664,0.7432,0.1678,1.56736,1.34436
556,1,0,1e+08,4752771358106,4752774305564,4752774610804,4752774678076,4752774697332,4752774853040,4752774976352,4752774976368,16,36.1826,29.4746,3.0524,0.67272,0.19256,1.55708,1.23312
557,1,0,1e+08,4752775006076,4752780855855,4752781237743,4752781295279,4752781311803,4752781601511,4752781740967,4752781741003,16,67.3493,58.4978,3.81888,0.57536,0.16524,2.89708,1.39456
558,1,0,1e+08,4752781773351,4752783845739,4752784795902,4752784855794,4752784923922,4752785224114,4752785358150,4752785358178,16,35.8483,20.7239,9.50163,0.59892,0.68128,3.00192,1.34036
559,1,0,1e+08,4752785383622,4752787071399,4752787381087,4752787450719,4752787470547,4752787678425,4752788296250,4752788296705,16,29.1308,16.8778,3.09688,0.69632,0.19828,2.07878,6.17825
560,1,0,1e+08,4752788344665,4752790121037,4752790526161,4752790600169,4752790639969,4752790829477,4752790961201,4752790961229,16,26.1656,17.7637,4.05124,0.74008,0.398,1.89508,1.31724
561,1,0,1e+08,4752790997257,4752791409126,4752792462821,4752792528945,4752792561601,4752792835233,4752792988657,4752792988689,16,19.9143,4.11869,10.5369,0.66124,0.32656,2.73632,1.53424
562,1,0,1e+08,4752793022849,4752794698828,4752795359401,4752795425041,4752795448089,4752795716293,4752795924809,4752795924833,16,29.0198,16.7598,6.60573,0.6564,0.23048,2.68204,2.08516
563,1,0,1e+08,4752795967917,4752796520445,4752796850105,4752796918857,4752796948437,4752797184637,4752797758929,4752797759017,16,17.911,5.52528,3.2966,0.68752,0.2958,2.362,5.74292
564,1,0,1e+08,4752797895449,4752799109356,4752799502468,4752799569164,4752799590656,4752799755740,4752799885504,4752799885524,16,19.9007,12.1391,3.93112,0.66696,0.21492,1.65084,1.29764
565,1,0,1e+08,4752799914648,4752800129796,4752800452056,4752800524056,4752800567336,4752800744928,4752800880432,4752800880456,16,9.65808,2.15148,3.2226,0.72,0.4328,1.77592,1.35504
566,1,0,1e+08,4752800909452,4752802123437,4752802452773,4752802524613,4752802561169,4752802719781,4752802898921,4752802898937,16,19.8948,12.1399,3.29336,0.7184,0.36556,1.58612,1.7914
567,1,0,1e+08,4752802931569,4752803164137,4752803505893,4752803595185,4752803642445,4752803807701,4752803955245,4752803955269,16,10.237,2.32568,3.41756,0.89292,0.4726,1.65256,1.47544
568,1,0,1e+08,4752803987645,4752805293696,4752805620712,4752805688928,4752805718832,4752805874972,4752806007836,4752806007856,16,20.2021,13.0605,3.27016,0.68216,0.29904,1.5614,1.32864
569,1,0,1e+08,4752806037048,4752806228180,4752806537588,4752806602936,4752806626600,4752807454195,4752807694568,4752807694628,16,16.5758,1.91132,3.09408,0.65348,0.23664,8.27595,2.40373
570,1,0,1e+08,4752807726784,4752810087405,4752810434653,4752810514941,4752810543953,4752811378586,4752811596758,4752811596806,16,38.7002,23.6062,3.47248,0.80288,0.29012,8.34633,2.18172
571,1,0,1e+08,4752811628602,4752811978018,4752812437574,4752812501382,4752812543310,4752812768774,4752812931122,4752812931146,16,13.0254,3.49416,4.59556,0.63808,0.41928,2.25464,1.62348
572,1,0,1e+08,4752812962418,4752815011203,4752815328691,4752815396539,4752815433487,4752815590475,4752815730471,4752815730491,16,27.6807,20.4878,3.17488,0.67848,0.36948,1.56988,1.39996
573,1,0,1e+08,4752815765563,4752822377457,4752822666897,4752822719405,4752822737897,4752822890733,4752823012273,4752823012297,16,72.4673,66.1189,2.8944,0.52508,0.18492,1.52836,1.2154
574,1,0,1e+08,4752823039537,4752824793444,4752826005844,4752826078248,4752826143992,4752826573876,4752826739896,4752826739924,16,37.0039,17.5391,12.124,0.72404,0.65744,4.29884,1.6602
575,1,0,1e+08,4752826766520,4752828576628,4752828879060,4752828946616,4752828996244,4752829156720,4752829278112,4752829278188,16,25.1167,18.1011,3.02432,0.67556,0.49628,1.60476,1.21392
576,1,0,1e+08,4752829305268,4752831113243,4752831424595,4752831495119,4752831543859,4752832062425,4752832494434,4752832494486,16,31.8922,18.0797,3.11352,0.70524,0.4874,5.18566,4.32009
577,1,0,1e+08,4752832523202,4752832910262,4752833455442,4752833520862,4752833566642,4752833783186,4752833950954,4752833950982,16,14.2778,3.8706,5.4518,0.6542,0.4578,2.16544,1.67768
578,1,0,1e+08,4752833985522,4752835226554,4752835580218,4752835666362,4752835683854,4752835841130,4752835998242,4752835998262,16,20.1274,12.4103,3.53664,0.86144,0.17492,1.57276,1.57112
579,1,0,1e+08,4752836031234,4752836261506,4752836993080,4752837295696,4752837322604,4752837815385,4752838027813,4752838027857,16,19.9662,2.30272,7.31574,3.02616,0.26908,4.92781,2.12428
580,1,0,1e+08,4752838063909,4752838653499,4752839050387,4752839130811,4752839162071,4752839924045,4752840225072,4752840225120,16,21.6121,5.8959,3.96888,0.80424,0.3126,7.61974,3.01027
581,1,0,1e+08,4752840260864,4752841215394,4752841606306,4752841689194,4752841727498,4752841899430,4752842058346,4752842058370,16,17.9751,9.5453,3.90912,0.82888,0.38304,1.71932,1.58916
582,1,0,1e+08,4752842091950,4752843502085,4752843851273,4752843927737,4752843947073,4752844264486,4752844782941,4752844783013,16,26.9106,14.1014,3.49188,0.76464,0.19336,3.17413,5.18455
583,1,0,1e+08,4752844821818,4752845222421,4752845766769,4752845837633,4752845857429,4752846092989,4752846289489,4752846289517,16,14.677,4.00603,5.44348,0.70864,0.19796,2.3556,1.965
584,1,0,1e+08,4752846331901,4752847571114,4752848208270,4752848310990,4752848328986,4752848586774,4752848752830,4752848752854,16,24.2095,12.3921,6.37156,1.0272,0.17996,2.57788,1.66056
585,1,0,1e+08,4752848792686,4752849426288,4752849751912,4752849820148,4752849858208,4752850031356,4752850171276,4752850171300,16,13.7861,6.33602,3.25624,0.68236,0.3806,1.73148,1.3992
586,1,0,1e+08,4752850239276,4752851781261,4752852107633,4752852179893,4752852199145,4752852355565,4752852519881,4752852519901,16,22.8062,15.4199,3.26372,0.7226,0.19252,1.5642,1.64316
587,1,0,1e+08,4752852550677,4752852766577,4752853083845,4752853154633,4752853174149,4752853331837,4752853472529,4752853472553,16,9.21876,2.159,3.17268,0.70788,0.19516,1.57688,1.40692
588,1,0,1e+08,4752853502377,4752854838472,4752855171376,4752855240684,4752855267824,4752855423944,4752855559984,4752855560008,16,20.5763,13.361,3.32904,0.69308,0.2714,1.5612,1.3604
589,1,0,1e+08,4752855590112,4752863896973,4752864186829,4752864239489,4752864290101,4752864461725,4752864579673,4752864579693,16,89.8958,83.0686,2.89856,0.5266,0.50612,1.71624,1.17948
590,1,0,1e+08,4752864605901,4752866369127,4752866677351,4752866748659,4752866768927,4752866921875,4752867035491,4752867035511,16,24.2961,17.6323,3.08224,0.71308,0.20268,1.52948,1.13616
591,1,0,1e+08,4752867060279,4752868821351,4752869211563,4752869292739,4752869312091,4752869508043,4752869639715,4752869639831,16,25.7955,17.6107,3.90212,0.81176,0.19352,1.95952,1.31672
592,1,0,1e+08,4752869666675,4752871418733,4752871819373,4752871894373,4752871912005,4752872117069,4752872252973,4752872252997,16,25.8632,17.5206,4.0064,0.75,0.17632,2.05064,1.35904
593,1,0,1e+08,4752872280097,4752872499361,4752872909561,4752872995669,4752873022689,4752873714063,4752874029622,4752874029686,16,17.4959,2.19264,4.102,0.86108,0.2702,6.91374,3.15559
594,1,0,1e+08,4752874063694,4752875218380,4752875697836,4752875779124,4752875805704,4752876183360,4752876401600,4752876401636,16,23.3794,11.5469,4.79456,0.81288,0.2658,3.77656,2.1824
595,1,0,1e+08,4752876437552,4752876759636,4752877304584,4752877378044,4752877415812,4752877688732,4752877858912,4752877858948,16,14.214,3.22084,5.44948,0.7346,0.37768,2.7292,1.7018
596,1,0,1e+08,4752877891404,4752879750454,4752880214966,4752880297406,4752880329426,4752880540586,4752880725134,4752880725154,16,28.3375,18.5905,4.64512,0.8244,0.3202,2.1116,1.84548
597,1,0,1e+08,4752880761034,4752881012426,4752881620219,4752881694851,4752881716219,4752882015215,4752882216807,4752882216835,16,14.558,2.51392,6.07793,0.74632,0.21368,2.98996,2.01592
598,1,0,1e+08,4752882252415,4752884371459,4752884921175,4752885028783,4752885062923,4752885343163,4752885531435,4752885531459,16,32.7904,21.1904,5.49716,1.07608,0.3414,2.8024,1.88272
599,1,0,1e+08,4752885571203,4752885838951,4752886283159,4752886356619,4752886377711,4752886623727,4752886796859,4752886796887,16,12.2568,2.67748,4.44208,0.7346,0.21092,2.46016,1.73132
600,1,0,1e+08,4752886829163,4752888942627,4752889503239,4752889605139,4752889640231,4752890604969,4752890861002,4752890861050,16,40.3189,21.1346,5.60612,1.019,0.35092,9.64738,2.56033
601,1,0,1e+08,4752890898608,4752891238552,4752891727804,4752891846684,4752891882188,4752892123508,4752892311448,4752892311496,16,14.1289,3.39944,4.89252,1.1888,0.35504,2.4132,1.8794
602,1,0,1e+08,4752892352920,4752893873243,4752894961538,4752895048882,4752895079742,4752895375502,4752895596438,4752895596462,16,32.4354,15.2032,10.883,0.87344,0.3086,2.9576,2.20936
603,1,0,1e+08,4752895638926,4752895898234,4752897210747,4752897325331,4752897345199,4752897593883,4752897783415,4752897783451,16,21.4452,2.59308,13.1251,1.14584,0.19868,2.48684,1.89532
604,1,0,1e+08,4752897824751,4752899003824,4752899829353,4752899910113,4752899941645,4752900220237,4752900404093,4752900404117,16,25.7937,11.7907,8.25529,0.8076,0.31532,2.78592,1.83856
605,1,0,1e+08,4752900450241,4752901047182,4752901764552,4752901860604,4752901892492,4752902213280,4752902429700,4752902429732,16,19.7949,5.96941,7.1737,0.96052,0.31888,3.20788,2.1642
606,1,0,1e+08,4752902465864,4752902772812,4752903234244,4752903322004,4752903343756,4752903590232,4752903773824,4752903773848,16,13.0798,3.06948,4.61432,0.8776,0.21752,2.46476,1.83592
607,1,0,1e+08,4752903809980,4752905711704,4752906304320,4752906397464,4752906424896,4752906753164,4752906966252,4752906966372,16,31.5639,19.0172,5.92616,0.93144,0.27432,3.28268,2.13088
608,1,0,1e+08,4752907005784,4752907281176,4752907756636,4752907830660,4752907856432,4752908344459,4752908763276,4752908763344,16,17.5756,2.75392,4.7546,0.74024,0.25772,4.88027,4.18817
609,1,0,1e+08,4752908801538,4752910553268,4752911978827,4752912068063,4752912102859,4752912322495,4752912486923,4752912486955,16,36.8542,17.5173,14.2556,0.89236,0.34796,2.19636,1.64428
610,1,0,1e+08,4752912517019,4752912785215,4752913271435,4752913343179,4752913370159,4752913602599,4752913767819,4752913767843,16,12.5082,2.68196,4.8622,0.71744,0.2698,2.3244,1.6522
611,1,0,1e+08,4752913799815,4752915132229,4752915582413,4752915662953,4752915687149,4752915916825,4752916078977,4752916079005,16,22.7919,13.3241,4.50184,0.8054,0.24196,2.29676,1.62152
612,1,0,1e+08,4752916115597,4752916355033,4752916770553,4752916845117,4752916875521,4752917156405,4752917333629,4752917333653,16,12.1806,2.39436,4.1552,0.74564,0.30404,2.80884,1.77224
613,1,0,1e+08,4752917379971,4752918639888,4752919158548,4752919246432,4752919288312,4752919504096,4752919715009,4752919715097,16,23.3513,12.5992,5.1866,0.87884,0.4188,2.15784,2.10913
614,1,0,1e+08,4752919757205,4752921231244,4752921752960,4752921837448,4752921873228,4752922087184,4752922285692,4752922285716,16,25.2851,14.7404,5.21716,0.84488,0.3578,2.13956,1.98508
615,1,0,1e+08,4752922316092,4752923836705,4752924348953,4752924430413,4752924459901,4752924670193,4752924848057,4752924848093,16,25.32,15.2061,5.12248,0.8146,0.29488,2.10292,1.77864
616,1,0,1e+08,4752924882637,4752926656785,4752927349070,4752927429318,4752927465930,4752927713262,4752927903242,4752927903266,16,30.2063,17.7415,6.92285,0.80248,0.36612,2.47332,1.8998
617,1,0,1e+08,4752927943974,4752928165210,4752929290060,4752929363994,4752929412118,4752929819627,4752930003175,4752930003215,16,20.5924,2.21236,11.2485,0.73934,0.48124,4.07509,1.83548
618,1,0,1e+08,4752930040959,4752930309755,4752930731331,4752930809011,4752930846159,4752931273093,4752931807120,4752931807192,16,17.6623,2.68796,4.21576,0.7768,0.37148,4.26934,5.34027
619,1,0,1e+08,4752931846652,4752934191311,4752934989176,4752935072728,4752935152692,4752935457564,4752935632428,4752935632460,16,37.8581,23.4466,7.97865,0.83552,0.79964,3.04872,1.74864
620,1,0,1e+08,4752935663832,4752935871984,4752936271576,4752936356976,4752936384832,4752936625432,4752936783888,4752936783912,16,11.2008,2.08152,3.99592,0.854,0.27856,2.406,1.58456
621,1,0,1e+08,4752936820552,4752937050468,4752937430360,4752937500356,4752937520044,4752938048289,4752938458798,4752938458886,16,16.3833,2.29916,3.79892,0.69996,0.19688,5.28245,4.10509
622,1,0,1e+08,4752938496052,4752939715096,4752940333229,4752940452672,4752940483176,4752941242343,4752941571184,4752941571232,16,30.7518,12.1904,6.18133,1.19443,0.30504,7.59167,3.28841
623,1,0,1e+08,4752941651728,4752941947861,4752942402773,4752942468189,4752942495345,4752943405309,4752943656887,4752943657043,16,20.0531,2.96133,4.54912,0.65416,0.27156,9.09964,2.51578
624,1,0,1e+08,4752943740200,4752944726948,4752945256564,4752945333505,4752945354165,4752945731270,4752946009376,4752946009420,16,22.6922,9.86748,5.29616,0.76941,0.2066,3.77105,2.78106
625,1,0,1e+08,4752946058012,4752946996800,4752947487064,4752947596524,4752947617488,4752948245741,4752948630946,4752948631006,16,25.7299,9.38788,4.90264,1.0946,0.20964,6.28253,3.85205
626,1,0,1e+08,4752948715390,4752949622743,4752950038711,4752950118183,4752950142047,4752950438875,4752950652079,4752950652127,16,19.3674,9.07353,4.15968,0.79472,0.23864,2.96828,2.13204
627,1,0,1e+08,4752950685495,4752952012929,4752952433669,4752952498537,4752952514105,4752952800213,4752952963601,4752952963629,16,22.7813,13.2743,4.2074,0.64868,0.15568,2.86108,1.63388
628,1,0,1e+08,4752952994829,4752953308141,4752953768549,4752953846293,4752953876549,4752954116280,4752954725718,4752954725790,16,17.3096,3.13312,4.60408,0.77744,0.30256,2.39731,6.09438
629,1,0,1e+08,4752954764585,4752962531244,4752962961912,4752963019004,4752963037632,4752963309636,4752963435772,4752963435796,16,86.7121,77.6666,4.30668,0.57092,0.18628,2.72004,1.26136
630,1,0,1e+08,4752963462420,4752965238475,4752965681295,4752965748695,4752965767627,4752966028663,4752966152735,4752966152763,16,26.9034,17.7605,4.4282,0.674,0.18932,2.61036,1.24072
631,1,0,1e+08,4752966179471,4752968027094,4752968511790,4752968574578,4752968595574,4752968840922,4752968963906,4752968963942,16,27.8447,18.4762,4.84696,0.62788,0.20996,2.45348,1.22984
632,1,0,1e+08,4752968991634,4752970855684,4752971891802,4752971992170,4752972031999,4752972440416,4752972613724,4752972613760,16,36.2213,18.6405,10.3612,1.00368,0.39829,4.08417,1.73308
633,1,0,1e+08,4752972641460,4752972901952,4752973334832,4752973405544,4752973447108,4752973764422,4752973974742,4752973974778,16,13.3332,2.60492,4.3288,0.70712,0.41564,3.17314,2.1032
634,1,0,1e+08,4752974005902,4752975452701,4752975994741,4752976057701,4752976080557,4752976249769,4752976380409,4752976380433,16,23.7453,14.468,5.4204,0.6296,0.22856,1.69212,1.3064
635,1,0,1e+08,4752976409177,4752976923878,4752977897408,4752977964832,4752978009940,4752978281488,4752978433116,4752978433148,16,20.2397,5.14701,9.7353,0.67424,0.45108,2.71548,1.51628
636,1,0,1e+08,4752978463508,4752980314019,4752980847104,4752980910008,4752980933364,4752981154352,4752981290148,4752981290172,16,28.2666,18.5051,5.33085,0.62904,0.23356,2.20988,1.35796
637,1,0,1e+08,4752981320072,4752981558096,4752982647096,4752982741372,4752982792960,4752983263641,4752983450793,4752983450837,16,21.3077,2.38024,10.89,0.94276,0.51588,4.70681,1.87152
638,1,0,1e+08,4752983481161,4752985695267,4752986326600,4752986433736,4752986500596,4752986838949,4752987005277,4752987005297,16,35.2414,22.1411,6.31333,1.07136,0.6686,3.38353,1.66328
639,1,0,1e+08,4752987041041,4752987293701,4752987795893,4752987863529,4752987881265,4752988644225,4752988944020,4752988944176,16,19.0313,2.5266,5.02192,0.67636,0.17736,7.6296,2.99795
640,1,0,1e+08,4752988977296,4752990727738,4752991850355,4752991926679,4752991963451,4752992255819,4752992424907,4752992424931,16,34.4764,17.5044,11.2262,0.76324,0.36772,2.92368,1.69088
641,1,0,1e+08,4752992459435,4752992711927,4752993129207,4752993206119,4752993238467,4752993473119,4752993623839,4752993623871,16,11.6444,2.52492,4.1728,0.76912,0.32348,2.34652,1.5072
642,1,0,1e+08,4752993653975,4752995276123,4752995764103,4752995847191,4752995879911,4752996147107,4752996319191,4752996319215,16,26.6524,16.2215,4.8798,0.83088,0.3272,2.67196,1.72084
643,1,0,1e+08,4752996362427,4752996588551,4752996966119,4752997052171,4752997081943,4752997262063,4752997410035,4752997410059,16,10.4763,2.26124,3.77568,0.86052,0.29772,1.8012,1.47972
644,1,0,1e+08,4752997443783,4752998645974,4752999749900,4752999822252,4752999844268,4753000127564,4753000305248,4753000305276,16,28.6149,12.0219,11.0393,0.72352,0.22016,2.83296,1.77684
645,1,0,1e+08,4753000344972,4753001569877,4753002361408,4753002434084,4753002459200,4753002721056,4753002880164,4753002880196,16,25.3522,12.249,7.91531,0.72676,0.25116,2.61856,1.59108
646,1,0,1e+08,4753002919312,4753004117748,4753005002961,4753005078545,4753005104189,4753005374525,4753005561597,4753005561621,16,26.4231,11.9844,8.85213,0.75584,0.25644,2.70336,1.87072
647,1,0,1e+08,4753005598845,4753006582281,4753007514242,4753007587162,4753007622342,4753007897038,4753008061866,4753008061898,16,24.6305,9.83436,9.31961,0.7292,0.3518,2.74696,1.64828
648,1,0,1e+08,4753008097454,4753008881445,4753009189221,4753009251869,4753009290065,4753009467397,4753009609181,4753009609205,16,15.1175,7.83991,3.07776,0.62648,0.38196,1.77332,1.41784
649,1,0,1e+08,4753009641461,4753011295995,4753011652227,4753011737823,4753011765835,4753011926923,4753012075171,4753012075195,16,24.3373,16.5453,3.56232,0.85596,0.28012,1.61088,1.48248
650,1,0,1e+08,4753012103795,4753012310879,4753012622695,4753012683559,4753012700187,4753012861927,4753013012783,4753013012803,16,9.09008,2.07084,3.11816,0.60864,0.16628,1.6174,1.50856
651,1,0,1e+08,4753013042967,4753014413759,4753014730159,4753014810847,4753014832603,4753014993803,4753015159119,4753015159143,16,21.1618,13.7079,3.164,0.80688,0.21756,1.612,1.65316
652,1,0,1e+08,4753015190947,4753015399951,4753015729223,4753015790655,4753015807079,4753015964667,4753016095035,4753016095055,16,9.04108,2.09004,3.29272,0.61432,0.16424,1.57588,1.30368
653,1,0,1e+08,4753016123783,4753024407085,4753024709109,4753024761681,4753024803205,4753024979893,4753025096397,4753025096417,16,89.7263,82.833,3.02024,0.52572,0.41524,1.76688,1.16504
654,1,0,1e+08,4753025122025,4753026902298,4753027230366,4753027296074,4753027346358,4753027503770,4753027621390,4753027621410,16,24.9939,17.8027,3.28068,0.65708,0.50284,1.57412,1.1762
655,1,0,1e+08,4753027647590,4753029454846,4753029761390,4753029831938,4753029858202,4753030476569,4753030841501,4753030841725,16,31.9413,18.0726,3.06544,0.70548,0.26264,6.18367,3.64932
656,1,0,1e+08,4753030875945,4753032642084,4753033018904,4753033187417,4753033247470,4753034048591,4753034249804,4753034249852,16,33.7391,17.6614,3.7682,1.68513,0.60053,8.01121,2.01213
657,1,0,1e+08,4753034278384,4753034595632,4753035030600,4753035097604,4753035147268,4753035355460,4753035496380,4753035496432,16,12.1805,3.17248,4.34968,0.67004,0.49664,2.08192,1.4092
658,1,0,1e+08,4753035533732,4753037036248,4753037454672,4753037541652,4753037566680,4753038371884,4753038618355,4753038618403,16,30.8467,15.0252,4.18424,0.8698,0.25028,8.05204,2.46471
659,1,0,1e+08,4753038649876,4753038999037,4753039478865,4753039545917,4753039562413,4753039768897,4753039906385,4753039906413,16,12.5654,3.49161,4.79828,0.67052,0.16496,2.06484,1.37488
660,1,0,1e+08,4753039935745,4753041991736,4753042302112,4753042381812,4753042399260,4753043214387,4753043491593,4753043491645,16,35.559,20.5599,3.10376,0.797,0.17448,8.15127,2.77206
661,1,0,1e+08,4753043522815,4753043879311,4753044368671,4753044427955,4753044443767,4753044649959,4753044797643,4753044797667,16,12.7485,3.56496,4.8936,0.59284,0.15812,2.06192,1.47684
662,1,0,1e+08,4753044829751,4753046916527,4753048004128,4753048143224,4753048166312,4753048541708,4753048699860,4753048699884,16,38.7013,20.8678,10.876,1.39096,0.23088,3.75396,1.58152
663,1,0,1e+08,4753048729256,4753048993728,4753049354848,4753049417276,4753049438044,4753049606776,4753049752408,4753049752432,16,10.2318,2.64472,3.6112,0.62428,0.20768,1.68732,1.45632
664,1,0,1e+08,4753049788636,4753051899255,4753052205431,4753052271503,4753052330011,4753052517375,4753052646635,4753052646651,16,28.5801,21.1062,3.06176,0.66072,0.58508,1.87364,1.2926
665,1,0,1e+08,4753052675735,4753052902111,4753053211023,4753053274207,4753053302611,4753053459647,4753053596587,4753053596611,16,9.20876,2.26376,3.08912,0.63184,0.28404,1.57036,1.3694
666,1,0,1e+08,4753053627427,4753055025282,4753055337250,4753055411274,4753055435458,4753055589674,4753055719518,4753055719542,16,20.9212,13.9785,3.11968,0.74024,0.24184,1.54216,1.29844
667,1,0,1e+08,4753055747842,4753055947230,4753056274118,4753056365026,4753056384990,4753056542906,4753056688326,4753056688350,16,9.40508,1.99388,3.26888,0.90908,0.19964,1.57916,1.4542
668,1,0,1e+08,4753056719578,4753058212827,4753058549999,4753058620719,4753058660907,4753058817691,4753058949611,4753058949631,16,22.3005,14.9325,3.37172,0.7072,0.40188,1.56784,1.3192
669,1,0,1e+08,4753058978327,4753059176091,4753059490127,4753059564503,4753059580991,4753059739043,4753059904067,4753059904091,16,9.25764,1.97764,3.14036,0.74376,0.16488,1.58052,1.65024
670,1,0,1e+08,4753059939283,4753068121873,4753068411937,4753068464421,4753068533185,4753068729481,4753068852269,4753068852289,16,89.1301,81.8259,2.90064,0.52484,0.68764,1.96296,1.22788
671,1,0,1e+08,4753068880417,4753070659076,4753070962448,4753071029376,4753071079144,4753071237272,4753071353108,4753071353176,16,24.7276,17.7866,3.03372,0.66928,0.49768,1.58128,1.15836
672,1,0,1e+08,4753071378572,4753073173273,4753073500329,4753073570989,4753073622529,4753073806481,4753073923893,4753073923909,16,25.4534,17.947,3.27056,0.7066,0.5154,1.83952,1.17412
673,1,0,1e+08,4753073950133,4753075693128,4753076806116,4753076881828,4753076952569,4753077388549,4753077550929,4753077550969,16,36.0084,17.4299,11.1299,0.75712,0.70741,4.3598,1.6238
674,1,0,1e+08,4753077577709,4753077861953,4753078249601,4753078315765,4753078345401,4753078519217,4753078655629,4753078655649,16,10.7794,2.84244,3.87648,0.66164,0.29636,1.73816,1.36412
675,1,0,1e+08,4753078685997,4753080388437,4753080744989,4753080829609,4753080849941,4753081039557,4753081168929,4753081168949,16,24.8295,17.0244,3.56552,0.8462,0.20332,1.89616,1.29372
676,1,0,1e+08,4753081197129,4753081761981,4753082759124,4753082838612,4753082865208,4753083145744,4753083292848,4753083292876,16,20.9575,5.64852,9.97143,0.79488,0.26596,2.80536,1.47104
677,1,0,1e+08,4753083327360,4753085219075,4753085541667,4753085606507,4753085656635,4753085844607,4753085980031,4753085980055,16,26.5269,18.9171,3.22592,0.6484,0.50128,1.87972,1.35424
678,1,0,1e+08,4753086009119,4753086851132,4753087595552,4753087661804,4753087684844,4753087941512,4753088080704,4753088080732,16,20.7161,8.42013,7.4442,0.66252,0.2304,2.56668,1.39192
679,1,0,1e+08,4753088116556,4753090065888,4753090373372,4753090442280,4753090491108,4753091250070,4753091544274,4753091544334,16,34.2778,19.4933,3.07484,0.68908,0.48828,7.58962,2.94204
680,1,0,1e+08,4753091576398,4753091956964,4753092454832,4753092520556,4753092542372,4753092750572,4753092898596,4753092898620,16,13.2222,3.80566,4.97868,0.65724,0.21816,2.082,1.48024
681,1,0,1e+08,4753092930300,4753094989675,4753095304211,4753095375555,4753095398083,4753095556251,4753095686387,4753095686411,16,27.5611,20.5938,3.14536,0.71344,0.22528,1.58168,1.30136
682,1,0,1e+08,4753095715967,4753095934187,4753096244471,4753096305327,4753096339879,4753096951481,4753097336750,4753097336802,16,16.2083,2.1822,3.10284,0.60856,0.34552,6.11602,3.85269
683,1,0,1e+08,4753097368138,4753098525693,4753098877341,4753098946385,4753098975493,4753099133293,4753099263689,4753099263713,16,18.9558,11.5755,3.51648,0.69044,0.29108,1.578,1.30396
684,1,0,1e+08,4753099293809,4753100825360,4753101146040,4753101215836,4753101234236,4753101394616,4753101570132,4753101570152,16,22.7634,15.3155,3.2068,0.69796,0.184,1.6038,1.75516
685,1,0,1e+08,4753101606540,4753101852192,4753102185584,4753102295132,4753102313412,4753102470632,4753102605184,4753102605208,16,9.98668,2.45652,3.33392,1.09548,0.1828,1.5722,1.34552
686,1,0,1e+08,4753102633548,4753104066495,4753104383655,4753104457367,4753104477155,4753104668487,4753105297176,4753105297321,16,26.6377,14.3295,3.1716,0.73712,0.19788,1.91332,6.28689
687,1,0,1e+08,4753105348097,4753105795756,4753106357221,4753106431949,4753106455005,4753106674881,4753106832981,4753106833081,16,14.8498,4.47659,5.61465,0.74728,0.23056,2.19876,1.581
688,1,0,1e+08,4753106867449,4753114320329,4753114609765,4753114666885,4753114702473,4753114878977,4753114995933,4753114995949,16,81.285,74.5288,2.89436,0.5712,0.35588,1.76504,1.16956
689,1,0,1e+08,4753115021061,4753116772795,4753117072027,4753117132503,4753117159655,4753117340475,4753117468195,4753117468219,16,24.4716,17.5173,2.99232,0.60476,0.27152,1.8082,1.2772
690,1,0,1e+08,4753117493315,4753119855224,4753120474077,4753120533237,4753120572073,4753120841825,4753120973145,4753120973173,16,34.7986,23.6191,6.18853,0.5916,0.38836,2.69752,1.3132
691,1,0,1e+08,4753120998961,4753122752733,4753124005352,4753124080120,4753124133328,4753124568501,4753124735669,4753124735713,16,37.3675,17.5377,12.5262,0.74768,0.53208,4.35173,1.67168
692,1,0,1e+08,4753124764013,4753125027665,4753125418217,4753125479969,4753125499317,4753125675101,4753125805061,4753125805081,16,10.4107,2.63652,3.90552,0.61752,0.19348,1.75784,1.2996
693,1,0,1e+08,4753125834545,4753127569152,4753127906352,4753127990772,4753128020832,4753128176408,4753128305720,4753128305744,16,24.712,17.3461,3.372,0.8442,0.3006,1.55576,1.29312
694,1,0,1e+08,4753128334536,4753128539756,4753128847796,4753128908828,4753128931164,4753129089080,4753129222456,4753129222476,16,8.8794,2.0522,3.0804,0.61032,0.22336,1.57916,1.33376
695,1,0,1e+08,4753129256984,4753131469212,4753132115044,4753132189856,4753132220012,4753132454992,4753132589976,4753132590008,16,33.3302,22.1223,6.45832,0.74812,0.30156,2.3498,1.34984
696,1,0,1e+08,4753132618156,4753132845364,4753133169184,4753133238300,4753133256524,4753133417284,4753133558668,4753133558688,16,9.40532,2.27208,3.2382,0.69116,0.18224,1.6076,1.41384
697,1,0,1e+08,4753133593040,4753134644817,4753135458626,4753135525894,4753135558458,4753135821730,4753135981754,4753135981786,16,23.8875,10.5178,8.13809,0.67268,0.32564,2.63272,1.60024
698,1,0,1e+08,4753136012546,4753138582427,4753139516917,4753139582993,4753139653705,4753139942821,4753140087329,4753140087353,16,40.7481,25.6988,9.3449,0.66076,0.70712,2.89116,1.44508
699,1,0,1e+08,4753140115373,4753144558750,4753144849394,4753144902006,4753144938474,4753145093710,4753145215618,4753145215646,16,51.0027,44.4338,2.90644,0.52612,0.36468,1.55236,1.21908
700,1,0,1e+08,4753145243830,4753146971701,4753147278477,4753147352133,4753147371193,4753147527089,4753147640025,4753147640045,16,23.9622,17.2787,3.06776,0.73656,0.1906,1.55896,1.12936
701,1,0,1e+08,4753147665169,4753149397896,4753149699852,4753149770592,4753149789484,4753149971184,4753150087564,4753150087588,16,24.2242,17.3273,3.01956,0.7074,0.18892,1.817,1.1638
702,1,0,1e+08,4753150113816,4753151886468,4753152193728,4753152260288,4753152309736,4753152496532,4753152613624,4753152613644,16,24.9983,17.7265,3.0726,0.6656,0.49448,1.86796,1.17092
703,1,0,1e+08,4753152638684,4753152862640,4753153186072,4753153255360,4753153295972,4753153464396,4753153602236,4753153602304,16,9.6362,2.23956,3.23432,0.69288,0.40612,1.68424,1.3784
704,1,0,1e+08,4753153633180,4753155178097,4753155506317,4753155583309,4753155605337,4753155762493,4753155904533,4753155904553,16,22.7137,15.4492,3.2822,0.76992,0.22028,1.57156,1.4204
705,1,0,1e+08,4753155938893,4753156182557,4753156529237,4753156592581,4753156627989,4753156793917,4753156928257,4753156928281,16,9.89388,2.43664,3.4668,0.63344,0.35408,1.65928,1.3434
706,1,0,1e+08,4753156956597,4753158903981,4753159728576,4753159800704,4753159823064,4753160090392,4753160260828,4753160260856,16,33.0426,19.4738,8.24595,0.72128,0.2236,2.67328,1.70436
707,1,0,1e+08,4753160295872,4753160523776,4753160886720,4753160958200,4753160987752,4753161162848,4753161308140,4753161308164,16,10.1229,2.27904,3.62944,0.7148,0.29552,1.75096,1.45292
708,1,0,1e+08,4753161343340,4753161963744,4753162305076,4753162381236,4753162401176,4753162563748,4753162711480,4753162711500,16,13.6816,6.20404,3.41332,0.7616,0.1994,1.62572,1.47732
709,1,0,1e+08,4753162742484,4753165689464,4753165992780,4753166059316,4753166078548,4753166235628,4753166365260,4753166365288,16,36.228,29.4698,3.03316,0.66536,0.19232,1.5708,1.29632
710,1,0,1e+08,4753166395580,4753166612892,4753166922936,4753166989052,4753167013232,4753167169064,4753167295812,4753167295832,16,9.00252,2.17312,3.10044,0.66116,0.2418,1.55832,1.26748
711,1,0,1e+08,4753167326888,4753174090993,4753174381017,4753174433673,4753174480973,4753174664669,4753174788685,4753174788709,16,74.6182,67.641,2.90024,0.52656,0.473,1.83696,1.24016
712,1,0,1e+08,4753174814629,4753176587590,4753176892582,4753176958506,4753177008122,4753177189982,4753177306642,4753177306658,16,24.9203,17.7296,3.04992,0.65924,0.49616,1.8186,1.1666
713,1,0,1e+08,4753177332358,4753179084459,4753179385523,4753179469103,4753179507407,4753179665623,4753179784447,4753179784471,16,24.5211,17.521,3.01064,0.8358,0.38304,1.58216,1.18824
714,1,0,1e+08,4753179808971,4753181601844,4753181909784,4753181977248,4753182034804,4753182193448,4753182310696,4753182310716,16,25.0175,17.9287,3.0794,0.67464,0.57556,1.58644,1.17248
715,1,0,1e+08,4753182336352,4753182566224,4753182881576,4753182944476,4753182968164,4753183124964,4753183255352,4753183255376,16,9.19024,2.29872,3.15352,0.629,0.23688,1.568,1.30388
716,1,0,1e+08,4753183287068,4753184987653,4753185325865,4753185417845,4753185438237,4753185599945,4753185767857,4753185767877,16,24.8081,17.0058,3.38212,0.9198,0.20392,1.61708,1.67912
717,1,0,1e+08,4753185803949,4753186011005,4753186322433,4753186387721,4753186412541,4753186569329,4753186708529,4753186708557,16,9.04608,2.07056,3.11428,0.65288,0.2482,1.56788,1.392
718,1,0,1e+08,4753186741933,4753188093756,4753188411172,4753188482132,4753188546692,4753188715816,4753188883524,4753188883544,16,21.4161,13.5182,3.17416,0.7096,0.6456,1.69124,1.67708
719,1,0,1e+08,4753188914652,4753189150460,4753189471768,4753189547592,4753189587520,4753189746740,4753189881800,4753189881888,16,9.67236,2.35808,3.21308,0.75824,0.39928,1.5922,1.3506
720,1,0,1e+08,4753189912012,4753191239517,4753191552461,4753191620557,4753191660781,4753191817177,4753191959817,4753191959837,16,20.4782,13.2751,3.12944,0.68096,0.40224,1.56396,1.4264
721,1,0,1e+08,4753191993165,4753192185457,4753192497389,4753192560625,4753192597521,4753192765329,4753192921941,4753192921965,16,9.288,1.92292,3.11932,0.63236,0.36896,1.67808,1.56612
722,1,0,1e+08,4753192962625,4753200763001,4753201060289,4753201114809,4753201140509,4753201295053,4753201418337,4753201418357,16,84.5573,78.0038,2.97288,0.5452,0.257,1.54544,1.23284
723,1,0,1e+08,4753201445129,4753203211656,4753204332309,4753204404493,4753204469821,4753204901861,4753205070005,4753205070049,16,36.2492,17.6653,11.2065,0.72184,0.65328,4.3204,1.68144
724,1,0,1e+08,4753205096445,4753206851523,4753207758928,4753207862001,4753207930306,4753208376120,4753208560168,4753208560208,16,34.6376,17.5508,9.07405,1.03073,0.68305,4.45814,1.84048
725,1,0,1e+08,4753208587556,4753210453992,4753210760628,4753210832768,4753210852348,4753211006872,4753211125912,4753211125940,16,25.3838,18.6644,3.06636,0.7214,0.1958,1.54524,1.1904
726,1,0,1e+08,4753211153360,4753211373132,4753211689136,4753211751252,4753211783844,4753211946248,4753212103176,4753212103200,16,9.4984,2.19772,3.16004,0.62116,0.32592,1.62404,1.56928
727,1,0,1e+08,4753212137188,4753213926584,4753214275728,4753214362112,4753214383444,4753214542540,4753214671120,4753214671144,16,25.3396,17.894,3.49144,0.86384,0.21332,1.59096,1.2858
728,1,0,1e+08,4753214700136,4753214913928,4753215229472,4753215289424,4753215321300,4753215477204,4753215609788,4753215609808,16,9.09672,2.13792,3.15544,0.59952,0.31876,1.55904,1.32584
729,1,0,1e+08,4753215641048,4753216990821,4753217312085,4753217387205,4753217406817,4753217572333,4753217726633,4753217726657,16,20.8561,13.4977,3.21264,0.7512,0.19612,1.65516,1.543
730,1,0,1e+08,4753217760009,4753217980673,4753218326805,4753218395129,4753218442021,4753218608345,4753218749737,4753218749761,16,9.89752,2.20664,3.46132,0.68324,0.46892,1.66324,1.41392
731,1,0,1e+08,4753218782353,4753220055747,4753220368679,4753220439775,4753220467895,4753220623787,4753220757399,4753220757423,16,19.7507,12.7339,3.12932,0.71096,0.2812,1.55892,1.33612
732,1,0,1e+08,4753220788015,4753220998447,4753221323059,4753221405331,4753221424363,4753221586427,4753221729015,4753221729035,16,9.4102,2.10432,3.24612,0.82272,0.19032,1.62064,1.42588
733,1,0,1e+08,4753221761227,4753229662558,4753229958930,4753230014958,4753230034182,4753230191258,4753230308906,4753230308930,16,85.477,79.0133,2.96372,0.56028,0.19224,1.57076,1.17648
734,1,0,1e+08,4753230335546,4753232558195,4753233413196,4753233473376,4753233496692,4753233765196,4753233899800,4753233899828,16,35.6428,22.2265,8.55001,0.6018,0.23316,2.68504,1.34604
735,1,0,1e+08,4753233925820,4753235686521,4753236129013,4753236201781,4753236247645,4753236455477,4753236592981,4753236593081,16,26.6726,17.607,4.42492,0.72768,0.45864,2.07832,1.37504
736,1,0,1e+08,4753236620693,4753238394282,4753239475697,4753239549005,4753239590113,4753239999488,4753240166612,4753240166648,16,35.4596,17.7359,10.8141,0.73308,0.41108,4.09375,1.67124
737,1,0,1e+08,4753240193856,4753240444860,4753240828216,4753240888904,4753240908864,4753241088188,4753241222180,4753241222204,16,10.2835,2.51004,3.83356,0.60688,0.1996,1.79324,1.33992
738,1,0,1e+08,4753241254240,4753243019040,4753244192404,4753244268452,4753244330820,4753244728108,4753244896896,4753244896928,16,36.4269,17.648,11.7336,0.76048,0.62368,3.97288,1.68788
739,1,0,1e+08,4753244926384,4753245199216,4753245597448,4753245662256,4753245691912,4753245885444,4753246038636,4753246038660,16,11.1228,2.72832,3.98232,0.64808,0.29656,1.93532,1.53192
740,1,0,1e+08,4753246074176,4753247908928,4753249064552,4753249135508,4753249157436,4753249459644,4753249612408,4753249612436,16,35.3826,18.3475,11.5562,0.70956,0.21928,3.02208,1.52764
741,1,0,1e+08,4753249645476,4753249884192,4753250248236,4753250317644,4753250339800,4753250514508,4753250667060,4753250667084,16,10.2161,2.38716,3.64044,0.69408,0.22156,1.74708,1.52552
742,1,0,1e+08,4753250699448,4753251245422,4753251582338,4753251647634,4753251664522,4753252461526,4753252685953,4753252686001,16,19.8655,5.45974,3.36916,0.65296,0.16888,7.97004,2.24427
743,1,0,1e+08,4753252715525,4753253848230,4753254225150,4753254319662,4753254345554,4753254502142,4753254639518,4753254639542,16,19.2402,11.327,3.7692,0.94512,0.25892,1.56588,1.37376
744,1,0,1e+08,4753254673994,4753254871754,4753255184622,4753255244866,4753255271630,4753255434162,4753255579630,4753255579654,16,9.0566,1.9776,3.12868,0.60244,0.26764,1.62532,1.45468
745,1,0,1e+08,4753255614742,4753257612916,4753258277492,4753258345420,4753258379092,4753258632324,4753258796740,4753258796768,16,31.8203,19.9817,6.64576,0.67928,0.33672,2.53232,1.64416
746,1,0,1e+08,4753258831220,4753259102952,4753259463528,4753259540636,4753259589408,4753259765888,4753259903364,4753259903384,16,10.7216,2.71732,3.60576,0.77108,0.48772,1.7648,1.37476
747,1,0,1e+08,4753259934528,4753261745668,4753262064676,4753262145596,4753262172336,4753262327948,4753262490092,4753262490120,16,25.5559,18.1114,3.19008,0.8092,0.2674,1.55612,1.62144
748,1,0,1e+08,4753262519872,4753262731696,4753263078316,4753263142436,4753263180020,4753263343880,4753263484088,4753263484108,16,9.64236,2.11824,3.4662,0.6412,0.37584,1.6386,1.40208
749,1,0,1e+08,4753263513208,4753265454013,4753266196996,4753266268396,4753266287640,4753266546456,4753266713856,4753266713888,16,32.0068,19.408,7.42983,0.714,0.19244,2.58816,1.674
750,1,0,1e+08,4753266750612,4753274223602,4753274513598,4753274568542,4753274594114,4753274753722,4753274873330,4753274873350,16,81.2274,74.7299,2.89996,0.54944,0.25572,1.59608,1.19608
751,1,0,1e+08,4753274900118,4753276585472,4753277693040,4753277764420,4753277817516,4753278181176,4753278326384,4753278326484,16,34.2637,16.8535,11.0757,0.7138,0.53096,3.6366,1.45208
752,1,0,1e+08,4753278353104,4753280107072,4753280417120,4753280486436,4753280541500,4753280735980,4753280864500,4753280864524,16,25.1142,17.5397,3.10048,0.69316,0.55064,1.9448,1.2852
753,1,0,1e+08,4753280892976,4753282754186,4753283140576,4753283341205,4753283484152,4753284143805,4753284345841,4753284345893,16,34.5292,18.6121,3.8639,2.00629,1.42947,6.59653,2.02036
754,1,0,1e+08,4753284374337,4753284701393,4753285137957,4753285203405,4753285229929,4753285421081,4753285590945,4753285590969,16,12.1663,3.27056,4.36564,0.65448,0.26524,1.91152,1.69864
755,1,0,1e+08,4753285625453,4753287188150,4753287516762,4753287594290,4753287614638,4753287796698,4753287930838,4753287930862,16,23.0541,15.627,3.28612,0.77528,0.20348,1.8206,1.3414
756,1,0,1e+08,4753287963710,4753288181166,4753288492694,4753288556962,4753288591618,4753288747638,4753288884342,4753288884362,16,9.20652,2.17456,3.11528,0.64268,0.34656,1.5602,1.36704
757,1,0,1e+08,4753288915002,4753290668279,4753291522116,4753291590328,4753291612528,4753291887092,4753292052600,4753292052636,16,31.3763,17.5328,8.53837,0.68212,0.222,2.74564,1.65508
758,1,0,1e+08,4753292089044,4753292322608,4753292668288,4753292751692,4753292784524,4753292946324,4753293097168,4753293097188,16,10.0814,2.33564,3.4568,0.83404,0.32832,1.618,1.50844
759,1,0,1e+08,4753293132192,4753293471964,4753293799084,4753293873336,4753293894388,4753294051116,4753294221144,4753294221168,16,10.8898,3.39772,3.2712,0.74252,0.21052,1.56728,1.70028
760,1,0,1e+08,4753294255136,4753297214136,4753297520032,4753297586944,4753297607204,4753297763976,4753297897624,4753297897644,16,36.4251,29.59,3.05896,0.66912,0.2026,1.56772,1.33648
761,1,0,1e+08,4753297933172,4753298158964,4753298464240,4753298522636,4753298556680,4753298713032,4753298852476,4753298852500,16,9.19328,2.25792,3.05276,0.58396,0.34044,1.56352,1.39444
762,1,0,1e+08,4753298882348,4753305592033,4753305883893,4753305936333,4753305983937,4753306166733,4753306287689,4753306287709,16,74.0536,67.0969,2.9186,0.5244,0.47604,1.82796,1.20956
763,1,0,1e+08,4753306314389,4753308166437,4753308481561,4753308551353,4753308593089,4753309213553,4753309549924,4753309549984,16,32.3559,18.5205,3.15124,0.69792,0.41736,6.20464,3.36371
764,1,0,1e+08,4753309578348,4753311369962,4753311727130,4753311817034,4753311842342,4753312243573,4753312727252,4753312727324,16,31.4898,17.9161,3.57168,0.89904,0.25308,4.01231,4.83679
765,1,0,1e+08,4753312767240,4753314822300,4753315861465,4753315991405,4753316034681,4753316307277,4753316449685,4753316449717,16,36.8248,20.5506,10.3917,1.2994,0.43276,2.72596,1.42408
766,1,0,1e+08,4753316476989,4753316731301,4753317077285,4753317139549,4753317177029,4753317337413,4753317487401,4753317487421,16,10.1043,2.54312,3.45984,0.62264,0.3748,1.60384,1.49988
767,1,0,1e+08,4753317517869,4753319611186,4753320610070,4753320688166,4753320711138,4753320984242,4753321131402,4753321131498,16,36.1363,20.9332,9.98884,0.78096,0.22972,2.73104,1.4716
768,1,0,1e+08,4753321162190,4753321411210,4753322260341,4753322355778,4753322404002,4753322828133,4753323025445,4753323025481,16,18.6329,2.4902,8.49131,0.95437,0.48224,4.24131,1.97312
769,1,0,1e+08,4753323061821,4753323316717,4753323739581,4753323811417,4753323829197,4753324007517,4753324171345,4753324171369,16,11.0955,2.54896,4.22864,0.71836,0.1778,1.7832,1.63828
770,1,0,1e+08,4753324211277,4753325772161,4753326632917,4753326709617,4753326730025,4753326998657,4753327159217,4753327159245,16,29.4797,15.6088,8.60756,0.767,0.20408,2.68632,1.6056
771,1,0,1e+08,4753327194625,4753329847378,4753330466947,4753330544315,4753330570527,4753330805747,4753330975739,4753330975767,16,37.8114,26.5275,6.19569,0.77368,0.26212,2.3522,1.69992
772,1,0,1e+08,4753331009395,4753331243239,4753331796479,4753331979540,4753332097231,4753332711722,4753332925368,4753332925408,16,19.1601,2.33844,5.5324,1.83061,1.17691,6.14491,2.13646
773,1,0,1e+08,4753332958972,4753334685590,4753335623756,4753335698012,4753335720604,4753335988580,4753336145600,4753336145632,16,31.8666,17.2662,9.38166,0.74256,0.22592,2.67976,1.5702
774,1,0,1e+08,4753336181288,4753336421692,4753336805440,4753336897952,4753336926632,4753337236412,4753337415516,4753337415548,16,12.3426,2.40404,3.83748,0.92512,0.2868,3.0978,1.79104
775,1,0,1e+08,4753337450184,4753337709688,4753338169348,4753338254656,4753338287092,4753338520676,4753338684236,4753338684264,16,12.3408,2.59504,4.5966,0.85308,0.32436,2.33584,1.6356
776,1,0,1e+08,4753338716808,4753340030609,4753340460309,4753340530077,4753340547197,4753340768809,4753340912753,4753340912781,16,21.9597,13.138,4.297,0.69768,0.1712,2.21612,1.43944
777,1,0,1e+08,4753340944337,4753341169861,4753341539885,4753341613741,4753341652077,4753341822957,4753341974857,4753341974881,16,10.3054,2.25524,3.70024,0.73856,0.38336,1.7088,1.519
778,1,0,1e+08,4753342003873,4753343100190,4753343425442,4753343499442,4753343519374,4753343680014,4753343840726,4753343840746,16,18.3687,10.9632,3.25252,0.74,0.19932,1.6064,1.60712
779,1,0,1e+08,4753343871214,4753346766139,4753347093691,4753347156039,4753347182323,4753347350147,4753347474115,4753347474139,16,36.0292,28.9492,3.27552,0.62348,0.26284,1.67824,1.23968
780,1,0,1e+08,4753347502103,4753348011651,4753349008279,4753349132827,4753349177923,4753349445719,4753349615075,4753349615103,16,21.13,5.09548,9.96628,1.24548,0.45096,2.67796,1.69356
781,1,0,1e+08,4753349653611,4753355438110,4753355936154,4753356009618,4753356029894,4753356271698,4753356426754,4753356426782,16,67.7317,57.845,4.98044,0.73464,0.20276,2.41804,1.55056
782,1,0,1e+08,4753356456646,4753358232698,4753358618982,4753358689662,4753358704686,4753358886950,4753359011270,4753359011290,16,25.5464,17.7605,3.86284,0.7068,0.15024,1.82264,1.2432
783,1,0,1e+08,4753359038082,4753360813224,4753361220620,4753361308072,4753361325268,4753361543028,4753361683172,4753361683268,16,26.4519,17.7514,4.07396,0.87452,0.17196,2.1776,1.40144
784,1,0,1e+08,4753361712748,4753363587501,4753364173677,4753364253849,4753364287353,4753365126544,4753365387833,4753365387885,16,36.7514,18.7475,5.86176,0.80172,0.33504,8.39191,2.61289
785,1,0,1e+08,4753365428078,4753365781418,4753366285214,4753366379958,4753366431062,4753366713214,4753366933578,4753366933638,16,15.0556,3.5334,5.03796,0.94744,0.51104,2.82152,2.20364
786,1,0,1e+08,4753366975366,4753368629975,4753369453783,4753369552899,4753369588371,4753369886368,4753370083144,4753370083164,16,31.078,16.5461,8.23808,0.99116,0.35472,2.97997,1.96776
787,1,0,1e+08,4753370121008,4753370360316,4753370879816,4753371061135,4753371130838,4753371826856,4753372028180,4753372028228,16,19.0722,2.39308,5.195,1.81319,0.69703,6.96018,2.01324
788,1,0,1e+08,4753372071960,4753372370784,4753372826972,4753372923968,4753372950048,4753373217700,4753373443092,4753373443132,16,13.7117,2.98824,4.56188,0.96996,0.2608,2.67652,2.25392
789,1,0,1e+08,4753373480332,4753375489530,4753376107111,4753376186759,4753376209895,4753376474216,4753376654040,4753376654068,16,31.7374,20.092,6.17581,0.79648,0.23136,2.64321,1.79824
790,1,0,1e+08,4753376691980,4753376945020,4753377396732,4753377481636,4753377501796,4753377696560,4753377858140,4753377858164,16,11.6618,2.5304,4.51712,0.84904,0.2016,1.94764,1.6158
791,1,0,1e+08,4753377893288,4753379917250,4753380388094,4753380454402,4753380472510,4753380666050,4753380831962,4753380831986,16,29.387,20.2396,4.70844,0.66308,0.18108,1.9354,1.65912
792,1,0,1e+08,4753380871438,4753381097578,4753381492990,4753381572134,4753381603538,4753381787510,4753381941094,4753381941114,16,10.6968,2.2614,3.95412,0.79144,0.31404,1.83972,1.53584
793,1,0,1e+08,4753381979358,4753383064186,4753383646594,4753383731054,4753383767246,4753384260823,4753384755804,4753384755892,16,27.7653,10.8483,5.82408,0.8446,0.36192,4.93577,4.94981
794,1,0,1e+08,4753384796756,4753385574690,4753386030106,4753386114194,4753386136774,4753386412522,4753386681975,4753386682023,16,18.8527,7.77934,4.55416,0.84088,0.2258,2.75748,2.69453
795,1,0,1e+08,4753386733827,4753387849556,4753388367592,4753388452024,4753388473436,4753388688040,4753388881536,4753388881564,16,21.4774,11.1573,5.18036,0.84432,0.21412,2.14604,1.93496
796,1,0,1e+08,4753388917288,4753390107081,4753390605941,4753390685797,4753390708637,4753390948281,4753391146009,4753391146033,16,22.2874,11.8979,4.9886,0.79856,0.2284,2.39644,1.97728
797,1,0,1e+08,4753391188385,4753391675041,4753392707074,4753392810802,4753392842154,4753393121826,4753393305174,4753393305206,16,21.1682,4.86656,10.3203,1.03728,0.31352,2.79672,1.83348
798,1,0,1e+08,4753393344070,4753393606606,4753394134466,4753394222810,4753394315438,4753394600998,4753394844322,4753394844358,16,15.0029,2.62536,5.2786,0.88344,0.92628,2.8556,2.43324
799,1,0,1e+08,4753394885722,4753397186250,4753397629090,4753397705454,4753397725914,4753398458993,4753398720514,4753398720678,16,38.3496,23.0053,4.4284,0.76364,0.2046,7.33079,2.61521
800,1,0,1e+08,4753398753418,4753399141331,4753399623795,4753399704699,4753399728039,4753399937027,4753400120971,4753400120995,16,13.6758,3.87913,4.82464,0.80904,0.2334,2.08988,1.83944
801,1,0,1e+08,4753400165491,4753400515271,4753401158827,4753401241583,4753401267803,4753401579899,4753401735035,4753401735071,16,15.6958,3.4978,6.43556,0.82756,0.2622,3.12096,1.55136
802,1,0,1e+08,4753401773091,4753402822614,4753403341918,4753403413206,4753403440210,4753403713538,4753403867986,4753403868010,16,20.9492,10.4952,5.19304,0.71288,0.27004,2.73328,1.54448
803,1,0,1e+08,4753403898478,4753405060856,4753405513776,4753405585352,4753405603436,4753405844480,4753406020884,4753406020908,16,21.2243,11.6238,4.5292,0.71576,0.18084,2.41044,1.76404
804,1,0,1e+08,4753406054712,4753406300732,4753406719348,4753406789072,4753406814308,4753407244601,4753407715799,4753407715871,16,16.6116,2.4602,4.18616,0.69724,0.25236,4.30293,4.71198
805,1,0,1e+08,4753407756119,4753408561507,4753408997019,4753409078019,4753409099099,4753409331207,4753409516771,4753409516823,16,17.607,8.05388,4.35512,0.81,0.2108,2.32108,1.85564
806,1,0,1e+08,4753409553447,4753417458064,4753418116231,4753418171331,4753418227887,4753418459655,4753418582727,4753418582751,16,90.293,79.0462,6.58167,0.551,0.56556,2.31768,1.23072
807,1,0,1e+08,4753418608267,4753420355962,4753420796670,4753420867838,4753420888378,4753421182064,4753421300784,4753421300808,16,26.9254,17.477,4.40708,0.71168,0.2054,2.93686,1.1872
808,1,0,1e+08,4753421326676,4753423060000,4753423483872,4753423561844,4753423584000,4753424270432,4753424572152,4753424572208,16,32.4553,17.3332,4.23872,0.77972,0.22156,6.86432,3.0172
809,1,0,1e+08,4753424603624,4753426540929,4753427073513,4753427133253,4753427149589,4753427393665,4753427588592,4753427588616,16,29.8499,19.373,5.32584,0.5974,0.16336,2.44076,1.94927
810,1,0,1e+08,4753427615772,4753427876652,4753428631685,4753428707021,4753428746885,4753429030366,4753429215278,4753429215302,16,15.9953,2.6088,7.55033,0.75336,0.39864,2.83481,1.84912
811,1,0,1e+08,4753429249274,4753430530356,4753431082132,4753431150036,4753431172364,4753431446484,4753431590744,4753431590784,16,23.4151,12.8108,5.51776,0.67904,0.22328,2.7412,1.4426
812,1,0,1e+08,4753431625872,4753432660701,4753433109973,4753433183509,4753433227509,4753433483319,4753433618947,4753433618967,16,19.9309,10.3483,4.49272,0.73536,0.44,2.5581,1.35628
813,1,0,1e+08,4753433648343,4753434950775,4753435370831,4753435435319,4753435452019,4753435674923,4753435814991,4753435815015,16,21.6667,13.0243,4.20056,0.64488,0.167,2.22904,1.40068
814,1,0,1e+08,4753435846695,4753436092227,4753436486919,4753436586759,4753436607275,4753437259967,4753437585225,4753437585277,16,17.3858,2.45532,3.94692,0.9984,0.20516,6.52692,3.25258
815,1,0,1e+08,4753437627049,4753438341388,4753438763588,4753438845196,4753438868044,4753439070800,4753439334308,4753439334452,16,17.074,7.14339,4.222,0.81608,0.22848,2.02756,2.63508
816,1,0,1e+08,4753439366096,4753440582595,4753441180323,4753441261395,4753441282403,4753441595627,4753441770111,4753441770135,16,24.0404,12.165,5.97728,0.81072,0.21008,3.13224,1.74484
817,1,0,1e+08,4753441804559,4753442039983,4753442515319,4753442591847,4753442613827,4753442867931,4753443047171,4753443047199,16,12.4264,2.35424,4.75336,0.76528,0.2198,2.54104,1.7924
818,1,0,1e+08,4753443084367,4753443551727,4753444001899,4753444081975,4753444112195,4753444407763,4753444909074,4753444909224,16,18.2486,4.6736,4.50172,0.80076,0.3022,2.95568,5.01311
819,1,0,1e+08,4753444985899,4753446165735,4753446596587,4753446704079,4753446750295,4753447039359,4753447306786,4753447306838,16,23.2094,11.7984,4.30852,1.07492,0.46216,2.89064,2.67427
820,1,0,1e+08,4753447338626,4753454147086,4753454722526,4753454785702,4753454810170,4753455033146,4753455157518,4753455157542,16,78.1892,68.0846,5.7544,0.63176,0.24468,2.22976,1.24372
821,1,0,1e+08,4753455183690,4753457392089,4753457932501,4753458022781,4753458053477,4753458307393,4753458492751,4753458492783,16,33.0909,22.084,5.40412,0.9028,0.30696,2.53916,1.85358
822,1,0,1e+08,4753458520723,4753460340151,4753460690699,4753460762047,4753460787887,4753460949179,4753461464291,4753461464436,16,29.4371,18.1943,3.50548,0.71348,0.2584,1.61292,5.15112
823,1,0,1e+08,4753461542026,4753463349076,4753463876684,4753463939816,4753463956124,4753464181068,4753464300704,4753464300732,16,27.5871,18.0705,5.27608,0.63132,0.16308,2.24944,1.19636
824,1,0,1e+08,4753464326976,4753464740009,4753465792778,4753465872782,4753465900746,4753466176510,4753466346142,4753466346166,16,20.1919,4.13033,10.5277,0.80004,0.27964,2.75764,1.69632
825,1,0,1e+08,4753466386178,4753467586843,4753468532884,4753468612976,4753468648224,4753468932648,4753469111204,4753469111236,16,27.2506,12.0067,9.46041,0.80092,0.35248,2.84424,1.78556
826,1,0,1e+08,4753469155064,4753469820905,4753470158705,4753470247381,4753470275917,4753470907082,4753471201328,4753471201376,16,20.4631,6.65841,3.378,0.88676,0.28536,6.31165,2.94246
827,1,0,1e+08,4753471231756,4753472345547,4753472715419,4753472818895,4753472861455,4753473779544,4753474000893,4753474000953,16,27.692,11.1379,3.69872,1.03476,0.4256,9.18089,2.21349
828,1,0,1e+08,4753474032525,4753474340617,4753474796153,4753474869053,4753474907161,4753475112113,4753475285549,4753475285569,16,12.5304,3.08092,4.55536,0.729,0.38108,2.04952,1.73436
829,1,0,1e+08,4753475326697,4753475641713,4753475963829,4753476030625,4753476053929,4753476806624,4753477047958,4753477048018,16,17.2132,3.15016,3.22116,0.66796,0.23304,7.52695,2.41334
830,1,0,1e+08,4753477080962,4753478280327,4753478645027,4753478728159,4753478756031,4753479579608,4753479804384,4753479804436,16,27.2347,11.9937,3.647,0.83132,0.27872,8.23577,2.24776
831,1,0,1e+08,4753479838620,4753480174416,4753480645700,4753480708208,4753480760904,4753480966976,4753481123584,4753481123668,16,12.8505,3.35796,4.71284,0.62508,0.52696,2.06072,1.56608
832,1,0,1e+08,4753481159016,4753483832748,4753484494305,4753484562193,4753484581697,4753484871585,4753485045285,4753485045309,16,38.8629,26.7373,6.61557,0.67888,0.19504,2.89888,1.737
833,1,0,1e+08,4753485075317,4753485307805,4753485646129,4753485721537,4753485742349,4753485913365,4753486058509,4753486058533,16,9.83216,2.32488,3.38324,0.75408,0.20812,1.71016,1.45144
834,1,0,1e+08,4753486093341,4753486416845,4753486730225,4753486793441,4753486811109,4753486967817,4753487129533,4753487129553,16,10.3621,3.23504,3.1338,0.63216,0.17668,1.56708,1.61716
835,1,0,1e+08,4753487163973,4753488782684,4753489135072,4753489217988,4753489238072,4753490044960,4753490315644,4753490315704,16,31.5173,16.1871,3.52388,0.82916,0.20084,8.06888,2.70684
836,1,0,1e+08,4753490345716,4753490717265,4753491204717,4753491270205,4753491290741,4753491500009,4753491655933,4753491655953,16,13.1024,3.71549,4.87452,0.65488,0.20536,2.09268,1.55924
837,1,0,1e+08,4753491690065,4753493993983,4753494935074,4753495004366,4753495049110,4753495322478,4753495513346,4753495513378,16,38.2331,23.0392,9.41091,0.69292,0.44744,2.73368,1.90868
838,1,0,1e+08,4753495553118,4753495812414,4753496162590,4753496232338,4753496303226,4753496461914,4753496598374,4753496598394,16,10.4528,2.59296,3.50176,0.69748,0.70888,1.58688,1.3646
839,1,0,1e+08,4753496627102,4753499021147,4753499865972,4753499944252,4753499986448,4753500249488,4753500426452,4753500426484,16,37.9938,23.9404,8.44825,0.7828,0.42196,2.6304,1.76964
840,1,0,1e+08,4753500462984,4753500678520,4753501009252,4753501073548,4753501089924,4753501246260,4753501384056,4753501384076,16,9.21092,2.15536,3.30732,0.64296,0.16376,1.56336,1.37796
841,1,0,1e+08,4753501418040,4753503434571,4753503778363,4753503867071,4753503894307,4753504051607,4753504187671,4753504187695,16,27.6966,20.1653,3.43792,0.88708,0.27236,1.573,1.36064
842,1,0,1e+08,4753504216735,4753510885822,4753511245714,4753511306170,4753511327378,4753511507566,4753511629746,4753511629770,16,74.1303,66.6909,3.59892,0.60456,0.21208,1.80188,1.2218
843,1,0,1e+08,4753511655922,4753513911616,4753514739001,4753514801213,4753514832565,4753515151737,4753515290525,4753515290557,16,36.3464,22.5569,8.27385,0.62212,0.31352,3.19172,1.38788
844,1,0,1e+08,4753515315949,4753517103313,4753518122104,4753518222349,4753518254141,4753518678188,4753518847936,4753518847972,16,35.3202,17.8736,10.1879,1.00245,0.31792,4.24047,1.69748
845,1,0,1e+08,4753518875460,4753520703645,4753521011189,4753521087961,4753521117889,4753521276513,4753521406365,4753521406389,16,25.3093,18.2818,3.07544,0.76772,0.29928,1.58624,1.29852
846,1,0,1e+08,4753521431613,4753521633505,4753521947109,4753522005489,4753522029237,4753522186049,4753522321061,4753522321081,16,8.89468,2.01892,3.13604,0.5838,0.23748,1.56812,1.35012
847,1,0,1e+08,4753522349989,4753524226997,4753524591741,4753524703001,4753524740805,4753524978967,4753525566793,4753525567017,16,32.1703,18.7701,3.64744,1.1126,0.37804,2.38162,5.87826
848,1,0,1e+08,4753525605637,4753526036737,4753526582377,4753526656009,4753526679909,4753526902377,4753527058809,4753527058833,16,14.532,4.311,5.4564,0.73632,0.239,2.22468,1.56432
849,1,0,1e+08,4753527097225,4753527694942,4753528835054,4753528907170,4753528942090,4753529231182,4753529401038,4753529401070,16,23.0384,5.97717,11.4011,0.72116,0.3492,2.89092,1.69856
850,1,0,1e+08,4753529438126,4753530118449,4753530461485,4753530533593,4753530563389,4753530738465,4753530901273,4753530901293,16,14.6317,6.80323,3.43036,0.72108,0.29796,1.75076,1.62808
851,1,0,1e+08,4753530936377,4753532833167,4753533667905,4753533735289,4753533768705,4753534030549,4753534196005,4753534196037,16,32.5966,18.9679,8.34738,0.67384,0.33416,2.61844,1.65456
852,1,0,1e+08,4753534226721,4753534453705,4753535129339,4753535313409,4753535377949,4753535909137,4753536087990,4753536088030,16,18.6131,2.26984,6.75634,1.8407,0.6454,5.31188,1.78853
853,1,0,1e+08,4753536122246,4753536390426,4753536811154,4753536880414,4753536897930,4753537083014,4753537240910,4753537240942,16,11.187,2.6818,4.20728,0.6926,0.17516,1.85084,1.57896
854,1,0,1e+08,4753537294095,4753538706004,4753539168428,4753539235488,4753539266764,4753539470888,4753539628132,4753539628152,16,23.3406,14.1191,4.62424,0.6706,0.31276,2.04124,1.57244
855,1,0,1e+08,4753539660088,4753541468177,4753542267728,4753542344864,4753542388664,4753542668300,4753542848244,4753542848276,16,31.8819,18.0809,7.99551,0.77136,0.438,2.79636,1.79944
856,1,0,1e+08,4753542887508,4753543134944,4753543522272,4753543623832,4753543652504,4753544532744,4753544740576,4753544740624,16,18.5312,2.47436,3.87328,1.0156,0.28672,8.8024,2.07832
857,1,0,1e+08,4753544774536,4753546062651,4753547270421,4753547392333,4753547446325,4753547788517,4753547946273,4753547946309,16,31.7177,12.8811,12.0777,1.21912,0.53992,3.42192,1.57756
858,1,0,1e+08,4753547975861,4753548216397,4753548587821,4753548654745,4753548678053,4753548843129,4753548995981,4753548996001,16,10.2014,2.40536,3.71424,0.66924,0.23308,1.65076,1.52852
859,1,0,1e+08,4753549029069,4753550930335,4753551250307,4753551326083,4753551347051,4753551709060,4753552222710,4753552222798,16,31.9373,19.0127,3.19972,0.75776,0.20968,3.62009,5.1365
860,1,0,1e+08,4753552261301,4753552709165,4753553273650,4753553355326,4753553375430,4753553594030,4753553729830,4753553729854,16,14.6855,4.47864,5.64485,0.81676,0.20104,2.186,1.358
861,1,0,1e+08,4753553757658,4753555839265,4753556204745,4753556279973,4753556296641,4753556454285,4753556592957,4753556592981,16,28.3532,20.8161,3.6548,0.75228,0.16668,1.57644,1.38672
862,1,0,1e+08,4753556623861,4753556822781,4753557130053,4753557193825,4753557210097,4753557367125,4753557496225,4753557496245,16,8.72384,1.9892,3.07272,0.63772,0.16272,1.57028,1.291
863,1,0,1e+08,4753557525857,4753558858469,4753559217053,4753559303589,4753559324469,4753559510341,4753559671141,4753559671249,16,21.4539,13.3261,3.58584,0.86536,0.2088,1.85872,1.608
864,1,0,1e+08,4753559700709,4753567703509,4753568026909,4753568079849,4753568127957,4753568318857,4753568441797,4753568441817,16,87.4111,80.028,3.234,0.5294,0.48108,1.909,1.2294
865,1,0,1e+08,4753568469685,4753570213403,4753570560911,4753570632519,4753570651803,4753570817979,4753570933107,4753570933131,16,24.6345,17.4372,3.47508,0.71608,0.19284,1.66176,1.15128
866,1,0,1e+08,4753570959911,4753572716465,4753573761800,4753573833616,4753573862096,4753574244818,4753574396066,4753574396102,16,34.3619,17.5655,10.4534,0.71816,0.2848,3.82722,1.51248
867,1,0,1e+08,4753574422722,4753576205861,4753577312029,4753577465654,4753577486438,4753577932647,4753578089655,4753578089699,16,36.6698,17.8314,11.0617,1.53625,0.20784,4.46209,1.57008
868,1,0,1e+08,4753578117735,4753578364615,4753578750847,4753578812819,4753578850739,4753579024455,4753579162419,4753579162439,16,10.447,2.4688,3.86232,0.61972,0.3792,1.73716,1.37964
869,1,0,1e+08,4753579192455,4753580879831,4753581210779,4753581281575,4753581310635,4753581466003,4753581591255,4753581591279,16,23.9882,16.8738,3.30948,0.70796,0.2906,1.55368,1.25252
870,1,0,1e+08,4753581620063,4753581827167,4753582138423,4753582198287,4753582232691,4753582391539,4753582544255,4753582544275,16,9.24212,2.07104,3.11256,0.59864,0.34404,1.58848,1.52716
871,1,0,1e+08,4753582573767,4753584562108,4753585433356,4753585509192,4753585561592,4753585827472,4753585972716,4753585972748,16,33.9898,19.8834,8.71248,0.75836,0.524,2.6588,1.45244
872,1,0,1e+08,4753586002204,4753586216772,4753586560848,4753586637520,4753586658472,4753586818824,4753586990392,4753586990412,16,9.88208,2.14568,3.44076,0.76672,0.20952,1.60352,1.71568
873,1,0,1e+08,4753587016876,4753587211860,4753587519180,4753587588008,4753587605788,4753587764932,4753587904944,4753587904968,16,8.88092,1.94984,3.0732,0.68828,0.1778,1.59144,1.40012
874,1,0,1e+08,4753587936252,4753590917675,4753592019058,4753592095426,4753592134183,4753592526524,4753592695084,4753592695116,16,47.5886,29.8142,11.0138,0.76368,0.38757,3.92341,1.6856
875,1,0,1e+08,4753592723784,4753597105628,4753597392068,4753597449900,4753597467852,4753597640988,4753597763092,4753597763120,16,50.3934,43.8184,2.8644,0.57832,0.17952,1.73136,1.22104
876,1,0,1e+08,4753597789728,4753599520486,4753599866586,4753599942466,4753600006010,4753600193194,4753600325766,4753600325794,16,25.3607,17.3076,3.461,0.7588,0.63544,1.87184,1.32572
877,1,0,1e+08,4753600352434,4753602178970,4753602514778,4753602579682,4753602595490,4753602757674,4753602871194,4753602871218,16,25.1878,18.2654,3.35808,0.64904,0.15808,1.62184,1.1352
878,1,0,1e+08,4753602897086,4753604604155,4753605630860,4753605701712,4753605750929,4753606170550,4753606335982,4753606336014,16,34.3893,17.0707,10.267,0.70852,0.49217,4.19621,1.65432
879,1,0,1e+08,4753606362378,4753606620302,4753607015002,4753607076230,4753607106726,4753607284702,4753607432298,4753607432398,16,10.7002,2.57924,3.947,0.61228,0.30496,1.77976,1.47596
880,1,0,1e+08,4753607462750,4753609311907,4753610320264,4753610387568,4753610410972,4753610682620,4753610823964,4753610823988,16,33.6124,18.4916,10.0836,0.67304,0.23404,2.71648,1.41344
881,1,0,1e+08,4753610852640,4753611083756,4753611421204,4753611482544,4753611503928,4753611661532,4753611804216,4753611804240,16,9.516,2.31116,3.37448,0.6134,0.21384,1.57604,1.42684
882,1,0,1e+08,4753611838032,4753613803506,4753614143242,4753614207250,4753614232366,4753614388618,4753614518382,4753614518402,16,26.8037,19.6547,3.39736,0.64008,0.25116,1.56252,1.29764
883,1,0,1e+08,4753614547502,4753614754342,4753615074302,4753615133550,4753615166790,4753615323854,4753615465206,4753615465230,16,9.17728,2.0684,3.1996,0.59248,0.3324,1.57064,1.41352
884,1,0,1e+08,4753615494926,4753617331124,4753618096668,4753618168432,4753618192504,4753618452908,4753618622804,4753618622832,16,31.2791,18.362,7.65544,0.71764,0.24072,2.60404,1.69896
885,1,0,1e+08,4753618658796,4753618891008,4753619236392,4753619312056,4753619333044,4753619801903,4753620198977,4753620199065,16,15.4027,2.32212,3.45384,0.75664,0.20988,4.68859,3.97074
886,1,0,1e+08,4753620232788,4753620612596,4753621133788,4753621205576,4753621226680,4753621439000,4753621587628,4753621587652,16,13.5486,3.79808,5.21192,0.71788,0.21104,2.1232,1.48628
887,1,0,1e+08,4753621617876,4753623166933,4753624035221,4753624110465,4753624178157,4753624449673,4753624602481,4753624602513,16,29.8464,15.4906,8.68288,0.75244,0.67692,2.71516,1.52808
888,1,0,1e+08,4753624631957,4753627356584,4753628065226,4753628132586,4753628160254,4753628408154,4753628553246,4753628553274,16,39.2132,27.2463,7.08642,0.6736,0.27668,2.479,1.45092
889,1,0,1e+08,4753628583994,4753628819530,4753629157846,4753629254406,4753629281822,4753629453382,4753629616210,4753629616234,16,10.3224,2.35536,3.38316,0.9656,0.27416,1.7156,1.62828
890,1,0,1e+08,4753629653622,4753630774081,4753631530294,4753631634298,4753631656950,4753631914998,4753632083498,4753632083522,16,24.299,11.2046,7.56213,1.04004,0.22652,2.58048,1.685
891,1,0,1e+08,4753632122266,4753632994530,4753633942126,4753634054686,4753634105934,4753634377190,4753634558970,4753634559002,16,24.3674,8.72264,9.47596,1.1256,0.51248,2.71256,1.8178
892,1,0,1e+08,4753634594546,4753640372477,4753640722513,4753640775665,4753640795133,4753640963429,4753641080225,4753641080245,16,64.857,57.7793,3.50036,0.53152,0.19468,1.68296,1.16796
893,1,0,1e+08,4753641105889,4753642813611,4753643204475,4753643404521,4753643558249,4753644271912,4753644468268,4753644468316,16,33.6243,17.0772,3.90864,2.00046,1.53728,7.13663,1.96356
894,1,0,1e+08,4753644497024,4753644789424,4753645221756,4753645285040,4753645338992,4753645521996,4753645668796,4753645668816,16,11.7179,2.924,4.32332,0.63284,0.53952,1.83004,1.468
895,1,0,1e+08,4753645720204,4753649539913,4753649877577,4753649930525,4753649949809,4753650120937,4753650237133,4753650237205,16,45.17,38.1971,3.37664,0.52948,0.19284,1.71128,1.16196
896,1,0,1e+08,4753650263541,4753650467953,4753650783997,4753650843825,4753650876213,4753651708533,4753651945460,4753651945508,16,16.8197,2.04412,3.16044,0.59828,0.32388,8.3232,2.36927
897,1,0,1e+08,4753651975532,4753653238864,4753653556412,4753653634920,4753653656284,4753653814996,4753653950620,4753653950644,16,19.7511,12.6333,3.17548,0.78508,0.21364,1.58712,1.35624
898,1,0,1e+08,4753653987072,4753654209620,4753654540128,4753654607384,4753654627404,4753654787088,4753654930740,4753654930760,16,9.43688,2.22548,3.30508,0.67256,0.2002,1.59684,1.43652
899,1,0,1e+08,4753654966180,4753656324176,4753656640292,4753656707424,4753656728728,4753656885900,4753657010400,4753657010424,16,20.4424,13.58,3.16116,0.67132,0.21304,1.57172,1.245
900,1,0,1e+08,4753657039136,4753657245712,4753657563012,4753657629348,4753657646184,4753657802172,4753657943992,4753657944012,16,9.04876,2.06576,3.173,0.66336,0.16836,1.55988,1.4182
901,1,0,1e+08,4753657975692,4753660961965,4753661339649,4753661409129,4753661466537,4753661656869,4753661793917,4753661793941,16,38.1825,29.8627,3.77684,0.6948,0.57408,1.90332,1.37048
902,1,0,1e+08,4753661824005,4753662302712,4753663312640,4753663387008,4753663420176,4753663708456,4753663865392,4753663865420,16,20.4141,4.78707,10.0993,0.74368,0.33168,2.8828,1.56936
903,1,0,1e+08,4753663897312,4753665802461,4753666145669,4753666216045,4753666234321,4753666389569,4753666522849,4753666522873,16,26.2556,19.0515,3.43208,0.70376,0.18276,1.55248,1.3328
904,1,0,1e+08,4753666550573,4753671758534,4753672047206,4753672101798,4753672133930,4753672315854,4753672433294,4753672433310,16,58.8274,52.0796,2.88672,0.54592,0.32132,1.81924,1.1744
905,1,0,1e+08,4753672458158,4753674221246,4753674538206,4753674608382,4753674661582,4753674844886,4753674961890,4753674961910,16,25.0375,17.6309,3.1696,0.70176,0.532,1.83304,1.17004
906,1,0,1e+08,4753674987686,4753676734420,4753677043364,4753677112224,4753677164652,4753677324212,4753677442700,4753677442716,16,24.5503,17.4673,3.08944,0.6886,0.52428,1.5956,1.18488
907,1,0,1e+08,4753677467820,4753679234947,4753679544155,4753679613355,4753679666711,4753679831367,4753679948211,4753679948231,16,24.8041,17.6713,3.09208,0.692,0.53356,1.64656,1.16844
908,1,0,1e+08,4753679973415,4753680200539,4753680517083,4753680578955,4753680613755,4753680772303,4753680917895,4753680917915,16,9.445,2.27124,3.16544,0.61872,0.348,1.58548,1.45592
909,1,0,1e+08,4753680952755,4753682599620,4753683782049,4753683895013,4753683920781,4753684214045,4753684378753,4753684378789,16,34.2603,16.4687,11.8243,1.12964,0.25768,2.93264,1.64708
910,1,0,1e+08,4753684443477,4753684678893,4753685020297,4753685102201,4753685123329,4753685284705,4753685454017,4753685454037,16,10.1056,2.35416,3.41404,0.81904,0.21128,1.61376,1.69312
911,1,0,1e+08,4753685489841,4753685987725,4753686312217,4753686392725,4753686434721,4753686594089,4753686745305,4753686745405,16,12.5556,4.97884,3.24492,0.80508,0.41996,1.59368,1.51216
912,1,0,1e+08,4753686774869,4753688833257,4753689549666,4753689616790,4753689639130,4753689890718,4753690051942,4753690051970,16,32.771,20.5839,7.16409,0.67124,0.2234,2.51588,1.61224
913,1,0,1e+08,4753690088894,4753690316962,4753690672730,4753690759362,4753690783274,4753690945898,4753691099390,4753691099414,16,10.1052,2.28068,3.55768,0.86632,0.23912,1.62624,1.53492
914,1,0,1e+08,4753691137438,4753691619447,4753691934527,4753691997579,4753692016571,4753692174647,4753692340479,4753692340499,16,12.0306,4.82009,3.1508,0.63052,0.18992,1.58076,1.65832
915,1,0,1e+08,4753692372691,4753695366621,4753695710289,4753695774201,4753695810973,4753696489985,4753696799585,4753696799645,16,44.2695,29.9393,3.43668,0.63912,0.36772,6.79012,3.096
916,1,0,1e+08,4753696830813,4753697196866,4753697691410,4753697769318,4753697801350,4753698010170,4753698166082,4753698166106,16,13.3529,3.66053,4.94544,0.77908,0.32032,2.0882,1.55912
917,1,0,1e+08,4753698204398,4753703922990,4753704209694,4753704265434,4753704291022,4753704474718,4753704591342,4753704591362,16,63.8696,57.1859,2.86704,0.5574,0.25588,1.83696,1.16624
918,1,0,1e+08,4753704615754,4753706395975,4753706711571,4753706794891,4753706830451,4753707014403,4753707131847,4753707131867,16,25.1611,17.8022,3.15596,0.8332,0.3556,1.83952,1.17444
919,1,0,1e+08,4753707157435,4753708923336,4753710132232,4753710200856,4753710264664,4753710591924,4753710731660,4753710731692,16,35.7426,17.659,12.089,0.68624,0.63808,3.2726,1.39736
920,1,0,1e+08,4753710757572,4753712510290,4753713707215,4753713781555,4753713846551,4753714239372,4753714404836,4753714404872,16,36.473,17.5272,11.9693,0.7434,0.64996,3.92821,1.65464
921,1,0,1e+08,4753714433576,4753714696548,4753715096456,4753715157316,4753715186872,4753715370492,4753715510100,4753715510124,16,10.7655,2.62972,3.99908,0.6086,0.29556,1.8362,1.39608
922,1,0,1e+08,4753715539544,4753717574610,4753718469445,4753718555489,4753718597369,4753718856905,4753719010609,4753719010637,16,34.7109,20.3507,8.94835,0.86044,0.4188,2.59536,1.53704
923,1,0,1e+08,4753719041665,4753719301753,4753719647041,4753719717713,4753719754285,4753720126067,4753720648746,4753720648834,16,16.0717,2.60088,3.45288,0.70672,0.36572,3.71782,5.22679
924,1,0,1e+08,4753720691426,4753722259008,4753723454814,4753723531890,4753723558362,4753723869782,4753724037402,4753724037430,16,33.46,15.6758,11.9581,0.77076,0.26472,3.1142,1.6762
925,1,0,1e+08,4753724069174,4753724312806,4753724696086,4753724771746,4753724795034,4753725689789,4753725972052,4753725972112,16,19.0294,2.43632,3.8328,0.7566,0.23288,8.94755,2.82263
926,1,0,1e+08,4753726007044,4753727356877,4753728558982,4753728647778,4753728677386,4753728980718,4753729137342,4753729137370,16,31.3033,13.4983,12.0211,0.88796,0.29608,3.03332,1.56624
927,1,0,1e+08,4753729171602,4753729413274,4753729768478,4753729842130,4753729881326,4753730485465,4753730870685,4753730870837,16,16.9923,2.41672,3.55204,0.73652,0.39196,6.04139,3.8522
928,1,0,1e+08,4753730904481,4753732442624,4753733085129,4753733166441,4753733186797,4753733538025,4753733700721,4753733700753,16,27.9627,15.3814,6.42505,0.81312,0.20356,3.51228,1.62696
929,1,0,1e+08,4753733730861,4753734016313,4753734613201,4753734736193,4753734762785,4753735557178,4753735921564,4753735921656,16,21.9079,2.85452,5.96888,1.22992,0.26592,7.94393,3.64386
930,1,0,1e+08,4753735958910,4753736337213,4753736853609,4753736917497,4753736990205,4753737214993,4753737396281,4753737396305,16,14.374,3.78303,5.16396,0.63888,0.72708,2.24788,1.81288
931,1,0,1e+08,4753737442741,4753738950032,4753739603477,4753739676141,4753739696377,4753739943661,4753740135645,4753740135677,16,26.9294,15.0729,6.53445,0.72664,0.20236,2.47284,1.91984
932,1,0,1e+08,4753740173429,4753740634616,4753740947812,4753741004860,4753741030992,4753741186536,4753741317416,4753741317436,16,11.4401,4.61187,3.13196,0.57048,0.26132,1.55544,1.3088
933,1,0,1e+08,4753741346480,4753745140237,4753745808853,4753745894545,4753745928397,4753746177557,4753746318977,4753746319009,16,49.7253,37.9376,6.68616,0.85692,0.33852,2.4916,1.4142
934,1,0,1e+08,4753746348089,4753746559597,4753746883149,4753746957353,4753747019425,4753747180037,4753747347445,4753747347465,16,9.99376,2.11508,3.23552,0.74204,0.62072,1.60612,1.67408
935,1,0,1e+08,4753747384077,4753747614761,4753747937041,4753748039197,4753748081473,4753748643790,4753749051876,4753749051940,16,16.6786,2.30684,3.2228,1.02156,0.42276,5.62317,4.08086
936,1,0,1e+08,4753749082368,4753750257499,4753750631511,4753750707275,4753750725571,4753750890339,4753751040951,4753751040975,16,19.5861,11.7513,3.74012,0.75764,0.18296,1.64768,1.50612
937,1,0,1e+08,4753751073435,4753751307071,4753751629535,4753751700059,4753751732235,4753751897851,4753752032839,4753752032863,16,9.59428,2.33636,3.22464,0.70524,0.32176,1.65616,1.34988
938,1,0,1e+08,4753752066127,4753753298844,4753753632936,4753753712404,4753753745320,4753753901660,4753754035072,4753754035092,16,19.6897,12.3272,3.34092,0.79468,0.32916,1.5634,1.33412
939,1,0,1e+08,4753754063988,4753754270944,4753754590600,4753754654972,4753754670968,4753754833908,4753754999720,4753754999744,16,9.35756,2.06956,3.19656,0.64372,0.15996,1.6294,1.65812
940,1,0,1e+08,4753755030532,4753756337478,4753756666350,4753756739470,4753756777286,4753756947258,4753757107738,4753757107758,16,20.7723,13.0695,3.28872,0.7312,0.37816,1.69972,1.6048
941,1,0,1e+08,4753757138934,4753757352438,4753757672470,4753757748354,4753757794930,4753757973770,4753758572108,4753758572298,16,14.3336,2.13504,3.20032,0.75884,0.46576,1.7884,5.98338
942,1,0,1e+08,4753758646653,4753768496505,4753768820237,4753768875409,4753768921141,4753769125661,4753769250249,4753769250265,16,106.036,98.4985,3.23732,0.55172,0.45732,2.0452,1.24588
943,1,0,1e+08,4753769276069,4753771001034,4753771323626,4753771377066,4753771420010,4753771611918,4753771729594,4753771729658,16,24.5359,17.2496,3.22592,0.5344,0.42944,1.91908,1.17676
944,1,0,1e+08,4753771755102,4753774037425,4753774936101,4753774999425,4753775021945,4753775337993,4753775484517,4753775484545,16,37.2944,22.8232,8.98676,0.63324,0.2252,3.16048,1.46524
945,1,0,1e+08,4753775511737,4753777370474,4753778355457,4753778457112,4753778507740,4753778934660,4753779110004,4753779110052,16,35.9832,18.5874,9.84983,1.01655,0.50628,4.2692,1.75344
946,1,0,1e+08,4753779139152,4753779409448,4753779828344,4753779891764,4753779926716,4753780113868,4753780255624,4753780255644,16,11.1649,2.70296,4.18896,0.6342,0.34952,1.87152,1.41756
947,1,0,1e+08,4753780284856,4753781754300,4753782069040,4753782152568,4753782176348,4753782335180,4753782482076,4753782482100,16,21.9724,14.6944,3.1474,0.83528,0.2378,1.58832,1.46896
948,1,0,1e+08,4753782516528,4753782730888,4753783068296,4753783131148,4753783149016,4753783304552,4753783428560,4753783428580,16,9.12052,2.1436,3.37408,0.62852,0.17868,1.55536,1.24008
949,1,0,1e+08,4753783457532,4753785387798,4753786264073,4753786336849,4753786361933,4753786647949,4753786808445,4753786808477,16,33.5095,19.3027,8.76275,0.72776,0.25084,2.86016,1.60496
950,1,0,1e+08,4753786839829,4753787075725,4753787439181,4753787556401,4753787589813,4753787858416,4753788380745,4753788380817,16,15.4099,2.35896,3.63456,1.1722,0.33412,2.68603,5.22329
951,1,0,1e+08,4753788418153,4753788885989,4753789420713,4753789525221,4753789570621,4753789807045,4753789983101,4753789983129,16,15.6498,4.67836,5.34724,1.04508,0.454,2.36424,1.76056
952,1,0,1e+08,4753790027745,4753790813313,4753791125001,4753791189825,4753791236617,4753791393617,4753791526065,4753791526085,16,14.9834,7.85568,3.11688,0.64824,0.46792,1.57,1.32448
953,1,0,1e+08,4753791555577,4753794920318,4753795851587,4753795969791,4753795990083,4753796276991,4753796424271,4753796424299,16,48.6872,33.6474,9.31269,1.18204,0.20292,2.86908,1.4728
954,1,0,1e+08,4753796453655,4753796708047,4753797049639,4753797121955,4753797146307,4753797305051,4753797475223,4753797475243,16,10.2159,2.54392,3.41592,0.72316,0.24352,1.58744,1.70172
955,1,0,1e+08,4753797519607,4753797876471,4753798206003,4753798269055,4753798288415,4753798491200,4753799084864,4753799085044,16,15.6544,3.56864,3.29532,0.63052,0.1936,2.02785,5.93664
956,1,0,1e+08,4753799160261,4753802019408,4753802365400,4753802443928,4753802488088,4753802668080,4753802822216,4753802822236,16,36.6197,28.5915,3.45992,0.78528,0.4416,1.79992,1.54136
957,1,0,1e+08,4753802857780,4753808005087,4753808354967,4753808408211,4753808427619,4753808593719,4753808709211,4753808709239,16,58.5146,51.4731,3.4988,0.53244,0.19408,1.661,1.15492
958,1,0,1e+08,4753808734063,4753808937875,4753809263759,4753809325699,4753809342107,4753809557362,4753810168288,4753810168360,16,14.343,2.03812,3.25884,0.6194,0.16408,2.15255,6.10926
959,1,0,1e+08,4753810207844,4753811685371,4753812034439,4753812099687,4753812125291,4753812290243,4753812432939,4753812433003,16,22.2516,14.7753,3.49068,0.65248,0.25604,1.64952,1.42696
960,1,0,1e+08,4753812465259,4753815251486,4753816547445,4753816619137,4753816645121,4753816992137,4753817141433,4753817141457,16,46.762,27.8623,12.9596,0.71692,0.25984,3.47016,1.49296
961,1,0,1e+08,4753817167373,4753817429669,4753817784725,4753817844449,4753817885281,4753818051121,4753818183217,4753818183241,16,10.1587,2.62296,3.55056,0.59724,0.40832,1.6584,1.32096
962,1,0,1e+08,4753818211993,4753819813557,4753820185705,4753820253677,4753820276477,4753821144926,4753821380560,4753821380608,16,31.6862,16.0156,3.72148,0.67972,0.228,8.68449,2.35634
963,1,0,1e+08,4753821412428,4753821758793,4753822237717,4753822316921,4753822340013,4753822550033,4753822715081,4753822715109,16,13.0268,3.46365,4.78924,0.79204,0.23092,2.1002,1.65048
964,1,0,1e+08,4753822752853,4753823029188,4753824247859,4753824319499,4753824353379,4753824641423,4753824806387,4753824806415,16,20.5356,2.76335,12.1867,0.7164,0.3388,2.88044,1.64964
965,1,0,1e+08,4753824848323,4753825615268,4753825962532,4753826035316,4753826056596,4753826238844,4753826399892,4753826399920,16,15.516,7.66945,3.47264,0.72784,0.2128,1.82248,1.61048
966,1,0,1e+08,4753826433024,4753827894512,4753828895246,4753828997669,4753829035026,4753829464130,4753829649290,4753829649322,16,32.163,14.6149,10.0073,1.02423,0.37357,4.29104,1.8516
967,1,0,1e+08,4753829682378,4753829942310,4753830351426,4753830439214,4753830477266,4753831028057,4753831451390,4753831451450,16,17.6907,2.59932,4.09116,0.87788,0.38052,5.50791,4.23333
968,1,0,1e+08,4753831484994,4753831858874,4753832366554,4753832445350,4753832464978,4753832676538,4753832823130,4753832823150,16,13.3816,3.7388,5.0768,0.78796,0.19628,2.1156,1.46592
969,1,0,1e+08,4753832862322,4753836823932,4753837172268,4753837239364,4753837281808,4753837443912,4753837595928,4753837595960,16,47.3364,39.6161,3.48336,0.67096,0.42444,1.62104,1.52016
970,1,0,1e+08,4753837626088,4753837850964,4753838286084,4753838354324,4753838382484,4753838623880,4753838773740,4753838773764,16,11.4768,2.24876,4.3512,0.6824,0.2816,2.41396,1.4986
971,1,0,1e+08,4753838805616,4753839856167,4753840202851,4753840275051,4753840341619,4753840514423,4753840690483,4753840690507,16,18.8489,10.5055,3.46684,0.722,0.66568,1.72804,1.7606
972,1,0,1e+08,4753840725915,4753842229981,4753842567113,4753842659625,4753842691017,4753842846265,4753842975753,4753842975773,16,22.4986,15.0407,3.37132,0.92512,0.31392,1.55248,1.29488
973,1,0,1e+08,4753843003929,4753843208373,4753843519413,4753843579833,4753843618209,4753844258084,4753844588656,4753844588720,16,15.8479,2.04444,3.1104,0.6042,0.38376,6.39875,3.30572
974,1,0,1e+08,4753844630792,4753845571170,4753845977518,4753846044130,4753846087626,4753846264962,4753846398774,4753846398794,16,17.68,9.40378,4.06348,0.66612,0.43496,1.77336,1.33812
975,1,0,1e+08,4753846429158,4753853155791,4753853469287,4753853521851,4753853572219,4753853764691,4753853881731,4753853881799,16,74.5264,67.2663,3.13496,0.52564,0.50368,1.92472,1.1704
976,1,0,1e+08,4753853906463,4753855706980,4753856015284,4753856094544,4753856120208,4753856273260,4753856386272,4753856386292,16,24.7983,18.0052,3.08304,0.7926,0.25664,1.53052,1.13012
977,1,0,1e+08,4753856411728,4753858132127,4753858436895,4753858503627,4753858522635,4753858681275,4753858793899,4753858793923,16,23.822,17.204,3.04768,0.66732,0.19008,1.5864,1.12624
978,1,0,1e+08,4753858819495,4753860596734,4753860911814,4753860979222,4753861006142,4753861159078,4753861272462,4753861272482,16,24.5299,17.7724,3.1508,0.67408,0.2692,1.52936,1.13384
979,1,0,1e+08,4753861297626,4753861502006,4753861811246,4753861871150,4753861886570,4753862043118,4753862179178,4753862179202,16,8.81576,2.0438,3.0924,0.59904,0.1542,1.56548,1.3606
980,1,0,1e+08,4753862208682,4753864152653,4753865212012,4753865296204,4753865320912,4753865597460,4753865776488,4753865776516,16,35.6783,19.4397,10.5936,0.84192,0.24708,2.76548,1.79028
981,1,0,1e+08,4753865810444,4753866056612,4753866399532,4753866480048,4753866507820,4753866675096,4753866849288,4753866849312,16,10.3887,2.46168,3.4292,0.80516,0.27772,1.67276,1.74192
982,1,0,1e+08,4753866889228,4753868005694,4753868655798,4753868741502,4753868776134,4753869023306,4753869206418,4753869206442,16,23.1721,11.1647,6.50104,0.85704,0.34632,2.47172,1.83112
983,1,0,1e+08,4753869246366,4753869906313,4753870231521,4753870299249,4753870315829,4753870476625,4753870641017,4753870641041,16,13.9468,6.59947,3.25208,0.67728,0.1658,1.60796,1.64392
984,1,0,1e+08,4753870672941,4753872178684,4753872497352,4753872569660,4753872590604,4753872748164,4753872881072,4753872881096,16,22.0816,15.0574,3.18668,0.72308,0.20944,1.5756,1.32908
985,1,0,1e+08,4753872916168,4753873114072,4753873435448,4753873499308,4753873515320,4753873671904,4753873812928,4753873812952,16,8.96784,1.97904,3.21376,0.6386,0.16012,1.56584,1.41024
986,1,0,1e+08,4753873844372,4753875285572,4753875621904,4753875708800,4753875732640,4753875889688,4753876024220,4753876024240,16,21.7987,14.412,3.36332,0.86896,0.2384,1.57048,1.34532
987,1,0,1e+08,4753876054160,4753876253508,4753876567916,4753876633072,4753876651004,4753876810660,4753876943676,4753876943700,16,8.8954,1.99348,3.14408,0.65156,0.17932,1.59656,1.33016
988,1,0,1e+08,4753876973136,4753878362657,4753878682985,4753878755953,4753878775621,4753878934297,4753879075997,4753879076017,16,21.0288,13.8952,3.20328,0.72968,0.19668,1.58676,1.417
989,1,0,1e+08,4753879107389,4753887317041,4753887606465,4753887659113,4753887707209,4753887890973,4753888007977,4753888007997,16,89.0061,82.0965,2.89424,0.52648,0.48096,1.83764,1.17004
990,1,0,1e+08,4753888032781,4753889806945,4753890128217,4753890195445,4753890246293,4753890430057,4753890552529,4753890552549,16,25.1977,17.7416,3.21272,0.67228,0.50848,1.83764,1.22472
991,1,0,1e+08,4753890584053,4753892328522,4753892679274,4753892748614,4753892767266,4753893021760,4753893575168,4753893575396,16,29.9134,17.4447,3.50752,0.6934,0.18652,2.54494,5.53408
992,1,0,1e+08,4753893612720,4753895379256,4753895780456,4753895898940,4753895925724,4753896177096,4753896302304,4753896302324,16,26.896,17.6654,4.012,1.18484,0.26784,2.51372,1.25208
993,1,0,1e+08,4753896328384,4753896953908,4753897865097,4753897975633,4753898020485,4753898278633,4753898463117,4753898463149,16,21.3476,6.25524,9.11189,1.10536,0.44852,2.58148,1.84484
994,1,0,1e+08,4753898506025,4753899970452,4753900619530,4753900689974,4753900710986,4753900958854,4753901131794,4753901131818,16,26.2579,14.6443,6.49078,0.70444,0.21012,2.47868,1.7294
995,1,0,1e+08,4753901168878,4753901857581,4753902163893,4753902232733,4753902276077,4753902433297,4753902566357,4753902566381,16,13.975,6.88703,3.06312,0.6884,0.43344,1.5722,1.3306
996,1,0,1e+08,4753902596581,4753902795705,4753903114177,4753903186965,4753903205957,4753903366325,4753903511505,4753903511525,16,9.14944,1.99124,3.18472,0.72788,0.18992,1.60368,1.4518
997,1,0,1e+08,4753903542245,4753905003118,4753905336130,4753905416954,4753905439290,4753905598990,4753905765706,4753905765730,16,22.2349,14.6087,3.33012,0.80824,0.22336,1.597,1.66716
998,1,0,1e+08,4753905804730,4753906012386,4753906327742,4753906396438,4753906415498,4753906571210,4753906715854,4753906715874,16,9.11144,2.07656,3.15356,0.68696,0.1906,1.55712,1.44644
999,1,0,1e+08,4753906747890,4753908579485,4753909394225,4753909478993,4753909506201,4753909768853,4753909930381,4753909930417,16,31.8253,18.316,8.1474,0.84768,0.27208,2.62652,1.61528
1000,1,0,1e+08,4753909964829,4753910192229,4753910523285,4753910583821,4753910599525,4753910757665,4753910885801,4753910885821,16,9.20992,2.274,3.31056,0.60536,0.15704,1.5814,1.28136
1001,1,0,1e+08,4753910917313,4753912981726,4753913304906,4753913400006,4753913425270,4753913581526,4753913717902,4753913717926,16,28.0061,20.6441,3.2318,0.951,0.25264,1.56256,1.36376
1002,1,0,1e+08,4753913748466,4753920477406,4753920781382,4753920833734,4753920882046,4753921068806,4753921186710,4753921186726,16,74.3826,67.2894,3.03976,0.52352,0.48312,1.8676,1.17904
1003,1,0,1e+08,4753921212390,4753923004897,4753923324337,4753923392057,4753923441885,4753923603437,4753923719429,4753923719453,16,25.0706,17.9251,3.1944,0.6772,0.49828,1.61552,1.15992
1004,1,0,1e+08,4753923744697,4753925521088,4753925907040,4753925981240,4753926003148,4753926210088,4753926331904,4753926331928,16,25.8723,17.7639,3.85952,0.742,0.21908,2.0694,1.21816
1005,1,0,1e+08,4753926357164,4753928114788,4753929147870,4753929244158,4753929273866,4753929683466,4753929842814,4753929842854,16,34.8569,17.5762,10.3308,0.96288,0.29708,4.096,1.59348
1006,1,0,1e+08,4753929870454,4753930141410,4753930554490,4753930616930,4753930699382,4753930897782,4753931039462,4753931039482,16,11.6903,2.70956,4.1308,0.6244,0.82452,1.984,1.4168
1007,1,0,1e+08,4753931075426,4753932488617,4753932871717,4753932958685,4753932983141,4753933168557,4753933314349,4753933314433,16,22.3901,14.1319,3.831,0.86968,0.24456,1.85416,1.45792
1008,1,0,1e+08,4753933343001,4753933732506,4753934806033,4753934872401,4753934898957,4753935190729,4753935345481,4753935345505,16,20.025,3.89505,10.7353,0.66368,0.26556,2.91772,1.54752
1009,1,0,1e+08,4753935377145,4753937664285,4753938569296,4753938646288,4753938666512,4753938934232,4753939085552,4753939085584,16,37.0844,22.8714,9.05011,0.76992,0.20224,2.6772,1.5132
1010,1,0,1e+08,4753939116400,4753939347028,4753939762236,4753939826628,4753939848756,4753940119652,4753940273016,4753940273040,16,11.5664,2.30628,4.15208,0.64392,0.22128,2.70896,1.53364
1011,1,0,1e+08,4753940306540,4753942201364,4753942631176,4753942693600,4753942721844,4753942891548,4753943021892,4753943021916,16,27.1538,18.9482,4.29812,0.62424,0.28244,1.69704,1.30344
1012,1,0,1e+08,4753943049872,4753943633542,4753944555814,4753944621442,4753944645182,4753944927866,4753945089214,4753945089238,16,20.3937,5.8367,9.22272,0.65628,0.2374,2.82684,1.61348
1013,1,0,1e+08,4753945128386,4753947214038,4753948371768,4753948511816,4753948530024,4753948799052,4753948945152,4753948945184,16,38.168,20.8565,11.5773,1.40048,0.18208,2.69028,1.461
1014,1,0,1e+08,4753948976736,4753949221700,4753949563328,4753949651620,4753949695004,4753950245522,4753950655102,4753950655150,16,16.7841,2.44964,3.41628,0.88292,0.43384,5.50518,4.0958
1015,1,0,1e+08,4753950688359,4753952223881,4753952541477,4753952628181,4753952653221,4753952810933,4753952955565,4753952955593,16,22.6723,15.3552,3.17596,0.86704,0.2504,1.57712,1.44632
1016,1,0,1e+08,4753952989029,4753953190757,4753953516889,4753953579789,4753953600593,4753953756793,4753953903117,4753953903137,16,9.14108,2.01728,3.26132,0.629,0.20804,1.562,1.46324
1017,1,0,1e+08,4753953936089,4753955421392,4753955758692,4753955836664,4753955869240,4753956621498,4753956877804,4753956877864,16,29.4177,14.853,3.373,0.77972,0.32576,7.52258,2.56306
1018,1,0,1e+08,4753956909736,4753957258256,4753957743124,4753957820784,4753957841572,4753958046468,4753958215732,4753958215756,16,13.0602,3.4852,4.84868,0.7766,0.20788,2.04896,1.69264
1019,1,0,1e+08,4753958259136,4753958725690,4753959912496,4753959984244,4753960015076,4753960311008,4753960468844,4753960468876,16,22.0974,4.66554,11.8681,0.71748,0.30832,2.95932,1.57836
1020,1,0,1e+08,4753960500192,4753962822116,4753963143628,4753963215028,4753963235320,4753963392616,4753963550880,4753963550900,16,30.5071,23.2192,3.21512,0.714,0.20292,1.57296,1.58264
1021,1,0,1e+08,4753963589480,4753963823976,4753964164532,4753964242168,4753964262692,4753964421308,4753964564288,4753964564312,16,9.74832,2.34496,3.40556,0.77636,0.20524,1.58616,1.4298
1022,1,0,1e+08,4753964596484,4753966004392,4753966351908,4753966444016,4753966468380,4753966626756,4753966767648,4753966767664,16,21.7118,14.0791,3.47516,0.92108,0.24364,1.58376,1.40892
1023,1,0,1e+08,4753966799796,4753967031464,4753967359072,4753967431500,4753967449428,4753967607756,4753967770760,4753967770836,16,9.7104,2.31668,3.27608,0.72428,0.17928,1.58328,1.63004
1024,1,0,1e+08,4753967804012,4753975686255,4753976036263,4753976089511,4753976108543,4753976277463,4753976392919,4753976392939,16,85.8893,78.8224,3.50008,0.53248,0.19032,1.6892,1.15456
1025,1,0,1e+08,4753976418603,4753978159669,4753978462029,4753978531929,4753978550717,4753978709441,4753978822293,4753978822317,16,24.0371,17.4107,3.0236,0.699,0.18788,1.58724,1.12852
1026,1,0,1e+08,4753978846893,4753980601425,4753981740452,4753981812588,4753981834328,4753982171609,4753982314457,4753982314489,16,34.676,17.5453,11.3903,0.72136,0.2174,3.37281,1.42848
1027,1,0,1e+08,4753982341757,4753984754391,4753985410685,4753985471025,4753985491793,4753985772245,4753985912193,4753985912229,16,35.7047,24.1263,6.56294,0.6034,0.20768,2.80452,1.39948
1028,1,0,1e+08,4753985938265,4753986203777,4753986547037,4753986609877,4753986646985,4753986804297,4753986947393,4753986947413,16,10.0915,2.65512,3.4326,0.6284,0.37108,1.57312,1.43096
1029,1,0,1e+08,4753986980589,4753988794647,4753989138135,4753989219219,4753989284999,4753989465919,4753989595359,4753989595383,16,26.1479,18.1406,3.43488,0.81084,0.6578,1.8092,1.2944
1030,1,0,1e+08,4753989624363,4753989830091,4753990138187,4753990198611,4753990234751,4753990392083,4753990533627,4753990533647,16,9.09284,2.05728,3.08096,0.60424,0.3614,1.57332,1.41544
1031,1,0,1e+08,4753990567491,4753992447085,4753993208449,4753993276565,4753993302989,4753993576425,4753993735565,4753993735593,16,31.681,18.7959,7.61364,0.68116,0.26424,2.73436,1.5914
1032,1,0,1e+08,4753993772225,4753994025117,4753994375777,4753994462281,4753994495117,4753994969463,4753995430601,4753995430677,16,16.5845,2.52892,3.5066,0.86504,0.32836,4.74346,4.61138
1033,1,0,1e+08,4753995563509,4753995974948,4753996489932,4753996562108,4753996603876,4753996835592,4753997001188,4753997001216,16,14.3771,4.11439,5.14984,0.72176,0.41768,2.31716,1.65596
1034,1,0,1e+08,4753997045124,4753997967985,4753998299245,4753998367433,4753998419813,4753998600601,4753998752237,4753998752257,16,17.0713,9.22861,3.3126,0.68188,0.5238,1.80788,1.51636
1035,1,0,1e+08,4753998785577,4754001724294,4754002040118,4754002108946,4754002130150,4754002289606,4754002427386,4754002427414,16,36.4184,29.3872,3.15824,0.68828,0.21204,1.59456,1.3778
1036,1,0,1e+08,4754002457658,4754002669898,4754002983938,4754003044674,4754003064154,4754003222490,4754003351334,4754003351354,16,8.93696,2.1224,3.1404,0.60736,0.1948,1.58336,1.28844
1037,1,0,1e+08,4754003379906,4754010012277,4754010297929,4754010350353,4754010398493,4754010585733,4754010710837,4754010710861,16,73.3096,66.3237,2.85652,0.52424,0.4814,1.8724,1.25104
1038,1,0,1e+08,4754010737485,4754012513540,4754012826412,4754012895664,4754012925632,4754013078848,4754013195804,4754013195824,16,24.5834,17.7605,3.12872,0.69252,0.29968,1.53216,1.16956
1039,1,0,1e+08,4754013221356,4754014992288,4754015786283,4754015916818,4754015966334,4754016449541,4754016631941,4754016632073,16,34.1072,17.7093,7.93995,1.30535,0.49516,4.83207,1.824
1040,1,0,1e+08,4754016658401,4754018484798,4754018787918,4754018853182,4754018870994,4754019024418,4754019140102,4754019140126,16,24.8172,18.264,3.0312,0.65264,0.17812,1.53424,1.15684
1041,1,0,1e+08,4754019166174,4754019371558,4754019680870,4754019740358,4754019758458,4754019916742,4754020042854,4754020042878,16,8.76704,2.05384,3.09312,0.59488,0.181,1.58284,1.26112
1042,1,0,1e+08,4754020071222,4754021763617,4754022078965,4754022159249,4754022179885,4754022342589,4754022500285,4754022500305,16,24.2908,16.924,3.15348,0.80284,0.20636,1.62704,1.57696
1043,1,0,1e+08,4754022534345,4754022744493,4754023073017,4754023137049,4754023153513,4754023422494,4754023966968,4754023967056,16,14.3271,2.10148,3.28524,0.64032,0.16464,2.68981,5.44474
1044,1,0,1e+08,4754024002080,4754025162082,4754025557070,4754025643130,4754025659318,4754025834058,4754025990854,4754025990874,16,19.8879,11.6,3.94988,0.8606,0.16188,1.7474,1.56796
1045,1,0,1e+08,4754026022530,4754026225546,4754026537342,4754026601342,4754026617478,4754026775626,4754026925006,4754026925030,16,9.025,2.03016,3.11796,0.64,0.16136,1.58148,1.4938
1046,1,0,1e+08,4754026956506,4754028458237,4754029565147,4754029640159,4754029662599,4754029956059,4754030122331,4754030122359,16,31.6585,15.0173,11.0691,0.75012,0.2244,2.9346,1.66272
1047,1,0,1e+08,4754030157475,4754030394435,4754030755687,4754030829299,4754030854275,4754031595424,4754031835022,4754031835082,16,16.7761,2.3696,3.61252,0.73612,0.24976,7.41149,2.39598
1048,1,0,1e+08,4754031864870,4754033358383,4754034555001,4754034626365,4754034657229,4754034968401,4754035120769,4754035120797,16,32.5593,14.9351,11.9662,0.71364,0.30864,3.11172,1.52368
1049,1,0,1e+08,4754035157237,4754035381277,4754035752173,4754035907100,4754035978013,4754036786764,4754036989053,4754036989109,16,18.3187,2.2404,3.70896,1.54927,0.70913,8.08751,2.02289
1050,1,0,1e+08,4754037027241,4754038586210,4754039021166,4754039089658,4754039105826,4754039324162,4754039460374,4754039460394,16,24.3315,15.5897,4.34956,0.68492,0.16168,2.18336,1.36212
1051,1,0,1e+08,4754039489454,4754039697902,4754040021894,4754040093898,4754040128646,4754040938384,4754041191912,4754041191972,16,17.0252,2.08448,3.23992,0.72004,0.34748,8.09738,2.53528
1052,1,0,1e+08,4754041225020,4754044007377,4754044741765,4754044809765,4754044834981,4754045106305,4754045302329,4754045302357,16,40.7734,27.8236,7.34388,0.68,0.25216,2.71324,1.96024
1053,1,0,1e+08,4754045345941,4754045613281,4754045957633,4754046017077,4754046032953,4754046228445,4754046813188,4754046813373,16,14.6743,2.6734,3.44352,0.59444,0.15876,1.95492,5.84743
1054,1,0,1e+08,4754046872449,4754048589208,4754048950376,4754049026400,4754049051404,4754049254544,4754049408836,4754049408856,16,25.3641,17.1676,3.61168,0.76024,0.25004,2.0314,1.54292
1055,1,0,1e+08,4754049438700,4754049872539,4754050964181,4754051035989,4754051054485,4754051342221,4754051485361,4754051485473,16,20.4677,4.33839,10.9164,0.71808,0.18496,2.87736,1.4314
1056,1,0,1e+08,4754051516113,4754053389472,4754053705000,4754053788896,4754053810792,4754054644517,4754054899764,4754054899816,16,33.837,18.7336,3.15528,0.83896,0.21896,8.33725,2.55247
1057,1,0,1e+08,4754054931305,4754055281798,4754055760310,4754055824594,4754055850318,4754056051750,4754056202474,4754056202502,16,12.712,3.50493,4.78512,0.64284,0.25724,2.01432,1.50724
1058,1,0,1e+08,4754056232130,4754058353172,4754058686356,4754058764152,4754058783940,4754058939204,4754059076684,4754059076704,16,28.4457,21.2104,3.33184,0.77796,0.19788,1.55264,1.3748
1059,1,0,1e+08,4754059105512,4754065833682,4754066130890,4754066189218,4754066215462,4754066370886,4754066499178,4754066499202,16,73.9369,67.2817,2.97208,0.58328,0.26244,1.55424,1.28292
1060,1,0,1e+08,4754066527246,4754068408155,4754069544940,4754069607816,4754069626324,4754069917364,4754070050624,4754070050652,16,35.2341,18.8091,11.3679,0.62876,0.18508,2.9104,1.3326
1061,1,0,1e+08,4754070077292,4754071814622,4754072114242,4754072193602,4754072214634,4754072371918,4754072505874,4754072505902,16,24.2861,17.3733,2.9962,0.7936,0.21032,1.57284,1.33956
1062,1,0,1e+08,4754072530582,4754074451556,4754074767788,4754074835180,4754074855680,4754075008396,4754075124812,4754075124836,16,25.9425,19.2097,3.16232,0.67392,0.205,1.52716,1.16416
1063,1,0,1e+08,4754075151156,4754075363972,4754075678400,4754075737804,4754075761564,4754075929424,4754076060056,4754076060084,16,9.08928,2.12816,3.14428,0.59404,0.2376,1.6786,1.30632
1064,1,0,1e+08,4754076092884,4754078103124,4754078529800,4754078587764,4754078604492,4754078792372,4754078945876,4754078945896,16,28.5301,20.1024,4.26676,0.57964,0.16728,1.8788,1.53504
1065,1,0,1e+08,4754078982640,4754079186744,4754079504896,4754079575044,4754079596472,4754079755632,4754079896848,4754079896872,16,9.14232,2.04104,3.18152,0.70148,0.21428,1.5916,1.41216
1066,1,0,1e+08,4754079925876,4754081180996,4754081508536,4754081583704,4754081605556,4754081764764,4754081927644,4754081927664,16,20.0179,12.5512,3.2754,0.75168,0.21852,1.59208,1.6288
1067,1,0,1e+08,4754081958496,4754082160888,4754082470296,4754082531664,4754082559876,4754082718160,4754082852688,4754082852712,16,8.94216,2.02392,3.09408,0.61368,0.28212,1.58284,1.34528
1068,1,0,1e+08,4754082883724,4754084270972,4754084591468,4754084666284,4754084704144,4754084860940,4754085008508,4754085008528,16,21.248,13.8725,3.20496,0.74816,0.3786,1.56796,1.47568
1069,1,0,1e+08,4754085040824,4754085249112,4754085582252,4754085658692,4754085676896,4754085840188,4754085994228,4754085994256,16,9.53432,2.08288,3.3314,0.7644,0.18204,1.63292,1.5404
1070,1,0,1e+08,4754086022964,4754087455405,4754087782629,4754087850729,4754087870049,4754088026225,4754088166173,4754088166193,16,21.4323,14.3244,3.27224,0.681,0.1932,1.56176,1.39948
1071,1,0,1e+08,4754088195773,4754096216880,4754096540528,4754096595420,4754096638172,4754096833552,4754096952256,4754096952328,16,87.5656,80.2111,3.23648,0.54892,0.42752,1.9538,1.18704
1072,1,0,1e+08,4754096978396,4754098711994,4754099365382,4754099567726,4754099655917,4754100146048,4754100340032,4754100340076,16,33.6168,17.336,6.53388,2.02344,0.88191,4.90131,1.93984
1073,1,0,1e+08,4754100366448,4754102141811,4754103234006,4754103310246,4754103334938,4754103730656,4754103886428,4754103886472,16,35.2002,17.7536,10.9219,0.7624,0.24692,3.95718,1.55772
1074,1,0,1e+08,4754103915076,4754105734796,4754106916891,4754106987603,4754107024303,4754107354139,4754107507075,4754107507107,16,35.9203,18.1972,11.8209,0.70712,0.367,3.29836,1.52936
1075,1,0,1e+08,4754107534835,4754107818139,4754108185139,4754108247799,4754108285707,4754108455375,4754108594115,4754108594139,16,10.593,2.83304,3.67,0.6266,0.37908,1.69668,1.3874
1076,1,0,1e+08,4754108623755,4754110433348,4754110773020,4754110856604,4754110879888,4754111035896,4754111163236,4754111163256,16,25.395,18.0959,3.39672,0.83584,0.23284,1.56008,1.2734
1077,1,0,1e+08,4754111191572,4754111400684,4754111711796,4754111780240,4754111797748,4754112293085,4754112704498,4754112704590,16,15.1302,2.09112,3.11112,0.68444,0.17508,4.95337,4.11413
1078,1,0,1e+08,4754112742514,4754113884247,4754114280799,4754114365563,4754114392371,4754114553935,4754114689643,4754114689663,16,19.4715,11.4173,3.96552,0.84764,0.26808,1.61564,1.35708
1079,1,0,1e+08,4754114721747,4754116225071,4754116522067,4754116586071,4754116611047,4754117378342,4754117609177,4754117609241,16,28.8749,15.0332,2.96996,0.64004,0.24976,7.67295,2.30835
1080,1,0,1e+08,4754117640193,4754117983465,4754118472777,4754118535481,4754118553149,4754118762369,4754118922745,4754118922769,16,12.8258,3.43272,4.89312,0.62704,0.17668,2.0922,1.60376
1081,1,0,1e+08,4754118960529,4754120106083,4754120982361,4754121058449,4754121078789,4754121343673,4754121500565,4754121500597,16,25.4007,11.4555,8.76278,0.76088,0.2034,2.64884,1.56892
1082,1,0,1e+08,4754121530081,4754123756796,4754124113840,4754124195912,4754124215984,4754124375060,4754124514628,4754124514648,16,29.8457,22.2672,3.57044,0.82072,0.20072,1.59076,1.39568
1083,1,0,1e+08,4754124548516,4754124761176,4754125058940,4754125115740,4754125137344,4754125293780,4754125418844,4754125418868,16,8.70352,2.1266,2.97764,0.568,0.21604,1.56436,1.25064
1084,1,0,1e+08,4754125452612,4754126853831,4754127177599,4754127254767,4754127275071,4754127449211,4754127596131,4754127596155,16,21.4354,14.0122,3.23768,0.77168,0.20304,1.7414,1.4692
1085,1,0,1e+08,4754127627703,4754127875119,4754128209951,4754128281799,4754128308399,4754128473495,4754128623623,4754128623647,16,9.95944,2.47416,3.34832,0.71848,0.266,1.65096,1.50128
1086,1,0,1e+08,4754128657215,4754136510907,4754136862471,4754136915355,4754136932803,4754137095699,4754137216275,4754137216295,16,85.5908,78.5369,3.51564,0.52884,0.17448,1.62896,1.20576
1087,1,0,1e+08,4754137242203,4754139317689,4754140255494,4754140315806,4754140341530,4754140622418,4754140755886,4754140755982,16,35.1378,20.7549,9.37805,0.60312,0.25724,2.80888,1.33468
1088,1,0,1e+08,4754140782590,4754142501501,4754142829837,4754142898809,4754142949401,4754143138113,4754143258721,4754143258737,16,24.7615,17.1891,3.28336,0.68972,0.50592,1.88712,1.20608
1089,1,0,1e+08,4754143286057,4754145099513,4754145416797,4754145494437,4754145514785,4754146341452,4754146596840,4754146596904,16,33.1085,18.1346,3.17284,0.7764,0.20348,8.26667,2.55388
1090,1,0,1e+08,4754146629560,4754146980388,4754147460040,4754147528636,4754147594396,4754147803932,4754147965132,4754147965152,16,13.3559,3.50828,4.79652,0.68596,0.6576,2.09536,1.612
1091,1,0,1e+08,4754147997004,4754149397935,4754150539844,4754150623149,4754150657937,4754151028449,4754151185773,4754151185813,16,31.8881,14.0093,11.4191,0.83305,0.34788,3.70512,1.57324
1092,1,0,1e+08,4754151215421,4754151457745,4754151831973,4754151893289,4754151911869,4754152087937,4754152235329,4754152235349,16,10.1993,2.42324,3.74228,0.61316,0.1858,1.76068,1.47392
1093,1,0,1e+08,4754152268533,4754154196757,4754154551321,4754154617885,4754154637381,4754154792597,4754154918929,4754154918953,16,26.5042,19.2822,3.54564,0.66564,0.19496,1.55216,1.26332
1094,1,0,1e+08,4754154947049,4754155153081,4754155464989,4754155531065,4754155548105,4754155705293,4754155844949,4754155844981,16,8.97932,2.06032,3.11908,0.66076,0.1704,1.57188,1.39656
1095,1,0,1e+08,4754155883989,4754157697983,4754158730453,4754158815181,4754158838397,4754159123133,4754159304813,4754159304845,16,34.2086,18.1399,10.3247,0.84728,0.23216,2.84736,1.8168
1096,1,0,1e+08,4754159380985,4754159604101,4754159936321,4754160010025,4754160060757,4754160222861,4754160392897,4754160392917,16,10.1193,2.23116,3.3222,0.73704,0.50732,1.62104,1.70036
1097,1,0,1e+08,4754160432093,4754160778533,4754161106749,4754161180889,4754161220061,4754161391245,4754161559285,4754161559309,16,11.2722,3.4644,3.28216,0.7414,0.39172,1.71184,1.6804
1098,1,0,1e+08,4754161589545,4754164571161,4754164892965,4754164976257,4754164995853,4754165601491,4754165969482,4754165969530,16,43.7998,29.8162,3.21804,0.83292,0.19596,6.05638,3.67991
1099,1,0,1e+08,4754166001850,4754171054693,4754171346853,4754171399705,4754171439713,4754171623261,4754171740057,4754171740077,16,57.3823,50.5284,2.9216,0.52852,0.40008,1.83548,1.16796
1100,1,0,1e+08,4754171765489,4754173509947,4754173823351,4754173897539,4754173926183,4754174114855,4754174234059,4754174234079,16,24.6859,17.4446,3.13404,0.74188,0.28644,1.88672,1.19204
1101,1,0,1e+08,4754174259731,4754176042963,4754177081868,4754177154564,4754177183344,4754177598596,4754177765344,4754177765384,16,35.0565,17.8323,10.3891,0.72696,0.2878,4.15252,1.66748
1102,1,0,1e+08,4754177791628,4754179599754,4754179906746,4754179974894,4754180025550,4754180212422,4754180333270,4754180333290,16,25.4166,18.0813,3.06992,0.68148,0.50656,1.86872,1.20848
1103,1,0,1e+08,4754180359418,4754180603642,4754180908570,4754180972390,4754180992486,4754181148282,4754181293422,4754181293490,16,9.34072,2.44224,3.04928,0.6382,0.20096,1.55796,1.4514
1104,1,0,1e+08,4754181327282,4754183055938,4754183391370,4754183475130,4754183496286,4754184267465,4754184534001,4754184534053,16,32.0677,17.2866,3.35432,0.8376,0.21156,7.71179,2.66536
1105,1,0,1e+08,4754184564233,4754184918574,4754185409298,4754185489430,4754185510802,4754185719142,4754185870658,4754185870686,16,13.0645,3.54341,4.90724,0.80132,0.21372,2.0834,1.51516
1106,1,0,1e+08,4754185905998,4754186531053,4754187556028,4754187631392,4754187673000,4754188065973,4754188249241,4754188249273,16,23.4327,6.25055,10.2498,0.75364,0.41608,3.92973,1.83268
1107,1,0,1e+08,4754188293649,4754189125931,4754189457415,4754189521907,4754189541475,4754189697275,4754189827203,4754189827227,16,15.3358,8.32282,3.31484,0.64492,0.19568,1.558,1.29928
1108,1,0,1e+08,4754189861523,4754191850572,4754192693428,4754192761092,4754192788068,4754193061984,4754193229172,4754193229196,16,33.6767,19.8905,8.42856,0.67664,0.26976,2.73916,1.67188
1109,1,0,1e+08,4754193258640,4754193520332,4754193877444,4754193946780,4754193976960,4754194159032,4754194311292,4754194311316,16,10.5268,2.61692,3.57112,0.69336,0.3018,1.82072,1.5226
1110,1,0,1e+08,4754194346488,4754195008448,4754196261225,4754196402457,4754196453557,4754196725157,4754196890265,4754196890289,16,25.438,6.6196,12.5278,1.41232,0.511,2.716,1.65108
1111,1,0,1e+08,4754196923533,4754197635551,4754197972223,4754198046779,4754198066923,4754198224879,4754198373611,4754198373639,16,14.5011,7.12018,3.36672,0.74556,0.20144,1.57956,1.48732
1112,1,0,1e+08,4754198406783,4754201861356,4754202696489,4754202762025,4754202783929,4754203045821,4754203178833,4754203178857,16,47.7207,34.5457,8.35133,0.65536,0.21904,2.61892,1.33012
1113,1,0,1e+08,4754203205637,4754203416969,4754203750333,4754203871554,4754203942545,4754204801252,4754205018620,4754205018676,16,18.1304,2.11332,3.33364,1.21221,0.70991,8.58707,2.17368
1114,1,0,1e+08,4754205046908,4754210889013,4754211231589,4754211284749,4754211323657,4754211510869,4754211629505,4754211629521,16,65.8261,58.4211,3.42576,0.5316,0.38908,1.87212,1.18636
