frame,ready,disjoint,freq,begin_ts,blt_ts,range_ts,charts_ts,gauge_ts,map_ts,hud_ts,end_ts,read_latency,span_ms,vp_ms,range_ms,charts_ms,gauge_ms,map_ms,hud_ms
0,1,0,1e+08,29151889023822,29151890230466,29151890230562,29151890388610,29151890397354,29151890641509,29151890905240,29151890905264,16,18.8144,12.0664,0.00096,1.58048,0.08744,2.44155,2.63731
1,1,0,1e+08,29151892624430,29151893955934,29151893956384,29151894065409,29151894078165,29151894321857,29151894624886,29151894624974,16,20.0054,13.315,0.0045,1.09025,0.12756,2.43692,3.03029
2,1,0,1e+08,29151895964286,29151897273295,29151897273383,29151897338423,29151897352003,29151897655898,29151897985702,29151897985742,16,20.2146,13.0901,0.00088,0.6504,0.1358,3.03895,3.29804
3,1,0,1e+08,29151899304511,29151901469428,29151901469878,29151901591129,29151901607521,29151902099021,29151902481157,29151902481201,16,31.7669,21.6492,0.0045,1.21251,0.16392,4.915,3.82136
4,1,0,1e+08,29151903815415,29151906022236,29151906022340,29151906086720,29151906099736,29151906411907,29151906798341,29151906798381,16,29.8297,22.0682,0.00104,0.6438,0.13016,3.12171,3.86434
5,1,0,1e+08,29151907954663,29151910236880,29151910237040,29151910314360,29151910329561,29151910688155,29151910987503,29151910987547,16,30.3288,22.8222,0.0016,0.7732,0.15201,3.58594,2.99348
6,1,0,1e+08,29151912188613,29151914433906,29151914434042,29151914503910,29151914518030,29151914818645,29151915310397,29151915310429,16,31.2182,22.4529,0.00136,0.69868,0.1412,3.00615,4.91752
7,1,0,1e+08,29151916538250,29151918816428,29151918816584,29151918889372,29151918903600,29151919207053,29151919544003,29151919544043,16,30.0579,22.7818,0.00156,0.72788,0.14228,3.03453,3.3695
8,1,0,1e+08,29151920798450,29151921194223,29151921194267,29151921249099,29151921259819,29151921532647,29151921795871,29151921795895,16,9.97445,3.95773,0.00044,0.54832,0.1072,2.72828,2.63224
9,1,0,1e+08,29151923157749,29151924149641,29151924149797,29151924220521,29151924236313,29151924599230,29151924912690,29151924912726,16,17.5498,9.91892,0.00156,0.70724,0.15792,3.62917,3.1346
10,1,0,1e+08,29151926114515,29151926657806,29151926657858,29151926722930,29151926736470,29151927045362,29151927362842,29151927362866,16,12.4835,5.43291,0.00052,0.65072,0.1354,3.08892,3.1748
11,1,0,1e+08,29151928361688,29151928698474,29151928698538,29151928764100,29151928778008,29151929105728,29151929488396,29151929488444,16,11.2676,3.36786,0.00064,0.65562,0.13908,3.2772,3.82668
12,1,0,1e+08,29151930424829,29151931233624,29151931233814,29151931322153,29151931337625,29151931819312,29151932199620,29151932199652,16,17.7482,8.08795,0.0019,0.88339,0.15472,4.81687,3.80308
13,1,0,1e+08,29151933587321,29151934629420,29151934629484,29151934689072,29151934700620,29151935070760,29151935389340,29151935389376,16,18.0206,10.421,0.00064,0.59588,0.11548,3.7014,3.1858
14,1,0,1e+08,29151936575499,29151937485702,29151937485794,29151937563966,29151937579426,29151938045764,29151938414888,29151938414924,16,18.3942,9.10203,0.00092,0.78172,0.1546,4.66338,3.69124
15,1,0,1e+08,29151939779588,29151940560738,29151940560933,29151940673888,29151940689660,29151941152557,29151941518101,29151941518141,16,17.3855,7.8115,0.00195,1.12955,0.15772,4.62897,3.65544
16,1,0,1e+08,29151942638423,29151943051155,29151943051215,29151943112295,29151943124707,29151943552653,29151943884441,29151943884473,16,12.4605,4.12732,0.0006,0.6108,0.12412,4.27946,3.31788
17,1,0,1e+08,29151945087819,29151945938288,29151945938380,29151946021904,29151946037124,29151946451645,29151946793537,29151946793573,16,17.0575,8.50469,0.00092,0.83524,0.1522,4.14521,3.41892
18,1,0,1e+08,29151948051966,29151948755745,29151948755920,29151948869766,29151948883618,29151949307936,29151949731463,29151949731491,16,16.7953,7.03779,0.00175,1.13846,0.13852,4.24318,4.23527
19,1,0,1e+08,29151950948146,29151951273946,29151951274006,29151951327154,29151951338306,29151951654138,29151951969106,29151951969134,16,10.2099,3.258,0.0006,0.53148,0.11152,3.15832,3.14968
20,1,0,1e+08,29151952969159,29151953300157,29151953300197,29151953350129,29151953360237,29151953600697,29151953922765,29151953922789,16,9.5363,3.30998,0.0004,0.49932,0.10108,2.4046,3.22068
21,1,0,1e+08,29151955031236,29151955341060,29151955341096,29151955390496,29151955400380,29151955676219,29151955942811,29151955942883,16,9.11647,3.09824,0.00036,0.494,0.09884,2.75839,2.66592
22,1,0,1e+08,29151957149680,29151957478533,29151957478585,29151957532293,29151957543053,29151957854945,29151958160817,29151958160849,16,10.1117,3.28853,0.00052,0.53708,0.1076,3.11892,3.05872
23,1,0,1e+08,29151959423044,29151959867174,29151959867234,29151959925883,29151959937203,29151960487693,29151961506434,29151961506494,16,20.8345,4.4413,0.0006,0.58649,0.1132,5.5049,10.1874
24,1,0,1e+08,29151963146453,29151963907529,29151963907719,29151964052043,29151964068975,29151964539696,29151964903488,29151964903520,16,17.5707,7.61076,0.0019,1.44324,0.16932,4.70721,3.63792
25,1,0,1e+08,29151966139799,29151967035540,29151967035644,29151967121204,29151967137948,29151967585418,29151967937914,29151967937954,16,17.9815,8.95741,0.00104,0.8556,0.16744,4.4747,3.52496
26,1,0,1e+08,29151969028817,29151969800159,29151969800334,29151969950492,29151969980212,29151970454696,29151970747984,29151970748012,16,17.192,7.71342,0.00175,1.50158,0.2972,4.74484,2.93288
27,1,0,1e+08,29151971808677,29151972098287,29151972098339,29151972152035,29151972162659,29151972497780,29151972906796,29151972906840,16,10.9816,2.8961,0.00052,0.53696,0.10624,3.35121,4.09016
28,1,0,1e+08,29151974033999,29151974847454,29151974847546,29151974924006,29151974939154,29151975386611,29151975759507,29151975759535,16,17.2554,8.13455,0.00092,0.7646,0.15148,4.47457,3.72896
29,1,0,1e+08,29151976925762,29151977257203,29151977257259,29151977312159,29151977323031,29151977639199,29151977925159,29151977925187,16,9.99425,3.31441,0.00056,0.549,0.10872,3.16168,2.8596
30,1,0,1e+08,29151979210947,29151979558992,29151979559052,29151979621256,29151979633480,29151980000952,29151980330376,29151980330404,16,11.1946,3.48045,0.0006,0.62204,0.12224,3.67472,3.29424
31,1,0,1e+08,29151981462124,29151981730077,29151981730113,29151981776573,29151981786057,29151982042321,29151982343793,29151982343829,16,8.81705,2.67953,0.00036,0.4646,0.09484,2.56264,3.01472
32,1,0,1e+08,29151983510871,29151983726651,29151983726695,29151983778567,29151983788955,29151984057163,29151984335823,29151984335851,16,8.2498,2.1578,0.00044,0.51872,0.10388,2.68208,2.7866
33,1,0,1e+08,29151985531011,29151985845539,29151985845583,29151985897167,29151985907655,29151986170527,29151986432779,29151986432815,16,9.01804,3.14528,0.00044,0.51584,0.10488,2.62872,2.62252
34,1,0,1e+08,29151987514147,29151989304886,29151989304982,29151989369198,29151989383506,29151989630006,29151989962162,29151989962194,16,24.4805,17.9074,0.00096,0.64216,0.14308,2.465,3.32156
35,1,0,1e+08,29151991130010,29151991596274,29151991596362,29151991668362,29151991682374,29151992199311,29151992548696,29151992548732,16,14.1872,4.66264,0.00088,0.72,0.14012,5.16937,3.49385
36,1,0,1e+08,29151993696452,29151993984704,29151993984748,29151994033988,29151994043812,29151994319936,29151994617988,29151994618016,16,9.21564,2.88252,0.00044,0.4924,0.09824,2.76124,2.98052
37,1,0,1e+08,29151995684847,29151995983095,29151995983135,29151996033299,29151996043287,29151996303055,29151996588259,29151996588291,16,9.03444,2.98248,0.0004,0.50164,0.09988,2.59768,2.85204
38,1,0,1e+08,29151997713776,29151998059060,29151998059112,29151998114232,29151998124856,29151998415104,29151998753048,29151998753084,16,10.3931,3.45284,0.00052,0.5512,0.10624,2.90248,3.37944
39,1,0,1e+08,29152000041395,29152000344544,29152000344596,29152000398356,29152000408952,29152000731488,29152001061476,29152001061528,16,10.2013,3.03149,0.00052,0.5376,0.10596,3.22536,3.29988
40,1,0,1e+08,29152002305717,29152002605962,29152002606018,29152002661274,29152002671982,29152003112282,29152003477686,29152003477718,16,11.72,3.00245,0.00056,0.55256,0.10708,4.403,3.65404
41,1,0,1e+08,29152004664315,29152004964883,29152004964927,29152005023339,29152005034959,29152005395683,29152005716203,29152005716239,16,10.5192,3.00568,0.00044,0.58412,0.1162,3.60724,3.2052
42,1,0,1e+08,29152006904144,29152007216386,29152007216426,29152007268586,29152007278990,29152007530930,29152007794270,29152007794294,16,8.9015,3.12242,0.0004,0.5216,0.10404,2.5194,2.6334
43,1,0,1e+08,29152009049889,29152009639610,29152009639795,29152009793352,29152009823724,29152010415573,29152010828309,29152010828349,16,17.7846,5.89721,0.00185,1.53557,0.30372,5.91849,4.12736
44,1,0,1e+08,29152012181514,29152012597620,29152012597708,29152012664193,29152012675665,29152013024625,29152013449285,29152013449321,16,12.6781,4.16106,0.00088,0.66485,0.11472,3.4896,4.2466
45,1,0,1e+08,29152014612394,29152015435639,29152015435731,29152015525536,29152015555316,29152016066052,29152016471233,29152016471273,16,18.5888,8.23245,0.00092,0.89805,0.2978,5.10736,4.05181
46,1,0,1e+08,29152017626645,29152018474985,29152018475077,29152018555048,29152018570112,29152018978545,29152019316801,29152019316829,16,16.9018,8.4834,0.00092,0.79971,0.15064,4.08433,3.38256
47,1,0,1e+08,29152020425623,29152021251974,29152021252070,29152021333618,29152021350510,29152021796940,29152022155040,29152022155076,16,17.2945,8.26351,0.00096,0.81548,0.16892,4.4643,3.581
48,1,0,1e+08,29152023421129,29152023783254,29152023783302,29152023845182,29152023858126,29152024184630,29152024578974,29152024579006,16,11.5788,3.62125,0.00048,0.6188,0.12944,3.26504,3.94344
49,1,0,1e+08,29152025700696,29152026649528,29152026649688,29152026718824,29152026732968,29152027125197,29152027454797,29152027454833,16,17.5414,9.48832,0.0016,0.69136,0.14144,3.92229,3.296
50,1,0,1e+08,29152028719918,29152029559877,29152029559969,29152029643693,29152029660661,29152030138361,29152030506209,29152030506245,16,17.8633,8.39959,0.00092,0.83724,0.16968,4.777,3.67848
51,1,0,1e+08,29152031753374,29152032261353,29152032261441,29152032365869,29152032396194,29152032970784,29152033235884,29152033235916,16,14.8254,5.07979,0.00088,1.04428,0.30325,5.7459,2.651
52,1,0,1e+08,29152034407295,29152034721859,29152034721899,29152034772731,29152034782059,29152035062443,29152035459903,29152035459951,16,10.5266,3.14564,0.0004,0.50832,0.09328,2.80384,3.9746
53,1,0,1e+08,29152036495675,29152037261146,29152037261336,29152037374145,29152037389225,29152037860207,29152038237967,29152038238003,16,17.4233,7.65471,0.0019,1.12809,0.1508,4.70982,3.7776
54,1,0,1e+08,29152039438388,29152040280402,29152040280446,29152040348962,29152040361698,29152040639522,29152041539568,29152041539616,16,21.0123,8.42014,0.00044,0.68516,0.12736,2.77824,9.00046
55,1,0,1e+08,29152043315345,29152043875132,29152043875307,29152044026070,29152044055990,29152044460606,29152045647008,29152045647068,16,23.3172,5.59787,0.00175,1.50763,0.2992,4.04616,11.864
56,1,0,1e+08,29152048187189,29152048569638,29152048569682,29152048628646,29152048640630,29152048906650,29152049214794,29152049214842,16,10.2765,3.82449,0.00044,0.58964,0.11984,2.6602,3.08144
57,1,0,1e+08,29152051674749,29152052456481,29152052456671,29152052608474,29152052638386,29152053252632,29152053650913,29152053650957,16,19.7621,7.81732,0.0019,1.51803,0.29912,6.14246,3.98281
58,1,0,1e+08,29152055628880,29152056110870,29152056110926,29152056199910,29152056217006,29152056503642,29152056789150,29152056789178,16,11.603,4.8199,0.00056,0.88984,0.17096,2.86636,2.85508
59,1,0,1e+08,29152059152850,29152059493768,29152059493808,29152059575377,29152059592877,29152060677966,29152061199716,29152061199776,16,20.4693,3.40918,0.0004,0.81569,0.175,10.8509,5.2175
60,1,0,1e+08,29152062520748,29152063074486,29152063074574,29152063205484,29152063232373,29152063860169,29152064163433,29152064163457,16,16.4271,5.53738,0.00088,1.3091,0.26889,6.27796,3.03264
61,1,0,1e+08,29152065176099,29152066150226,29152066150282,29152066220790,29152066235946,29152066598999,29152066967223,29152066967331,16,17.9123,9.74127,0.00056,0.70508,0.15156,3.63053,3.68224
62,1,0,1e+08,29152068147201,29152068557982,29152068558026,29152068607454,29152068616462,29152068913264,29152069222952,29152069222984,16,10.7578,4.10781,0.00044,0.49428,0.09008,2.96802,3.09688
63,1,0,1e+08,29152070481951,29152071069694,29152071069889,29152071222390,29152071252345,29152071833186,29152072242147,29152072242187,16,17.6024,5.87743,0.00195,1.52501,0.29955,5.80841,4.08961
64,1,0,1e+08,29152073364675,29152074164411,29152074164606,29152074291749,29152074308109,29152074806709,29152075182954,29152075182990,16,18.1831,7.99736,0.00195,1.27143,0.1636,4.986,3.76245
65,1,0,1e+08,29152076303003,29152076692743,29152076692799,29152076741659,29152076751359,29152077079539,29152077415787,29152077415831,16,11.1283,3.8974,0.00056,0.4886,0.097,3.2818,3.36248
66,1,0,1e+08,29152078371223,29152078733277,29152078733317,29152078782837,29152078792633,29152079142565,29152079474605,29152079474633,16,11.0341,3.62054,0.0004,0.4952,0.09796,3.49932,3.3204
67,1,0,1e+08,29152080369992,29152080720016,29152080720060,29152080770088,29152080780284,29152081047304,29152081378200,29152081378260,16,10.0827,3.50024,0.00044,0.50028,0.10196,2.6702,3.30896
68,1,0,1e+08,29152082414510,29152082679062,29152082679102,29152082727842,29152082737642,29152082991802,29152083276730,29152083276758,16,8.62248,2.64552,0.0004,0.4874,0.098,2.5416,2.84928
69,1,0,1e+08,29152084276826,29152084749692,29152084749844,29152084816204,29152084829172,29152085119492,29152085413380,29152085413412,16,11.3659,4.72866,0.00152,0.6636,0.12968,2.9032,2.93888
70,1,0,1e+08,29152086310501,29152086587015,29152086587055,29152086639215,29152086649759,29152086907119,29152087243219,29152087243247,16,9.32746,2.76514,0.0004,0.5216,0.10544,2.5736,3.361
71,1,0,1e+08,29152088334701,29152088614389,29152088614425,29152088666361,29152088677329,29152088929617,29152089213565,29152089213597,16,8.78896,2.79688,0.00036,0.51936,0.10968,2.52288,2.83948
72,1,0,1e+08,29152090171240,29152090769642,29152090769842,29152090923102,29152090953332,29152091492790,29152091878286,29152091878318,16,17.0708,5.98402,0.002,1.5326,0.3023,5.39458,3.85496
73,1,0,1e+08,29152092946752,29152093231132,29152093231168,29152093279112,29152093288684,29152093506892,29152093785716,29152093785752,16,8.39,2.8438,0.00036,0.47944,0.09572,2.18208,2.78824
74,1,0,1e+08,29152094937295,29152095465285,29152095465475,29152095619487,29152095650232,29152096258084,29152096655665,29152096655697,16,17.184,5.2799,0.0019,1.54012,0.30745,6.07852,3.97581
75,1,0,1e+08,29152097933666,29152098204396,29152098204448,29152098260576,29152098272020,29152098618120,29152098965124,29152098965160,16,10.3149,2.7073,0.00052,0.56128,0.11444,3.461,3.47004
76,1,0,1e+08,29152100002011,29152100228973,29152100229009,29152100276633,29152100286285,29152100494665,29152100760637,29152100760665,16,7.58654,2.26962,0.00036,0.47624,0.09652,2.0838,2.65972
77,1,0,1e+08,29152101810078,29152102421197,29152102421301,29152102492449,29152102504813,29152102757641,29152103038553,29152103038585,16,12.2851,6.11119,0.00104,0.71148,0.12364,2.52828,2.80912
78,1,0,1e+08,29152103953907,29152104239473,29152104239521,29152104291249,29152104302613,29152104570905,29152104905721,29152104905761,16,9.51854,2.85566,0.00048,0.51728,0.11364,2.68292,3.34816
79,1,0,1e+08,29152105885275,29152106143716,29152106143752,29152106192472,29152106202260,29152106433056,29152106699020,29152106699060,16,8.13785,2.58441,0.00036,0.4872,0.09788,2.30796,2.65964
80,1,0,1e+08,29152107636500,29152109421814,29152109421966,29152109484994,29152109497462,29152109770922,29152110052610,29152110052638,16,24.1614,17.8531,0.00152,0.63028,0.12468,2.7346,2.81688
81,1,0,1e+08,29152111114063,29152111424293,29152111424337,29152111494937,29152111508625,29152111850505,29152112243945,29152112243993,16,11.2993,3.1023,0.00044,0.706,0.13688,3.4188,3.9344
82,1,0,1e+08,29152113234214,29152114052053,29152114052149,29152114133278,29152114150026,29152114595070,29152114962018,29152114962046,16,17.2783,8.17839,0.00096,0.81129,0.16748,4.45044,3.66948
83,1,0,1e+08,29152116142154,29152117261043,29152117261218,29152117411576,29152117441644,29152117891882,29152118256894,29152118256938,16,21.1478,11.1889,0.00175,1.50358,0.30068,4.50238,3.65012
84,1,0,1e+08,29152119600628,29152119884548,29152119884584,29152119935480,29152119945900,29152120225064,29152120536792,29152120536820,16,9.36192,2.8392,0.00036,0.50896,0.1042,2.79164,3.11728
85,1,0,1e+08,29152121748979,29152122056533,29152122056573,29152122107993,29152122118265,29152122358593,29152122628125,29152122628157,16,8.79178,3.07554,0.0004,0.5142,0.10272,2.40328,2.69532
86,1,0,1e+08,29152123752092,29152125034813,29152125034933,29152125123713,29152125137685,29152125403601,29152125731593,29152125731617,16,19.7952,12.8272,0.0012,0.8878,0.13972,2.65916,3.27992
87,1,0,1e+08,29152127104033,29152128050958,29152128051022,29152128121230,29152128135170,29152128499811,29152128830335,29152128830375,16,17.2634,9.46925,0.00064,0.70208,0.1394,3.64641,3.30524
88,1,0,1e+08,29152130270107,29152131079457,29152131079553,29152131164336,29152131181340,29152131628745,29152132025925,29152132025953,16,17.5585,8.0935,0.00096,0.84783,0.17004,4.47405,3.9718
89,1,0,1e+08,29152133677814,29152134049331,29152134049419,29152134129806,29152134143966,29152134480222,29152135273890,29152135273930,16,15.9612,3.71517,0.00088,0.80387,0.1416,3.36256,7.93668
90,1,0,1e+08,29152136562890,29152137305240,29152137305410,29152137409603,29152137427074,29152137887727,29152138252647,29152138252675,16,16.8978,7.4235,0.0017,1.04193,0.17471,4.60653,3.6492
91,1,0,1e+08,29152139813575,29152140468810,29152140468874,29152140537674,29152140550910,29152140875982,29152141168842,29152141168878,16,13.553,6.55235,0.00064,0.688,0.13236,3.25072,2.9286
92,1,0,1e+08,29152142359180,29152143159672,29152143159768,29152143244599,29152143261375,29152143701182,29152144053750,29152144053782,16,16.946,8.00492,0.00096,0.84831,0.16776,4.39807,3.52568
93,1,0,1e+08,29152145365173,29152146404515,29152146404685,29152146488217,29152146501337,29152146846221,29152147166585,29152147166621,16,18.0145,10.3934,0.0017,0.83532,0.1312,3.44884,3.20364
94,1,0,1e+08,29152148865515,29152149240536,29152149240584,29152149321656,29152149337460,29152150118156,29152150673128,29152150673172,16,18.0766,3.75021,0.00048,0.81072,0.15804,7.80696,5.54972
95,1,0,1e+08,29152152445406,29152153168282,29152153168452,29152153319836,29152153349677,29152153829431,29152154154007,29152154154039,16,17.0863,7.22876,0.0017,1.51384,0.29841,4.79754,3.24576
96,1,0,1e+08,29152155373845,29152155633345,29152155633385,29152155690517,29152155700313,29152155941969,29152156249537,29152156249557,16,8.75712,2.595,0.0004,0.57132,0.09796,2.41656,3.07568
97,1,0,1e+08,29152157568017,29152158312649,29152158312844,29152158404003,29152158419211,29152158876408,29152159247300,29152159247340,16,16.7932,7.44632,0.00195,0.91159,0.15208,4.57197,3.70892
98,1,0,1e+08,29152160305222,29152161318896,29152161318960,29152161384381,29152161397397,29152161774746,29152162135034,29152162135130,16,18.2991,10.1367,0.00064,0.65421,0.13016,3.77349,3.60288
99,1,0,1e+08,29152163180297,29152163888398,29152163888598,29152164038495,29152164055703,29152164540260,29152164916996,29152164917040,16,17.3674,7.08101,0.002,1.49897,0.17208,4.84557,3.76736
100,1,0,1e+08,29152166135269,29152166950436,29152166950532,29152167031338,29152167047450,29152167496181,29152167854877,29152167854909,16,17.1964,8.15167,0.00096,0.80806,0.16112,4.48731,3.58696
101,1,0,1e+08,29152168954943,29152169707252,29152169707344,29152169843795,29152169873710,29152170377420,29152170680136,29152170680176,16,17.2523,7.52309,0.00092,1.36451,0.29915,5.0371,3.02716
102,1,0,1e+08,29152171736106,29152172476659,29152172476864,29152172588316,29152172604080,29152173070772,29152173439060,29152173439092,16,17.0299,7.40553,0.00205,1.11452,0.15764,4.66692,3.68288
103,1,0,1e+08,29152174659454,29152175629884,29152175629932,29152175692616,29152175706472,29152175963216,29152176245768,29152176245796,16,15.8634,9.7043,0.00048,0.62684,0.13856,2.56744,2.82552
104,1,0,1e+08,29152177515668,29152177994191,29152177994251,29152178062008,29152178075632,29152178373372,29152178660512,29152178660540,16,11.4487,4.78523,0.0006,0.67757,0.13624,2.9774,2.8714
105,1,0,1e+08,29152179828027,29152180851505,29152180851569,29152180935301,29152180953101,29152181315041,29152181619349,29152181619385,16,17.9136,10.2348,0.00064,0.83732,0.178,3.6194,3.04308
106,1,0,1e+08,29152182661924,29152183063482,29152183063570,29152183138532,29152183149624,29152183567560,29152183954069,29152183954105,16,12.9218,4.01558,0.00088,0.74962,0.11092,4.17936,3.86509
107,1,0,1e+08,29152185119190,29152185487232,29152185487276,29152185543828,29152185560120,29152185874510,29152186155942,29152186155970,16,10.3678,3.68042,0.00044,0.56552,0.16292,3.1439,2.81432
108,1,0,1e+08,29152187328705,29152188125529,29152188125719,29152188212831,29152188228775,29152188683906,29152189049330,29152189049362,16,17.2066,7.96824,0.0019,0.87112,0.15944,4.55131,3.65424
109,1,0,1e+08,29152190256680,29152190900064,29152190900234,29152191040042,29152191053970,29152191432888,29152191921575,29152191921740,16,16.6506,6.43384,0.0017,1.39808,0.13928,3.78918,4.88687
110,1,0,1e+08,29152192935823,29152193869822,29152193869914,29152193963924,29152193986452,29152194391716,29152194731816,29152194731844,16,17.9602,9.33999,0.00092,0.9401,0.22528,4.05264,3.401
111,1,0,1e+08,29152196082442,29152196862833,29152196863033,29152196981685,29152196997921,29152197460206,29152197823386,29152197823430,16,17.4099,7.80391,0.002,1.18652,0.16236,4.62285,3.6318
112,1,0,1e+08,29152198891725,29152199586545,29152199586740,29152199737093,29152199754689,29152200237882,29152200610610,29152200610646,16,17.1892,6.9482,0.00195,1.50353,0.17596,4.83193,3.72728
113,1,0,1e+08,29152201704213,29152201990594,29152201990646,29152202041962,29152202052182,29152202350226,29152202667918,29152202667958,16,9.63745,2.86381,0.00052,0.51316,0.1022,2.98044,3.17692
114,1,0,1e+08,29152203591374,29152203843116,29152203843148,29152203894492,29152203904648,29152204752872,29152205248736,29152205248776,16,16.574,2.51742,0.00032,0.51344,0.10156,8.48224,4.95864
115,1,0,1e+08,29152206365968,29152206873328,29152206873528,29152207028271,29152207059251,29152207668472,29152208068752,29152208068792,16,17.0282,5.0736,0.002,1.54743,0.3098,6.09221,4.0028
116,1,0,1e+08,29152209105340,29152209721559,29152209721764,29152209876884,29152209907779,29152210421224,29152210814508,29152210814540,16,17.092,6.16219,0.00205,1.5512,0.30895,5.13445,3.93284
117,1,0,1e+08,29152212145175,29152212680102,29152212680302,29152212833620,29152212864360,29152213470676,29152213863205,29152213863249,16,17.1807,5.34927,0.002,1.53318,0.3074,6.06316,3.92529
118,1,0,1e+08,29152215002443,29152215630342,29152215630512,29152215758723,29152215775387,29152216313618,29152216747395,29152216747435,16,17.4499,6.27899,0.0017,1.28211,0.16664,5.38231,4.33777
119,1,0,1e+08,29152217880884,29152218173556,29152218173612,29152218228704,29152218240344,29152218614536,29152218949584,29152218949624,16,10.6874,2.92672,0.00056,0.55092,0.1164,3.74192,3.35048
120,1,0,1e+08,29152220039360,29152220332354,29152220332394,29152220388734,29152220399574,29152220691474,29152220954194,29152220954222,16,9.14862,2.92994,0.0004,0.5634,0.1084,2.919,2.6272
121,1,0,1e+08,29152221999583,29152222309379,29152222309423,29152222358051,29152222367647,29152222653587,29152223036083,29152223036119,16,10.3654,3.09796,0.00044,0.48628,0.09596,2.8594,3.82496
122,1,0,1e+08,29152224056463,29152224340711,29152224340751,29152224389731,29152224399563,29152224651503,29152224960771,29152224960803,16,9.0434,2.84248,0.0004,0.4898,0.09832,2.5194,3.09268
123,1,0,1e+08,29152225879676,29152227976311,29152227976427,29152228040507,29152228053559,29152228319163,29152228593859,29152228593891,16,27.1422,20.9664,0.00116,0.6408,0.13052,2.65604,2.74696
124,1,0,1e+08,29152229556671,29152229861656,29152229861704,29152229914732,29152229926036,29152230248921,29152230586917,29152230586949,16,10.3028,3.04985,0.00048,0.53028,0.11304,3.22885,3.37996
125,1,0,1e+08,29152231536924,29152231837660,29152231837700,29152231885852,29152231895508,29152232183164,29152232574944,29152232574984,16,10.3806,3.00736,0.0004,0.48152,0.09656,2.87656,3.9178
126,1,0,1e+08,29152233595965,29152233883485,29152233883525,29152233933833,29152233943641,29152234206297,29152234479909,29152234479937,16,8.83972,2.8752,0.0004,0.50308,0.09808,2.62656,2.73612
127,1,0,1e+08,29152235559226,29152235793394,29152235793430,29152235855014,29152235867570,29152236107874,29152236393718,29152236393750,16,8.34524,2.34168,0.00036,0.61584,0.12556,2.40304,2.85844
128,1,0,1e+08,29152237345345,29152238162267,29152238162375,29152238242427,29152238259671,29152238747649,29152239118265,29152239118301,16,17.7296,8.16922,0.00108,0.80052,0.17244,4.87978,3.70616
129,1,0,1e+08,29152240256775,29152240528543,29152240528579,29152240585579,29152240596459,29152240862851,29152241188291,29152241188331,16,9.31556,2.71768,0.00036,0.57,0.1088,2.66392,3.2544
130,1,0,1e+08,29152242119790,29152242402224,29152242402268,29152242451864,29152242461724,29152242725368,29152243013676,29152243013704,16,8.93914,2.82434,0.00044,0.49596,0.0986,2.63644,2.88308
131,1,0,1e+08,29152243927725,29152245937936,29152245938196,29152246025615,29152246043000,29152246489018,29152246850258,29152246850294,16,29.2257,20.1021,0.0026,0.87419,0.17385,4.46018,3.6124
132,1,0,1e+08,29152247950828,29152248271306,29152248271354,29152248339570,29152248353062,29152248817426,29152249133315,29152249133347,16,11.8252,3.20478,0.00048,0.68216,0.13492,4.64364,3.15889
133,1,0,1e+08,29152250062188,29152250316024,29152250316064,29152250376028,29152250388296,29152250621744,29152250921028,29152250921064,16,8.58876,2.53836,0.0004,0.59964,0.12268,2.33448,2.99284
134,1,0,1e+08,29152251840724,29152252129961,29152252129989,29152252177149,29152252186625,29152252404265,29152252712753,29152252712781,16,8.72057,2.89237,0.00028,0.4716,0.09476,2.1764,3.08488
135,1,0,1e+08,29152253804856,29152254049456,29152254049496,29152254098376,29152254108336,29152254343812,29152254619996,29152254620032,16,8.15176,2.446,0.0004,0.4888,0.0996,2.35476,2.76184
136,1,0,1e+08,29152255755729,29152256111851,29152256112051,29152256265884,29152256296124,29152257013857,29152257423709,29152257423745,16,16.6802,3.56122,0.002,1.53833,0.3024,7.17733,4.09852
137,1,0,1e+08,29152258625964,29152258869250,29152258869282,29152258916790,29152258926286,29152259149362,29152259421650,29152259421682,16,7.95718,2.43286,0.00032,0.47508,0.09496,2.23076,2.72288
138,1,0,1e+08,29152260545142,29152260835976,29152260836008,29152260895224,29152260906292,29152261121828,29152261405316,29152261405344,16,8.60202,2.90834,0.00032,0.59216,0.11068,2.15536,2.83488
139,1,0,1e+08,29152263096412,29152263412580,29152263412616,29152263461740,29152263471504,29152263707864,29152263988892,29152263988928,16,8.92516,3.16168,0.00036,0.49124,0.09764,2.3636,2.81028
140,1,0,1e+08,29152264934758,29152267162720,29152267162812,29152267221884,29152267233460,29152267464952,29152267749152,29152267749180,16,28.1442,22.2796,0.00092,0.59072,0.11576,2.31492,2.842
141,1,0,1e+08,29152268920290,29152269185290,29152269185330,29152269238034,29152269249722,29152269515030,29152269833682,29152269833722,16,9.13432,2.65,0.0004,0.52704,0.11688,2.65308,3.18652
142,1,0,1e+08,29152270833290,29152271543979,29152271544169,29152271673552,29152271689164,29152272161006,29152272537442,29152272537474,16,17.0418,7.10689,0.0019,1.29383,0.15612,4.71842,3.76436
143,1,0,1e+08,29152273626643,29152273906029,29152273906073,29152273955693,29152273965665,29152274267809,29152274596885,29152274596921,16,9.70278,2.79386,0.00044,0.4962,0.09972,3.02144,3.29076
144,1,0,1e+08,29152275546960,29152276431350,29152276431446,29152276509345,29152276525237,29152276945602,29152277291178,29152277291210,16,17.4425,8.8439,0.00096,0.77899,0.15892,4.20365,3.45576
145,1,0,1e+08,29152278329055,29152279336460,29152279336556,29152279399180,29152279412204,29152279677312,29152279963136,29152279963168,16,16.3411,10.074,0.00096,0.62624,0.13024,2.65108,2.85824
146,1,0,1e+08,29152280855190,29152281201967,29152281202007,29152281248991,29152281257995,29152281506871,29152281802891,29152281802919,16,9.47729,3.46777,0.0004,0.46984,0.09004,2.48876,2.9602
147,1,0,1e+08,29152282840927,29152283577224,29152283577419,29152283689725,29152283705345,29152284207936,29152284598668,29152284598708,16,17.5778,7.36297,0.00195,1.12306,0.1562,5.02591,3.90732
148,1,0,1e+08,29152285807928,29152286622570,29152286622662,29152286707014,29152286724494,29152287141022,29152287488998,29152287489030,16,16.811,8.14642,0.00092,0.84352,0.1748,4.16528,3.47976
149,1,0,1e+08,29152288637922,29152289467257,29152289467357,29152289545844,29152289561470,29152290001712,29152290359536,29152290359576,16,17.2165,8.29335,0.001,0.78487,0.15626,4.40242,3.57824
150,1,0,1e+08,29152291930673,29152292575828,29152292575892,29152292654592,29152292672320,29152292997624,29152293297720,29152293297748,16,13.6707,6.45155,0.00064,0.787,0.17728,3.25304,3.00096
151,1,0,1e+08,29152294458936,29152295318221,29152295318317,29152295399874,29152295416882,29152295834120,29152296180900,29152296180940,16,17.22,8.59285,0.00096,0.81557,0.17008,4.17238,3.4678
152,1,0,1e+08,29152297525475,29152298537498,29152298537562,29152298596294,29152298608194,29152298982090,29152299355262,29152299355370,16,18.299,10.1202,0.00064,0.58732,0.119,3.73896,3.73172
153,1,0,1e+08,29152300480047,29152301222075,29152301222265,29152301362797,29152301379041,29152301865971,29152302241027,29152302241067,16,17.6102,7.42028,0.0019,1.40532,0.16244,4.8693,3.75056
154,1,0,1e+08,29152303445214,29152304352044,29152304352136,29152304432354,29152304446570,29152304863597,29152305204005,29152305204033,16,17.5882,9.0683,0.00092,0.80218,0.14216,4.17027,3.40408
155,1,0,1e+08,29152306232408,29152306869896,29152306870086,29152307022418,29152307049071,29152307572301,29152307971029,29152307971073,16,17.3866,6.37488,0.0019,1.52332,0.26653,5.2323,3.98728
156,1,0,1e+08,29152308990030,29152309706840,29152309707040,29152309852202,29152309867382,29152310350120,29152310727028,29152310727060,16,17.3703,7.1681,0.002,1.45162,0.1518,4.82738,3.76908
157,1,0,1e+08,29152311882328,29152312531666,29152312531856,29152312686475,29152312717250,29152313225984,29152313605908,29152313605948,16,17.2362,6.49338,0.0019,1.54619,0.30775,5.08734,3.79924
158,1,0,1e+08,29152314734647,29152315404004,29152315404179,29152315554192,29152315584037,29152316368345,29152316790474,29152316790514,16,20.5587,6.69357,0.00175,1.50013,0.29845,7.84308,4.22129
159,1,0,1e+08,29152317779528,29152318052325,29152318052373,29152318102965,29152318113045,29152318361769,29152318652085,29152318652121,16,8.72593,2.72797,0.00048,0.50592,0.1008,2.48724,2.90316
160,1,0,1e+08,29152319846138,29152320164459,29152320164511,29152320217247,29152320228259,29152320718874,29152321511763,29152321511815,16,16.6568,3.18321,0.00052,0.52736,0.11012,4.90615,7.92889
161,1,0,1e+08,29152322823657,29152323089543,29152323089591,29152323145891,29152323156543,29152323552896,29152323919048,29152323919096,16,10.9544,2.65886,0.00048,0.563,0.10652,3.96353,3.66152
162,1,0,1e+08,29152325019107,29152326087302,29152326087366,29152326159015,29152326172915,29152326560476,29152326920224,29152326920340,16,19.0123,10.682,0.00064,0.71649,0.139,3.87561,3.59748
163,1,0,1e+08,29152327899361,29152328194311,29152328194359,29152328244503,29152328254523,29152328541399,29152328862579,29152328862615,16,9.63254,2.9495,0.00048,0.50144,0.1002,2.86876,3.2118
164,1,0,1e+08,29152329890180,29152330162134,29152330162258,29152330211806,29152330221846,29152330462850,29152330756970,29152330756998,16,8.66818,2.71954,0.00124,0.49548,0.1004,2.41004,2.9412
165,1,0,1e+08,29152331812154,29152332090824,29152332090868,29152332152920,29152332165392,29152332425184,29152332707800,29152332707832,16,8.95678,2.7867,0.00044,0.62052,0.12472,2.59792,2.82616
166,1,0,1e+08,29152333792202,29152334070843,29152334070883,29152334137139,29152334151703,29152334479107,29152334851111,29152334851139,16,10.5894,2.78641,0.0004,0.66256,0.14564,3.27404,3.72004
167,1,0,1e+08,29152335730390,29152336642878,29152336642970,29152336724478,29152336740138,29152337152604,29152337499196,29152337499240,16,17.6885,9.12488,0.00092,0.81508,0.1566,4.12466,3.46592
168,1,0,1e+08,29152338653214,29152339405563,29152339405753,29152339507837,29152339523769,29152339978799,29152340339439,29152340339471,16,16.8626,7.52349,0.0019,1.02084,0.15932,4.5503,3.6064
169,1,0,1e+08,29152341450444,29152342182717,29152342182917,29152342308224,29152342324132,29152342816965,29152343198022,29152343198066,16,17.4762,7.32273,0.002,1.25307,0.15908,4.92833,3.81057
170,1,0,1e+08,29152344395801,29152345191369,29152345191469,29152345269576,29152345285420,29152345715816,29152346078976,29152346079008,16,16.8321,7.95568,0.001,0.78107,0.15844,4.30396,3.6316
171,1,0,1e+08,29152347418785,29152347686073,29152347686113,29152347736253,29152347746497,29152348014385,29152348346209,29152348346245,16,9.2746,2.67288,0.0004,0.5014,0.10244,2.67888,3.31824
172,1,0,1e+08,29152349474299,29152350352509,29152350352617,29152350432085,29152350447666,29152350896061,29152351261985,29152351262013,16,17.8771,8.7821,0.00108,0.79468,0.15581,4.48395,3.65924
173,1,0,1e+08,29152352311760,29152352964324,29152352964524,29152353120444,29152353147749,29152353636785,29152354019633,29152354019677,16,17.0792,6.52564,0.002,1.5592,0.27305,4.89036,3.82848
174,1,0,1e+08,29152355094859,29152355880161,29152355880296,29152355956758,29152355972150,29152356454096,29152356829780,29152356829812,16,17.3495,7.85302,0.00135,0.76462,0.15392,4.81946,3.75684
175,1,0,1e+08,29152357951691,29152358233515,29152358233551,29152358281979,29152358291507,29152358565399,29152358892227,29152358892279,16,9.40588,2.81824,0.00036,0.48428,0.09528,2.73892,3.26828
176,1,0,1e+08,29152359893685,29152360128690,29152360128718,29152360176198,29152360185794,29152360393850,29152360650658,29152360650686,16,7.57001,2.35005,0.00028,0.4748,0.09596,2.08056,2.56808
177,1,0,1e+08,29152361628601,29152361874609,29152361874641,29152361921469,29152361930861,29152362137673,29152362403541,29152362403573,16,7.74972,2.46008,0.00032,0.46828,0.09392,2.06812,2.65868
178,1,0,1e+08,29152363431479,29152364170073,29152364170169,29152364230145,29152364241389,29152364493365,29152364774889,29152364774917,16,13.4344,7.38594,0.00096,0.59976,0.11244,2.51976,2.81524
179,1,0,1e+08,29152365769352,29152366059549,29152366059585,29152366104829,29152366114125,29152366335477,29152366617241,29152366617273,16,8.47921,2.90197,0.00036,0.45244,0.09296,2.21352,2.81764
180,1,0,1e+08,29152367858116,29152368663002,29152368663094,29152368742452,29152368758340,29152369244549,29152369632373,29152369632401,16,17.7429,8.04886,0.00092,0.79358,0.15888,4.86209,3.87824
181,1,0,1e+08,29152370974786,29152371858284,29152371858380,29152371940251,29152371957011,29152372403617,29152372759601,29152372759641,16,17.8485,8.83498,0.00096,0.81871,0.1676,4.46606,3.55984
182,1,0,1e+08,29152373846603,29152374190207,29152374190255,29152374253895,29152374266775,29152374566327,29152374876979,29152374877007,16,10.304,3.43604,0.00048,0.6364,0.1288,2.99552,3.10652
183,1,0,1e+08,29152375788212,29152376042054,29152376042086,29152376095910,29152376106610,29152376431982,29152376814232,29152376814264,16,10.2605,2.53842,0.00032,0.53824,0.107,3.25372,3.8225
184,1,0,1e+08,29152377754039,29152378038506,29152378038706,29152378191409,29152378222029,29152378990882,29152379411094,29152379411126,16,16.5709,2.84467,0.002,1.52703,0.3062,7.68853,4.20212
185,1,0,1e+08,29152380505533,29152381462380,29152381462496,29152381524916,29152381537216,29152381812956,29152382121232,29152382121264,16,16.1573,9.56847,0.00116,0.6242,0.123,2.7574,3.08276
186,1,0,1e+08,29152383091395,29152383360492,29152383360532,29152383407112,29152383418856,29152383666604,29152383966032,29152383966060,16,8.74665,2.69097,0.0004,0.4658,0.11744,2.47748,2.99428
187,1,0,1e+08,29152384975763,29152385230803,29152385230835,29152385279799,29152385289595,29152385520215,29152385798419,29152385798451,16,8.22688,2.5504,0.00032,0.48964,0.09796,2.3062,2.78204
188,1,0,1e+08,29152386811542,29152388442547,29152388442659,29152388504459,29152388516747,29152388793003,29152389103471,29152389103499,16,22.9196,16.3101,0.00112,0.618,0.12288,2.76256,3.10468
189,1,0,1e+08,29152390053789,29152390334622,29152390334658,29152390391334,29152390401034,29152390636378,29152390927582,29152390927614,16,8.73825,2.80833,0.00036,0.56676,0.097,2.35344,2.91204
190,1,0,1e+08,29152391857456,29152392206203,29152392206243,29152392255287,29152392264867,29152392506955,29152392795675,29152392795703,16,9.38247,3.48747,0.0004,0.49044,0.0958,2.42088,2.8872
191,1,0,1e+08,29152393771881,29152394616566,29152394616766,29152394710392,29152394725860,29152395185700,29152395581940,29152395581980,16,18.101,8.44685,0.002,0.93626,0.15468,4.5984,3.9624
192,1,0,1e+08,29152396755740,29152397078937,29152397079029,29152397156696,29152397172236,29152397681799,29152398160497,29152398160541,16,14.048,3.23197,0.00092,0.77667,0.1554,5.09563,4.78698
193,1,0,1e+08,29152399134253,29152400248292,29152400248376,29152400313088,29152400326708,29152400547212,29152400822740,29152400822768,16,16.8852,11.1404,0.00084,0.64712,0.1362,2.20504,2.75528
194,1,0,1e+08,29152401948878,29152402664084,29152402664279,29152402787899,29152402804651,29152403271105,29152403636717,29152403636749,16,16.8787,7.15206,0.00195,1.2362,0.16752,4.66454,3.65612
195,1,0,1e+08,29152404680937,29152405518476,29152405518671,29152405617329,29152405633713,29152406124138,29152406507635,29152406507675,16,18.2674,8.37539,0.00195,0.98658,0.16384,4.90425,3.83497
196,1,0,1e+08,29152407520827,29152407828148,29152407828200,29152407893328,29152407907652,29152408231884,29152408557500,29152408557536,16,10.3671,3.07321,0.00052,0.65128,0.14324,3.24232,3.25616
197,1,0,1e+08,29152409506091,29152410487073,29152410487165,29152410563636,29152410577008,29152410984425,29152411323621,29152411323661,16,18.1757,9.80982,0.00092,0.76471,0.13372,4.07417,3.39196
198,1,0,1e+08,29152412445206,29152412784678,29152412784734,29152412849546,29152412862598,29152413164706,29152413505434,29152413505466,16,10.6026,3.39472,0.00056,0.64812,0.13052,3.02108,3.40728
199,1,0,1e+08,29152414444309,29152414738264,29152414738308,29152414782280,29152414792176,29152415045168,29152415349376,29152415349412,16,9.05103,2.93955,0.00044,0.43972,0.09896,2.52992,3.04208
200,1,0,1e+08,29152416474480,29152417482044,29152417482108,29152417545441,29152417559045,29152417949894,29152418281714,29152418281742,16,18.0726,10.0756,0.00064,0.63333,0.13604,3.90849,3.3182
201,1,0,1e+08,29152419563219,29152420517164,29152420517228,29152420588593,29152420603109,29152420976693,29152421293821,29152421293857,16,17.3064,9.53945,0.00064,0.71365,0.14516,3.73584,3.17128
202,1,0,1e+08,29152422461782,29152423130637,29152423130827,29152423287101,29152423318146,29152423859372,29152424260292,29152424260328,16,17.9855,6.68855,0.0019,1.56274,0.31045,5.41226,4.0092
203,1,0,1e+08,29152425394510,29152425754868,29152425754920,29152425817236,29152425830416,29152426142856,29152426555627,29152426555812,16,11.613,3.60358,0.00052,0.62316,0.1318,3.1244,4.12771
204,1,0,1e+08,29152428577622,29152428834510,29152428834554,29152428887126,29152428897286,29152429186974,29152429559874,29152429559910,16,9.82288,2.56888,0.00044,0.52572,0.1016,2.89688,3.729
205,1,0,1e+08,29152430503245,29152431128904,29152431129104,29152431282693,29152431313403,29152431820685,29152432205297,29152432205341,16,17.021,6.25659,0.002,1.53589,0.3071,5.07282,3.84612
206,1,0,1e+08,29152433568299,29152433854603,29152433854643,29152433905075,29152433915087,29152434175699,29152434510035,29152434510071,16,9.41772,2.86304,0.0004,0.50432,0.10012,2.60612,3.34336
207,1,0,1e+08,29152435569051,29152436515885,29152436515981,29152436594585,29152436610373,29152437031694,29152437379430,29152437379470,16,18.1042,9.46834,0.00096,0.78604,0.15788,4.21321,3.47736
208,1,0,1e+08,29152438486952,29152438765881,29152438765925,29152438817853,29152438827985,29152439115405,29152439519601,29152439519637,16,10.3269,2.78929,0.00044,0.51928,0.10132,2.8742,4.04196
209,1,0,1e+08,29152440772917,29152441032079,29152441032115,29152441080795,29152441090891,29152441303451,29152441570227,29152441570263,16,7.97346,2.59162,0.00036,0.4868,0.10096,2.1256,2.66776
210,1,0,1e+08,29152442593884,29152443409554,29152443409646,29152443492154,29152443510467,29152443938698,29152444289530,29152444289562,16,16.9568,8.1567,0.00092,0.82508,0.18313,4.28231,3.50832
211,1,0,1e+08,29152445368784,29152445672420,29152445672456,29152445735084,29152445747708,29152446010412,29152446520303,29152446520488,16,11.517,3.03636,0.00036,0.62628,0.12624,2.62704,5.09891
212,1,0,1e+08,29152448345967,29152448620759,29152448620803,29152448672803,29152448683059,29152449003715,29152449355595,29152449355627,16,10.0966,2.74792,0.00044,0.52,0.10256,3.20656,3.5188
213,1,0,1e+08,29152450401890,29152451297016,29152451297108,29152451376519,29152451392411,29152451821747,29152452173367,29152452173407,16,17.7152,8.95126,0.00092,0.79411,0.15892,4.29336,3.5162
214,1,0,1e+08,29152453304929,29152454103577,29152454103677,29152454181276,29152454196832,29152454624748,29152454976356,29152454976388,16,16.7146,7.98648,0.001,0.77599,0.15556,4.27916,3.51608
215,1,0,1e+08,29152456073940,29152456350997,29152456351045,29152456403269,29152456413597,29152456690441,29152456995989,29152456996025,16,9.22085,2.77057,0.00048,0.52224,0.10328,2.76844,3.05548
216,1,0,1e+08,29152458015816,29152458340796,29152458340848,29152458405060,29152458418012,29152458683092,29152458949072,29152458949100,16,9.33284,3.2498,0.00052,0.64212,0.12952,2.6508,2.6598
217,1,0,1e+08,29152459882132,29152460253558,29152460253602,29152460315814,29152460328134,29152460589130,29152460914214,29152460914258,16,10.3213,3.71426,0.00044,0.62212,0.1232,2.60996,3.25084
218,1,0,1e+08,29152461875298,29152462118966,29152462119002,29152462166334,29152462175806,29152462390278,29152462672978,29152462673006,16,7.97708,2.43668,0.00036,0.47332,0.09472,2.14472,2.827
219,1,0,1e+08,29152463621809,29152463917363,29152463917411,29152463969063,29152463979227,29152464226803,29152464499159,29152464499191,16,8.77382,2.95554,0.00048,0.51652,0.10164,2.47576,2.72356
220,1,0,1e+08,29152465631771,29152466372733,29152466372933,29152466489360,29152466504860,29152466969177,29152467336957,29152467336985,16,17.0521,7.40962,0.002,1.16427,0.155,4.64317,3.6778
221,1,0,1e+08,29152468455636,29152468738802,29152468738834,29152468786510,29152468796342,29152469059454,29152469362170,29152469362218,16,9.06582,2.83166,0.00032,0.47676,0.09832,2.63112,3.02716
222,1,0,1e+08,29152471695449,29152471959653,29152471959705,29152472011673,29152472021877,29152472394861,29152472760645,29152472760681,16,10.6523,2.64204,0.00052,0.51968,0.10204,3.72984,3.65784
223,1,0,1e+08,29152473900522,29152474165290,29152474165334,29152474215142,29152474225218,29152474481734,29152474793387,29152474793447,16,8.92925,2.64768,0.00044,0.49808,0.10076,2.56516,3.11653
224,1,0,1e+08,29152475776692,29152476515333,29152476515523,29152476611999,29152476627463,29152477122653,29152477501585,29152477501617,16,17.2492,7.38641,0.0019,0.96476,0.15464,4.9519,3.78932
225,1,0,1e+08,29152478638486,29152479847338,29152479847446,29152479910074,29152479922798,29152480213390,29152480517154,29152480517190,16,18.787,12.0885,0.00108,0.62628,0.12724,2.90592,3.03764
226,1,0,1e+08,29152481502770,29152481789352,29152481789388,29152481836396,29152481845620,29152482084216,29152482389228,29152482389256,16,8.86486,2.86582,0.00036,0.47008,0.09224,2.38596,3.05012
227,1,0,1e+08,29152483307980,29152483559010,29152483559050,29152483608238,29152483619122,29152483852442,29152484160994,29152484161030,16,8.5305,2.5103,0.0004,0.49188,0.10884,2.3332,3.08552
228,1,0,1e+08,29152485222076,29152486149390,29152486149482,29152486227898,29152486241912,29152486664334,29152487038194,29152487038230,16,18.1615,9.27314,0.00092,0.78416,0.14014,4.22422,3.7386
229,1,0,1e+08,29152488358292,29152489356786,29152489356850,29152489413014,29152489423950,29152489817379,29152490147635,29152490147671,16,17.8938,9.98494,0.00064,0.56164,0.10936,3.93429,3.30256
230,1,0,1e+08,29152491227623,29152492620395,29152492620860,29152492722315,29152492738547,29152493189741,29152493553757,29152493553789,16,23.2617,13.9277,0.00465,1.01455,0.16232,4.51194,3.64016
231,1,0,1e+08,29152494589935,29152494818743,29152494818779,29152494925589,29152494956594,29152495811172,29152496254707,29152496254751,16,16.6482,2.28808,0.00036,1.0681,0.31005,8.54578,4.43535
232,1,0,1e+08,29152497415403,29152497671379,29152497671427,29152497729159,29152497740103,29152498108771,29152498516895,29152498516935,16,11.0153,2.55976,0.00048,0.57732,0.10944,3.68668,4.08124
233,1,0,1e+08,29152499493060,29152499784280,29152499784320,29152499832600,29152499842268,29152500090508,29152500351552,29152500351584,16,8.58524,2.9122,0.0004,0.4828,0.09668,2.4824,2.61044
234,1,0,1e+08,29152501352767,29152502062554,29152502062658,29152502125226,29152502137654,29152502371698,29152502651106,29152502651134,16,12.9837,7.09787,0.00104,0.62568,0.12428,2.34044,2.79408
235,1,0,1e+08,29152503617955,29152504368586,29152504368771,29152504492861,29152504508697,29152505015436,29152505401724,29152505401768,16,17.8381,7.50631,0.00185,1.2409,0.15836,5.06739,3.86288
236,1,0,1e+08,29152506496816,29152506860373,29152506860433,29152506925361,29152506938613,29152507287137,29152507635641,29152507635673,16,11.3886,3.63557,0.0006,0.64928,0.13252,3.48524,3.48504
237,1,0,1e+08,29152508850482,29152509132351,29152509132379,29152509187811,29152509199531,29152509443411,29152509768219,29152509768255,16,9.17773,2.81869,0.00028,0.55432,0.1172,2.4388,3.24808
238,1,0,1e+08,29152510917167,29152511610555,29152511610745,29152511760273,29152511776861,29152512260393,29152512637001,29152512637037,16,17.1987,6.93388,0.0019,1.49528,0.16588,4.83532,3.76608
239,1,0,1e+08,29152513921367,29152514688916,29152514689008,29152514766888,29152514782420,29152515219618,29152515572762,29152515572802,16,16.5144,7.67549,0.00092,0.7788,0.15532,4.37198,3.53144
240,1,0,1e+08,29152516967450,29152518221122,29152518221286,29152518273142,29152518282978,29152518493214,29152518762526,29152518762550,16,17.951,12.5367,0.00164,0.51856,0.09836,2.10236,2.69312
241,1,0,1e+08,29152520049304,29152520337456,29152520337504,29152520385208,29152520394928,29152520675360,29152520967000,29152520967036,16,9.17732,2.88152,0.00048,0.47704,0.0972,2.80432,2.9164
242,1,0,1e+08,29152522060696,29152522371708,29152522371748,29152522421744,29152522431744,29152522703668,29152523362008,29152523362163,16,13.0147,3.11012,0.0004,0.49996,0.1,2.71924,6.5834
243,1,0,1e+08,29152525049055,29152525368059,29152525368107,29152525418899,29152525429171,29152525764503,29152526476341,29152526476526,16,14.2747,3.19004,0.00048,0.50792,0.10272,3.35332,7.11838
244,1,0,1e+08,29152528130632,29152528376880,29152528376928,29152528436860,29152528449620,29152528784300,29152529141440,29152529141476,16,10.1084,2.46248,0.00048,0.59932,0.1276,3.3468,3.5714
245,1,0,1e+08,29152530010558,29152530271583,29152530271627,29152530321539,29152530331515,29152530590019,29152530922443,29152530922487,16,9.11929,2.61025,0.00044,0.49912,0.09976,2.58504,3.32424
246,1,0,1e+08,29152532059581,29152532954984,29152532955080,29152533032831,29152533048487,29152533461188,29152533818052,29152533818084,16,17.585,8.95403,0.00096,0.77751,0.15656,4.12701,3.56864
247,1,0,1e+08,29152534986153,29152535727923,29152535728118,29152535870525,29152535885565,29152536396768,29152536790492,29152536790536,16,18.0438,7.4177,0.00195,1.42407,0.1504,5.11203,3.93724
248,1,0,1e+08,29152537886181,29152538126189,29152538126233,29152538176013,29152538186169,29152538462153,29152538880501,29152538880541,16,9.9436,2.40008,0.00044,0.4978,0.10156,2.75984,4.18348
249,1,0,1e+08,29152539954857,29152540864480,29152540864572,29152540940476,29152540951624,29152541365965,29152541725693,29152541725733,16,17.7088,9.09623,0.00092,0.75904,0.11148,4.14341,3.59728
250,1,0,1e+08,29152542809384,29152543599705,29152543599797,29152543679584,29152543695952,29152544130236,29152544487132,29152544487164,16,16.7778,7.90321,0.00092,0.79787,0.16368,4.34284,3.56896
251,1,0,1e+08,29152545661131,29152546564489,29152546564573,29152546645845,29152546662843,29152547114083,29152547467131,29152547467171,16,18.0604,9.03358,0.00084,0.81272,0.16998,4.5124,3.53048
252,1,0,1e+08,29152548505320,29152548774464,29152548774508,29152548824080,29152548833860,29152549090908,29152549421240,29152549421276,16,9.15956,2.69144,0.00044,0.49572,0.0978,2.57048,3.30332
253,1,0,1e+08,29152550378534,29152550602766,29152550602802,29152550655346,29152550667066,29152550922607,29152551917640,29152551917700,16,15.3917,2.24232,0.00036,0.52544,0.1172,2.55541,9.95033
254,1,0,1e+08,29152553335502,29152553949565,29152553949780,29152554105582,29152554135862,29152554638305,29152555022209,29152555022241,16,16.8674,6.14063,0.00215,1.55802,0.3028,5.02443,3.83904
255,1,0,1e+08,29152556079498,29152556829970,29152556830170,29152556927182,29152556943454,29152557435833,29152557819917,29152557819961,16,17.4046,7.50472,0.002,0.97012,0.16272,4.92379,3.84084
256,1,0,1e+08,29152558870793,29152559139278,29152559139318,29152559188546,29152559198282,29152559466430,29152559834250,29152559834298,16,9.63505,2.68485,0.0004,0.49228,0.09736,2.68148,3.6782
257,1,0,1e+08,29152560796733,29152561128351,29152561128391,29152561176371,29152561185979,29152561422351,29152561688175,29152561688207,16,8.91474,3.31618,0.0004,0.4798,0.09608,2.36372,2.65824
258,1,0,1e+08,29152562689796,29152562952281,29152562952321,29152563000369,29152563010061,29152563250685,29152563533173,29152563533201,16,8.43405,2.62485,0.0004,0.48048,0.09692,2.40624,2.82488
259,1,0,1e+08,29152564465397,29152565177596,29152565177732,29152565239508,29152565252548,29152565491388,29152565784776,29152565784812,16,13.1942,7.12199,0.00136,0.61776,0.1304,2.3884,2.93388
260,1,0,1e+08,29152566740547,29152567812510,29152567812574,29152567881918,29152567895746,29152568277898,29152568649358,29152568649454,16,19.0891,10.7196,0.00064,0.69344,0.13828,3.82152,3.7146
261,1,0,1e+08,29152569613792,29152570534250,29152570534342,29152570608180,29152570620944,29152571015967,29152571349099,29152571349135,16,17.3534,9.20458,0.00092,0.73838,0.12764,3.95023,3.33132
262,1,0,1e+08,29152572545274,29152573087329,29152573087519,29152573243637,29152573274562,29152573810796,29152574197584,29152574197616,16,16.5234,5.42055,0.0019,1.56118,0.30925,5.36234,3.86788
263,1,0,1e+08,29152575363807,29152576154680,29152576154865,29152576235987,29152576251766,29152576698849,29152577060441,29152577060481,16,16.9667,7.90873,0.00185,0.81122,0.15779,4.47083,3.61592
264,1,0,1e+08,29152578223941,29152578455901,29152578455937,29152578504609,29152578514293,29152578754077,29152579043257,29152579043285,16,8.19344,2.3196,0.00036,0.48672,0.09684,2.39784,2.8918
265,1,0,1e+08,29152580005753,29152580242045,29152580242077,29152580289821,29152580299513,29152580847494,29152581529825,29152581529885,16,15.2413,2.36292,0.00032,0.47744,0.09692,5.47981,6.82331
266,1,0,1e+08,29152582715707,29152585003049,29152585003285,29152585085833,29152585102597,29152585569200,29152585933220,29152585933252,16,32.1754,22.8734,0.00236,0.82548,0.16764,4.66603,3.6402
267,1,0,1e+08,29152587051955,29152587360103,29152587360147,29152587410515,29152587420843,29152588233936,29152588744515,29152588744563,16,16.9261,3.08148,0.00044,0.50368,0.10328,8.13093,5.10579
268,1,0,1e+08,29152589925779,29152590222256,29152590222308,29152590270052,29152590279764,29152590603724,29152590918064,29152590918096,16,9.92317,2.96477,0.00052,0.47744,0.09712,3.2396,3.1434
269,1,0,1e+08,29152592019295,29152592330648,29152592330680,29152592378144,29152592387812,29152592615728,29152592899672,29152592899712,16,8.80417,3.11353,0.00032,0.47464,0.09668,2.27916,2.83944
270,1,0,1e+08,29152594160314,29152595105790,29152595105882,29152595176080,29152595188308,29152595593345,29152595955745,29152595955773,16,17.9546,9.45476,0.00092,0.70198,0.12228,4.05037,3.624
271,1,0,1e+08,29152596996972,29152597775339,29152597775529,29152597898489,29152597913673,29152598416960,29152598811528,29152598811572,16,18.146,7.78367,0.0019,1.2296,0.15184,5.03287,3.94568
272,1,0,1e+08,29152599858429,29152600663606,29152600663801,29152600793042,29152600809546,29152601277920,29152601643608,29152601643644,16,17.8522,8.05177,0.00195,1.29241,0.16504,4.68374,3.65688
273,1,0,1e+08,29152602677957,29152603458436,29152603458636,29152603588301,29152603604333,29152604084364,29152604451788,29152604451828,16,17.7387,7.80479,0.002,1.29665,0.16032,4.80031,3.67424
274,1,0,1e+08,29152605592389,29152606440216,29152606440416,29152606531260,29152606547312,29152607039642,29152607413694,29152607413726,16,18.2134,8.47827,0.002,0.90844,0.16052,4.9233,3.74052
275,1,0,1e+08,29152608458595,29152608699259,29152608699299,29152608748783,29152608758519,29152609000431,29152609301855,29152609301891,16,8.43296,2.40664,0.0004,0.49484,0.09736,2.41912,3.01424
276,1,0,1e+08,29152610292450,29152611091375,29152611091570,29152611202021,29152611217880,29152611689720,29152612066044,29152612066076,16,17.7363,7.98925,0.00195,1.10451,0.15859,4.7184,3.76324
277,1,0,1e+08,29152613248159,29152613956011,29152613956201,29152614090941,29152614106125,29152614612982,29152615006334,29152615006378,16,17.5822,7.07852,0.0019,1.3474,0.15184,5.06857,3.93352
278,1,0,1e+08,29152616054484,29152617044222,29152617044306,29152617113530,29152617128446,29152617528132,29152617862832,29152617862860,16,18.0838,9.89738,0.00084,0.69224,0.14916,3.99686,3.347
279,1,0,1e+08,29152619123729,29152620071152,29152620071216,29152620137388,29152620150824,29152620544473,29152620868461,29152620868501,16,17.4477,9.47423,0.00064,0.66172,0.13436,3.93649,3.23988
280,1,0,1e+08,29152621957601,29152622767603,29152622767695,29152622846967,29152622863084,29152623314776,29152623673572,29152623673604,16,17.16,8.10002,0.00092,0.79272,0.16117,4.51692,3.58796
281,1,0,1e+08,29152624914161,29152625460123,29152625460323,29152625612913,29152625643289,29152626206252,29152626592740,29152626592780,16,16.7862,5.45962,0.002,1.5259,0.30376,5.62963,3.86488
282,1,0,1e+08,29152627685925,29152628552574,29152628552714,29152628637245,29152628653566,29152629105740,29152629462184,29152629462212,16,17.7629,8.66649,0.0014,0.84531,0.16321,4.52174,3.56444
283,1,0,1e+08,29152630489410,29152631381132,29152631381224,29152631464247,29152631480499,29152631920866,29152632276110,29152632276150,16,17.8674,8.91722,0.00092,0.83023,0.16252,4.40367,3.55244
284,1,0,1e+08,29152633273901,29152633574093,29152633574145,29152633627133,29152633637565,29152633963089,29152634568155,29152634568187,16,12.9429,3.00192,0.00052,0.52988,0.10432,3.25524,6.05066
285,1,0,1e+08,29152635512493,29152635752122,29152635752162,29152635800506,29152635810066,29152636019962,29152636302142,29152636302174,16,7.89681,2.39629,0.0004,0.48344,0.0956,2.09896,2.8218
286,1,0,1e+08,29152637231073,29152637514535,29152637514571,29152637564391,29152637574227,29152637861631,29152638799800,29152638799848,16,15.6878,2.83462,0.00036,0.4982,0.09836,2.87404,9.38169
287,1,0,1e+08,29152640157551,29152640488073,29152640488165,29152640580696,29152640610651,29152640996498,29152641406938,29152641406978,16,12.4943,3.30522,0.00092,0.92531,0.29955,3.85847,4.1044
288,1,0,1e+08,29152642345470,29152643350352,29152643350416,29152643407972,29152643419584,29152643819514,29152644161198,29152644161226,16,18.1576,10.0488,0.00064,0.57556,0.11612,3.9993,3.41684
289,1,0,1e+08,29152645245794,29152645556712,29152645556764,29152645609228,29152645619484,29152645943944,29152646268008,29152646268044,16,10.2225,3.10918,0.00052,0.52464,0.10256,3.2446,3.24064
290,1,0,1e+08,29152647452555,29152648366275,29152648366367,29152648442847,29152648457388,29152648873198,29152649224558,29152649224590,16,17.7203,9.1372,0.00092,0.7648,0.14541,4.1581,3.5136
291,1,0,1e+08,29152650354135,29152651303501,29152651303657,29152651375382,29152651390198,29152651773799,29152652099423,29152652099459,16,17.4532,9.49366,0.00156,0.71725,0.14816,3.83601,3.25624
292,1,0,1e+08,29152653068235,29152653866643,29152653866747,29152653943323,29152653958481,29152654412714,29152654781066,29152654781098,16,17.1286,7.98408,0.00104,0.76576,0.15158,4.54233,3.68352
293,1,0,1e+08,29152655875145,29152656481894,29152656482094,29152656635198,29152656666340,29152657218001,29152657605977,29152657606017,16,17.3087,6.06749,0.002,1.53104,0.31142,5.51661,3.87976
294,1,0,1e+08,29152658641898,29152658941970,29152658942026,29152658993946,29152659004154,29152659319546,29152659636262,29152659636294,16,9.94396,3.00072,0.00056,0.5192,0.10208,3.15392,3.16716
295,1,0,1e+08,29152660586600,29152660854856,29152660854896,29152660911716,29152660922248,29152661183580,29152661456248,29152661456284,16,8.69684,2.68256,0.0004,0.5682,0.10532,2.61332,2.72668
296,1,0,1e+08,29152662386241,29152662650505,29152662650541,29152662698753,29152662708601,29152662944857,29152663250425,29152663250461,16,8.6422,2.64264,0.00036,0.48212,0.09848,2.36256,3.05568
297,1,0,1e+08,29152664228736,29152665483134,29152665483390,29152665565055,29152665581733,29152666019914,29152666384542,29152666384582,16,21.5585,12.544,0.00256,0.81665,0.16678,4.38181,3.64628
298,1,0,1e+08,29152668492853,29152668845449,29152668845493,29152668893669,29152668903397,29152669142877,29152669414229,29152669414253,16,9.214,3.52596,0.00044,0.48176,0.09728,2.3948,2.71352
299,1,0,1e+08,29152670659471,29152671618885,29152671619125,29152671687256,29152671699684,29152672104845,29152672444105,29152672444145,16,17.8467,9.59414,0.0024,0.68131,0.12428,4.05161,3.3926
300,1,0,1e+08,29152673560164,29152674479261,29152674479353,29152674561651,29152674575995,29152674985769,29152675322357,29152675322389,16,17.6222,9.19097,0.00092,0.82298,0.14344,4.09774,3.36588
301,1,0,1e+08,29152676521251,29152677342247,29152677342442,29152677444089,29152677460673,29152677943928,29152678316580,29152678316624,16,17.9537,8.20996,0.00195,1.01647,0.16584,4.83255,3.72652
302,1,0,1e+08,29152679397973,29152679794079,29152679794135,29152679846459,29152679856571,29152680241147,29152680781286,29152680781330,16,13.8336,3.96106,0.00056,0.52324,0.10112,3.84576,5.40139
303,1,0,1e+08,29152681997241,29152682274629,29152682274669,29152682320637,29152682330537,29152682612285,29152682926605,29152682926637,16,9.29396,2.77388,0.0004,0.45968,0.099,2.81748,3.1432
304,1,0,1e+08,29152683862638,29152684152699,29152684152743,29152684202131,29152684212287,29152684509955,29152684797267,29152684797295,16,9.34657,2.90061,0.00044,0.49388,0.10156,2.97668,2.87312
305,1,0,1e+08,29152685772041,29152686157433,29152686157477,29152686206353,29152686216237,29152686479157,29152686770633,29152686770669,16,9.98628,3.85392,0.00044,0.48876,0.09884,2.6292,2.91476
306,1,0,1e+08,29152691321915,29152691575419,29152691575451,29152691618943,29152691627635,29152692062784,29152692901998,29152692902046,16,15.8013,2.53504,0.00032,0.43492,0.08692,4.35149,8.39214
307,1,0,1e+08,29152694300111,29152694969108,29152694969298,29152695123292,29152695154177,29152695642074,29152696020531,29152696020575,16,17.2046,6.68997,0.0019,1.53994,0.30885,4.87897,3.78457
308,1,0,1e+08,29152697342012,29152698347586,29152698347650,29152698420722,29152698434958,29152698804434,29152699118722,29152699118754,16,17.7674,10.0557,0.00064,0.73072,0.14236,3.69476,3.14288
309,1,0,1e+08,29152700439499,29152700892928,29152700892988,29152700946116,29152700956740,29152701310341,29152701595809,29152701595845,16,11.5635,4.53429,0.0006,0.53128,0.10624,3.53601,2.85468
310,1,0,1e+08,29152702536305,29152702810049,29152702810089,29152702858889,29152702868589,29152703124449,29152703412253,29152703412281,16,8.75976,2.73744,0.0004,0.488,0.097,2.5586,2.87804
311,1,0,1e+08,29152704398820,29152704634496,29152704634536,29152704682496,29152704692324,29152704926944,29152705206320,29152705206356,16,8.07536,2.35676,0.0004,0.4796,0.09828,2.3462,2.79376
312,1,0,1e+08,29152706208902,29152706551539,29152706552034,29152706706274,29152706737724,29152707506232,29152707924321,29152707924357,16,17.1546,3.42637,0.00495,1.5424,0.3145,7.68508,4.18089
313,1,0,1e+08,29152708965261,29152709543777,29152709543977,29152709698159,29152709728899,29152710301654,29152710691986,29152710692030,16,17.2677,5.78516,0.002,1.54182,0.3074,5.72755,3.90332
314,1,0,1e+08,29152711829523,29152712623162,29152712623357,29152712721350,29152712737074,29152713235292,29152713624268,29152713624300,16,17.9478,7.93639,0.00195,0.97993,0.15724,4.98218,3.88976
315,1,0,1e+08,29152714783335,29152715080099,29152715080139,29152715129799,29152715139663,29152715417359,29152715741951,29152715741991,16,9.58656,2.96764,0.0004,0.4966,0.09864,2.77696,3.24592
316,1,0,1e+08,29152716803315,29152717557834,29152717558304,29152717694802,29152717710626,29152718184321,29152718571233,29152718571265,16,17.6795,7.54519,0.0047,1.36498,0.15824,4.73695,3.86912
317,1,0,1e+08,29152719833437,29152720758002,29152720758094,29152720846460,29152720860268,29152721271400,29152721609036,29152721609072,16,17.7564,9.24565,0.00092,0.88366,0.13808,4.11132,3.37636
318,1,0,1e+08,29152722801564,29152723423367,29152723423423,29152723483407,29152723494767,29152723763191,29152724076955,29152724076979,16,12.7542,6.21803,0.00056,0.59984,0.1136,2.68424,3.13764
319,1,0,1e+08,29152725020366,29152725325362,29152725325402,29152725374390,29152725384190,29152725693454,29152726005954,29152726005994,16,9.85628,3.04996,0.0004,0.48988,0.098,3.09264,3.125
320,1,0,1e+08,29152726974568,29152727772789,29152727772979,29152727896191,29152727912227,29152728381696,29152728757436,29152728757468,16,17.829,7.98221,0.0019,1.23212,0.16036,4.69469,3.7574
321,1,0,1e+08,29152729984633,29152730929065,29152730929157,29152731011780,29152731028436,29152731519525,29152731883477,29152731883517,16,18.9888,9.44432,0.00092,0.82623,0.16656,4.91089,3.63952
322,1,0,1e+08,29152732794223,29152733133500,29152733133592,29152733193457,29152733204373,29152734019897,29152734539973,29152734540017,16,17.4579,3.39277,0.00092,0.59865,0.10916,8.15524,5.20076
323,1,0,1e+08,29152735812922,29152736089328,29152736089384,29152736150316,29152736163740,29152736689358,29152737017982,29152737018022,16,12.051,2.76406,0.00056,0.60932,0.13424,5.25618,3.28624
324,1,0,1e+08,29152737911281,29152738860820,29152738860912,29152738941308,29152738957736,29152739409688,29152739772344,29152739772376,16,18.611,9.49539,0.00092,0.80396,0.16428,4.51952,3.62656
325,1,0,1e+08,29152740797314,29152741411206,29152741411401,29152741563732,29152741594112,29152742126908,29152742510128,29152742510172,16,17.1286,6.13892,0.00195,1.52331,0.3038,5.32796,3.8322
326,1,0,1e+08,29152743609721,29152743881330,29152743881374,29152743930890,29152743940546,29152744207966,29152744623346,29152744623394,16,10.1367,2.71609,0.00044,0.49516,0.09656,2.6742,4.1538
327,1,0,1e+08,29152745730618,29152746768076,29152746768140,29152746836700,29152746850552,29152747221084,29152747630060,29152747630160,16,18.9954,10.3746,0.00064,0.6856,0.13852,3.70532,4.08976
328,1,0,1e+08,29152748584006,29152749367853,29152749368043,29152749495194,29152749512114,29152749983836,29152750350860,29152750350892,16,17.6689,7.83847,0.0019,1.27151,0.1692,4.71722,3.67024
329,1,0,1e+08,29152751483452,29152752299689,29152752299781,29152752378265,29152752394073,29152752867165,29152753238501,29152753238541,16,17.5509,8.16237,0.00092,0.78484,0.15808,4.73092,3.71336
330,1,0,1e+08,29152754479609,29152755348231,29152755348426,29152755444793,29152755461557,29152755909240,29152756266280,29152756266312,16,17.867,8.68622,0.00195,0.96367,0.16764,4.47683,3.5704
331,1,0,1e+08,29152757405433,29152757816418,29152757816510,29152757889880,29152757902972,29152758228042,29152759191799,29152759191859,16,17.8643,4.10985,0.00092,0.7337,0.13092,3.2507,9.63757
332,1,0,1e+08,29152760442090,29152760689362,29152760689414,29152760739206,29152760750678,29152761118198,29152761478446,29152761478482,16,10.3639,2.47272,0.00052,0.49792,0.11472,3.6752,3.60248
333,1,0,1e+08,29152762337669,29152762611835,29152762611871,29152762660467,29152762670255,29152762931187,29152763216083,29152763216115,16,8.78446,2.74166,0.00036,0.48596,0.09788,2.60932,2.84896
334,1,0,1e+08,29152764231363,29152766198742,29152766198858,29152766263354,29152766276286,29152766561270,29152766855562,29152766855590,16,26.2423,19.6738,0.00116,0.64496,0.12932,2.84984,2.94292
335,1,0,1e+08,29152767824473,29152768079877,29152768079917,29152768128365,29152768138149,29152768379285,29152768664561,29152768664593,16,8.4012,2.55404,0.0004,0.48448,0.09784,2.41136,2.85276
336,1,0,1e+08,29152769778118,29152770563405,29152770563513,29152770643529,29152770659614,29152771113402,29152771478406,29152771478438,16,17.0032,7.85287,0.00108,0.80016,0.16085,4.53788,3.65004
337,1,0,1e+08,29152772585966,29152773397160,29152773397252,29152773476588,29152773492684,29152773973808,29152774344728,29152774344772,16,17.5881,8.11194,0.00092,0.79336,0.16096,4.81124,3.7092
338,1,0,1e+08,29152775546340,29152776291795,29152776291990,29152776411465,29152776428125,29152776893256,29152777256940,29152777256972,16,17.1063,7.45455,0.00195,1.19475,0.1666,4.65131,3.63684
339,1,0,1e+08,29152778277366,29152778600730,29152778600778,29152778653126,29152778663442,29152778950122,29152779284414,29152779284450,16,10.0708,3.23364,0.00048,0.52348,0.10316,2.8668,3.34292
340,1,0,1e+08,29152780237201,29152781004779,29152781004964,29152781112229,29152781127841,29152781591805,29152781963005,29152781963037,16,17.2584,7.67578,0.00185,1.07265,0.15612,4.63964,3.712
341,1,0,1e+08,29152782999217,29152783268145,29152783268185,29152783317313,29152783327093,29152783573673,29152783903273,29152783903317,16,9.041,2.68928,0.0004,0.49128,0.0978,2.4658,3.296
342,1,0,1e+08,29152784880772,29152785717164,29152785717364,29152785819560,29152785835288,29152786298976,29152786668904,29152786668936,16,17.8816,8.36392,0.002,1.02196,0.15728,4.63688,3.69928
343,1,0,1e+08,29152787713745,29152787972006,29152787972046,29152788020826,29152788030570,29152788295206,29152788593598,29152788593638,16,8.79893,2.58261,0.0004,0.4878,0.09744,2.64636,2.98392
344,1,0,1e+08,29152789580371,29152790266897,29152790267097,29152790421849,29152790452999,29152790941285,29152791321970,29152791322002,16,17.4163,6.86526,0.002,1.54752,0.3115,4.88286,3.80685
345,1,0,1e+08,29152792342276,29152793351470,29152793351534,29152793408634,29152793419986,29152793800486,29152794134646,29152794134682,16,17.9241,10.0919,0.00064,0.571,0.11352,3.805,3.3416
346,1,0,1e+08,29152795102242,29152795348730,29152795348762,29152795395706,29152795405194,29152795987779,29152796650128,29152796650172,16,15.4793,2.46488,0.00032,0.46944,0.09488,5.82585,6.62349
347,1,0,1e+08,29152797843556,29152798331702,29152798331902,29152798484334,29152798514764,29152799138964,29152799551337,29152799551381,16,17.0783,4.88146,0.002,1.52432,0.3043,6.242,4.12373
348,1,0,1e+08,29152800625418,29152800937263,29152800937295,29152800983711,29152800992959,29152801225135,29152801530519,29152801530551,16,9.05133,3.11845,0.00032,0.46416,0.09248,2.32176,3.05384
349,1,0,1e+08,29152802494845,29152802744878,29152802744906,29152802791678,29152802801154,29152803007274,29152803261898,29152803261930,16,7.67085,2.50033,0.00028,0.46772,0.09476,2.0612,2.54624
350,1,0,1e+08,29152804288552,29152804542382,29152804542410,29152804589862,29152804599462,29152804814530,29152805077858,29152805077882,16,7.8933,2.5383,0.00028,0.47452,0.096,2.15068,2.63328
351,1,0,1e+08,29152805971819,29152806737750,29152806737854,29152806805882,29152806820910,29152807097070,29152807374566,29152807374598,16,14.0278,7.65931,0.00104,0.68028,0.15028,2.7616,2.77496
352,1,0,1e+08,29152808285671,29152808545487,29152808545515,29152808592547,29152808601895,29152808821871,29152809112355,29152809112383,16,8.26712,2.59816,0.00028,0.47032,0.09348,2.19976,2.90484
353,1,0,1e+08,29152810073308,29152810929343,29152810929439,29152811007150,29152811022642,29152811455233,29152811819217,29152811819257,16,17.4595,8.56035,0.00096,0.77711,0.15492,4.32591,3.63984
354,1,0,1e+08,29152812904304,29152813701298,29152813701394,29152813778268,29152813793924,29152814227579,29152814584747,29152814584779,16,16.8047,7.96994,0.00096,0.76874,0.15656,4.33655,3.57168
355,1,0,1e+08,29152815812744,29152816314404,29152816314560,29152816409227,29152816439702,29152817208518,29152817610518,29152817610566,16,17.9782,5.0166,0.00156,0.94667,0.30475,7.68816,4.02
356,1,0,1e+08,29152818778227,29152819103663,29152819103719,29152819158639,29152819168475,29152819408655,29152819659495,29152819659519,16,8.81292,3.25436,0.00056,0.5492,0.09836,2.4018,2.5084
357,1,0,1e+08,29152820957506,29152821306990,29152821307042,29152821360178,29152821371218,29152821722783,29152822027191,29152822027227,16,10.6972,3.49484,0.00052,0.53136,0.1104,3.51565,3.04408
358,1,0,1e+08,29152822911812,29152823191232,29152823191276,29152823241388,29152823251440,29152823484972,29152823874765,29152823874797,16,9.62985,2.7942,0.00044,0.50112,0.10052,2.33532,3.89793
359,1,0,1e+08,29152824959534,29152825493807,29152825494007,29152825646946,29152825677046,29152826287078,29152826684331,29152826684375,16,17.2484,5.34273,0.002,1.52939,0.301,6.10032,3.97253
360,1,0,1e+08,29152827885814,29152828664810,29152828664914,29152828744703,29152828760227,29152829247016,29152829623953,29152829623989,16,17.3818,7.78996,0.00104,0.79789,0.15524,4.86789,3.76937
361,1,0,1e+08,29152830739149,29152830995405,29152830995453,29152831043185,29152831052797,29152831319713,29152831613869,29152831613901,16,8.74752,2.56256,0.00048,0.47732,0.09612,2.66916,2.94156
362,1,0,1e+08,29152832619729,29152832877089,29152832877129,29152832944101,29152832957561,29152833245861,29152833611649,29152833611685,16,9.91956,2.5736,0.0004,0.66972,0.1346,2.883,3.65788
363,1,0,1e+08,29152834706528,29152836552515,29152836552675,29152836629655,29152836645535,29152837014820,29152837300004,29152837300036,16,25.9351,18.4599,0.0016,0.7698,0.1588,3.69285,2.85184
364,1,0,1e+08,29152838314009,29152838580717,29152838580757,29152838631213,29152838641165,29152838887505,29152839175101,29152839175129,16,8.6112,2.66708,0.0004,0.50456,0.09952,2.4634,2.87596
365,1,0,1e+08,29152840322254,29152840975005,29152840975195,29152841130248,29152841160116,29152841651682,29152842032718,29152842032762,16,17.1051,6.52751,0.0019,1.55053,0.29868,4.91566,3.81036
366,1,0,1e+08,29152843349945,29152843714848,29152843714912,29152843775632,29152843788448,29152844197181,29152844496237,29152844496265,16,11.4632,3.64903,0.00064,0.6072,0.12816,4.08733,2.99056
367,1,0,1e+08,29152845495101,29152845784025,29152845784069,29152845839393,29152845850645,29152846260908,29152846558508,29152846558544,16,10.6344,2.88924,0.00044,0.55324,0.11252,4.10263,2.976
368,1,0,1e+08,29152847680506,29152848411036,29152848411226,29152848526966,29152848542106,29152849039345,29152849421353,29152849421385,16,17.4088,7.3053,0.0019,1.1574,0.1514,4.97239,3.82008
369,1,0,1e+08,29152850571917,29152850883834,29152850883926,29152850961275,29152850977263,29152851308162,29152851643750,29152851643790,16,10.7187,3.11917,0.00092,0.77349,0.15988,3.30899,3.35588
370,1,0,1e+08,29152852698999,29152853009572,29152853009612,29152853064540,29152853075364,29152853362608,29152853700612,29152853700648,16,10.0165,3.10573,0.0004,0.54928,0.10824,2.87244,3.38004
371,1,0,1e+08,29152854606023,29152854891206,29152854891274,29152855017039,29152855048069,29152855883707,29152856317548,29152856317592,16,17.1157,2.85183,0.00068,1.25765,0.3103,8.35638,4.33841
372,1,0,1e+08,29152857400874,29152858126054,29152858126254,29152858225324,29152858240428,29152858701184,29152859071940,29152859071972,16,16.711,7.2518,0.002,0.9907,0.15104,4.60756,3.70756
373,1,0,1e+08,29152860145815,29152860401761,29152860401801,29152860450097,29152860459865,29152860717125,29152861013589,29152861013625,16,8.6781,2.55946,0.0004,0.48296,0.09768,2.5726,2.96464
374,1,0,1e+08,29152861946574,29152862202298,29152862202338,29152862250758,29152862260466,29152862514550,29152862813114,29152862813146,16,8.66572,2.55724,0.0004,0.4842,0.09708,2.54084,2.98564
375,1,0,1e+08,29152863767981,29152864055886,29152864055926,29152864104858,29152864114666,29152864365578,29152864658606,29152864658642,16,8.90661,2.87905,0.0004,0.48932,0.09808,2.50912,2.93028
376,1,0,1e+08,29152865623371,29152866059296,29152866059392,29152866120268,29152866134524,29152866370480,29152866668960,29152866668988,16,10.4562,4.35925,0.00096,0.60876,0.14256,2.35956,2.9848
377,1,0,1e+08,29152867548313,29152867799967,29152867799999,29152867847611,29152867857335,29152868084423,29152868340207,29152868340239,16,7.91926,2.51654,0.00032,0.47612,0.09724,2.27088,2.55784
378,1,0,1e+08,29152869365987,29152871231182,29152871231414,29152871312522,29152871329306,29152871749272,29152872101528,29152872101556,16,27.3557,18.6519,0.00232,0.81108,0.16784,4.19966,3.52256
379,1,0,1e+08,29152873251333,29152873548799,29152873548831,29152873600671,29152873612675,29152873862267,29152874155015,29152874155055,16,9.03722,2.97466,0.00032,0.5184,0.12004,2.49592,2.92748
380,1,0,1e+08,29152875190756,29152875477916,29152875477952,29152875530604,29152875540384,29152875901544,29152876193484,29152876193512,16,10.0276,2.8716,0.00036,0.52652,0.0978,3.6116,2.9194
381,1,0,1e+08,29152877138848,29152877550304,29152877550420,29152877610968,29152877623180,29152877869868,29152878162788,29152878162824,16,10.2398,4.11456,0.00116,0.60548,0.12212,2.46688,2.9292
382,1,0,1e+08,29152879137976,29152879894823,29152879894915,29152879977456,29152879993768,29152880432296,29152880787364,29152880787396,16,16.4942,7.56847,0.00092,0.82541,0.16312,4.38528,3.55068
383,1,0,1e+08,29152881802085,29152882061213,29152882061253,29152882110801,29152882121985,29152882427233,29152882758813,29152882758849,16,9.56764,2.59128,0.0004,0.49548,0.11184,3.05248,3.3158
384,1,0,1e+08,29152883635083,29152883910716,29152883910760,29152883960920,29152883970952,29152884236248,29152884518296,29152884518324,16,8.83241,2.75633,0.00044,0.5016,0.10032,2.65296,2.82048
385,1,0,1e+08,29152885423092,29152886854187,29152886854287,29152886914699,29152886926871,29152887188295,29152887473707,29152887473739,16,20.5065,14.311,0.001,0.60412,0.12172,2.61424,2.85412
386,1,0,1e+08,29152888435862,29152888745082,29152888745126,29152888795698,29152888806526,29152889126818,29152889452950,29152889452978,16,10.1712,3.0922,0.00044,0.50572,0.10828,3.20292,3.26132
387,1,0,1e+08,29152890449328,29152890712060,29152890712104,29152890767308,29152890777316,29152891044500,29152891355140,29152891355176,16,9.05848,2.62732,0.00044,0.55204,0.10008,2.67184,3.1064
388,1,0,1e+08,29152892322499,29152892665699,29152892665739,29152892715183,29152892725031,29152892961739,29152893225531,29152893225559,16,9.0306,3.432,0.0004,0.49444,0.09848,2.36708,2.63792
389,1,0,1e+08,29152894156456,29152895900505,29152895900641,29152895956549,29152895967117,29152896241293,29152896502965,29152896502997,16,23.4654,17.4405,0.00136,0.55908,0.10568,2.74176,2.61672
390,1,0,1e+08,29152897804280,29152898485508,29152898485708,29152898615836,29152898633888,29152899093829,29152899462073,29152899462105,16,16.5783,6.81228,0.002,1.30128,0.18052,4.59941,3.68244
391,1,0,1e+08,29152900548796,29152900927440,29152900927496,29152900990712,29152901003644,29152901295156,29152901591140,29152901591176,16,10.4238,3.78644,0.00056,0.63216,0.12932,2.91512,2.95984
392,1,0,1e+08,29152902506047,29152902966881,29152902967081,29152903121442,29152903152257,29152903779242,29152904176643,29152904176675,16,16.7063,4.60834,0.002,1.54361,0.30815,6.26985,3.97401
393,1,0,1e+08,29152905225794,29152906111370,29152906111462,29152906186364,29152906199996,29152906601800,29152906939112,29152906939152,16,17.1336,8.85576,0.00092,0.74902,0.13632,4.01804,3.37312
394,1,0,1e+08,29152907943506,29152908273476,29152908273540,29152908330964,29152908342668,29152908686197,29152909030933,29152909030969,16,10.8746,3.2997,0.00064,0.57424,0.11704,3.43529,3.44736
395,1,0,1e+08,29152909995828,29152910290316,29152910290352,29152910348336,29152910360380,29152910609016,29152910901784,29152910901820,16,9.05992,2.94488,0.00036,0.57984,0.12044,2.48636,2.92768
396,1,0,1e+08,29152912002211,29152912803276,29152912803368,29152912885512,29152912902380,29152913375536,29152913747636,29152913747672,16,17.4546,8.01065,0.00092,0.82144,0.16868,4.73156,3.721
397,1,0,1e+08,29152914857141,29152915694082,29152915694178,29152915773390,29152915789154,29152916226673,29152916581657,29152916581693,16,17.2455,8.36941,0.00096,0.79212,0.15764,4.37519,3.54984
398,1,0,1e+08,29152917711852,29152918158454,29152918158514,29152918216158,29152918227914,29152918720187,29152919604668,29152919604720,16,18.9287,4.46602,0.0006,0.57644,0.11756,4.92273,8.84481
399,1,0,1e+08,29152921147323,29152921970701,29152921970809,29152922053821,29152922069849,29152922557657,29152922929573,29152922929613,16,17.8229,8.23378,0.00108,0.83012,0.16028,4.87808,3.71916
400,1,0,1e+08,29152923973350,29152924276482,29152924276542,29152924333982,29152924345386,29152924675574,29152925023338,29152925023374,16,10.5002,3.03132,0.0006,0.5744,0.11404,3.30188,3.47764
401,1,0,1e+08,29152925957700,29152926260662,29152926260762,29152926308914,29152926318626,29152926561134,29152926920202,29152926920238,16,9.62538,3.02962,0.001,0.48152,0.09712,2.42508,3.59068
402,1,0,1e+08,29152927844320,29152928116302,29152928116338,29152928166706,29152928176810,29152928437194,29152928750038,29152928750066,16,9.05746,2.71982,0.00036,0.50368,0.10104,2.60384,3.12844
403,1,0,1e+08,29152929814727,29152930074383,29152930074419,29152930132523,29152930144131,29152930363923,29152930646167,29152930646203,16,8.31476,2.59656,0.00036,0.58104,0.11608,2.19792,2.82244
404,1,0,1e+08,29152931596325,29152931950232,29152931950280,29152931997132,29152932006296,29152932281504,29152932598120,29152932598148,16,10.0182,3.53907,0.00048,0.46852,0.09164,2.75208,3.16616
405,1,0,1e+08,29152933473860,29152933787556,29152933787600,29152933836960,29152933846848,29152934090204,29152934457746,29152934457936,16,9.84076,3.13696,0.00044,0.4936,0.09888,2.43356,3.67542
406,1,0,1e+08,29152936415955,29152937264467,29152937264647,29152937330491,29152937344139,29152937709943,29152938129108,29152938129140,16,17.1319,8.48512,0.0018,0.65844,0.13648,3.65804,4.19165
407,1,0,1e+08,29152939078409,29152939430817,29152939430921,29152939489401,29152939501861,29152939741441,29152940030633,29152940030669,16,9.5226,3.52408,0.00104,0.5848,0.1246,2.3958,2.89192
408,1,0,1e+08,29152940894582,29152941201770,29152941201814,29152941250754,29152941260542,29152941514922,29152941875716,29152941875744,16,9.81162,3.07188,0.00044,0.4894,0.09788,2.5438,3.60794
409,1,0,1e+08,29152942860266,29152943833252,29152943833348,29152943910052,29152943925224,29152944354518,29152944709206,29152944709242,16,18.4898,9.72986,0.00096,0.76704,0.15172,4.29294,3.54688
410,1,0,1e+08,29152945987767,29152946651402,29152946651602,29152946804876,29152946835731,29152947377860,29152947779192,29152947779228,16,17.9146,6.63635,0.002,1.53274,0.30855,5.42129,4.01332
411,1,0,1e+08,29152948849830,29152949642913,29152949643103,29152949740012,29152949755932,29152950210487,29152950574043,29152950574079,16,17.2425,7.93083,0.0019,0.96909,0.1592,4.54555,3.63556
412,1,0,1e+08,29152951581249,29152952535610,29152952535674,29152952595438,29152952607054,29152952985962,29152953315498,29152953315526,16,17.3428,9.54361,0.00064,0.59764,0.11616,3.78908,3.29536
413,1,0,1e+08,29152954493658,29152955293805,29152955293897,29152955373277,29152955389201,29152955832248,29152956196196,29152956196232,16,17.0257,8.00147,0.00092,0.7938,0.15924,4.43047,3.63948
414,1,0,1e+08,29152957283612,29152957600200,29152957600248,29152957654720,29152957665112,29152958331573,29152958978596,29152958978636,16,16.9502,3.16588,0.00048,0.54472,0.10392,6.66461,6.47023
415,1,0,1e+08,29152960427927,29152960738119,29152960738163,29152960798383,29152960810415,29152961106299,29152961404123,29152961404159,16,9.76232,3.10192,0.00044,0.6022,0.12032,2.95884,2.97824
416,1,0,1e+08,29152962337586,29152962551630,29152962551674,29152962622772,29152962638688,29152962993884,29152963282492,29152963282516,16,9.4493,2.14044,0.00044,0.71098,0.15916,3.55196,2.88608
417,1,0,1e+08,29152964237443,29152964518085,29152964518125,29152964566517,29152964576329,29152964826617,29152965100389,29152965100425,16,8.62982,2.80642,0.0004,0.48392,0.09812,2.50288,2.73772
418,1,0,1e+08,29152966145120,29152966407892,29152966407928,29152966466088,29152966477672,29152966722980,29152966980664,29152966980692,16,8.35572,2.62772,0.00036,0.5816,0.11584,2.45308,2.57684
419,1,0,1e+08,29152967943309,29152968207377,29152968207413,29152968254757,29152968264717,29152968523685,29152968838589,29152968838633,16,8.95324,2.64068,0.00036,0.47344,0.0996,2.58968,3.14904
420,1,0,1e+08,29152969986882,29152970827258,29152970827350,29152970890780,29152970901868,29152971310261,29152971659001,29152971659033,16,16.7215,8.40376,0.00092,0.6343,0.11088,4.08393,3.4874
421,1,0,1e+08,29152972891992,29152973162008,29152973162044,29152973215732,29152973226744,29152973714181,29152974494194,29152974494254,16,16.0226,2.70016,0.00036,0.53688,0.11012,4.87437,7.80013
422,1,0,1e+08,29152975676833,29152975961645,29152975961677,29152976019637,29152976031877,29152976342041,29152976776807,29152976776839,16,11.0001,2.84812,0.00032,0.5796,0.1224,3.10164,4.34766
423,1,0,1e+08,29152977668113,29152977951739,29152977951775,29152978004267,29152978015571,29152978293059,29152978646643,29152978646679,16,9.78566,2.83626,0.00036,0.52492,0.11304,2.77488,3.53584
424,1,0,1e+08,29152979558663,29152979829575,29152979829611,29152979878359,29152979888267,29152980158255,29152980460623,29152980460655,16,9.01992,2.70912,0.00036,0.48748,0.09908,2.69988,3.02368
425,1,0,1e+08,29152981388132,29152982782518,29152982782630,29152982841366,29152982853522,29152983120090,29152983393694,29152983393730,16,20.056,13.9439,0.00112,0.58736,0.12156,2.66568,2.73604
426,1,0,1e+08,29152984290264,29152984573526,29152984573562,29152984622190,29152984631614,29152984859054,29152985158462,29152985158490,16,8.68226,2.83262,0.00036,0.48628,0.09424,2.2744,2.99408
427,1,0,1e+08,29152986129939,29152986391703,29152986391747,29152986442275,29152986452295,29152986708419,29152986974155,29152986974187,16,8.44248,2.61764,0.00044,0.50528,0.1002,2.56124,2.65736
428,1,0,1e+08,29152987826032,29152989506709,29152989506829,29152989566017,29152989578297,29152989853089,29152990141457,29152990141485,16,23.1545,16.8068,0.0012,0.59188,0.1228,2.74792,2.88368
429,1,0,1e+08,29152991112222,29152991379471,29152991379511,29152991426975,29152991437275,29152991678335,29152992023551,29152992023599,16,9.11377,2.67249,0.0004,0.47464,0.103,2.4106,3.45216
430,1,0,1e+08,29152992943229,29152993208447,29152993208487,29152993257727,29152993267615,29152993536831,29152993819203,29152993819231,16,8.76002,2.65218,0.0004,0.4924,0.09888,2.69216,2.82372
431,1,0,1e+08,29152994804436,29152995068052,29152995068088,29152995134440,29152995145520,29152995498948,29152995821196,29152995821232,16,10.168,2.63616,0.00036,0.66352,0.1108,3.53428,3.22248
432,1,0,1e+08,29152996852294,29152997604506,29152997604696,29152997731908,29152997747860,29152998244220,29152998631936,29152998631968,16,17.7967,7.52212,0.0019,1.27212,0.15952,4.9636,3.87716
433,1,0,1e+08,29152999758288,29153000778380,29153000778444,29153000835092,29153000846756,29153001217402,29153001550414,29153001550450,16,17.9216,10.2009,0.00064,0.56648,0.11664,3.70646,3.33012
434,1,0,1e+08,29153002609162,29153002931098,29153002931146,29153002982950,29153002993294,29153003290834,29153003921276,29153003921421,16,13.1226,3.21936,0.00048,0.51804,0.10344,2.9754,6.30442
435,1,0,1e+08,29153005747380,29153006782922,29153006783150,29153006862474,29153006875962,29153007283920,29153007630912,29153007630948,16,18.8357,10.3554,0.00228,0.79324,0.13488,4.07958,3.46992
436,1,0,1e+08,29153008848746,29153009251624,29153009251716,29153009311356,29153009323152,29153009791032,29153010273730,29153010273770,16,14.2502,4.02878,0.00092,0.5964,0.11796,4.6788,4.82698
437,1,0,1e+08,29153011508887,29153012545914,29153012545974,29153012608510,29153012620530,29153012999323,29153013316263,29153013316303,16,18.0742,10.3703,0.0006,0.62536,0.1202,3.78793,3.1694
438,1,0,1e+08,29153014701836,29153015639988,29153015640048,29153015716021,29153015729169,29153016100149,29153016453977,29153016454073,16,17.5224,9.38152,0.0006,0.75973,0.13148,3.7098,3.53828
439,1,0,1e+08,29153017710958,29153018252264,29153018252356,29153018331870,29153018345894,29153019029532,29153019534186,29153019534226,16,18.2327,5.41306,0.00092,0.79514,0.14024,6.83638,5.04654
440,1,0,1e+08,29153020532605,29153020805937,29153020805981,29153020858357,29153020869277,29153021178937,29153021520221,29153021520253,16,9.87648,2.73332,0.00044,0.52376,0.1092,3.0966,3.41284
441,1,0,1e+08,29153022541835,29153022884273,29153022884321,29153022938205,29153022953353,29153023232049,29153023551145,29153023551181,16,10.0935,3.42438,0.00048,0.53884,0.15148,2.78696,3.19096
442,1,0,1e+08,29153024695908,29153025264981,29153025265171,29153025421343,29153025452383,29153026056909,29153026483359,29153026483391,16,17.8748,5.69073,0.0019,1.56172,0.3104,6.04526,4.2645
443,1,0,1e+08,29153027776060,29153028840190,29153028840254,29153028901442,29153028912834,29153029338481,29153029593993,29153029594021,16,18.1796,10.6413,0.00064,0.61188,0.11392,4.25647,2.55512
444,1,0,1e+08,29153030806528,29153031156633,29153031156721,29153031243777,29153031260843,29153031670375,29153032816616,29153032816664,16,20.1014,3.50105,0.00088,0.87056,0.17066,4.09532,11.4624
445,1,0,1e+08,29153034274732,29153035000610,29153035000800,29153035154796,29153035183505,29153035665725,29153036039641,29153036039685,16,17.6495,7.25878,0.0019,1.53996,0.28709,4.8222,3.73916
446,1,0,1e+08,29153037102923,29153037451644,29153037451708,29153037507328,29153037518396,29153037832376,29153038165572,29153038165608,16,10.6269,3.48721,0.00064,0.5562,0.11068,3.1398,3.33196
447,1,0,1e+08,29153039208019,29153039712246,29153039712436,29153039867633,29153039898988,29153040501364,29153040900577,29153040900621,16,16.926,5.04227,0.0019,1.55197,0.31355,6.02376,3.99213
448,1,0,1e+08,29153041901661,29153042182381,29153042182433,29153042235001,29153042245305,29153042596551,29153043149126,29153043149158,16,12.475,2.8072,0.00052,0.52568,0.10304,3.51246,5.52575
449,1,0,1e+08,29153044049834,29153044317542,29153044317578,29153044365882,29153044375870,29153044636074,29153044983106,29153044983142,16,9.33308,2.67708,0.00036,0.48304,0.09988,2.60204,3.47032
450,1,0,1e+08,29153046157955,29153046526035,29153046526099,29153046585059,29153046596923,29153047056129,29153047380934,29153047380966,16,12.2301,3.6808,0.00064,0.5896,0.11864,4.59206,3.24805
451,1,0,1e+08,29153048303866,29153048977453,29153048977653,29153049130159,29153049160514,29153049656173,29153050038621,29153050038661,16,17.348,6.73587,0.002,1.52506,0.30355,4.95659,3.82448
452,1,0,1e+08,29153051088741,29153051846612,29153051846812,29153051989551,29153052005479,29153052483617,29153052866741,29153052866769,16,17.7803,7.57871,0.002,1.42739,0.15928,4.78138,3.83124
453,1,0,1e+08,29153054022774,29153054293444,29153054293484,29153054339472,29153054348784,29153054594200,29153054900552,29153054900592,16,8.77818,2.7067,0.0004,0.45988,0.09312,2.45416,3.06352
454,1,0,1e+08,29153056001376,29153056801935,29153056802027,29153056879184,29153056894232,29153057376113,29153057751093,29153057751125,16,17.4975,8.00559,0.00092,0.77157,0.15048,4.81881,3.7498
455,1,0,1e+08,29153058772035,29153059539257,29153059539447,29153059642482,29153059659126,29153060117732,29153060482552,29153060482588,16,17.1055,7.67222,0.0019,1.03035,0.16644,4.58606,3.6482
456,1,0,1e+08,29153061536902,29153062182819,29153062183014,29153062335093,29153062365223,29153062863096,29153063245920,29153063245952,16,17.0905,6.45917,0.00195,1.52079,0.3013,4.97873,3.82824
457,1,0,1e+08,29153064338429,29153065280714,29153065280778,29153065353302,29153065366946,29153065759098,29153066082558,29153066082594,16,17.4416,9.42285,0.00064,0.72524,0.13644,3.92152,3.2346
458,1,0,1e+08,29153067466686,29153068310917,29153068311017,29153068391374,29153068407914,29153068839954,29153069188990,29153069189022,16,17.2234,8.44231,0.001,0.80357,0.1654,4.3204,3.49036
459,1,0,1e+08,29153070490116,29153070759952,29153070759984,29153070815976,29153070827576,29153071082378,29153072085662,29153072085722,16,15.9561,2.69836,0.00032,0.55992,0.116,2.54802,10.0328
460,1,0,1e+08,29153073494090,29153074310225,29153074310321,29153074392141,29153074409085,29153074882682,29153075250114,29153075250146,16,17.5606,8.16135,0.00096,0.8182,0.16944,4.73597,3.67432
461,1,0,1e+08,29153076992294,29153077495790,29153077495846,29153077566322,29153077581230,29153077882838,29153078162262,29153078162294,16,11.7,5.03496,0.00056,0.70476,0.14908,3.01608,2.79424
462,1,0,1e+08,29153080184454,29153080553540,29153080553580,29153080626720,29153080641512,29153080864316,29153081119876,29153081119900,16,9.35446,3.69086,0.0004,0.7314,0.14792,2.22804,2.5556
463,1,0,1e+08,29153082184549,29153083003158,29153083003250,29153083083516,29153083098536,29153083516052,29153083852880,29153083852920,16,16.6837,8.18609,0.00092,0.80266,0.1502,4.17516,3.36828
464,1,0,1e+08,29153084817998,29153085535895,29153085536090,29153085632269,29153085647449,29153086111489,29153086512557,29153086512589,16,16.9459,7.17897,0.00195,0.96179,0.1518,4.6404,4.01068
465,1,0,1e+08,29153087619133,29153088075623,29153088075711,29153088160047,29153088177230,29153088524501,29153088806673,29153088806705,16,11.8757,4.5649,0.00088,0.84336,0.17183,3.47271,2.82172
466,1,0,1e+08,29153089707315,29153090001192,29153090001232,29153090052108,29153090061876,29153090280736,29153090562800,29153090562828,16,8.55513,2.93877,0.0004,0.50876,0.09768,2.1886,2.82064
467,1,0,1e+08,29153091569710,29153091961157,29153091961221,29153092013041,29153092023189,29153092287001,29153092575389,29153092575425,16,10.0572,3.91447,0.00064,0.5182,0.10148,2.63812,2.88388
468,1,0,1e+08,29153093662527,29153093954147,29153093954191,29153094004667,29153094014803,29153094264015,29153094563531,29153094563559,16,9.01032,2.9162,0.00044,0.50476,0.10136,2.49212,2.99516
469,1,0,1e+08,29153095632632,29153095960493,29153095960541,29153096036577,29153096050121,29153096495854,29153096876918,29153096876966,16,12.4433,3.27861,0.00048,0.76036,0.13544,4.45733,3.81064
470,1,0,1e+08,29153098071219,29153098374119,29153098374159,29153098432827,29153098445051,29153098672863,29153098946259,29153098946287,16,8.75068,3.029,0.0004,0.58668,0.12224,2.27812,2.73396
471,1,0,1e+08,29153100006046,29153100648165,29153100648365,29153100803826,29153100836261,29153101345672,29153101726552,29153101726592,16,17.2055,6.42119,0.002,1.55461,0.32435,5.09411,3.8088
472,1,0,1e+08,29153102762720,29153103593481,29153103593577,29153103676217,29153103692941,29153104132029,29153104489141,29153104489173,16,17.2645,8.30761,0.00096,0.8264,0.16724,4.39088,3.57112
473,1,0,1e+08,29153105550848,29153105954467,29153105954531,29153106091939,29153106123129,29153106979456,29153107414309,29153107414353,16,18.635,4.03619,0.00064,1.37408,0.3119,8.56327,4.34853
474,1,0,1e+08,29153108523928,29153109004315,29153109004379,29153109063624,29153109075460,29153109423096,29153109743900,29153109743932,16,12.2,4.80387,0.00064,0.59245,0.11836,3.47636,3.20804
475,1,0,1e+08,29153111885766,29153112215414,29153112215450,29153112278038,29153112290386,29153112504970,29153112883336,29153112883392,16,9.97626,3.29648,0.00036,0.62588,0.12348,2.14584,3.78366
476,1,0,1e+08,29153113945180,29153114369987,29153114370157,29153114520480,29153114550455,29153115487820,29153115940005,29153115940045,16,19.9486,4.24807,0.0017,1.50323,0.29975,9.37365,4.52185
477,1,0,1e+08,29153117315615,29153118065463,29153118065633,29153118215928,29153118245688,29153118761098,29153119063358,29153119063390,16,17.4778,7.49848,0.0017,1.50295,0.2976,5.1541,3.0226
478,1,0,1e+08,29153121189341,29153121536145,29153121536185,29153121593273,29153121605269,29153121832881,29153122071829,29153122071857,16,8.82516,3.46804,0.0004,0.57088,0.11996,2.27612,2.38948
479,1,0,1e+08,29153123150683,29153123477273,29153123477333,29153123534209,29153123545537,29153123817913,29153124097193,29153124097225,16,9.46542,3.2659,0.0006,0.56876,0.11328,2.72376,2.7928
480,1,0,1e+08,29153125151381,29153125491014,29153125491062,29153125544622,29153125555378,29153125828366,29153126692953,29153126693001,16,15.4162,3.39633,0.00048,0.5356,0.10756,2.72988,8.64587
481,1,0,1e+08,29153128009567,29153128345519,29153128345709,29153128497959,29153128528324,29153129314133,29153129736362,29153129736406,16,17.2684,3.35952,0.0019,1.5225,0.30365,7.85809,4.22229
482,1,0,1e+08,29153130817773,29153131458039,29153131458234,29153131611199,29153131641619,29153132155678,29153132533278,29153132533310,16,17.1554,6.40266,0.00195,1.52965,0.3042,5.14059,3.776
483,1,0,1e+08,29153133618311,29153134386029,29153134386129,29153134465845,29153134482162,29153134933958,29153135292282,29153135292318,16,16.7401,7.67718,0.001,0.79716,0.16317,4.51796,3.58324
484,1,0,1e+08,29153136483202,29153137297524,29153137298019,29153137421513,29153137438537,29153137904505,29153138270221,29153138270253,16,17.8705,8.14322,0.00495,1.23494,0.17024,4.65968,3.65716
485,1,0,1e+08,29153139386218,29153139958644,29153139958834,29153140114095,29153140144645,29153140719725,29153141109605,29153141109645,16,17.2343,5.72426,0.0019,1.55261,0.3055,5.7508,3.8988
486,1,0,1e+08,29153142152157,29153142495831,29153142495891,29153142549503,29153142560167,29153142880255,29153143381227,29153143381271,16,12.2911,3.43674,0.0006,0.53612,0.10664,3.20088,5.00972
487,1,0,1e+08,29153144475242,29153144777608,29153144777652,29153144827088,29153144836492,29153145089832,29153145381860,29153145381892,16,9.0665,3.02366,0.00044,0.49436,0.09404,2.5334,2.92028
488,1,0,1e+08,29153146296164,29153146569877,29153146569913,29153146620417,29153146630173,29153146879949,29153147154373,29153147154401,16,8.58237,2.73713,0.00036,0.50504,0.09756,2.49776,2.74424
489,1,0,1e+08,29153148841605,29153149232363,29153149232407,29153149285083,29153149295103,29153149555095,29153149828123,29153149828155,16,9.8655,3.90758,0.00044,0.52676,0.1002,2.59992,2.73028
490,1,0,1e+08,29153150761924,29153151014126,29153151014166,29153151072514,29153151085234,29153151413274,29153151690482,29153151690510,16,9.28586,2.52202,0.0004,0.58348,0.1272,3.2804,2.77208
491,1,0,1e+08,29153152977076,29153153249537,29153153249581,29153153301221,29153153311469,29153153567817,29153153876585,29153153876625,16,8.99549,2.72461,0.00044,0.5164,0.10248,2.56348,3.08768
492,1,0,1e+08,29153156132243,29153157039836,29153157039944,29153157097032,29153157108728,29153157404652,29153157689100,29153157689132,16,15.5689,9.07593,0.00108,0.57088,0.11696,2.95924,2.84448
493,1,0,1e+08,29153158655528,29153159002622,29153159002662,29153159056246,29153159066370,29153159373234,29153159708942,29153159708978,16,10.5345,3.47094,0.0004,0.53584,0.10124,3.06864,3.35708
494,1,0,1e+08,29153160696157,29153161137075,29153161137163,29153161216526,29153161232046,29153161584847,29153161900799,29153161900827,16,12.0467,4.40918,0.00088,0.79363,0.1552,3.52801,3.15952
495,1,0,1e+08,29153162836967,29153163101680,29153163101720,29153163150980,29153163160948,29153163474770,29153163755570,29153163755606,16,9.18639,2.64713,0.0004,0.4926,0.09968,3.13822,2.808
496,1,0,1e+08,29153164673915,29153165524445,29153165524635,29153165634891,29153165650423,29153166109674,29153166479038,29153166479070,16,18.0515,8.5053,0.0019,1.10256,0.15532,4.59251,3.69364
497,1,0,1e+08,29153167578538,29153167889770,29153167889818,29153167943182,29153167956646,29153168397454,29153168807778,29153168807826,16,12.2929,3.11232,0.00048,0.53364,0.13464,4.40808,4.10324
498,1,0,1e+08,29153170037199,29153170814197,29153170814297,29153170892630,29153170908494,29153171345236,29153171718588,29153171718620,16,16.8142,7.76998,0.001,0.78333,0.15864,4.36742,3.73352
499,1,0,1e+08,29153172782264,29153173092276,29153173092324,29153173143696,29153173154004,29153173446296,29153173789872,29153173789912,16,10.0765,3.10012,0.00048,0.51372,0.10308,2.92292,3.43576
500,1,0,1e+08,29153174771729,29153175085042,29153175085082,29153175133846,29153175143734,29153175398526,29153175680174,29153175680202,16,9.08473,3.13313,0.0004,0.48764,0.09888,2.54792,2.81648
501,1,0,1e+08,29153176662361,29153176891631,29153176891671,29153176940795,29153176950663,29153177197395,29153177541735,29153177541795,16,8.79434,2.2927,0.0004,0.49124,0.09868,2.46732,3.4434
502,1,0,1e+08,29153178473575,29153178804556,29153178804664,29153178868628,29153178882108,29153179155864,29153179471496,29153179471524,16,9.97949,3.30981,0.00108,0.63964,0.1348,2.73756,3.15632
503,1,0,1e+08,29153180332126,29153181375454,29153181375518,29153181438934,29153181451866,29153181822986,29153182220150,29153182220242,16,18.8812,10.4333,0.00064,0.63416,0.12932,3.7112,3.97164
504,1,0,1e+08,29153183236472,29153183955247,29153183955432,29153184050569,29153184067360,29153184519090,29153184877734,29153184877766,16,16.4129,7.18775,0.00185,0.95137,0.16791,4.5173,3.58644
505,1,0,1e+08,29153185929028,29153186271896,29153186271956,29153186336088,29153186349236,29153186660676,29153186948716,29153186948748,16,10.1972,3.42868,0.0006,0.64132,0.13148,3.1144,2.8804
506,1,0,1e+08,29153187917843,29153188157139,29153188157171,29153188208979,29153188219479,29153188426963,29153188703799,29153188703823,16,7.8598,2.39296,0.00032,0.51808,0.105,2.07484,2.76836
507,1,0,1e+08,29153189853693,29153190120337,29153190120377,29153190172781,29153190183377,29153190454393,29153190740185,29153190740217,16,8.86524,2.66644,0.0004,0.52404,0.10596,2.71016,2.85792
508,1,0,1e+08,29153191650350,29153192928241,29153192928345,29153193001529,29153193015037,29153193264113,29153193546221,29153193546249,16,18.959,12.7789,0.00104,0.73184,0.13508,2.49076,2.82108
509,1,0,1e+08,29153194481361,29153195287050,29153195287154,29153195367872,29153195383896,29153195868108,29153196245100,29153196245140,16,17.6378,8.05689,0.00104,0.80718,0.16024,4.84212,3.76992
510,1,0,1e+08,29153197492212,29153198295183,29153198295275,29153198375279,29153198391447,29153198835136,29153199196476,29153199196508,16,17.043,8.02971,0.00092,0.80004,0.16168,4.43689,3.6134
511,1,0,1e+08,29153200327444,29153201122065,29153201122157,29153201201429,29153201216781,29153201650775,29153202019711,29153202019747,16,16.923,7.94621,0.00092,0.79272,0.15352,4.33994,3.68936
512,1,0,1e+08,29153203060958,29153204051060,29153204051124,29153204108500,29153204120096,29153204500212,29153204825556,29153204825584,16,17.6463,9.90102,0.00064,0.57376,0.11596,3.80116,3.25344
513,1,0,1e+08,29153205861455,29153206558999,29153206559199,29153206699795,29153206715243,29153207198292,29153207574408,29153207574444,16,17.1299,6.97544,0.002,1.40596,0.15448,4.83049,3.76116
514,1,0,1e+08,29153208605945,29153208884414,29153208884454,29153208933610,29153208943378,29153209189502,29153209489610,29153209489638,16,8.83693,2.78469,0.0004,0.49156,0.09768,2.46124,3.00108
515,1,0,1e+08,29153210587670,29153211603494,29153211603558,29153211664254,29153211679894,29153212074367,29153212410659,29153212410695,16,18.2303,10.1582,0.00064,0.60696,0.1564,3.94473,3.36292
516,1,0,1e+08,29153213446366,29153214420108,29153214420172,29153214482832,29153214495700,29153214884652,29153215209872,29153215209900,16,17.6353,9.73742,0.00064,0.6266,0.12868,3.88952,3.2522
517,1,0,1e+08,29153216428507,29153216807728,29153216807820,29153216886280,29153216901016,29153217345068,29153217665288,29153217665324,16,12.3682,3.79221,0.00092,0.7846,0.14736,4.44052,3.2022
518,1,0,1e+08,29153218818269,29153219868010,29153219868074,29153219931366,29153219944390,29153220315218,29153220659946,29153220660050,16,18.4178,10.4974,0.00064,0.63292,0.13024,3.70828,3.44728
519,1,0,1e+08,29153221904062,29153222202928,29153222202972,29153222259172,29153222270584,29153222545044,29153222938007,29153222938047,16,10.3399,2.98866,0.00044,0.562,0.11412,2.7446,3.92963
520,1,0,1e+08,29153223897266,29153224690126,29153224690218,29153224766693,29153224781986,29153225234741,29153225594421,29153225594453,16,16.9719,7.9286,0.00092,0.76475,0.15293,4.52755,3.5968
521,1,0,1e+08,29153226667208,29153226958676,29153226958732,29153227030140,29153227045584,29153227388006,29153227711878,29153227711918,16,10.4471,2.91468,0.00056,0.71408,0.15444,3.42422,3.23872
522,1,0,1e+08,29153228619048,29153228867800,29153228867840,29153228917188,29153228927156,29153229199704,29153229466916,29153229466940,16,8.47892,2.48752,0.0004,0.49348,0.09968,2.72548,2.67212
523,1,0,1e+08,29153230500771,29153230768103,29153230768143,29153230816419,29153230826223,29153231073311,29153231350831,29153231350867,16,8.50096,2.67332,0.0004,0.48276,0.09804,2.47088,2.7752
524,1,0,1e+08,29153232426653,29153233290500,29153233290600,29153233370807,29153233386751,29153233829368,29153234188856,29153234188888,16,17.6223,8.63847,0.001,0.80207,0.15944,4.42617,3.59488
525,1,0,1e+08,29153235204808,29153235448592,29153235448632,29153235498700,29153235509628,29153235796572,29153236100936,29153236100972,16,8.96164,2.43784,0.0004,0.50068,0.10928,2.86944,3.04364
526,1,0,1e+08,29153237156508,29153237436924,29153237437020,29153237493668,29153237505680,29153237744904,29153238023036,29153238023064,16,8.66556,2.80416,0.00096,0.56648,0.12012,2.39224,2.78132
527,1,0,1e+08,29153238966585,29153239240877,29153239240909,29153239288697,29153239298261,29153239535149,29153239831805,29153239831837,16,8.65252,2.74292,0.00032,0.47788,0.09564,2.36888,2.96656
528,1,0,1e+08,29153240838645,29153241106085,29153241106121,29153241154313,29153241163917,29153241902601,29153242432644,29153242432688,16,15.9404,2.6744,0.00036,0.48192,0.09604,7.38684,5.30043
529,1,0,1e+08,29153243605672,29153244124569,29153244124769,29153244277923,29153244308348,29153244945946,29153245366370,29153245366418,16,17.6075,5.18897,0.002,1.53154,0.30425,6.37598,4.20424
530,1,0,1e+08,29153246372768,29153246969731,29153246969921,29153247121732,29153247151662,29153247699910,29153248100714,29153248100746,16,17.2798,5.96963,0.0019,1.51811,0.2993,5.48248,4.00804
531,1,0,1e+08,29153249195395,29153249468833,29153249468869,29153249523637,29153249534977,29153249811077,29153250148249,29153250148293,16,9.52898,2.73438,0.00036,0.54768,0.1134,2.761,3.37172
532,1,0,1e+08,29153251004077,29153251347362,29153251347402,29153251399354,29153251409078,29153251660550,29153251981694,29153251981726,16,9.77649,3.43285,0.0004,0.51952,0.09724,2.51472,3.21144
533,1,0,1e+08,29153252873366,29153254179277,29153254179357,29153254239909,29153254250913,29153254467461,29153254739029,29153254739061,16,18.6569,13.0591,0.0008,0.60552,0.11004,2.16548,2.71568
534,1,0,1e+08,29153255815668,29153256138521,29153256138553,29153256184733,29153256195189,29153256394549,29153256694197,29153256694229,16,8.78561,3.22853,0.00032,0.4618,0.10456,1.9936,2.99648
535,1,0,1e+08,29153257642237,29153257889203,29153257889235,29153257936527,29153257946071,29153258143423,29153258403307,29153258403339,16,7.61102,2.46966,0.00032,0.47292,0.09544,1.97352,2.59884
536,1,0,1e+08,29153259315478,29153260948647,29153260948731,29153261006135,29153261017563,29153261256107,29153261552575,29153261552603,16,22.3712,16.3317,0.00084,0.57404,0.11428,2.38544,2.96468
537,1,0,1e+08,29153262489086,29153262758486,29153262758514,29153262806122,29153262815282,29153263061154,29153264016844,29153264016908,16,15.2782,2.694,0.00028,0.47608,0.0916,2.45872,9.5569
538,1,0,1e+08,29153265473531,29153265719125,29153265719169,29153265768265,29153265778073,29153266072065,29153266372749,29153266372777,16,8.99246,2.45594,0.00044,0.49096,0.09808,2.93992,3.00684
539,1,0,1e+08,29153267355280,29153268628461,29153268628689,29153268702684,29153268715484,29153269120429,29153269459625,29153269459665,16,21.0438,12.7318,0.00228,0.73995,0.128,4.04945,3.39196
540,1,0,1e+08,29153271416409,29153271822407,29153271822455,29153271893023,29153271906559,29153272179203,29153272519343,29153272519375,16,11.0297,4.05998,0.00048,0.70568,0.13536,2.72644,3.4014
541,1,0,1e+08,29153274753118,29153275031722,29153275031782,29153275103942,29153275119990,29153275865791,29153276235212,29153276235256,16,14.8214,2.78604,0.0006,0.7216,0.16048,7.45801,3.69421
542,1,0,1e+08,29153277247609,29153278275728,29153278275792,29153278337000,29153278348920,29153278721312,29153279045896,29153279045924,16,17.9831,10.2812,0.00064,0.61208,0.1192,3.72392,3.24584
543,1,0,1e+08,29153280026298,29153280311086,29153280311134,29153280364106,29153280374426,29153280686358,29153280989990,29153280990026,16,9.63728,2.84788,0.00048,0.52972,0.1032,3.11932,3.03632
544,1,0,1e+08,29153282134541,29153282401190,29153282401250,29153282457294,29153282468514,29153282779422,29153283050078,29153283050106,16,9.15565,2.66649,0.0006,0.56044,0.1122,3.10908,2.70656
545,1,0,1e+08,29153283987728,29153284279304,29153284279348,29153284328464,29153284338272,29153284585092,29153284918588,29153284918628,16,9.309,2.91576,0.00044,0.49116,0.09808,2.4682,3.33496
546,1,0,1e+08,29153285857408,29153286464414,29153286464534,29153286529130,29153286542678,29153286862971,29153287163899,29153287163927,16,13.0652,6.07006,0.0012,0.64596,0.13548,3.20293,3.00928
547,1,0,1e+08,29153288077576,29153288807031,29153288807226,29153288962023,29153288990185,29153289506497,29153289907749,29153289907793,16,18.3022,7.29455,0.00195,1.54797,0.28162,5.16312,4.01252
548,1,0,1e+08,29153290945616,29153291561463,29153291561658,29153291715718,29153291746648,29153292254649,29153292637733,29153292637765,16,16.9215,6.15847,0.00195,1.5406,0.3093,5.08001,3.83084
549,1,0,1e+08,29153293637949,29153293953701,29153293953757,29153294010249,29153294024913,29153294980943,29153295569100,29153295569148,16,19.312,3.15752,0.00056,0.56492,0.14664,9.5603,5.88157
550,1,0,1e+08,29153296797486,29153297566343,29153297566543,29153297657724,29153297673668,29153298130007,29153298498015,29153298498047,16,17.0056,7.68857,0.002,0.91181,0.15944,4.56339,3.68008
551,1,0,1e+08,29153299696205,29153300257093,29153300257263,29153300408025,29153300437825,29153300847068,29153301135128,29153301135160,16,14.3895,5.60888,0.0017,1.50762,0.298,4.09243,2.8806
552,1,0,1e+08,29153302292861,29153302576674,29153302576714,29153302625578,29153302635034,29153302887326,29153303194574,29153303194602,16,9.01741,2.83813,0.0004,0.48864,0.09456,2.52292,3.07248
553,1,0,1e+08,29153304433797,29153304728077,29153304728125,29153304790725,29153304803305,29153305331549,29153305699805,29153305699845,16,12.6605,2.9428,0.00048,0.626,0.1258,5.28244,3.68256
554,1,0,1e+08,29153306727711,29153306994573,29153306994617,29153307047081,29153307057665,29153307318321,29153307622365,29153307622397,16,8.94686,2.66862,0.00044,0.52464,0.10584,2.60656,3.04044
555,1,0,1e+08,29153308733359,29153309005407,29153309005443,29153309062855,29153309074375,29153309320135,29153309677687,29153309677747,16,9.44388,2.72048,0.00036,0.57412,0.1152,2.4576,3.57552
556,1,0,1e+08,29153311052913,29153311903726,29153311903822,29153311985444,29153311998648,29153312417257,29153312871633,29153312871661,16,18.1875,8.50813,0.00096,0.81622,0.13204,4.18609,4.54376
557,1,0,1e+08,29153314239837,29153314954525,29153314954705,29153315112435,29153315143755,29153315893368,29153316248460,29153316248500,16,20.0866,7.14688,0.0018,1.5773,0.3132,7.49613,3.55092
558,1,0,1e+08,29153317874611,29153318889425,29153318889489,29153318944417,29153318955377,29153319322169,29153319686921,29153319687017,16,18.1241,10.1481,0.00064,0.54928,0.1096,3.66792,3.64752
559,1,0,1e+08,29153320743657,29153321546218,29153321546310,29153321619269,29153321633421,29153321969065,29153322298709,29153322298741,16,15.5508,8.02561,0.00092,0.72959,0.14152,3.35644,3.29644
560,1,0,1e+08,29153323560671,29153323891243,29153323891295,29153323946087,29153323958271,29153324253887,29153324581883,29153324581919,16,10.2125,3.30572,0.00052,0.54792,0.12184,2.95616,3.27996
561,1,0,1e+08,29153325677004,29153325999908,29153325999940,29153326054304,29153326065332,29153326344032,29153326632600,29153326632628,16,9.55624,3.22904,0.00032,0.54364,0.11028,2.787,2.88568
562,1,0,1e+08,29153327730075,29153328001808,29153328001844,29153328051076,29153328061916,29153328293428,29153328614344,29153328614372,16,8.84297,2.71733,0.00036,0.49232,0.1084,2.31512,3.20916
563,1,0,1e+08,29153330102215,29153330444297,29153330444341,29153330505289,29153330517293,29153330809353,29153331174873,29153331174917,16,10.727,3.42082,0.00044,0.60948,0.12004,2.9206,3.6552
564,1,0,1e+08,29153332694843,29153333490642,29153333490832,29153333626354,29153333643590,29153334108122,29153334485710,29153334485738,16,17.909,7.95799,0.0019,1.35522,0.17236,4.64532,3.77588
565,1,0,1e+08,29153335933925,29153336811143,29153336811235,29153336892468,29153336910360,29153337315552,29153337688148,29153337688184,16,17.5426,8.77218,0.00092,0.81233,0.17892,4.05192,3.72596
566,1,0,1e+08,29153339042942,29153339968440,29153339968532,29153340037448,29153340050224,29153340444126,29153340771918,29153340771946,16,17.29,9.25498,0.00092,0.68916,0.12776,3.93902,3.27792
567,1,0,1e+08,29153341998649,29153342591825,29153342592015,29153342747386,29153342778656,29153343533266,29153343952412,29153343952456,16,19.5381,5.93176,0.0019,1.55371,0.3127,7.5461,4.19146
568,1,0,1e+08,29153345089756,29153345566856,29153345566948,29153345687894,29153345705254,29153346625970,29153347073339,29153347073375,16,19.8362,4.771,0.00092,1.20946,0.1736,9.20716,4.47369
569,1,0,1e+08,29153348517564,29153349197014,29153349197204,29153349349294,29153349379804,29153349867220,29153350240704,29153350240744,16,17.2318,6.7945,0.0019,1.5209,0.3051,4.87416,3.73484
570,1,0,1e+08,29153351533062,29153352460655,29153352460805,29153352610991,29153352640686,29153353040089,29153353396645,29153353396749,16,18.6369,9.27593,0.0015,1.50186,0.29695,3.99403,3.56556
571,1,0,1e+08,29153354491096,29153355144585,29153355144775,29153355299142,29153355329807,29153355853740,29153356237056,29153356237100,16,17.46,6.53489,0.0019,1.54367,0.30665,5.23933,3.83316
572,1,0,1e+08,29153357316072,29153357787658,29153357787833,29153357937728,29153357967648,29153358427616,29153359004038,29153359004086,16,16.8801,4.71586,0.00175,1.49895,0.2992,4.59968,5.76422
573,1,0,1e+08,29153360158529,29153360528177,29153360528237,29153360584998,29153360597162,29153360922662,29153361277386,29153361277418,16,11.1889,3.69648,0.0006,0.56761,0.12164,3.255,3.54724
574,1,0,1e+08,29153362173312,29153363194240,29153363194300,29153363259316,29153363272036,29153363639496,29153363955408,29153363955436,16,17.8212,10.2093,0.0006,0.65016,0.1272,3.6746,3.15912
575,1,0,1e+08,29153364990230,29153365324050,29153365324098,29153365376958,29153365387058,29153365765826,29153366099651,29153366099687,16,11.0946,3.3382,0.00048,0.5286,0.101,3.78768,3.33825
576,1,0,1e+08,29153366972621,29153367255275,29153367255323,29153367309823,29153367320399,29153367625601,29153367986065,29153367986101,16,10.1348,2.82654,0.00048,0.545,0.10576,3.05202,3.60464
577,1,0,1e+08,29153369038532,29153369326374,29153369326414,29153369376322,29153369386938,29153369663610,29153369927130,29153369927162,16,8.8863,2.87842,0.0004,0.49908,0.10616,2.76672,2.6352
578,1,0,1e+08,29153370956759,29153371264637,29153371264681,29153371317613,29153371328569,29153371621685,29153371917589,29153371917617,16,9.60858,3.07878,0.00044,0.52932,0.10956,2.93116,2.95904
579,1,0,1e+08,29153372817271,29153374831375,29153374831495,29153374895807,29153374913151,29153375296837,29153375616601,29153375616633,16,27.9936,20.141,0.0012,0.64312,0.17344,3.83686,3.19764
580,1,0,1e+08,29153376504673,29153376792005,29153376792049,29153376842145,29153376852457,29153377111577,29153377398421,29153377398449,16,8.93776,2.87332,0.00044,0.50096,0.10312,2.5912,2.86844
581,1,0,1e+08,29153378327807,29153379117481,29153379117721,29153379195576,29153379211320,29153379646587,29153380006847,29153380006887,16,16.7908,7.89674,0.0024,0.77855,0.15744,4.35267,3.6026
582,1,0,1e+08,29153381021240,29153381355908,29153381355948,29153381406124,29153381417036,29153381724496,29153382055224,29153382055256,16,10.3402,3.34668,0.0004,0.50176,0.10912,3.0746,3.30728
583,1,0,1e+08,29153382975410,29153383993799,29153383993867,29153384051307,29153384063039,29153384430333,29153384748693,29153384748729,16,17.7332,10.1839,0.00068,0.5744,0.11732,3.67294,3.1836
584,1,0,1e+08,29153385923264,29153386165989,29153386166021,29153386213209,29153386222821,29153386449953,29153386730821,29153386730849,16,8.07585,2.42725,0.00032,0.47188,0.09612,2.27132,2.80868
585,1,0,1e+08,29153387716491,29153387971915,29153387971943,29153388023615,29153388033759,29153388236375,29153388492815,29153388492847,16,7.76356,2.55424,0.00028,0.51672,0.10144,2.02616,2.5644
586,1,0,1e+08,29153389382516,29153392132345,29153392132820,29153392242344,29153392258680,29153392714512,29153393077144,29153393077176,16,36.9466,27.4983,0.00475,1.09524,0.16336,4.55832,3.62632
587,1,0,1e+08,29153394214099,29153394509744,29153394509792,29153394559864,29153394570608,29153394898800,29153395256216,29153395256256,16,10.4216,2.95645,0.00048,0.50072,0.10744,3.28192,3.57416
588,1,0,1e+08,29153396151219,29153396397809,29153396397845,29153396446565,29153396456377,29153396708658,29153397049878,29153397049906,16,8.98687,2.4659,0.00036,0.4872,0.09812,2.52281,3.4122
589,1,0,1e+08,29153398039915,29153398902062,29153398902326,29153398980666,29153398996294,29153399477268,29153399865988,29153399866028,16,18.2611,8.62147,0.00264,0.7834,0.15628,4.80974,3.8872
590,1,0,1e+08,29153400951662,29153401202356,29153401202392,29153401253412,29153401263612,29153402143294,29153402620305,29153402620345,16,16.6868,2.50694,0.00036,0.5102,0.102,8.79682,4.77011
591,1,0,1e+08,29153403838352,29153404630030,29153404630126,29153404706690,29153404722670,29153405158131,29153405514067,29153405514107,16,16.7575,7.91678,0.00096,0.76564,0.1598,4.35461,3.55936
592,1,0,1e+08,29153406577031,29153406958625,29153406958717,29153407035455,29153407050531,29153407549740,29153408420035,29153408420180,16,18.4315,3.81594,0.00092,0.76738,0.15076,4.99209,8.70295
593,1,0,1e+08,29153410223382,29153410866480,29153410866677,29153411021253,29153411051758,29153411595408,29153411996480,29153411996520,16,17.7314,6.43098,0.00197,1.54576,0.30505,5.4365,4.01072
594,1,0,1e+08,29153413158928,29153414136764,29153414136848,29153414209162,29153414222410,29153414623126,29153414962962,29153414962998,16,18.0407,9.77836,0.00084,0.72314,0.13248,4.00716,3.39836
595,1,0,1e+08,29153416035147,29153416677967,29153416678023,29153416736451,29153416748331,29153417061111,29153417722384,29153417722424,16,16.8728,6.4282,0.00056,0.58428,0.1188,3.1278,6.61273
596,1,0,1e+08,29153418702649,29153419701472,29153419701536,29153419763684,29153419776232,29153420144144,29153420459496,29153420459524,16,17.5688,9.98823,0.00064,0.62148,0.12548,3.67912,3.15352
597,1,0,1e+08,29153421438501,29153421758523,29153421758571,29153421810859,29153421821003,29153422116567,29153422419971,29153422420011,16,9.8151,3.20022,0.00048,0.52288,0.10144,2.95564,3.03404
598,1,0,1e+08,29153423320896,29153424119651,29153424119751,29153424197521,29153424213093,29153424652740,29153425017752,29153425017784,16,16.9689,7.98755,0.001,0.7777,0.15572,4.39647,3.65012
599,1,0,1e+08,29153426017884,29153426361799,29153426361855,29153426488289,29153426503929,29153426929081,29153427222749,29153427222785,16,12.049,3.43915,0.00056,1.26434,0.1564,4.25152,2.93668
600,1,0,1e+08,29153428382286,29153429264525,29153429264621,29153429343342,29153429359230,29153429781680,29153430137724,29153430137756,16,17.5547,8.82239,0.00096,0.78721,0.15888,4.2245,3.56044
601,1,0,1e+08,29153431326624,29153432119521,29153432119716,29153432239698,29153432256386,29153432718088,29153433079120,29153433079160,16,17.5254,7.92897,0.00195,1.19982,0.16688,4.61702,3.61032
602,1,0,1e+08,29153434028929,29153434351485,29153434351549,29153434419047,29153434434427,29153434789925,29153435108933,29153435108965,16,10.8004,3.22556,0.00064,0.67498,0.1538,3.55498,3.19008
603,1,0,1e+08,29153436091254,29153436914241,29153436914337,29153436992622,29153437008114,29153437449352,29153437814012,29153437814048,16,17.2279,8.22987,0.00096,0.78285,0.15492,4.41238,3.6466
604,1,0,1e+08,29153438820755,29153439082040,29153439082080,29153439130260,29153439139972,29153439378276,29153439657300,29153439657328,16,8.36573,2.61285,0.0004,0.4818,0.09712,2.38304,2.79024
605,1,0,1e+08,29153440611943,29153440873660,29153440873688,29153440927424,29153440937728,29153441169380,29153441474964,29153441475000,16,8.63057,2.61717,0.00028,0.53736,0.10304,2.31652,3.05584
606,1,0,1e+08,29153442557321,29153442769413,29153442769445,29153442822005,29153442833133,29153443040785,29153443316205,29153443316233,16,7.58912,2.12092,0.00032,0.5256,0.11128,2.07652,2.7542
607,1,0,1e+08,29153444429370,29153444691402,29153444691438,29153444739122,29153444748686,29153445557764,29153446071977,29153446072029,16,16.4266,2.62032,0.00036,0.47684,0.09564,8.09078,5.14213
608,1,0,1e+08,29153447160846,29153447649431,29153447649621,29153447804073,29153447834778,29153448423072,29153448813685,29153448813717,16,16.5287,4.88585,0.0019,1.54452,0.30705,5.88294,3.90613
609,1,0,1e+08,29153449814500,29153450575162,29153450575367,29153450665512,29153450681420,29153451137019,29153451497847,29153451497887,16,16.8339,7.60662,0.00205,0.90145,0.15908,4.55599,3.60828
610,1,0,1e+08,29153452487337,29153453306848,29153453306940,29153453386051,29153453402343,29153453842951,29153454201243,29153454201275,16,17.1394,8.19511,0.00092,0.79111,0.16292,4.40608,3.58292
611,1,0,1e+08,29153455208407,29153456052593,29153456052689,29153456132162,29153456147870,29153456570625,29153456919585,29153456919621,16,17.1121,8.44186,0.00096,0.79473,0.15708,4.22755,3.4896
612,1,0,1e+08,29153457950787,29153458620176,29153458620376,29153458735288,29153458750684,29153459247920,29153459633136,29153459633168,16,16.8238,6.69389,0.002,1.14912,0.15396,4.97236,3.85216
613,1,0,1e+08,29153460759955,29153461773440,29153461773504,29153461835828,29153461847848,29153462224193,29153462546381,29153462546417,16,17.8646,10.1349,0.00064,0.62324,0.1202,3.76345,3.22188
614,1,0,1e+08,29153463655951,29153464549392,29153464549484,29153464618642,29153464631066,29153465034300,29153465410244,29153465410276,16,17.5433,8.93441,0.00092,0.69158,0.12424,4.03234,3.75944
615,1,0,1e+08,29153466560366,29153467590802,29153467590866,29153467656642,29153467670442,29153468041195,29153468352987,29153468353023,16,17.9266,10.3044,0.00064,0.65776,0.138,3.70753,3.11792
616,1,0,1e+08,29153469599393,29153470505558,29153470505650,29153470584358,29153470598342,29153471010111,29153471351103,29153471351135,16,17.5174,9.06165,0.00092,0.78708,0.13984,4.11769,3.40992
617,1,0,1e+08,29153472662012,29153473641884,29153473641948,29153473709297,29153473722073,29153474100302,29153474420570,29153474420606,16,17.5859,9.79872,0.00064,0.67349,0.12776,3.78229,3.20268
618,1,0,1e+08,29153475459993,29153475977047,29153475977227,29153476132247,29153476162737,29153476668529,29153477048417,29153477048449,16,15.8846,5.17054,0.0018,1.5502,0.3049,5.05792,3.79888
619,1,0,1e+08,29153478168070,29153478485814,29153478485862,29153478536354,29153478546346,29153478830258,29153479134794,29153479134830,16,9.6676,3.17744,0.00048,0.50492,0.09992,2.83912,3.04536
620,1,0,1e+08,29153480067037,29153480324923,29153480324959,29153480374963,29153480385375,29153480634575,29153480910519,29153480910547,16,8.4351,2.57886,0.00036,0.50004,0.10412,2.492,2.75944
621,1,0,1e+08,29153481958114,29153482197472,29153482197508,29153482245524,29153482255284,29153482490780,29153482764948,29153482764980,16,8.06866,2.39358,0.00036,0.48016,0.0976,2.35496,2.74168
622,1,0,1e+08,29153483722497,29153485032836,29153485033064,29153485108009,29153485120677,29153485524070,29153485862438,29153485862470,16,21.3997,13.1034,0.00228,0.74945,0.12668,4.03393,3.38368
623,1,0,1e+08,29153486879596,29153487675661,29153487675856,29153487763449,29153487779073,29153488233218,29153488595074,29153488595114,16,17.1552,7.96065,0.00195,0.87593,0.15624,4.54145,3.61856
624,1,0,1e+08,29153489662540,29153489906377,29153489906425,29153489957881,29153489968073,29153490274749,29153490589173,29153490589205,16,9.26665,2.43837,0.00048,0.51456,0.10192,3.06676,3.14424
625,1,0,1e+08,29153491658179,29153492039964,29153492040080,29153492098004,29153492109040,29153492367004,29153492641708,29153492641740,16,9.83561,3.81785,0.00116,0.57924,0.11036,2.57964,2.74704
626,1,0,1e+08,29153493601199,29153493949805,29153493949845,29153493998153,29153494007645,29153494271537,29153494593789,29153494593825,16,9.92626,3.48606,0.0004,0.48308,0.09492,2.63892,3.22252
627,1,0,1e+08,29153495559441,29153495839003,29153495839039,29153495887531,29153495897199,29153496133075,29153496383759,29153496383791,16,8.2435,2.79562,0.00036,0.48492,0.09668,2.35876,2.50684
628,1,0,1e+08,29153497391192,29153497670432,29153497670460,29153497720192,29153497731784,29153497981376,29153498302952,29153498302984,16,9.11792,2.7924,0.00028,0.49732,0.11592,2.49592,3.21576
629,1,0,1e+08,29153499250022,29153499970274,29153499970382,29153500023294,29153500033894,29153500305638,29153500590162,29153500590194,16,13.4017,7.20252,0.00108,0.52912,0.106,2.71744,2.84524
630,1,0,1e+08,29153501666955,29153502699124,29153502699184,29153502766272,29153502779316,29153503146760,29153503512028,29153503512120,16,18.4517,10.3217,0.0006,0.67088,0.13044,3.67444,3.65268
631,1,0,1e+08,29153504626566,29153505001548,29153505001636,29153505081434,29153505093950,29153505413294,29153505698650,29153505698686,16,10.7212,3.74982,0.00088,0.79798,0.12516,3.19344,2.85356
632,1,0,1e+08,29153506582150,29153506836302,29153506836342,29153506885990,29153506895790,29153507150850,29153507443706,29153507443734,16,8.61584,2.54152,0.0004,0.49648,0.098,2.5506,2.92856
633,1,0,1e+08,29153508375007,29153508629665,29153508629701,29153508677261,29153508687525,29153509283901,29153509968506,29153509968566,16,15.9356,2.54658,0.00036,0.4756,0.10264,5.96376,6.84605
634,1,0,1e+08,29153511335110,29153512705221,29153512705485,29153512784896,29153512801200,29153513243438,29153513603086,29153513603114,16,22.68,13.7011,0.00264,0.79411,0.16304,4.42238,3.59648
635,1,0,1e+08,29153514699067,29153515513677,29153515513785,29153515592398,29153515608066,29153516048040,29153516409380,29153516409420,16,17.1035,8.1461,0.00108,0.78613,0.15668,4.39974,3.6134
636,1,0,1e+08,29153518313126,29153518814416,29153518814536,29153518867308,29153518878200,29153519165704,29153519460544,29153519460568,16,11.4744,5.0129,0.0012,0.52772,0.10892,2.87504,2.9484
637,1,0,1e+08,29153520565735,29153521325614,29153521325809,29153521437133,29153521452849,29153521919289,29153522288625,29153522288661,16,17.2293,7.59879,0.00195,1.11324,0.15716,4.6644,3.69336
638,1,0,1e+08,29153523532135,29153524387585,29153524387693,29153524476149,29153524495745,29153524944624,29153525305856,29153525305888,16,17.7375,8.5545,0.00108,0.88456,0.19596,4.48879,3.61232
639,1,0,1e+08,29153526386890,29153526732711,29153526732763,29153526793495,29153526805651,29153527137135,29153527443635,29153527443675,16,10.5678,3.45821,0.00052,0.60732,0.12156,3.31484,3.065
640,1,0,1e+08,29153528390963,29153528913261,29153528913461,29153529066213,29153529098656,29153529714846,29153530110078,29153530110114,16,17.1915,5.22298,0.002,1.52752,0.32443,6.1619,3.95232
641,1,0,1e+08,29153531203896,29153531623125,29153531623181,29153531683937,29153531695269,29153532012137,29153532437833,29153532437889,16,12.3399,4.19229,0.00056,0.60756,0.11332,3.16868,4.25696
642,1,0,1e+08,29153533349749,29153533618746,29153533618786,29153533667550,29153533677178,29153533940290,29153534256470,29153534256510,16,9.06761,2.68997,0.0004,0.48764,0.09628,2.63112,3.1618
643,1,0,1e+08,29153535201855,29153535484520,29153535484556,29153535536092,29153535546252,29153535805112,29153536083856,29153536083888,16,8.82033,2.82665,0.00036,0.51536,0.1016,2.5886,2.78744
644,1,0,1e+08,29153537006921,29153538695405,29153538695529,29153538753637,29153538765637,29153539037737,29153539315705,29153539315733,16,23.0881,16.8848,0.00124,0.58108,0.12,2.721,2.77968
645,1,0,1e+08,29153540363613,29153541277828,29153541277916,29153541347880,29153541361716,29153541758749,29153542087609,29153542087645,16,17.2403,9.14215,0.00088,0.69964,0.13836,3.97033,3.2886
646,1,0,1e+08,29153543116545,29153543975799,29153543975994,29153544069669,29153544086590,29153544537161,29153544902141,29153544902173,16,17.8563,8.59254,0.00195,0.93675,0.16921,4.50571,3.6498
647,1,0,1e+08,29153546030759,29153546500355,29153546500555,29153546655888,29153546686644,29153547310636,29153547710584,29153547710624,16,16.7986,4.69596,0.002,1.55333,0.30756,6.23992,3.99948
648,1,0,1e+08,29153548790894,29153549108478,29153549108526,29153549160306,29153549170566,29153549476478,29153549789046,29153549789074,16,9.9818,3.17584,0.00048,0.5178,0.1026,3.05912,3.12568
649,1,0,1e+08,29153550738286,29153551126318,29153551126406,29153551182874,29153551194222,29153551426902,29153551698742,29153551698774,16,9.60488,3.88032,0.00088,0.56468,0.11348,2.3268,2.7184
650,1,0,1e+08,29153552637417,29153552880493,29153552880521,29153552927469,29153552936941,29153553132705,29153553379541,29153553379565,16,7.42148,2.43076,0.00028,0.46948,0.09472,1.95764,2.46836
651,1,0,1e+08,29153554360759,29153555841239,29153555841363,29153555899923,29153555911623,29153556185495,29153556465287,29153556465319,16,21.0456,14.8048,0.00124,0.5856,0.117,2.73872,2.79792
652,1,0,1e+08,29153557442581,29153557741961,29153557742001,29153557790529,29153557799689,29153558057001,29153558341429,29153558341457,16,8.98876,2.9938,0.0004,0.48528,0.0916,2.57312,2.84428
653,1,0,1e+08,29153559282502,29153559558979,29153559559027,29153559608831,29153559618831,29153559867415,29153560144699,29153560144735,16,8.62233,2.76477,0.00048,0.49804,0.1,2.48584,2.77284
654,1,0,1e+08,29153561138972,29153562803808,29153562803912,29153562860632,29153562871912,29153563132828,29153563428344,29153563428384,16,22.8941,16.6484,0.00104,0.5672,0.1128,2.60916,2.95516
655,1,0,1e+08,29153564489813,29153564773738,29153564773774,29153564818622,29153564828630,29153565040918,29153565311150,29153565311182,16,8.21369,2.83925,0.00036,0.44848,0.10008,2.12288,2.70232
656,1,0,1e+08,29153566209825,29153566524563,29153566524763,29153566678551,29153566709125,29153567451145,29153567866989,29153567867025,16,16.572,3.14738,0.002,1.53788,0.30574,7.4202,4.15844
657,1,0,1e+08,29153569050261,29153570630502,29153570630730,29153570710748,29153570724460,29153571127676,29153571472952,29153571472992,16,24.2273,15.8024,0.00228,0.80018,0.13712,4.03216,3.45276
658,1,0,1e+08,29153572464518,29153572744367,29153572744419,29153572813219,29153572829075,29153573221062,29153573518986,29153573519014,16,10.545,2.79849,0.00052,0.688,0.15856,3.91987,2.97924
659,1,0,1e+08,29153574627260,29153574906842,29153574906938,29153574956522,29153574967098,29153575202370,29153575486430,29153575486466,16,8.59206,2.79582,0.00096,0.49584,0.10576,2.35272,2.8406
660,1,0,1e+08,29153576564327,29153576872756,29153576872804,29153576924972,29153576935292,29153577274364,29153577699272,29153577699304,16,11.3498,3.08429,0.00048,0.52168,0.1032,3.39072,4.24908
661,1,0,1e+08,29153578867260,29153579160384,29153579160428,29153579209716,29153579219696,29153579449752,29153579706888,29153579706920,16,8.3966,2.93124,0.00044,0.49288,0.0998,2.30056,2.57136
662,1,0,1e+08,29153580661987,29153581949909,29153581950025,29153582006373,29153582018433,29153582320417,29153582601373,29153582601405,16,19.3942,12.8792,0.00116,0.56348,0.1206,3.01984,2.80956
663,1,0,1e+08,29153583552172,29153584598460,29153584598524,29153584661605,29153584674325,29153585044597,29153585356821,29153585356857,16,18.0468,10.4629,0.00064,0.63081,0.1272,3.70272,3.12224
664,1,0,1e+08,29153586395412,29153587068121,29153587068311,29153587212610,29153587228986,29153587703174,29153588070682,29153588070714,16,16.753,6.72709,0.0019,1.44299,0.16376,4.74188,3.67508
665,1,0,1e+08,29153589064159,29153589407463,29153589407515,29153589467215,29153589479491,29153589802467,29153590133239,29153590133279,16,10.6912,3.43304,0.00052,0.597,0.12276,3.22976,3.30772
666,1,0,1e+08,29153591117135,29153591911137,29153591911237,29153591990719,29153592006731,29153592450509,29153592807761,29153592807793,16,16.9066,7.94002,0.001,0.79482,0.16012,4.43778,3.57252
667,1,0,1e+08,29153593817814,29153594133327,29153594133379,29153594189467,29153594200995,29153594519179,29153594851471,29153594851511,16,10.337,3.15513,0.00052,0.56088,0.11528,3.18184,3.32292
668,1,0,1e+08,29153595738733,29153596005201,29153596005237,29153596053061,29153596062737,29153596304517,29153596589717,29153596589749,16,8.51016,2.66468,0.00036,0.47824,0.09676,2.4178,2.852
669,1,0,1e+08,29153597606736,29153599027521,29153599027681,29153599097586,29153599111270,29153599419238,29153599708370,29153599708406,16,21.0167,14.2078,0.0016,0.69905,0.13684,3.07968,2.89132
670,1,0,1e+08,29153600767722,29153601046674,29153601046710,29153601094434,29153601105354,29153601305826,29153601594686,29153601594714,16,8.26992,2.78952,0.00036,0.47724,0.1092,2.00472,2.8886
671,1,0,1e+08,29153602526404,29153602904563,29153602904607,29153602956243,29153602966491,29153603225979,29153603498455,29153603498491,16,9.72087,3.78159,0.00044,0.51636,0.10248,2.59488,2.72476
672,1,0,1e+08,29153604406759,29153606043191,29153606043335,29153606104751,29153606117975,29153606431707,29153606708103,29153606708131,16,23.0137,16.3643,0.00144,0.61416,0.13224,3.13732,2.76396
673,1,0,1e+08,29153607633503,29153607920781,29153607920845,29153607975081,29153607986997,29153608248129,29153608887246,29153608887441,16,12.5394,2.87278,0.00064,0.54236,0.11916,2.61132,6.39117
674,1,0,1e+08,29153610732557,29153611456417,29153611456607,29153611608147,29153611623839,29153612135142,29153612526247,29153612526283,16,17.9373,7.2386,0.0019,1.5154,0.15692,5.11303,3.91105
675,1,0,1e+08,29153613885379,29153614871000,29153614871180,29153614937563,29153614949219,29153615300540,29153615641536,29153615641640,16,17.5626,9.85621,0.0018,0.66383,0.11656,3.51321,3.40996
676,1,0,1e+08,29153616814583,29153617097435,29153617097483,29153617145047,29153617154215,29153617404395,29153617686783,29153617686811,16,8.72228,2.82852,0.00048,0.47564,0.09168,2.5018,2.82388
677,1,0,1e+08,29153618814529,29153619601040,29153619601144,29153619680156,29153619695735,29153620146840,29153620511064,29153620511104,16,16.9657,7.86511,0.00104,0.79012,0.15579,4.51105,3.64224
678,1,0,1e+08,29153621567110,29153621952898,29153621952954,29153622007346,29153622017422,29153622315186,29153622641406,29153622641442,16,10.7433,3.85788,0.00056,0.54392,0.10076,2.97764,3.2622
679,1,0,1e+08,29153623573842,29153623841458,29153623841498,29153623892002,29153623901990,29153624645325,29153625259356,29153625259416,16,16.8557,2.67616,0.0004,0.50504,0.09988,7.43335,6.14031
680,1,0,1e+08,29153626532408,29153627371440,29153627371696,29153627450992,29153627467380,29153627927656,29153628289084,29153628289112,16,17.567,8.39032,0.00256,0.79296,0.16388,4.60276,3.61428
681,1,0,1e+08,29153629320907,29153629644507,29153629644567,29153629711273,29153629727309,29153630229259,29153630527635,29153630527667,16,12.0676,3.236,0.0006,0.66706,0.16036,5.0195,2.98376
682,1,0,1e+08,29153631489952,29153631737428,29153631737464,29153631785764,29153631799400,29153632073516,29153632440928,29153632440964,16,9.51012,2.47476,0.00036,0.483,0.13636,2.74116,3.67412
683,1,0,1e+08,29153633517657,29153634507788,29153634507856,29153634566200,29153634577832,29153634946676,29153635267916,29153635267952,16,17.5029,9.90131,0.00068,0.58344,0.11632,3.68844,3.2124
684,1,0,1e+08,29153636227939,29153636864215,29153636864410,29153637019674,29153637050909,29153637568828,29153637955244,29153637955276,16,17.2734,6.36276,0.00195,1.55264,0.31235,5.17919,3.86416
685,1,0,1e+08,29153639003179,29153639293989,29153639294033,29153639343689,29153639353721,29153639639169,29153640015221,29153640015261,16,10.1208,2.9081,0.00044,0.49656,0.10032,2.85448,3.76052
686,1,0,1e+08,29153640956160,29153641779244,29153641779344,29153641857439,29153641872931,29153642286712,29153642638964,29153642638996,16,16.8284,8.23084,0.001,0.78095,0.15492,4.13781,3.52252
687,1,0,1e+08,29153643638268,29153644405213,29153644405403,29153644535910,29153644551614,29153645055410,29153645448835,29153645448879,16,18.1061,7.66945,0.0019,1.30507,0.15704,5.03796,3.93425
688,1,0,1e+08,29153646671214,29153647560997,29153647561089,29153647631201,29153647644477,29153648045613,29153648384137,29153648384169,16,17.1296,8.89783,0.00092,0.70112,0.13276,4.01136,3.38524
689,1,0,1e+08,29153649545344,29153649834082,29153649834134,29153649886406,29153649896690,29153650269662,29153650709382,29153650709434,16,11.6409,2.88738,0.00052,0.52272,0.10284,3.72972,4.3972
690,1,0,1e+08,29153651782727,29153652810414,29153652810470,29153652901558,29153652916054,29153653281510,29153653596926,29153653596954,16,18.1423,10.2769,0.00056,0.91088,0.14496,3.65456,3.15416
691,1,0,1e+08,29153654864484,29153655619513,29153655619605,29153655702457,29153655718985,29153656161936,29153656513832,29153656513872,16,16.4939,7.55029,0.00092,0.82852,0.16528,4.42951,3.51896
692,1,0,1e+08,29153657682863,29153658053989,29153658054045,29153658113725,29153658125809,29153658398437,29153658700417,29153658700441,16,10.1758,3.71126,0.00056,0.5968,0.12084,2.72628,3.0198
693,1,0,1e+08,29153659765984,29153660120124,29153660120176,29153660175988,29153660186616,29153660431024,29153660726772,29153660726800,16,9.60816,3.5414,0.00052,0.55812,0.10628,2.44408,2.95748
694,1,0,1e+08,29153662065670,29153662429861,29153662429921,29153662499441,29153662514297,29153663146641,29153663610936,29153663610984,16,15.4531,3.64191,0.0006,0.6952,0.14856,6.32344,4.64295
695,1,0,1e+08,29153665091425,29153666116228,29153666116292,29153666197881,29153666213529,29153666574389,29153666947181,29153666947305,16,18.5588,10.248,0.00064,0.81589,0.15648,3.6086,3.72792
696,1,0,1e+08,29153668517008,29153669398345,29153669398515,29153669551585,29153669582110,29153670295118,29153670640338,29153670640366,16,21.2336,8.81337,0.0017,1.5307,0.30525,7.13008,3.4522
697,1,0,1e+08,29153671829135,29153672113547,29153672113587,29153672161023,29153672170259,29153672423055,29153672806823,29153672806859,16,9.77724,2.84412,0.0004,0.47436,0.09236,2.52796,3.83768
698,1,0,1e+08,29153674143508,29153674440092,29153674440128,29153674490460,29153674500336,29153674770392,29153675071204,29153675071232,16,9.27724,2.96584,0.00036,0.50332,0.09876,2.70056,3.00812
699,1,0,1e+08,29153676167270,29153676433070,29153676433110,29153676484846,29153676495146,29153676757218,29153677066434,29153677066466,16,8.99196,2.658,0.0004,0.51736,0.103,2.62072,3.09216
700,1,0,1e+08,29153678053340,29153678353309,29153678353349,29153678412845,29153678424585,29153678722681,29153679032529,29153679032553,16,9.79213,2.99969,0.0004,0.59496,0.1174,2.98096,3.09848
701,1,0,1e+08,29153680389303,29153681095452,29153681095622,29153681253178,29153681283363,29153681817528,29153682229480,29153682229512,16,18.4021,7.06149,0.0017,1.57556,0.30185,5.34165,4.11952
702,1,0,1e+08,29153683767746,29153684210971,29153684211019,29153684283771,29153684298247,29153684588295,29153684955635,29153684955663,16,11.8792,4.43225,0.00048,0.72752,0.14476,2.90048,3.6734
703,1,0,1e+08,29153686311829,29153686650961,29153686651009,29153686718517,29153686733693,29153687167263,29153687506123,29153687506159,16,11.9433,3.39132,0.00048,0.67508,0.15176,4.3357,3.3886
704,1,0,1e+08,29153688532619,29153688825721,29153688825765,29153688878905,29153688890525,29153689175561,29153689493961,29153689493997,16,9.61378,2.93102,0.00044,0.5314,0.1162,2.85036,3.184
705,1,0,1e+08,29153690613766,29153690926523,29153690926555,29153690985359,29153690995551,29153691270767,29153691550483,29153691550511,16,9.36745,3.12757,0.00032,0.58804,0.10192,2.75216,2.79716
706,1,0,1e+08,29153692724148,29153693513633,29153693513725,29153693592849,29153693608717,29153694055377,29153694419409,29153694419441,16,16.9529,7.89485,0.00092,0.79124,0.15868,4.4666,3.64032
707,1,0,1e+08,29153695471379,29153696294929,29153696295114,29153696376105,29153696392010,29153696846164,29153697215808,29153697215848,16,17.4447,8.2355,0.00185,0.80991,0.15905,4.54154,3.69644
708,1,0,1e+08,29153698260895,29153698904900,29153698904964,29153698970424,29153698983448,29153699423414,29153699776154,29153699776186,16,15.1529,6.44005,0.00064,0.6546,0.13024,4.39966,3.5274
709,1,0,1e+08,29153700792605,29153701617937,29153701618041,29153701697666,29153701713606,29153702158306,29153702517506,29153702517546,16,17.2494,8.25332,0.00104,0.79625,0.1594,4.447,3.592
710,1,0,1e+08,29153703797257,29153704611380,29153704611472,29153704691336,29153704707576,29153705153538,29153705509566,29153705509598,16,17.1234,8.14123,0.00092,0.79864,0.1624,4.45962,3.56028
711,1,0,1e+08,29153706825158,29153707201505,29153707201569,29153707265081,29153707278293,29153707586854,29153707919882,29153707919922,16,10.9476,3.76347,0.00064,0.63512,0.13212,3.08561,3.33028
712,1,0,1e+08,29153709015440,29153709790681,29153709790871,29153709880254,29153709897194,29153710348508,29153710706568,29153710706600,16,16.9116,7.75241,0.0019,0.89383,0.1694,4.51314,3.5806
713,1,0,1e+08,29153711865595,29153712468207,29153712468299,29153712539250,29153712552486,29153712962252,29153713496680,29153713496736,16,16.3114,6.02612,0.00092,0.70951,0.13236,4.09766,5.34428
714,1,0,1e+08,29153714684904,29153715803858,29153715804034,29153715872134,29153715885938,29153716249194,29153716562514,29153716562546,16,18.7764,11.1895,0.00176,0.681,0.13804,3.63256,3.1332
715,1,0,1e+08,29153717704916,29153718787959,29153718788040,29153718857068,29153718870916,29153719265244,29153719619056,29153719619156,16,19.1424,10.8304,0.00081,0.69028,0.13848,3.94328,3.53812
716,1,0,1e+08,29153720643042,29153720904596,29153720904636,29153720955596,29153720966052,29153721225764,29153721522844,29153721522872,16,8.7983,2.61554,0.0004,0.5096,0.10456,2.59712,2.9708
717,1,0,1e+08,29153722659858,29153722981302,29153722981354,29153723040906,29153723053970,29153723447174,29153724363373,29153724363461,16,17.036,3.21444,0.00052,0.59552,0.13064,3.93204,9.16199
718,1,0,1e+08,29153726438610,29153727249440,29153727249504,29153727308872,29153727320280,29153727673008,29153727974880,29153727974908,16,15.363,8.1083,0.00064,0.59368,0.11408,3.52728,3.01872
719,1,0,1e+08,29153729031284,29153729377766,29153729377822,29153729432098,29153729443254,29153729778834,29153730734566,29153730734626,16,17.0334,3.46482,0.00056,0.54276,0.11156,3.3558,9.55732
720,1,0,1e+08,29153732117716,29153732481685,29153732481773,29153732547360,29153732559880,29153733069444,29153733412441,29153733412473,16,12.9476,3.63969,0.00088,0.65587,0.1252,5.09564,3.42997
721,1,0,1e+08,29153734397574,29153735395568,29153735395632,29153735459020,29153735471884,29153735868683,29153736199459,29153736199495,16,18.0192,9.97994,0.00064,0.63388,0.12864,3.96799,3.30776
722,1,0,1e+08,29153737378890,29153738302608,29153738302672,29153738366160,29153738378920,29153738773396,29153739099272,29153739099304,16,17.2041,9.23718,0.00064,0.63488,0.1276,3.94476,3.25876
723,1,0,1e+08,29153740221575,29153741038476,29153741038568,29153741118064,29153741134060,29153741569444,29153741921404,29153741921444,16,16.9987,8.16901,0.00092,0.79496,0.15996,4.35384,3.5196
724,1,0,1e+08,29153743200171,29153744136478,29153744136574,29153744215924,29153744229920,29153744632609,29153744967325,29153744967357,16,17.6719,9.36307,0.00096,0.7935,0.13996,4.02689,3.34716
725,1,0,1e+08,29153747073439,29153747406903,29153747406943,29153747470063,29153747482971,29153747714587,29153747952015,29153747952047,16,8.78608,3.33464,0.0004,0.6312,0.12908,2.31616,2.37428
726,1,0,1e+08,29153748928068,29153749251602,29153749251777,29153749336189,29153749347717,29153749655145,29153749953237,29153749953269,16,10.252,3.23534,0.00175,0.84412,0.11528,3.07428,2.98092
727,1,0,1e+08,29153750921406,29153751217262,29153751217310,29153751268650,29153751278778,29153751543258,29153751811174,29153751811210,16,8.89804,2.95856,0.00048,0.5134,0.10128,2.6448,2.67916
728,1,0,1e+08,29153752782736,29153753031148,29153753031184,29153753081900,29153753092084,29153753340340,29153753629392,29153753629424,16,8.46688,2.48412,0.00036,0.50716,0.10184,2.48256,2.89052
729,1,0,1e+08,29153754610563,29153754961301,29153754961417,29153755019929,29153755031437,29153755269913,29153755562541,29153755562577,16,9.52014,3.50738,0.00116,0.58512,0.11508,2.38476,2.92628
730,1,0,1e+08,29153756530303,29153757078182,29153757078382,29153757229980,29153757260360,29153757841642,29153758234291,29153758234327,16,17.0402,5.47879,0.002,1.51598,0.3038,5.81282,3.92649
731,1,0,1e+08,29153759252473,29153759542753,29153759542813,29153759599801,29153759612417,29153759935265,29153760245065,29153760245101,16,9.92628,2.9028,0.0006,0.56988,0.12616,3.22848,3.098
732,1,0,1e+08,29153761187274,29153761420724,29153761420760,29153761469716,29153761479756,29153761694244,29153761960432,29153761960460,16,7.73186,2.3345,0.00036,0.48956,0.1004,2.14488,2.66188
733,1,0,1e+08,29153762824437,29153764339789,29153764339881,29153764399149,29153764410869,29153764627185,29153764879833,29153764879865,16,20.5543,15.1535,0.00092,0.59268,0.1172,2.16316,2.52648
734,1,0,1e+08,29153767264049,29153767768399,29153767768435,29153767816375,29153767826147,29153768030047,29153768326383,29153768326407,16,10.6236,5.0435,0.00036,0.4794,0.09772,2.039,2.96336
735,1,0,1e+08,29153769519923,29153769832285,29153769832325,29153769900417,29153769912265,29153770151889,29153770445469,29153770445509,16,9.25586,3.12362,0.0004,0.68092,0.11848,2.39624,2.9358
736,1,0,1e+08,29153771395461,29153771653929,29153771653977,29153771714069,29153771724417,29153772019357,29153772550669,29153772550819,16,11.5536,2.58468,0.00048,0.60092,0.10348,2.9494,5.31312
737,1,0,1e+08,29153774384372,29153774631428,29153774631476,29153774696836,29153774709328,29153775035403,29153775560052,29153775560108,16,11.7574,2.47056,0.00048,0.6536,0.12492,3.26075,5.24649
738,1,0,1e+08,29153776488707,29153776761280,29153776761324,29153776819196,29153776831344,29153777091500,29153777413964,29153777413996,16,9.25289,2.72573,0.00044,0.57872,0.12148,2.60156,3.22464
739,1,0,1e+08,29153778320803,29153778694265,29153778694305,29153778747253,29153778759273,29153779020697,29153779311277,29153779311313,16,9.9051,3.73462,0.0004,0.52948,0.1202,2.61424,2.9058
740,1,0,1e+08,29153780264639,29153781543012,29153781543128,29153781600476,29153781612020,29153781880652,29153782186660,29153782186688,16,19.2205,12.7837,0.00116,0.57348,0.11544,2.68632,3.06008
741,1,0,1e+08,29153783091676,29153783359756,29153783359800,29153783408880,29153783418440,29153783686864,29153784046048,29153784046088,16,9.54412,2.6808,0.00044,0.4908,0.0956,2.68424,3.59184
742,1,0,1e+08,29153784969788,29153785238192,29153785238236,29153785288640,29153785299048,29153785584140,29153785889953,29153785889981,16,9.20193,2.68404,0.00044,0.50404,0.10408,2.85092,3.05813
743,1,0,1e+08,29153786810432,29153787622957,29153787623049,29153787701045,29153787716473,29153788196468,29153788572060,29153788572100,16,17.6167,8.12525,0.00092,0.77996,0.15428,4.79995,3.75592
744,1,0,1e+08,29153789620253,29153789883621,29153789883653,29153789933177,29153789943289,29153790218769,29153790555673,29153790555705,16,9.35452,2.63368,0.00032,0.49524,0.10112,2.7548,3.36904
745,1,0,1e+08,29153791494774,29153791750082,29153791750118,29153791803490,29153791813306,29153792079714,29153792400742,29153792400774,16,9.06,2.55308,0.00036,0.53372,0.09816,2.66408,3.21028
746,1,0,1e+08,29153793393945,29153794304817,29153794305337,29153794458769,29153794489469,29153794982369,29153795363465,29153795363501,16,19.6956,9.10872,0.0052,1.53432,0.307,4.929,3.81096
747,1,0,1e+08,29153796358135,29153797124063,29153797124155,29153797202215,29153797217947,29153797697312,29153798072916,29153798072956,16,17.1482,7.65928,0.00092,0.7806,0.15732,4.79365,3.75604
748,1,0,1e+08,29153799222832,29153799992607,29153799992807,29153800075245,29153800090786,29153800541233,29153800908581,29153800908613,16,16.8578,7.69775,0.002,0.82438,0.15541,4.50447,3.67348
749,1,0,1e+08,29153802022456,29153802308654,29153802308758,29153802358454,29153802369282,29153802629830,29153802903978,29153802904014,16,8.81558,2.86198,0.00104,0.49696,0.10828,2.60548,2.74148
750,1,0,1e+08,29153804018732,29153804828165,29153804828257,29153804906625,29153804922337,29153805361030,29153805719862,29153805719890,16,17.0116,8.09433,0.00092,0.78368,0.15712,4.38693,3.58832
751,1,0,1e+08,29153806732833,29153807954440,29153807954552,29153808016520,29153808028400,29153808279476,29153808594552,29153808594596,16,18.6176,12.2161,0.00112,0.61968,0.1188,2.51076,3.15076
752,1,0,1e+08,29153809493075,29153809759499,29153809759543,29153809811599,29153809821387,29153810149271,29153810567451,29153810567487,16,10.7441,2.66424,0.00044,0.52056,0.09788,3.27884,4.1818
753,1,0,1e+08,29153811566890,29153812413068,29153812413176,29153812497008,29153812513628,29153813001885,29153813376405,29153813376445,16,18.0955,8.46178,0.00108,0.83832,0.1662,4.88257,3.7452
754,1,0,1e+08,29153814632370,29153815203827,29153815203919,29153815285247,29153815301323,29153815684379,29153815956375,29153815956399,16,13.2403,5.71457,0.00092,0.81328,0.16076,3.83056,2.71996
755,1,0,1e+08,29153817153642,29153818074926,29153818075022,29153818137882,29153818150090,29153818551320,29153818886216,29153818886256,16,17.3261,9.21284,0.00096,0.6286,0.12208,4.0123,3.34896
756,1,0,1e+08,29153820188008,29153820649395,29153820649451,29153820702355,29153820712427,29153820981851,29153821261119,29153821261151,16,10.7314,4.61387,0.00056,0.52904,0.10072,2.69424,2.79268
757,1,0,1e+08,29153822214486,29153823026565,29153823026665,29153823104366,29153823119942,29153823560117,29153823917301,29153823917337,16,17.0285,8.12079,0.001,0.77701,0.15576,4.40175,3.57184
758,1,0,1e+08,29153824996069,29153825331401,29153825331453,29153825384769,29153825395253,29153825694901,29153826002481,29153826002513,16,10.0644,3.35332,0.00052,0.53316,0.10484,2.99648,3.0758
759,1,0,1e+08,29153826991264,29153827300125,29153827300169,29153827353253,29153827362313,29153827618461,29153827900945,29153827900981,16,9.09717,3.08861,0.00044,0.53084,0.0906,2.56148,2.82484
760,1,0,1e+08,29153828807009,29153829094919,29153829094947,29153829153431,29153829165239,29153829409967,29153829702267,29153829702295,16,8.95286,2.8791,0.00028,0.58484,0.11808,2.44728,2.923
761,1,0,1e+08,29153830604380,29153831318655,29153831318855,29153831439283,29153831455103,29153831923977,29153832295309,29153832295349,16,16.9097,7.14275,0.002,1.20428,0.1582,4.68874,3.71332
762,1,0,1e+08,29153833346710,29153833596388,29153833596420,29153833645052,29153833653980,29153833894364,29153834203056,29153834203084,16,8.56374,2.49678,0.00032,0.48632,0.08928,2.40384,3.08692
763,1,0,1e+08,29153835126235,29153835841090,29153835841290,29153836003998,29153836020554,29153836506136,29153836884448,29153836884488,16,17.5825,7.14855,0.002,1.62708,0.16556,4.85582,3.78312
764,1,0,1e+08,29153837972024,29153838252484,29153838252532,29153838304356,29153838314664,29153838605032,29153838899128,29153838899160,16,9.27136,2.8046,0.00048,0.51824,0.10308,2.90368,2.94096
765,1,0,1e+08,29153839757847,29153841206149,29153841206237,29153841269805,29153841282345,29153841643081,29153841921229,29153841921265,16,21.6342,14.483,0.00088,0.63568,0.1254,3.60736,2.78148
766,1,0,1e+08,29153842806008,29153843268751,29153843268951,29153843421139,29153843454534,29153844209708,29153844641786,29153844641826,16,18.3582,4.62743,0.002,1.52188,0.33395,7.55174,4.32078
767,1,0,1e+08,29153845700821,29153845957807,29153845957855,29153846014827,29153846026859,29153846323987,29153846678339,29153846678383,16,9.77562,2.56986,0.00048,0.56972,0.12032,2.97128,3.54352
768,1,0,1e+08,29153847954967,29153848837336,29153848837432,29153848916354,29153848929942,29153849332787,29153849676275,29153849676307,16,17.2134,8.82369,0.00096,0.78922,0.13588,4.02845,3.43488
769,1,0,1e+08,29153850777397,29153851691068,29153851691132,29153851759904,29153851773576,29153852169152,29153852504632,29153852504668,16,17.2727,9.13671,0.00064,0.68772,0.13672,3.95576,3.3548
770,1,0,1e+08,29153853936838,29153854770068,29153854770232,29153854829496,29153854841464,29153855193333,29153855511949,29153855511977,16,15.7514,8.3323,0.00164,0.59264,0.11968,3.51869,3.18616
771,1,0,1e+08,29153856801030,29153857677221,29153857677313,29153857754866,29153857770326,29153858189588,29153858536108,29153858536148,16,17.3512,8.76191,0.00092,0.77553,0.1546,4.19262,3.4652
772,1,0,1e+08,29153859599172,29153859943369,29153859943421,29153859996281,29153860006309,29153860344581,29153860709749,29153860709781,16,11.1061,3.44197,0.00052,0.5286,0.10028,3.38272,3.65168
773,1,0,1e+08,29153861586015,29153861852496,29153861852540,29153861901756,29153861911592,29153862309363,29153862653227,29153862653259,16,10.6724,2.66481,0.00044,0.49216,0.09836,3.97771,3.43864
774,1,0,1e+08,29153863634830,29153864101976,29153864102171,29153864257239,29153864288622,29153864922944,29153865327637,29153865327673,16,16.9284,4.67146,0.00195,1.55068,0.31383,6.34322,4.04693
775,1,0,1e+08,29153866370201,29153867126920,29153867127028,29153867205904,29153867221548,29153867705915,29153868083591,29153868083635,16,17.1343,7.56719,0.00108,0.78876,0.15644,4.84367,3.77676
776,1,0,1e+08,29153869201079,29153870014653,29153870014749,29153870094897,29153870110833,29153870558700,29153870916080,29153870916112,16,17.1503,8.13574,0.00096,0.80148,0.15936,4.47867,3.5738
777,1,0,1e+08,29153872045536,29153872867153,29153872867249,29153872953053,29153872969913,29153873434693,29153873799101,29153873799137,16,17.536,8.21617,0.00096,0.85804,0.1686,4.6478,3.64408
778,1,0,1e+08,29153874811376,29153875326400,29153875326600,29153875481718,29153875511925,29153876168680,29153876589573,29153876589605,16,17.7823,5.15024,0.002,1.55118,0.30207,6.56755,4.20893
779,1,0,1e+08,29153877774690,29153878068124,29153878068176,29153878116584,29153878126700,29153878440500,29153878826476,29153878826512,16,10.5182,2.93434,0.00052,0.48408,0.10116,3.138,3.85976
780,1,0,1e+08,29153879803883,29153880627713,29153880627805,29153880706353,29153880721545,29153881172897,29153881548293,29153881548321,16,17.4444,8.2383,0.00092,0.78548,0.15192,4.51352,3.75396
781,1,0,1e+08,29153882576388,29153883564274,29153883564338,29153883638442,29153883655562,29153884033859,29153884346143,29153884346183,16,17.6979,9.87886,0.00064,0.74104,0.1712,3.78297,3.12284
782,1,0,1e+08,29153885295804,29153886317764,29153886317828,29153886386048,29153886399524,29153886768500,29153887081480,29153887081512,16,17.8571,10.2196,0.00064,0.6822,0.13476,3.68976,3.1298
783,1,0,1e+08,29153888081269,29153888364350,29153888364394,29153888418102,29153888429350,29153888896154,29153889714600,29153889714660,16,16.3339,2.83081,0.00044,0.53708,0.11248,4.66804,8.18446
784,1,0,1e+08,29153890885844,29153891095496,29153891095532,29153891144100,29153891153836,29153891424052,29153891824356,29153891824392,16,9.38548,2.09652,0.00036,0.48568,0.09736,2.70216,4.00304
785,1,0,1e+08,29153892728669,29153893209246,29153893209436,29153893364421,29153893395002,29153894024828,29153894428368,29153894428408,16,16.9974,4.80577,0.0019,1.54985,0.30581,6.29826,4.0354
786,1,0,1e+08,29153895483968,29153895769358,29153895769402,29153895823990,29153895834826,29153896137214,29153896495274,29153896495306,16,10.1134,2.8539,0.00044,0.54588,0.10836,3.02388,3.5806
787,1,0,1e+08,29153897436461,29153898160690,29153898160885,29153898311007,29153898326747,29153898808948,29153899185852,29153899185892,16,17.4943,7.24229,0.00195,1.50122,0.1574,4.82201,3.76904
788,1,0,1e+08,29153900255325,29153900777101,29153900777301,29153900932150,29153900963015,29153901581232,29153901996133,29153901996169,16,17.4084,5.21776,0.002,1.54849,0.30865,6.18217,4.14901
789,1,0,1e+08,29153903034635,29153903829189,29153903829285,29153903907021,29153903922913,29153904405952,29153904777756,29153904777796,16,17.4316,7.94554,0.00096,0.77736,0.15892,4.83039,3.71804
790,1,0,1e+08,29153905783923,29153906809262,29153906809326,29153906873550,29153906886806,29153907257192,29153907597680,29153907597788,16,18.1386,10.2534,0.00064,0.64224,0.13256,3.70386,3.40488
791,1,0,1e+08,29153908651259,29153909548786,29153909548878,29153909626357,29153909640209,29153910046450,29153910383722,29153910383762,16,17.325,8.97527,0.00092,0.77479,0.13852,4.06241,3.37272
792,1,0,1e+08,29153911505136,29153912380631,29153912380723,29153912464748,29153912481404,29153912941404,29153913299680,29153913299708,16,17.9457,8.75495,0.00092,0.84025,0.16656,4.6,3.58276
793,1,0,1e+08,29153914375122,29153915194242,29153915194334,29153915274238,29153915290214,29153915707809,29153916061529,29153916061569,16,16.8645,8.1912,0.00092,0.79904,0.15976,4.17595,3.5372
794,1,0,1e+08,29153917226692,29153918100101,29153918100161,29153918168169,29153918188753,29153918654347,29153918921075,29153918921103,16,16.9441,8.73409,0.0006,0.68008,0.20584,4.65594,2.66728
795,1,0,1e+08,29153919872906,29153920158674,29153920158714,29153920207198,29153920216986,29153920466070,29153920749566,29153920749598,16,8.76692,2.85768,0.0004,0.48484,0.09788,2.49084,2.83496
796,1,0,1e+08,29153921736507,29153921961703,29153921961739,29153922009491,29153922019187,29153922252699,29153922511279,29153922511303,16,7.74796,2.25196,0.00036,0.47752,0.09696,2.33512,2.5858
797,1,0,1e+08,29153923488688,29153923730624,29153923730660,29153923779184,29153923789040,29153924008180,29153924287044,29153924287080,16,7.98392,2.41936,0.00036,0.48524,0.09856,2.1914,2.78864
798,1,0,1e+08,29153925218322,29153926621107,29153926621339,29153926699530,29153926715286,29153927158438,29153927518006,29153927518038,16,22.9972,14.0278,0.00232,0.78191,0.15756,4.43152,3.59568
799,1,0,1e+08,29153928570878,29153928879335,29153928879371,29153928927179,29153928937155,29153929249363,29153929542227,29153929542263,16,9.71385,3.08457,0.00036,0.47808,0.09976,3.12208,2.92864
800,1,0,1e+08,29153930414709,29153932252390,29153932252498,29153932317174,29153932330030,29153932644014,29153932928274,29153932928302,16,25.1359,18.3768,0.00108,0.64676,0.12856,3.13984,2.8426
801,1,0,1e+08,29153933961598,29153934196370,29153934196398,29153934244106,29153934253766,29153934467050,29153934774026,29153934774062,16,8.12464,2.34772,0.00028,0.47708,0.0966,2.13284,3.06976
802,1,0,1e+08,29153935813706,29153936091919,29153936091951,29153936140607,29153936150323,29153936376103,29153936648495,29153936648523,16,8.34817,2.78213,0.00032,0.48656,0.09716,2.2578,2.72392
803,1,0,1e+08,29153937641310,29153938381563,29153938381758,29153938475609,29153938491137,29153938944837,29153939309209,29153939309249,16,16.6794,7.40253,0.00195,0.93851,0.15528,4.537,3.64372
804,1,0,1e+08,29153940378689,29153940622262,29153940622302,29153940671494,29153940681382,29153940965630,29153941292818,29153941292854,16,9.14165,2.43573,0.0004,0.49192,0.09888,2.84248,3.27188
805,1,0,1e+08,29153942485835,29153942757589,29153942757633,29153942813549,29153942824209,29153943119845,29153943388121,29153943388153,16,9.02318,2.71754,0.00044,0.55916,0.1066,2.95636,2.68276
806,1,0,1e+08,29153944295943,29153946338188,29153946338316,29153946398076,29153946410020,29153946710052,29153946977528,29153946977556,16,26.8161,20.4225,0.00128,0.5976,0.11944,3.00032,2.67476
807,1,0,1e+08,29153947994002,29153948607988,29153948608178,29153948760641,29153948790866,29153949293578,29153949671090,29153949671134,16,16.7713,6.13986,0.0019,1.52463,0.30225,5.02712,3.77512
808,1,0,1e+08,29153950705391,29153951511545,29153951511740,29153951597181,29153951613777,29153952100832,29153952478336,29153952478372,16,17.7298,8.06154,0.00195,0.85441,0.16596,4.87055,3.77504
809,1,0,1e+08,29153953528710,29153954340095,29153954340191,29153954419536,29153954435136,29153954871888,29153955226592,29153955226632,16,16.9792,8.11385,0.00096,0.79345,0.156,4.36752,3.54704
810,1,0,1e+08,29153956438338,29153957240630,29153957240718,29153957322470,29153957338630,29153957824094,29153958191082,29153958191118,16,17.5278,8.02292,0.00088,0.81752,0.1616,4.85464,3.66988
811,1,0,1e+08,29153959396903,29153960265704,29153960265796,29153960345792,29153960361672,29153960785056,29153961132756,29153961132796,16,17.3589,8.68801,0.00092,0.79996,0.1588,4.23384,3.477
812,1,0,1e+08,29153962222723,29153962614665,29153962614729,29153962669337,29153962680301,29153963025926,29153963391010,29153963391054,16,11.6833,3.91942,0.00064,0.54608,0.10964,3.45625,3.65084
813,1,0,1e+08,29153964503987,29153965182168,29153965182358,29153965327521,29153965344525,29153965822790,29153966193378,29153966193418,16,16.8943,6.78181,0.0019,1.45163,0.17004,4.78265,3.70588
814,1,0,1e+08,29153967294425,29153968076120,29153968076310,29153968177280,29153968193192,29153968651353,29153969015805,29153969015833,16,17.2141,7.81695,0.0019,1.0097,0.15912,4.58161,3.64452
815,1,0,1e+08,29153970262361,29153970655706,29153970655754,29153970715458,29153970727950,29153971033122,29153971463629,29153971463685,16,12.0132,3.93345,0.00048,0.59704,0.12492,3.05172,4.30507
816,1,0,1e+08,29153972534874,29153972845754,29153972845798,29153972896742,29153972906630,29153973279011,29153973674817,29153973674841,16,11.3997,3.1088,0.00044,0.50944,0.09888,3.72381,3.95806
817,1,0,1e+08,29153974629597,29153975433181,29153975433273,29153975510806,29153975526034,29153975972131,29153976331767,29153976331807,16,17.0221,8.03584,0.00092,0.77533,0.15228,4.46097,3.59636
818,1,0,1e+08,29153977399616,29153978408763,29153978408827,29153978474615,29153978487747,29153978861180,29153979172928,29153979172956,16,17.7334,10.0915,0.00064,0.65788,0.13132,3.73433,3.11748
819,1,0,1e+08,29153980206170,29153980537564,29153980537616,29153980590692,29153980601436,29153980914661,29153981386742,29153981386782,16,11.8061,3.31394,0.00052,0.53076,0.10744,3.13225,4.72081
820,1,0,1e+08,29153982325979,29153982606029,29153982606069,29153982654953,29153982664869,29153982928069,29153983227757,29153983227785,16,9.01806,2.8005,0.0004,0.48884,0.09916,2.632,2.99688
821,1,0,1e+08,29153985693126,29153986162529,29153986162704,29153986317299,29153986347991,29153987275076,29153987717079,29153987717123,16,20.24,4.69403,0.00175,1.54595,0.30692,9.27085,4.42003
822,1,0,1e+08,29153989814597,29153990237099,29153990237143,29153990309771,29153990322631,29153990586275,29153990872951,29153990872979,16,10.5838,4.22502,0.00044,0.72628,0.1286,2.63644,2.86676
823,1,0,1e+08,29153991940047,29153992254569,29153992254621,29153992305845,29153992315689,29153992654397,29153993031933,29153993031965,16,10.9192,3.14522,0.00052,0.51224,0.09844,3.38708,3.77536
824,1,0,1e+08,29153993914516,29153994747356,29153994747448,29153994825088,29153994840872,29153995317934,29153995698046,29153995698078,16,17.8356,8.3284,0.00092,0.7764,0.15784,4.77062,3.80112
825,1,0,1e+08,29153996730552,29153997508246,29153997508354,29153997588258,29153997604042,29153998059736,29153998443480,29153998443520,16,17.1297,7.77694,0.00108,0.79904,0.15784,4.55694,3.83744
826,1,0,1e+08,29153999494572,29153999833944,29153999834000,29153999888216,29153999898656,29154000247995,29154000572955,29154000572983,16,10.7841,3.39372,0.00056,0.54216,0.1044,3.49339,3.2496
827,1,0,1e+08,29154001525585,29154002420945,29154002421049,29154002499040,29154002514072,29154002962160,29154003327924,29154003327964,16,18.0238,8.9536,0.00104,0.77991,0.15032,4.48088,3.65764
828,1,0,1e+08,29154004296616,29154004581348,29154004581392,29154004632048,29154004642328,29154004961768,29154005329416,29154005329448,16,10.3283,2.84732,0.00044,0.50656,0.1028,3.1944,3.67648
829,1,0,1e+08,29154006324141,29154006614829,29154006614869,29154006664029,29154006673813,29154006929645,29154007205497,29154007205529,16,8.81388,2.90688,0.0004,0.4916,0.09784,2.55832,2.75852
830,1,0,1e+08,29154008261541,29154008966616,29154008966806,29154009117694,29154009134230,29154009613669,29154009992073,29154009992105,16,17.3056,7.05075,0.0019,1.50888,0.16536,4.79439,3.78404
831,1,0,1e+08,29154011245229,29154011683572,29154011683747,29154011833438,29154011863058,29154012420510,29154012842694,29154012842742,16,15.9751,4.38343,0.00175,1.49691,0.2962,5.57452,4.22184
832,1,0,1e+08,29154013973724,29154014230158,29154014230218,29154014288450,29154014299786,29154014586742,29154014863042,29154014863066,16,8.89342,2.56434,0.0006,0.58232,0.11336,2.86956,2.763
833,1,0,1e+08,29154015789171,29154016545468,29154016545568,29154016623332,29154016638936,29154017117472,29154017513948,29154017513988,16,17.2482,7.56297,0.001,0.77764,0.15604,4.78536,3.96476
834,1,0,1e+08,29154018772316,29154019689258,29154019689342,29154019755968,29154019768952,29154020168453,29154020499349,29154020499377,16,17.2706,9.16942,0.00084,0.66626,0.12984,3.99501,3.30896
835,1,0,1e+08,29154021543101,29154021813369,29154021813417,29154021863861,29154021873997,29154022226094,29154022551618,29154022551658,16,10.0856,2.70268,0.00048,0.50444,0.10136,3.52097,3.25524
836,1,0,1e+08,29154023514841,29154023875314,29154023875358,29154023924326,29154023934114,29154024192502,29154024476010,29154024476038,16,9.61197,3.60473,0.00044,0.48968,0.09788,2.58388,2.83508
837,1,0,1e+08,29154025511602,29154025793954,29154025793986,29154025841938,29154025851766,29154026081922,29154026358742,29154026358778,16,8.47176,2.82352,0.00032,0.47952,0.09828,2.30156,2.7682
838,1,0,1e+08,29154027319381,29154027663458,29154027663566,29154027719998,29154027731442,29154028033543,29154028360439,29154028360467,16,10.4109,3.44077,0.00108,0.56432,0.11444,3.02101,3.26896
839,1,0,1e+08,29154029290433,29154030048633,29154030048725,29154030127441,29154030143181,29154030618808,29154030989928,29154030989972,16,16.9954,7.582,0.00092,0.78716,0.1574,4.75627,3.7112
840,1,0,1e+08,29154032164365,29154033018150,29154033018254,29154033101898,29154033118656,29154033563224,29154033920520,29154033920552,16,17.5619,8.53785,0.00104,0.83644,0.16758,4.44568,3.57296
841,1,0,1e+08,29154035002926,29154035292238,29154035292294,29154035340854,29154035350490,29154035621986,29154035909730,29154035909790,16,9.06864,2.89312,0.00056,0.4856,0.09636,2.71496,2.87744
842,1,0,1e+08,29154036890406,29154037230618,29154037230718,29154037288514,29154037300234,29154037561890,29154037925990,29154037926022,16,10.3562,3.40212,0.001,0.57796,0.1172,2.61656,3.641
843,1,0,1e+08,29154038769491,29154039029420,29154039029460,29154039087368,29154039099404,29154039968990,29154040442988,29154040443036,16,16.7355,2.59929,0.0004,0.57908,0.12036,8.69586,4.73998
844,1,0,1e+08,29154041562305,29154041798489,29154041798521,29154041845657,29154041854969,29154042105193,29154042447421,29154042447453,16,8.85148,2.36184,0.00032,0.47136,0.09312,2.50224,3.42228
845,1,0,1e+08,29154043308036,29154043545365,29154043545397,29154043592593,29154043602201,29154043861097,29154044132265,29154044132297,16,8.24261,2.37329,0.00032,0.47196,0.09608,2.58896,2.71168
846,1,0,1e+08,29154045082318,29154046716962,29154046717062,29154046786778,29154046800586,29154047084754,29154047389562,29154047389594,16,23.0728,16.3464,0.001,0.69716,0.13808,2.84168,3.04808
847,1,0,1e+08,29154048359615,29154048621481,29154048621517,29154048665553,29154048674725,29154048921153,29154049279849,29154049279885,16,9.2027,2.61866,0.00036,0.44036,0.09172,2.46428,3.58696
848,1,0,1e+08,29154050210718,29154050451224,29154050451264,29154050499812,29154050509576,29154050775024,29154051055936,29154051055964,16,8.45246,2.40506,0.0004,0.48548,0.09764,2.65448,2.80912
849,1,0,1e+08,29154051999062,29154053523929,29154053524041,29154053585241,29154053597629,29154053865661,29154054161285,29154054161329,16,21.6227,15.2487,0.00112,0.612,0.12388,2.68032,2.95624
850,1,0,1e+08,29154055061042,29154055321127,29154055321167,29154055368447,29154055377875,29154055610663,29154055903695,29154055903723,16,8.42681,2.60085,0.0004,0.4728,0.09428,2.32788,2.93032
851,1,0,1e+08,29154056902646,29154057213814,29154057213854,29154057264502,29154057276026,29154057507782,29154057796094,29154057796130,16,8.93484,3.11168,0.0004,0.50648,0.11524,2.31756,2.88312
852,1,0,1e+08,29154058711907,29154059010883,29154059010923,29154059062299,29154059072319,29154059320691,29154059633699,29154059633727,16,9.2182,2.98976,0.0004,0.51376,0.1002,2.48372,3.13008
853,1,0,1e+08,29154060609727,29154061452245,29154061452710,29154061576452,29154061592804,29154062085561,29154062468450,29154062468490,16,18.5876,8.42518,0.00465,1.23742,0.16352,4.92757,3.82889
854,1,0,1e+08,29154063443605,29154063716155,29154063716203,29154063768027,29154063778199,29154064074447,29154064384119,29154064384147,16,9.40542,2.7255,0.00048,0.51824,0.10172,2.96248,3.09672
855,1,0,1e+08,29154065359507,29154066549212,29154066549372,29154066615145,29154066628717,29154067013557,29154067343769,29154067343805,16,19.843,11.8971,0.0016,0.65773,0.13572,3.8484,3.30212
856,1,0,1e+08,29154068567412,29154069511692,29154069511752,29154069570300,29154069582144,29154069981399,29154070323531,29154070323563,16,17.5615,9.4428,0.0006,0.58548,0.11844,3.99255,3.42132
857,1,0,1e+08,29154071527244,29154072067781,29154072067951,29154072218051,29154072247976,29154072772747,29154073106491,29154073106535,16,15.7929,5.40537,0.0017,1.501,0.29925,5.24771,3.33744
858,1,0,1e+08,29154074218170,29154074623302,29154074623362,29154074694466,29154074711138,29154075556206,29154076037277,29154076037317,16,18.1915,4.05132,0.0006,0.71104,0.16672,8.45068,4.81071
859,1,0,1e+08,29154077328544,29154077638222,29154077638274,29154077691054,29154077701446,29154077984366,29154078943340,29154078943400,16,16.1486,3.09678,0.00052,0.5278,0.10392,2.8292,9.58974
860,1,0,1e+08,29154080280389,29154080555073,29154080555125,29154080608457,29154080618885,29154080948933,29154081365905,29154081365945,16,10.8556,2.74684,0.00052,0.53332,0.10428,3.30048,4.16972
861,1,0,1e+08,29154082504753,29154083276470,29154083276665,29154083373021,29154083388345,29154083885654,29154084276418,29154084276458,16,17.7171,7.71717,0.00195,0.96356,0.15324,4.97309,3.90764
862,1,0,1e+08,29154085271611,29154086271598,29154086271662,29154086335370,29154086348766,29154086731559,29154087054791,29154087054819,16,17.8321,9.99987,0.00064,0.63708,0.13396,3.82793,3.23232
863,1,0,1e+08,29154088004379,29154088276005,29154088276049,29154088330309,29154088340765,29154088715566,29154089592408,29154089592468,16,15.8809,2.71626,0.00044,0.5426,0.10456,3.74801,8.76842
864,1,0,1e+08,29154090847551,29154091089164,29154091089192,29154091134428,29154091143532,29154091412108,29154091753460,29154091753492,16,9.05941,2.41613,0.00028,0.45236,0.09104,2.68576,3.41352
865,1,0,1e+08,29154092751572,29154093042804,29154093042836,29154093090544,29154093100092,29154093303008,29154094137644,29154094137732,16,13.8616,2.91232,0.00032,0.47708,0.09548,2.02916,8.34636
866,1,0,1e+08,29154095690927,29154095931589,29154095931633,29154095983533,29154095994781,29154096326886,29154096688906,29154096688938,16,9.98011,2.40662,0.00044,0.519,0.11248,3.32105,3.6202
867,1,0,1e+08,29154097583311,29154097833556,29154097833596,29154097883140,29154097895280,29154098155228,29154098828486,29154098828671,16,12.4536,2.50245,0.0004,0.49544,0.1214,2.59948,6.73258
868,1,0,1e+08,29154100456310,29154100752094,29154100752190,29154100795826,29154100806518,29154101041766,29154101397154,29154101397186,16,9.40876,2.95784,0.00096,0.43636,0.10692,2.35248,3.55388
869,1,0,1e+08,29154102349690,29154103243174,29154103243266,29154103320110,29154103335542,29154103776474,29154104136606,29154104136646,16,17.8696,8.93484,0.00092,0.76844,0.15432,4.40932,3.60132
870,1,0,1e+08,29154105285656,29154105661085,29154105661145,29154105722725,29154105736857,29154106282020,29154106626792,29154106626824,16,13.4117,3.75429,0.0006,0.6158,0.14132,5.45163,3.44772
871,1,0,1e+08,29154107651636,29154107897821,29154107897853,29154107944801,29154107953909,29154108483346,29154109184953,29154109185013,16,15.3338,2.46185,0.00032,0.46948,0.09108,5.29437,7.01607
872,1,0,1e+08,29154110449173,29154110812172,29154110812260,29154110894128,29154110910451,29154111460093,29154111776565,29154111776593,16,13.2742,3.62999,0.00088,0.81868,0.16323,5.49642,3.16472
873,1,0,1e+08,29154112708850,29154112993282,29154112993326,29154113045178,29154113055158,29154113792744,29154114349865,29154114349921,16,16.4107,2.84432,0.00044,0.51852,0.0998,7.37586,5.57121
874,1,0,1e+08,29154115696817,29154116539401,29154116539497,29154116624321,29154116641341,29154117076933,29154117429117,29154117429145,16,17.3233,8.42584,0.00096,0.84824,0.1702,4.35592,3.52184
875,1,0,1e+08,29154118555394,29154118961053,29154118961113,29154119017277,29154119030169,29154119494188,29154119854804,29154119854856,16,12.9946,4.05659,0.0006,0.56164,0.12892,4.64019,3.60616
876,1,0,1e+08,29154120742195,29154120988683,29154120988727,29154121037451,29154121047171,29154121883634,29154122354096,29154122354136,16,16.1194,2.46488,0.00044,0.48724,0.0972,8.36463,4.70462
877,1,0,1e+08,29154123436840,29154124234629,29154124234725,29154124316124,29154124332128,29154124777214,29154125132086,29154125132126,16,16.9529,7.97789,0.00096,0.81399,0.16004,4.45086,3.54872
878,1,0,1e+08,29154126106927,29154126423713,29154126423765,29154126476385,29154126486973,29154126807657,29154127203089,29154127203129,16,10.962,3.16786,0.00052,0.5262,0.10588,3.20684,3.95432
879,1,0,1e+08,29154128073717,29154128368267,29154128368307,29154128417647,29154128427395,29154128687847,29154128980843,29154128980879,16,9.07162,2.9455,0.0004,0.4934,0.09748,2.60452,2.92996
880,1,0,1e+08,29154130036886,29154130804553,29154130804743,29154130889749,29154130905497,29154131393157,29154131774413,29154131774445,16,17.3756,7.67667,0.0019,0.85006,0.15748,4.8766,3.81256
881,1,0,1e+08,29154132927566,29154133215538,29154133215582,29154133265122,29154133274930,29154133564479,29154134029560,29154134029600,16,11.0203,2.87972,0.00044,0.4954,0.09808,2.89549,4.65081
882,1,0,1e+08,29154134987211,29154136023142,29154136023198,29154136081694,29154136093314,29154136464206,29154136796590,29154136796622,16,18.0941,10.3593,0.00056,0.58496,0.1162,3.70892,3.32384
883,1,0,1e+08,29154137736381,29154138002717,29154138002745,29154138050773,29154138060401,29154138302497,29154138632153,29154138632193,16,8.95812,2.66336,0.00028,0.48028,0.09628,2.42096,3.29656
884,1,0,1e+08,29154139587234,29154140254641,29154140254826,29154140410489,29154140437815,29154140951124,29154141371094,29154141371130,16,17.839,6.67407,0.00185,1.55663,0.27326,5.13309,4.1997
885,1,0,1e+08,29154142698509,29154143540643,29154143540735,29154143617644,29154143633064,29154144075695,29154144437027,29154144437067,16,17.3856,8.42134,0.00092,0.76909,0.1542,4.42631,3.61332
886,1,0,1e+08,29154145428847,29154145704155,29154145704191,29154145752635,29154145762367,29154146083418,29154146983890,29154146983938,16,15.5509,2.75308,0.00036,0.48444,0.09732,3.21051,9.00472
887,1,0,1e+08,29154148204608,29154148421892,29154148421928,29154148474140,29154148485220,29154148778644,29154149200258,29154149200302,16,9.95694,2.17284,0.00036,0.52212,0.1108,2.93424,4.21614
888,1,0,1e+08,29154150120767,29154150605194,29154150605389,29154150761046,29154150792211,29154151463242,29154151882790,29154151882826,16,17.6206,4.84427,0.00195,1.55657,0.31165,6.71031,4.19548
889,1,0,1e+08,29154153674212,29154154117320,29154154117372,29154154181936,29154154194020,29154154478828,29154154749260,29154154749292,16,10.7508,4.43108,0.00052,0.64564,0.12084,2.84808,2.70432
890,1,0,1e+08,29154155727240,29154156539566,29154156539761,29154156656792,29154156672728,29154157140973,29154157505833,29154157505865,16,17.7862,8.12326,0.00195,1.17031,0.15936,4.68245,3.6486
891,1,0,1e+08,29154158500857,29154159515095,29154159515159,29154159579791,29154159592999,29154159964224,29154160283788,29154160283824,16,17.8297,10.1424,0.00064,0.64632,0.13208,3.71225,3.19564
892,1,0,1e+08,29154161235914,29154161516346,29154161516386,29154161572262,29154161582690,29154161896150,29154162224130,29154162224162,16,9.88248,2.80432,0.0004,0.55876,0.10428,3.1346,3.2798
893,1,0,1e+08,29154163125880,29154163422690,29154163422890,29154163578251,29154163609664,29154164401004,29154164841284,29154164841328,16,17.1545,2.9681,0.002,1.55361,0.31413,7.9134,4.4028
894,1,0,1e+08,29154165949611,29154166719422,29154166719526,29154166799126,29154166814882,29154167265789,29154167631245,29154167631273,16,16.8166,7.69811,0.00104,0.796,0.15756,4.50907,3.65456
895,1,0,1e+08,29154168894379,29154169736650,29154169736742,29154169817086,29154169830378,29154170240264,29154170578964,29154170579000,16,16.8462,8.42271,0.00092,0.80344,0.13292,4.09886,3.387
896,1,0,1e+08,29154171789874,29154172035978,29154172036018,29154172083414,29154172092586,29154172380746,29154172716138,29154172716166,16,9.26292,2.46104,0.0004,0.47396,0.09172,2.8816,3.35392
897,1,0,1e+08,29154173743992,29154174362859,29154174363049,29154174518377,29154174548687,29154175082953,29154175470681,29154175470721,16,17.2673,6.18867,0.0019,1.55328,0.3031,5.34266,3.87728
898,1,0,1e+08,29154176531683,29154177323025,29154177323133,29154177410317,29154177427189,29154177917314,29154178290994,29154178291026,16,17.5934,7.91342,0.00108,0.87184,0.16872,4.90125,3.7368
899,1,0,1e+08,29154179408475,29154180461224,29154180461288,29154180523253,29154180535877,29154180922529,29154181242725,29154181242761,16,18.3429,10.5275,0.00064,0.61965,0.12624,3.86652,3.20196
900,1,0,1e+08,29154183219839,29154183620499,29154183620543,29154183693503,29154183708863,29154183955547,29154184208279,29154184208303,16,9.88464,4.0066,0.00044,0.7296,0.1536,2.46684,2.52732
901,1,0,1e+08,29154186115995,29154186446359,29154186446399,29154186508963,29154186522411,29154186752243,29154186996359,29154186996391,16,8.80396,3.30364,0.0004,0.62564,0.13448,2.29832,2.44116
902,1,0,1e+08,29154187969109,29154188890502,29154188890566,29154188955582,29154188968798,29154189346875,29154189674615,29154189674647,16,17.0554,9.21393,0.00064,0.65016,0.13216,3.78077,3.2774
903,1,0,1e+08,29154190796046,29154191122795,29154191122843,29154191177075,29154191187691,29154191621976,29154191940332,29154191940372,16,11.4433,3.26749,0.00048,0.54232,0.10616,4.34285,3.18356
904,1,0,1e+08,29154192923902,29154193235967,29154193236007,29154193285283,29154193295171,29154193557847,29154193892543,29154193892583,16,9.68681,3.12065,0.0004,0.49276,0.09888,2.62676,3.34696
905,1,0,1e+08,29154194881786,29154195553597,29154195553787,29154195709607,29154195731491,29154196217070,29154196604226,29154196604270,16,17.2248,6.71811,0.0019,1.5582,0.21884,4.85579,3.87156
906,1,0,1e+08,29154197790326,29154198897450,29154198897602,29154198964140,29154198976964,29154199323569,29154199627477,29154199627505,16,18.3718,11.0712,0.00152,0.66538,0.12824,3.46605,3.03908
907,1,0,1e+08,29154200633174,29154200955030,29154200955086,29154201009734,29154201020790,29154201414378,29154201703166,29154201703198,16,10.7002,3.21856,0.00056,0.54648,0.11056,3.93588,2.88788
908,1,0,1e+08,29154202589053,29154203357550,29154203357650,29154203436996,29154203452724,29154203888549,29154204247837,29154204247869,16,16.5882,7.68497,0.001,0.79346,0.15728,4.35825,3.59288
909,1,0,1e+08,29154205355174,29154205639050,29154205639094,29154205689214,29154205699126,29154205961574,29154206263022,29154206263058,16,9.07884,2.83876,0.00044,0.5012,0.09912,2.62448,3.01448
910,1,0,1e+08,29154207185403,29154207395895,29154207395927,29154207443563,29154207453055,29154207682146,29154208584797,29154208584845,16,13.9944,2.10492,0.00032,0.47636,0.09492,2.29091,9.02651
911,1,0,1e+08,29154209979086,29154210594146,29154210594341,29154210749293,29154210780323,29154211298330,29154211682086,29154211682126,16,17.0304,6.1506,0.00195,1.54952,0.3103,5.18007,3.83756
912,1,0,1e+08,29154212748793,29154213539446,29154213539702,29154213616982,29154213633322,29154214119220,29154214499044,29154214499076,16,17.5028,7.90653,0.00256,0.7728,0.1634,4.85898,3.79824
913,1,0,1e+08,29154215707892,29154216713114,29154216713178,29154216781786,29154216795562,29154217187389,29154217512977,29154217513017,16,18.0512,10.0522,0.00064,0.68608,0.13776,3.91827,3.25588
914,1,0,1e+08,29154218695548,29154219487247,29154219487727,29154219586041,29154219602637,29154220060005,29154220426849,29154220426877,16,17.3133,7.91699,0.0048,0.98314,0.16596,4.57368,3.66844
915,1,0,1e+08,29154221516210,29154222091391,29154222091591,29154222243849,29154222273989,29154222859176,29154223249204,29154223249248,16,17.3304,5.75181,0.002,1.52258,0.3014,5.85187,3.90028
916,1,0,1e+08,29154224322043,29154225218241,29154225218337,29154225298905,29154225315208,29154225766560,29154226125064,29154226125092,16,18.0305,8.96198,0.00096,0.80568,0.16303,4.51352,3.58504
917,1,0,1e+08,29154227144191,29154227456035,29154227456087,29154227508951,29154227519479,29154227834843,29154228236031,29154228236091,16,10.919,3.11844,0.00052,0.52864,0.10528,3.15364,4.01188
918,1,0,1e+08,29154229099970,29154229844609,29154229844809,29154229960445,29154229976021,29154230444952,29154230818368,29154230818400,16,17.1843,7.44639,0.002,1.15636,0.15576,4.68931,3.73416
919,1,0,1e+08,29154231855892,29154232123242,29154232123290,29154232173014,29154232182902,29154232455262,29154232772234,29154232772274,16,9.16382,2.6735,0.00048,0.49724,0.09888,2.7236,3.16972
920,1,0,1e+08,29154233683546,29154233890706,29154233890746,29154233939714,29154233949478,29154234213930,29154234513442,29154234513470,16,8.29924,2.0716,0.0004,0.48968,0.09764,2.64452,2.99512
921,1,0,1e+08,29154235470079,29154235752176,29154235752212,29154235802092,29154235811912,29154236146385,29154236427245,29154236427277,16,9.57198,2.82097,0.00036,0.4988,0.0982,3.34473,2.8086
922,1,0,1e+08,29154237589839,29154239977417,29154239977645,29154240061296,29154240078024,29154240502720,29154240849664,29154240849696,16,32.5986,23.8758,0.00228,0.83651,0.16728,4.24696,3.46944
923,1,0,1e+08,29154242024443,29154242904136,29154242904228,29154242986168,29154243002808,29154243425986,29154243771930,29154243771970,16,17.4753,8.79693,0.00092,0.8194,0.1664,4.23178,3.45944
924,1,0,1e+08,29154244884089,29154245199221,29154245199269,29154245251737,29154245263989,29154245593609,29154245910385,29154245910413,16,10.2632,3.15132,0.00048,0.52468,0.12252,3.2962,3.16776
925,1,0,1e+08,29154246934440,29154247204448,29154247204492,29154247259692,29154247271136,29154247678883,29154248519144,29154248519204,16,15.8476,2.70008,0.00044,0.552,0.11444,4.07747,8.40261
926,1,0,1e+08,29154249714910,29154249939006,29154249939042,29154250001958,29154250014030,29154250847900,29154251379313,29154251379357,16,16.6445,2.24096,0.00036,0.62916,0.12072,8.3387,5.31413
927,1,0,1e+08,29154252518865,29154253043141,29154253043341,29154253196744,29154253227326,29154253844180,29154254240692,29154254240732,16,17.2187,5.24276,0.002,1.53403,0.30582,6.16854,3.96512
928,1,0,1e+08,29154255314279,29154256001383,29154256001583,29154256143003,29154256158919,29154256634430,29154257003366,29154257003402,16,16.8912,6.87104,0.002,1.4142,0.15916,4.75511,3.68936
929,1,0,1e+08,29154258064354,29154258822192,29154258822300,29154258901600,29154258917332,29154259370512,29154259730952,29154259730988,16,16.6663,7.57838,0.00108,0.793,0.15732,4.5318,3.6044
930,1,0,1e+08,29154260992068,29154261233192,29154261233240,29154261283220,29154261293912,29154261638096,29154261957736,29154261957764,16,9.65696,2.41124,0.00048,0.4998,0.10692,3.44184,3.1964
931,1,0,1e+08,29154262936773,29154263415292,29154263415492,29154263568262,29154263598467,29154264236422,29154264636290,29154264636330,16,16.9956,4.78519,0.002,1.5277,0.30205,6.37955,3.99868
932,1,0,1e+08,29154265679540,29154266550337,29154266550429,29154266629660,29154266645744,29154267091184,29154267449844,29154267449876,16,17.7034,8.70797,0.00092,0.79231,0.16084,4.4544,3.5866
933,1,0,1e+08,29154268682276,29154269664352,29154269664416,29154269721948,29154269733460,29154270119048,29154270448000,29154270448036,16,17.6576,9.82076,0.00064,0.57532,0.11512,3.85588,3.28952
934,1,0,1e+08,29154271604583,29154272374202,29154272374397,29154272481521,29154272497061,29154272993334,29154273387602,29154273387634,16,17.8305,7.69619,0.00195,1.07124,0.1554,4.96273,3.94268
935,1,0,1e+08,29154274472162,29154275238204,29154275238300,29154275315520,29154275330800,29154275816240,29154276194680,29154276194720,16,17.2256,7.66042,0.00096,0.7722,0.1528,4.8544,3.7844
936,1,0,1e+08,29154277254205,29154277580722,29154277580770,29154277632022,29154277642042,29154277985158,29154278319326,29154278319358,16,10.6515,3.26517,0.00048,0.51252,0.1002,3.43116,3.34168
937,1,0,1e+08,29154279181551,29154279428328,29154279428364,29154279486388,29154279496984,29154279731612,29154280036620,29154280036660,16,8.55109,2.46777,0.00036,0.58024,0.10596,2.34628,3.05008
938,1,0,1e+08,29154281250605,29154281506647,29154281506675,29154281553927,29154281563787,29154281790875,29154282072495,29154282072523,16,8.21918,2.56042,0.00028,0.47252,0.0986,2.27088,2.8162
939,1,0,1e+08,29154283134272,29154283687843,29154283688038,29154283842819,29154283873259,29154284496874,29154284909275,29154284909319,16,17.7505,5.53571,0.00195,1.54781,0.3044,6.23615,4.12401
940,1,0,1e+08,29154286022872,29154286831370,29154286831462,29154286910186,29154286926586,29154287417781,29154287806873,29154287806909,16,17.8404,8.08498,0.00092,0.78724,0.164,4.91195,3.89092
941,1,0,1e+08,29154288908235,29154289963436,29154289963500,29154290038820,29154290053044,29154290437872,29154290758952,29154290758988,16,18.5075,10.552,0.00064,0.7532,0.14224,3.84828,3.2108
942,1,0,1e+08,29154291694604,29154292689818,29154292689882,29154292755119,29154292768587,29154293149525,29154293465201,29154293465233,16,17.7063,9.95214,0.00064,0.65237,0.13468,3.80938,3.15676
943,1,0,1e+08,29154294446827,29154295236511,29154295236701,29154295359869,29154295375705,29154295846408,29154296227352,29154296227392,16,17.8056,7.89684,0.0019,1.23168,0.15836,4.70703,3.80944
944,1,0,1e+08,29154297401477,29154297628434,29154297628470,29154297676710,29154297685942,29154297899062,29154298196890,29154298196914,16,7.95437,2.26957,0.00036,0.4824,0.09232,2.1312,2.97828
945,1,0,1e+08,29154299217382,29154299500456,29154299500492,29154299547872,29154299557480,29154299771212,29154300012192,29154300012224,16,7.94842,2.83074,0.00036,0.4738,0.09608,2.13732,2.4098
946,1,0,1e+08,29154301042523,29154301927454,29154301927546,29154302005006,29154302018692,29154302428392,29154302778676,29154302778708,16,17.3619,8.84931,0.00092,0.7746,0.13686,4.097,3.50284
947,1,0,1e+08,29154303797002,29154304519218,29154304519408,29154304655401,29154304670893,29154305177524,29154305569180,29154305569224,16,17.7222,7.22216,0.0019,1.35993,0.15492,5.06631,3.91656
948,1,0,1e+08,29154306645619,29154307027269,29154307027333,29154307086329,29154307099909,29154307728177,29154308329471,29154308329511,16,16.8389,3.8165,0.00064,0.58996,0.1358,6.28268,6.01294
949,1,0,1e+08,29154309365802,29154310291655,29154310291747,29154310375006,29154310391510,29154310815584,29154311161180,29154311161220,16,17.9542,9.25853,0.00092,0.83259,0.16504,4.24074,3.45596
950,1,0,1e+08,29154312423053,29154313472542,29154313472634,29154313545124,29154313556008,29154313888644,29154314173212,29154314173296,16,17.5024,10.4949,0.00092,0.7249,0.10884,3.32636,2.84568
951,1,0,1e+08,29154315077314,29154316017876,29154316018108,29154316099372,29154316115956,29154316568420,29154316935652,29154316935692,16,18.5838,9.40562,0.00232,0.81264,0.16584,4.52464,3.67232
952,1,0,1e+08,29154318198045,29154319198493,29154319198557,29154319265145,29154319279457,29154319653749,29154319963713,29154319963741,16,17.657,10.0045,0.00064,0.66588,0.14312,3.74292,3.09964
953,1,0,1e+08,29154321301793,29154322327627,29154322327691,29154322390804,29154322403904,29154322771577,29154323079961,29154323079997,16,17.782,10.2583,0.00064,0.63113,0.131,3.67673,3.08384
954,1,0,1e+08,29154324116359,29154324431535,29154324431579,29154324491587,29154324502619,29154324802815,29154325119555,29154325119583,16,10.0322,3.15176,0.00044,0.60008,0.11032,3.00196,3.1674
955,1,0,1e+08,29154326032111,29154326408513,29154326408569,29154326458917,29154326468889,29154326716013,29154327021281,29154327021321,16,9.8921,3.76402,0.00056,0.50348,0.09972,2.47124,3.05268
956,1,0,1e+08,29154327959353,29154328267301,29154328267341,29154328315993,29154328326045,29154328581729,29154328857317,29154328857345,16,8.97992,3.07948,0.0004,0.48652,0.10052,2.55684,2.75588
957,1,0,1e+08,29154329931297,29154330721732,29154330721840,29154330815280,29154330832948,29154331275272,29154331634784,29154331634824,16,17.0353,7.90435,0.00108,0.9344,0.17668,4.42324,3.59512
958,1,0,1e+08,29154332664197,29154333042837,29154333042889,29154333102801,29154333114937,29154333418133,29154333795189,29154333795221,16,11.3102,3.7864,0.00052,0.59912,0.12136,3.03196,3.77056
959,1,0,1e+08,29154334690467,29154335290650,29154335290850,29154335443264,29154335473669,29154335991756,29154336375500,29154336375544,16,16.8508,6.00183,0.002,1.52414,0.30405,5.18087,3.83744
960,1,0,1e+08,29154337640017,29154338015145,29154338015209,29154338082553,29154338096357,29154338501548,29154338884045,29154338884077,16,12.4406,3.75128,0.00064,0.67344,0.13804,4.05191,3.82497
961,1,0,1e+08,29154339803587,29154340105803,29154340105851,29154340179388,29154340194672,29154340564548,29154340845416,29154340845452,16,10.4186,3.02216,0.00048,0.73537,0.15284,3.69876,2.80868
962,1,0,1e+08,29154341819891,29154342832636,29154342832700,29154342890800,29154342902388,29154343272916,29154343590768,29154343590800,16,17.7091,10.1274,0.00064,0.581,0.11588,3.70528,3.17852
963,1,0,1e+08,29154344643109,29154345541153,29154345541249,29154345619404,29154345634892,29154346120465,29154346508233,29154346508273,16,18.6516,8.98044,0.00096,0.78155,0.15488,4.85573,3.87768
964,1,0,1e+08,29154347596147,29154347925311,29154347925363,29154347980263,29154347991031,29154348290591,29154348610143,29154348610175,16,10.1403,3.29164,0.00052,0.549,0.10768,2.9956,3.19552
965,1,0,1e+08,29154349512501,29154349767685,29154349767725,29154349815657,29154349825445,29154350073821,29154350353001,29154350353037,16,8.40536,2.55184,0.0004,0.47932,0.09788,2.48376,2.7918
966,1,0,1e+08,29154351332116,29154352162474,29154352162924,29154352279373,29154352296677,29154352754938,29154353121082,29154353121114,16,17.89,8.30358,0.0045,1.16449,0.17304,4.58261,3.66144
967,1,0,1e+08,29154354192702,29154354508980,29154354509024,29154354560820,29154354570884,29154354865292,29154355152248,29154355152284,16,9.59582,3.16278,0.00044,0.51796,0.10064,2.94408,2.86956
968,1,0,1e+08,29154356161010,29154356562406,29154356562530,29154356628966,29154356641450,29154356919638,29154357200286,29154357200314,16,10.393,4.01396,0.00124,0.66436,0.12484,2.78188,2.80648
969,1,0,1e+08,29154358171213,29154358454475,29154358454519,29154358504207,29154358514187,29154358779911,29154359150775,29154359150811,16,9.79598,2.83262,0.00044,0.49688,0.0998,2.65724,3.70864
970,1,0,1e+08,29154360124491,29154361031840,29154361031936,29154361109331,29154361122424,29154361531440,29154361877724,29154361877756,16,17.5327,9.07349,0.00096,0.77395,0.13093,4.09016,3.46284
971,1,0,1e+08,29154362863066,29154363761361,29154363761441,29154363822593,29154363835533,29154364058009,29154364332061,29154364332093,16,14.6903,8.98295,0.0008,0.61152,0.1294,2.22476,2.74052
972,1,0,1e+08,29154365260407,29154366163103,29154366163195,29154366239852,29154366254132,29154366660760,29154366999208,29154366999240,16,17.3883,9.02696,0.00092,0.76657,0.1428,4.06628,3.38448
973,1,0,1e+08,29154368197748,29154368513740,29154368513812,29154368585313,29154368603437,29154369060294,29154369370366,29154369370402,16,11.7265,3.15992,0.00072,0.71501,0.18124,4.56857,3.10072
974,1,0,1e+08,29154370336627,29154370603333,29154370603365,29154370653125,29154370664309,29154370912629,29154371228821,29154371228849,16,8.92222,2.66706,0.00032,0.4976,0.11184,2.4832,3.16192
975,1,0,1e+08,29154372144097,29154372374661,29154372374697,29154372422865,29154372432573,29154372661713,29154372923869,29154372923901,16,7.79804,2.30564,0.00036,0.48168,0.09708,2.2914,2.62156
976,1,0,1e+08,29154373863787,29154374118231,29154374118263,29154374165847,29154374175563,29154374408731,29154374674267,29154374674295,16,8.10508,2.54444,0.00032,0.47584,0.09716,2.33168,2.65536
977,1,0,1e+08,29154375634082,29154376268738,29154376268834,29154376336190,29154376348610,29154376592578,29154376864166,29154376864198,16,12.3012,6.34656,0.00096,0.67356,0.1242,2.43968,2.71588
978,1,0,1e+08,29154377731081,29154378009822,29154378009850,29154378057166,29154378066798,29154378281962,29154378651290,29154378651330,16,9.20249,2.78741,0.00028,0.47316,0.09632,2.15164,3.69328
979,1,0,1e+08,29154379525457,29154381504936,29154381505164,29154381570848,29154381583424,29154381985337,29154382318769,29154382318805,16,27.9335,19.7948,0.00228,0.65684,0.12576,4.01913,3.33432
980,1,0,1e+08,29154383494598,29154384569001,29154384569065,29154384625847,29154384637419,29154385024884,29154385365264,29154385365292,16,18.7069,10.744,0.00064,0.56782,0.11572,3.87465,3.4038
981,1,0,1e+08,29154386454094,29154386704054,29154386704094,29154386763234,29154386773318,29154387042386,29154387336630,29154387336666,16,8.82572,2.4996,0.0004,0.5914,0.10084,2.69068,2.94244
982,1,0,1e+08,29154388281735,29154389131390,29154389131650,29154389210450,29154389226162,29154389673617,29154390041193,29154390041221,16,17.5949,8.49655,0.0026,0.788,0.15712,4.47455,3.67576
983,1,0,1e+08,29154391093985,29154391366342,29154391366390,29154391414362,29154391424262,29154391725715,29154392094355,29154392094395,16,10.0041,2.72357,0.00048,0.47972,0.099,3.01453,3.6864
984,1,0,1e+08,29154393096380,29154393293868,29154393293904,29154393341596,29154393351272,29154393592868,29154393877340,29154393877372,16,7.80992,1.97488,0.00036,0.47692,0.09676,2.41596,2.84472
985,1,0,1e+08,29154394792866,29154395521416,29154395521528,29154395579240,29154395591292,29154395846176,29154396283660,29154396283845,16,14.9098,7.2855,0.00112,0.57712,0.12052,2.54884,4.37484
986,1,0,1e+08,29154398062618,29154398330460,29154398330500,29154398382400,29154398392308,29154398676400,29154398983928,29154398983964,16,9.21346,2.67842,0.0004,0.519,0.09908,2.84092,3.07528
987,1,0,1e+08,29154400036252,29154400318234,29154400318262,29154400375910,29154400386834,29154400625746,29154400908058,29154400908094,16,8.71842,2.81982,0.00028,0.57648,0.10924,2.38912,2.82312
988,1,0,1e+08,29154401763866,29154401976534,29154401976570,29154402023926,29154402033558,29154402257818,29154402535846,29154402535874,16,7.72008,2.12668,0.00036,0.47356,0.09632,2.2426,2.78028
989,1,0,1e+08,29154403585568,29154403859856,29154403859892,29154403913844,29154403924276,29154404144072,29154404410840,29154404410876,16,8.25308,2.74288,0.00036,0.53952,0.10432,2.19796,2.66768
990,1,0,1e+08,29154405528566,29154407164829,29154407164929,29154407222505,29154407234185,29154407475473,29154407749457,29154407749485,16,22.2092,16.3626,0.001,0.57576,0.1168,2.41288,2.73984
991,1,0,1e+08,29154408799726,29154409171933,29154409172021,29154409248712,29154409263284,29154409673417,29154410052109,29154410052153,16,12.5243,3.72207,0.00088,0.76691,0.14572,4.10133,3.78692
992,1,0,1e+08,29154410951451,29154411712185,29154411712375,29154411809008,29154411825368,29154412317601,29154412709133,29154412709169,16,17.5772,7.60734,0.0019,0.96633,0.1636,4.92233,3.91532
993,1,0,1e+08,29154413962584,29154414840811,29154414840899,29154414920367,29154414936123,29154415337322,29154415653014,29154415653050,16,16.9047,8.78227,0.00088,0.79468,0.15756,4.01199,3.15692
994,1,0,1e+08,29154416897848,29154417175340,29154417175392,29154417224360,29154417234204,29154417467236,29154417708648,29154417708676,16,8.10828,2.77492,0.00052,0.48968,0.09844,2.33032,2.41412
995,1,0,1e+08,29154418728501,29154420254281,29154420254385,29154420310265,29154420321593,29154420577789,29154420839937,29154420839973,16,21.1147,15.2578,0.00104,0.5588,0.11328,2.56196,2.62148
996,1,0,1e+08,29154421760208,29154422348756,29154422348956,29154422504287,29154422535057,29154423084428,29154423471840,29154423471876,16,17.1167,5.88548,0.002,1.55331,0.3077,5.49371,3.87412
997,1,0,1e+08,29154424489435,29154425298261,29154425298357,29154425379166,29154425395386,29154425824108,29154426179708,29154426179748,16,16.9031,8.08826,0.00096,0.80809,0.1622,4.28722,3.556
998,1,0,1e+08,29154427201015,29154427494205,29154427494249,29154427554053,29154427565753,29154427886065,29154428229690,29154428229722,16,10.2871,2.9319,0.00044,0.59804,0.117,3.20312,3.43625
999,1,0,1e+08,29154429121634,29154429634954,29154429635154,29154429787448,29154429817799,29154430446076,29154430846736,29154430846776,16,17.2514,5.1332,0.002,1.52294,0.30351,6.28277,4.0066
1000,1,0,1e+08,29154431882632,29154432194170,29154432194214,29154432249766,29154432261278,29154432558854,29154432895662,29154432895694,16,10.1306,3.11538,0.00044,0.55552,0.11512,2.97576,3.36808
1001,1,0,1e+08,29154433777402,29154434027550,29154434027590,29154434075846,29154434085562,29154434360759,29154435281792,29154435281852,16,15.0445,2.50148,0.0004,0.48256,0.09716,2.75197,9.21033
1002,1,0,1e+08,29154436582574,29154436819499,29154436819535,29154436868631,29154436878415,29154437143059,29154437494031,29154437494067,16,9.11493,2.36925,0.00036,0.49096,0.09784,2.64644,3.50972
1003,1,0,1e+08,29154438449444,29154438709073,29154438709105,29154438756897,29154438766677,29154438997869,29154439287677,29154439287713,16,8.38269,2.59629,0.00032,0.47792,0.0978,2.31192,2.89808
1004,1,0,1e+08,29154440309310,29154440562167,29154440562203,29154440610163,29154440620383,29154440882507,29154441161939,29154441161967,16,8.52657,2.52857,0.00036,0.4796,0.1022,2.62124,2.79432
1005,1,0,1e+08,29154442141624,29154442762947,29154442763039,29154442819751,29154442830319,29154443080759,29154443352447,29154443352479,16,12.1085,6.21323,0.00092,0.56712,0.10568,2.5044,2.71688
1006,1,0,1e+08,29154444389374,29154444770693,29154444770893,29154444923016,29154444953421,29154445626600,29154446034729,29154446034765,16,16.4539,3.81319,0.002,1.52123,0.30405,6.73179,4.08129
1007,1,0,1e+08,29154447046550,29154447952531,29154447952623,29154448029898,29154448041946,29154448451236,29154448793632,29154448793668,16,17.4712,9.05981,0.00092,0.77275,0.12048,4.0929,3.42396
1008,1,0,1e+08,29154449809679,29154450118487,29154450118523,29154450178075,29154450190535,29154450525479,29154450864423,29154450864455,16,10.5478,3.08808,0.00036,0.59552,0.1246,3.34944,3.38944
1009,1,0,1e+08,29154451743019,29154452489417,29154452489607,29154452592700,29154452609132,29154453069576,29154453435784,29154453435824,16,16.928,7.46398,0.0019,1.03093,0.16432,4.60444,3.66208
1010,1,0,1e+08,29154454499754,29154454782358,29154454782402,29154454833490,29154454844586,29154455668560,29154456158070,29154456158110,16,16.5836,2.82604,0.00044,0.51088,0.11096,8.23974,4.8951
1011,1,0,1e+08,29154457244901,29154457536511,29154457536559,29154457597479,29154457609603,29154457929155,29154458259307,29154458259343,16,10.1444,2.9161,0.00048,0.6092,0.12124,3.19552,3.30152
1012,1,0,1e+08,29154459136543,29154459413633,29154459413669,29154459462397,29154459472165,29154459711229,29154459999857,29154459999885,16,8.63342,2.7709,0.00036,0.48728,0.09768,2.39064,2.88628
1013,1,0,1e+08,29154460935545,29154461212369,29154461212405,29154461259985,29154461269593,29154461485361,29154461755669,29154461755701,16,8.20156,2.76824,0.00036,0.4758,0.09608,2.15768,2.70308
1014,1,0,1e+08,29154462705478,29154464997343,29154464997808,29154465145569,29154465161681,29154465636532,29154466011524,29154466011556,16,33.0608,22.9186,0.00465,1.47761,0.16112,4.74851,3.74992
1015,1,0,1e+08,29154467268832,29154467595321,29154467595385,29154467652803,29154467664663,29154468079295,29154468465767,29154468465807,16,11.9697,3.26489,0.00064,0.57418,0.1186,4.14632,3.86472
1016,1,0,1e+08,29154469446405,29154469715126,29154469715158,29154469763242,29154469772854,29154469995494,29154470265258,29154470265286,16,8.18881,2.68721,0.00032,0.48084,0.09612,2.2264,2.69764
1017,1,0,1e+08,29154471211595,29154471603195,29154471603263,29154471657751,29154471668471,29154471914103,29154472255799,29154472255843,16,10.4425,3.916,0.00068,0.54488,0.1072,2.45632,3.41696
1018,1,0,1e+08,29154473134780,29154473463651,29154473463856,29154473618673,29154473649698,29154474390642,29154474808956,29154474808992,16,16.7421,3.28871,0.00205,1.54817,0.31025,7.40944,4.18314
1019,1,0,1e+08,29154476025595,29154476842842,29154476842938,29154476920840,29154476936772,29154477420696,29154477794728,29154477794772,16,17.6918,8.17247,0.00096,0.77902,0.15932,4.83924,3.74032
1020,1,0,1e+08,29154478933719,29154479290635,29154479290695,29154479350443,29154479361675,29154479705863,29154480006219,29154480006247,16,10.7253,3.56916,0.0006,0.59748,0.11232,3.44188,3.00356
1021,1,0,1e+08,29154481142244,29154481967799,29154481967895,29154482047831,29154482063763,29154482538930,29154482912454,29154482912498,16,17.7025,8.25555,0.00096,0.79936,0.15932,4.75167,3.73524
1022,1,0,1e+08,29154483982634,29154484278690,29154484278730,29154484332550,29154484344354,29154484601706,29154484891622,29154484891654,16,9.0902,2.96056,0.0004,0.5382,0.11804,2.57352,2.89916
1023,1,0,1e+08,29154485799447,29154486524276,29154486524466,29154486660131,29154486676027,29154487148660,29154487519456,29154487519500,16,17.2005,7.24829,0.0019,1.35665,0.15896,4.72633,3.70796
1024,1,0,1e+08,29154488546879,29154489014626,29154489014816,29154489169945,29154489200265,29154489842641,29154490244641,29154490244673,16,16.9779,4.67747,0.0019,1.55129,0.3032,6.42376,4.02
1025,1,0,1e+08,29154491320142,29154492061862,29154492062062,29154492179206,29154492196462,29154492656673,29154493023225,29154493023265,16,17.0312,7.4172,0.002,1.17144,0.17256,4.60211,3.66552
1026,1,0,1e+08,29154494206043,29154494487275,29154494487311,29154494536667,29154494546607,29154494813571,29154495103027,29154495103055,16,8.97012,2.81232,0.00036,0.49356,0.0994,2.66964,2.89456
1027,1,0,1e+08,29154496139834,29154496473072,29154496473192,29154496531296,29154496543448,29154496855928,29154497199356,29154497199392,16,10.5956,3.33238,0.0012,0.58104,0.12152,3.1248,3.43428
1028,1,0,1e+08,29154498122085,29154498541775,29154498541975,29154498694036,29154498724521,29154499419579,29154499828528,29154499828564,16,17.0648,4.1969,0.002,1.52061,0.30485,6.95058,4.08949
1029,1,0,1e+08,29154500966656,29154501723643,29154501723833,29154501809648,29154501825810,29154502274524,29154502634672,29154502634712,16,16.6806,7.56987,0.0019,0.85815,0.16162,4.48714,3.60148
1030,1,0,1e+08,29154503706268,29154503930400,29154503930440,29154503986492,29154503997848,29154504266864,29154504560052,29154504560080,16,8.53812,2.24132,0.0004,0.56052,0.11356,2.69016,2.93188
1031,1,0,1e+08,29154505527711,29154505826578,29154505826614,29154505876266,29154505885898,29154506152970,29154506480094,29154506480138,16,9.52427,2.98867,0.00036,0.49652,0.09632,2.67072,3.27124
1032,1,0,1e+08,29154507447891,29154508065717,29154508065907,29154508219886,29154508242821,29154508726425,29154509102341,29154509102373,16,16.5448,6.17826,0.0019,1.53979,0.22935,4.83604,3.75916
1033,1,0,1e+08,29154510366680,29154511655793,29154511656029,29154511735938,29154511752474,29154512191045,29154512548729,29154512548769,16,21.8209,12.8911,0.00236,0.79909,0.16536,4.38571,3.57684
1034,1,0,1e+08,29154513748279,29154514198055,29154514198255,29154514353169,29154514384144,29154515031149,29154515440113,29154515440145,16,16.9187,4.49776,0.002,1.54914,0.30975,6.47005,4.08964
1035,1,0,1e+08,29154516744626,29154517889576,29154517889668,29154517964246,29154517977222,29154518384614,29154518732550,29154518732586,16,19.8796,11.4495,0.00092,0.74578,0.12976,4.07392,3.47936
1036,1,0,1e+08,29154520149833,29154520882012,29154520882076,29154520940744,29154520952548,29154521308592,29154521619212,29154521619240,16,14.6941,7.32179,0.00064,0.58668,0.11804,3.56044,3.1062
1037,1,0,1e+08,29154522899686,29154523930612,29154523930676,29154523988804,29154524000364,29154524373097,29154524693013,29154524693049,16,17.9336,10.3093,0.00064,0.58128,0.1156,3.72733,3.19916
1038,1,0,1e+08,29154525923887,29154526552117,29154526552292,29154526655549,29154526668417,29154526956069,29154527235093,29154527235117,16,13.1123,6.2823,0.00175,1.03257,0.12868,2.87652,2.79024
1039,1,0,1e+08,29154528351181,29154529198726,29154529198818,29154529269930,29154529282702,29154529687406,29154530023650,29154530023686,16,16.7251,8.47545,0.00092,0.71112,0.12772,4.04704,3.36244
1040,1,0,1e+08,29154531003381,29154532065904,29154532065968,29154532130188,29154532143244,29154532530592,29154532849024,29154532849052,16,18.4567,10.6252,0.00064,0.6422,0.13056,3.87348,3.18432
1041,1,0,1e+08,29154533827048,29154534433311,29154534433501,29154534605060,29154534633396,29154535155472,29154535554504,29154535554548,16,17.275,6.06263,0.0019,1.71559,0.28336,5.22076,3.99032
1042,1,0,1e+08,29154536585894,29154537359500,29154537359600,29154537438010,29154537454290,29154537894321,29154538253253,29154538253285,16,16.6739,7.73606,0.001,0.7841,0.1628,4.40031,3.58932
1043,1,0,1e+08,29154539509663,29154539939729,29154539939821,29154540019369,29154540035563,29154540494120,29154541104004,29154541104064,16,15.944,4.30066,0.00092,0.79548,0.16194,4.58557,6.09884
1044,1,0,1e+08,29154542146605,29154542436997,29154542437041,29154542487809,29154542497897,29154542780669,29154543141533,29154543141565,16,9.9496,2.90392,0.00044,0.50768,0.10088,2.82772,3.60864
1045,1,0,1e+08,29154544254973,29154545082138,29154545082333,29154545185090,29154545200198,29154545662375,29154546033631,29154546033671,16,17.787,8.27165,0.00195,1.02757,0.15108,4.62177,3.71256
1046,1,0,1e+08,29154547235380,29154547635350,29154547635402,29154547697562,29154547710494,29154548067946,29154548409714,29154548409746,16,11.7437,3.9997,0.00052,0.6216,0.12932,3.57452,3.41768
1047,1,0,1e+08,29154549482030,29154549888600,29154549888660,29154549942628,29154549953260,29154550302768,29154550633500,29154550633540,16,11.5151,4.0657,0.0006,0.53968,0.10632,3.49508,3.30732
1048,1,0,1e+08,29154551763106,29154552547223,29154552547319,29154552626942,29154552644954,29154553091384,29154553449476,29154553449508,16,16.864,7.84117,0.00096,0.79623,0.18012,4.4643,3.58092
1049,1,0,1e+08,29154554481305,29154555375109,29154555375205,29154555454490,29154555470182,29154555904201,29154556255565,29154556255601,16,17.743,8.93804,0.00096,0.79285,0.15692,4.34019,3.51364
1050,1,0,1e+08,29154557523048,29154558542366,29154558542541,29154558661197,29154558677401,29154559638169,29154560090726,29154560090762,16,25.6771,10.1932,0.00175,1.18656,0.16204,9.60768,4.52557
1051,1,0,1e+08,29154561399548,29154561850271,29154561850359,29154561930767,29154561946862,29154563031358,29154563533369,29154563533421,16,21.3387,4.50723,0.00088,0.80408,0.16095,10.845,5.02011
1052,1,0,1e+08,29154564839674,29154565647876,29154565648066,29154565771286,29154565787442,29154566258314,29154566624818,29154566624850,16,17.8518,8.08202,0.0019,1.2322,0.16156,4.70872,3.66504
1053,1,0,1e+08,29154568002768,29154568343439,29154568343609,29154568462369,29154568478857,29154568860763,29154569159571,29154569159607,16,11.5684,3.40671,0.0017,1.1876,0.16488,3.81906,2.98808
1054,1,0,1e+08,29154570127962,29154570687180,29154570687380,29154570842455,29154570873890,29154571400324,29154571789272,29154571789304,16,16.6134,5.59218,0.002,1.55075,0.31435,5.26434,3.88948
1055,1,0,1e+08,29154572777815,29154573359131,29154573359326,29154573513387,29154573544429,29154574093242,29154574479602,29154574479642,16,17.0183,5.81316,0.00195,1.54061,0.31042,5.48813,3.8636
1056,1,0,1e+08,29154575536090,29154576316810,29154576317010,29154576407280,29154576423336,29154576875901,29154577234533,29154577234565,16,16.9847,7.8072,0.002,0.9027,0.16056,4.52565,3.58632
1057,1,0,1e+08,29154578205494,29154579281860,29154579282028,29154579346002,29154579358278,29154579743102,29154580067238,29154580067274,16,18.6178,10.7637,0.00168,0.63974,0.12276,3.84824,3.24136
1058,1,0,1e+08,29154581063787,29154581286251,29154581286287,29154581334319,29154581344119,29154581628339,29154581982575,29154581982607,16,9.1882,2.22464,0.00036,0.48032,0.098,2.8422,3.54236
1059,1,0,1e+08,29154582971946,29154583223090,29154583223122,29154583270322,29154583279834,29154583501378,29154583777902,29154583777934,16,8.05988,2.51144,0.00032,0.472,0.09512,2.21544,2.76524
1060,1,0,1e+08,29154584778723,29154585484246,29154585484436,29154585637976,29154585659253,29154586168864,29154586561748,29154586561780,16,17.8306,7.05523,0.0019,1.5354,0.21277,5.09611,3.92884
1061,1,0,1e+08,29154587717140,29154587986053,29154587986093,29154588039565,29154588049837,29154588324425,29154588623081,29154588623117,16,9.05977,2.68913,0.0004,0.53472,0.10272,2.74588,2.98656
1062,1,0,1e+08,29154589552010,29154589823627,29154589823667,29154589872319,29154589882075,29154590122187,29154590492692,29154590492724,16,9.40714,2.71617,0.0004,0.48652,0.09756,2.40112,3.70505
1063,1,0,1e+08,29154591407214,29154593537738,29154593537842,29154593597542,29154593610190,29154593875130,29154594174090,29154594174126,16,27.6691,21.3052,0.00104,0.597,0.12648,2.6494,2.9896
1064,1,0,1e+08,29154595045451,29154595310448,29154595310480,29154595358272,29154595367768,29154595567904,29154595827364,29154595827392,16,7.81941,2.64997,0.00032,0.47792,0.09496,2.00136,2.5946
1065,1,0,1e+08,29154596851072,29154597114894,29154597114926,29154597161878,29154597171402,29154597378378,29154597632462,29154597632494,16,7.81422,2.63822,0.00032,0.46952,0.09524,2.06976,2.54084
1066,1,0,1e+08,29154598675934,29154598958162,29154598958250,29154599012414,29154599023550,29154599247714,29154599539806,29154599539834,16,8.639,2.82228,0.00088,0.54164,0.11136,2.24164,2.92092
1067,1,0,1e+08,29154600395670,29154600619283,29154600619307,29154600666175,29154600675543,29154600878811,29154601133699,29154601133731,16,7.38061,2.23613,0.00024,0.46868,0.09368,2.03268,2.54888
1068,1,0,1e+08,29154602105838,29154603551588,29154603551692,29154603607484,29154603619264,29154603883580,29154604186948,29154604186984,16,20.8115,14.4575,0.00104,0.55792,0.1178,2.64316,3.03368
1069,1,0,1e+08,29154605093652,29154605344542,29154605344586,29154605393514,29154605403202,29154605651194,29154605945858,29154605945890,16,8.52238,2.5089,0.00044,0.48928,0.09688,2.47992,2.94664
1070,1,0,1e+08,29154606846865,29154607224885,29154607224941,29154607281793,29154607292197,29154607586785,29154608069783,29154608069831,16,12.2297,3.7802,0.00056,0.56852,0.10404,2.94588,4.82998
1071,1,0,1e+08,29154609060039,29154610703464,29154610703929,29154610857441,29154610887881,29154611571331,29154611995764,29154611995812,16,29.3577,16.4343,0.00465,1.53512,0.3044,6.8345,4.24433
1072,1,0,1e+08,29154613024153,29154613669777,29154613669952,29154613820270,29154613850275,29154614622072,29154615056373,29154615056401,16,20.3225,6.45624,0.00175,1.50318,0.30005,7.71797,4.34301
1073,1,0,1e+08,29154616040398,29154616806493,29154616806683,29154616899102,29154616914858,29154617372645,29154617741641,29154617741681,16,17.0128,7.66095,0.0019,0.92419,0.15756,4.57787,3.68996
1074,1,0,1e+08,29154618975921,29154619340580,29154619340624,29154619399552,29154619411924,29154619716140,29154620035420,29154620035452,16,10.5953,3.64659,0.00044,0.58928,0.12372,3.04216,3.1928
1075,1,0,1e+08,29154621182059,29154621989814,29154621990344,29154622096317,29154622113105,29154622572028,29154622939980,29154622940020,16,17.5796,8.07755,0.0053,1.05973,0.16788,4.58923,3.67952
1076,1,0,1e+08,29154623920787,29154624270695,29154624270759,29154624352326,29154624382241,29154625103627,29154625536351,29154625536387,16,16.156,3.49908,0.00064,0.81567,0.29915,7.21386,4.32724
1077,1,0,1e+08,29154626617024,29154626964206,29154626964266,29154627017878,29154627028394,29154627339906,29154627717170,29154627717218,16,11.0019,3.47182,0.0006,0.53612,0.10516,3.11512,3.77264
1078,1,0,1e+08,29154628698684,29154629063174,29154629063226,29154629117002,29154629127634,29154629377650,29154629663706,29154629663734,16,9.6505,3.6449,0.00052,0.53776,0.10632,2.50016,2.86056
1079,1,0,1e+08,29154630830164,29154631662813,29154631662909,29154631741424,29154631757168,29154632198177,29154632556897,29154632556937,16,17.2677,8.32649,0.00096,0.78515,0.15744,4.41009,3.5872
1080,1,0,1e+08,29154633745043,29154634929339,29154634929509,29154635079490,29154635109245,29154635659392,29154636002076,29154636002176,16,22.5713,11.843,0.0017,1.49981,0.29755,5.50147,3.42684
1081,1,0,1e+08,29154637123013,29154637399559,29154637399603,29154637447083,29154637456687,29154637764147,29154638083839,29154638083875,16,9.60862,2.76546,0.00044,0.4748,0.09604,3.0746,3.19692
1082,1,0,1e+08,29154639254504,29154639596437,29154639596493,29154639659213,29154639670601,29154639978817,29154640287653,29154640287681,16,10.3318,3.41933,0.00056,0.6272,0.11388,3.08216,3.08836
1083,1,0,1e+08,29154641467793,29154642302925,29154642303017,29154642370800,29154642382844,29154642789101,29154643130261,29154643130297,16,16.625,8.35132,0.00092,0.67783,0.12044,4.06257,3.4116
1084,1,0,1e+08,29154644374823,29154644872246,29154644872334,29154644949053,29154644962201,29154645356129,29154645740177,29154645740205,16,13.6538,4.97423,0.00088,0.76719,0.13148,3.93928,3.84048
1085,1,0,1e+08,29154646755976,29154647700992,29154647701060,29154647785956,29154647803580,29154648185350,29154648522034,29154648522070,16,17.6609,9.45016,0.00068,0.84896,0.17624,3.8177,3.36684
1086,1,0,1e+08,29154649454338,29154649768235,29154649768279,29154649819031,29154649829159,29154650086815,29154650388515,29154650388551,16,9.34213,3.13897,0.00044,0.50752,0.10128,2.57656,3.017
1087,1,0,1e+08,29154651384390,29154651754622,29154651754662,29154651803002,29154651813126,29154652057770,29154652352070,29154652352110,16,9.6772,3.70232,0.0004,0.4834,0.10124,2.44644,2.943
1088,1,0,1e+08,29154653412011,29154653713939,29154653714003,29154653776923,29154653789467,29154654198144,29154654515312,29154654515340,16,11.0333,3.01928,0.00064,0.6292,0.12544,4.08677,3.17168
1089,1,0,1e+08,29154655487358,29154655826558,29154655826602,29154655884170,29154655895666,29154656146810,29154656431566,29154656431598,16,9.4424,3.392,0.00044,0.57568,0.11496,2.51144,2.84756
1090,1,0,1e+08,29154657318711,29154658222805,29154658222897,29154658309753,29154658326157,29154658746085,29154659090865,29154659090897,16,17.7219,9.04094,0.00092,0.86856,0.16404,4.19928,3.4478
1091,1,0,1e+08,29154660063481,29154660321993,29154660322025,29154660366929,29154660376301,29154660624589,29154660949657,29154660949697,16,8.86216,2.58512,0.00032,0.44904,0.09372,2.48288,3.25068
1092,1,0,1e+08,29154661854932,29154662114877,29154662114905,29154662162297,29154662171897,29154662385181,29154662637229,29154662637253,16,7.82321,2.59945,0.00028,0.47392,0.096,2.13284,2.52048
1093,1,0,1e+08,29154663535545,29154665742689,29154665742961,29154665824372,29154665841060,29154666325864,29154666702316,29154666702360,16,31.6682,22.0714,0.00272,0.81411,0.16688,4.84804,3.76452
1094,1,0,1e+08,29154667960191,29154668308299,29154668308355,29154668368983,29154668379543,29154668677463,29154668939415,29154668939443,16,9.79252,3.48108,0.00056,0.60628,0.1056,2.9792,2.61952
1095,1,0,1e+08,29154669869042,29154670124526,29154670124558,29154670171886,29154670181462,29154670393010,29154670670770,29154670670806,16,8.01764,2.55484,0.00032,0.47328,0.09576,2.11548,2.7776
1096,1,0,1e+08,29154671587207,29154673177004,29154673177200,29154673240964,29154673252261,29154673637905,29154673962141,29154673962169,16,23.7496,15.898,0.00196,0.63764,0.11297,3.85644,3.24236
1097,1,0,1e+08,29154675113730,29154675379504,29154675379544,29154675433748,29154675443832,29154675699740,29154675997828,29154675997864,16,8.84134,2.65774,0.0004,0.54204,0.10084,2.55908,2.98088
1098,1,0,1e+08,29154677039029,29154677800913,29154677801103,29154677899802,29154677915606,29154678370150,29154678734114,29154678734146,16,16.9512,7.61884,0.0019,0.98699,0.15804,4.54544,3.63964
1099,1,0,1e+08,29154679803261,29154680046337,29154680046369,29154680107585,29154680118217,29154680555828,29154681355070,29154681355130,16,15.5187,2.43076,0.00032,0.61216,0.10632,4.37611,7.99242
1100,1,0,1e+08,29154682631981,29154683096090,29154683096290,29154683250872,29154683282087,29154683970311,29154684399468,29154684399500,16,17.6752,4.64109,0.002,1.54582,0.31215,6.88224,4.29157
1101,1,0,1e+08,29154685525020,29154685760224,29154685760264,29154685808332,29154685818044,29154686056784,29154686332108,29154686332140,16,8.0712,2.35204,0.0004,0.48068,0.09712,2.3874,2.75324
1102,1,0,1e+08,29154687261630,29154687494106,29154687494142,29154687550178,29154687561570,29154687862590,29154688150898,29154688150926,16,8.89296,2.32476,0.00036,0.56036,0.11392,3.0102,2.88308
1103,1,0,1e+08,29154689140936,29154689725658,29154689725746,29154689782178,29154689794182,29154690032638,29154690333010,29154690333046,16,11.9211,5.84722,0.00088,0.56432,0.12004,2.38456,3.00372
1104,1,0,1e+08,29154691317470,29154691572414,29154691572450,29154691621486,29154691630930,29154691839446,29154692117142,29154692117170,16,7.997,2.54944,0.00036,0.49036,0.09444,2.08516,2.77696
1105,1,0,1e+08,29154693188302,29154693475686,29154693475726,29154693529006,29154693539930,29154693791814,29154694037482,29154694037514,16,8.49212,2.87384,0.0004,0.5328,0.10924,2.51884,2.45668
1106,1,0,1e+08,29154695098279,29154695347536,29154695347572,29154695396496,29154695406956,29154695650056,29154695923412,29154695923440,16,8.25161,2.49257,0.00036,0.48924,0.1046,2.431,2.73356
1107,1,0,1e+08,29154696979901,29154698165121,29154698165357,29154698247898,29154698263930,29154698699332,29154699066428,29154699066468,16,20.8657,11.8522,0.00236,0.82541,0.16032,4.35402,3.67096
1108,1,0,1e+08,29154700046759,29154700324196,29154700324228,29154700377232,29154700387156,29154700629736,29154700963280,29154700963312,16,9.16553,2.77437,0.00032,0.53004,0.09924,2.4258,3.33544
1109,1,0,1e+08,29154702169217,29154702509718,29154702509754,29154702561506,29154702571878,29154702806226,29154703086770,29154703086802,16,9.17585,3.40501,0.00036,0.51752,0.10372,2.34348,2.80544
1110,1,0,1e+08,29154704230471,29154705055544,29154705055640,29154705137120,29154705153172,29154705636271,29154706010519,29154706010555,16,17.8008,8.25073,0.00096,0.8148,0.16052,4.83099,3.74248
1111,1,0,1e+08,29154707314915,29154707616475,29154707616599,29154707671131,29154707682523,29154708029411,29154708416919,29154708416959,16,11.0204,3.0156,0.00124,0.54532,0.11392,3.46888,3.87508
1112,1,0,1e+08,29154709524941,29154710524254,29154710524318,29154710590494,29154710603134,29154710975832,29154711287568,29154711287596,16,17.6266,9.99313,0.00064,0.66176,0.1264,3.72698,3.11736
1113,1,0,1e+08,29154712306718,29154712668652,29154712668744,29154712747021,29154712762617,29154713241091,29154713576291,29154713576331,16,12.6961,3.61934,0.00092,0.78277,0.15596,4.78474,3.352
1114,1,0,1e+08,29154714600481,29154715320926,29154715321126,29154715409465,29154715425245,29154715878110,29154716243310,29154716243342,16,16.4286,7.20445,0.002,0.88339,0.1578,4.52865,3.652
