frame,ready,disjoint,freq,begin_ts,blt_ts,range_ts,charts_ts,gauge_ts,map_ts,hud_ts,end_ts,read_latency,span_ms,vp_ms,range_ms,charts_ms,gauge_ms,map_ms,hud_ms
0,1,0,1e+08,29142233281265,29142235658392,29142235658628,29142235893684,29142235924740,29142236170796,29142236465256,29142236465300,16,31.8404,23.7713,0.00236,2.35056,0.31056,2.46056,2.9446
1,1,0,1e+08,29142238765784,29142239970961,29142239971181,29142240051575,29142240067227,29142240645602,29142240903634,29142240903666,16,21.3788,12.0518,0.0022,0.80394,0.15652,5.78375,2.58032
2,1,0,1e+08,29142242120667,29142243633554,29142243633706,29142243695486,29142243709354,29142244001354,29142244364601,29142244364625,16,22.4396,15.1289,0.00152,0.6178,0.13868,2.92,3.63247
3,1,0,1e+08,29142245359511,29142247490338,29142247490450,29142247556582,29142247572514,29142247885398,29142248189362,29142248189402,16,28.2989,21.3083,0.00112,0.66132,0.15932,3.12884,3.03964
4,1,0,1e+08,29142249320788,29142252122736,29142252122980,29142252208316,29142252238652,29142252657489,29142252997849,29142252997885,16,36.771,28.0195,0.00244,0.85336,0.30336,4.18837,3.4036
5,1,0,1e+08,29142254326317,29142255897800,29142255898280,29142256054613,29142256098657,29142256583350,29142256946682,29142256946722,16,26.204,15.7148,0.0048,1.56333,0.44044,4.84693,3.63332
6,1,0,1e+08,29142258257368,29142259947883,29142259948039,29142260064119,29142260078411,29142260374283,29142260662763,29142260662787,16,24.0542,16.9051,0.00156,1.1608,0.14292,2.95872,2.8848
7,1,0,1e+08,29142261686531,29142264543821,29142264544121,29142264629345,29142264663070,29142265108728,29142265487748,29142265487792,16,38.0126,28.5729,0.003,0.85224,0.33725,4.45658,3.7902
8,1,0,1e+08,29142266753909,29142267067381,29142267067449,29142267126393,29142267138658,29142267465310,29142267729470,29142267729502,16,9.75593,3.13472,0.00068,0.58944,0.12265,3.26652,2.6416
9,1,0,1e+08,29142268795046,29142269631141,29142269631269,29142269711249,29142269722481,29142269989557,29142270321441,29142270321489,16,15.2644,8.36095,0.00128,0.7998,0.11232,2.67076,3.31884
10,1,0,1e+08,29142271458754,29142272876401,29142272876505,29142272960369,29142272974537,29142273250597,29142273526033,29142273526057,16,20.673,14.1765,0.00104,0.83864,0.14168,2.7606,2.75436
11,1,0,1e+08,29142274464000,29142274753198,29142274753242,29142274811582,29142274826414,29142275130523,29142275433371,29142275433411,16,9.69411,2.89198,0.00044,0.5834,0.14832,3.04109,3.02848
12,1,0,1e+08,29142276408439,29142277189133,29142277189323,29142277300375,29142277343027,29142277835142,29142278225790,29142278225826,16,18.1739,7.80694,0.0019,1.11052,0.42652,4.92115,3.90648
13,1,0,1e+08,29142279316903,29142279952500,29142279952695,29142280112349,29142280154983,29142280643719,29142281025039,29142281025083,16,17.0818,6.35597,0.00195,1.59654,0.42634,4.88736,3.8132
14,1,0,1e+08,29142282082665,29142282717637,29142282717832,29142282877143,29142282935633,29142283470788,29142283846008,29142283846040,16,17.6337,6.34972,0.00195,1.59311,0.5849,5.35155,3.7522
15,1,0,1e+08,29142284988152,29142285779131,29142285779227,29142285867893,29142285898613,29142286364575,29142286710663,29142286710703,16,17.2255,7.90979,0.00096,0.88666,0.3072,4.65962,3.46088
16,1,0,1e+08,29142287762086,29142288149741,29142288149936,29142288309402,29142288393672,29142289053515,29142289454647,29142289454683,16,16.926,3.87655,0.00195,1.59466,0.8427,6.59843,4.01132
17,1,0,1e+08,29142290487606,29142291357434,29142291357526,29142291473952,29142291498784,29142291899486,29142292240274,29142292240310,16,17.527,8.69828,0.00092,1.16426,0.24832,4.00702,3.40788
18,1,0,1e+08,29142293299824,29142293549452,29142293549500,29142293601056,29142293615976,29142294248145,29142294921556,29142294921604,16,16.2178,2.49628,0.00048,0.51556,0.1492,6.32169,6.73411
19,1,0,1e+08,29142296189501,29142296468985,29142296469037,29142296524449,29142296539121,29142296832477,29142297154097,29142297154141,16,9.6464,2.79484,0.00052,0.55412,0.14672,2.93356,3.2162
20,1,0,1e+08,29142298090344,29142300126282,29142300126514,29142300194072,29142300208384,29142300492484,29142300778472,29142300778500,16,26.8816,20.3594,0.00232,0.67558,0.14312,2.841,2.85988
21,1,0,1e+08,29142301735744,29142302041436,29142302041480,29142302093716,29142302113188,29142302391596,29142302729852,29142302729892,16,9.94148,3.05692,0.00044,0.52236,0.19472,2.78408,3.38256
22,1,0,1e+08,29142303788473,29142304080599,29142304080635,29142304130563,29142304147223,29142304406751,29142304707475,29142304707511,16,9.19038,2.92126,0.00036,0.49928,0.1666,2.59528,3.00724
23,1,0,1e+08,29142305836810,29142306127838,29142306127882,29142306188154,29142306202206,29142306524175,29142306811087,29142306811123,16,9.74313,2.91028,0.00044,0.60272,0.14052,3.21969,2.86912
24,1,0,1e+08,29142307970482,29142308750335,29142308750443,29142308831663,29142308864422,29142309344811,29142309692787,29142309692819,16,17.2234,7.79853,0.00108,0.8122,0.32759,4.80389,3.47976
25,1,0,1e+08,29142310873116,29142311178840,29142311178892,29142311233820,29142311247708,29142311554504,29142311885968,29142311886024,16,10.1291,3.05724,0.00052,0.54928,0.13888,3.06796,3.31464
26,1,0,1e+08,29142312947052,29142313500397,29142313500592,29142313660990,29142313738260,29142314333675,29142314752092,29142314752124,16,18.0507,5.53345,0.00195,1.60398,0.7727,5.95415,4.18417
27,1,0,1e+08,29142315966595,29142316845990,29142316846094,29142316927768,29142316991236,29142317472029,29142317850209,29142317850245,16,18.8365,8.79395,0.00104,0.81674,0.63468,4.80793,3.7818
28,1,0,1e+08,29142319019601,29142319334994,29142319335154,29142319389455,29142319404311,29142319708691,29142320026387,29142320026415,16,10.0681,3.15393,0.0016,0.54301,0.14856,3.0438,3.17696
29,1,0,1e+08,29142321059629,29142321337119,29142321337159,29142321388239,29142321402987,29142321652175,29142321935883,29142321935919,16,8.7629,2.7749,0.0004,0.5108,0.14748,2.49188,2.83708
30,1,0,1e+08,29142323109758,29142324187485,29142324187549,29142324330125,29142324344246,29142324714954,29142325043210,29142325043238,16,19.3348,10.7773,0.00064,1.42576,0.14121,3.70708,3.28256
31,1,0,1e+08,29142326175511,29142327083255,29142327083347,29142327162808,29142327180556,29142327623404,29142327991660,29142327991696,16,18.1619,9.07744,0.00092,0.79461,0.17748,4.42848,3.68256
32,1,0,1e+08,29142329053989,29142329340733,29142329340785,29142329395177,29142329410049,29142329941466,29142330688660,29142330688708,16,16.3472,2.86744,0.00052,0.54392,0.14872,5.31417,7.47194
33,1,0,1e+08,29142331803416,29142332851623,29142332851683,29142332959839,29142332976611,29142333349447,29142333652543,29142333652575,16,18.4916,10.4821,0.0006,1.08156,0.16772,3.72836,3.03096
34,1,0,1e+08,29142334831260,29142336117225,29142336117395,29142336354279,29142336367855,29142336742688,29142336982920,29142336982944,16,21.5168,12.8597,0.0017,2.36884,0.13576,3.74833,2.40232
35,1,0,1e+08,29142337880450,29142338149571,29142338149607,29142338199607,29142338210851,29142338460663,29142338842056,29142338842092,16,9.61642,2.69121,0.00036,0.5,0.11244,2.49812,3.81393
36,1,0,1e+08,29142339774929,29142340558132,29142340558236,29142340740292,29142340758824,29142341203523,29142341570463,29142341570495,16,17.9557,7.83203,0.00104,1.82056,0.18532,4.44699,3.6694
37,1,0,1e+08,29142342698797,29142343488231,29142343488426,29142343600337,29142343642249,29142344140312,29142344498812,29142344498848,16,18.0005,7.89434,0.00195,1.11911,0.41912,4.98063,3.585
38,1,0,1e+08,29142345580740,29142345847866,29142345847906,29142345899210,29142345911718,29142346170934,29142346478802,29142346478834,16,8.98094,2.67126,0.0004,0.51304,0.12508,2.59216,3.07868
39,1,0,1e+08,29142347409709,29142348036728,29142348036923,29142348173861,29142348215557,29142348701145,29142349070097,29142349070137,16,16.6043,6.27019,0.00195,1.36938,0.41696,4.85588,3.68952
40,1,0,1e+08,29142350150794,29142350940909,29142350941099,29142351094858,29142351113534,29142351544327,29142351900787,29142351900819,16,17.5002,7.90115,0.0019,1.53759,0.18676,4.30793,3.5646
41,1,0,1e+08,29142352971753,29142353539494,29142353539684,29142353700711,29142353778231,29142354392715,29142354762439,29142354762479,16,17.9073,5.67741,0.0019,1.61027,0.7752,6.14484,3.69724
42,1,0,1e+08,29142355842494,29142356074950,29142356074986,29142356124690,29142356135530,29142356373954,29142356653266,29142356653290,16,8.10796,2.32456,0.00036,0.49704,0.1084,2.38424,2.79312
43,1,0,1e+08,29142357633213,29142357888157,29142357888193,29142357937033,29142357951825,29142358203217,29142358497697,29142358497737,16,8.64524,2.54944,0.00036,0.4884,0.14792,2.51392,2.9448
44,1,0,1e+08,29142359689237,29142360500197,29142360500293,29142360583961,29142360608173,29142361091639,29142361440703,29142361440731,16,17.5149,8.1096,0.00096,0.83668,0.24212,4.83466,3.49064
45,1,0,1e+08,29142362759581,29142363108926,29142363108990,29142363169046,29142363184122,29142363738729,29142364661885,29142364661949,16,19.0237,3.49345,0.00064,0.60056,0.15076,5.54607,9.23156
46,1,0,1e+08,29142365988656,29142366732844,29142366733044,29142366839956,29142366874728,29142367329927,29142367678011,29142367678039,16,16.8938,7.44188,0.002,1.06912,0.34772,4.55199,3.48084
47,1,0,1e+08,29142368831265,29142369168685,29142369168745,29142369224641,29142369239713,29142369569693,29142369895269,29142369895309,16,10.6404,3.3742,0.0006,0.55896,0.15072,3.2998,3.25576
48,1,0,1e+08,29142371040423,29142371837336,29142371837526,29142371975202,29142372015834,29142372444220,29142372791416,29142372791448,16,17.5103,7.96913,0.0019,1.37676,0.40632,4.28386,3.47196
49,1,0,1e+08,29142373908947,29142374288979,29142374289035,29142374341123,29142374354311,29142374709159,29142375147709,29142375147745,16,12.388,3.80032,0.00056,0.52088,0.13188,3.54848,4.3855
50,1,0,1e+08,29142376040791,29142377030528,29142377030592,29142377098877,29142377122837,29142377498373,29142377821441,29142377821469,16,17.8068,9.89737,0.00064,0.68285,0.2396,3.75536,3.23068
51,1,0,1e+08,29142378864947,29142379621679,29142379621869,29142379770732,29142379814276,29142380325383,29142380707023,29142380707067,16,18.4212,7.56732,0.0019,1.48863,0.43544,5.11107,3.8164
52,1,0,1e+08,29142381806515,29142382567203,29142382567295,29142382649555,29142382691607,29142383168250,29142383542830,29142383542858,16,17.3634,7.60688,0.00092,0.8226,0.42052,4.76643,3.7458
53,1,0,1e+08,29142384639116,29142385466753,29142385466981,29142385550860,29142385584228,29142386027953,29142386377101,29142386377137,16,17.3802,8.27637,0.00228,0.83879,0.33368,4.43725,3.49148
54,1,0,1e+08,29142387499415,29142387782691,29142387782727,29142387839167,29142387854855,29142388176803,29142388497523,29142388497555,16,9.9814,2.83276,0.00036,0.5644,0.15688,3.21948,3.2072
55,1,0,1e+08,29142389420502,29142390141392,29142390141587,29142390277788,29142390319640,29142390901288,29142391253840,29142391253876,16,18.3337,7.2089,0.00195,1.36201,0.41852,5.81648,3.52552
56,1,0,1e+08,29142392280507,29142392744794,29142392744984,29142392905020,29142392963903,29142393768258,29142394161766,29142394161802,16,18.8129,4.64287,0.0019,1.60036,0.58883,8.04355,3.93508
57,1,0,1e+08,29142395283131,29142395546031,29142395546071,29142395595903,29142395610163,29142395909475,29142396231551,29142396231591,16,9.4846,2.629,0.0004,0.49832,0.1426,2.99312,3.22076
58,1,0,1e+08,29142397217335,29142397460093,29142397460133,29142397515153,29142397529297,29142397798717,29142398095277,29142398095305,16,8.7797,2.42758,0.0004,0.5502,0.14144,2.6942,2.9656
59,1,0,1e+08,29142399138648,29142399402732,29142399402776,29142399455176,29142399467424,29142399729380,29142400030004,29142400030044,16,8.91396,2.64084,0.00044,0.524,0.12248,2.61956,3.00624
60,1,0,1e+08,29142401107742,29142402295619,29142402295851,29142402380665,29142402414485,29142402841488,29142403192272,29142403192304,16,20.8456,11.8788,0.00232,0.84814,0.3382,4.27003,3.50784
61,1,0,1e+08,29142404214876,29142404940190,29142404940380,29142405131842,29142405150226,29142405600881,29142405973153,29142405973189,16,17.5831,7.25314,0.0019,1.91462,0.18384,4.50655,3.72272
62,1,0,1e+08,29142407025173,29142407285395,29142407285435,29142407341203,29142407355967,29142408260115,29142408763313,29142408763353,16,17.3818,2.60222,0.0004,0.55768,0.14764,9.04148,5.03198
63,1,0,1e+08,29142409931447,29142410424510,29142410424700,29142410586018,29142410663343,29142411215569,29142411607913,29142411607953,16,16.7651,4.93063,0.0019,1.61318,0.77325,5.52226,3.92344
64,1,0,1e+08,29142412631863,29142412908096,29142412908144,29142412964264,29142412991984,29142413384913,29142413774961,29142413775001,16,11.4314,2.76233,0.00048,0.5612,0.2772,3.92929,3.90048
65,1,0,1e+08,29142414824430,29142415074158,29142415074194,29142415126486,29142415143382,29142415382906,29142415706722,29142415706762,16,8.82332,2.49728,0.00036,0.52292,0.16896,2.39524,3.23816
66,1,0,1e+08,29142416645010,29142416933534,29142416933566,29142416983818,29142416998566,29142417231386,29142417526182,29142417526214,16,8.81204,2.88524,0.00032,0.50252,0.14748,2.3282,2.94796
67,1,0,1e+08,29142418495334,29142418868247,29142418868359,29142418932231,29142418945595,29142419153083,29142419443183,29142419443219,16,9.47885,3.72913,0.00112,0.63872,0.13364,2.07488,2.901
68,1,0,1e+08,29142420374583,29142420878437,29142420878627,29142421039748,29142421116753,29142421697762,29142422096998,29142422097030,16,17.2245,5.03854,0.0019,1.61121,0.77005,5.81009,3.99236
69,1,0,1e+08,29142423131059,29142423408788,29142423408832,29142423460716,29142423480444,29142423791104,29142424126696,29142424126736,16,9.95677,2.77729,0.00044,0.51884,0.19728,3.1066,3.35592
70,1,0,1e+08,29142425113483,29142425463482,29142425463682,29142425635123,29142425714429,29142426489762,29142426890378,29142426890414,16,17.7693,3.49999,0.002,1.71441,0.79306,7.75333,4.00616
71,1,0,1e+08,29142427990978,29142428249434,29142428249478,29142428300794,29142428315678,29142428588506,29142428910290,29142428910330,16,9.19352,2.58456,0.00044,0.51316,0.14884,2.72828,3.21784
72,1,0,1e+08,29142430096449,29142430956326,29142430956422,29142431036872,29142431080998,29142431527185,29142431888089,29142431888117,16,17.9167,8.59877,0.00096,0.8045,0.44126,4.46187,3.60904
73,1,0,1e+08,29142433302702,29142434590558,29142434590728,29142434746428,29142434781458,29142435519596,29142435972377,29142435972413,16,26.6971,12.8786,0.0017,1.557,0.3503,7.38138,4.52781
74,1,0,1e+08,29142436963827,29142437861108,29142437861200,29142437991958,29142438020350,29142438445987,29142438778703,29142438778731,16,18.149,8.97281,0.00092,1.30758,0.28392,4.25637,3.32716
75,1,0,1e+08,29142439776860,29142440519649,29142440519849,29142440615671,29142440635063,29142441097228,29142441463436,29142441463476,16,16.8662,7.42789,0.002,0.95822,0.19392,4.62165,3.66208
76,1,0,1e+08,29142442508215,29142442858059,29142442858111,29142442947483,29142442958959,29142443317591,29142443748939,29142443748975,16,12.4076,3.49844,0.00052,0.89372,0.11476,3.58632,4.31348
77,1,0,1e+08,29142444785349,29142445072857,29142445072905,29142445128449,29142445140365,29142445412357,29142445712409,29142445712445,16,9.27096,2.87508,0.00048,0.55544,0.11916,2.71992,3.00052
78,1,0,1e+08,29142446706562,29142446942314,29142446942350,29142446991038,29142447005254,29142447229922,29142447503618,29142447503646,16,7.97084,2.35752,0.00036,0.48688,0.14216,2.24668,2.73696
79,1,0,1e+08,29142448517833,29142448755007,29142448755039,29142448803311,29142448815235,29142449018503,29142449896914,29142449897002,16,13.7917,2.37174,0.00032,0.48272,0.11924,2.03268,8.78411
80,1,0,1e+08,29142451332891,29142452806020,29142452806120,29142452870116,29142452884700,29142453206420,29142453541320,29142453541352,16,22.0846,14.7313,0.001,0.63996,0.14584,3.2172,3.349
81,1,0,1e+08,29142454542959,29142455227581,29142455227781,29142455368609,29142455409849,29142455890280,29142456259780,29142456259820,16,17.1686,6.84622,0.002,1.40828,0.4124,4.80431,3.695
82,1,0,1e+08,29142457307366,29142458078254,29142458078346,29142458193958,29142458213174,29142458643949,29142459000413,29142459000445,16,16.9308,7.70888,0.00092,1.15612,0.19216,4.30775,3.56464
83,1,0,1e+08,29142460014767,29142460650616,29142460650811,29142460809619,29142460870041,29142461387212,29142461760976,29142461761016,16,17.4625,6.35849,0.00195,1.58808,0.60422,5.17171,3.73764
84,1,0,1e+08,29142462818050,29142463103158,29142463103210,29142463156450,29142463171326,29142463499398,29142463845506,29142463845538,16,10.2749,2.85108,0.00052,0.5324,0.14876,3.28072,3.46108
85,1,0,1e+08,29142464788835,29142465671416,29142465671512,29142465752636,29142465781964,29142466224266,29142466590630,29142466590670,16,18.0183,8.82581,0.00096,0.81124,0.29328,4.42302,3.66364
86,1,0,1e+08,29142467707950,29142467988762,29142467988814,29142468051695,29142468069835,29142468550166,29142468871246,29142468871274,16,11.6332,2.80812,0.00052,0.62881,0.1814,4.80331,3.2108
87,1,0,1e+08,29142469903960,29142470151170,29142470151206,29142470201242,29142470227962,29142470481058,29142470811270,29142470811314,16,9.07354,2.4721,0.00036,0.50036,0.2672,2.53096,3.30212
88,1,0,1e+08,29142471839320,29142472839689,29142472839753,29142472902157,29142472933957,29142473363346,29142473677226,29142473677250,16,18.3793,10.0037,0.00064,0.62404,0.318,4.29389,3.1388
89,1,0,1e+08,29142475125378,29142475871511,29142475871701,29142475990978,29142476039814,29142476535369,29142476889229,29142476889265,16,17.6389,7.46133,0.0019,1.19277,0.48836,4.95555,3.5386
90,1,0,1e+08,29142478132837,29142479047389,29142479047497,29142479140333,29142479175081,29142479621843,29142479970463,29142479970495,16,18.3766,9.14552,0.00108,0.92836,0.34748,4.46762,3.4862
91,1,0,1e+08,29142481209413,29142482175811,29142482175971,29142482250027,29142482269655,29142482659863,29142482960087,29142482960123,16,17.5071,9.66398,0.0016,0.74056,0.19628,3.90208,3.00224
92,1,0,1e+08,29142484143599,29142484845359,29142484845456,29142484932498,29142484953995,29142485303739,29142485567663,29142485567691,16,14.2409,7.0176,0.00097,0.87042,0.21497,3.49744,2.63924
93,1,0,1e+08,29142486638311,29142487266947,29142487267132,29142487424350,29142487477762,29142487993066,29142488363734,29142488363774,16,17.2546,6.28636,0.00185,1.57218,0.53412,5.15304,3.70668
94,1,0,1e+08,29142489574585,29142490461840,29142490461936,29142490545136,29142490580080,29142491022122,29142491352706,29142491352738,16,17.7815,8.87255,0.00096,0.832,0.34944,4.42042,3.30584
95,1,0,1e+08,29142492439796,29142492719612,29142492719664,29142492776656,29142492791548,29142493083748,29142493429052,29142493429096,16,9.893,2.79816,0.00052,0.56992,0.14892,2.922,3.45304
96,1,0,1e+08,29142494429189,29142494749930,29142494749978,29142494803802,29142494817754,29142495145746,29142495998142,29142495998214,16,15.6902,3.20741,0.00048,0.53824,0.13952,3.27992,8.52396
97,1,0,1e+08,29142497390817,29142497714569,29142497714613,29142497765905,29142497785585,29142498130745,29142498484657,29142498484705,16,10.9389,3.23752,0.00044,0.51292,0.1968,3.4516,3.53912
98,1,0,1e+08,29142499404019,29142499734693,29142499734733,29142499786645,29142499800989,29142500073637,29142500370477,29142500370509,16,9.6649,3.30674,0.0004,0.51912,0.14344,2.72648,2.9684
99,1,0,1e+08,29142501444473,29142501879312,29142501879352,29142501930988,29142501945680,29142502837653,29142503307529,29142503307577,16,18.631,4.34839,0.0004,0.51636,0.14692,8.91973,4.69876
100,1,0,1e+08,29142504522697,29142504907288,29142504907348,29142504964168,29142504980476,29142505315140,29142505789451,29142505789479,16,12.6678,3.84591,0.0006,0.5682,0.16308,3.34664,4.74311
101,1,0,1e+08,29142506688874,29142506970030,29142506970074,29142507021582,29142507036282,29142507291710,29142507627950,29142507627982,16,9.39108,2.81156,0.00044,0.51508,0.147,2.55428,3.3624
102,1,0,1e+08,29142508710962,29142509363105,29142509363305,29142509524209,29142509566117,29142510051647,29142510436015,29142510436051,16,17.2509,6.52143,0.002,1.60904,0.41908,4.8553,3.84368
103,1,0,1e+08,29142511469407,29142511784888,29142511784940,29142511840972,29142511857896,29142512483586,29142513215172,29142513215232,16,17.4583,3.15481,0.00052,0.56032,0.16924,6.2569,7.31586
104,1,0,1e+08,29142514429724,29142514717400,29142514717460,29142514778061,29142514793129,29142515225380,29142515699145,29142515699181,16,12.6946,2.87676,0.0006,0.60601,0.15068,4.32251,4.73765
105,1,0,1e+08,29142516653887,29142517537902,29142517538087,29142517662546,29142517681866,29142518127742,29142518488722,29142518488762,16,18.3487,8.84015,0.00185,1.24459,0.1932,4.45876,3.6098
106,1,0,1e+08,29142519528086,29142519790496,29142519790544,29142519844800,29142519859728,29142520208680,29142520559124,29142520559156,16,10.3107,2.6241,0.00048,0.54256,0.14928,3.48952,3.50444
107,1,0,1e+08,29142521505143,29142521760511,29142521760551,29142521814883,29142521829639,29142522136255,29142522509826,29142522509862,16,10.0472,2.55368,0.0004,0.54332,0.14756,3.06616,3.73571
108,1,0,1e+08,29142523445283,29142524452027,29142524452091,29142524547835,29142524567391,29142524926707,29142525254459,29142525254487,16,18.092,10.0674,0.00064,0.95744,0.19556,3.59316,3.27752
109,1,0,1e+08,29142526248007,29142526991990,29142526992190,29142527107882,29142527188954,29142527646147,29142528004843,29142528004883,16,17.5688,7.43983,0.002,1.15692,0.81072,4.57193,3.58696
110,1,0,1e+08,29142529249692,29142530122164,29142530122260,29142530201872,29142530231720,29142530682940,29142531035608,29142531035640,16,17.8595,8.72472,0.00096,0.79612,0.29848,4.5122,3.52668
111,1,0,1e+08,29142532194827,29142532551021,29142532551121,29142532631305,29142532648730,29142533119640,29142533802163,29142533802247,16,16.0742,3.56194,0.001,0.80184,0.17425,4.7091,6.82523
112,1,0,1e+08,29142534837664,29142535640575,29142535640667,29142535721819,29142535746428,29142536179596,29142536522504,29142536522536,16,16.8487,8.02911,0.00092,0.81152,0.24609,4.33168,3.42908
113,1,0,1e+08,29142537587974,29142538312959,29142538313159,29142538465029,29142538508557,29142538981555,29142539359331,29142539359371,16,17.714,7.24985,0.002,1.5187,0.43528,4.72998,3.77776
114,1,0,1e+08,29142540446376,29142540728569,29142540728621,29142540788461,29142540804225,29142541172297,29142541654391,29142541654431,16,12.0806,2.82193,0.00052,0.5984,0.15764,3.68072,4.82094
115,1,0,1e+08,29142542997549,29142543270525,29142543270581,29142543337457,29142543352797,29142543736318,29142544109199,29142544109243,16,11.1169,2.72976,0.00056,0.66876,0.1534,3.83521,3.72881
116,1,0,1e+08,29142545362645,29142546280885,29142546280977,29142546364066,29142546391590,29142546860384,29142547181960,29142547181988,16,18.1934,9.1824,0.00092,0.83089,0.27524,4.68794,3.21576
117,1,0,1e+08,29142548347290,29142548827219,29142548827311,29142548932920,29142548967246,29142549609030,29142549917942,29142549917986,16,15.707,4.79929,0.00092,1.05609,0.34326,6.41784,3.08912
118,1,0,1e+08,29142550955088,29142551755889,29142551756001,29142551837969,29142551862369,29142552316616,29142552681904,29142552681936,16,17.2685,8.00801,0.00112,0.81968,0.244,4.54247,3.65288
119,1,0,1e+08,29142553957990,29142554690651,29142554690851,29142554807141,29142554840502,29142555296218,29142555657994,29142555658034,16,17.0004,7.32661,0.002,1.1629,0.33361,4.55716,3.61776
120,1,0,1e+08,29142556834002,29142557615865,29142557615925,29142557724798,29142557745870,29142558343690,29142558695431,29142558695463,16,18.6146,7.81863,0.0006,1.08873,0.21072,5.9782,3.51741
121,1,0,1e+08,29142560120919,29142560565873,29142560565985,29142560648153,29142560664909,29142560984010,29142561383418,29142561383462,16,12.6254,4.44954,0.00112,0.82168,0.16756,3.19101,3.99408
122,1,0,1e+08,29142563001963,29142563553760,29142563553824,29142563657836,29142563677396,29142564401493,29142565197261,29142565197285,16,21.9532,5.51797,0.00064,1.04012,0.1956,7.24097,7.95768
123,1,0,1e+08,29142566444442,29142566844167,29142566844219,29142566928067,29142566943395,29142567283015,29142567705476,29142567705524,16,12.6108,3.99725,0.00052,0.83848,0.15328,3.3962,4.22461
124,1,0,1e+08,29142568834810,29142569865364,29142569865428,29142569945473,29142569964985,29142570357889,29142570674809,29142570674837,16,18.4003,10.3055,0.00064,0.80045,0.19512,3.92904,3.1692
125,1,0,1e+08,29142571846125,29142572683221,29142572683313,29142572838411,29142572854662,29142573291683,29142573636783,29142573636827,16,17.907,8.37096,0.00092,1.55098,0.16251,4.37021,3.451
126,1,0,1e+08,29142574798457,29142575152140,29142575152204,29142575210876,29142575223848,29142575612124,29142575937848,29142575937880,16,11.3942,3.53683,0.00064,0.58672,0.12972,3.88276,3.25724
127,1,0,1e+08,29142577385804,29142578195940,29142578196032,29142578301859,29142578335199,29142578753421,29142579097625,29142579097665,16,17.1186,8.10136,0.00092,1.05827,0.3334,4.18222,3.44204
128,1,0,1e+08,29142580714930,29142581141198,29142581141262,29142581222806,29142581241446,29142581987247,29142582573405,29142582573449,16,18.5852,4.26268,0.00064,0.81544,0.1864,7.45801,5.86158
129,1,0,1e+08,29142584235153,29142585196720,29142585196890,29142585356202,29142585391392,29142586187373,29142586598442,29142586598490,16,23.6334,9.61567,0.0017,1.59312,0.3519,7.95981,4.11069
130,1,0,1e+08,29142587859446,29142588175195,29142588175227,29142588249843,29142588268459,29142588655068,29142588977752,29142588977776,16,11.1833,3.15749,0.00032,0.74616,0.18616,3.86609,3.22684
131,1,0,1e+08,29142590045068,29142590450691,29142590450751,29142590511395,29142590526275,29142590872052,29142591206204,29142591206236,16,11.6117,4.05623,0.0006,0.60644,0.1488,3.45777,3.34152
132,1,0,1e+08,29142592215882,29142593329223,29142593329383,29142593386243,29142593408367,29142593795664,29142594131692,29142594131720,16,19.1584,11.1334,0.0016,0.5686,0.22124,3.87297,3.36028
133,1,0,1e+08,29142595393481,29142595853674,29142595853722,29142595910734,29142595925814,29142596226934,29142596636550,29142596636590,16,12.4311,4.60193,0.00048,0.57012,0.1508,3.0112,4.09616
134,1,0,1e+08,29142597752138,29142598770319,29142598770383,29142598844459,29142598864035,29142599230399,29142599539519,29142599539547,16,17.8741,10.1818,0.00064,0.74076,0.19576,3.66364,3.0912
135,1,0,1e+08,29142600617293,29142600897477,29142600897533,29142600959217,29142600972937,29142601462274,29142601854138,29142601854186,16,12.3689,2.80184,0.00056,0.61684,0.1372,4.89337,3.91864
136,1,0,1e+08,29142603019408,29142603279296,29142603279336,29142603332140,29142603343476,29142603612016,29142603918876,29142603918904,16,8.99496,2.59888,0.0004,0.52804,0.11336,2.6854,3.0686
137,1,0,1e+08,29142604944637,29142605218747,29142605218791,29142605268935,29142605283931,29142605528283,29142605834987,29142605835027,16,8.9039,2.7411,0.00044,0.50144,0.14996,2.44352,3.06704
138,1,0,1e+08,29142606880723,29142607680769,29142607680865,29142607761053,29142607802901,29142608275708,29142608646868,29142608646900,16,17.6618,8.00046,0.00096,0.80188,0.41848,4.72807,3.7116
139,1,0,1e+08,29142609773215,29142610066931,29142610066975,29142610119715,29142610135339,29142610418663,29142610712427,29142610712463,16,9.39248,2.93716,0.00044,0.5274,0.15624,2.83324,2.93764
140,1,0,1e+08,29142611631566,29142613573616,29142613573720,29142613636872,29142613652352,29142613930008,29142614258684,29142614258712,16,26.2715,19.4205,0.00104,0.63152,0.1548,2.77656,3.28676
141,1,0,1e+08,29142615160312,29142615519950,29142615519998,29142615574746,29142615595074,29142615851634,29142616196206,29142616196250,16,10.3594,3.59638,0.00048,0.54748,0.20328,2.5656,3.44572
142,1,0,1e+08,29142617220455,29142618147100,29142618147184,29142618208712,29142618240032,29142618638608,29142618989428,29142618989456,16,17.69,9.26645,0.00084,0.61528,0.3132,3.98576,3.5082
143,1,0,1e+08,29142620057893,29142620458298,29142620458498,29142620619506,29142620678931,29142621423527,29142621841855,29142621841899,16,17.8401,4.00405,0.002,1.61008,0.59425,7.44596,4.18328
144,1,0,1e+08,29142622949538,29142623768483,29142623768575,29142623853465,29142623883813,29142624418752,29142624766732,29142624766764,16,18.1723,8.18945,0.00092,0.8489,0.30348,5.34939,3.4798
145,1,0,1e+08,29142625793992,29142626124870,29142626124902,29142626174926,29142626193882,29142626511446,29142626856442,29142626856482,16,10.6249,3.30878,0.00032,0.50024,0.18956,3.17564,3.44996
146,1,0,1e+08,29142627834079,29142628089283,29142628089315,29142628144491,29142628163891,29142628399707,29142628782619,29142628782655,16,9.48576,2.55204,0.00032,0.55176,0.194,2.35816,3.82912
147,1,0,1e+08,29142629990174,29142630797326,29142630797418,29142630878746,29142630969776,29142631387504,29142631742780,29142631742820,16,17.5265,8.07152,0.00092,0.81328,0.9103,4.17728,3.55276
148,1,0,1e+08,29142632836156,29142633183662,29142633183726,29142633245058,29142633263137,29142634366760,29142635042416,29142635042464,16,22.0631,3.47506,0.00064,0.61332,0.18079,11.0362,6.75656
149,1,0,1e+08,29142636685867,29142637030572,29142637030632,29142637107044,29142637125180,29142637548972,29142637862280,29142637862312,16,11.7645,3.44705,0.0006,0.76412,0.18136,4.23792,3.13308
150,1,0,1e+08,29142639083041,29142640088387,29142640088455,29142640161779,29142640180427,29142640538951,29142640841355,29142640841383,16,17.5834,10.0535,0.00068,0.73324,0.18648,3.58524,3.02404
151,1,0,1e+08,29142641940221,29142642993730,29142642993794,29142643075323,29142643094635,29142643504227,29142643823895,29142643823931,16,18.8371,10.5351,0.00064,0.81529,0.19312,4.09592,3.19668
152,1,0,1e+08,29142644930586,29142645230270,29142645230334,29142645354317,29142645366681,29142645717069,29142646204045,29142646204093,16,12.7351,2.99684,0.00064,1.23983,0.12364,3.50388,4.86976
153,1,0,1e+08,29142647309862,29142647982486,29142647982681,29142648141654,29142648184888,29142648673957,29142649047101,29142649047145,16,17.3728,6.72624,0.00195,1.58973,0.43234,4.89069,3.73144
154,1,0,1e+08,29142650320837,29142651031358,29142651031553,29142651185217,29142651227381,29142651732339,29142652115076,29142652115112,16,17.9428,7.10521,0.00195,1.53664,0.42164,5.04958,3.82737
155,1,0,1e+08,29142653260082,29142654049849,29142654050044,29142654213164,29142654232536,29142654660414,29142655006954,29142655006994,16,17.4691,7.89767,0.00195,1.6312,0.19372,4.27878,3.4654
156,1,0,1e+08,29142656031552,29142656747246,29142656747436,29142656836781,29142656878465,29142657365535,29142657744787,29142657744819,16,17.1327,7.15694,0.0019,0.89345,0.41684,4.8707,3.79252
157,1,0,1e+08,29142658757679,29142659157576,29142659157636,29142659229016,29142659242092,29142659588385,29142659932773,29142659932813,16,11.7513,3.99897,0.0006,0.7138,0.13076,3.46293,3.44388
158,1,0,1e+08,29142660909706,29142661431014,29142661431209,29142661592020,29142661669209,29142662223919,29142662628132,29142662628164,16,17.1846,5.21308,0.00195,1.60811,0.77189,5.5471,4.04213
159,1,0,1e+08,29142663701659,29142664577158,29142664577250,29142664657110,29142664681182,29142665092860,29142665434076,29142665434116,16,17.3246,8.75499,0.00092,0.7986,0.24072,4.11678,3.41216
160,1,0,1e+08,29142666447530,29142666683934,29142666683966,29142666732678,29142666745122,29142666980478,29142667278046,29142667278074,16,8.30544,2.36404,0.00032,0.48712,0.12444,2.35356,2.97568
161,1,0,1e+08,29142668188697,29142668521066,29142668521098,29142668575442,29142668591706,29142668852138,29142669146078,29142669146114,16,9.57417,3.32369,0.00032,0.54344,0.16264,2.60432,2.9394
162,1,0,1e+08,29142670182774,29142671230750,29142671230810,29142671290931,29142671305839,29142671686103,29142672003827,29142672003859,16,18.2109,10.4798,0.0006,0.60121,0.14908,3.80264,3.17724
163,1,0,1e+08,29142673082989,29142674085220,29142674085280,29142674144596,29142674167369,29142674559861,29142674895541,29142674895577,16,18.1259,10.0223,0.0006,0.59316,0.22773,3.92492,3.3568
164,1,0,1e+08,29142675949315,29142676199184,29142676199224,29142676253752,29142676268576,29142677150532,29142677704116,29142677704160,16,17.5484,2.49869,0.0004,0.54528,0.14824,8.81956,5.53584
165,1,0,1e+08,29142678984999,29142679220387,29142679220431,29142679272543,29142679292835,29142679731306,29142680187840,29142680187884,16,12.0289,2.35388,0.00044,0.52112,0.20292,4.38471,4.56534
166,1,0,1e+08,29142681156468,29142681469144,29142681469196,29142681523776,29142681536392,29142681874456,29142682238032,29142682238068,16,10.816,3.12676,0.00052,0.5458,0.12616,3.38064,3.63576
167,1,0,1e+08,29142683437299,29142683713091,29142683713127,29142683763523,29142683777063,29142684039923,29142684313239,29142684313267,16,8.75968,2.75792,0.00036,0.50396,0.1354,2.6286,2.73316
168,1,0,1e+08,29142685351120,29142685597734,29142685597770,29142685671806,29142685685162,29142685959730,29142686249870,29142686249898,16,8.98778,2.46614,0.00036,0.74036,0.13356,2.74568,2.9014
169,1,0,1e+08,29142687216416,29142688070990,29142688071082,29142688151645,29142688187434,29142688602394,29142688969666,29142688969706,16,17.5329,8.54574,0.00092,0.80563,0.35789,4.1496,3.67272
170,1,0,1e+08,29142690113745,29142690643362,29142690643562,29142690803886,29142690880993,29142691424521,29142691815717,29142691815753,16,17.0201,5.29617,0.002,1.60324,0.77107,5.43528,3.91196
171,1,0,1e+08,29142693078215,29142693677853,29142693678043,29142693838713,29142693898241,29142694499707,29142694897007,29142694897051,16,18.1884,5.99638,0.0019,1.6067,0.59528,6.01466,3.973
172,1,0,1e+08,29142696000566,29142696861890,29142696861982,29142696971293,29142696995945,29142697406198,29142697747286,29142697747318,16,17.4675,8.61324,0.00092,1.09311,0.24652,4.10253,3.41088
173,1,0,1e+08,29142698870503,29142699772016,29142699772080,29142699847804,29142699876460,29142700272871,29142700596755,29142700596787,16,17.2628,9.01513,0.00064,0.75724,0.28656,3.96411,3.23884
174,1,0,1e+08,29142701667401,29142702463192,29142702463300,29142702580048,29142702599580,29142703039104,29142703396008,29142703396040,16,17.2864,7.95791,0.00108,1.16748,0.19532,4.39524,3.56904
175,1,0,1e+08,29142704532652,29142704843160,29142704843220,29142704897928,29142704915668,29142705280604,29142705628268,29142705628308,16,10.9566,3.10508,0.0006,0.54708,0.1774,3.64936,3.47664
176,1,0,1e+08,29142706582656,29142707175274,29142707175474,29142707336033,29142707395187,29142707933056,29142708319264,29142708319296,16,17.3664,5.92618,0.002,1.60559,0.59154,5.37869,3.86208
177,1,0,1e+08,29142709396958,29142710283015,29142710283111,29142710439080,29142710457396,29142710874614,29142711219474,29142711219514,16,18.2256,8.86057,0.00096,1.55969,0.18316,4.17218,3.4486
178,1,0,1e+08,29142712326059,29142713007723,29142713007918,29142713161204,29142713205576,29142713682915,29142714054723,29142714054755,16,17.287,6.81664,0.00195,1.53286,0.44372,4.77339,3.71808
179,1,0,1e+08,29142715263647,29142715503467,29142715503511,29142715560230,29142715578122,29142716022161,29142716355305,29142716355341,16,10.9169,2.3982,0.00044,0.56719,0.17892,4.44039,3.33144
180,1,0,1e+08,29142717735097,29142718011945,29142718011985,29142718078209,29142718099633,29142718491773,29142719356858,29142719356906,16,16.2181,2.76848,0.0004,0.66224,0.21424,3.9214,8.65085
181,1,0,1e+08,29142720707458,29142721241378,29142721241573,29142721402343,29142721461058,29142722017126,29142722400082,29142722400122,16,16.9266,5.3392,0.00195,1.6077,0.58715,5.56068,3.82956
182,1,0,1e+08,29142723458011,29142723992115,29142723992315,29142724150469,29142724230139,29142724845260,29142725259549,29142725259585,16,18.0157,5.34104,0.002,1.58154,0.7967,6.15121,4.14289
183,1,0,1e+08,29142726408248,29142726667280,29142726667332,29142726719800,29142726731176,29142727015564,29142727324312,29142727324348,16,9.161,2.59032,0.00052,0.52468,0.11376,2.84388,3.08748
184,1,0,1e+08,29142728462126,29142729150276,29142729150461,29142729288116,29142729331764,29142729801079,29142730170095,29142730170127,16,17.08,6.8815,0.00185,1.37655,0.43648,4.69315,3.69016
185,1,0,1e+08,29142731310832,29142732549589,29142732550044,29142732708248,29142732784998,29142733709621,29142734130897,29142734130941,16,28.2011,12.3876,0.00455,1.58204,0.7675,9.24623,4.21276
186,1,0,1e+08,29142735951909,29142736269843,29142736269883,29142736366735,29142736380623,29142736712855,29142736993467,29142736993495,16,10.4159,3.17934,0.0004,0.96852,0.13888,3.32232,2.80612
187,1,0,1e+08,29142737989971,29142738270915,29142738270959,29142738343419,29142738355111,29142738618595,29142738906787,29142738906823,16,9.16852,2.80944,0.00044,0.7246,0.11692,2.63484,2.88192
188,1,0,1e+08,29142739894821,29142740441303,29142740441503,29142740602188,29142740689749,29142741263343,29142741674804,29142741674840,16,17.8002,5.46482,0.002,1.60685,0.87561,5.73594,4.11461
189,1,0,1e+08,29142742802369,29142743111893,29142743111945,29142743168321,29142743180421,29142743481373,29142743794401,29142743794437,16,9.92068,3.09524,0.00052,0.56376,0.121,3.00952,3.13028
190,1,0,1e+08,29142744851774,29142745115466,29142745115506,29142745166334,29142745181270,29142745438490,29142745714034,29142745714062,16,8.62288,2.63692,0.0004,0.50828,0.14936,2.5722,2.75544
191,1,0,1e+08,29142746704160,29142747137918,29142747138034,29142747203402,29142747219286,29142747474878,29142747761642,29142747761674,16,10.5751,4.33758,0.00116,0.65368,0.15884,2.55592,2.86764
192,1,0,1e+08,29142748821956,29142749615453,29142749615553,29142749698028,29142749743972,29142750205287,29142750569071,29142750569103,16,17.4715,7.93497,0.001,0.82475,0.45944,4.61315,3.63784
193,1,0,1e+08,29142751699597,29142752130583,29142752130768,29142752290010,29142752366883,29142753059061,29142753439185,29142753439225,16,17.3963,4.30986,0.00185,1.59242,0.76873,6.92178,3.80124
194,1,0,1e+08,29142754438041,29142755438192,29142755438256,29142755535213,29142755556281,29142755927643,29142756241275,29142756241303,16,18.0326,10.0015,0.00064,0.96957,0.21068,3.71362,3.13632
195,1,0,1e+08,29142757332050,29142757574438,29142757574478,29142757624902,29142757639546,29142757897462,29142758218538,29142758218574,16,8.86524,2.42388,0.0004,0.50424,0.14644,2.57916,3.21076
196,1,0,1e+08,29142759200293,29142759515158,29142759515270,29142759577482,29142759592046,29142759868838,29142760178662,29142760178694,16,9.78401,3.14865,0.00112,0.62212,0.14564,2.76792,3.09824
197,1,0,1e+08,29142761099159,29142761901035,29142761901127,29142762031999,29142762051315,29142762515327,29142762884823,29142762884863,16,17.857,8.01876,0.00092,1.30872,0.19316,4.64012,3.69496
198,1,0,1e+08,29142764015464,29142764300980,29142764301040,29142764375512,29142764392088,29142765342849,29142765785614,29142765785650,16,17.7019,2.85516,0.0006,0.74472,0.16576,9.50761,4.42765
199,1,0,1e+08,29142766869086,29142767182310,29142767182358,29142767248590,29142767264014,29142767662356,29142768062528,29142768062568,16,11.9348,3.13224,0.00048,0.66232,0.15424,3.98342,4.00172
200,1,0,1e+08,29142768994833,29142769839225,29142769839317,29142769923996,29142769966884,29142770414668,29142770773584,29142770773616,16,17.7878,8.44392,0.00092,0.84679,0.42888,4.47784,3.58916
201,1,0,1e+08,29142771831478,29142772091200,29142772091240,29142772154208,29142772169272,29142772652690,29142773003790,29142773003826,16,11.7235,2.59722,0.0004,0.62968,0.15064,4.83418,3.511
202,1,0,1e+08,29142774032191,29142774769672,29142774769867,29142774952729,29142774972397,29142775419259,29142775785471,29142775785503,16,17.5331,7.37481,0.00195,1.82862,0.19668,4.46862,3.66212
203,1,0,1e+08,29142776831287,29142777372186,29142777372376,29142777532233,29142777591584,29142778161523,29142778541203,29142778541247,16,17.0996,5.40899,0.0019,1.59857,0.59351,5.69939,3.7968
204,1,0,1e+08,29142779760068,29142780586583,29142780586675,29142780667339,29142780711987,29142781206728,29142781577880,29142781577908,16,18.1784,8.26515,0.00092,0.80664,0.44648,4.94741,3.71152
205,1,0,1e+08,29142782943199,29142783969134,29142783969198,29142784028234,29142784043490,29142784421859,29142784761427,29142784761459,16,18.1826,10.2594,0.00064,0.59036,0.15256,3.78369,3.39568
206,1,0,1e+08,29142785844964,29142786162552,29142786162592,29142786217612,29142786230400,29142786512456,29142786817196,29142786817224,16,9.7226,3.17588,0.0004,0.5502,0.12788,2.82056,3.0474
207,1,0,1e+08,29142787817791,29142788123021,29142788123121,29142788174133,29142788190669,29142788465849,29142788750653,29142788750689,16,9.32898,3.0523,0.001,0.51012,0.16536,2.7518,2.84804
208,1,0,1e+08,29142790890448,29142791164946,29142791164998,29142791230514,29142791242586,29142791567050,29142791941538,29142791941578,16,10.5113,2.74498,0.00052,0.65516,0.12072,3.24464,3.74488
209,1,0,1e+08,29142792938494,29142793205070,29142793205118,29142793259290,29142793274198,29142793558302,29142793843094,29142793843130,16,9.04636,2.66576,0.00048,0.54172,0.14908,2.84104,2.84792
210,1,0,1e+08,29142795010153,29142795937517,29142795937609,29142796001868,29142796020240,29142796469918,29142796802110,29142796802142,16,17.9199,9.27364,0.00092,0.64259,0.18372,4.49678,3.32192
211,1,0,1e+08,29142798012074,29142798266215,29142798266263,29142798315499,29142798330639,29142798633479,29142799446420,29142799446605,16,14.3453,2.54141,0.00048,0.49236,0.1514,3.0284,8.12941
212,1,0,1e+08,29142801063633,29142801329590,29142801329650,29142801386490,29142801400858,29142801810091,29142802716790,29142802716858,16,16.5322,2.65957,0.0006,0.5684,0.14368,4.09233,9.06699
213,1,0,1e+08,29142803783484,29142804512695,29142804512890,29142804623016,29142804674778,29142805142606,29142805504382,29142805504418,16,17.2093,7.29211,0.00195,1.10126,0.51762,4.67828,3.61776
214,1,0,1e+08,29142806620729,29142807380752,29142807380808,29142807450300,29142807465048,29142807767144,29142808213933,29142808213961,16,15.9323,7.60023,0.00056,0.69492,0.14748,3.02096,4.46789
215,1,0,1e+08,29142809146961,29142809411683,29142809411727,29142809463291,29142809477891,29142809755827,29142810060611,29142810060647,16,9.13686,2.64722,0.00044,0.51564,0.146,2.77936,3.04784
216,1,0,1e+08,29142811009653,29142811778569,29142811778759,29142811945757,29142811964677,29142812414690,29142812784170,29142812784202,16,17.7455,7.68916,0.0019,1.66998,0.1892,4.50013,3.6948
217,1,0,1e+08,29142813821333,29142814097843,29142814097899,29142814153695,29142814171579,29142814574740,29142814902360,29142814902400,16,10.8107,2.7651,0.00056,0.55796,0.17884,4.03161,3.2762
218,1,0,1e+08,29142815965841,29142816759882,29142816760032,29142816847628,29142816889280,29142817370072,29142817755672,29142817755704,16,17.8986,7.94041,0.0015,0.87596,0.41652,4.80792,3.856
219,1,0,1e+08,29142818907009,29142819193097,29142819193145,29142819246773,29142819261501,29142819551105,29142819865209,29142819865261,16,9.58252,2.86088,0.00048,0.53628,0.14728,2.89604,3.14104
220,1,0,1e+08,29142820863411,29142821164896,29142821164940,29142821235896,29142821247772,29142821509880,29142821804952,29142821804980,16,9.41569,3.01485,0.00044,0.70956,0.11876,2.62108,2.95072
221,1,0,1e+08,29142823863439,29142824183097,29142824183149,29142824243665,29142824256961,29142824698368,29142825032148,29142825032188,16,11.6875,3.19658,0.00052,0.60516,0.13296,4.41407,3.3378
222,1,0,1e+08,29142826005960,29142826286881,29142826286921,29142826337405,29142826352069,29142826606925,29142826942854,29142826942882,16,9.36922,2.80921,0.0004,0.50484,0.14664,2.54856,3.35929
223,1,0,1e+08,29142827959005,29142830326030,29142830326266,29142830401150,29142830425834,29142830825991,29142831152555,29142831152595,16,31.9359,23.6702,0.00236,0.74884,0.24684,4.00157,3.26564
224,1,0,1e+08,29142832510728,29142833774253,29142833774433,29142833992346,29142834028306,29142834571334,29142834853662,29142834853690,16,23.4296,12.6353,0.0018,2.17913,0.3596,5.43028,2.82328
225,1,0,1e+08,29142835794172,29142836686693,29142836686785,29142836793994,29142836820702,29142837231403,29142837580527,29142837580563,16,17.8639,8.92521,0.00092,1.07209,0.26708,4.10701,3.49124
226,1,0,1e+08,29142838744357,29142839112477,29142839112541,29142839169089,29142839191297,29142839495097,29142839807417,29142839807445,16,10.6309,3.6812,0.00064,0.56548,0.22208,3.038,3.1232
227,1,0,1e+08,29142840811647,29142841053499,29142841053543,29142841107391,29142841124383,29142841386647,29142841756815,29142841756855,16,9.45208,2.41852,0.00044,0.53848,0.16992,2.62264,3.70168
228,1,0,1e+08,29142842766059,29142843044752,29142843044784,29142843094388,29142843109344,29142843362828,29142843654400,29142843654428,16,8.88369,2.78693,0.00032,0.49604,0.14956,2.53484,2.91572
229,1,0,1e+08,29142844640962,29142845237992,29142845238100,29142845301064,29142845314780,29142845535168,29142845816120,29142845816156,16,11.7519,5.9703,0.00108,0.62964,0.13716,2.20388,2.80952
230,1,0,1e+08,29142846776642,29142847680591,29142847680683,29142847814258,29142847847558,29142848271280,29142848623012,29142848623044,16,18.464,9.03949,0.00092,1.33575,0.333,4.23722,3.51732
231,1,0,1e+08,29142849636412,29142849883202,29142849883238,29142849933022,29142850000643,29142850934565,29142851382190,29142851382238,16,17.4583,2.4679,0.00036,0.49784,0.67621,9.33922,4.47625
232,1,0,1e+08,29142852495584,29142852770962,29142852771002,29142852830154,29142852844814,29142853343608,29142854098341,29142854098389,16,16.028,2.75378,0.0004,0.59152,0.1466,4.98794,7.54733
233,1,0,1e+08,29142855309635,29142855551189,29142855551217,29142855599221,29142855613881,29142855824713,29142856110917,29142856110953,16,8.01318,2.41554,0.00028,0.48004,0.1466,2.10832,2.86204
234,1,0,1e+08,29142856990880,29142857944893,29142857944981,29142858007297,29142858022053,29142858247201,29142858537245,29142858537273,16,15.4639,9.54013,0.00088,0.62316,0.14756,2.25148,2.90044
235,1,0,1e+08,29142859547731,29142859853795,29142859853831,29142859899487,29142859913711,29142860157883,29142860459175,29142860459207,16,9.11476,3.06064,0.00036,0.45656,0.14224,2.44172,3.01292
236,1,0,1e+08,29142861502961,29142861738421,29142861738461,29142861822765,29142861834805,29142862072325,29142862345489,29142862345517,16,8.42556,2.3546,0.0004,0.84304,0.1204,2.3752,2.73164
237,1,0,1e+08,29142863316067,29142863600228,29142863600268,29142863654776,29142863666688,29142863933436,29142864222708,29142864222744,16,9.06677,2.84161,0.0004,0.54508,0.11912,2.66748,2.89272
238,1,0,1e+08,29142865308473,29142866229221,29142866229701,29142866333568,29142866376000,29142866837990,29142867202314,29142867202346,16,18.9387,9.20748,0.0048,1.03867,0.42432,4.6199,3.64324
239,1,0,1e+08,29142868371032,29142868862896,29142868863091,29142869023492,29142869082758,29142869711901,29142870104189,29142870104233,16,17.332,4.91864,0.00195,1.60401,0.59266,6.29143,3.92288
240,1,0,1e+08,29142871407287,29142871674747,29142871674791,29142871728007,29142871745311,29142872646365,29142873110679,29142873110719,16,17.0343,2.6746,0.00044,0.53216,0.17304,9.01054,4.64314
241,1,0,1e+08,29142874382953,29142874702091,29142874702143,29142874756587,29142874771475,29142875126520,29142875445224,29142875445260,16,10.6231,3.19138,0.00052,0.54444,0.14888,3.55045,3.18704
242,1,0,1e+08,29142876469033,29142877227189,29142877227374,29142877342109,29142877383505,29142877892592,29142878273004,29142878273036,16,18.04,7.58156,0.00185,1.14735,0.41396,5.09087,3.80412
243,1,0,1e+08,29142879341871,29142879721799,29142879721859,29142879824707,29142879859487,29142880221624,29142880617740,29142880617784,16,12.7591,3.79928,0.0006,1.02848,0.3478,3.62137,3.96116
244,1,0,1e+08,29142881796955,29142882595623,29142882595715,29142882680501,29142882722693,29142883157448,29142883511148,29142883511176,16,17.1422,7.98668,0.00092,0.84786,0.42192,4.34755,3.537
245,1,0,1e+08,29142884690229,29142885078347,29142885078391,29142885144215,29142885159547,29142885446051,29142885751059,29142885751099,16,10.6087,3.88118,0.00044,0.65824,0.15332,2.86504,3.05008
246,1,0,1e+08,29142886666817,29142886977945,29142886978145,29142887136746,29142887212790,29142887975830,29142888385187,29142888385219,16,17.184,3.11128,0.002,1.58601,0.76044,7.6304,4.09357
247,1,0,1e+08,29142889559572,29142889832890,29142889832938,29142889890510,29142889905250,29142890234970,29142890622998,29142890623042,16,10.6347,2.73318,0.00048,0.57572,0.1474,3.2972,3.88028
248,1,0,1e+08,29142891571233,29142892302543,29142892302733,29142892461481,29142892507973,29142892998813,29142893370581,29142893370613,16,17.9938,7.3131,0.0019,1.58748,0.46492,4.9084,3.71768
249,1,0,1e+08,29142894516780,29142895480977,29142895481041,29142895560057,29142895584557,29142896000561,29142896322565,29142896322601,16,18.0582,9.64197,0.00064,0.79016,0.245,4.16004,3.22004
250,1,0,1e+08,29142897525805,29142897917621,29142897917665,29142897999581,29142898017045,29142898487867,29142898964372,29142898964408,16,14.386,3.91816,0.00044,0.81916,0.17464,4.70822,4.76505
251,1,0,1e+08,29142900354833,29142901372659,29142901372727,29142901478831,29142901498687,29142901904363,29142902221507,29142902221543,16,18.6671,10.1783,0.00068,1.06104,0.19856,4.05676,3.17144
252,1,0,1e+08,29142903359477,29142904047956,29142904048146,29142904273509,29142904295253,29142904815828,29142905207040,29142905207072,16,18.476,6.88479,0.0019,2.25363,0.21744,5.20575,3.91212
253,1,0,1e+08,29142906372796,29142907066138,29142907066230,29142907174878,29142907194734,29142907735577,29142908159207,29142908159251,16,17.8646,6.93342,0.00092,1.08648,0.19856,5.40843,4.2363
254,1,0,1e+08,29142909454774,29142910480997,29142910481061,29142910622787,29142910645547,29142910988452,29142911295320,29142911295348,16,18.4057,10.2622,0.00064,1.41726,0.2276,3.42905,3.06868
255,1,0,1e+08,29142913597254,29142913972898,29142913972986,29142914045926,29142914058166,29142914274638,29142914856003,29142914856168,16,12.5891,3.75644,0.00088,0.7294,0.1224,2.16472,5.81365
256,1,0,1e+08,29142916541546,29142917794806,29142917794902,29142917940722,29142917960050,29142918393716,29142918771540,29142918771572,16,22.3003,12.5326,0.00096,1.4582,0.19328,4.33666,3.77824
257,1,0,1e+08,29142920246696,29142921119080,29142921119144,29142921196576,29142921213280,29142922124575,29142922648916,29142922648972,16,24.0228,8.72384,0.00064,0.77432,0.16704,9.11295,5.24341
258,1,0,1e+08,29142924114607,29142924912488,29142924912683,29142925071149,29142925118445,29142925595517,29142925988401,29142925988437,16,18.7383,7.97881,0.00195,1.58466,0.47296,4.77072,3.92884
259,1,0,1e+08,29142927263409,29142927901911,29142927902086,29142928058720,29142928093950,29142929100960,29142929612929,29142929612989,16,23.4958,6.38502,0.00175,1.56634,0.3523,10.0701,5.11969
260,1,0,1e+08,29142930927464,29142931794133,29142931794225,29142931886197,29142931914857,29142932343259,29142932689559,29142932689591,16,17.6213,8.66669,0.00092,0.91972,0.2866,4.28402,3.463
261,1,0,1e+08,29142935049064,29142935471093,29142935471125,29142935536013,29142935555569,29142935916081,29142937093669,29142937093765,16,20.447,4.22029,0.00032,0.64888,0.19556,3.60512,11.7759
262,1,0,1e+08,29142939023532,29142940074123,29142940074171,29142940135779,29142940148799,29142940482144,29142940799832,29142940799868,16,17.7634,10.5059,0.00048,0.61608,0.1302,3.33345,3.17688
263,1,0,1e+08,29142942211785,29142942651556,29142942651620,29142942753988,29142942771336,29142943301986,29142944096071,29142944096139,16,18.8435,4.39771,0.00064,1.02368,0.17348,5.3065,7.94085
264,1,0,1e+08,29142945565043,29142946392860,29142946392920,29142946494840,29142946507396,29142946914833,29142947200469,29142947200497,16,16.3545,8.27817,0.0006,1.0192,0.12556,4.07437,2.85636
265,1,0,1e+08,29142948386213,29142948713574,29142948713610,29142948766414,29142948779730,29142949079638,29142949382634,29142949382666,16,9.96453,3.27361,0.00036,0.52804,0.13316,2.99908,3.02996
266,1,0,1e+08,29142950579914,29142951302178,29142951302373,29142951415940,29142951440288,29142951919444,29142952301932,29142952301964,16,17.2205,7.22264,0.00195,1.13567,0.24348,4.79156,3.82488
267,1,0,1e+08,29142953392011,29142954040587,29142954040777,29142954198717,29142954275077,29142955032237,29142955452877,29142955452921,16,20.6091,6.48576,0.0019,1.5794,0.7636,7.5716,4.2064
268,1,0,1e+08,29142956787913,29142957511690,29142957511880,29142957668120,29142957712924,29142958202040,29142958567556,29142958567588,16,17.7967,7.23777,0.0019,1.5624,0.44804,4.89116,3.65516
269,1,0,1e+08,29142959973147,29142960891573,29142960891669,29142960973321,29142961014953,29142961450164,29142961804044,29142961804084,16,18.3094,9.18426,0.00096,0.81652,0.41632,4.35211,3.5388
270,1,0,1e+08,29142963063590,29142964172756,29142964172996,29142964262188,29142964288696,29142964696988,29142965038932,29142965038964,16,19.7537,11.0917,0.0024,0.89192,0.26508,4.08292,3.41944
271,1,0,1e+08,29142966165751,29142967012231,29142967012406,29142967133447,29142967152143,29142967517975,29142967796667,29142967796703,16,16.3095,8.4648,0.00175,1.21041,0.18696,3.65832,2.78692
272,1,0,1e+08,29142968761971,29142969138094,29142969138146,29142969217962,29142969231330,29142969687836,29142970125950,29142970125982,16,13.6401,3.76123,0.00052,0.79816,0.13368,4.56506,4.38114
273,1,0,1e+08,29142971249462,29142971647543,29142971647603,29142971711471,29142971726179,29142972169468,29142972859822,29142972860007,16,16.1055,3.98081,0.0006,0.63868,0.14708,4.43289,6.90354
274,1,0,1e+08,29142974697973,29142975104976,29142975105064,29142975216404,29142975307483,29142975737407,29142976123205,29142976123237,16,14.2526,4.07003,0.00088,1.1134,0.91079,4.29924,3.85798
275,1,0,1e+08,29142977244697,29142977662645,29142977662737,29142977744969,29142977763857,29142978140361,29142979075361,29142979075449,16,18.3075,4.17948,0.00092,0.82232,0.18888,3.76504,9.35
276,1,0,1e+08,29142980642414,29142981406085,29142981406275,29142981524829,29142981558933,29142982076636,29142982425588,29142982425624,16,17.8321,7.63671,0.0019,1.18554,0.34104,5.17703,3.48952
277,1,0,1e+08,29142983624696,29142984421976,29142984422151,29142984578709,29142984615129,29142985461199,29142986349465,29142986349533,16,27.2484,7.9728,0.00175,1.56558,0.3642,8.4607,8.88266
278,1,0,1e+08,29142988776530,29142989177043,29142989177091,29142989228891,29142989243851,29142989536063,29142989865691,29142989865719,16,10.8919,4.00513,0.00048,0.518,0.1496,2.92212,3.29628
279,1,0,1e+08,29142991031207,29142992048060,29142992048124,29142992183366,29142992199722,29142992559875,29142992872923,29142992872963,16,18.4176,10.1685,0.00064,1.35242,0.16356,3.60153,3.13048
280,1,0,1e+08,29142993870701,29142994668861,29142994668973,29142994749661,29142994782264,29142995250100,29142995606840,29142995606872,16,17.3617,7.9816,0.00112,0.80688,0.32603,4.67836,3.5674
281,1,0,1e+08,29142996695432,29142997301540,29142997301740,29142997459771,29142997512196,29142998047555,29142998433175,29142998433215,16,17.3778,6.06108,0.002,1.58031,0.52425,5.35359,3.8562
282,1,0,1e+08,29142999479624,29142999805266,29142999805390,29142999860142,29142999875226,29143000244010,29143000594938,29143000594974,16,11.1535,3.25642,0.00124,0.54752,0.15084,3.68784,3.50928
283,1,0,1e+08,29143001519897,29143001797821,29143001797861,29143001852021,29143001867089,29143002128873,29143002415129,29143002415161,16,8.95264,2.77924,0.0004,0.5416,0.15068,2.61784,2.86256
284,1,0,1e+08,29143003440948,29143003731854,29143003731898,29143003841454,29143003853442,29143004115070,29143004398790,29143004398818,16,9.5787,2.90906,0.00044,1.09556,0.11988,2.61628,2.8372
285,1,0,1e+08,29143005530986,29143005822214,29143005822250,29143005885862,29143005901418,29143006221918,29143006502414,29143006502446,16,9.7146,2.91228,0.00036,0.63612,0.15556,3.205,2.80496
286,1,0,1e+08,29143007411702,29143007687095,29143007687135,29143007734399,29143007744419,29143008038067,29143008340835,29143008340863,16,9.29161,2.75393,0.0004,0.47264,0.1002,2.93648,3.02768
287,1,0,1e+08,29143009352556,29143009609780,29143009609876,29143009666628,29143009677648,29143009915948,29143010200540,29143010200576,16,8.4802,2.57224,0.00096,0.56752,0.1102,2.383,2.84592
288,1,0,1e+08,29143011286653,29143011550942,29143011550978,29143011624722,29143011636670,29143011882390,29143012155142,29143012155170,16,8.68517,2.64289,0.00036,0.73744,0.11948,2.4572,2.72752
289,1,0,1e+08,29143013234263,29143013505127,29143013505163,29143013565571,29143013578283,29143013837419,29143014117131,29143014117163,16,8.829,2.70864,0.00036,0.60408,0.12712,2.59136,2.79712
290,1,0,1e+08,29143015177188,29143015397068,29143015397104,29143015445440,29143015460004,29143015671600,29143015973776,29143015973804,16,7.96616,2.1988,0.00036,0.48336,0.14564,2.11596,3.02176
291,1,0,1e+08,29143016976126,29143017251582,29143017251618,29143017301022,29143017311878,29143017557646,29143017834346,29143017834382,16,8.58256,2.75456,0.00036,0.49404,0.10856,2.45768,2.767
292,1,0,1e+08,29143018858946,29143019107238,29143019107270,29143019158174,29143019169326,29143019442466,29143020065330,29143020065475,16,12.0653,2.48292,0.00032,0.50904,0.11152,2.7314,6.22864
293,1,0,1e+08,29143021854448,29143022087248,29143022087284,29143022137672,29143022150952,29143022406332,29143022811908,29143022811968,16,9.5752,2.328,0.00036,0.50388,0.1328,2.5538,4.05576
294,1,0,1e+08,29143023762544,29143024035265,29143024035309,29143024090721,29143024102721,29143024382069,29143024740613,29143024740661,16,9.78117,2.72721,0.00044,0.55412,0.12,2.79348,3.58544
295,1,0,1e+08,29143025731092,29143026060484,29143026060588,29143026124192,29143026139048,29143026400428,29143026684496,29143026684528,16,9.53436,3.29392,0.00104,0.63604,0.14856,2.6138,2.84068
296,1,0,1e+08,29143027846904,29143028369686,29143028369906,29143028533475,29143028610358,29143029165808,29143029541853,29143029541885,16,16.9498,5.22782,0.0022,1.63569,0.76883,5.5545,3.76045
297,1,0,1e+08,29143030605647,29143031394262,29143031394354,29143031478270,29143031508618,29143032005860,29143032353400,29143032353436,16,17.4779,7.88615,0.00092,0.83916,0.30348,4.97242,3.4754
298,1,0,1e+08,29143033382374,29143033932975,29143033933063,29143034035306,29143034054122,29143034673676,29143035209551,29143035209591,16,18.2722,5.50601,0.00088,1.02243,0.18816,6.19554,5.35875
299,1,0,1e+08,29143036206934,29143036979774,29143036979886,29143037062022,29143037082470,29143037529116,29143037887812,29143037887848,16,16.8091,7.7284,0.00112,0.82136,0.20448,4.46646,3.58696
300,1,0,1e+08,29143039823070,29143040314512,29143040314616,29143040370716,29143040382456,29143040632288,29143040905440,29143040905468,16,10.824,4.91442,0.00104,0.561,0.1174,2.49832,2.73152
301,1,0,1e+08,29143042009122,29143043090841,29143043091089,29143043175270,29143043209094,29143043664393,29143044016157,29143044016197,16,20.0707,10.8172,0.00248,0.84181,0.33824,4.55299,3.51764
302,1,0,1e+08,29143045048767,29143045474901,29143045474965,29143045564529,29143045577953,29143045978380,29143046352863,29143046352891,16,13.0412,4.26134,0.00064,0.89564,0.13424,4.00427,3.74483
303,1,0,1e+08,29143047200315,29143047492560,29143047492612,29143047631354,29143047708407,29143048505912,29143048937788,29143048937832,16,17.3752,2.92245,0.00052,1.38742,0.77053,7.97505,4.31876
304,1,0,1e+08,29143050019891,29143050298711,29143050298767,29143050356815,29143050369863,29143050703508,29143051031556,29143051031592,16,10.117,2.7882,0.00056,0.58048,0.13048,3.33645,3.28048
305,1,0,1e+08,29143052105194,29143052428606,29143052428714,29143052479974,29143052494138,29143052811994,29143053085134,29143053085174,16,9.7998,3.23412,0.00108,0.5126,0.14164,3.17856,2.7314
306,1,0,1e+08,29143054356912,29143055368448,29143055368512,29143055434656,29143055458524,29143055893028,29143056218756,29143056218784,16,18.6187,10.1154,0.00064,0.66144,0.23868,4.34504,3.25728
307,1,0,1e+08,29143057333671,29143058092525,29143058092715,29143058217755,29143058259559,29143058771889,29143059160253,29143059160293,16,18.2662,7.58854,0.0019,1.2504,0.41804,5.1233,3.88364
308,1,0,1e+08,29143060302216,29143061019177,29143061019377,29143061179727,29143061219920,29143061811485,29143062183013,29143062183041,16,18.8082,7.16961,0.002,1.6035,0.40193,5.91565,3.71528
309,1,0,1e+08,29143063402404,29143064220257,29143064220349,29143064301441,29143064325325,29143064816667,29143065156815,29143065156851,16,17.5445,8.17853,0.00092,0.81092,0.23884,4.91342,3.40148
310,1,0,1e+08,29143066263608,29143066573962,29143066574014,29143066632166,29143066647238,29143066979486,29143067292086,29143067292118,16,10.2851,3.10354,0.00052,0.58152,0.15072,3.32248,3.126
311,1,0,1e+08,29143068216766,29143068528942,29143068528994,29143068602510,29143068619406,29143068939510,29143069207070,29143069207106,16,9.9034,3.12176,0.00052,0.73516,0.16896,3.20104,2.6756
312,1,0,1e+08,29143070075213,29143070365786,29143070365822,29143070427402,29143070442482,29143070694174,29143071016054,29143071016086,16,9.40873,2.90573,0.00036,0.6158,0.1508,2.51692,3.2188
313,1,0,1e+08,29143071955020,29143072210556,29143072210592,29143072260664,29143072275424,29143072546556,29143072832932,29143072832964,16,8.77944,2.55536,0.00036,0.50072,0.1476,2.71132,2.86376
314,1,0,1e+08,29143073796461,29143074057602,29143074057634,29143074107326,29143074122078,29143074353818,29143074646282,29143074646314,16,8.49853,2.61141,0.00032,0.49692,0.14752,2.3174,2.92464
315,1,0,1e+08,29143075674009,29143075950342,29143075950374,29143075999282,29143076023066,29143076259522,29143076537294,29143076537326,16,8.63317,2.76333,0.00032,0.48908,0.23784,2.36456,2.77772
316,1,0,1e+08,29143077564817,29143078339149,29143078339609,29143078494797,29143078538945,29143079076568,29143079453856,29143079453888,16,18.8907,7.74332,0.0046,1.55188,0.44148,5.37623,3.77288
317,1,0,1e+08,29143080538889,29143080873331,29143080873383,29143080929927,29143080946231,29143081821085,29143082389984,29143082390040,16,18.5115,3.34442,0.00052,0.56544,0.16304,8.74854,5.68899
318,1,0,1e+08,29143083656604,29143084665964,29143084666028,29143084800870,29143084815066,29143085172246,29143085495542,29143085495570,16,18.3897,10.0936,0.00064,1.34842,0.14196,3.5718,3.23296
319,1,0,1e+08,29143086542849,29143087084133,29143087084225,29143087144661,29143087159141,29143087420177,29143087712569,29143087712605,16,11.6976,5.41284,0.00092,0.60436,0.1448,2.61036,2.92392
320,1,0,1e+08,29143088597673,29143089382240,29143089382344,29143089504096,29143089524840,29143089958061,29143090308529,29143090308561,16,17.1089,7.84567,0.00104,1.21752,0.20744,4.33221,3.50468
321,1,0,1e+08,29143091330551,29143092326178,29143092326242,29143092399047,29143092451779,29143092825883,29143093144123,29143093144159,16,18.1361,9.95627,0.00064,0.72805,0.52732,3.74104,3.1824
322,1,0,1e+08,29143094107213,29143095033268,29143095033368,29143095108382,29143095135794,29143095563668,29143095895540,29143095895568,16,17.8836,9.26055,0.001,0.75014,0.27412,4.27874,3.31872
323,1,0,1e+08,29143096860166,29143097138843,29143097138887,29143097191955,29143097206987,29143097540667,29143097874735,29143097874779,16,10.1461,2.78677,0.00044,0.53068,0.15032,3.3368,3.34068
324,1,0,1e+08,29143098844473,29143099193489,29143099193589,29143099255737,29143099270461,29143099487813,29143099783601,29143099783629,16,9.39156,3.49016,0.001,0.62148,0.14724,2.17352,2.95788
325,1,0,1e+08,29143100785872,29143101066984,29143101067016,29143101122156,29143101134200,29143101504384,29143101817580,29143101817616,16,10.3174,2.81112,0.00032,0.5514,0.12044,3.70184,3.13196
326,1,0,1e+08,29143102762325,29143103059878,29143103059910,29143103111486,29143103126502,29143103396366,29143103694174,29143103694202,16,9.31877,2.97553,0.00032,0.51576,0.15016,2.69864,2.97808
327,1,0,1e+08,29143104634671,29143104871867,29143104871907,29143104921831,29143104936351,29143105258055,29143105536403,29143105536439,16,9.01768,2.37196,0.0004,0.49924,0.1452,3.21704,2.78348
328,1,0,1e+08,29143106605578,29143107204884,29143107205074,29143107365201,29143107424191,29143107946336,29143108327700,29143108327736,16,17.2216,5.99306,0.0019,1.60127,0.5899,5.22145,3.81364
329,1,0,1e+08,29143109464144,29143109698464,29143109698496,29143109749192,29143109764764,29143110533433,29143111050460,29143111050516,16,15.8637,2.3432,0.00032,0.50696,0.15572,7.68669,5.17027
330,1,0,1e+08,29143112290190,29143113096621,29143113096713,29143113178501,29143113203613,29143113642879,29143114005011,29143114005043,16,17.1485,8.06431,0.00092,0.81788,0.25112,4.39266,3.62132
331,1,0,1e+08,29143115124420,29143116079746,29143116079810,29143116182775,29143116195967,29143116586384,29143116922676,29143116922712,16,17.9829,9.55326,0.00064,1.02965,0.13192,3.90417,3.36292
332,1,0,1e+08,29143117985749,29143118252463,29143118252495,29143118299415,29143118315311,29143118571963,29143118884571,29143118884599,16,8.9885,2.66714,0.00032,0.4692,0.15896,2.56652,3.12608
333,1,0,1e+08,29143119840084,29143120109257,29143120109293,29143120159365,29143120183165,29143120424737,29143120714993,29143120715037,16,8.74953,2.69173,0.00036,0.50072,0.238,2.41572,2.90256
334,1,0,1e+08,29143121698748,29143121962130,29143121962162,29143122028126,29143122039118,29143122262830,29143122522354,29143122522382,16,8.23634,2.63382,0.00032,0.65964,0.10992,2.23712,2.59524
335,1,0,1e+08,29143123503768,29143124399702,29143124400167,29143124561333,29143124604968,29143125086381,29143125466273,29143125466313,16,19.6255,8.95934,0.00465,1.61166,0.43635,4.81413,3.79892
336,1,0,1e+08,29143126492280,29143126750044,29143126750072,29143126798452,29143126812724,29143127631101,29143128103513,29143128103549,16,16.1127,2.57764,0.00028,0.4838,0.14272,8.18377,4.72412
337,1,0,1e+08,29143129537247,29143129820611,29143129820655,29143129873323,29143129886467,29143130732953,29143131295225,29143131295281,16,17.5803,2.83364,0.00044,0.52668,0.13144,8.46486,5.62272
338,1,0,1e+08,29143132754763,29143133564401,29143133564586,29143133660146,29143133703966,29143134146029,29143134506181,29143134506213,16,17.5145,8.09638,0.00185,0.9556,0.4382,4.42063,3.60152
339,1,0,1e+08,29143135897425,29143136592865,29143136592901,29143136656017,29143136667517,29143136904561,29143137176829,29143137176861,16,12.7944,6.9544,0.00036,0.63116,0.115,2.37044,2.72268
340,1,0,1e+08,29143138222604,29143138485712,29143138485752,29143138536408,29143138551284,29143138801848,29143139075384,29143139075412,16,8.52808,2.63108,0.0004,0.50656,0.14876,2.50564,2.73536
341,1,0,1e+08,29143139951232,29143140233334,29143140233374,29143140285094,29143140299906,29143140578122,29143140894706,29143140894762,16,9.4353,2.82102,0.0004,0.5172,0.14812,2.78216,3.16584
342,1,0,1e+08,29143141874839,29143142418099,29143142418251,29143142485295,29143142499823,29143142853940,29143143186356,29143143186392,16,13.1155,5.4326,0.00152,0.67044,0.14528,3.54117,3.32416
343,1,0,1e+08,29143144314934,29143145134936,29143145135028,29143145220347,29143145254591,29143145679096,29143146024044,29143146024084,16,17.0915,8.20002,0.00092,0.85319,0.34244,4.24505,3.44948
344,1,0,1e+08,29143147017774,29143147562393,29143147562568,29143147717575,29143147752390,29143148988586,29143149446160,29143149446196,16,24.2842,5.44619,0.00175,1.55007,0.34815,12.362,4.57574
345,1,0,1e+08,29143150629821,29143151486377,29143151486473,29143151645220,29143151665364,29143152097378,29143152437534,29143152437574,16,18.0775,8.56556,0.00096,1.58747,0.20144,4.32014,3.40156
346,1,0,1e+08,29143153420636,29143153712884,29143153712936,29143153767264,29143153782116,29143154206323,29143154553279,29143154553315,16,11.3268,2.92248,0.00052,0.54328,0.14852,4.24207,3.46956
347,1,0,1e+08,29143155571934,29143156104403,29143156104603,29143156265494,29143156324854,29143156920122,29143157320554,29143157320594,16,17.4866,5.32469,0.002,1.60891,0.5936,5.95268,4.00432
348,1,0,1e+08,29143158428930,29143158714034,29143158714082,29143158766322,29143158777638,29143159073630,29143159398382,29143159398410,16,9.6948,2.85104,0.00048,0.5224,0.11316,2.95992,3.24752
349,1,0,1e+08,29143160390190,29143161195176,29143161195272,29143161332612,29143161351008,29143161799300,29143162153880,29143162153916,16,17.6373,8.04986,0.00096,1.3734,0.18396,4.48292,3.5458
350,1,0,1e+08,29143163217886,29143163519170,29143163519214,29143163570194,29143163584870,29143163862866,29143164174434,29143164174462,16,9.56576,3.01284,0.00044,0.5098,0.14676,2.77996,3.11568
351,1,0,1e+08,29143165195398,29143165461075,29143165461107,29143165511483,29143165526827,29143165757471,29143166047511,29143166047547,16,8.52149,2.65677,0.00032,0.50376,0.15344,2.30644,2.9004
352,1,0,1e+08,29143167092854,29143167368188,29143167368216,29143167464268,29143167476436,29143167759460,29143168004376,29143168004404,16,9.1155,2.75334,0.00028,0.96052,0.12168,2.83024,2.44916
353,1,0,1e+08,29143170049666,29143170289043,29143170289075,29143170344447,29143170359595,29143170741248,29143171165669,29143171165717,16,11.1605,2.39377,0.00032,0.55372,0.15148,3.81653,4.24421
354,1,0,1e+08,29143172185825,29143172463187,29143172463219,29143172513231,29143172528095,29143172791455,29143173081207,29143173081235,16,8.9541,2.77362,0.00032,0.50012,0.14864,2.6336,2.89752
355,1,0,1e+08,29143174137388,29143174392812,29143174392852,29143174448624,29143174464292,29143174733760,29143175018876,29143175018908,16,8.8152,2.55424,0.0004,0.55772,0.15668,2.69468,2.85116
356,1,0,1e+08,29143175922240,29143178244638,29143178245118,29143178399520,29143178442428,29143178965492,29143179314340,29143179314372,16,33.9213,23.224,0.0048,1.54402,0.42908,5.23064,3.48848
357,1,0,1e+08,29143180483477,29143181049469,29143181049659,29143181210067,29143181269485,29143181876848,29143182252384,29143182252424,16,17.6895,5.65992,0.0019,1.60408,0.59418,6.07363,3.75536
358,1,0,1e+08,29143183296276,29143183751164,29143183751256,29143183818719,29143183832855,29143184234324,29143184550800,29143184550828,16,12.5455,4.54888,0.00092,0.67463,0.14136,4.01469,3.16476
359,1,0,1e+08,29143185557611,29143185796179,29143185796223,29143185847999,29143185862963,29143186174691,29143186596151,29143186596199,16,10.3859,2.38568,0.00044,0.51776,0.14964,3.11728,4.2146
360,1,0,1e+08,29143187673378,29143188709600,29143188709756,29143188769257,29143188788169,29143189155925,29143189492405,29143189492433,16,18.1905,10.3622,0.00156,0.59501,0.18912,3.67756,3.3648
361,1,0,1e+08,29143190501971,29143191187575,29143191187765,29143191346191,29143191392694,29143191884228,29143192256748,29143192256792,16,17.5482,6.85604,0.0019,1.58426,0.46503,4.91534,3.7252
362,1,0,1e+08,29143193279100,29143193607637,29143193607689,29143193663097,29143193678053,29143194021253,29143194381389,29143194381421,16,11.0232,3.28537,0.00052,0.55408,0.14956,3.432,3.60136
363,1,0,1e+08,29143195414015,29143196268108,29143196268298,29143196353329,29143196397609,29143196884312,29143197261704,29143197261744,16,18.4773,8.54093,0.0019,0.85031,0.4428,4.86703,3.77392
364,1,0,1e+08,29143198399580,29143198830498,29143198830562,29143198894314,29143198907962,29143199221890,29143199547878,29143199547906,16,11.4833,4.30918,0.00064,0.63752,0.13648,3.13928,3.25988
365,1,0,1e+08,29143200496964,29143200791244,29143200791288,29143200841988,29143200857156,29143201076264,29143201377588,29143201377624,16,8.8066,2.9428,0.00044,0.507,0.15168,2.19108,3.01324
366,1,0,1e+08,29143202355698,29143202679622,29143202679666,29143202731622,29143202746386,29143203008410,29143203299554,29143203299582,16,9.43884,3.23924,0.00044,0.51956,0.14764,2.62024,2.91144
367,1,0,1e+08,29143204285177,29143204583337,29143204583381,29143204634961,29143204648185,29143204968535,29143205272379,29143205272411,16,9.87234,2.9816,0.00044,0.5158,0.13224,3.2035,3.03844
368,1,0,1e+08,29143206206424,29143207117421,29143207117649,29143207201637,29143207231821,29143207660618,29143208014138,29143208014166,16,18.0774,9.10997,0.00228,0.83988,0.30184,4.28797,3.5352
369,1,0,1e+08,29143208998675,29143209268515,29143209268547,29143209317579,29143209332191,29143209610591,29143209979863,29143209979903,16,9.81228,2.6984,0.00032,0.49032,0.14612,2.784,3.69272
370,1,0,1e+08,29143211021570,29143211848533,29143211849013,29143212046661,29143212066249,29143212522362,29143212892402,29143212892434,16,18.7086,8.26963,0.0048,1.97648,0.19588,4.56113,3.7004
371,1,0,1e+08,29143213901037,29143214161157,29143214161181,29143214209941,29143214224569,29143215034186,29143215508251,29143215508299,16,16.0726,2.6012,0.00024,0.4876,0.14628,8.09617,4.74065
372,1,0,1e+08,29143216633563,29143217186564,29143217186764,29143217347935,29143217424918,29143218001117,29143218410773,29143218410809,16,17.7725,5.53001,0.002,1.61171,0.76983,5.76199,4.09656
373,1,0,1e+08,29143219478899,29143219772408,29143219772448,29143219821144,29143219835696,29143220071240,29143220368352,29143220368392,16,8.89493,2.93509,0.0004,0.48696,0.14552,2.35544,2.97112
374,1,0,1e+08,29143221389953,29143221936188,29143221936378,29143222096881,29143222213645,29143222749172,29143223140264,29143223140300,16,17.5035,5.46235,0.0019,1.60503,1.16764,5.35527,3.91092
375,1,0,1e+08,29143224243131,29143224910327,29143224910527,29143225027744,29143225071563,29143225551541,29143225916937,29143225916977,16,16.7385,6.67196,0.002,1.17217,0.43819,4.79978,3.65396
376,1,0,1e+08,29143226963284,29143227567140,29143227567330,29143227728541,29143227860065,29143228384419,29143228760079,29143228760111,16,17.9683,6.03856,0.0019,1.61211,1.31524,5.24354,3.7566
377,1,0,1e+08,29143229873101,29143230893315,29143230893379,29143230963467,29143230985715,29143231353456,29143231660116,29143231660152,16,17.8705,10.2021,0.00064,0.70088,0.22248,3.67741,3.0666
378,1,0,1e+08,29143232692134,29143233493547,29143233493737,29143233629561,29143233665061,29143234170520,29143234545932,29143234545964,16,18.5383,8.01413,0.0019,1.35824,0.355,5.05459,3.75412
379,1,0,1e+08,29143235810909,29143236723587,29143236723679,29143236805044,29143236846860,29143237277046,29143237650330,29143237650366,16,18.3946,9.12678,0.00092,0.81365,0.41816,4.30186,3.73284
380,1,0,1e+08,29143238718373,29143239018469,29143239018521,29143239079545,29143239094545,29143239421437,29143239745757,29143239745789,16,10.2742,3.00096,0.00052,0.61024,0.15,3.26892,3.2432
381,1,0,1e+08,29143240676895,29143240970979,29143240971043,29143241032375,29143241047459,29143241429004,29143241718032,29143241718064,16,10.4117,2.94084,0.00064,0.61332,0.15084,3.81545,2.89028
382,1,0,1e+08,29143242656503,29143242935695,29143242935735,29143242985975,29143243004727,29143243270479,29143243559575,29143243559603,16,9.031,2.79192,0.0004,0.5024,0.18752,2.65752,2.89096
383,1,0,1e+08,29143244617132,29143244994868,29143244995063,29143245225366,29143245261661,29143245898276,29143246300681,29143246300721,16,16.8359,3.77736,0.00195,2.30303,0.36295,6.36615,4.02405
384,1,0,1e+08,29143247372733,29143247849204,29143247849404,29143248010773,29143248088015,29143248801837,29143249173693,29143249173721,16,18.0099,4.76471,0.002,1.61369,0.77242,7.13822,3.71856
385,1,0,1e+08,29143250244558,29143251025736,29143251025832,29143251106350,29143251147986,29143251579072,29143251948088,29143251948124,16,17.0357,7.81178,0.00096,0.80518,0.41636,4.31086,3.69016
386,1,0,1e+08,29143253079139,29143254045598,29143254045666,29143254114731,29143254135283,29143254578385,29143254888025,29143254888053,16,18.0891,9.66459,0.00068,0.69065,0.20552,4.43102,3.0964
387,1,0,1e+08,29143255853921,29143256543554,29143256543744,29143256692582,29143256733934,29143257208730,29143257585110,29143257585150,16,17.3123,6.89633,0.0019,1.48838,0.41352,4.74796,3.7638
388,1,0,1e+08,29143258720184,29143259306446,29143259306641,29143259467962,29143259545097,29143260064267,29143260447167,29143260447199,16,17.2702,5.86262,0.00195,1.61321,0.77135,5.1917,3.829
389,1,0,1e+08,29143261806253,29143262603641,29143262603737,29143262685273,29143262726765,29143263161621,29143263512365,29143263512405,16,17.0615,7.97388,0.00096,0.81536,0.41492,4.34856,3.50744
390,1,0,1e+08,29143264876650,29143265446361,29143265446405,29143265508469,29143265526257,29143265784389,29143266046149,29143266046177,16,11.6953,5.69711,0.00044,0.62064,0.17788,2.58132,2.6176
391,1,0,1e+08,29143266884939,29143267447299,29143267447489,29143267605795,29143267682158,29143268254898,29143268649870,29143268649914,16,17.6497,5.6236,0.0019,1.58306,0.76363,5.7274,3.94972
392,1,0,1e+08,29143270393212,29143270845764,29143270845824,29143270911900,29143270927928,29143271233032,29143271506856,29143271506884,16,11.1367,4.52552,0.0006,0.66076,0.16028,3.05104,2.73824
393,1,0,1e+08,29143272490279,29143273037225,29143273037425,29143273196909,29143273273218,29143273841200,29143274233112,29143274233156,16,17.4288,5.46946,0.002,1.59484,0.76309,5.67982,3.91912
394,1,0,1e+08,29143275316640,29143276069045,29143276069245,29143276209614,29143276253922,29143276719984,29143277084492,29143277084524,16,17.6788,7.52405,0.002,1.40369,0.44308,4.66062,3.64508
395,1,0,1e+08,29143278180759,29143278497610,29143278497658,29143278549914,29143278560826,29143278850466,29143279157958,29143279157994,16,9.77235,3.16851,0.00048,0.52256,0.10912,2.8964,3.07492
396,1,0,1e+08,29143280288901,29143281100902,29143281100994,29143281182804,29143281247908,29143281700469,29143282046709,29143282046741,16,17.5784,8.12001,0.00092,0.8181,0.65104,4.52561,3.4624
397,1,0,1e+08,29143283267041,29143284039061,29143284039157,29143284122373,29143284152393,29143284589523,29143284929179,29143284929219,16,16.6218,7.7202,0.00096,0.83216,0.3002,4.3713,3.39656
398,1,0,1e+08,29143285934889,29143286644461,29143286644651,29143286841048,29143286884148,29143287376572,29143287758512,29143287758544,16,18.2366,7.09572,0.0019,1.96397,0.431,4.92424,3.8194
399,1,0,1e+08,29143288838820,29143289127935,29143289127999,29143289187515,29143289200647,29143289580260,29143289899096,29143289899132,16,10.6031,2.89115,0.00064,0.59516,0.13132,3.79613,3.18836
400,1,0,1e+08,29143290858055,29143291395190,29143291395385,29143291557313,29143291637605,29143292186472,29143292564065,29143292564101,16,17.0605,5.37135,0.00195,1.61928,0.80292,5.48867,3.77593
401,1,0,1e+08,29143293674321,29143294691299,29143294691363,29143294767299,29143294792951,29143295177123,29143295482791,29143295482827,16,18.0851,10.1698,0.00064,0.75936,0.25652,3.84172,3.05668
402,1,0,1e+08,29143296449739,29143296716869,29143296716905,29143296767957,29143296780853,29143297048533,29143297364557,29143297364589,16,9.1485,2.6713,0.00036,0.51052,0.12896,2.6768,3.16024
403,1,0,1e+08,29143298359632,29143298580445,29143298580481,29143298628985,29143298639525,29143298857837,29143299133053,29143299133093,16,7.73461,2.20813,0.00036,0.48504,0.1054,2.18312,2.75216
404,1,0,1e+08,29143300232202,29143300753117,29143300753317,29143300912808,29143300971815,29143301590956,29143301997469,29143301997501,16,17.653,5.20915,0.002,1.59491,0.59007,6.19141,4.06513
405,1,0,1e+08,29143303069336,29143303482505,29143303482705,29143303660119,29143303722743,29143304329578,29143304729663,29143304729703,16,16.6037,4.13169,0.002,1.77414,0.62624,6.06835,4.00085
406,1,0,1e+08,29143305786865,29143306056585,29143306056613,29143306104301,29143306126937,29143306963067,29143307440124,29143307440164,16,16.533,2.6972,0.00028,0.47688,0.22636,8.3613,4.77057
407,1,0,1e+08,29143308572071,29143309096458,29143309096658,29143309258222,29143309312423,29143309890731,29143310296594,29143310296638,16,17.2457,5.24387,0.002,1.61564,0.54201,5.78308,4.05863
408,1,0,1e+08,29143311493403,29143312526000,29143312526064,29143312596112,29143312617880,29143313000528,29143313311224,29143313311252,16,18.1785,10.326,0.00064,0.70048,0.21768,3.82648,3.10696
409,1,0,1e+08,29143314342247,29143315180752,29143315180844,29143315263920,29143315290798,29143315767515,29143316096655,29143316096691,16,17.5444,8.38505,0.00092,0.83076,0.26878,4.76717,3.2914
410,1,0,1e+08,29143317122507,29143317399745,29143317399789,29143317452149,29143317466925,29143317775973,29143318146249,29143318146285,16,10.2378,2.77238,0.00044,0.5236,0.14776,3.09048,3.70276
411,1,0,1e+08,29143319083821,29143319447931,29143319447979,29143319500831,29143319520011,29143319798355,29143320115207,29143320115251,16,10.3143,3.6411,0.00048,0.52852,0.1918,2.78344,3.16852
412,1,0,1e+08,29143321114110,29143321445552,29143321445652,29143321496912,29143321511948,29143321766596,29143322087088,29143322087116,16,9.73006,3.31442,0.001,0.5126,0.15036,2.54648,3.20492
413,1,0,1e+08,29143323092029,29143323364808,29143323364840,29143323418852,29143323430964,29143323678608,29143323968440,29143323968476,16,8.76447,2.72779,0.00032,0.54012,0.12112,2.47644,2.89832
414,1,0,1e+08,29143324913352,29143325566005,29143325566145,29143325628005,29143325643101,29143325919501,29143326226713,29143326226741,16,13.1339,6.52653,0.0014,0.6186,0.15096,2.764,3.07212
415,1,0,1e+08,29143327465205,29143328493140,29143328493204,29143328634776,29143328648636,29143328997084,29143329306532,29143329306564,16,18.4136,10.2793,0.00064,1.41572,0.1386,3.48448,3.09448
416,1,0,1e+08,29143330571726,29143330918589,29143330918645,29143330976033,29143330993177,29143331366934,29143331761526,29143331761562,16,11.8984,3.46863,0.00056,0.57388,0.17144,3.73757,3.94592
417,1,0,1e+08,29143332935640,29143333269898,29143333269942,29143333328058,29143333343134,29143333657194,29143333967518,29143333967558,16,10.3192,3.34258,0.00044,0.58116,0.15076,3.1406,3.10324
418,1,0,1e+08,29143334984107,29143335644285,29143335644475,29143335962965,29143335981674,29143336437279,29143336808483,29143336808511,16,18.244,6.60178,0.0019,3.1849,0.18709,4.55605,3.71204
419,1,0,1e+08,29143337860793,29143338182694,29143338182754,29143338241842,29143338256090,29143339187699,29143339733645,29143339733701,16,18.7291,3.21901,0.0006,0.59088,0.14248,9.31609,5.45946
420,1,0,1e+08,29143340958844,29143341762413,29143341762608,29143341859309,29143341902305,29143342388511,29143342733663,29143342733691,16,17.7485,8.03569,0.00195,0.96701,0.42996,4.86206,3.45152
421,1,0,1e+08,29143343722280,29143344043876,29143344043944,29143344097524,29143344112344,29143344454708,29143344796744,29143344796784,16,10.745,3.21596,0.00068,0.5358,0.1482,3.42364,3.42036
422,1,0,1e+08,29143345695878,29143345987652,29143345987696,29143346037828,29143346052532,29143346310488,29143346609852,29143346609880,16,9.14002,2.91774,0.00044,0.50132,0.14704,2.57956,2.99364
423,1,0,1e+08,29143347529484,29143347778420,29143347778456,29143347827752,29143347842216,29143348082680,29143348475839,29143348475927,16,9.46443,2.48936,0.00036,0.49296,0.14464,2.40464,3.93159
424,1,0,1e+08,29143349455330,29143349714782,29143349714890,29143349789454,29143349806382,29143350183898,29143350464306,29143350464330,16,10.09,2.59452,0.00108,0.74564,0.16928,3.77516,2.80408
425,1,0,1e+08,29143351342978,29143352025786,29143352025976,29143352183825,29143352296081,29143352769612,29143353125624,29143353125664,16,17.8269,6.82808,0.0019,1.57849,1.12256,4.73531,3.56012
426,1,0,1e+08,29143354134133,29143354375283,29143354375315,29143354473015,29143354531710,29143355485568,29143355894088,29143355894120,16,17.5999,2.4115,0.00032,0.977,0.58695,9.53858,4.0852
427,1,0,1e+08,29143356898525,29143357184605,29143357184649,29143357243541,29143357258261,29143357551449,29143357880177,29143357880217,16,9.81692,2.8608,0.00044,0.58892,0.1472,2.93188,3.28728
428,1,0,1e+08,29143358830981,29143359049421,29143359049457,29143359104677,29143359119521,29143359362593,29143359663757,29143359663789,16,8.32808,2.1844,0.00036,0.5522,0.14844,2.43072,3.01164
429,1,0,1e+08,29143360607158,29143360897843,29143360897883,29143360948843,29143360963639,29143361207871,29143361475911,29143361475943,16,8.68785,2.90685,0.0004,0.5096,0.14796,2.44232,2.6804
430,1,0,1e+08,29143362576568,29143363594199,29143363594267,29143363654095,29143363676895,29143364044112,29143364364140,29143364364172,16,17.876,10.1763,0.00068,0.59828,0.228,3.67217,3.20028
431,1,0,1e+08,29143365427637,29143365789938,29143365790002,29143365849850,29143365863262,29143366315103,29143366734743,29143366734799,16,13.0716,3.62301,0.00064,0.59848,0.13412,4.51841,4.1964
432,1,0,1e+08,29143367730230,29143368584588,29143368584680,29143368707664,29143368722300,29143369150064,29143369496252,29143369496284,16,17.6605,8.54358,0.00092,1.22984,0.14636,4.27764,3.46188
433,1,0,1e+08,29143370611582,29143370901243,29143370901291,29143370956679,29143370971699,29143371257515,29143371608283,29143371608335,16,9.96753,2.89661,0.00048,0.55388,0.1502,2.85816,3.50768
434,1,0,1e+08,29143372549098,29143372806136,29143372806176,29143372857428,29143372872208,29143373122904,29143373438928,29143373438960,16,8.89862,2.57038,0.0004,0.51252,0.1478,2.50696,3.16024
435,1,0,1e+08,29143374358997,29143374620557,29143374620601,29143374682433,29143374697005,29143374965129,29143375696611,29143375696796,16,13.378,2.6156,0.00044,0.61832,0.14572,2.68124,7.31482
436,1,0,1e+08,29143377266446,29143377490918,29143377490950,29143377539634,29143377554326,29143377783538,29143378085614,29143378085646,16,8.192,2.24472,0.00032,0.48684,0.14692,2.29212,3.02076
437,1,0,1e+08,29143379201166,29143380091500,29143380091596,29143380171984,29143380205958,29143380615052,29143380967720,29143380967760,16,17.6659,8.90334,0.00096,0.80388,0.33974,4.09094,3.52668
438,1,0,1e+08,29143382104486,29143382448624,29143382448688,29143382554729,29143382583145,29143382957386,29143383271090,29143383271122,16,11.6664,3.44138,0.00064,1.06041,0.28416,3.74241,3.13704
439,1,0,1e+08,29143384220080,29143384475216,29143384475256,29143384526568,29143384541844,29143384798700,29143385110076,29143385110116,16,8.90036,2.55136,0.0004,0.51312,0.15276,2.56856,3.11376
440,1,0,1e+08,29143386072214,29143386313772,29143386313812,29143386364272,29143386378508,29143386620888,29143386896432,29143386896460,16,8.24246,2.41558,0.0004,0.5046,0.14236,2.4238,2.75544
441,1,0,1e+08,29143387852036,29143388579173,29143388579277,29143388653121,29143388669901,29143388933925,29143389222201,29143389222237,16,13.702,7.27137,0.00104,0.73844,0.1678,2.64024,2.88276
442,1,0,1e+08,29143390284751,29143391106196,29143391106288,29143391190626,29143391221534,29143391661539,29143392014583,29143392014615,16,17.2986,8.21445,0.00092,0.84338,0.30908,4.40005,3.53044
443,1,0,1e+08,29143392995666,29143393281234,29143393281270,29143393339122,29143393353030,29143393600142,29143393894758,29143393894794,16,8.99128,2.85568,0.00036,0.57852,0.13908,2.47112,2.94616
444,1,0,1e+08,29143394792205,29143395101781,29143395101971,29143395261377,29143395320088,29143396093189,29143396503230,29143396503262,16,17.1106,3.09576,0.0019,1.59406,0.58711,7.73101,4.10041
445,1,0,1e+08,29143397522293,29143398021094,29143398021284,29143398182932,29143398242397,29143398957109,29143399343129,29143399343173,16,18.2088,4.98801,0.0019,1.61648,0.59465,7.14712,3.8602
446,1,0,1e+08,29143400343814,29143400899808,29143400899998,29143401060130,29143401118810,29143401738096,29143402101824,29143402101856,16,17.5804,5.55994,0.0019,1.60132,0.5868,6.19286,3.63728
447,1,0,1e+08,29143403125910,29143403380614,29143403380646,29143403429726,29143403444458,29143403681218,29143403977134,29143403977170,16,8.5126,2.54704,0.00032,0.4908,0.14732,2.3676,2.95916
448,1,0,1e+08,29143405973930,29143406227362,29143406227398,29143406284166,29143406298902,29143406496578,29143406748290,29143406748318,16,7.74388,2.53432,0.00036,0.56768,0.14736,1.97676,2.51712
449,1,0,1e+08,29143407654795,29143408458822,29143408458918,29143408540933,29143408573421,29143409053401,29143409389113,29143409389149,16,17.3435,8.04027,0.00096,0.82015,0.32488,4.7998,3.35712
450,1,0,1e+08,29143410420716,29143411323413,29143411323505,29143411401128,29143411428120,29143411898581,29143412226333,29143412226361,16,18.0565,9.02697,0.00092,0.77623,0.26992,4.70461,3.27752
451,1,0,1e+08,29143413277924,29143413585840,29143413585892,29143413641044,29143413655912,29143413969792,29143414285504,29143414285544,16,10.0762,3.07916,0.00052,0.55152,0.14868,3.1388,3.15712
452,1,0,1e+08,29143415284615,29143416053695,29143416054160,29143416206345,29143416249321,29143416714178,29143417081622,29143417081654,16,17.9704,7.6908,0.00465,1.52185,0.42976,4.64857,3.67444
453,1,0,1e+08,29143418043286,29143418952860,29143418952956,29143419058014,29143419089847,29143419481109,29143419811885,29143419811921,16,17.6864,9.09574,0.00096,1.05058,0.31833,3.91262,3.30776
454,1,0,1e+08,29143420813005,29143421324164,29143421324359,29143421483850,29143421560340,29143422206240,29143422583944,29143422583976,16,17.7097,5.11159,0.00195,1.59491,0.7649,6.459,3.77704
455,1,0,1e+08,29143423608797,29143423879515,29143423879547,29143423929091,29143423940131,29143424207783,29143424522823,29143424522867,16,9.1407,2.70718,0.00032,0.49544,0.1104,2.67652,3.1504
456,1,0,1e+08,29143425546562,29143426076326,29143426076516,29143426235081,29143426293853,29143426878443,29143427284231,29143427284263,16,17.377,5.29764,0.0019,1.58565,0.58772,5.8459,4.05788
457,1,0,1e+08,29143428600071,29143429367771,29143429367961,29143429460616,29143429502386,29143429954883,29143430323379,29143430323415,16,17.2334,7.677,0.0019,0.92655,0.4177,4.52497,3.68496
458,1,0,1e+08,29143431388168,29143432337144,29143432337208,29143432486852,29143432502856,29143432867932,29143433184168,29143433184196,16,17.9603,9.48976,0.00064,1.49644,0.16004,3.65076,3.16236
459,1,0,1e+08,29143434442464,29143435390262,29143435390318,29143435505846,29143435521726,29143436478740,29143436918136,29143436918180,16,24.7572,9.47798,0.00056,1.15528,0.1588,9.57014,4.39396
460,1,0,1e+08,29143438111553,29143439032866,29143439032958,29143439189258,29143439210450,29143439634489,29143439971493,29143439971525,16,18.5997,9.21313,0.00092,1.563,0.21192,4.24039,3.37004
461,1,0,1e+08,29143441077556,29143442048004,29143442048068,29143442120876,29143442141808,29143442586948,29143442894976,29143442895012,16,18.1746,9.70448,0.00064,0.72808,0.20932,4.4514,3.08028
462,1,0,1e+08,29143443975179,29143444998652,29143444998712,29143445070592,29143445089581,29143445459502,29143445778106,29143445778134,16,18.0295,10.2347,0.0006,0.7188,0.18989,3.69921,3.18604
463,1,0,1e+08,29143446840194,29143447495709,29143447495899,29143447656079,29143447702908,29143448190859,29143448561179,29143448561219,16,17.2102,6.55515,0.0019,1.6018,0.46829,4.87951,3.7032
464,1,0,1e+08,29143449621199,29143449879629,29143449879665,29143449931853,29143449946717,29143450218997,29143450526013,29143450526045,16,9.04846,2.5843,0.00036,0.52188,0.14864,2.7228,3.07016
465,1,0,1e+08,29143451434649,29143452421432,29143452421496,29143452488908,29143452508564,29143452959649,29143453283309,29143453283341,16,18.4869,9.86783,0.00064,0.67412,0.19656,4.51085,3.2366
466,1,0,1e+08,29143454305223,29143455107746,29143455107946,29143455231475,29143455274287,29143455737666,29143456105242,29143456105274,16,18.0005,8.02523,0.002,1.23529,0.42812,4.63379,3.67576
467,1,0,1e+08,29143457142127,29143457680870,29143457681070,29143457839438,29143457897795,29143458489459,29143458893152,29143458893192,16,17.5106,5.38743,0.002,1.58368,0.58357,5.91664,4.03693
468,1,0,1e+08,29143459960075,29143460187080,29143460187116,29143460237280,29143460252500,29143460504284,29143460820760,29143460820792,16,8.60717,2.27005,0.00036,0.50164,0.1522,2.51784,3.16476
469,1,0,1e+08,29143461769793,29143462022679,29143462022711,29143462072607,29143462084151,29143462566043,29143463325690,29143463325754,16,15.5596,2.52886,0.00032,0.49896,0.11544,4.81892,7.59647
470,1,0,1e+08,29143464481185,29143464749659,29143464749859,29143464911382,29143464971052,29143465761311,29143466179367,29143466179403,16,16.9822,2.68474,0.002,1.61523,0.5967,7.90259,4.18056
471,1,0,1e+08,29143467287182,29143467562899,29143467562931,29143467612491,29143467629099,29143467895030,29143468834613,29143468834677,16,15.4749,2.75717,0.00032,0.4956,0.16608,2.65931,9.39583
472,1,0,1e+08,29143470114659,29143470362255,29143470362287,29143470421083,29143470435899,29143470724203,29143471042595,29143471042623,16,9.27964,2.47596,0.00032,0.58796,0.14816,2.88304,3.18392
473,1,0,1e+08,29143472033137,29143472300139,29143472300329,29143472461462,29143472538508,29143473320160,29143473751748,29143473751792,16,17.1865,2.67002,0.0019,1.61133,0.77046,7.81652,4.31588
474,1,0,1e+08,29143474809233,29143475613519,29143475613619,29143475704373,29143475735641,29143476200423,29143476546119,29143476546151,16,17.3692,8.04286,0.001,0.90754,0.31268,4.64782,3.45696
475,1,0,1e+08,29143477728608,29143478515511,29143478515611,29143478598014,29143478631434,29143479071510,29143479420126,29143479420166,16,16.9156,7.86903,0.001,0.82403,0.3342,4.40076,3.48616
476,1,0,1e+08,29143480652126,29143481639876,29143481639940,29143481707536,29143481728236,29143482112368,29143482426128,29143482426160,16,17.7403,9.8775,0.00064,0.67596,0.207,3.84132,3.1376
477,1,0,1e+08,29143483445061,29143483692947,29143483692991,29143483745063,29143483759767,29143484036447,29143484351651,29143484351691,16,9.0663,2.47886,0.00044,0.52072,0.14704,2.7668,3.15204
478,1,0,1e+08,29143485289004,29143486104687,29143486104783,29143486185868,29143486215392,29143486661473,29143487020837,29143487020869,16,17.3187,8.15683,0.00096,0.81085,0.29524,4.46081,3.59364
479,1,0,1e+08,29143488038020,29143488542681,29143488542881,29143488703254,29143488762539,29143489341069,29143489733009,29143489733049,16,16.9503,5.04661,0.002,1.60373,0.59285,5.7853,3.9194
480,1,0,1e+08,29143491014799,29143491870527,29143491870717,29143491967344,29143492000962,29143492453923,29143492804967,29143492804999,16,17.902,8.55728,0.0019,0.96627,0.33618,4.52961,3.51044
481,1,0,1e+08,29143493803304,29143494570504,29143494570699,29143494664611,29143494697797,29143495148721,29143495506981,29143495507021,16,17.0372,7.672,0.00195,0.93912,0.33186,4.50924,3.5826
482,1,0,1e+08,29143496582669,29143496823831,29143496823875,29143496874967,29143496895091,29143497205091,29143497555119,29143497555163,16,9.72494,2.41162,0.00044,0.51092,0.20124,3.1,3.50028
483,1,0,1e+08,29143498465512,29143498702304,29143498702340,29143498751912,29143498766000,29143499130990,29143499981939,29143499982003,16,15.1649,2.36792,0.00036,0.49572,0.14088,3.6499,8.50949
484,1,0,1e+08,29143501187882,29143501465150,29143501465182,29143501514878,29143501529562,29143501769050,29143502105754,29143502105794,16,9.17912,2.77268,0.00032,0.49696,0.14684,2.39488,3.36704
485,1,0,1e+08,29143503042418,29143503292746,29143503292778,29143503341470,29143503355550,29143503571706,29143503846430,29143503846462,16,8.04044,2.50328,0.00032,0.48692,0.1408,2.16156,2.74724
486,1,0,1e+08,29143504795942,29143505377043,29143505377233,29143505536198,29143505595023,29143506149354,29143506535866,29143506535902,16,17.3996,5.81101,0.0019,1.58965,0.58825,5.54331,3.86512
487,1,0,1e+08,29143507547190,29143507784284,29143507784324,29143507834212,29143507848924,29143508102788,29143508408368,29143508408408,16,8.61218,2.37094,0.0004,0.49888,0.14712,2.53864,3.0558
488,1,0,1e+08,29143509351218,29143509827118,29143509827238,29143509883846,29143509922242,29143510166898,29143510446282,29143510446306,16,10.9509,4.759,0.0012,0.56608,0.38396,2.44656,2.79384
489,1,0,1e+08,29143511337814,29143512216857,29143512216953,29143512298628,29143512331684,29143512771728,29143513124800,29143513124840,16,17.8703,8.79043,0.00096,0.81675,0.33056,4.40044,3.53072
490,1,0,1e+08,29143514106205,29143514382725,29143514382765,29143514430061,29143514444689,29143514730545,29143515215178,29143515215226,16,11.0902,2.7652,0.0004,0.47296,0.14628,2.85856,4.84633
491,1,0,1e+08,29143516236336,29143516481124,29143516481164,29143516532536,29143516543868,29143516798008,29143517087796,29143517087832,16,8.51496,2.44788,0.0004,0.51372,0.11332,2.5414,2.89788
492,1,0,1e+08,29143518077565,29143518326966,29143518327006,29143518378766,29143518393410,29143518658090,29143518938034,29143518938062,16,8.60497,2.49401,0.0004,0.5176,0.14644,2.6468,2.79944
493,1,0,1e+08,29143519951728,29143520204796,29143520204836,29143520255172,29143520269876,29143520511568,29143520794860,29143520794896,16,8.43168,2.53068,0.0004,0.50336,0.14704,2.41692,2.83292
494,1,0,1e+08,29143521719809,29143522861723,29143522862188,29143522968377,29143522994637,29143523445872,29143523806124,29143523806156,16,20.8635,11.4191,0.00465,1.06189,0.2626,4.51235,3.60252
495,1,0,1e+08,29143524829799,29143525103244,29143525103292,29143525157224,29143525171904,29143525481860,29143525796088,29143525796128,16,9.66329,2.73445,0.00048,0.53932,0.1468,3.09956,3.14228
496,1,0,1e+08,29143526862571,29143527103571,29143527103611,29143527172519,29143527187891,29143527466467,29143527928537,29143527928577,16,10.6601,2.41,0.0004,0.68908,0.15372,2.78576,4.6207
497,1,0,1e+08,29143528976530,29143530006217,29143530006281,29143530111801,29143530133005,29143530517897,29143530842189,29143530842225,16,18.6569,10.2969,0.00064,1.0552,0.21204,3.84892,3.24292
498,1,0,1e+08,29143532099839,29143533576869,29143533577105,29143533661426,29143533698548,29143534114694,29143534461766,29143534461798,16,23.6196,14.7703,0.00236,0.84321,0.37122,4.16146,3.47072
499,1,0,1e+08,29143535599295,29143535933577,29143535933629,29143535998565,29143536014577,29143536484924,29143536810968,29143536811004,16,12.1171,3.34282,0.00052,0.64936,0.16012,4.70347,3.26044
500,1,0,1e+08,29143537836676,29143538682385,29143538682477,29143538799882,29143538836166,29143539240495,29143539582171,29143539582203,16,17.4553,8.45709,0.00092,1.17405,0.36284,4.04329,3.41676
501,1,0,1e+08,29143541403880,29143541794701,29143541794745,29143541846713,29143541861293,29143542115117,29143542383529,29143542383557,16,9.79677,3.90821,0.00044,0.51968,0.1458,2.53824,2.68412
502,1,0,1e+08,29143543402836,29143543698434,29143543698478,29143543749226,29143543762790,29143544015142,29143544285162,29143544285194,16,8.82358,2.95598,0.00044,0.50748,0.13564,2.52352,2.7002
503,1,0,1e+08,29143545306756,29143546017192,29143546017392,29143546135312,29143546177460,29143546706088,29143547052624,29143547052664,16,17.4591,7.10436,0.002,1.1792,0.42148,5.28628,3.46536
504,1,0,1e+08,29143548110838,29143548411023,29143548411075,29143548465623,29143548480383,29143548792135,29143549099587,29143549099619,16,9.88781,3.00185,0.00052,0.54548,0.1476,3.11752,3.07452
505,1,0,1e+08,29143550102456,29143551771776,29143551771916,29143551832600,29143551847416,29143552115700,29143552434944,29143552434976,16,23.3252,16.6932,0.0014,0.60684,0.14816,2.68284,3.19244
506,1,0,1e+08,29143553359981,29143553652013,29143553652101,29143553773086,29143553824582,29143554117358,29143554418086,29143554418118,16,10.5814,2.92032,0.00088,1.20985,0.51496,2.92776,3.00728
507,1,0,1e+08,29143555342911,29143555595861,29143555595901,29143555646841,29143555661801,29143555899601,29143556653161,29143556653346,16,13.1044,2.5295,0.0004,0.5094,0.1496,2.378,7.5356
508,1,0,1e+08,29143558207283,29143558464689,29143558464733,29143558516089,29143558527569,29143558829053,29143559169389,29143559169429,16,9.62146,2.57406,0.00044,0.51356,0.1148,3.01484,3.40336
509,1,0,1e+08,29143560178399,29143560447499,29143560447535,29143560497291,29143560510451,29143560772107,29143561043555,29143561043595,16,8.65196,2.691,0.00036,0.49756,0.1316,2.61656,2.71448
510,1,0,1e+08,29143562177299,29143563187360,29143563187424,29143563321076,29143563335492,29143563691992,29143564024540,29143564024568,16,18.4727,10.1006,0.00064,1.33652,0.14416,3.565,3.32548
511,1,0,1e+08,29143565478212,29143566186840,29143566186904,29143566320360,29143566336920,29143566664640,29143566967708,29143566967740,16,14.8953,7.08628,0.00064,1.33456,0.1656,3.2772,3.03068
512,1,0,1e+08,29143567940722,29143568498206,29143568498266,29143568562382,29143568577142,29143568893651,29143569209923,29143569209951,16,12.6923,5.57484,0.0006,0.64116,0.1476,3.16509,3.16272
513,1,0,1e+08,29143570266556,29143570527856,29143570527896,29143570577760,29143570592448,29143570882324,29143571222380,29143571222416,16,9.5586,2.613,0.0004,0.49864,0.14688,2.89876,3.40056
514,1,0,1e+08,29143572185000,29143572898653,29143572898853,29143573028963,29143573070655,29143573604414,29143573964962,29143573964994,16,17.7999,7.13653,0.002,1.3011,0.41692,5.33759,3.60548
515,1,0,1e+08,29143574951686,29143575209400,29143575209444,29143575260084,29143575274772,29143575559740,29143575881084,29143575881120,16,9.29434,2.57714,0.00044,0.5064,0.14688,2.84968,3.21344
516,1,0,1e+08,29143576990276,29143577279987,29143577280027,29143577331315,29143577348139,29143577594607,29143577876823,29143577876851,16,8.86575,2.89711,0.0004,0.51288,0.16824,2.46468,2.82216
517,1,0,1e+08,29143578837004,29143579089448,29143579089488,29143579140640,29143579159688,29143579416548,29143579714952,29143579714992,16,8.77988,2.52444,0.0004,0.51152,0.19048,2.5686,2.98404
518,1,0,1e+08,29143580772224,29143581103772,29143581103920,29143581168360,29143581183472,29143581550196,29143581900480,29143581900520,16,11.283,3.31548,0.00148,0.6444,0.15112,3.66724,3.50284
519,1,0,1e+08,29143582890910,29143583691568,29143583692053,29143583787460,29143583830428,29143584306921,29143584680437,29143584680477,16,17.8957,8.00658,0.00485,0.95407,0.42968,4.76493,3.73516
520,1,0,1e+08,29143585926104,29143586336156,29143586336244,29143586447742,29143586466682,29143586996120,29143587466732,29143587466776,16,15.4067,4.10052,0.00088,1.11498,0.1894,5.29438,4.70612
521,1,0,1e+08,29143588587284,29143588875728,29143588875776,29143588937888,29143588952940,29143589279848,29143589680112,29143589680152,16,10.9287,2.88444,0.00048,0.62112,0.15052,3.26908,4.00264
522,1,0,1e+08,29143590729141,29143591616944,29143591617036,29143591695244,29143591720400,29143592130910,29143592504578,29143592504606,16,17.7547,8.87803,0.00092,0.78208,0.25156,4.1051,3.73668
523,1,0,1e+08,29143593524532,29143593807384,29143593807428,29143593859768,29143593875016,29143594255117,29143594569617,29143594569653,16,10.4512,2.82852,0.00044,0.5234,0.15248,3.80101,3.145
524,1,0,1e+08,29143595488364,29143595791631,29143595791826,29143595953412,29143596167333,29143596834781,29143597238814,29143597238850,16,17.5049,3.03267,0.00195,1.61586,2.13921,6.67448,4.04033
525,1,0,1e+08,29143598261757,29143598851207,29143598851402,29143599012796,29143599089673,29143599622203,29143599998063,29143599998103,16,17.3635,5.8945,0.00195,1.61394,0.76877,5.3253,3.7586
526,1,0,1e+08,29143600993363,29143601559487,29143601559687,29143601718745,29143601794580,29143602355566,29143602747854,29143602747886,16,17.5452,5.66124,0.002,1.59058,0.75835,5.60986,3.92288
527,1,0,1e+08,29143603752679,29143604004628,29143604004668,29143604055300,29143604066484,29143604351688,29143604646812,29143604646852,16,8.94173,2.51949,0.0004,0.50632,0.11184,2.85204,2.95124
528,1,0,1e+08,29143605629687,29143605881023,29143605881051,29143605959647,29143605972943,29143606254635,29143606504727,29143606504751,16,8.75064,2.51336,0.00028,0.78596,0.13296,2.81692,2.50092
529,1,0,1e+08,29143607426094,29143607689238,29143607689274,29143607738418,29143607753194,29143607979782,29143608249834,29143608249866,16,8.23772,2.63144,0.00036,0.49144,0.14776,2.26588,2.70052
530,1,0,1e+08,29143609188111,29143610482244,29143610482456,29143610549552,29143610575980,29143610971488,29143611303192,29143611303220,16,21.1511,12.9413,0.00212,0.67096,0.26428,3.95508,3.31704
531,1,0,1e+08,29143612382662,29143612641651,29143612641699,29143612719151,29143612731587,29143613024399,29143613304879,29143613304915,16,9.22253,2.58989,0.00048,0.77452,0.12436,2.92812,2.8048
532,1,0,1e+08,29143614309998,29143614607499,29143614607575,29143614665303,29143614677427,29143614887863,29143615165619,29143615165647,16,8.55649,2.97501,0.00076,0.57728,0.12124,2.10436,2.77756
533,1,0,1e+08,29143616139948,29143616354104,29143616354140,29143616403044,29143616413972,29143616676532,29143616962792,29143616962824,16,8.22876,2.14156,0.00036,0.48904,0.10928,2.6256,2.8626
534,1,0,1e+08,29143618007957,29143618275471,29143618275503,29143618324439,29143618342487,29143618570571,29143618842671,29143618842695,16,8.34738,2.67514,0.00032,0.48936,0.18048,2.28084,2.721
535,1,0,1e+08,29143619831246,29143620095376,29143620095412,29143620144540,29143620159180,29143620397608,29143620719228,29143620719272,16,8.88026,2.6413,0.00036,0.49128,0.1464,2.38428,3.2162
536,1,0,1e+08,29143621670690,29143622512780,29143622513260,29143622673468,29143622750380,29143623270520,29143623649700,29143623649732,16,19.7904,8.4209,0.0048,1.60208,0.76912,5.2014,3.7918
537,1,0,1e+08,29143624697241,29143624972551,29143624972587,29143625024887,29143625041923,29143625273171,29143625556367,29143625556403,16,8.59162,2.7531,0.00036,0.523,0.17036,2.31248,2.83196
538,1,0,1e+08,29143626552531,29143627731489,29143627731649,29143627799545,29143627830381,29143628214761,29143628541969,29143628541997,16,19.8947,11.7896,0.0016,0.67896,0.30836,3.8438,3.27208
539,1,0,1e+08,29143629686462,29143630700860,29143630700924,29143630828296,29143630842100,29143631196784,29143631513616,29143631513652,16,18.2719,10.144,0.00064,1.27372,0.13804,3.54684,3.16832
540,1,0,1e+08,29143632837952,29143633776120,29143633776184,29143633914673,29143633928897,29143634292213,29143634609805,29143634609833,16,17.7188,9.38168,0.00064,1.38489,0.14224,3.63316,3.17592
541,1,0,1e+08,29143635889223,29143636731865,29143636731957,29143636818309,29143636848521,29143637310225,29143637654745,29143637654785,16,17.6556,8.42642,0.00092,0.86352,0.30212,4.61704,3.4452
542,1,0,1e+08,29143638721368,29143639025552,29143639025600,29143639081488,29143639093988,29143639488096,29143639795068,29143639795096,16,10.7373,3.04184,0.00048,0.55888,0.125,3.94108,3.06972
543,1,0,1e+08,29143640916834,29143641216094,29143641216138,29143641267338,29143641282078,29143641539462,29143641821082,29143641821118,16,9.04284,2.9926,0.00044,0.512,0.1474,2.57384,2.8162
544,1,0,1e+08,29143642818497,29143643111145,29143643111185,29143643172169,29143643187065,29143643448385,29143643747513,29143643747553,16,9.29056,2.92648,0.0004,0.60984,0.14896,2.6132,2.99128
545,1,0,1e+08,29143644621303,29143644880685,29143644880717,29143644930897,29143644946089,29143645193117,29143646099490,29143646099582,16,14.7828,2.59382,0.00032,0.5018,0.15192,2.47028,9.06373
546,1,0,1e+08,29143647505801,29143647733981,29143647734025,29143647784841,29143647799513,29143648098081,29143648423421,29143648423457,16,9.17656,2.2818,0.00044,0.50816,0.14672,2.98568,3.2534
547,1,0,1e+08,29143649330398,29143650135557,29143650135665,29143650196773,29143650211557,29143650519085,29143650877313,29143650877361,16,15.4696,8.05159,0.00108,0.61108,0.14784,3.07528,3.58228
548,1,0,1e+08,29143651774261,29143652072025,29143652072057,29143652116829,29143652135837,29143652374345,29143652669065,29143652669093,16,8.94832,2.97764,0.00032,0.44772,0.19008,2.38508,2.9472
549,1,0,1e+08,29143653662737,29143654530771,29143654530863,29143654611221,29143654652505,29143655130877,29143655478965,29143655479005,16,18.1627,8.68034,0.00092,0.80358,0.41284,4.78372,3.48088
550,1,0,1e+08,29143656544594,29143656856199,29143656856231,29143656900711,29143656923023,29143657148303,29143657461507,29143657461535,16,9.16941,3.11605,0.00032,0.4448,0.22312,2.2528,3.13204
551,1,0,1e+08,29143658382577,29143658624273,29143658624305,29143658672473,29143658690041,29143658886085,29143659136681,29143659136717,16,7.5414,2.41696,0.00032,0.48168,0.17568,1.96044,2.50596
552,1,0,1e+08,29143660159799,29143660622515,29143660622705,29143660782003,29143660858448,29143661480059,29143661888046,29143661888078,16,17.2828,4.62716,0.0019,1.59298,0.76445,6.21611,4.07987
553,1,0,1e+08,29143663010637,29143663781061,29143663781261,29143663870556,29143663912416,29143664424659,29143664775131,29143664775167,16,17.6453,7.70424,0.002,0.89295,0.4186,5.12243,3.50472
554,1,0,1e+08,29143665786904,29143666060802,29143666061002,29143666220942,29143666315605,29143667067256,29143667492480,29143667492516,16,17.0561,2.73898,0.002,1.5994,0.94663,7.51651,4.25224
555,1,0,1e+08,29143668542104,29143669434025,29143669434117,29143669507784,29143669539504,29143669967371,29143670305207,29143670305243,16,17.6314,8.91921,0.00092,0.73667,0.3172,4.27867,3.37836
556,1,0,1e+08,29143671387750,29143672519536,29143672519760,29143672602974,29143672636114,29143673101004,29143673452060,29143673452092,16,20.6434,11.3179,0.00224,0.83214,0.3314,4.6489,3.51056
557,1,0,1e+08,29143674477668,29143674750660,29143674750696,29143674809668,29143674824784,29143675077968,29143675345572,29143675345604,16,8.67936,2.72992,0.00036,0.58972,0.15116,2.53184,2.67604
558,1,0,1e+08,29143676278429,29143676908146,29143676908341,29143677072747,29143677151965,29143677661134,29143678027806,29143678027834,16,17.4941,6.29717,0.00195,1.64406,0.79218,5.09169,3.66672
559,1,0,1e+08,29143679018966,29143679291931,29143679291963,29143679356983,29143679372067,29143679870932,29143680670091,29143680670155,16,16.5119,2.72965,0.00032,0.6502,0.15084,4.98865,7.99159
560,1,0,1e+08,29143682136488,29143682911954,29143682912050,29143682993410,29143683035170,29143683506200,29143683866908,29143683866940,16,17.3045,7.75466,0.00096,0.8136,0.4176,4.7103,3.60708
561,1,0,1e+08,29143685015812,29143685470115,29143685470315,29143685630310,29143685690029,29143686339282,29143686732599,29143686732639,16,17.1683,4.54303,0.002,1.59995,0.59719,6.49253,3.93317
562,1,0,1e+08,29143687775539,29143688009933,29143688009973,29143688059285,29143688073401,29143688344737,29143688665201,29143688665233,16,8.89694,2.34394,0.0004,0.49312,0.14116,2.71336,3.20464
563,1,0,1e+08,29143689611149,29143689897663,29143689897747,29143689946739,29143689961115,29143690181603,29143690454823,29143690454855,16,8.43706,2.86514,0.00084,0.48992,0.14376,2.20488,2.7322
564,1,0,1e+08,29143691514010,29143691791998,29143691792034,29143691842754,29143691857418,29143692201227,29143693113475,29143693113523,16,15.9951,2.77988,0.00036,0.5072,0.14664,3.43809,9.12248
565,1,0,1e+08,29143694519414,29143695305714,29143695305822,29143695387230,29143695420170,29143695866174,29143696232686,29143696232722,16,17.1331,7.863,0.00108,0.81408,0.3294,4.46004,3.66512
566,1,0,1e+08,29143697448229,29143698244724,29143698244820,29143698327544,29143698373760,29143698795364,29143699143896,29143699143928,16,16.957,7.96495,0.00096,0.82724,0.46216,4.21604,3.48532
567,1,0,1e+08,29143700399074,29143701068078,29143701068268,29143701227292,29143701300553,29143701795193,29143702169189,29143702169233,16,17.7016,6.69004,0.0019,1.59024,0.73261,4.9464,3.73996
568,1,0,1e+08,29143703448920,29143703767944,29143703768068,29143703826384,29143703841064,29143704128136,29143704428740,29143704428772,16,9.79852,3.19024,0.00124,0.58316,0.1468,2.87072,3.00604
569,1,0,1e+08,29143705327457,29143705606023,29143705606063,29143705660463,29143705674443,29143705958011,29143706317507,29143706317543,16,9.90086,2.78566,0.0004,0.544,0.1398,2.83568,3.59496
570,1,0,1e+08,29143707398453,29143708219425,29143708219521,29143708300572,29143708333320,29143708775004,29143709135844,29143709135872,16,17.3742,8.20972,0.00096,0.81051,0.32748,4.41684,3.6084
571,1,0,1e+08,29143710313820,29143710622037,29143710622085,29143710672077,29143710686869,29143710998838,29143711394382,29143711394418,16,10.806,3.08217,0.00048,0.49992,0.14792,3.11969,3.95544
572,1,0,1e+08,29143712319954,29143713231636,29143713231728,29143713306220,29143713331544,29143713748712,29143714095000,29143714095032,16,17.7508,9.11682,0.00092,0.74492,0.25324,4.17168,3.46288
573,1,0,1e+08,29143715072629,29143715371738,29143715371786,29143715426506,29143715441714,29143715907287,29143716255103,29143716255139,16,11.8251,2.99109,0.00048,0.5472,0.15208,4.65573,3.47816
574,1,0,1e+08,29143717202917,29143717872514,29143717872714,29143718033022,29143718104361,29143718596595,29143718981147,29143718981183,16,17.7827,6.69597,0.002,1.60308,0.71339,4.92234,3.84552
575,1,0,1e+08,29143720064610,29143720694403,29143720694603,29143720851215,29143720930116,29143721446416,29143721839313,29143721839353,16,17.7474,6.29793,0.002,1.56612,0.78901,5.163,3.92897
576,1,0,1e+08,29143722896514,29143723600293,29143723600478,29143723732770,29143723852009,29143724284263,29143724629931,29143724629963,16,17.3345,7.03779,0.00185,1.32292,1.19239,4.32254,3.45668
577,1,0,1e+08,29143725612680,29143726463116,29143726463208,29143726543632,29143726586472,29143727120044,29143727463888,29143727463928,16,18.5125,8.50436,0.00092,0.80424,0.4284,5.33572,3.43844
578,1,0,1e+08,29143728600992,29143729402724,29143729402836,29143729487664,29143729533048,29143730052264,29143730412904,29143730412936,16,18.1194,8.01732,0.00112,0.84828,0.45384,5.19216,3.6064
579,1,0,1e+08,29143731520682,29143732411978,29143732412148,29143732554853,29143732575549,29143733078429,29143733553641,29143733553685,16,20.33,8.91296,0.0017,1.42705,0.20696,5.0288,4.75212
580,1,0,1e+08,29143735357837,29143735663677,29143735663717,29143735725117,29143735739641,29143736036261,29143736356121,29143736356161,16,9.98324,3.0584,0.0004,0.614,0.14524,2.9662,3.1986
581,1,0,1e+08,29143737274161,29143737584691,29143737584731,29143737637167,29143737651939,29143737909783,29143738186639,29143738186675,16,9.12514,3.1053,0.0004,0.52436,0.14772,2.57844,2.76856
582,1,0,1e+08,29143739129900,29143739677215,29143739677405,29143739927589,29143739964644,29143740512601,29143740920342,29143740920378,16,17.9048,5.47315,0.0019,2.50184,0.37055,5.47957,4.07741
583,1,0,1e+08,29143741968947,29143742615163,29143742615353,29143742775958,29143742820941,29143743375914,29143743740278,29143743740318,16,17.7137,6.46216,0.0019,1.60605,0.44983,5.54973,3.64364
584,1,0,1e+08,29143744729006,29143745486516,29143745486706,29143745624663,29143745670183,29143746139041,29143746515149,29143746515181,16,17.8618,7.5751,0.0019,1.37957,0.4552,4.68858,3.76108
585,1,0,1e+08,29143747566491,29143747821735,29143747821783,29143747952789,29143748012207,29143748872630,29143749312444,29143749312488,16,17.46,2.55244,0.00048,1.31006,0.59418,8.60423,4.39814
586,1,0,1e+08,29143750473224,29143750764741,29143750764785,29143750819277,29143750832537,29143751171257,29143751456685,29143751456709,16,9.83485,2.91517,0.00044,0.54492,0.1326,3.3872,2.85428
587,1,0,1e+08,29143752422731,29143753312403,29143753312507,29143753459691,29143753501833,29143753957292,29143754320828,29143754320868,16,18.9814,8.89672,0.00104,1.47184,0.42142,4.55459,3.63536
588,1,0,1e+08,29143755533165,29143755869133,29143755869173,29143755925389,29143755940025,29143756279610,29143756690834,29143756690870,16,11.577,3.35968,0.0004,0.56216,0.14636,3.39585,4.11224
589,1,0,1e+08,29143757706573,29143758122211,29143758122411,29143758283132,29143758360122,29143759015228,29143759423660,29143759423700,16,17.1713,4.15638,0.002,1.60721,0.7699,6.55106,4.08432
590,1,0,1e+08,29143760473158,29143761034607,29143761034807,29143761193644,29143761269934,29143761785496,29143762168920,29143762168956,16,16.958,5.61449,0.002,1.58837,0.7629,5.15562,3.83424
591,1,0,1e+08,29143763321515,29143763796058,29143763796258,29143763953783,29143764030330,29143764668259,29143765084008,29143765084056,16,17.6254,4.74543,0.002,1.57525,0.76547,6.37929,4.15749
592,1,0,1e+08,29143766168658,29143766413887,29143766413927,29143766491891,29143766503471,29143766764223,29143767047535,29143767047559,16,8.78901,2.45229,0.0004,0.77964,0.1158,2.60752,2.83312
593,1,0,1e+08,29143767962361,29143768192105,29143768192137,29143768239677,29143768254237,29143768447313,29143768697257,29143768697289,16,7.34928,2.29744,0.00032,0.4754,0.1456,1.93076,2.49944
594,1,0,1e+08,29143769727191,29143770219608,29143770219808,29143770378255,29143770436856,29143771043614,29143771437418,29143771437450,16,17.1026,4.92417,0.002,1.58447,0.58601,6.06758,3.93804
595,1,0,1e+08,29143772559749,29143773452022,29143773452114,29143773585742,29143773600967,29143773994160,29143774321988,29143774322024,16,17.6227,8.92273,0.00092,1.33628,0.15225,3.93193,3.27828
596,1,0,1e+08,29143775395582,29143775673926,29143775673970,29143775727650,29143775742850,29143776055154,29143776348322,29143776348350,16,9.52768,2.78344,0.00044,0.5368,0.152,3.12304,2.93168
597,1,0,1e+08,29143777189655,29143777438491,29143777438519,29143777491951,29143777506603,29143777727067,29143778006299,29143778006331,16,8.16676,2.48836,0.00028,0.53432,0.14652,2.20464,2.79232
598,1,0,1e+08,29143778900611,29143779679162,29143779679352,29143779811324,29143779832004,29143780276855,29143780637243,29143780637275,16,17.3666,7.78551,0.0019,1.31972,0.2068,4.44851,3.60388
599,1,0,1e+08,29143781844821,29143782616965,29143782617057,29143782699608,29143782732724,29143783204671,29143783553991,29143783554031,16,17.0921,7.72144,0.00092,0.82551,0.33116,4.71947,3.4932
600,1,0,1e+08,29143784682534,29143785012702,29143785012872,29143785169280,29143785198499,29143785676910,29143786006902,29143786006934,16,13.244,3.30168,0.0017,1.56408,0.29219,4.78411,3.29992
601,1,0,1e+08,29143787086182,29143788090828,29143788090888,29143788233945,29143788247649,29143788598529,29143788911869,29143788911901,16,18.2572,10.0465,0.0006,1.43057,0.13704,3.5088,3.1334
602,1,0,1e+08,29143789936189,29143790202817,29143790202857,29143790253793,29143790268361,29143790544773,29143790847817,29143790847849,16,9.1166,2.66628,0.0004,0.50936,0.14568,2.76412,3.03044
603,1,0,1e+08,29143791792077,29143792029078,29143792029118,29143792080054,29143792094698,29143792383862,29143792714858,29143792714898,16,9.22821,2.37001,0.0004,0.50936,0.14644,2.89164,3.30996
604,1,0,1e+08,29143793584659,29143795825105,29143795825225,29143795902077,29143795916521,29143796231825,29143796536277,29143796536305,16,29.5165,22.4045,0.0012,0.76852,0.14444,3.15304,3.04452
605,1,0,1e+08,29143797576873,29143797826139,29143797826179,29143797875839,29143797890415,29143798124171,29143798419175,29143798419211,16,8.42338,2.49266,0.0004,0.4966,0.14576,2.33756,2.95004
606,1,0,1e+08,29143799375778,29143799688318,29143799688362,29143799738778,29143799753410,29143800069010,29143800473457,29143800473602,16,10.9782,3.1254,0.00044,0.50416,0.14632,3.156,4.04447
607,1,0,1e+08,29143802616844,29143802959556,29143802959616,29143803017300,29143803032660,29143803411578,29143803948812,29143803948864,16,13.3202,3.42712,0.0006,0.57684,0.1536,3.78918,5.37234
608,1,0,1e+08,29143805012326,29143805412928,29143805413103,29143805569013,29143805622141,29143806293434,29143806710703,29143806710735,16,16.9841,4.00602,0.00175,1.5591,0.53128,6.71293,4.17269
609,1,0,1e+08,29143807870367,29143808601685,29143808601875,29143808736200,29143808778456,29143809280578,29143809634238,29143809634274,16,17.6391,7.31318,0.0019,1.34325,0.42256,5.02122,3.5366
610,1,0,1e+08,29143810917114,29143811724665,29143811724835,29143811880725,29143811908758,29143812382913,29143812906860,29143812907000,16,19.8989,8.07551,0.0017,1.5589,0.28033,4.74155,5.23947
611,1,0,1e+08,29143814879866,29143815202056,29143815202148,29143815288072,29143815317971,29143816150670,29143816464558,29143816464602,16,15.8474,3.2219,0.00092,0.85924,0.29899,8.32699,3.13888
612,1,0,1e+08,29143817581916,29143817884084,29143817884120,29143817936632,29143817951380,29143818218516,29143818520708,29143818520736,16,9.3882,3.02168,0.00036,0.52512,0.14748,2.67136,3.02192
613,1,0,1e+08,29143819678628,29143820064200,29143820064260,29143820124720,29143820138856,29143820529396,29143820897224,29143820897268,16,12.1864,3.85572,0.0006,0.6046,0.14136,3.9054,3.67828
614,1,0,1e+08,29143822028202,29143822823668,29143822824148,29143822949242,29143822992198,29143823497078,29143823888618,29143823888650,16,18.6045,7.95466,0.0048,1.25094,0.42956,5.0488,3.9154
615,1,0,1e+08,29143825973227,29143826360219,29143826360267,29143826428975,29143826442719,29143826710283,29143827110024,29143827110189,16,11.3696,3.86992,0.00048,0.68708,0.13744,2.67564,3.99741
616,1,0,1e+08,29143829555357,29143830436833,29143830436925,29143830516261,29143830538165,29143830973334,29143831323630,29143831323662,16,17.683,8.81476,0.00092,0.79336,0.21904,4.35169,3.50296
617,1,0,1e+08,29143833193595,29143833624264,29143833624316,29143833690360,29143833702944,29143833992836,29143834267216,29143834267252,16,10.7366,4.30669,0.00052,0.66044,0.12584,2.89892,2.7438
618,1,0,1e+08,29143835562885,29143836619976,29143836620040,29143836737876,29143836753652,29143837139932,29143837461896,29143837461928,16,18.9904,10.5709,0.00064,1.17836,0.15776,3.8628,3.21964
619,1,0,1e+08,29143839453842,29143839823842,29143839823886,29143839886434,29143839900142,29143840169218,29143840496550,29143840496606,16,10.4276,3.7,0.00044,0.62548,0.13708,2.69076,3.27332
620,1,0,1e+08,29143842611437,29143842914094,29143842914126,29143842970842,29143842982478,29143843236862,29143843550934,29143843550982,16,9.39545,3.02657,0.00032,0.56716,0.11636,2.54384,3.14072
621,1,0,1e+08,29143844466488,29143844743590,29143844743634,29143844796322,29143844808290,29143845085698,29143845410906,29143845410942,16,9.44454,2.77102,0.00044,0.52688,0.11968,2.77408,3.25208
622,1,0,1e+08,29143846321388,29143847088572,29143847088772,29143847179403,29143847209013,29143847657118,29143848017562,29143848017594,16,16.9621,7.67184,0.002,0.90631,0.2961,4.48105,3.60444
623,1,0,1e+08,29143849110827,29143849486034,29143849486086,29143849541974,29143849558770,29143849867670,29143850155074,29143850155110,16,10.4428,3.75207,0.00052,0.55888,0.16796,3.089,2.87404
624,1,0,1e+08,29143851118192,29143851393228,29143851393260,29143851448960,29143851471036,29143851753164,29143852068916,29143852068948,16,9.50756,2.75036,0.00032,0.557,0.22076,2.82128,3.15752
625,1,0,1e+08,29143853025238,29143853644413,29143853644649,29143853751465,29143853786295,29143854084370,29143854328094,29143854328126,16,13.0289,6.19175,0.00236,1.06816,0.3483,2.98075,2.43724
626,1,0,1e+08,29143855274391,29143855572561,29143855572605,29143855629865,29143855643049,29143855923981,29143856277265,29143856277329,16,10.0294,2.9817,0.00044,0.5726,0.13184,2.80932,3.53284
627,1,0,1e+08,29143857197927,29143857523237,29143857523277,29143857577709,29143857597561,29143857854089,29143858141105,29143858141137,16,9.4321,3.2531,0.0004,0.54432,0.19852,2.56528,2.87016
628,1,0,1e+08,29143859142189,29143859500112,29143859500152,29143859550808,29143859565436,29143859816976,29143860095284,29143860095312,16,9.53123,3.57923,0.0004,0.50656,0.14628,2.5154,2.78308
629,1,0,1e+08,29143861154023,29143861479980,29143861480024,29143861530608,29143861545340,29143861811172,29143862135572,29143862135608,16,9.81585,3.25957,0.00044,0.50584,0.14732,2.65832,3.244
630,1,0,1e+08,29143863215993,29143864235856,29143864236336,29143864396952,29143864437610,29143864918309,29143865291217,29143865291249,16,20.7526,10.1986,0.0048,1.60616,0.40658,4.80699,3.72908
631,1,0,1e+08,29143866429039,29143867085901,29143867086101,29143867247429,29143867303497,29143867793444,29143868169652,29143868169692,16,17.4065,6.56862,0.002,1.61328,0.56068,4.89947,3.76208
632,1,0,1e+08,29143869274524,29143870282632,29143870282724,29143870344974,29143870376038,29143870776072,29143871110536,29143871110564,16,18.3604,10.0811,0.00092,0.6225,0.31064,4.00034,3.34464
633,1,0,1e+08,29143872248867,29143872507056,29143872507096,29143872559332,29143872574608,29143872839000,29143873138484,29143873138520,16,8.89653,2.58189,0.0004,0.52236,0.15276,2.64392,2.99484
634,1,0,1e+08,29143874113008,29143874901579,29143874901769,29143875037157,29143875079409,29143875542657,29143875915797,29143875915829,16,18.0282,7.88571,0.0019,1.35388,0.42252,4.63248,3.7314
635,1,0,1e+08,29143877072184,29143877904256,29143877904356,29143877985328,29143878010566,29143878431746,29143878802966,29143878803006,16,17.3082,8.32072,0.001,0.80972,0.25238,4.2118,3.7122
636,1,0,1e+08,29143879898010,29143880725759,29143880725851,29143880806341,29143880847857,29143881282904,29143881638804,29143881638836,16,17.4083,8.27749,0.00092,0.8049,0.41516,4.35047,3.559
637,1,0,1e+08,29143882947783,29143883994224,29143883994460,29143884067730,29143884094110,29143884541847,29143884861495,29143884861531,16,19.1375,10.4644,0.00236,0.7327,0.2638,4.47737,3.19648
638,1,0,1e+08,29143885868107,29143886197565,29143886197617,29143886251013,29143886262625,29143886558249,29143887394979,29143887395129,16,15.2702,3.29458,0.00052,0.53396,0.11612,2.95624,8.3673
639,1,0,1e+08,29143888884849,29143889113205,29143889113253,29143889167453,29143889179133,29143889478813,29143889823625,29143889823669,16,9.3882,2.28356,0.00048,0.542,0.1168,2.9968,3.44812
640,1,0,1e+08,29143890778575,29143891052569,29143891052613,29143891103293,29143891117993,29143891373853,29143891661237,29143891661265,16,8.8269,2.73994,0.00044,0.5068,0.147,2.5586,2.87384
641,1,0,1e+08,29143892633894,29143893975984,29143893976136,29143894114606,29143894128274,29143894486542,29143894797282,29143894797314,16,21.6342,13.4209,0.00152,1.3847,0.13668,3.58268,3.1074
642,1,0,1e+08,29143895780958,29143896011583,29143896011619,29143896060347,29143896075487,29143896302219,29143896592971,29143896592999,16,8.12041,2.30625,0.00036,0.48728,0.1514,2.26732,2.90752
643,1,0,1e+08,29143897720295,29143898148460,29143898148548,29143898224784,29143898242856,29143898486440,29143898773836,29143898773872,16,10.5358,4.28165,0.00088,0.76236,0.18072,2.43584,2.87396
644,1,0,1e+08,29143899813507,29143900091598,29143900091630,29143900140546,29143900155262,29143900411050,29143900707402,29143900707430,16,8.93923,2.78091,0.00032,0.48916,0.14716,2.55788,2.96352
645,1,0,1e+08,29143901687940,29143901939454,29143901939490,29143901989206,29143902000110,29143902206530,29143902463698,29143902463730,16,7.7579,2.51514,0.00036,0.49716,0.10904,2.0642,2.57168
646,1,0,1e+08,29143903583468,29143903840016,29143903840052,29143903901480,29143903913500,29143904138576,29143904396956,29143904396980,16,8.13512,2.56548,0.00036,0.61428,0.1202,2.25076,2.5838
647,1,0,1e+08,29143905501961,29143905922388,29143905922484,29143905989836,29143906007012,29143906218760,29143906524948,29143906524984,16,10.2302,4.20427,0.00096,0.67352,0.17176,2.11748,3.06188
648,1,0,1e+08,29143907413132,29143908288137,29143908288233,29143908369718,29143908407154,29143908819890,29143909164726,29143909164758,16,17.5163,8.75005,0.00096,0.81485,0.37436,4.12736,3.44836
649,1,0,1e+08,29143910203525,29143911664840,29143911665060,29143911739100,29143911766028,29143912168258,29143912502958,29143912502994,16,22.9947,14.6132,0.0022,0.7404,0.26928,4.0223,3.347
650,1,0,1e+08,29143913738749,29143914035262,29143914035306,29143914087062,29143914102010,29143914384730,29143914700834,29143914700862,16,9.62113,2.96513,0.00044,0.51756,0.14948,2.8272,3.16104
651,1,0,1e+08,29143915788160,29143916057773,29143916057821,29143916116169,29143916130365,29143916553021,29143916862929,29143916862969,16,10.7481,2.69613,0.00048,0.58348,0.14196,4.22656,3.09908
652,1,0,1e+08,29143917995146,29143918271310,29143918271358,29143918336442,29143918351362,29143919203168,29143919712702,29143919712742,16,17.176,2.76164,0.00048,0.65084,0.1492,8.51806,5.09534
653,1,0,1e+08,29143920871174,29143921467955,29143921468155,29143921630219,29143921704409,29143922234010,29143922607426,29143922607462,16,17.3629,5.96781,0.002,1.62064,0.7419,5.29601,3.73416
654,1,0,1e+08,29143923662227,29143923993936,29143923993992,29143924049724,29143924064464,29143924412684,29143924735232,29143924735272,16,10.7305,3.31709,0.00056,0.55732,0.1474,3.4822,3.22548
655,1,0,1e+08,29143925700215,29143925999527,29143925999587,29143926079950,29143926176030,29143926717083,29143927115791,29143927115835,16,14.1562,2.99312,0.0006,0.80363,0.9608,5.41053,3.98708
656,1,0,1e+08,29143928191245,29143928484057,29143928484097,29143928553181,29143928564689,29143928822441,29143929094929,29143929094957,16,9.03712,2.92812,0.0004,0.69084,0.11508,2.57752,2.72488
657,1,0,1e+08,29143930355871,29143931334976,29143931335040,29143931401049,29143931418637,29143931881169,29143932197633,29143932197669,16,18.418,9.79105,0.00064,0.66009,0.17588,4.62532,3.16464
658,1,0,1e+08,29143933445540,29143934486826,29143934487021,29143934710210,29143934743642,29143935204160,29143935556376,29143935556408,16,21.1087,10.4129,0.00195,2.23189,0.33432,4.60518,3.52216
659,1,0,1e+08,29143936626394,29143936931666,29143936931714,29143936987046,29143936998082,29143937893927,29143938405895,29143938405943,16,17.7955,3.05272,0.00048,0.55332,0.11036,8.95845,5.11968
660,1,0,1e+08,29143939612119,29143940480378,29143940480470,29143940564554,29143940594628,29143941010004,29143941356856,29143941356888,16,17.4477,8.68259,0.00092,0.84084,0.30074,4.15376,3.46852
661,1,0,1e+08,29143942565734,29143942838108,29143942838156,29143942888100,29143942903344,29143943172236,29143943516908,29143943516952,16,9.51218,2.72374,0.00048,0.49944,0.15244,2.68892,3.44672
662,1,0,1e+08,29143944424398,29143945113295,29143945113750,29143945347099,29143945384264,29143945956227,29143946349655,29143946349691,16,19.2529,6.88897,0.00455,2.33349,0.37165,5.71963,3.93428
663,1,0,1e+08,29143947399888,29143947723321,29143947723377,29143947779093,29143947793825,29143948238319,29143949100328,29143949100392,16,17.005,3.23433,0.00056,0.55716,0.14732,4.44494,8.62009
664,1,0,1e+08,29143950424183,29143950710755,29143950710807,29143950767451,29143950781259,29143951165579,29143951521327,29143951521371,16,10.9719,2.86572,0.00052,0.56644,0.13808,3.8432,3.55748
665,1,0,1e+08,29143952466358,29143953235169,29143953235269,29143953316339,29143953349068,29143953801126,29143954155814,29143954155854,16,16.895,7.68811,0.001,0.8107,0.32729,4.52058,3.54688
666,1,0,1e+08,29143955249309,29143956112252,29143956112364,29143956193756,29143956226643,29143956673600,29143957033808,29143957033840,16,17.8453,8.62943,0.00112,0.81392,0.32887,4.46957,3.60208
667,1,0,1e+08,29143958107617,29143958356697,29143958356737,29143958406765,29143958421353,29143958704885,29143959045445,29143959045497,16,9.3788,2.4908,0.0004,0.50028,0.14588,2.83532,3.4056
668,1,0,1e+08,29143960047154,29143960379662,29143960379702,29143960450574,29143960461638,29143960918702,29143961730512,29143961730560,16,16.8341,3.32508,0.0004,0.70872,0.11064,4.57064,8.1181
669,1,0,1e+08,29143963197839,29143963959054,29143963959249,29143964068606,29143964127054,29143964575520,29143964945256,29143964945292,16,17.4745,7.61215,0.00195,1.09357,0.58448,4.48466,3.69736
670,1,0,1e+08,29143966025817,29143966301582,29143966301614,29143966360386,29143966371306,29143966662870,29143966995242,29143966995274,16,9.69457,2.75765,0.00032,0.58772,0.1092,2.91564,3.32372
671,1,0,1e+08,29143968048738,29143969021197,29143969021261,29143969078885,29143969101049,29143969478299,29143969828207,29143969828243,16,17.795,9.72459,0.00064,0.57624,0.22164,3.7725,3.49908
672,1,0,1e+08,29143970916079,29143971559840,29143971560030,29143971712062,29143971759270,29143972265897,29143972622653,29143972622685,16,17.0661,6.43761,0.0019,1.52032,0.47208,5.06627,3.56756
673,1,0,1e+08,29143973782341,29143974063345,29143974063389,29143974114713,29143974135477,29143974412125,29143974738641,29143974738677,16,9.56336,2.81004,0.00044,0.51324,0.20764,2.76648,3.26516
674,1,0,1e+08,29143975718578,29143976358229,29143976358419,29143976518879,29143976595884,29143977152081,29143977551701,29143977551737,16,18.3316,6.39651,0.0019,1.6046,0.77005,5.56197,3.9962
675,1,0,1e+08,29143978752430,29143979618476,29143979618646,29143979834142,29143979849830,29143980255875,29143980559447,29143980559483,16,18.0705,8.66046,0.0017,2.15496,0.15688,4.06045,3.03572
676,1,0,1e+08,29143981709475,29143982534497,29143982534593,29143982619033,29143982705724,29143983148785,29143983486885,29143983486917,16,17.7744,8.25022,0.00096,0.8444,0.86691,4.43061,3.381
677,1,0,1e+08,29143984517824,29143985271851,29143985272041,29143985382001,29143985441761,29143986036031,29143986404891,29143986404931,16,18.8711,7.54027,0.0019,1.0996,0.5976,5.9427,3.6886
678,1,0,1e+08,29143987441207,29143988192321,29143988192521,29143988293453,29143988335877,29143988835600,29143989210692,29143989210724,16,17.6952,7.51114,0.002,1.00932,0.42424,4.99723,3.75092
679,1,0,1e+08,29143990279892,29143990561273,29143990561313,29143990612117,29143990623509,29143990979653,29143991328925,29143991328969,16,10.4908,2.81381,0.0004,0.50804,0.11392,3.56144,3.49272
680,1,0,1e+08,29143992437590,29143992656702,29143992656734,29143992706134,29143992722942,29143992954850,29143993227566,29143993227590,16,7.9,2.19112,0.00032,0.494,0.16808,2.31908,2.72716
681,1,0,1e+08,29143994119689,29143994593355,29143994593550,29143994754502,29143994831615,29143995567920,29143995960376,29143995960416,16,18.4073,4.73666,0.00195,1.60952,0.77113,7.36305,3.92456
682,1,0,1e+08,29143997012786,29143997538645,29143997538845,29143997699159,29143997758709,29143998396375,29143998811113,29143998811149,16,17.9836,5.25859,0.002,1.60314,0.5955,6.37666,4.14738
683,1,0,1e+08,29143999935014,29144000715943,29144000716143,29144000855703,29144000900231,29144001395553,29144001784373,29144001784413,16,18.494,7.80929,0.002,1.3956,0.44528,4.95322,3.8882
684,1,0,1e+08,29144002930552,29144003463026,29144003463226,29144003621194,29144003697878,29144004266677,29144004658337,29144004658369,16,17.2782,5.32474,0.002,1.57968,0.76684,5.68799,3.9166
685,1,0,1e+08,29144005786645,29144006109725,29144006109781,29144006161873,29144006176841,29144006503057,29144006831585,29144006831625,16,10.4498,3.2308,0.00056,0.52092,0.14968,3.26216,3.28528
686,1,0,1e+08,29144007743131,29144008581485,29144008581581,29144008665934,29144008699062,29144009192430,29144009531146,29144009531178,16,17.8805,8.38354,0.00096,0.84353,0.33128,4.93368,3.38716
687,1,0,1e+08,29144010670429,29144011006003,29144011006067,29144011064811,29144011079967,29144011367511,29144011660031,29144011660063,16,9.89634,3.35574,0.00064,0.58744,0.15156,2.87544,2.9252
688,1,0,1e+08,29144012628646,29144012960966,29144012961006,29144013011650,29144013026438,29144013269342,29144013554902,29144013554930,16,9.26284,3.3232,0.0004,0.50644,0.14788,2.42904,2.8556
689,1,0,1e+08,29144014543021,29144014798217,29144014798253,29144014852353,29144014866141,29144015128297,29144015403461,29144015403493,16,8.60472,2.55196,0.00036,0.541,0.13788,2.62156,2.75164
690,1,0,1e+08,29144016523965,29144017420031,29144017420491,29144017549878,29144017593374,29144018056885,29144018426709,29144018426741,16,19.0278,8.96066,0.0046,1.29387,0.43496,4.63511,3.69824
691,1,0,1e+08,29144019622247,29144020453681,29144020453781,29144020533329,29144020576249,29144021042040,29144021417592,29144021417628,16,17.9538,8.31434,0.001,0.79548,0.4292,4.65791,3.75552
692,1,0,1e+08,29144022629971,29144022941975,29144022942027,29144022997595,29144023009907,29144023353599,29144023706843,29144023706871,16,10.769,3.12004,0.00052,0.55568,0.12312,3.43692,3.53244
693,1,0,1e+08,29144024699760,29144024978257,29144024978305,29144025051829,29144025063881,29144025356281,29144025663985,29144025664021,16,9.64261,2.78497,0.00048,0.73524,0.12052,2.924,3.07704
694,1,0,1e+08,29144027002603,29144028015364,29144028015428,29144028080764,29144028100914,29144028511570,29144028866578,29144028866606,16,18.64,10.1276,0.00064,0.65336,0.2015,4.10656,3.55008
695,1,0,1e+08,29144030325065,29144031281874,29144031281938,29144031349847,29144031371303,29144031747936,29144032065200,29144032065236,16,17.4017,9.56809,0.00064,0.67909,0.21456,3.76633,3.17264
696,1,0,1e+08,29144034183728,29144034505504,29144034505544,29144034567952,29144034582420,29144034820084,29144035089036,29144035089068,16,9.0534,3.21776,0.0004,0.62408,0.14468,2.37664,2.68952
697,1,0,1e+08,29144036204351,29144037045042,29144037045134,29144037129018,29144037200620,29144037618864,29144037965056,29144037965096,16,17.6075,8.40691,0.00092,0.83884,0.71602,4.18244,3.46192
698,1,0,1e+08,29144039222337,29144039607115,29144039607207,29144039753746,29144039793746,29144040706436,29144041147134,29144041147170,16,19.2483,3.84778,0.00092,1.46539,0.4,9.1269,4.40698
699,1,0,1e+08,29144042282736,29144042980434,29144042980634,29144043129625,29144043173689,29144043657668,29144044022008,29144044022048,16,17.3931,6.97698,0.002,1.48991,0.44064,4.83979,3.6434
700,1,0,1e+08,29144045045789,29144045878076,29144045878276,29144045983385,29144046016726,29144046485069,29144046842633,29144046842665,16,17.9688,8.32287,0.002,1.05109,0.33341,4.68343,3.57564
701,1,0,1e+08,29144047887980,29144048202820,29144048202872,29144048275412,29144048288016,29144049163998,29144049727784,29144049727840,16,18.3986,3.1484,0.00052,0.7254,0.12604,8.75982,5.63786
702,1,0,1e+08,29144050851914,29144051100982,29144051101014,29144051160258,29144051175314,29144051573558,29144052007138,29144052007178,16,11.5526,2.49068,0.00032,0.59244,0.15056,3.98244,4.3358
703,1,0,1e+08,29144052937172,29144053434648,29144053434848,29144053595778,29144053672798,29144054294540,29144054712200,29144054712240,16,17.7507,4.97476,0.002,1.6093,0.7702,6.21742,4.1766
704,1,0,1e+08,29144055741861,29144056008834,29144056008878,29144056060382,29144056075206,29144056363978,29144056681342,29144056681374,16,9.39513,2.66973,0.00044,0.51504,0.14824,2.88772,3.17364
705,1,0,1e+08,29144057629242,29144058446729,29144058446821,29144058576453,29144058595325,29144059086120,29144059445776,29144059445812,16,18.1657,8.17487,0.00092,1.29632,0.18872,4.90795,3.59656
706,1,0,1e+08,29144060475487,29144060698907,29144060698935,29144060748171,29144060759099,29144061005975,29144061307943,29144061307975,16,8.32488,2.2342,0.00028,0.49236,0.10928,2.46876,3.01968
707,1,0,1e+08,29144062280457,29144062874657,29144062874852,29144063036616,29144063110558,29144063600928,29144063984376,29144063984420,16,17.0396,5.942,0.00195,1.61764,0.73942,4.9037,3.83448
708,1,0,1e+08,29144065069541,29144065297046,29144065297074,29144065345170,29144065360010,29144065572898,29144065849106,29144065849134,16,7.79593,2.27505,0.00028,0.48096,0.1484,2.12888,2.76208
709,1,0,1e+08,29144066888661,29144067138285,29144067138317,29144067187553,29144067202325,29144067401797,29144067658425,29144067658457,16,7.69796,2.49624,0.00032,0.49236,0.14772,1.99472,2.56628
710,1,0,1e+08,29144068565877,29144070940371,29144070940499,29144071007675,29144071022403,29144071477910,29144071809390,29144071809418,16,32.4354,23.7449,0.00128,0.67176,0.14728,4.55507,3.3148
711,1,0,1e+08,29144072727051,29144072992145,29144072992173,29144073042349,29144073057141,29144073311597,29144073607173,29144073607209,16,8.80158,2.65094,0.00028,0.50176,0.14792,2.54456,2.95576
712,1,0,1e+08,29144074690678,29144074950586,29144074950626,29144075007582,29144075018402,29144075254650,29144075512562,29144075512590,16,8.21912,2.59908,0.0004,0.56956,0.1082,2.36248,2.57912
713,1,0,1e+08,29144076501321,29144076785893,29144076785941,29144076837249,29144076853649,29144077124849,29144077430469,29144077430513,16,9.29192,2.84572,0.00048,0.51308,0.164,2.712,3.0562
714,1,0,1e+08,29144078369695,29144079662483,29144079662723,29144079747707,29144079781179,29144080250783,29144080619307,29144080619339,16,22.4964,12.9279,0.0024,0.84984,0.33472,4.69604,3.68524
715,1,0,1e+08,29144082014347,29144083027307,29144083027371,29144083093295,29144083112379,29144083480419,29144083792579,29144083792615,16,17.7827,10.1296,0.00064,0.65924,0.19084,3.6804,3.1216
716,1,0,1e+08,29144084906942,29144085828760,29144085828824,29144085919292,29144085945900,29144086346449,29144086690085,29144086690113,16,17.8317,9.21818,0.00064,0.90468,0.26608,4.00549,3.43636
717,1,0,1e+08,29144087893629,29144088734240,29144088734332,29144088813876,29144088838032,29144089259262,29144089591262,29144089591302,16,16.9767,8.40611,0.00092,0.79544,0.24156,4.2123,3.32
718,1,0,1e+08,29144091095742,29144091890667,29144091890862,29144092005544,29144092025444,29144092550361,29144092916521,29144092916553,16,18.2081,7.94925,0.00195,1.14682,0.199,5.24917,3.6616
719,1,0,1e+08,29144094133198,29144094663544,29144094663636,29144094778795,29144094809384,29144095378033,29144095804465,29144095804509,16,16.7131,5.30346,0.00092,1.15159,0.30589,5.68649,4.26432
720,1,0,1e+08,29144097097066,29144097910530,29144097910638,29144097998842,29144098025430,29144098524070,29144098899078,29144098899114,16,18.0205,8.13464,0.00108,0.88204,0.26588,4.9864,3.75008
721,1,0,1e+08,29144100200943,29144101201132,29144101201196,29144101297456,29144101318384,29144101704376,29144102048720,29144102048760,16,18.4782,10.0019,0.00064,0.9626,0.20928,3.85992,3.44344
722,1,0,1e+08,29144103527972,29144104315798,29144104315988,29144104456913,29144104491493,29144105031155,29144105412855,29144105412887,16,18.8491,7.87826,0.0019,1.40925,0.3458,5.39662,3.817
723,1,0,1e+08,29144107016919,29144107994856,29144107994920,29144108078744,29144108107208,29144108501324,29144108837104,29144108837140,16,18.2022,9.77937,0.00064,0.83824,0.28464,3.94116,3.3578
724,1,0,1e+08,29144109978873,29144110885829,29144110885917,29144110958283,29144110973903,29144111561223,29144111985307,29144111985339,16,20.0647,9.06956,0.00088,0.72366,0.1562,5.8732,4.24084
725,1,0,1e+08,29144113193278,29144113542686,29144113542734,29144113602766,29144113617210,29144114049028,29144114976405,29144114976473,16,17.8319,3.49408,0.00048,0.60032,0.14444,4.31818,9.27377
726,1,0,1e+08,29144116433886,29144117187117,29144117187307,29144117349588,29144117392528,29144118105269,29144118514858,29144118514898,16,20.8101,7.53231,0.0019,1.62281,0.4294,7.12741,4.09589
727,1,0,1e+08,29144119693937,29144120426669,29144120426769,29144120510082,29144120543362,29144120998328,29144121351664,29144121351704,16,16.5777,7.32732,0.001,0.83313,0.3328,4.54966,3.53336
728,1,0,1e+08,29144122559445,29144123271976,29144123272151,29144123384278,29144123403786,29144123794952,29144124154744,29144124154776,16,15.9533,7.12531,0.00175,1.12127,0.19508,3.91166,3.59792
729,1,0,1e+08,29144125708455,29144126115865,29144126115917,29144126196529,29144126215161,29144126521766,29144126922647,29144126922832,16,12.1438,4.0741,0.00052,0.80612,0.18632,3.06605,4.00881
730,1,0,1e+08,29144129522264,29144130738865,29144130739060,29144130897973,29144130956458,29144131733132,29144132140017,29144132140049,16,26.1778,12.166,0.00195,1.58913,0.58485,7.76674,4.06885
731,1,0,1e+08,29144133524018,29144134410739,29144134410787,29144134517539,29144134531907,29144134893655,29144135211695,29144135211731,16,16.8771,8.86721,0.00048,1.06752,0.14368,3.61748,3.1804
732,1,0,1e+08,29144136472687,29144137244204,29144137244296,29144137327788,29144137361116,29144137801186,29144138151114,29144138151150,16,16.7846,7.71517,0.00092,0.83492,0.33328,4.4007,3.49928
733,1,0,1e+08,29144139348372,29144139776756,29144139776820,29144139853978,29144139867238,29144140203438,29144140557450,29144140557490,16,12.0912,4.28384,0.00064,0.77158,0.1326,3.362,3.54012
734,1,0,1e+08,29144141676222,29144142622785,29144142622849,29144142693509,29144142712766,29144143134318,29144143448586,29144143448614,16,17.7239,9.46563,0.00064,0.7066,0.19257,4.21552,3.14268
735,1,0,1e+08,29144144637777,29144145217981,29144145218025,29144145297657,29144145310865,29144145747325,29144146024637,29144146024673,16,13.869,5.80204,0.00044,0.79632,0.13208,4.3646,2.77312
736,1,0,1e+08,29144147000342,29144147311770,29144147311834,29144147372990,29144147387058,29144147962214,29144148391083,29144148391111,16,13.9077,3.11428,0.00064,0.61156,0.14068,5.75156,4.28869
737,1,0,1e+08,29144149484812,29144149803905,29144149803953,29144149856317,29144149870285,29144150203823,29144150541520,29144150541556,16,10.5674,3.19093,0.00048,0.52364,0.13968,3.33538,3.37697
738,1,0,1e+08,29144151443058,29144151847158,29144151847353,29144152008429,29144152068124,29144152846565,29144153250965,29144153250997,16,18.0794,4.041,0.00195,1.61076,0.59695,7.78441,4.044
739,1,0,1e+08,29144154259630,29144155041762,29144155041858,29144155123314,29144155156538,29144155620681,29144155973657,29144155973697,16,17.1407,7.82132,0.00096,0.81456,0.33224,4.64143,3.52976
740,1,0,1e+08,29144157065792,29144157360954,29144157361006,29144157414930,29144157429862,29144157758290,29144158129742,29144158129786,16,10.6399,2.95162,0.00052,0.53924,0.14932,3.28428,3.71452
741,1,0,1e+08,29144159140221,29144159424023,29144159424067,29144159483891,29144159499603,29144159932523,29144160293007,29144160293051,16,11.5283,2.83802,0.00044,0.59824,0.15712,4.3292,3.60484
742,1,0,1e+08,29144161310099,29144161631696,29144161631740,29144161700612,29144161712144,29144161970368,29144162235812,29144162235836,16,9.25737,3.21597,0.00044,0.68872,0.11532,2.58224,2.65444
743,1,0,1e+08,29144163235151,29144163483175,29144163483215,29144163564059,29144163575159,29144163876543,29144164163235,29144164163275,16,9.28124,2.48024,0.0004,0.80844,0.111,3.01384,2.86692
744,1,0,1e+08,29144165131376,29144165455997,29144165456093,29144165524637,29144165539477,29144165890237,29144166182217,29144166182245,16,10.5087,3.24621,0.00096,0.68544,0.1484,3.5076,2.9198
745,1,0,1e+08,29144167063549,29144167864178,29144167864270,29144167946764,29144167980204,29144168448749,29144168820413,29144168820457,16,17.5691,8.00629,0.00092,0.82494,0.3344,4.68545,3.71664
746,1,0,1e+08,29144169892068,29144170142112,29144170142148,29144170200184,29144170213236,29144171013848,29144171520070,29144171520106,16,16.2804,2.50044,0.00036,0.58036,0.13052,8.00612,5.06222
747,1,0,1e+08,29144172714772,29144173166166,29144173166361,29144173326715,29144173385845,29144174059031,29144174454352,29144174454392,16,17.3962,4.51394,0.00195,1.60354,0.5913,6.73186,3.95321
748,1,0,1e+08,29144175636833,29144176205822,29144176206022,29144176367679,29144176427067,29144177104658,29144177521611,29144177521643,16,18.8481,5.68989,0.002,1.61657,0.59388,6.77591,4.16953
749,1,0,1e+08,29144178736619,29144179094564,29144179094624,29144179154789,29144179170041,29144179669921,29144180111815,29144180111855,16,13.7524,3.57945,0.0006,0.60165,0.15252,4.9988,4.41894
750,1,0,1e+08,29144181223011,29144181926177,29144181926657,29144182087250,29144182137329,29144182663824,29144183056204,29144183056240,16,18.3323,7.03166,0.0048,1.60593,0.50079,5.26495,3.9238
751,1,0,1e+08,29144184145038,29144184924072,29144184924180,29144185009972,29144185035920,29144185516198,29144185862938,29144185862974,16,17.1794,7.79034,0.00108,0.85792,0.25948,4.80278,3.4674
752,1,0,1e+08,29144186923475,29144187682765,29144187682965,29144187785920,29144187830264,29144188340660,29144188703724,29144188703752,16,17.8028,7.5929,0.002,1.02955,0.44344,5.10396,3.63064
753,1,0,1e+08,29144189715337,29144190029538,29144190029586,29144190085242,29144190100146,29144190362286,29144190731462,29144190731506,16,10.1617,3.14201,0.00048,0.55656,0.14904,2.6214,3.69176
754,1,0,1e+08,29144191651817,29144191888157,29144191888197,29144191969997,29144191981137,29144192283089,29144192606537,29144192606577,16,9.5476,2.3634,0.0004,0.818,0.1114,3.01952,3.23448
755,1,0,1e+08,29144193578824,29144194327501,29144194327593,29144194409094,29144194453354,29144194950968,29144195328848,29144195328884,16,17.5006,7.48677,0.00092,0.81501,0.4426,4.97614,3.7788
756,1,0,1e+08,29144196373781,29144196629477,29144196629521,29144196690937,29144196702585,29144196992933,29144197305841,29144197305873,16,9.32092,2.55696,0.00044,0.61416,0.11648,2.90348,3.12908
757,1,0,1e+08,29144198394594,29144198676386,29144198676422,29144198726634,29144198738874,29144199051051,29144199315975,29144199316011,16,9.21417,2.81792,0.00036,0.50212,0.1224,3.12177,2.64924
758,1,0,1e+08,29144200371378,29144201155734,29144201155934,29144201282402,29144201329178,29144201890962,29144202278190,29144202278226,16,19.0685,7.84356,0.002,1.26468,0.46776,5.61784,3.87228
759,1,0,1e+08,29144203337728,29144203636796,29144203636844,29144203702052,29144203716172,29144204052280,29144204385920,29144204385956,16,10.4823,2.99068,0.00048,0.65208,0.1412,3.36108,3.3364
760,1,0,1e+08,29144205403096,29144206310712,29144206310804,29144206495596,29144206509444,29144206903593,29144207227145,29144207227173,16,18.2408,9.07616,0.00092,1.84792,0.13848,3.94149,3.23552
761,1,0,1e+08,29144208398252,29144208616876,29144208616916,29144208665392,29144208680140,29144208974772,29144209270108,29144209270144,16,8.71892,2.18624,0.0004,0.48476,0.14748,2.94632,2.95336
762,1,0,1e+08,29144210294013,29144210581895,29144210581927,29144210690055,29144210701187,29144210944823,29144211228191,29144211228219,16,9.34206,2.87882,0.00032,1.08128,0.11132,2.43636,2.83368
763,1,0,1e+08,29144212191888,29144212566834,29144212566930,29144212626066,29144212641038,29144212887670,29144213178470,29144213178506,16,9.86618,3.74946,0.00096,0.59136,0.14972,2.46632,2.908
764,1,0,1e+08,29144214104795,29144214367379,29144214367419,29144214417555,29144214431747,29144214702811,29144215041411,29144215041439,16,9.36644,2.62584,0.0004,0.50136,0.14192,2.71064,3.386
765,1,0,1e+08,29144216007577,29144216261195,29144216261231,29144216312019,29144216326639,29144216568983,29144216826491,29144216826523,16,8.18946,2.53618,0.00036,0.50788,0.1462,2.42344,2.57508
766,1,0,1e+08,29144217800416,29144218117545,29144218117653,29144218197401,29144218210909,29144218492917,29144218795609,29144218795637,16,9.95221,3.17129,0.00108,0.79748,0.13508,2.82008,3.02692
767,1,0,1e+08,29144219694106,29144219936458,29144219936494,29144219986014,29144220000578,29144220706267,29144221262690,29144221262746,16,15.6864,2.42352,0.00036,0.4952,0.14564,7.05689,5.56423
768,1,0,1e+08,29144222589214,29144223590696,29144223590760,29144223665333,29144223689593,29144224063006,29144224378278,29144224378310,16,17.891,10.0148,0.00064,0.74573,0.2426,3.73413,3.15272
769,1,0,1e+08,29144225540761,29144226437291,29144226437383,29144226516732,29144226543040,29144226955780,29144227305964,29144227306000,16,17.6524,8.9653,0.00092,0.79349,0.26308,4.1274,3.50184
770,1,0,1e+08,29144228550089,29144229517284,29144229517348,29144229654713,29144229668133,29144230056945,29144230411509,29144230411537,16,18.6145,9.67195,0.00064,1.37365,0.1342,3.88812,3.54564
771,1,0,1e+08,29144232638684,29144232954600,29144232954632,29144233028788,29144233040416,29144233299716,29144233832201,29144233832371,16,11.9369,3.15916,0.00032,0.74156,0.11628,2.593,5.32485
772,1,0,1e+08,29144235378964,29144236167641,29144236167737,29144236248521,29144236281293,29144236768184,29144237130244,29144237130272,16,17.5131,7.88677,0.00096,0.80784,0.32772,4.86891,3.6206
773,1,0,1e+08,29144238222644,29144239002405,29144239002600,29144239095228,29144239204740,29144239659880,29144240006108,29144240006144,16,17.835,7.79761,0.00195,0.92628,1.09512,4.5514,3.46228
774,1,0,1e+08,29144241005272,29144241353145,29144241353201,29144241426853,29144241439737,29144241770069,29144242101469,29144242101501,16,10.9623,3.47873,0.00056,0.73652,0.12884,3.30332,3.314
775,1,0,1e+08,29144243090950,29144243390142,29144243390182,29144243443746,29144243455598,29144243710174,29144243991078,29144243991110,16,9.0016,2.99192,0.0004,0.53564,0.11852,2.54576,2.80904
776,1,0,1e+08,29144245004055,29144245676508,29144245676698,29144245914705,29144245934181,29144246420872,29144246792344,29144246792376,16,17.8832,6.72453,0.0019,2.38007,0.19476,4.86691,3.71472
777,1,0,1e+08,29144247811961,29144248179559,29144248179599,29144248232331,29144248242759,29144249249142,29144249709159,29144249709203,16,18.9724,3.67598,0.0004,0.52732,0.10428,10.0638,4.60017
778,1,0,1e+08,29144250899653,29144251730147,29144251730627,29144251823413,29144251880153,29144252350108,29144252728968,29144252729000,16,18.2935,8.30494,0.0048,0.92786,0.5674,4.69955,3.7886
779,1,0,1e+08,29144253767619,29144254559187,29144254559279,29144254641870,29144254674930,29144255130057,29144255477745,29144255477785,16,17.1017,7.91568,0.00092,0.82591,0.3306,4.55127,3.47688
780,1,0,1e+08,29144256582905,29144257316948,29144257317138,29144257458125,29144257502801,29144258004265,29144258357049,29144258357077,16,17.7417,7.34043,0.0019,1.40987,0.44676,5.01464,3.52784
781,1,0,1e+08,29144259590487,29144260576970,29144260577034,29144260648619,29144260669895,29144261050603,29144261365095,29144261365131,16,17.7464,9.86483,0.00064,0.71585,0.21276,3.80708,3.14492
782,1,0,1e+08,29144262431889,29144262737857,29144262737905,29144262790061,29144262804597,29144263106085,29144263420261,29144263420289,16,9.884,3.05968,0.00048,0.52156,0.14536,3.01488,3.14176
783,1,0,1e+08,29144264406886,29144264701187,29144264701227,29144264780291,29144264794859,29144265266374,29144266052728,29144266052788,16,16.459,2.94301,0.0004,0.79064,0.14568,4.71515,7.86354
784,1,0,1e+08,29144267251278,29144267504419,29144267504451,29144267560087,29144267574943,29144268065395,29144268413663,29144268413695,16,11.6242,2.53141,0.00032,0.55636,0.14856,4.90452,3.48268
785,1,0,1e+08,29144269442094,29144270201448,29144270201638,29144270292105,29144270334344,29144270784436,29144271148340,29144271148376,16,17.0628,7.59354,0.0019,0.90467,0.42239,4.50092,3.63904
786,1,0,1e+08,29144272147104,29144273040991,29144273041083,29144273193150,29144273211998,29144273629136,29144273974616,29144273974648,16,18.2754,8.93887,0.00092,1.52067,0.18848,4.17138,3.4548
787,1,0,1e+08,29144275013791,29144275250100,29144275250132,29144275299636,29144275314476,29144275619869,29144276499075,29144276499139,16,14.8535,2.36309,0.00032,0.49504,0.1484,3.05393,8.79206
788,1,0,1e+08,29144277770064,29144278009288,29144278009320,29144278055596,29144278070864,29144278309952,29144278631368,29144278631400,16,8.61336,2.39224,0.00032,0.46276,0.15268,2.39088,3.21416
789,1,0,1e+08,29144279729603,29144280545517,29144280545617,29144280626150,29144280658426,29144281172972,29144281536644,29144281536684,16,18.0708,8.15914,0.001,0.80533,0.32276,5.14546,3.63672
790,1,0,1e+08,29144282790745,29144283088299,29144283088347,29144283145767,29144283160511,29144283485519,29144283814743,29144283814779,16,10.2403,2.97554,0.00048,0.5742,0.14744,3.25008,3.29224
791,1,0,1e+08,29144284897597,29144285139878,29144285139918,29144285191062,29144285207734,29144285458914,29144285747590,29144285747622,16,8.50025,2.42281,0.0004,0.51144,0.16672,2.5118,2.88676
792,1,0,1e+08,29144286678323,29144287270285,29144287270480,29144287510708,29144287553717,29144288094918,29144288482827,29144288482859,16,18.0454,5.91962,0.00195,2.40228,0.43009,5.41201,3.87909
793,1,0,1e+08,29144289531469,29144289815817,29144289815865,29144289869337,29144289883853,29144290226909,29144291164926,29144291164986,16,16.3352,2.84348,0.00048,0.53472,0.14516,3.43056,9.38017
794,1,0,1e+08,29144292463547,29144292717492,29144292717528,29144292765244,29144292777372,29144293032748,29144293486979,29144293487019,16,10.2347,2.53945,0.00036,0.47716,0.12128,2.55376,4.54231
795,1,0,1e+08,29144294467774,29144295111608,29144295111798,29144295326469,29144295346761,29144295879301,29144296241381,29144296241421,16,17.7365,6.43834,0.0019,2.14671,0.20292,5.3254,3.6208
796,1,0,1e+08,29144297235230,29144297524998,29144297525038,29144297575430,29144297586534,29144297942085,29144298913714,29144298913762,16,16.7853,2.89768,0.0004,0.50392,0.11104,3.55551,9.71629
797,1,0,1e+08,29144300184621,29144300411755,29144300411787,29144300455963,29144300471415,29144300660955,29144300953543,29144300953575,16,7.68954,2.27134,0.00032,0.44176,0.15452,1.8954,2.92588
798,1,0,1e+08,29144301899483,29144302140259,29144302140291,29144302189059,29144302203867,29144302394147,29144303148153,29144303148225,16,12.4874,2.40776,0.00032,0.48768,0.14808,1.9028,7.54006
799,1,0,1e+08,29144304640714,29144304860334,29144304860366,29144304913594,29144304928402,29144305626854,29144306235991,29144306236047,16,15.9533,2.1962,0.00032,0.53228,0.14808,6.98452,6.09137
800,1,0,1e+08,29144307444274,29144308037756,29144308037946,29144308271351,29144308308346,29144308900431,29144309275260,29144309275292,16,18.3102,5.93482,0.0019,2.33405,0.36995,5.92085,3.74829
801,1,0,1e+08,29144310456400,29144310716562,29144310716594,29144310762246,29144310776522,29144311588662,29144312109178,29144312109234,16,16.5283,2.60162,0.00032,0.45652,0.14276,8.1214,5.20516
802,1,0,1e+08,29144313464457,29144314230863,29144314231053,29144314362105,29144314404249,29144314895576,29144315251036,29144315251068,16,17.8661,7.66406,0.0019,1.31052,0.42144,4.91327,3.5546
803,1,0,1e+08,29144316270242,29144316600076,29144316600116,29144316650504,29144316665304,29144316934640,29144317265440,29144317265480,16,9.95238,3.29834,0.0004,0.50388,0.148,2.69336,3.308
804,1,0,1e+08,29144318305735,29144319042757,29144319042952,29144319224932,29144319243756,29144319694824,29144320059416,29144320059448,16,17.5371,7.37022,0.00195,1.8198,0.18824,4.51068,3.64592
805,1,0,1e+08,29144321147420,29144321768945,29144321769140,29144321925725,29144321969009,29144322444772,29144322819988,29144322820032,16,16.7261,6.21525,0.00195,1.56585,0.43284,4.75763,3.75216
806,1,0,1e+08,29144323937029,29144324830392,29144324830500,29144324971623,29144325002883,29144325436178,29144325779758,29144325779790,16,18.4276,8.93363,0.00108,1.41123,0.3126,4.33295,3.4358
807,1,0,1e+08,29144326905659,29144327200064,29144327200112,29144327283184,29144327295600,29144327649556,29144328270725,29144328270785,16,13.6513,2.94405,0.00048,0.83072,0.12416,3.53956,6.21169
808,1,0,1e+08,29144329331384,29144329708282,29144329708346,29144329768307,29144329781323,29144330313075,29144330758326,29144330758362,16,14.2698,3.76898,0.00064,0.59961,0.13016,5.31752,4.45251
809,1,0,1e+08,29144331940175,29144332249948,29144332250064,29144332300344,29144332313100,29144332571100,29144332841100,29144332841132,16,9.00957,3.09773,0.00116,0.5028,0.12756,2.58,2.7
810,1,0,1e+08,29144333924345,29144334878886,29144334878950,29144334975911,29144334997479,29144335373932,29144335708088,29144335708116,16,17.8377,9.54541,0.00064,0.96961,0.21568,3.76453,3.34156
811,1,0,1e+08,29144336746621,29144337528798,29144337528988,29144337660709,29144337705161,29144338182575,29144338542943,29144338542979,16,17.9636,7.82177,0.0019,1.31721,0.44452,4.77414,3.60368
812,1,0,1e+08,29144339554623,29144340350377,29144340350477,29144340429744,29144340472236,29144340967901,29144341336357,29144341336389,16,17.8177,7.95754,0.001,0.79267,0.42492,4.95665,3.68456
813,1,0,1e+08,29144342369572,29144342656053,29144342656101,29144342708953,29144342723581,29144343070053,29144343983857,29144343983921,16,16.1435,2.86481,0.00048,0.52852,0.14628,3.46472,9.13804
814,1,0,1e+08,29144345244935,29144345508675,29144345508707,29144345562043,29144345576747,29144345891559,29144346276628,29144346276664,16,10.3173,2.6374,0.00032,0.53336,0.14704,3.14812,3.85069
815,1,0,1e+08,29144347251866,29144348032193,29144348032301,29144348147553,29144348167249,29144348618244,29144348974372,29144348974408,16,17.2254,7.80327,0.00108,1.15252,0.19696,4.50995,3.56128
816,1,0,1e+08,29144350029047,29144350312339,29144350312367,29144350374971,29144350386003,29144350637459,29144350979883,29144350979915,16,9.50868,2.83292,0.00028,0.62604,0.11032,2.51456,3.42424
817,1,0,1e+08,29144351912061,29144352161274,29144352161310,29144352217366,29144352229286,29144352981567,29144353501094,29144353501150,16,15.8909,2.49213,0.00036,0.56056,0.1192,7.52281,5.19527
818,1,0,1e+08,29144354665330,29144354918455,29144354918495,29144354969507,29144354980803,29144355334207,29144355631387,29144355631419,16,9.66089,2.53125,0.0004,0.51012,0.11296,3.53404,2.9718
819,1,0,1e+08,29144356585438,29144356856414,29144356856446,29144356912746,29144356927866,29144357735118,29144358241132,29144358241180,16,16.5574,2.70976,0.00032,0.563,0.1512,8.07252,5.06014
820,1,0,1e+08,29144359449343,29144360219922,29144360220112,29144360304407,29144360363311,29144360843657,29144361227601,29144361227633,16,17.7829,7.70579,0.0019,0.84295,0.58904,4.80346,3.83944
821,1,0,1e+08,29144362341205,29144362623513,29144362623553,29144362672697,29144362687473,29144362985781,29144363829653,29144363829757,16,14.8855,2.82308,0.0004,0.49144,0.14776,2.98308,8.43872
822,1,0,1e+08,29144365383115,29144365646723,29144365646767,29144365708959,29144365723843,29144366173996,29144366604357,29144366604397,16,12.2128,2.63608,0.00044,0.62192,0.14884,4.50153,4.30361
823,1,0,1e+08,29144367694080,29144368232402,29144368232462,29144368332710,29144368348786,29144368749850,29144369060098,29144369060134,16,13.6605,5.38322,0.0006,1.00248,0.16076,4.01064,3.10248
824,1,0,1e+08,29144370140377,29144371013719,29144371013909,29144371112470,29144371156645,29144371608783,29144371952539,29144371952567,16,18.1219,8.73342,0.0019,0.98561,0.44175,4.52138,3.43756
825,1,0,1e+08,29144373111586,29144373519773,29144373519833,29144373581625,29144373596397,29144373899989,29144374237409,29144374237449,16,11.2586,4.08187,0.0006,0.61792,0.14772,3.03592,3.3742
826,1,0,1e+08,29144375169978,29144375541960,29144375542000,29144375600132,29144375615804,29144375894128,29144376236620,29144376236648,16,10.6667,3.71982,0.0004,0.58132,0.15672,2.78324,3.42492
827,1,0,1e+08,29144377344723,29144377917059,29144377917249,29144378078314,29144378155823,29144378699271,29144379090391,29144379090435,16,17.4571,5.72336,0.0019,1.61065,0.77509,5.43448,3.9112
828,1,0,1e+08,29144380300058,29144380779456,29144380779544,29144380864212,29144380887848,29144381448085,29144381730637,29144381730669,16,14.3061,4.79398,0.00088,0.84668,0.23636,5.60237,2.82552
829,1,0,1e+08,29144383802488,29144384047380,29144384047420,29144384106656,29144384121236,29144384428832,29144384772524,29144384772564,16,9.70076,2.44892,0.0004,0.59236,0.1458,3.07596,3.43692
830,1,0,1e+08,29144385875987,29144386126924,29144386126960,29144386176836,29144386191716,29144386424960,29144386746724,29144386746752,16,8.70765,2.50937,0.00036,0.49876,0.1488,2.33244,3.21764
831,1,0,1e+08,29144387651029,29144387927989,29144387928025,29144387977417,29144387992557,29144388346649,29144388658549,29144388658585,16,10.0756,2.7696,0.00036,0.49392,0.1514,3.54092,3.119
832,1,0,1e+08,29144389635456,29144389914848,29144389914880,29144389977708,29144389988956,29144390293112,29144390566400,29144390566428,16,9.30972,2.79392,0.00032,0.62828,0.11248,3.04156,2.73288
833,1,0,1e+08,29144391536798,29144391852104,29144391852192,29144391916412,29144391929420,29144392196364,29144392485848,29144392485880,16,9.49082,3.15306,0.00088,0.6422,0.13008,2.66944,2.89484
834,1,0,1e+08,29144393430061,29144393709709,29144393709745,29144393760857,29144393772245,29144394067477,29144394369785,29144394369813,16,9.39752,2.79648,0.00036,0.51112,0.11388,2.95232,3.02308
835,1,0,1e+08,29144395326294,29144395817314,29144395817514,29144395976654,29144396053104,29144396660898,29144397062119,29144397062163,16,17.3587,4.9102,0.002,1.5914,0.7645,6.07794,4.01221
836,1,0,1e+08,29144398158817,29144398413137,29144398413185,29144398483129,29144398495141,29144398817037,29144399142909,29144399142941,16,9.84124,2.5432,0.00048,0.69944,0.12012,3.21896,3.25872
837,1,0,1e+08,29144400063678,29144400315216,29144400315252,29144400372764,29144400383380,29144400612280,29144400864232,29144400864260,16,8.00582,2.51538,0.00036,0.57512,0.10616,2.289,2.51952
838,1,0,1e+08,29144401881637,29144402168646,29144402168682,29144402252650,29144402273878,29144403152136,29144403604356,29144403604396,16,17.2276,2.87009,0.00036,0.83968,0.21228,8.78258,4.5222
839,1,0,1e+08,29144404742789,29144405233322,29144405233522,29144405393986,29144405471176,29144405998756,29144406383048,29144406383088,16,16.403,4.90533,0.002,1.60464,0.7719,5.2758,3.84292
840,1,0,1e+08,29144407647436,29144408029708,29144408029796,29144408111557,29144408129601,29144409087312,29144409562399,29144409562439,16,19.15,3.82272,0.00088,0.81761,0.18044,9.57711,4.75087
841,1,0,1e+08,29144410887953,29144411595189,29144411595384,29144411744785,29144411787029,29144412307668,29144412659384,29144412659424,16,17.7147,7.07236,0.00195,1.49401,0.42244,5.20639,3.51716
842,1,0,1e+08,29144413666833,29144414234183,29144414234378,29144414395196,29144414454379,29144415023058,29144415401322,29144415401354,16,17.3452,5.6735,0.00195,1.60818,0.59183,5.68679,3.78264
843,1,0,1e+08,29144416413744,29144416663153,29144416663201,29144416725161,29144416739965,29144417052177,29144417381681,29144417381721,16,9.67977,2.49409,0.00048,0.6196,0.14804,3.12212,3.29504
844,1,0,1e+08,29144418338327,29144418613512,29144418613548,29144418762085,29144418838791,29144419632623,29144420068652,29144420068688,16,17.3036,2.75185,0.00036,1.48537,0.76706,7.93832,4.36029
845,1,0,1e+08,29144421122393,29144421930310,29144421930414,29144422065326,29144422084526,29144422554776,29144422924856,29144422924896,16,18.025,8.07917,0.00104,1.34912,0.192,4.7025,3.7008
846,1,0,1e+08,29144423946810,29144424247598,29144424247642,29144424301474,29144424323318,29144424626614,29144424950114,29144424950142,16,10.0333,3.00788,0.00044,0.53832,0.21844,3.03296,3.235
847,1,0,1e+08,29144426088018,29144426701619,29144426701819,29144426861645,29144426938002,29144427505626,29144427918142,29144427918186,16,18.3017,6.13601,0.002,1.59826,0.76357,5.67624,4.12516
848,1,0,1e+08,29144429288119,29144430059617,29144430059709,29144430143277,29144430157244,29144430499456,29144430778036,29144430778060,16,14.8994,7.71498,0.00092,0.83568,0.13967,3.42212,2.7858
849,1,0,1e+08,29144431873057,29144432169873,29144432169929,29144432292236,29144432372773,29144433275177,29144433668069,29144433668109,16,17.9505,2.96816,0.00056,1.22307,0.80537,9.02404,3.92892
850,1,0,1e+08,29144435272284,29144435911732,29144435911888,29144435980196,29144435997108,29144436339512,29144436631344,29144436631372,16,13.5909,6.39448,0.00156,0.68308,0.16912,3.42404,2.91832
851,1,0,1e+08,29144437803921,29144438155080,29144438155128,29144438229404,29144438243968,29144438578356,29144438946896,29144438946924,16,11.43,3.51159,0.00048,0.74276,0.14564,3.34388,3.6854
852,1,0,1e+08,29144440152342,29144440647196,29144440647260,29144440719476,29144440736672,29144441491015,29144442064080,29144442064124,16,19.1178,4.94854,0.00064,0.72216,0.17196,7.54343,5.73065
853,1,0,1e+08,29144443549914,29144444293739,29144444293831,29144444371925,29144444387913,29144444759561,29144445084445,29144445084485,16,15.3457,7.43825,0.00092,0.78094,0.15988,3.71648,3.24884
854,1,0,1e+08,29144446143972,29144446452732,29144446452768,29144446503320,29144446517868,29144446764428,29144447039084,29144447039120,16,8.95148,3.0876,0.00036,0.50552,0.14548,2.4656,2.74656
855,1,0,1e+08,29144448422247,29144448970538,29144448970713,29144449123995,29144449145943,29144449897434,29144450449859,29144450449907,16,20.2766,5.48291,0.00175,1.53282,0.21948,7.51491,5.52425
856,1,0,1e+08,29144451966821,29144452724658,29144452724718,29144452847002,29144452862502,29144453218927,29144454249329,29144454249454,16,22.8263,7.57837,0.0006,1.22284,0.155,3.56425,10.304
857,1,0,1e+08,29144455459545,29144456343965,29144456344057,29144456428659,29144456472855,29144456978690,29144457365094,29144457365138,16,19.0559,8.8442,0.00092,0.84602,0.44196,5.05835,3.86404
858,1,0,1e+08,29144458596303,29144459535194,29144459535290,29144459737188,29144459753092,29144460162906,29144460507598,29144460507634,16,19.1133,9.38891,0.00096,2.01898,0.15904,4.09814,3.44692
859,1,0,1e+08,29144461646057,29144462538469,29144462538561,29144462633469,29144462677409,29144463204570,29144463560622,29144463560662,16,19.1461,8.92412,0.00092,0.94908,0.4394,5.27161,3.56052
860,1,0,1e+08,29144464786646,29144465505878,29144465505938,29144465593395,29144465612811,29144466076964,29144466429544,29144466429572,16,16.4293,7.19232,0.0006,0.87457,0.19416,4.64153,3.5258
861,1,0,1e+08,29144467905457,29144468256262,29144468256382,29144468368138,29144468393590,29144469538586,29144470039571,29144470039619,16,21.3416,3.50805,0.0012,1.11756,0.25452,11.45,5.00985
862,1,0,1e+08,29144471562079,29144472456992,29144472457167,29144472709474,29144472746289,29144473332400,29144474005048,29144474005100,16,24.4302,8.94913,0.00175,2.52307,0.36815,5.86111,6.72648
863,1,0,1e+08,29144475233144,29144476015938,29144476016123,29144476111757,29144476154617,29144476640030,29144477017626,29144477017670,16,17.8453,7.82794,0.00185,0.95634,0.4286,4.85413,3.77596
864,1,0,1e+08,29144478997095,29144479366679,29144479366723,29144479490523,29144479510495,29144479756395,29144480030947,29144480030987,16,10.3389,3.69584,0.00044,1.238,0.19972,2.459,2.74552
865,1,0,1e+08,29144481134869,29144481836731,29144481836783,29144481906575,29144481922947,29144482456989,29144482795837,29144482795885,16,16.6102,7.01862,0.00052,0.69792,0.16372,5.34042,3.38848
866,1,0,1e+08,29144483855526,29144484501384,29144484501574,29144484659378,29144484731154,29144485227193,29144485606921,29144485606957,16,17.5143,6.45858,0.0019,1.57804,0.71776,4.96039,3.79728
867,1,0,1e+08,29144486664133,29144487416300,29144487416360,29144487483172,29144487498976,29144487973439,29144488316555,29144488316599,16,16.5247,7.52167,0.0006,0.66812,0.15804,4.74463,3.43116
868,1,0,1e+08,29144489316053,29144489601363,29144489601399,29144489703067,29144489714459,29144489964347,29144490273399,29144490273427,16,9.57374,2.8531,0.00036,1.01668,0.11392,2.49888,3.09052
869,1,0,1e+08,29144491557058,29144492435074,29144492435166,29144492520540,29144492550416,29144492970501,29144493323897,29144493323933,16,17.6687,8.78016,0.00092,0.85374,0.29876,4.20085,3.53396
870,1,0,1e+08,29144494560231,29144494979620,29144494979684,29144495048596,29144495064568,29144495468925,29144495859625,29144495859665,16,12.9943,4.19389,0.00064,0.68912,0.15972,4.04357,3.907
871,1,0,1e+08,29144497051251,29144497835068,29144497835176,29144497921165,29144497965557,29144498442660,29144498814608,29144498814652,16,17.634,7.83817,0.00108,0.85989,0.44392,4.77103,3.71948
872,1,0,1e+08,29144499857076,29144500675666,29144500675856,29144500794327,29144500840143,29144501332377,29144501702181,29144501702213,16,18.4514,8.1859,0.0019,1.18471,0.45816,4.92234,3.69804
873,1,0,1e+08,29144502771690,29144503345694,29144503345782,29144503430445,29144503449541,29144503931967,29144504300579,29144504300623,16,15.2893,5.74004,0.00088,0.84663,0.19096,4.82426,3.68612
874,1,0,1e+08,29144505393140,29144505670265,29144505670317,29144505728065,29144505742781,29144506167449,29144506587981,29144506588013,16,11.9487,2.77125,0.00052,0.57748,0.14716,4.24668,4.20532
875,1,0,1e+08,29144507878883,29144508241521,29144508241569,29144508310053,29144508325697,29144508674116,29144509201188,29144509201228,16,13.2234,3.62638,0.00048,0.68484,0.15644,3.48419,5.27072
876,1,0,1e+08,29144510371455,29144511152007,29144511152099,29144511241450,29144511262962,29144511716616,29144512063536,29144512063568,16,16.9211,7.80552,0.00092,0.89351,0.21512,4.53654,3.4692
877,1,0,1e+08,29144513223666,29144514230736,29144514230800,29144514341530,29144514359590,29144514715751,29144515021439,29144515021475,16,17.9781,10.0707,0.00064,1.1073,0.1806,3.56161,3.05688
878,1,0,1e+08,29144516158240,29144517014369,29144517014559,29144517124673,29144517153125,29144517639847,29144518002559,29144518002591,16,18.4435,8.56129,0.0019,1.10114,0.28452,4.86722,3.62712
879,1,0,1e+08,29144519355950,29144519750957,29144519750997,29144519814269,29144519829033,29144520048657,29144520396033,29144520396085,16,10.4014,3.95007,0.0004,0.63272,0.14764,2.19624,3.47376
880,1,0,1e+08,29144521348470,29144521715382,29144521715442,29144521775126,29144521788810,29144522199610,29144522501014,29144522501042,16,11.5257,3.66912,0.0006,0.59684,0.13684,4.108,3.01404
881,1,0,1e+08,29144523429148,29144523715337,29144523715373,29144523787997,29144523799121,29144524080961,29144524382965,29144524383001,16,9.53853,2.86189,0.00036,0.72624,0.11124,2.8184,3.02004
882,1,0,1e+08,29144525586615,29144525890740,29144525890780,29144525947804,29144525975168,29144526333915,29144526737051,29144526737083,16,11.5047,3.04125,0.0004,0.57024,0.27364,3.58747,4.03136
883,1,0,1e+08,29144527661427,29144528024122,29144528024322,29144528184879,29144528262037,29144528985740,29144529415717,29144529415757,16,17.5433,3.62695,0.002,1.60557,0.77158,7.23703,4.29977
884,1,0,1e+08,29144530654845,29144531602732,29144531602796,29144531669121,29144531690373,29144532098437,29144532426673,29144532426701,16,17.7186,9.47887,0.00064,0.66325,0.21252,4.08064,3.28236
885,1,0,1e+08,29144533630587,29144534309381,29144534309441,29144534400977,29144534417333,29144534665417,29144534918985,29144534919017,16,12.8843,6.78794,0.0006,0.91536,0.16356,2.48084,2.53568
886,1,0,1e+08,29144535817219,29144536087319,29144536087351,29144536143419,29144536154855,29144536541239,29144536838531,29144536838555,16,10.2134,2.701,0.00032,0.56068,0.11436,3.86384,2.97292
887,1,0,1e+08,29144537875438,29144538150734,29144538150774,29144538201250,29144538215614,29144538452846,29144538761290,29144538761326,16,8.85888,2.75296,0.0004,0.50476,0.14364,2.37232,3.08444
888,1,0,1e+08,29144539714507,29144539991451,29144539991495,29144540044815,29144540056015,29144540316527,29144540632379,29144540632411,16,9.17904,2.76944,0.00044,0.5332,0.112,2.60512,3.15852
889,1,0,1e+08,29144541512377,29144542234422,29144542234526,29144542295946,29144542310022,29144542611966,29144542855958,29144542855986,16,13.4361,7.22045,0.00104,0.6142,0.14076,3.01944,2.43992
890,1,0,1e+08,29144543773380,29144544027704,29144544027744,29144544095580,29144544106444,29144544349556,29144544651816,29144544651844,16,8.78464,2.54324,0.0004,0.67836,0.10864,2.43112,3.0226
891,1,0,1e+08,29144545573613,29144545897765,29144545897857,29144545947197,29144545959537,29144546757456,29144547255040,29144547255092,16,16.8148,3.24152,0.00092,0.4934,0.1234,7.97919,4.97584
892,1,0,1e+08,29144548340602,29144548613018,29144548613050,29144548664118,29144548679074,29144549128346,29144549620611,29144549620643,16,12.8004,2.72416,0.00032,0.51068,0.14956,4.49272,4.92265
893,1,0,1e+08,29144550564760,29144550805264,29144550805300,29144550855812,29144550870144,29144551120804,29144551397332,29144551397364,16,8.32604,2.40504,0.00036,0.50512,0.14332,2.5066,2.76528
894,1,0,1e+08,29144552350875,29144553291312,29144553291404,29144553365482,29144553396782,29144553827788,29144554167168,29144554167200,16,18.1632,9.40437,0.00092,0.74078,0.313,4.31006,3.3938
895,1,0,1e+08,29144555144514,29144556025893,29144556025985,29144556166946,29144556180690,29144556600626,29144556947470,29144556947506,16,18.0299,8.81379,0.00092,1.40961,0.13744,4.19936,3.46844
896,1,0,1e+08,29144557983742,29144558807613,29144558807808,29144558900397,29144558929686,29144559485028,29144559823360,29144559823388,16,18.3965,8.23871,0.00195,0.92589,0.29289,5.55342,3.38332
897,1,0,1e+08,29144561042593,29144561318018,29144561318054,29144561374398,29144561389134,29144561696070,29144562553737,29144562553829,16,15.1124,2.75425,0.00036,0.56344,0.14736,3.06936,8.57667
898,1,0,1e+08,29144564141376,29144564373212,29144564373244,29144564432428,29144564447444,29144564828236,29144565255297,29144565255333,16,11.1396,2.31836,0.00032,0.59184,0.15016,3.80792,4.27061
899,1,0,1e+08,29144566211475,29144566525169,29144566525229,29144566581569,29144566595061,29144566905025,29144567173093,29144567173125,16,9.6165,3.13694,0.0006,0.5634,0.13492,3.09964,2.68068
900,1,0,1e+08,29144568347082,29144569244074,29144569244302,29144569400658,29144569420846,29144569837180,29144570189580,29144570189612,16,18.4253,8.96992,0.00228,1.56356,0.20188,4.16334,3.524
901,1,0,1e+08,29144571258589,29144571542229,29144571542273,29144571596333,29144571611345,29144572524768,29144572989764,29144572989816,16,17.3123,2.8364,0.00044,0.5406,0.15012,9.13423,4.64996
902,1,0,1e+08,29144574109080,29144574804348,29144574804548,29144574956430,29144574999706,29144575522460,29144575917137,29144575917169,16,18.0809,6.95268,0.002,1.51882,0.43276,5.22754,3.94677
903,1,0,1e+08,29144576982846,29144577822957,29144577823147,29144577908929,29144577942370,29144578396937,29144578758877,29144578758917,16,17.7607,8.40111,0.0019,0.85782,0.33441,4.54567,3.6194
904,1,0,1e+08,29144579896785,29144580225049,29144580225137,29144580295121,29144580309017,29144580909008,29144581308386,29144581308414,16,14.1163,3.28264,0.00088,0.69984,0.13896,5.99991,3.99378
905,1,0,1e+08,29144582409968,29144582723604,29144582723728,29144582784836,29144582795640,29144583112196,29144583407428,29144583407464,16,9.97496,3.13636,0.00124,0.61108,0.10804,3.16556,2.95232
906,1,0,1e+08,29144584314881,29144584604698,29144584604742,29144584681514,29144584692894,29144584995714,29144585309290,29144585309322,16,9.94441,2.89817,0.00044,0.76772,0.1138,3.0282,3.13576
907,1,0,1e+08,29144586468636,29144586770446,29144586770506,29144586847502,29144586859362,29144587131202,29144587384222,29144587384250,16,9.15614,3.0181,0.0006,0.76996,0.1186,2.7184,2.5302
908,1,0,1e+08,29144588614858,29144589049964,29144589050139,29144589207509,29144589225427,29144589560923,29144589881539,29144589881575,16,12.6672,4.35106,0.00175,1.5737,0.17918,3.35496,3.20616
909,1,0,1e+08,29144592021987,29144592305844,29144592305904,29144592369720,29144592383436,29144592819648,29144593140016,29144593140060,16,11.1807,2.83857,0.0006,0.63816,0.13716,4.36212,3.20368
910,1,0,1e+08,29144594100397,29144594446439,29144594446487,29144594500783,29144594515623,29144594813879,29144595131511,29144595131543,16,10.3115,3.46042,0.00048,0.54296,0.1484,2.98256,3.17632
911,1,0,1e+08,29144596047692,29144596818326,29144596818521,29144596909769,29144596951606,29144597466074,29144597816866,29144597816906,16,17.6921,7.70634,0.00195,0.91248,0.41837,5.14468,3.50792
912,1,0,1e+08,29144598847764,29144599382913,29144599383041,29144599433697,29144599448817,29144599793009,29144600137017,29144600137053,16,12.8929,5.35149,0.00128,0.50656,0.1512,3.44192,3.44008
913,1,0,1e+08,29144601019932,29144601277990,29144601278034,29144601329114,29144601343962,29144601586526,29144601853402,29144601853438,16,8.33506,2.58058,0.00044,0.5108,0.14848,2.42564,2.66876
914,1,0,1e+08,29144602908616,29144603202536,29144603202580,29144603258552,29144603273012,29144603591544,29144603883344,29144603883376,16,9.7476,2.9392,0.00044,0.55972,0.1446,3.18532,2.918
915,1,0,1e+08,29144604931898,29144605282557,29144605282737,29144605371577,29144605385817,29144605701895,29144605987387,29144605987419,16,10.5552,3.50659,0.0018,0.8884,0.1424,3.16078,2.85492
916,1,0,1e+08,29144607008345,29144607315479,29144607315523,29144607379443,29144607394831,29144607662091,29144607963355,29144607963383,16,9.55038,3.07134,0.00044,0.6392,0.15388,2.6726,3.01264
917,1,0,1e+08,29144609043640,29144609780419,29144609780619,29144609892164,29144609935032,29144610407480,29144610765976,29144610766016,16,17.2238,7.36779,0.002,1.11545,0.42868,4.72448,3.58496
918,1,0,1e+08,29144611914656,29144612199552,29144612199600,29144612277864,29144612292064,29144612573952,29144612885528,29144612885556,16,9.709,2.84896,0.00048,0.78264,0.142,2.81888,3.11576
919,1,0,1e+08,29144613927672,29144614192208,29144614192248,29144614252460,29144614267124,29144614560372,29144614863804,29144614863840,16,9.36168,2.64536,0.0004,0.60212,0.14664,2.93248,3.03432
920,1,0,1e+08,29144615753463,29144616399092,29144616399292,29144616547134,29144616590386,29144617069936,29144617434960,29144617434988,16,16.8152,6.45629,0.002,1.47842,0.43252,4.7955,3.65024
921,1,0,1e+08,29144618487461,29144618751729,29144618751769,29144618831597,29144618843073,29144619107661,29144619425497,29144619425533,16,9.38072,2.64268,0.0004,0.79828,0.11476,2.64588,3.17836
922,1,0,1e+08,29144620402604,29144621439769,29144621439833,29144621506977,29144621528109,29144621901625,29144622226493,29144622226521,16,18.2392,10.3716,0.00064,0.67144,0.21132,3.73516,3.24868
923,1,0,1e+08,29144623334319,29144624190901,29144624190997,29144624280418,29144624370776,29144624777312,29144625131104,29144625131136,16,17.9682,8.56582,0.00096,0.89421,0.90358,4.06536,3.53792
924,1,0,1e+08,29144626343595,29144627249831,29144627249923,29144627380372,29144627420460,29144627846719,29144628209539,29144628209571,16,18.6598,9.06236,0.00092,1.30449,0.40088,4.26259,3.6282
925,1,0,1e+08,29144630562757,29144630872918,29144630872950,29144630934534,29144630948310,29144631224390,29144631946741,29144631946926,16,13.8417,3.10161,0.00032,0.61584,0.13776,2.7608,7.22351
926,1,0,1e+08,29144633916047,29144634748038,29144634748130,29144634861584,29144634879872,29144635398130,29144635753846,29144635753874,16,18.3783,8.31991,0.00092,1.13454,0.18288,5.18258,3.55716
927,1,0,1e+08,29144636788028,29144637131598,29144637131650,29144637187274,29144637202530,29144637518926,29144637866078,29144637866118,16,10.7809,3.4357,0.00052,0.55624,0.15256,3.16396,3.47152
928,1,0,1e+08,29144638848170,29144639626513,29144639626703,29144639717308,29144639759316,29144640255003,29144640600507,29144640600539,16,17.5237,7.78343,0.0019,0.90605,0.42008,4.95687,3.45504
929,1,0,1e+08,29144641629539,29144642431977,29144642432089,29144642519183,29144642560991,29144643047426,29144643423399,29144643423447,16,17.9391,8.02438,0.00112,0.87094,0.41808,4.86435,3.75973
930,1,0,1e+08,29144644624606,29144645510233,29144645510325,29144645686398,29144645702474,29144646100080,29144646432600,29144646432628,16,18.0802,8.85627,0.00092,1.76073,0.16076,3.97606,3.3252
931,1,0,1e+08,29144647530442,29144647819710,29144647819758,29144647886450,29144647897830,29144648333150,29144648677534,29144648677570,16,11.4713,2.89268,0.00048,0.66692,0.1138,4.3532,3.44384
932,1,0,1e+08,29144649553990,29144650431856,29144650432051,29144650569889,29144650600477,29144651079491,29144651447195,29144651447223,16,18.9323,8.77866,0.00195,1.37838,0.30588,4.79014,3.67704
933,1,0,1e+08,29144652468624,29144652728336,29144652728376,29144652778536,29144652793228,29144653077684,29144653390732,29144653390768,16,9.22144,2.59712,0.0004,0.5016,0.14692,2.84456,3.13048
934,1,0,1e+08,29144654383946,29144655284065,29144655284161,29144655467708,29144655481620,29144655888742,29144656242090,29144656242118,16,18.5817,9.00119,0.00096,1.83547,0.13912,4.07122,3.53348
935,1,0,1e+08,29144657254586,29144657535862,29144657535902,29144657586850,29144657601454,29144657995857,29144658406457,29144658406501,16,11.5191,2.81276,0.0004,0.50948,0.14604,3.94403,4.106
936,1,0,1e+08,29144659352314,29144659685452,29144659685488,29144659754904,29144659767364,29144660003584,29144660280392,29144660280416,16,9.28102,3.33138,0.00036,0.69416,0.1246,2.3622,2.76808
937,1,0,1e+08,29144661234756,29144661579410,29144661579442,29144661628194,29144661643202,29144661871770,29144662155766,29144662155798,16,9.21042,3.44654,0.00032,0.48752,0.15008,2.28568,2.83996
938,1,0,1e+08,29144663147579,29144663413163,29144663413191,29144663462075,29144663476959,29144663696851,29144663965747,29144663965775,16,8.18196,2.65584,0.00028,0.48884,0.14884,2.19892,2.68896
939,1,0,1e+08,29144664902326,29144667126153,29144667126261,29144667188261,29144667203457,29144667474425,29144667761345,29144667761381,16,28.5906,22.2383,0.00108,0.62,0.15196,2.70968,2.8692
940,1,0,1e+08,29144668648657,29144668914490,29144668914518,29144668963734,29144668978498,29144669686735,29144670306504,29144670306552,16,16.5789,2.65833,0.00028,0.49216,0.14764,7.08237,6.19769
941,1,0,1e+08,29144671508039,29144671751944,29144671751972,29144671798424,29144671809644,29144672037020,29144672373604,29144672373648,16,8.65609,2.43905,0.00028,0.46452,0.1122,2.27376,3.36584
942,1,0,1e+08,29144673369349,29144673695541,29144673695589,29144673837883,29144673915088,29144674734513,29144675176217,29144675176253,16,18.069,3.26192,0.00048,1.42294,0.77205,8.19425,4.41704
943,1,0,1e+08,29144676244615,29144676467127,29144676467163,29144676517087,29144676531803,29144676837880,29144677788843,29144677788907,16,15.4429,2.22512,0.00036,0.49924,0.14716,3.06077,9.50963
944,1,0,1e+08,29144679245789,29144679620498,29144679620562,29144679722809,29144679742285,29144680739035,29144681044731,29144681044759,16,17.9897,3.74709,0.00064,1.02247,0.19476,9.9675,3.05696
945,1,0,1e+08,29144682041277,29144682320039,29144682320071,29144682369479,29144682384299,29144682677687,29144682984199,29144682984231,16,9.42954,2.78762,0.00032,0.49408,0.1482,2.93388,3.06512
946,1,0,1e+08,29144683905416,29144684151056,29144684151092,29144684201260,29144684215892,29144684613089,29144685440420,29144685440468,16,15.3505,2.4564,0.00036,0.50168,0.14632,3.97197,8.27331
947,1,0,1e+08,29144686718866,29144686971674,29144686971718,29144687023982,29144687038806,29144687352042,29144687721538,29144687721598,16,10.0273,2.52808,0.00044,0.52264,0.14824,3.13236,3.69496
948,1,0,1e+08,29144688623665,29144688883945,29144688883981,29144688933489,29144688947985,29144689275094,29144689620839,29144689620867,16,9.97202,2.6028,0.00036,0.49508,0.14496,3.27109,3.45745
949,1,0,1e+08,29144690558718,29144690883059,29144690883249,29144691043879,29144691102989,29144691817283,29144692228728,29144692228772,16,16.7005,3.24341,0.0019,1.6063,0.5911,7.14294,4.11445
950,1,0,1e+08,29144693447640,29144694205738,29144694205938,29144694359414,29144694392106,29144694901726,29144695290290,29144695290322,16,18.4268,7.58098,0.002,1.53476,0.32692,5.0962,3.88564
951,1,0,1e+08,29144696398041,29144697056663,29144697056863,29144697217858,29144697262809,29144697748365,29144698123065,29144698123105,16,17.2506,6.58622,0.002,1.60995,0.44951,4.85556,3.747
952,1,0,1e+08,29144699174510,29144700119930,29144700119994,29144700185867,29144700208795,29144700596556,29144700908416,29144700908444,16,17.3393,9.4542,0.00064,0.65873,0.22928,3.87761,3.1186
953,1,0,1e+08,29144702282631,29144703075452,29144703075548,29144703212602,29144703232306,29144703647448,29144703991360,29144703991396,16,17.0877,7.92821,0.00096,1.37054,0.19704,4.15142,3.43912
954,1,0,1e+08,29144705081410,29144705375207,29144705375255,29144705429075,29144705441903,29144705789659,29144706117043,29144706117075,16,10.3567,2.93797,0.00048,0.5382,0.12828,3.47756,3.27384
955,1,0,1e+08,29144707086048,29144707360021,29144707360061,29144707411653,29144707425009,29144707694313,29144707978281,29144707978321,16,8.92273,2.73973,0.0004,0.51592,0.13356,2.69304,2.83968
956,1,0,1e+08,29144708928876,29144709200413,29144709200453,29144709252461,29144709267365,29144709530241,29144709862833,29144709862865,16,9.33989,2.71537,0.0004,0.52008,0.14904,2.62876,3.32592
957,1,0,1e+08,29144710814335,29144711080344,29144711080432,29144711140268,29144711163160,29144711550184,29144711955236,29144711955276,16,11.4094,2.66009,0.00088,0.59836,0.22892,3.87024,4.05052
958,1,0,1e+08,29144712883476,29144715376529,29144715376761,29144715460181,29144715493949,29144715953309,29144716295969,29144716296001,16,34.1253,24.9305,0.00232,0.8342,0.33768,4.5936,3.4266
959,1,0,1e+08,29144717394575,29144717720295,29144717720343,29144717801043,29144717812271,29144718145619,29144718449623,29144718449659,16,10.5508,3.2572,0.00048,0.807,0.11228,3.33348,3.04004
960,1,0,1e+08,29144719563700,29144720353708,29144720354036,29144720435376,29144720477860,29144720961858,29144721327266,29144721327298,16,17.636,7.90008,0.00328,0.8134,0.42484,4.83998,3.65408
961,1,0,1e+08,29144722374219,29144722683156,29144722683212,29144722735584,29144722746856,29144723094216,29144723397492,29144723397528,16,10.2331,3.08937,0.00056,0.52372,0.11272,3.4736,3.03276
962,1,0,1e+08,29144724440739,29144724751883,29144724751939,29144724811047,29144724830399,29144725180183,29144725673700,29144725673736,16,12.33,3.11144,0.00056,0.59108,0.19352,3.49784,4.93517
963,1,0,1e+08,29144726573188,29144727239301,29144727239486,29144727401390,29144727442784,29144727939745,29144728320389,29144728320429,16,17.4724,6.66113,0.00185,1.61904,0.41394,4.96961,3.80644
964,1,0,1e+08,29144729599455,29144730364821,29144730364996,29144730545179,29144730565795,29144731106050,29144731452554,29144731452586,16,18.5313,7.65366,0.00175,1.80183,0.20616,5.40255,3.46504
965,1,0,1e+08,29144732401895,29144732663709,29144732663749,29144732717633,29144732729321,29144732967061,29144733879684,29144733879744,16,14.7785,2.61814,0.0004,0.53884,0.11688,2.3774,9.12623
966,1,0,1e+08,29144736438456,29144736753014,29144736753062,29144736817166,29144736831942,29144737127618,29144737907913,29144737907989,16,14.6953,3.14558,0.00048,0.64104,0.14776,2.95676,7.80295
967,1,0,1e+08,29144739449908,29144739735256,29144739735300,29144739796016,29144739809852,29144740155496,29144740509016,29144740509056,16,10.5915,2.85348,0.00044,0.60716,0.13836,3.45644,3.5352
968,1,0,1e+08,29144741444157,29144742209543,29144742209738,29144742340077,29144742358449,29144742878728,29144743243272,29144743243304,16,17.9915,7.65386,0.00195,1.30339,0.18372,5.20279,3.64544
969,1,0,1e+08,29144744237907,29144744523388,29144744523424,29144744573988,29144744588444,29144744847880,29144745174192,29144745174236,16,9.36329,2.85481,0.00036,0.50564,0.14456,2.59436,3.26312
970,1,0,1e+08,29144746132860,29144746916781,29144746916976,29144747012346,29144747057734,29144747541486,29144747923726,29144747923762,16,17.909,7.83921,0.00195,0.9537,0.45388,4.83752,3.8224
971,1,0,1e+08,29144748992504,29144749236532,29144749236568,29144749286180,29144749297052,29144749541644,29144749829428,29144749829464,16,8.3696,2.44028,0.00036,0.49612,0.10872,2.44592,2.87784
972,1,0,1e+08,29144750820666,29144751066718,29144751066754,29144751206294,29144751282809,29144752118430,29144752533406,29144752533438,16,17.1277,2.46052,0.00036,1.3954,0.76515,8.35621,4.14976
973,1,0,1e+08,29144753646463,29144754346405,29144754346605,29144754479424,29144754522156,29144755030932,29144755416748,29144755416792,16,17.7033,6.99942,0.002,1.32819,0.42732,5.08776,3.85816
974,1,0,1e+08,29144756513873,29144757292845,29144757292945,29144757373501,29144757421209,29144757884239,29144758276227,29144758276259,16,17.6239,7.78972,0.001,0.80556,0.47708,4.6303,3.91988
975,1,0,1e+08,29144759336768,29144759665268,29144759665328,29144759724612,29144759739548,29144760020456,29144760313620,29144760313652,16,9.76884,3.285,0.0006,0.59284,0.14936,2.80908,2.93164
976,1,0,1e+08,29144761343405,29144762366398,29144762366462,29144762459651,29144762480787,29144762866308,29144763190052,29144763190080,16,18.4668,10.2299,0.00064,0.93189,0.21136,3.85521,3.23744
977,1,0,1e+08,29144764304775,29144765268640,29144765268704,29144765396368,29144765415316,29144765808961,29144766119685,29144766119721,16,18.1495,9.63865,0.00064,1.27664,0.18948,3.93645,3.10724
978,1,0,1e+08,29144767133165,29144767370209,29144767370245,29144767505390,29144767564643,29144768381749,29144768807350,29144768807386,16,16.7422,2.37044,0.00036,1.35145,0.59253,8.17106,4.25601
979,1,0,1e+08,29144769879349,29144770638080,29144770638280,29144770724427,29144770767171,29144771251293,29144771625413,29144771625457,16,17.4611,7.58731,0.002,0.86147,0.42744,4.84122,3.7412
980,1,0,1e+08,29144772763075,29144773423969,29144773424169,29144773585044,29144773637130,29144774132560,29144774505372,29144774505404,16,17.4233,6.60894,0.002,1.60875,0.52086,4.9543,3.72812
981,1,0,1e+08,29144775669144,29144776409936,29144776410131,29144776510256,29144776554816,29144777044149,29144777418101,29144777418145,16,17.49,7.40792,0.00195,1.00125,0.4456,4.89333,3.73952
982,1,0,1e+08,29144778687933,29144779290471,29144779290661,29144779450352,29144779526882,29144780067178,29144780466387,29144780466419,16,17.7849,6.02538,0.0019,1.59691,0.7653,5.40296,3.99209
983,1,0,1e+08,29144781662748,29144781962740,29144781962792,29144782011600,29144782026500,29144782322796,29144782637480,29144782637520,16,9.74772,2.99992,0.00052,0.48808,0.149,2.96296,3.14684
984,1,0,1e+08,29144783552505,29144784080913,29144784081113,29144784241883,29144784300833,29144784895844,29144785285460,29144785285492,16,17.3299,5.28408,0.002,1.6077,0.5895,5.95011,3.89616
985,1,0,1e+08,29144786303563,29144787140188,29144787140280,29144787220260,29144787246612,29144787662466,29144788009014,29144788009054,16,17.0549,8.36625,0.00092,0.7998,0.26352,4.15854,3.46548
986,1,0,1e+08,29144789011107,29144789973208,29144789973276,29144790038184,29144790059348,29144790451113,29144790772849,29144790772881,16,17.6177,9.62101,0.00068,0.64908,0.21164,3.91765,3.21736
987,1,0,1e+08,29144791764824,29144792025730,29144792025758,29144792074066,29144792089118,29144792679699,29144793371252,29144793371312,16,16.0649,2.60906,0.00028,0.48308,0.15052,5.90581,6.91553
988,1,0,1e+08,29144794578439,29144795191767,29144795191957,29144795446764,29144795471080,29144795993968,29144796353248,29144796353280,16,17.7484,6.13328,0.0019,2.54807,0.24316,5.22888,3.5928
989,1,0,1e+08,29144797401523,29144797643164,29144797643200,29144797691808,29144797708656,29144798298195,29144799012267,29144799012331,16,16.1081,2.41641,0.00036,0.48608,0.16848,5.89539,7.14072
990,1,0,1e+08,29144800326203,29144801336445,29144801336509,29144801410009,29144801453926,29144801816350,29144802124926,29144802124958,16,17.9876,10.1024,0.00064,0.735,0.43917,3.62424,3.08576
991,1,0,1e+08,29144803075103,29144803949153,29144803949249,29144804032065,29144804058910,29144804480656,29144804828584,29144804828620,16,17.5352,8.7405,0.00096,0.82816,0.26845,4.21746,3.47928
992,1,0,1e+08,29144805795664,29144806056845,29144806056893,29144806110577,29144806125289,29144806449213,29144806933677,29144806933725,16,11.3806,2.61181,0.00048,0.53684,0.14712,3.23924,4.84464
993,1,0,1e+08,29144808047504,29144808301948,29144808301996,29144808355480,29144808370556,29144808685080,29144809054724,29144809054764,16,10.0726,2.54444,0.00048,0.53484,0.15076,3.14524,3.69644
994,1,0,1e+08,29144810175277,29144811082465,29144811082557,29144811156148,29144811200176,29144811623768,29144811964228,29144811964256,16,17.8898,9.07188,0.00092,0.73591,0.44028,4.23592,3.4046
995,1,0,1e+08,29144813089312,29144813396990,29144813397042,29144813453286,29144813466150,29144813857310,29144814190318,29144814190362,16,11.0105,3.07678,0.00052,0.56244,0.12864,3.9116,3.33008
996,1,0,1e+08,29144815119892,29144816007449,29144816007541,29144816070878,29144816101798,29144816505004,29144816846920,29144816846948,16,17.2706,8.87557,0.00092,0.63337,0.3092,4.03206,3.41916
997,1,0,1e+08,29144817861641,29144818255835,29144818255959,29144818307875,29144818322511,29144818627087,29144819014167,29144819014227,16,11.5259,3.94194,0.00124,0.51916,0.14636,3.04576,3.8708
998,1,0,1e+08,29144819859107,29144820141063,29144820141107,29144820192015,29144820207031,29144820460559,29144820762227,29144820762255,16,9.03148,2.81956,0.00044,0.50908,0.15016,2.53528,3.01668
999,1,0,1e+08,29144821737702,29144822479475,29144822479675,29144822594093,29144822635774,29144823089832,29144823458192,29144823458232,16,17.2053,7.41773,0.002,1.14418,0.41681,4.54058,3.6836
1000,1,0,1e+08,29144824732363,29144825573611,29144825573703,29144825654391,29144825686739,29144826129361,29144826481125,29144826481153,16,17.4879,8.41248,0.00092,0.80688,0.32348,4.42622,3.51764
1001,1,0,1e+08,29144827567353,29144828503276,29144828503340,29144828660941,29144828677897,29144829038805,29144829349089,29144829349125,16,17.8177,9.35923,0.00064,1.57601,0.16956,3.60908,3.10284
1002,1,0,1e+08,29144830518877,29144831610337,29144831610507,29144831773895,29144831792143,29144832082940,29144832313700,29144832313728,16,17.9485,10.9146,0.0017,1.63388,0.18248,2.90797,2.3076
1003,1,0,1e+08,29144833229856,29144833561524,29144833561564,29144833611728,29144833626416,29144833899264,29144834193584,29144834193624,16,9.63768,3.31668,0.0004,0.50164,0.14688,2.72848,2.9432
1004,1,0,1e+08,29144835140560,29144836146653,29144836146717,29144836288570,29144836302074,29144836653782,29144836968978,29144836969006,16,18.2845,10.0609,0.00064,1.41853,0.13504,3.51708,3.15196
1005,1,0,1e+08,29144838026073,29144838310607,29144838310655,29144838366935,29144838381707,29144838746679,29144839054647,29144839054683,16,10.2861,2.84534,0.00048,0.5628,0.14772,3.64972,3.07968
1006,1,0,1e+08,29144840029925,29144840312575,29144840312619,29144840364771,29144840384531,29144840673175,29144840977307,29144840977339,16,9.47414,2.8265,0.00044,0.52152,0.1976,2.88644,3.04132
1007,1,0,1e+08,29144841975348,29144842204416,29144842204460,29144842254988,29144842273676,29144842522304,29144842789632,29144842789664,16,8.14316,2.29068,0.00044,0.50528,0.18688,2.48628,2.67328
1008,1,0,1e+08,29144843843578,29144844443878,29144844443982,29144844499810,29144844514594,29144844756950,29144845045278,29144845045310,16,12.0173,6.003,0.00104,0.55828,0.14784,2.42356,2.88328
1009,1,0,1e+08,29144845965914,29144846237518,29144846237558,29144846285754,29144846300106,29144846551098,29144846847474,29144846847510,16,8.81596,2.71604,0.0004,0.48196,0.14352,2.50992,2.96376
1010,1,0,1e+08,29144847868424,29144848223584,29144848223784,29144848382725,29144848441604,29144849220809,29144849610341,29144849610373,16,17.4195,3.5516,0.002,1.58941,0.58879,7.79205,3.89532
1011,1,0,1e+08,29144850631118,29144850901612,29144850901652,29144850953256,29144850965052,29144851316193,29144851647085,29144851647121,16,10.16,2.70494,0.0004,0.51604,0.11796,3.51141,3.30892
1012,1,0,1e+08,29144852604977,29144852866083,29144852866119,29144852914939,29144852929523,29144853140615,29144853405027,29144853405055,16,8.00078,2.61106,0.00036,0.4882,0.14584,2.11092,2.64412
1013,1,0,1e+08,29144854361185,29144854630043,29144854630071,29144854679871,29144854695087,29144854924759,29144855211179,29144855211219,16,8.50034,2.68858,0.00028,0.498,0.15216,2.29672,2.8642
1014,1,0,1e+08,29144856135796,29144856889360,29144856889444,29144856944604,29144856959468,29144857191216,29144857469560,29144857469584,16,13.3379,7.53564,0.00084,0.5516,0.14864,2.31748,2.78344
1015,1,0,1e+08,29144858446148,29144859276573,29144859276669,29144859404709,29144859424177,29144859925058,29144860280526,29144860280562,16,18.3441,8.30425,0.00096,1.2804,0.19468,5.00881,3.55468
1016,1,0,1e+08,29144861288131,29144861515848,29144861515876,29144861569640,29144861583740,29144861810120,29144862100632,29144862100660,16,8.12529,2.27717,0.00028,0.53764,0.141,2.2638,2.90512
1017,1,0,1e+08,29144863040714,29144863508064,29144863508264,29144863667045,29144863725855,29144864375148,29144864773844,29144864773888,16,17.3317,4.6735,0.002,1.58781,0.5881,6.49293,3.98696
1018,1,0,1e+08,29144865906460,29144866191560,29144866191608,29144866243172,29144866258112,29144866567832,29144866890992,29144866891024,16,9.84564,2.851,0.00048,0.51564,0.1494,3.0972,3.2316
1019,1,0,1e+08,29144867845112,29144868212744,29144868212944,29144868373565,29144868432491,29144869215468,29144869602105,29144869602149,16,17.5704,3.67632,0.002,1.60621,0.58926,7.82977,3.86637
1020,1,0,1e+08,29144870819639,29144871496708,29144871496796,29144871567329,29144871582149,29144871900425,29144872294453,29144872294485,16,14.7485,6.77069,0.00088,0.70533,0.1482,3.18276,3.94028
1021,1,0,1e+08,29144873246526,29144873992561,29144873992657,29144874047129,29144874061629,29144874338329,29144874656253,29144874656297,16,14.0977,7.46035,0.00096,0.54472,0.145,2.767,3.17924
1022,1,0,1e+08,29144875621071,29144875833719,29144875833747,29144875883835,29144875899783,29144876136935,29144876417355,29144876417379,16,7.96308,2.12648,0.00028,0.50088,0.15948,2.37152,2.8042
1023,1,0,1e+08,29144877488437,29144878286245,29144878286341,29144878366781,29144878396205,29144878903186,29144879249506,29144879249542,16,17.611,7.97808,0.00096,0.8044,0.29424,5.06981,3.4632
1024,1,0,1e+08,29144880360023,29144880995211,29144880995406,29144881153335,29144881230525,29144881773027,29144882169139,29144882169171,16,18.0915,6.35188,0.00195,1.57929,0.7719,5.42502,3.96112
1025,1,0,1e+08,29144883265455,29144883567573,29144883567625,29144883629145,29144883643989,29144883964297,29144884305089,29144884305133,16,10.3968,3.02118,0.00052,0.6152,0.14844,3.20308,3.40792
1026,1,0,1e+08,29144885289604,29144885513664,29144885513704,29144885566740,29144885581792,29144885850692,29144886152364,29144886152392,16,8.62788,2.2406,0.0004,0.53036,0.15052,2.689,3.01672
1027,1,0,1e+08,29144887057797,29144887335541,29144887335581,29144887385701,29144887400217,29144887647045,29144887956517,29144887956553,16,8.98756,2.77744,0.0004,0.5012,0.14516,2.46828,3.09472
1028,1,0,1e+08,29144888947359,29144889676536,29144889676731,29144889793705,29144889835533,29144890290462,29144890657226,29144890657258,16,17.099,7.29177,0.00195,1.16974,0.41828,4.54929,3.66764
1029,1,0,1e+08,29144891864486,29144892140814,29144892140842,29144892190210,29144892204982,29144892459818,29144892770126,29144892770162,16,9.05676,2.76328,0.00028,0.49368,0.14772,2.54836,3.10308
1030,1,0,1e+08,29144893721412,29144894772189,29144894772253,29144894831829,29144894854654,29144895313866,29144895635530,29144895635558,16,19.1415,10.5078,0.00064,0.59576,0.22825,4.59212,3.21664
1031,1,0,1e+08,29144896748684,29144897536189,29144897536379,29144897621062,29144897666322,29144898153597,29144898560585,29144898560621,16,18.1194,7.87505,0.0019,0.84683,0.4526,4.87275,4.06988
1032,1,0,1e+08,29144899655841,29144899924266,29144899924298,29144899973974,29144899989162,29144900863050,29144901315623,29144901315659,16,16.5982,2.68425,0.00032,0.49676,0.15188,8.73888,4.52573
1033,1,0,1e+08,29144902714357,29144903440009,29144903440073,29144903504489,29144903523169,29144903867741,29144904165993,29144904166029,16,14.5167,7.25652,0.00064,0.64416,0.1868,3.44572,2.98252
1034,1,0,1e+08,29144905171613,29144905433701,29144905433741,29144905490241,29144905505045,29144905742661,29144906026933,29144906026961,16,8.55348,2.62088,0.0004,0.565,0.14804,2.37616,2.84272
1035,1,0,1e+08,29144906990198,29144907475971,29144907476171,29144907635103,29144907712208,29144908301020,29144908699944,29144908699984,16,17.0979,4.85773,0.002,1.58932,0.77105,5.88812,3.98924
1036,1,0,1e+08,29144909796919,29144910665703,29144910665795,29144910748187,29144910781115,29144911224769,29144911579473,29144911579505,16,17.8259,8.68784,0.00092,0.82392,0.32928,4.43654,3.54704
1037,1,0,1e+08,29144912577078,29144913077766,29144913077966,29144913236015,29144913312490,29144913894972,29144914292672,29144914292716,16,17.1564,5.00688,0.002,1.58049,0.76475,5.82482,3.977
1038,1,0,1e+08,29144915433799,29144916170113,29144916170303,29144916291803,29144916334497,29144916789996,29144917156200,29144917156232,16,17.2243,7.36314,0.0019,1.215,0.42694,4.55499,3.66204
1039,1,0,1e+08,29144918221974,29144918642128,29144918642280,29144918701188,29144918714948,29144919065268,29144919378776,29144919378812,16,11.5684,4.20154,0.00152,0.58908,0.1376,3.5032,3.13508
1040,1,0,1e+08,29144920612772,29144921440537,29144921440629,29144921521685,29144921548378,29144921989691,29144922328635,29144922328667,16,17.159,8.27765,0.00092,0.81056,0.26693,4.41313,3.38944
1041,1,0,1e+08,29144923459470,29144924664801,29144924664889,29144924751901,29144924771985,29144925871517,29144926366328,29144926366376,16,29.0691,12.0533,0.00088,0.87012,0.20084,10.9953,4.94811
1042,1,0,1e+08,29144927660985,29144928766622,29144928766714,29144928968044,29144928987304,29144929392060,29144929730084,29144929730112,16,20.6913,11.0564,0.00092,2.0133,0.1926,4.04756,3.38024
1043,1,0,1e+08,29144930897867,29144931326718,29144931326782,29144931420708,29144931443012,29144931839473,29144932136421,29144932136453,16,12.3859,4.28851,0.00064,0.93926,0.22304,3.96461,2.96948
1044,1,0,1e+08,29144933035123,29144933357198,29144933357238,29144933406774,29144933421774,29144933674170,29144933970234,29144933970266,16,9.35143,3.22075,0.0004,0.49536,0.15,2.52396,2.96064
1045,1,0,1e+08,29144934914618,29144935639445,29144935639640,29144935886385,29144935919549,29144936344288,29144936699088,29144936699128,16,17.8451,7.24827,0.00195,2.46745,0.33164,4.24739,3.548
1046,1,0,1e+08,29144937712576,29144938423513,29144938423708,29144938570046,29144938628778,29144939150595,29144939504663,29144939504695,16,17.9212,7.10937,0.00195,1.46338,0.58732,5.21817,3.54068
1047,1,0,1e+08,29144940493743,29144941307260,29144941307352,29144941387908,29144941421040,29144941875100,29144942224044,29144942224084,16,17.3034,8.13517,0.00092,0.80556,0.33132,4.5406,3.48944
1048,1,0,1e+08,29144943208534,29144944017069,29144944017259,29144944114757,29144944156916,29144944606743,29144944965019,29144944965047,16,17.5651,8.08535,0.0019,0.97498,0.42159,4.49827,3.58276
1049,1,0,1e+08,29144945995198,29144946725997,29144946726197,29144946869673,29144946914297,29144947381981,29144947750613,29144947750649,16,17.5545,7.30799,0.002,1.43476,0.44624,4.67684,3.68632
1050,1,0,1e+08,29144948966743,29144949275363,29144949275407,29144949339187,29144949353139,29144949706335,29144950077183,29144950077215,16,11.1047,3.0862,0.00044,0.6378,0.13952,3.53196,3.70848
1051,1,0,1e+08,29144951147257,29144951801700,29144951801890,29144951956962,29144951999358,29144952494436,29144952857512,29144952857548,16,17.1029,6.54443,0.0019,1.55072,0.42396,4.95078,3.63076
1052,1,0,1e+08,29144953950941,29144954237589,29144954237629,29144954291273,29144954316073,29144954701179,29144955550968,29144955551016,16,16.0008,2.86648,0.0004,0.53644,0.248,3.85106,8.49789
1053,1,0,1e+08,29144956737726,29144956955202,29144956955242,29144957004290,29144957018922,29144957297490,29144957645918,29144957645962,16,9.08236,2.17476,0.0004,0.49048,0.14632,2.78568,3.48428
1054,1,0,1e+08,29144958557536,29144959347099,29144959347284,29144959470164,29144959488696,29144959929435,29144960290023,29144960290055,16,17.3252,7.89563,0.00185,1.2288,0.18532,4.40739,3.60588
1055,1,0,1e+08,29144961444281,29144962255053,29144962255161,29144962344386,29144962378006,29144962888909,29144963226481,29144963226521,16,17.8224,8.10772,0.00108,0.89225,0.3362,5.10903,3.37572
1056,1,0,1e+08,29144964248253,29144964966174,29144964966369,29144965092270,29144965135826,29144965646793,29144966017769,29144966017801,16,17.6955,7.17921,0.00195,1.25901,0.43556,5.10967,3.70976
1057,1,0,1e+08,29144967036446,29144967281346,29144967281386,29144967331602,29144967342566,29144967593826,29144967907434,29144967907474,16,8.71028,2.449,0.0004,0.50216,0.10964,2.5126,3.13608
1058,1,0,1e+08,29144968926280,29144969143656,29144969143764,29144969192412,29144969203104,29144969424308,29144969696788,29144969696816,16,7.70536,2.17376,0.00108,0.48648,0.10692,2.21204,2.7248
1059,1,0,1e+08,29144970710167,29144970936115,29144970936143,29144970986071,29144971003207,29144971222059,29144971504411,29144971504447,16,7.9428,2.25948,0.00028,0.49928,0.17136,2.18852,2.82352
1060,1,0,1e+08,29144972451932,29144974792686,29144974792786,29144974851906,29144974866294,29144975207886,29144975614365,29144975614397,16,31.6246,23.4075,0.001,0.5912,0.14388,3.41592,4.06479
1061,1,0,1e+08,29144976554944,29144977338218,29144977338413,29144977428404,29144977470580,29144977919828,29144978280828,29144978280868,16,17.2592,7.83274,0.00195,0.89991,0.42176,4.49248,3.61
1062,1,0,1e+08,29144979377235,29144979716307,29144979716363,29144979769239,29144979796075,29144980154355,29144980505159,29144980505187,16,11.2795,3.39072,0.00056,0.52876,0.26836,3.5828,3.50804
1063,1,0,1e+08,29144981473475,29144981961443,29144981961633,29144982122213,29144982206133,29144982899126,29144983293471,29144983293511,16,18.2004,4.87968,0.0019,1.6058,0.8392,6.92993,3.94345
1064,1,0,1e+08,29144984398378,29144984877651,29144984877707,29144984944443,29144984959091,29144985301491,29144985624483,29144985624519,16,12.2614,4.79273,0.00056,0.66736,0.14648,3.424,3.22992
1065,1,0,1e+08,29144986458734,29144986737370,29144986737402,29144986793230,29144986806862,29144987091434,29144987405454,29144987405490,16,9.46756,2.78636,0.00032,0.55828,0.13632,2.84572,3.1402
1066,1,0,1e+08,29144988365194,29144988639748,29144988639784,29144988694040,29144988707436,29144988986800,29144989334844,29144989334876,16,9.69682,2.74554,0.00036,0.54256,0.13396,2.79364,3.48044
1067,1,0,1e+08,29144990303033,29144990553337,29144990553381,29144990604061,29144990615265,29144990874153,29144991158925,29144991158957,16,8.55924,2.50304,0.00044,0.5068,0.11204,2.58888,2.84772
1068,1,0,1e+08,29144992216050,29144994246984,29144994247084,29144994305488,29144994320180,29144994566020,29144994857508,29144994857536,16,26.4149,20.3093,0.001,0.58404,0.14692,2.4584,2.91488
1069,1,0,1e+08,29144995751353,29144996198189,29144996198384,29144996359660,29144996419010,29144997065026,29144997467150,29144997467190,16,17.1584,4.46836,0.00195,1.61276,0.5935,6.46016,4.02124
1070,1,0,1e+08,29144998609464,29144998944216,29144998944260,29144999012000,29144999025720,29144999303712,29144999618108,29144999618136,16,10.0867,3.34752,0.00044,0.6774,0.1372,2.77992,3.14396
1071,1,0,1e+08,29145000615472,29145001384109,29145001384309,29145001500689,29145001542061,29145002043139,29145002428231,29145002428271,16,18.128,7.68637,0.002,1.1638,0.41372,5.01078,3.85092
1072,1,0,1e+08,29145003442163,29145003688383,29145003688427,29145003739807,29145003754551,29145004035871,29145004337271,29145004337299,16,8.95136,2.4622,0.00044,0.5138,0.14744,2.8132,3.014
1073,1,0,1e+08,29145006589602,29145006862054,29145006862086,29145006919678,29145006934406,29145007163470,29145007493138,29145007493182,16,9.0358,2.72452,0.00032,0.57592,0.14728,2.29064,3.29668
1074,1,0,1e+08,29145008436942,29145008697646,29145008697690,29145008754178,29145008769178,29145009073242,29145009398974,29145009399006,16,9.62064,2.60704,0.00044,0.56488,0.15,3.04064,3.25732
1075,1,0,1e+08,29145010312767,29145010643669,29145010643713,29145010695329,29145010709997,29145011032342,29145011324446,29145011324482,16,10.1172,3.30902,0.00044,0.51616,0.14668,3.22345,2.92104
1076,1,0,1e+08,29145012296029,29145013277884,29145013277948,29145013337017,29145013359805,29145013721370,29145014050978,29145014051006,16,17.5498,9.81855,0.00064,0.59069,0.22788,3.61565,3.29608
1077,1,0,1e+08,29145015177586,29145015983469,29145015983565,29145016065229,29145016106981,29145016603458,29145016980566,29145016980606,16,18.0302,8.05883,0.00096,0.81664,0.41752,4.96477,3.77108
1078,1,0,1e+08,29145018035373,29145018295433,29145018295473,29145018346669,29145018361381,29145018612329,29145019558831,29145019558879,16,15.2351,2.6006,0.0004,0.51196,0.14712,2.50948,9.46502
1079,1,0,1e+08,29145020890519,29145021135624,29145021135656,29145021183844,29145021198552,29145021410648,29145021705000,29145021705040,16,8.14521,2.45105,0.00032,0.48188,0.14708,2.12096,2.94352
1080,1,0,1e+08,29145022831770,29145023102547,29145023102591,29145023158103,29145023173059,29145024047677,29145024548350,29145024548390,16,17.1662,2.70777,0.00044,0.55512,0.14956,8.74618,5.00673
1081,1,0,1e+08,29145025835679,29145026142832,29145026142884,29145026194084,29145026215996,29145026606584,29145026996844,29145026996896,16,11.6122,3.07153,0.00052,0.512,0.21912,3.90588,3.9026
1082,1,0,1e+08,29145027881785,29145028414065,29145028414260,29145028575030,29145028652453,29145029215819,29145029615372,29145029615408,16,17.3362,5.3228,0.00195,1.6077,0.77423,5.63366,3.99553
1083,1,0,1e+08,29145030684658,29145031464819,29145031465009,29145031592513,29145031625617,29145032127739,29145032484403,29145032484443,16,17.9978,7.80161,0.0019,1.27504,0.33104,5.02122,3.56664
1084,1,0,1e+08,29145033714576,29145034723480,29145034723572,29145034807323,29145034840203,29145035255868,29145035597376,29145035597404,16,18.8283,10.089,0.00092,0.83751,0.3288,4.15665,3.41508
1085,1,0,1e+08,29145036665284,29145037121755,29145037121847,29145037207869,29145037224929,29145038304721,29145038778710,29145038778762,16,21.1348,4.56471,0.00092,0.86022,0.1706,10.7979,4.73989
1086,1,0,1e+08,29145039968811,29145040296896,29145040296952,29145040357820,29145040371248,29145040744324,29145041064380,29145041064412,16,10.956,3.28085,0.00056,0.60868,0.13428,3.73076,3.20056
1087,1,0,1e+08,29145042053464,29145042336840,29145042336880,29145042388736,29145042403592,29145042652716,29145042981288,29145042981348,16,9.27884,2.83376,0.0004,0.51856,0.14856,2.49124,3.28572
1088,1,0,1e+08,29145043872585,29145044157593,29145044157633,29145044208561,29145044223901,29145044470221,29145044755213,29145044755241,16,8.82656,2.85008,0.0004,0.50928,0.1534,2.4632,2.84992
1089,1,0,1e+08,29145045771358,29145046057402,29145046057446,29145046113334,29145046127402,29145046390714,29145046684250,29145046684282,16,9.12924,2.86044,0.00044,0.55888,0.14068,2.63312,2.93536
1090,1,0,1e+08,29145047623213,29145050353526,29145050353774,29145050495901,29145050511029,29145050909524,29145051243996,29145051244024,16,36.2081,27.3031,0.00248,1.42127,0.15128,3.98495,3.34472
1091,1,0,1e+08,29145052300743,29145052573384,29145052573428,29145052626212,29145052641356,29145053546790,29145054053469,29145054053521,16,17.5278,2.72641,0.00044,0.52784,0.15144,9.05434,5.06679
1092,1,0,1e+08,29145055170837,29145055457433,29145055457493,29145055511841,29145055529057,29145055866497,29145056204173,29145056204205,16,10.3337,2.86596,0.0006,0.54348,0.17216,3.3744,3.37676
1093,1,0,1e+08,29145057095504,29145057355285,29145057355325,29145057407737,29145057419789,29145057661345,29145057947833,29145057947869,16,8.52365,2.59781,0.0004,0.52412,0.12052,2.41556,2.86488
1094,1,0,1e+08,29145058969437,29145059265289,29145059265337,29145059326945,29145059368045,29145059637777,29145059908025,29145059908049,16,9.38612,2.95852,0.00048,0.61608,0.411,2.69732,2.70248
1095,1,0,1e+08,29145060900487,29145061241004,29145061241076,29145061303628,29145061318188,29145061550980,29145061859328,29145061859364,16,9.58877,3.40517,0.00072,0.62552,0.1456,2.32792,3.08348
1096,1,0,1e+08,29145062731572,29145063000082,29145063000110,29145063048274,29145063063534,29145063299734,29145063592078,29145063592106,16,8.60534,2.6851,0.00028,0.48164,0.1526,2.362,2.92344
1097,1,0,1e+08,29145064557024,29145065081737,29145065081927,29145065312139,29145065348895,29145065950046,29145066364166,29145066364206,16,18.0718,5.24713,0.0019,2.30212,0.36756,6.01151,4.1412
1098,1,0,1e+08,29145067452961,29145067732009,29145067732041,29145067781861,29145067795921,29145068069409,29145068358037,29145068358065,16,9.05104,2.79048,0.00032,0.4982,0.1406,2.73488,2.88628
1099,1,0,1e+08,29145069372830,29145069596974,29145069597006,29145069645722,29145069656338,29145069910182,29145070161122,29145070161154,16,7.88324,2.24144,0.00032,0.48716,0.10616,2.53844,2.5094
1100,1,0,1e+08,29145071172556,29145072200529,29145072200761,29145072284033,29145072317077,29145072743154,29145073093730,29145073093762,16,19.2121,10.2797,0.00232,0.83272,0.33044,4.26077,3.50576
1101,1,0,1e+08,29145074120220,29145074523942,29145074524142,29145074685844,29145074739445,29145075408432,29145075803197,29145075803237,16,16.8302,4.03722,0.002,1.61702,0.53601,6.68987,3.94765
1102,1,0,1e+08,29145076975328,29145077790945,29145077791037,29145077872493,29145077902385,29145078363011,29145078717627,29145078717659,16,17.4233,8.15617,0.00092,0.81456,0.29892,4.60626,3.54616
1103,1,0,1e+08,29145079925252,29145080213770,29145080213818,29145080270582,29145080284230,29145080570682,29145080863030,29145080863066,16,9.37814,2.88518,0.00048,0.56764,0.13648,2.86452,2.92348
1104,1,0,1e+08,29145081809922,29145082075460,29145082075500,29145082128476,29145082143364,29145082429096,29145082785392,29145082785424,16,9.75502,2.65538,0.0004,0.52976,0.14888,2.85732,3.56296
1105,1,0,1e+08,29145083717690,29145084005731,29145084005831,29145084060327,29145084074047,29145084496857,29145084774733,29145084774765,16,10.5708,2.88041,0.001,0.54496,0.1372,4.2281,2.77876
1106,1,0,1e+08,29145085881946,29145086450155,29145086450251,29145086507723,29145086522623,29145086758475,29145087036647,29145087036671,16,11.5473,5.68209,0.00096,0.57472,0.149,2.35852,2.78172
1107,1,0,1e+08,29145087953037,29145088230453,29145088230485,29145088294809,29145088305849,29145088554091,29145089539068,29145089539128,16,15.8609,2.77416,0.00032,0.64324,0.1104,2.48242,9.84977
1108,1,0,1e+08,29145090755620,29145091046256,29145091046296,29145091109836,29145091121688,29145091385340,29145091722408,29145091722440,16,9.6682,2.90636,0.0004,0.6354,0.11852,2.63652,3.37068
1109,1,0,1e+08,29145092662891,29145092932604,29145092932640,29145092982784,29145092997588,29145093267195,29145094246042,29145094246106,16,15.8322,2.69713,0.00036,0.50144,0.14804,2.69607,9.78847
1110,1,0,1e+08,29145095567353,29145096148496,29145096148686,29145096309270,29145096368695,29145096987565,29145097357969,29145097358001,16,17.9065,5.81143,0.0019,1.60584,0.59425,6.1887,3.70404
1111,1,0,1e+08,29145098714840,29145099018506,29145099018602,29145099076650,29145099091386,29145099360550,29145099719978,29145099720026,16,10.0519,3.03666,0.00096,0.58048,0.14736,2.69164,3.59428
1112,1,0,1e+08,29145100678878,29145101208172,29145101208367,29145101366509,29145101419084,29145102033906,29145102412598,29145102412630,16,17.3375,5.29294,0.00195,1.58142,0.52575,6.14822,3.78692
1113,1,0,1e+08,29145103438895,29145103766612,29145103766656,29145103816212,29145103831252,29145104112616,29145104416044,29145104416076,16,9.77181,3.27717,0.00044,0.49556,0.1504,2.81364,3.03428
1114,1,0,1e+08,29145105291737,29145105541645,29145105541681,29145105590725,29145105605941,29145106249622,29145106899960,29145106900008,16,16.0827,2.49908,0.00036,0.49044,0.15216,6.43681,6.50338
