frame,ready,disjoint,freq,begin_ts,blt_ts,range_ts,charts_ts,gauge_ts,map_ts,hud_ts,end_ts,read_latency,span_ms,vp_ms,range_ms,charts_ms,gauge_ms,map_ms,hud_ms
0,1,0,1e+08,29145473446341,29145474963798,29145474964092,29145475181749,29145475193001,29145475596688,29145475935340,29145475935376,16,24.8903,15.1746,0.00294,2.17657,0.11252,4.03687,3.38652
1,1,0,1e+08,29145477618370,29145479422100,29145479422192,29145479487880,29145479501152,29145479725692,29145480077545,29145480077597,16,24.5923,18.0373,0.00092,0.65688,0.13272,2.2454,3.51853
2,1,0,1e+08,29145482304960,29145483468601,29145483468853,29145483564969,29145483582425,29145484065802,29145484439342,29145484439378,16,21.3442,11.6364,0.00252,0.96116,0.17456,4.83377,3.7354
3,1,0,1e+08,29145485642744,29145488058640,29145488058800,29145488134552,29145488153552,29145488489357,29145488788661,29145488788701,16,31.4596,24.159,0.0016,0.75752,0.19,3.35805,2.99304
4,1,0,1e+08,29145490720721,29145492628747,29145492629197,29145492714291,29145492728263,29145493121783,29145493498721,29145493498769,16,27.7805,19.0803,0.0045,0.85094,0.13972,3.9352,3.76938
5,1,0,1e+08,29145494533472,29145496776631,29145496776783,29145496835855,29145496848343,29145497131259,29145497486035,29145497486067,16,29.5259,22.4316,0.00152,0.59072,0.12488,2.82916,3.54776
6,1,0,1e+08,29145498459726,29145500977291,29145500977399,29145501038975,29145501051471,29145501341527,29145501659811,29145501659843,16,32.0012,25.1757,0.00108,0.61576,0.12496,2.90056,3.18284
7,1,0,1e+08,29145502762762,29145505014493,29145505014629,29145505084241,29145505097797,29145505406037,29145505795937,29145505795977,16,30.3321,22.5173,0.00136,0.69612,0.13556,3.0824,3.899
8,1,0,1e+08,29145506739107,29145507223192,29145507223248,29145507276176,29145507286508,29145507581480,29145507877364,29145507877392,16,11.3828,4.84085,0.00056,0.52928,0.10332,2.94972,2.95884
9,1,0,1e+08,29145508956502,29145509853195,29145509853307,29145509926807,29145509940443,29145510253552,29145510681773,29145510681809,16,17.2531,8.96693,0.00112,0.735,0.13636,3.13109,4.28221
10,1,0,1e+08,29145511646300,29145512004930,29145512004970,29145512057786,29145512067614,29145512316354,29145512583970,29145512583994,16,9.37694,3.5863,0.0004,0.52816,0.09828,2.4874,2.67616
11,1,0,1e+08,29145513586534,29145513859532,29145513859572,29145513907840,29145513917628,29145514152780,29145514434172,29145514434204,16,8.4767,2.72998,0.0004,0.48268,0.09788,2.35152,2.81392
12,1,0,1e+08,29145515578953,29145515832281,29145515832321,29145515881581,29145515891453,29145516147901,29145516419401,29145516419429,16,8.40476,2.53328,0.0004,0.4926,0.09872,2.56448,2.715
13,1,0,1e+08,29145517386729,29145518192129,29145518192237,29145518255533,29145518269813,29145518580422,29145518948943,29145518948979,16,15.6225,8.054,0.00108,0.63296,0.1428,3.10609,3.68521
14,1,0,1e+08,29145519894302,29145520159450,29145520159486,29145520206318,29145520217186,29145520475342,29145520785154,29145520785186,16,8.90884,2.65148,0.00036,0.46832,0.10868,2.58156,3.09812
15,1,0,1e+08,29145521734722,29145522343421,29145522343611,29145522498177,29145522528952,29145523047860,29145523435116,29145523435156,16,17.0043,6.08699,0.0019,1.54566,0.30775,5.18908,3.87256
16,1,0,1e+08,29145524697202,29145525273795,29145525273859,29145525343059,29145525356711,29145525806336,29145526409023,29145526409067,16,17.1186,5.76593,0.00064,0.692,0.13652,4.49625,6.02687
17,1,0,1e+08,29145527548542,29145528616856,29145528617020,29145528679708,29145528691524,29145529048181,29145529367657,29145529367693,16,18.1915,10.6831,0.00164,0.62688,0.11816,3.56657,3.19476
18,1,0,1e+08,29145530590180,29145531148284,29145531148324,29145531198940,29145531208972,29145531445340,29145531902064,29145531902096,16,13.1192,5.58104,0.0004,0.50616,0.10032,2.36368,4.56724
19,1,0,1e+08,29145532900541,29145533497989,29145533498184,29145533651149,29145533681493,29145534229206,29145534619854,29145534619894,16,17.1935,5.97448,0.00195,1.52965,0.30344,5.47713,3.90648
20,1,0,1e+08,29145535722446,29145536481210,29145536481318,29145536559466,29145536575130,29145537024683,29145537390135,29145537390167,16,16.6772,7.58764,0.00108,0.78148,0.15664,4.49553,3.65452
21,1,0,1e+08,29145538475936,29145539114943,29145539115133,29145539267787,29145539290224,29145539768122,29145540141262,29145540141302,16,16.6537,6.39007,0.0019,1.52654,0.22437,4.77898,3.7314
22,1,0,1e+08,29145541209074,29145541931451,29145541931555,29145541992107,29145542004447,29145542263819,29145542556695,29145542556723,16,13.4765,7.22377,0.00104,0.60552,0.1234,2.59372,2.92876
23,1,0,1e+08,29145543519317,29145544286258,29145544286362,29145544366970,29145544383406,29145544872122,29145545246390,29145545246430,16,17.2711,7.66941,0.00104,0.80608,0.16436,4.88716,3.74268
24,1,0,1e+08,29145546319716,29145547038154,29145547038344,29145547139236,29145547155336,29145547647028,29145548030484,29145548030516,16,17.108,7.18438,0.0019,1.00892,0.161,4.91692,3.83456
25,1,0,1e+08,29145549407867,29145549689204,29145549689240,29145549747784,29145549759732,29145550011964,29145550302492,29145550302528,16,8.94661,2.81337,0.00036,0.58544,0.11948,2.52232,2.90528
26,1,0,1e+08,29145551304885,29145552088349,29145552088441,29145552169233,29145552185877,29145552626168,29145552983452,29145552983480,16,16.7859,7.83464,0.00092,0.80792,0.16644,4.40291,3.57284
27,1,0,1e+08,29145554027594,29145554272010,29145554272042,29145554330866,29145554342634,29145554913119,29145555565085,29145555565141,16,15.3755,2.44416,0.00032,0.58824,0.11768,5.70485,6.51966
28,1,0,1e+08,29145556788518,29145557387806,29145557387996,29145557540567,29145557570822,29145558122560,29145558511756,29145558511792,16,17.2327,5.99288,0.0019,1.52571,0.30255,5.51738,3.89196
29,1,0,1e+08,29145559895635,29145560168477,29145560168517,29145560218377,29145560228085,29145560475425,29145560774977,29145560775017,16,8.79382,2.72842,0.0004,0.4986,0.09708,2.4734,2.99552
30,1,0,1e+08,29145561884559,29145562698277,29145562698373,29145562789002,29145562806038,29145563238948,29145563595448,29145563595480,16,17.1092,8.13718,0.00096,0.90629,0.17036,4.3291,3.565
31,1,0,1e+08,29145564889123,29145565617835,29145565618025,29145565768996,29145565787912,29145566267333,29145566639193,29145566639233,16,17.5011,7.28712,0.0019,1.50971,0.18916,4.79421,3.7186
32,1,0,1e+08,29145567834500,29145568116753,29145568116873,29145568168613,29145568179001,29145568467029,29145568774309,29145568774337,16,9.39837,2.82253,0.0012,0.5174,0.10388,2.88028,3.0728
33,1,0,1e+08,29145569740357,29145570007101,29145570007141,29145570073425,29145570086013,29145570353677,29145570641921,29145570641957,16,9.016,2.66744,0.0004,0.66284,0.12588,2.67664,2.88244
34,1,0,1e+08,29145571606969,29145571873933,29145571873973,29145571933893,29145571946033,29145572690544,29145573223240,29145573223284,16,16.1632,2.66964,0.0004,0.5992,0.1214,7.44511,5.32696
35,1,0,1e+08,29145574392246,29145574773830,29145574773946,29145574822538,29145574831982,29145575053478,29145575954632,29145575954724,16,15.6248,3.81584,0.00116,0.48592,0.09444,2.21496,9.01154
36,1,0,1e+08,29145577577162,29145578396563,29145578396655,29145578474333,29145578489809,29145578934410,29145579300554,29145579300586,16,17.2342,8.19401,0.00092,0.77678,0.15476,4.44601,3.66144
37,1,0,1e+08,29145580492219,29145580799831,29145580799875,29145580858095,29145580868544,29145581268086,29145581603070,29145581603106,16,11.1089,3.07612,0.00044,0.5822,0.10449,3.99542,3.34984
38,1,0,1e+08,29145582563292,29145582825153,29145582825193,29145582873741,29145582883613,29145583175401,29145583461245,29145583461273,16,8.97981,2.61861,0.0004,0.48548,0.09872,2.91788,2.85844
39,1,0,1e+08,29145584518567,29145584808793,29145584808881,29145584856981,29145584866661,29145585097369,29145585366333,29145585366365,16,8.47798,2.90226,0.00088,0.481,0.0968,2.30708,2.68964
40,1,0,1e+08,29145586334843,29145586602386,29145586602430,29145586656158,29145586667178,29145586919590,29145587184006,29145587184034,16,8.49191,2.67543,0.00044,0.53728,0.1102,2.52412,2.64416
41,1,0,1e+08,29145589029960,29145591040636,29145591041131,29145591196439,29145591227684,29145591743473,29145592120137,29145592120177,16,30.9022,20.1068,0.00495,1.55308,0.31245,5.15789,3.76664
42,1,0,1e+08,29145593307549,29145593653287,29145593653347,29145593710847,29145593723563,29145594539190,29145595103229,29145595103273,16,17.9572,3.45738,0.0006,0.575,0.12716,8.15627,5.64039
43,1,0,1e+08,29145596323191,29145596583211,29145596583267,29145596635883,29145596646287,29145597055576,29145597474592,29145597474636,16,11.5145,2.6002,0.00056,0.52616,0.10404,4.09289,4.19016
44,1,0,1e+08,29145598444159,29145599120355,29145599120550,29145599272791,29145599289659,29145599774440,29145600156740,29145600156776,16,17.1262,6.76196,0.00195,1.52241,0.16868,4.84781,3.823
45,1,0,1e+08,29145601350781,29145602238202,29145602238266,29145602308459,29145602323943,29145602704131,29145603023911,29145603023947,16,16.7317,8.87421,0.00064,0.70193,0.15484,3.80188,3.1978
46,1,0,1e+08,29145604069702,29145604883617,29145604883713,29145604962717,29145604979308,29145605428710,29145605789422,29145605789450,16,17.1975,8.13915,0.00096,0.79004,0.16591,4.49402,3.60712
47,1,0,1e+08,29145606879735,29145607163477,29145607163521,29145607212669,29145607222641,29145607524557,29145607845813,29145607845853,16,9.66118,2.83742,0.00044,0.49148,0.09972,3.01916,3.21256
48,1,0,1e+08,29145608991010,29145609253211,29145609253239,29145609300235,29145609309839,29145609519363,29145609784855,29145609784883,16,7.93873,2.62201,0.00028,0.46996,0.09604,2.09524,2.65492
49,1,0,1e+08,29145610926687,29145611784954,29145611785046,29145611863759,29145611877060,29145612287281,29145612650517,29145612650557,16,17.2387,8.58267,0.00092,0.78713,0.13301,4.10221,3.63236
50,1,0,1e+08,29145613725242,29145614140869,29145614141064,29145614296060,29145614327350,29145614980562,29145615388254,29145615388290,16,16.6305,4.15627,0.00195,1.54996,0.3129,6.53212,4.07692
51,1,0,1e+08,29145616456229,29145616716719,29145616716759,29145616766699,29145616776919,29145617075403,29145617408027,29145617408067,16,9.51838,2.6049,0.0004,0.4994,0.1022,2.98484,3.32624
52,1,0,1e+08,29145618404825,29145618658289,29145618658317,29145618706001,29145618715657,29145618936933,29145619219553,29145619219581,16,8.14756,2.53464,0.00028,0.47684,0.09656,2.21276,2.8262
53,1,0,1e+08,29145620247383,29145621287070,29145621287134,29145621351850,29145621364011,29145621754720,29145622086448,29145622086484,16,18.391,10.3969,0.00064,0.64716,0.12161,3.90709,3.31728
54,1,0,1e+08,29145623306547,29145624166464,29145624166556,29145624244540,29145624260136,29145624717148,29145625091744,29145625091776,16,17.8523,8.59917,0.00092,0.77984,0.15596,4.57012,3.74596
55,1,0,1e+08,29145626488499,29145627507236,29145627507300,29145627573153,29145627586429,29145627974355,29145628296999,29145628297035,16,18.0854,10.1874,0.00064,0.65853,0.13276,3.87926,3.22644
56,1,0,1e+08,29145629588147,29145630387794,29145630387834,29145630465662,29145630480114,29145630739506,29145631081270,29145631081310,16,14.9316,7.99647,0.0004,0.77828,0.14452,2.59392,3.41764
57,1,0,1e+08,29145632233450,29145632996108,29145632996200,29145633076040,29145633092416,29145633578505,29145633959593,29145633959633,16,17.2618,7.62658,0.00092,0.7984,0.16376,4.86089,3.81088
58,1,0,1e+08,29145635213649,29145635510797,29145635510845,29145635568397,29145635581113,29145635909049,29145636263185,29145636263221,16,10.4957,2.97148,0.00048,0.57552,0.12716,3.27936,3.54136
59,1,0,1e+08,29145637410481,29145637912008,29145637912198,29145638063967,29145638094152,29145638741565,29145639157457,29145639157501,16,17.4702,5.01527,0.0019,1.51769,0.30185,6.47413,4.15892
60,1,0,1e+08,29145640403175,29145641309989,29145641310081,29145641389918,29145641404942,29145641813231,29145642150415,29145642150443,16,17.4727,9.06814,0.00092,0.79837,0.15024,4.08289,3.37184
61,1,0,1e+08,29145643351240,29145643977407,29145643977471,29145644061259,29145644081760,29145644517649,29145644956358,29145644956402,16,16.0516,6.26167,0.00064,0.83788,0.20501,4.35889,4.38709
62,1,0,1e+08,29145646288877,29145646906597,29145646906792,29145647061623,29145647092823,29145647639560,29145648029132,29145648029164,16,17.4029,6.1772,0.00195,1.54831,0.312,5.46737,3.89572
63,1,0,1e+08,29145649673671,29145650321118,29145650321206,29145650405129,29145650421045,29145651422578,29145651998160,29145651998196,16,23.2452,6.47447,0.00088,0.83923,0.15916,10.0153,5.75582
64,1,0,1e+08,29145652976530,29145653302390,29145653302446,29145653360446,29145653371758,29145653700210,29145654175566,29145654175598,16,11.9907,3.2586,0.00056,0.58,0.11312,3.28452,4.75356
65,1,0,1e+08,29145655366611,29145655682671,29145655682715,29145655734943,29145655745395,29145655996367,29145656307611,29145656307647,16,9.41036,3.1606,0.00044,0.52228,0.10452,2.50972,3.11244
66,1,0,1e+08,29145657420349,29145657773515,29145657773567,29145657830163,29145657841435,29145658203895,29145658552775,29145658552807,16,11.3246,3.53166,0.00052,0.56596,0.11272,3.6246,3.4888
67,1,0,1e+08,29145659765734,29145660081390,29145660081438,29145660137662,29145660151410,29145660492258,29145660899566,29145660899626,16,11.3389,3.15656,0.00048,0.56224,0.13748,3.40848,4.07308
68,1,0,1e+08,29145662186242,29145663196295,29145663196359,29145663286311,29145663305883,29145663680111,29145664100527,29145664100555,16,19.1431,10.1005,0.00064,0.89952,0.19572,3.74228,4.20416
69,1,0,1e+08,29145665500151,29145666198814,29145666198870,29145666281931,29145666296655,29145666629487,29145666927683,29145666927719,16,14.2757,6.98663,0.00056,0.83061,0.14724,3.32832,2.98196
70,1,0,1e+08,29145669280342,29145669619778,29145669619834,29145669679242,29145669691438,29145670205866,29145670719116,29145670719148,16,14.3881,3.39436,0.00056,0.59408,0.12196,5.14428,5.1325
71,1,0,1e+08,29145671977765,29145672672429,29145672672629,29145672808841,29145672825141,29145673298513,29145673669921,29145673669965,16,16.922,6.94664,0.002,1.36212,0.163,4.73372,3.71408
72,1,0,1e+08,29145674809812,29145675676065,29145675676157,29145675756181,29145675772674,29145676227049,29145676590185,29145676590221,16,17.8041,8.66253,0.00092,0.80024,0.16493,4.54375,3.63136
73,1,0,1e+08,29145677713980,29145678657365,29145678657461,29145678738096,29145678754520,29145679175247,29145679575915,29145679576043,16,18.6206,9.43385,0.00096,0.80635,0.16424,4.20727,4.00668
74,1,0,1e+08,29145680964420,29145681777227,29145681777417,29145681863453,29145681879797,29145682362508,29145682742872,29145682742904,16,17.7848,8.12807,0.0019,0.86036,0.16344,4.82711,3.80364
75,1,0,1e+08,29145684019695,29145684470506,29145684470681,29145684622163,29145684651863,29145685255669,29145685630697,29145685630737,16,16.1104,4.50811,0.00175,1.51482,0.297,6.03806,3.75028
76,1,0,1e+08,29145686789352,29145687322194,29145687322394,29145687475057,29145687505612,29145688107444,29145688501276,29145688501308,16,17.1196,5.32842,0.002,1.52663,0.30555,6.01832,3.93832
77,1,0,1e+08,29145689669402,29145690041101,29145690041157,29145690097661,29145690109729,29145690419849,29145690746373,29145690746413,16,10.7701,3.71699,0.00056,0.56504,0.12068,3.1012,3.26524
78,1,0,1e+08,29145691793986,29145692324010,29145692324210,29145692478116,29145692508466,29145693112141,29145693509217,29145693509249,16,17.1526,5.30024,0.002,1.53906,0.3035,6.03675,3.97076
79,1,0,1e+08,29145694545308,29145694906641,29145694906697,29145694961149,29145694971737,29145695758749,29145696305600,29145696305656,16,17.6035,3.61333,0.00056,0.54452,0.10588,7.87012,5.46851
80,1,0,1e+08,29145697503480,29145697779756,29145697779804,29145697832268,29145697842600,29145698214860,29145698625104,29145698625148,16,11.2167,2.76276,0.00048,0.52464,0.10332,3.7226,4.10244
81,1,0,1e+08,29145699548302,29145699969402,29145699969592,29145700126618,29145700157718,29145700797552,29145701206713,29145701206753,16,16.5845,4.211,0.0019,1.57026,0.311,6.39834,4.09161
82,1,0,1e+08,29145702263437,29145702560471,29145702560519,29145702613115,29145702624035,29145702946207,29145703320995,29145703321027,16,10.5759,2.97034,0.00048,0.52596,0.1092,3.22172,3.74788
83,1,0,1e+08,29145704330267,29145705311593,29145705311657,29145705367149,29145705378246,29145705770102,29145706131954,29145706132050,16,18.0178,9.81326,0.00064,0.55492,0.11097,3.91856,3.61852
84,1,0,1e+08,29145707186827,29145707544347,29145707544411,29145707606000,29145707617832,29145708173005,29145708790512,29145708790560,16,16.0373,3.5752,0.00064,0.61589,0.11832,5.55173,6.17507
85,1,0,1e+08,29145709895340,29145710644229,29145710644419,29145710749794,29145710766172,29145711226349,29145711590505,29145711590545,16,16.952,7.48889,0.0019,1.05375,0.16378,4.60177,3.64156
86,1,0,1e+08,29145712664203,29145712965736,29145712965784,29145713017748,29145713028056,29145713357972,29145713704152,29145713704184,16,10.3998,3.01533,0.00048,0.51964,0.10308,3.29916,3.4618
87,1,0,1e+08,29145714710039,29145714974039,29145714974083,29145715024415,29145715036307,29145715422121,29145716270678,29145716270738,16,15.607,2.64,0.00044,0.50332,0.11892,3.85814,8.48557
88,1,0,1e+08,29145717484550,29145717761290,29145717761322,29145717810842,29145717820934,29145718101266,29145718444226,29145718444258,16,9.59708,2.7674,0.00032,0.4952,0.10092,2.80332,3.4296
89,1,0,1e+08,29145719496542,29145719767114,29145719767146,29145719816178,29145719826026,29145720319405,29145721073202,29145721073262,16,15.7672,2.70572,0.00032,0.49032,0.09848,4.93379,7.53797
90,1,0,1e+08,29145722377964,29145722757368,29145722757543,29145722841352,29145722856876,29145723784933,29145724871147,29145724871297,16,24.9333,3.79404,0.00175,0.83809,0.15524,9.28057,10.8621
91,1,0,1e+08,29145726716575,29145727418692,29145727418882,29145727573444,29145727595504,29145728074189,29145728445625,29145728445665,16,17.2909,7.02117,0.0019,1.54562,0.2206,4.78685,3.71436
92,1,0,1e+08,29145730334406,29145730820091,29145730820147,29145730887427,29145730900459,29145731208103,29145731489439,29145731489471,16,11.5507,4.85685,0.00056,0.6728,0.13032,3.07644,2.81336
93,1,0,1e+08,29145733444065,29145733864938,29145733864986,29145733932706,29145733945602,29145734219450,29145734494018,29145734494050,16,10.4999,4.20873,0.00048,0.6772,0.12896,2.73848,2.74568
94,1,0,1e+08,29145735663213,29145736171207,29145736171255,29145736232155,29145736244311,29145736542183,29145736835815,29145736835843,16,11.7263,5.07994,0.00048,0.609,0.12156,2.97872,2.93632
95,1,0,1e+08,29145737940933,29145739243606,29145739243822,29145739308686,29145739320502,29145739621490,29145739923282,29145739923314,16,19.8238,13.0267,0.00216,0.64864,0.11816,3.00988,3.01792
96,1,0,1e+08,29145740909549,29145741679426,29145741679611,29145741759147,29145741774623,29145742267707,29145742649935,29145742649967,16,17.4042,7.69877,0.00185,0.79536,0.15476,4.93084,3.82228
97,1,0,1e+08,29145743724083,29145744285844,29145744286044,29145744438321,29145744468409,29145745030953,29145745421289,29145745421333,16,16.9725,5.61761,0.002,1.52277,0.30088,5.62544,3.90336
98,1,0,1e+08,29145746490476,29145747300312,29145747300404,29145747379246,29145747395338,29145747842681,29145748203529,29145748203561,16,17.1308,8.09836,0.00092,0.78842,0.16092,4.47343,3.60848
99,1,0,1e+08,29145749244491,29145749856510,29145749856710,29145749995408,29145750010516,29145750489172,29145750864924,29145750864968,16,16.2048,6.12019,0.002,1.38698,0.15108,4.78656,3.75752
100,1,0,1e+08,29145751940826,29145752706793,29145752706889,29145752784892,29145752801056,29145753242616,29145753601712,29145753601748,16,16.6092,7.65967,0.00096,0.78003,0.16164,4.4156,3.59096
101,1,0,1e+08,29145754730799,29145755287176,29145755287376,29145755438665,29145755469037,29145756030419,29145756419516,29145756419556,16,16.8876,5.56377,0.002,1.51289,0.30372,5.61382,3.89097
102,1,0,1e+08,29145757546136,29145758385145,29145758385209,29145758451569,29145758464961,29145758864353,29145759201073,29145759201101,16,16.5496,8.39009,0.00064,0.6636,0.13392,3.99392,3.3672
103,1,0,1e+08,29145760193355,29145760467307,29145760467347,29145760598215,29145760629370,29145761420045,29145761845569,29145761845613,16,16.5226,2.73952,0.0004,1.30868,0.31155,7.90675,4.25524
104,1,0,1e+08,29145762941316,29145763492902,29145763493102,29145763645009,29145763675375,29145764235472,29145764626257,29145764626289,16,16.8497,5.51586,0.002,1.51907,0.30366,5.60097,3.90785
105,1,0,1e+08,29145765664492,29145765889992,29145765890032,29145765937336,29145765946996,29145766188224,29145766497748,29145766497784,16,8.33292,2.255,0.0004,0.47304,0.0966,2.41228,3.09524
106,1,0,1e+08,29145767468082,29145768193176,29145768193371,29145768322664,29145768338368,29145768839692,29145769232508,29145769232540,16,17.6446,7.25094,0.00195,1.29293,0.15704,5.01324,3.92816
107,1,0,1e+08,29145770287444,29145771016172,29145771016347,29145771128893,29145771144493,29145771611159,29145771983203,29145771983251,16,16.9581,7.28728,0.00175,1.12546,0.156,4.66666,3.72044
108,1,0,1e+08,29145773030206,29145773799699,29145773799799,29145773876859,29145773892291,29145774379553,29145774762337,29145774762369,16,17.3216,7.69493,0.001,0.7706,0.15432,4.87262,3.82784
109,1,0,1e+08,29145775865398,29145776125626,29145776125666,29145776182586,29145776192962,29145776480218,29145776951589,29145776951645,16,10.8625,2.60228,0.0004,0.5692,0.10376,2.87256,4.71371
110,1,0,1e+08,29145778018265,29145778992588,29145778992652,29145779060852,29145779074328,29145779441488,29145779819256,29145779819352,16,18.0109,9.74323,0.00064,0.682,0.13476,3.6716,3.77768
111,1,0,1e+08,29145780853691,29145781085404,29145781085444,29145781139172,29145781149820,29145781431736,29145781722372,29145781722404,16,8.68713,2.31713,0.0004,0.53728,0.10648,2.81916,2.90636
112,1,0,1e+08,29145782648616,29145782898809,29145782898845,29145782946577,29145782956321,29145783173601,29145783427593,29145783427621,16,7.79005,2.50193,0.00036,0.47732,0.09744,2.1728,2.53992
113,1,0,1e+08,29145784471830,29145784765618,29145784765750,29145784830374,29145784843690,29145785125614,29145785476190,29145785476234,16,10.044,2.93788,0.00132,0.64624,0.13316,2.81924,3.50576
114,1,0,1e+08,29145786361742,29145786612406,29145786612438,29145786660810,29145786671218,29145786867270,29145787721107,29145787721179,16,13.5944,2.50664,0.00032,0.48372,0.10408,1.96052,8.53837
115,1,0,1e+08,29145789113585,29145789361717,29145789361745,29145789406397,29145789415041,29145789646513,29145789974005,29145789974041,16,8.60456,2.48132,0.00028,0.44652,0.08644,2.31472,3.27492
116,1,0,1e+08,29145791144437,29145791419397,29145791419437,29145791468113,29145791477957,29145791975039,29145792760530,29145792760582,16,16.1615,2.7496,0.0004,0.48676,0.09844,4.97082,7.85491
117,1,0,1e+08,29145794103535,29145794344120,29145794344156,29145794393344,29145794404664,29145794784480,29145795179512,29145795179552,16,10.7602,2.40585,0.00036,0.49188,0.1132,3.79816,3.95032
118,1,0,1e+08,29145796112370,29145796596615,29145796596805,29145796750115,29145796780415,29145797438712,29145797868116,29145797868148,16,17.5578,4.84245,0.0019,1.5331,0.303,6.58297,4.29404
119,1,0,1e+08,29145799092844,29145799581483,29145799581678,29145799733297,29145799763752,29145800395006,29145800794102,29145800794146,16,17.013,4.88639,0.00195,1.51619,0.30455,6.31254,3.99096
120,1,0,1e+08,29145802010380,29145802782769,29145802782873,29145802867333,29145802883806,29145803335860,29145803698236,29145803698264,16,16.8788,7.72389,0.00104,0.8446,0.16473,4.52054,3.62376
121,1,0,1e+08,29145804877269,29145805185158,29145805185246,29145805266318,29145805283418,29145805618074,29145805907594,29145805907626,16,10.3036,3.07889,0.00088,0.81072,0.171,3.34656,2.8952
122,1,0,1e+08,29145806793326,29145807257034,29145807257234,29145807408699,29145807439074,29145808090116,29145808496684,29145808496716,16,17.0339,4.63708,0.002,1.51465,0.30375,6.51042,4.06568
123,1,0,1e+08,29145809561727,29145809821499,29145809821535,29145809868535,29145809879443,29145810124379,29145810467387,29145810467423,16,9.05696,2.59772,0.00036,0.47,0.10908,2.44936,3.43008
124,1,0,1e+08,29145811650194,29145811908942,29145811908978,29145811960314,29145811970878,29145812189714,29145812498582,29145812498610,16,8.48416,2.58748,0.00036,0.51336,0.10564,2.18836,3.08868
125,1,0,1e+08,29145813504423,29145813772397,29145813772429,29145813819889,29145813829565,29145814046265,29145814350105,29145814350145,16,8.45722,2.67974,0.00032,0.4746,0.09676,2.167,3.0384
126,1,0,1e+08,29145815558734,29145815865031,29145815865079,29145815918039,29145815928703,29145816270623,29145816632799,29145816632839,16,10.741,3.06297,0.00048,0.5296,0.10664,3.4192,3.62176
127,1,0,1e+08,29145817816962,29145818585200,29145818585308,29145818665100,29145818681688,29145819129077,29145819493169,29145819493205,16,16.7624,7.68238,0.00108,0.79792,0.16588,4.47389,3.64092
128,1,0,1e+08,29145820681792,29145821427791,29145821427847,29145821489657,29145821519467,29145822278956,29145822822632,29145822822676,16,21.4088,7.45999,0.00056,0.6181,0.2981,7.59489,5.43676
129,1,0,1e+08,29145824208242,29145825195753,29145825195817,29145825263201,29145825275549,29145825638585,29145825964033,29145825964069,16,17.5583,9.87511,0.00064,0.67384,0.12348,3.63036,3.25448
130,1,0,1e+08,29145827196876,29145828168678,29145828168770,29145828227972,29145828239448,29145828635429,29145828994461,29145828994489,16,17.9761,9.71802,0.00092,0.59202,0.11476,3.95981,3.59032
131,1,0,1e+08,29145830332488,29145831094070,29145831094186,29145831166290,29145831179526,29145831561378,29145831916758,29145831916798,16,15.8431,7.61582,0.00116,0.72104,0.13236,3.81852,3.5538
132,1,0,1e+08,29145832869365,29145833607271,29145833607461,29145833730485,29145833745897,29145834251206,29145834637150,29145834637186,16,17.6782,7.37906,0.0019,1.23024,0.15412,5.05309,3.85944
133,1,0,1e+08,29145835680681,29145836014125,29145836014177,29145836067133,29145836077409,29145836391985,29145836775841,29145836775897,16,10.9522,3.33444,0.00052,0.52956,0.10276,3.14576,3.83856
134,1,0,1e+08,29145837871600,29145838800760,29145838800824,29145838863660,29145838876992,29145839270636,29145839606388,29145839606420,16,17.3482,9.2916,0.00064,0.62836,0.13332,3.93644,3.35752
135,1,0,1e+08,29145840760359,29145841003203,29145841003259,29145841053051,29145841062947,29145841365071,29145841703691,29145841703731,16,9.43372,2.42844,0.00056,0.49792,0.09896,3.02124,3.3862
136,1,0,1e+08,29145842654611,29145842952311,29145842952367,29145843004371,29145843015131,29145843271275,29145843567643,29145843567671,16,9.1306,2.977,0.00056,0.52004,0.1076,2.56144,2.96368
137,1,0,1e+08,29145844671797,29145844936107,29145844936147,29145844984071,29145844993959,29145845269819,29145845559827,29145845559863,16,8.88066,2.6431,0.0004,0.47924,0.09888,2.7586,2.90008
138,1,0,1e+08,29145846564725,29145846871593,29145846871721,29145846938421,29145846954297,29145847301842,29145847620286,29145847620322,16,10.556,3.06868,0.00128,0.667,0.15876,3.47545,3.18444
139,1,0,1e+08,29145848551145,29145848835553,29145848835593,29145848888873,29145848902525,29145849268149,29145849576989,29145849577025,16,10.2588,2.84408,0.0004,0.5328,0.13652,3.65624,3.0884
140,1,0,1e+08,29145850537873,29145850804042,29145850804082,29145850853954,29145850863970,29145851121146,29145851375706,29145851375730,16,8.37857,2.66169,0.0004,0.49872,0.10016,2.57176,2.5456
141,1,0,1e+08,29145852335973,29145854491694,29145854491946,29145854572833,29145854588661,29145855073354,29145855452342,29145855452386,16,31.1641,21.5572,0.00252,0.80887,0.15828,4.84693,3.78988
142,1,0,1e+08,29145856498570,29145857071648,29145857071838,29145857226913,29145857258178,29145857827368,29145858219612,29145858219644,16,17.2107,5.73078,0.0019,1.55075,0.31265,5.6919,3.92244
143,1,0,1e+08,29145859294324,29145860003652,29145860003857,29145860158318,29145860185802,29145860674927,29145861055007,29145861055051,16,17.6073,7.09328,0.00205,1.54461,0.27484,4.89125,3.8008
144,1,0,1e+08,29145862156653,29145862417885,29145862417937,29145862469037,29145862479397,29145862816433,29145863201266,29145863201306,16,10.4465,2.61232,0.00052,0.511,0.1036,3.37036,3.84833
145,1,0,1e+08,29145864189560,29145864971340,29145864971535,29145865059169,29145865074553,29145865527046,29145865897574,29145865897610,16,17.0805,7.8178,0.00195,0.87634,0.15384,4.52493,3.70528
146,1,0,1e+08,29145866971152,29145867690737,29145867690927,29145867833339,29145867849055,29145868350964,29145868748309,29145868748341,16,17.7719,7.19585,0.0019,1.42412,0.15716,5.01909,3.97345
147,1,0,1e+08,29145869825774,29145870627596,29145870627791,29145870733600,29145870749620,29145871215797,29145871584737,29145871584777,16,17.59,8.01822,0.00195,1.05809,0.1602,4.66177,3.6894
148,1,0,1e+08,29145872644969,29145872888537,29145872888569,29145872935665,29145872945681,29145873137093,29145873404257,29145873404281,16,7.59312,2.43568,0.00032,0.47096,0.10016,1.91412,2.67164
149,1,0,1e+08,29145874457583,29145874695327,29145874695359,29145874741723,29145874751155,29145874939619,29145875489123,29145875489303,16,10.3172,2.37744,0.00032,0.46364,0.09432,1.88464,5.49504
150,1,0,1e+08,29145877732842,29145878476223,29145878476423,29145878612413,29145878628205,29145879103576,29145879483256,29145879483284,16,17.5044,7.43381,0.002,1.3599,0.15792,4.75371,3.7968
151,1,0,1e+08,29145880659514,29145881367770,29145881368250,29145881506942,29145881524146,29145882001398,29145882370186,29145882370230,16,17.1072,7.08256,0.0048,1.38692,0.17204,4.77252,3.68788
152,1,0,1e+08,29145884373208,29145885366820,29145885366884,29145885422781,29145885434201,29145885809114,29145886121038,29145886121066,16,17.4786,9.93612,0.00064,0.55897,0.1142,3.74913,3.11924
153,1,0,1e+08,29145887277558,29145888306392,29145888306456,29145888376945,29145888391777,29145888779645,29145889099997,29145889100033,16,18.2248,10.2883,0.00064,0.70489,0.14832,3.87868,3.20352
154,1,0,1e+08,29145890259259,29145891002566,29145891002756,29145891132903,29145891148791,29145891655880,29145892050652,29145892050692,16,17.9143,7.43307,0.0019,1.30147,0.15888,5.07089,3.94772
155,1,0,1e+08,29145893292403,29145894183314,29145894183406,29145894268814,29145894290301,29145894703610,29145895055718,29145895055762,16,17.6336,8.90911,0.00092,0.85408,0.21487,4.13309,3.52108
156,1,0,1e+08,29145896233976,29145896526280,29145896526328,29145896576684,29145896586548,29145896871504,29145897185236,29145897185264,16,9.51288,2.92304,0.00048,0.50356,0.09864,2.84956,3.13732
157,1,0,1e+08,29145898258297,29145898530343,29145898530379,29145898578539,29145898588375,29145898849259,29145899144407,29145899144443,16,8.86146,2.72046,0.00036,0.4816,0.09836,2.60884,2.95148
158,1,0,1e+08,29145900169842,29145900434174,29145900434210,29145900493466,29145900505030,29145900761150,29145901039770,29145901039798,16,8.69956,2.64332,0.00036,0.59256,0.11564,2.5612,2.7862
159,1,0,1e+08,29145902007604,29145902349548,29145902349668,29145902409504,29145902422128,29145902685416,29145902999720,29145902999756,16,9.92152,3.41944,0.0012,0.59836,0.12624,2.63288,3.14304
160,1,0,1e+08,29145904051700,29145904410769,29145904410969,29145904561738,29145904591832,29145905276581,29145905683889,29145905683925,16,16.3223,3.59069,0.002,1.50769,0.30094,6.84749,4.07308
161,1,0,1e+08,29145906769593,29145907834896,29145907834960,29145907910984,29145907925128,29145908304948,29145908624660,29145908624696,16,18.551,10.653,0.00064,0.76024,0.14144,3.7982,3.19712
162,1,0,1e+08,29145909652904,29145910241155,29145910241350,29145910395861,29145910426671,29145910952296,29145911335496,29145911335532,16,16.8263,5.88251,0.00195,1.54511,0.3081,5.25625,3.832
163,1,0,1e+08,29145912571079,29145912877187,29145912877231,29145912927323,29145912937455,29145913222059,29145913519343,29145913519379,16,9.483,3.06108,0.00044,0.50092,0.10132,2.84604,2.97284
164,1,0,1e+08,29145914613759,29145914909388,29145914909428,29145914971168,29145914983968,29145915273716,29145915565388,29145915565416,16,9.51657,2.95629,0.0004,0.6174,0.128,2.89748,2.91672
165,1,0,1e+08,29145916472531,29145916714627,29145916714663,29145916761699,29145916771031,29145916995135,29145917304631,29145917304671,16,8.3214,2.42096,0.00036,0.47036,0.09332,2.24104,3.09496
166,1,0,1e+08,29145918248863,29145918480805,29145918480837,29145918529225,29145918539201,29145918764401,29145919034565,29145919034593,16,7.8573,2.31942,0.00032,0.48388,0.09976,2.252,2.70164
167,1,0,1e+08,29145920114838,29145920373032,29145920373064,29145920424800,29145920434800,29145920651132,29145920934648,29145920934684,16,8.19846,2.58194,0.00032,0.51736,0.1,2.16332,2.83516
168,1,0,1e+08,29145921877506,29145922968460,29145922968946,29145923123353,29145923154038,29145923662592,29145924046928,29145924046964,16,21.6946,10.9095,0.00486,1.54407,0.30685,5.08554,3.84336
169,1,0,1e+08,29145925279801,29145926063886,29145926064076,29145926156627,29145926172259,29145926664820,29145927059568,29145927059608,16,17.7981,7.84085,0.0019,0.92551,0.15632,4.92561,3.94748
170,1,0,1e+08,29145928389635,29145929390650,29145929390710,29145929461090,29145929475175,29145929871667,29145930269643,29145930269739,16,18.801,10.0102,0.0006,0.7038,0.14085,3.96492,3.97976
171,1,0,1e+08,29145931565866,29145932513868,29145932513932,29145932588672,29145932602276,29145932986845,29145933311161,29145933311197,16,17.4533,9.48002,0.00064,0.7474,0.13604,3.84569,3.24316
172,1,0,1e+08,29145934368334,29145934726436,29145934726488,29145934798849,29145934815097,29145935242791,29145935757865,29145935757897,16,13.8956,3.58102,0.00052,0.72361,0.16248,4.27694,5.15074
173,1,0,1e+08,29145936696688,29145937324681,29145937324866,29145937478612,29145937509072,29145938046646,29145938431854,29145938431898,16,17.3521,6.27993,0.00185,1.53746,0.3046,5.37574,3.85208
174,1,0,1e+08,29145939479024,29145939805149,29145939805201,29145939857617,29145939867973,29145940160249,29145940492553,29145940492593,16,10.1357,3.26125,0.00052,0.52416,0.10356,2.92276,3.32304
175,1,0,1e+08,29145941467915,29145941743051,29145941743159,29145941805687,29145941818359,29145942096259,29145942458455,29145942458495,16,9.9058,2.75136,0.00108,0.62528,0.12672,2.779,3.62196
176,1,0,1e+08,29145943353199,29145943603717,29145943603757,29145943656781,29145943667497,29145943921769,29145944228801,29145944228837,16,8.75638,2.50518,0.0004,0.53024,0.10716,2.54272,3.07032
177,1,0,1e+08,29145945139604,29145945388160,29145945388196,29145945438056,29145945451220,29145945682860,29145945952688,29145945952720,16,8.13116,2.48556,0.00036,0.4986,0.13164,2.3164,2.69828
178,1,0,1e+08,29145947059773,29145947591047,29145947591247,29145947744160,29145947774533,29145948374217,29145948784133,29145948784165,16,17.2439,5.31274,0.002,1.52913,0.30373,5.99684,4.09916
179,1,0,1e+08,29145949992651,29145950881094,29145950881186,29145950958638,29145950974080,29145951383345,29145951733745,29145951733785,16,17.4113,8.88443,0.00092,0.77452,0.15442,4.09265,3.504
180,1,0,1e+08,29145952956941,29145953237361,29145953237405,29145953289113,29145953299401,29145954181862,29145954641245,29145954641281,16,16.8434,2.8042,0.00044,0.51708,0.10288,8.82461,4.59383
181,1,0,1e+08,29145956051132,29145956810971,29145956811067,29145956888294,29145956903438,29145957350852,29145957724224,29145957724264,16,16.7313,7.59839,0.00096,0.77227,0.15144,4.47414,3.73372
182,1,0,1e+08,29145958809762,29145959592213,29145959592325,29145959680437,29145959697602,29145960145562,29145960503098,29145960503126,16,16.9336,7.82451,0.00112,0.88112,0.17165,4.4796,3.57536
183,1,0,1e+08,29145961571952,29145962535392,29145962535456,29145962603016,29145962616348,29145962998244,29145963318704,29145963318740,16,17.4679,9.6344,0.00064,0.6756,0.13332,3.81896,3.2046
184,1,0,1e+08,29145964361602,29145964625512,29145964625548,29145964685668,29145964698052,29145964960864,29145965309488,29145965309520,16,9.47918,2.6391,0.00036,0.6012,0.12384,2.62812,3.48624
185,1,0,1e+08,29145966253096,29145966493164,29145966493196,29145966540608,29145966550376,29145966767876,29145967050604,29145967050640,16,7.97544,2.40068,0.00032,0.47412,0.09768,2.175,2.82728
186,1,0,1e+08,29145968102886,29145969012636,29145969012728,29145969090190,29145969102078,29145969514531,29145969866363,29145969866395,16,17.6351,9.0975,0.00092,0.77462,0.11888,4.12453,3.51832
187,1,0,1e+08,29145971059808,29145971348920,29145971348964,29145971402584,29145971413352,29145971741552,29145972114052,29145972114096,16,10.5429,2.89112,0.00044,0.5362,0.10768,3.282,3.725
188,1,0,1e+08,29145973388845,29145974277744,29145974277836,29145974366584,29145974382746,29145974811034,29145975175830,29145975175858,16,17.8701,8.88899,0.00092,0.88748,0.16162,4.28288,3.64796
189,1,0,1e+08,29145976576102,29145977474091,29145977474175,29145977541664,29145977554808,29145977951284,29145978289444,29145978289480,16,17.1338,8.97989,0.00084,0.67489,0.13144,3.96476,3.3816
190,1,0,1e+08,29145979461980,29145980167657,29145980167717,29145980225505,29145980236849,29145980543173,29145980905381,29145980905413,16,14.4343,7.05677,0.0006,0.57788,0.11344,3.06324,3.62208
191,1,0,1e+08,29145982051222,29145982339630,29145982339670,29145982395690,29145982406646,29145982662630,29145983075986,29145983076042,16,10.2482,2.88408,0.0004,0.5602,0.10956,2.55984,4.13356
192,1,0,1e+08,29145984575660,29145985559727,29145985559902,29145985665249,29145985688417,29145986252138,29145986628124,29145986628220,16,20.5256,9.84067,0.00175,1.05347,0.23168,5.63721,3.75986
193,1,0,1e+08,29145988207009,29145988651320,29145988651368,29145988767888,29145988791940,29145989738508,29145990111113,29145990111145,16,19.0414,4.44311,0.00048,1.1652,0.24052,9.46568,3.72605
194,1,0,1e+08,29145991238016,29145991978540,29145991978740,29145992063985,29145992079025,29145992536248,29145992911244,29145992911272,16,16.7326,7.40524,0.002,0.85245,0.1504,4.57223,3.74996
195,1,0,1e+08,29145994379261,29145995400732,29145995400792,29145995471124,29145995485072,29145995850504,29145996178932,29145996178972,16,17.9971,10.2147,0.0006,0.70332,0.13948,3.65432,3.28428
196,1,0,1e+08,29145997372056,29145997723457,29145997723517,29145997779557,29145997792044,29145998265215,29145998618727,29145998618751,16,12.4669,3.51401,0.0006,0.5604,0.12487,4.73171,3.53512
197,1,0,1e+08,29145999752250,29146000068639,29146000068683,29146000148130,29146000164254,29146000466024,29146000914428,29146000914472,16,11.6222,3.16389,0.00044,0.79447,0.16124,3.0177,4.48404
198,1,0,1e+08,29146002218496,29146003094896,29146003095008,29146003183016,29146003200228,29146003658214,29146004036290,29146004036322,16,18.1783,8.764,0.00112,0.88008,0.17212,4.57986,3.78076
199,1,0,1e+08,29146005469367,29146005821283,29146005821331,29146005908191,29146005925887,29146006195839,29146006806700,29146006806756,16,13.3739,3.51916,0.00048,0.8686,0.17696,2.69952,6.10861
200,1,0,1e+08,29146008210650,29146008744240,29146008744296,29146008825500,29146008842496,29146009156756,29146009502261,29146009502285,16,12.9163,5.3359,0.00056,0.81204,0.16996,3.1426,3.45505
201,1,0,1e+08,29146010593957,29146010883843,29146010883879,29146010952687,29146010964395,29146011279388,29146011616052,29146011616084,16,10.2213,2.89886,0.00036,0.68808,0.11708,3.14993,3.36664
202,1,0,1e+08,29146012915881,29146013254643,29146013254707,29146013367251,29146013384296,29146013685244,29146013972520,29146013972544,16,10.5666,3.38762,0.00064,1.12544,0.17045,3.00948,2.87276
203,1,0,1e+08,29146015002335,29146015711499,29146015711689,29146015830140,29146015845732,29146016314653,29146016694417,29146016694453,16,16.9212,7.09164,0.0019,1.18451,0.15592,4.68921,3.79764
204,1,0,1e+08,29146018023290,29146018652671,29146018652841,29146018753024,29146018769660,29146019229549,29146019618274,29146019618314,16,15.9502,6.29381,0.0017,1.00183,0.16636,4.59889,3.88725
205,1,0,1e+08,29146020618326,29146021406166,29146021406262,29146021484438,29146021500838,29146021951328,29146022320664,29146022320700,16,17.0237,7.8784,0.00096,0.78176,0.164,4.5049,3.69336
206,1,0,1e+08,29146023807475,29146024283798,29146024283886,29146024371154,29146024387339,29146024693895,29146024981291,29146024981323,16,11.7385,4.76323,0.00088,0.87268,0.16185,3.06556,2.87396
207,1,0,1e+08,29146026093432,29146027004360,29146027004456,29146027086210,29146027101002,29146027513119,29146027858059,29146027858099,16,17.6467,9.10928,0.00096,0.81754,0.14792,4.12117,3.4494
208,1,0,1e+08,29146029236958,29146030480972,29146030481056,29146030537216,29146030548516,29146030810786,29146031097954,29146031097978,16,18.6102,12.4401,0.00084,0.5616,0.113,2.6227,2.87168
209,1,0,1e+08,29146032451400,29146033415232,29146033415324,29146033493191,29146033505919,29146033915269,29146034260849,29146034260889,16,18.0949,9.63832,0.00092,0.77867,0.12728,4.0935,3.4558
210,1,0,1e+08,29146035420143,29146036156030,29146036156220,29146036309710,29146036340230,29146036868761,29146037246917,29146037246949,16,18.2681,7.35887,0.0019,1.5349,0.3052,5.28531,3.78156
211,1,0,1e+08,29146038580330,29146039601821,29146039601885,29146039670405,29146039684697,29146040047281,29146040355809,29146040355845,16,17.7552,10.2149,0.00064,0.6852,0.14292,3.62584,3.08528
212,1,0,1e+08,29146041440202,29146041894990,29146041895160,29146042003319,29146042016123,29146042475293,29146042795609,29146042795637,16,13.5543,4.54788,0.0017,1.08159,0.12804,4.5917,3.20316
213,1,0,1e+08,29146043987806,29146044834076,29146044834168,29146044915408,29146044931856,29146045369215,29146045719815,29146045719855,16,17.3205,8.4627,0.00092,0.8124,0.16448,4.37359,3.506
214,1,0,1e+08,29146046985513,29146047691976,29146047692040,29146047764988,29146047779856,29146048192013,29146049047028,29146049047100,16,20.6159,7.06463,0.00064,0.72948,0.14868,4.12157,8.55015
215,1,0,1e+08,29146051518423,29146052009159,29146052009219,29146052063179,29146052073807,29146052380835,29146052662483,29146052662519,16,11.441,4.90736,0.0006,0.5396,0.10628,3.07028,2.81648
216,1,0,1e+08,29146053723541,29146054051709,29146054051757,29146054102789,29146054112685,29146054403833,29146054735457,29146054735489,16,10.1195,3.28168,0.00048,0.51032,0.09896,2.91148,3.31624
217,1,0,1e+08,29146055654611,29146055925549,29146055925593,29146055975401,29146055985489,29146056289809,29146056659009,29146056659049,16,10.0444,2.70938,0.00044,0.49808,0.10088,3.0432,3.692
218,1,0,1e+08,29146057757364,29146058054280,29146058054324,29146058104528,29146058114748,29146058381772,29146058680052,29146058680080,16,9.22716,2.96916,0.00044,0.50204,0.1022,2.67024,2.9828
219,1,0,1e+08,29146059660287,29146060331652,29146060331776,29146060400304,29146060415804,29146060755496,29146061069124,29146061069160,16,14.0887,6.71365,0.00124,0.68528,0.155,3.39692,3.13628
220,1,0,1e+08,29146061959097,29146062182997,29146062183021,29146062232049,29146062242201,29146062506921,29146062826537,29146062826565,16,8.67468,2.239,0.00024,0.49028,0.10152,2.6472,3.19616
221,1,0,1e+08,29146063877531,29146064122596,29146064122636,29146064170928,29146064180812,29146064406780,29146064674604,29146064674636,16,7.97105,2.45065,0.0004,0.48292,0.09884,2.25968,2.67824
222,1,0,1e+08,29146065687275,29146065926879,29146065926911,29146065974559,29146065984127,29146066222627,29146066495759,29146066495787,16,8.08512,2.39604,0.00032,0.47648,0.09568,2.385,2.73132
223,1,0,1e+08,29146067500593,29146068260144,29146068260232,29146068319400,29146068332180,29146068582880,29146068879732,29146068879768,16,13.7918,7.59551,0.00088,0.59168,0.1278,2.507,2.96852
224,1,0,1e+08,29146069807768,29146070164306,29146070164354,29146070214686,29146070224582,29146070542482,29146070873170,29146070873202,16,10.6543,3.56538,0.00048,0.50332,0.09896,3.179,3.30688
225,1,0,1e+08,29146071805030,29146072275986,29146072276186,29146072429079,29146072459639,29146073102409,29146073504569,29146073504609,16,16.9958,4.70956,0.002,1.52893,0.3056,6.4277,4.0216
226,1,0,1e+08,29146074534771,29146075594547,29146075594651,29146075656231,29146075669407,29146075926059,29146076248027,29146076248063,16,17.1329,10.5978,0.00104,0.6158,0.13176,2.56652,3.21968
227,1,0,1e+08,29146077537656,29146077775574,29146077775602,29146077831406,29146077844326,29146078054686,29146078354802,29146078354838,16,8.17182,2.37918,0.00028,0.55804,0.1292,2.1036,3.00116
228,1,0,1e+08,29146079351576,29146080266251,29146080266343,29146080331256,29146080344316,29146080746152,29146081094252,29146081094280,16,17.427,9.14675,0.00092,0.64913,0.1306,4.01836,3.481
229,1,0,1e+08,29146082204422,29146083008984,29146083009080,29146083088588,29146083104604,29146083551202,29146083911102,29146083911138,16,17.0672,8.04562,0.00096,0.79508,0.16016,4.46598,3.599
230,1,0,1e+08,29146084999344,29146085288268,29146085288300,29146085338100,29146085348872,29146085590676,29146085896660,29146085896684,16,8.9734,2.88924,0.00032,0.498,0.10772,2.41804,3.05984
231,1,0,1e+08,29146086880126,29146087898877,29146087898937,29146087953273,29146087964221,29146088337649,29146088663333,29146088663369,16,17.8324,10.1875,0.0006,0.54336,0.10948,3.73428,3.25684
232,1,0,1e+08,29146089741584,29146089961332,29146089961376,29146090010956,29146090020912,29146090301676,29146090675556,29146090675584,16,9.34,2.19748,0.00044,0.4958,0.09956,2.80764,3.7388
233,1,0,1e+08,29146091618672,29146091876820,29146091876848,29146091928564,29146091938120,29146092155056,29146092425504,29146092425540,16,8.06868,2.58148,0.00028,0.51716,0.09556,2.16936,2.70448
234,1,0,1e+08,29146093480959,29146094491953,29146094492113,29146094563797,29146094578609,29146094944302,29146095262330,29146095262358,16,17.814,10.1099,0.0016,0.71684,0.14812,3.65693,3.18028
235,1,0,1e+08,29146096339916,29146096576096,29146096576136,29146096630696,29146096644376,29146097500570,29146097954804,29146097954852,16,16.1494,2.3618,0.0004,0.5456,0.1368,8.56194,4.54234
236,1,0,1e+08,29146099160950,29146099798676,29146099798871,29146099934405,29146099950253,29146100449424,29146100838036,29146100838068,16,16.7712,6.37726,0.00195,1.35534,0.15848,4.99171,3.88612
237,1,0,1e+08,29146101898948,29146102187412,29146102187448,29146102240212,29146102250712,29146102543880,29146102838524,29146102838564,16,9.39616,2.88464,0.00036,0.52764,0.105,2.93168,2.94644
238,1,0,1e+08,29146103726968,29146105488205,29146105488309,29146105550737,29146105563425,29146105842153,29146106136501,29146106136533,16,24.0956,17.6124,0.00104,0.62428,0.12688,2.78728,2.94348
239,1,0,1e+08,29146107223041,29146107486449,29146107486485,29146107534969,29146107545045,29146107830057,29146108189753,29146108189797,16,9.66756,2.63408,0.00036,0.48484,0.10076,2.85012,3.59696
240,1,0,1e+08,29146109434508,29146110060792,29146110060972,29146110214291,29146110244916,29146110767504,29146111154400,29146111154436,16,17.1993,6.26284,0.0018,1.53319,0.30625,5.22588,3.86896
241,1,0,1e+08,29146112215554,29146112556286,29146112556346,29146112612054,29146112622582,29146112974434,29146113308426,29146113308466,16,10.9291,3.40732,0.0006,0.55708,0.10528,3.51852,3.33992
242,1,0,1e+08,29146114321966,29146115126257,29146115126357,29146115203416,29146115218564,29146115654285,29146116009457,29146116009489,16,16.8752,8.04291,0.001,0.77059,0.15148,4.35721,3.55172
243,1,0,1e+08,29146117117582,29146117865473,29146117865597,29146117927457,29146117939293,29146118188565,29146118486269,29146118486305,16,13.6872,7.47891,0.00124,0.6186,0.11836,2.49272,2.97704
244,1,0,1e+08,29146119446649,29146120199317,29146120199429,29146120280425,29146120297505,29146120747813,29146121106913,29146121106945,16,16.603,7.52668,0.00112,0.80996,0.1708,4.50308,3.591
245,1,0,1e+08,29146122346371,29146123150314,29146123150410,29146123239382,29146123256354,29146123679918,29146124030286,29146124030326,16,16.8395,8.03943,0.00096,0.88972,0.16972,4.23564,3.50368
246,1,0,1e+08,29146125115890,29146126382054,29146126382459,29146126533326,29146126563361,29146127170452,29146127563600,29146127563636,16,24.4775,12.6616,0.00405,1.50867,0.30035,6.07091,3.93148
247,1,0,1e+08,29146128641270,29146128896260,29146128896304,29146128951424,29146128962388,29146129221312,29146130134088,29146130134176,16,14.9291,2.5499,0.00044,0.5512,0.10964,2.58924,9.12776
248,1,0,1e+08,29146131663380,29146131922152,29146131922212,29146131989120,29146132002296,29146132340076,29146132714208,29146132714244,16,10.5086,2.58772,0.0006,0.66908,0.13176,3.3778,3.74132
249,1,0,1e+08,29146133813914,29146134670593,29146134670689,29146134749226,29146134764630,29146135182912,29146135530428,29146135530468,16,17.1655,8.56679,0.00096,0.78537,0.15404,4.18282,3.47516
250,1,0,1e+08,29146136639272,29146136932010,29146136932054,29146136993674,29146137006998,29146137334339,29146137624535,29146137624567,16,9.85295,2.92738,0.00044,0.6162,0.13324,3.27341,2.90196
251,1,0,1e+08,29146138510156,29146139182846,29146139183041,29146139336355,29146139367130,29146139874065,29146140252893,29146140252937,16,17.4278,6.7269,0.00195,1.53314,0.30775,5.06935,3.78828
252,1,0,1e+08,29146141315563,29146141531699,29146141531727,29146141583163,29146141593371,29146141801143,29146142719409,29146142719461,16,14.039,2.16136,0.00028,0.51436,0.10208,2.07772,9.18266
253,1,0,1e+08,29146144096921,29146144367553,29146144367581,29146144414149,29146144423581,29146144609449,29146144861829,29146144861861,16,7.6494,2.70632,0.00028,0.46568,0.09432,1.85868,2.5238
254,1,0,1e+08,29146145868624,29146148337294,29146148337526,29146148420446,29146148437050,29146148906236,29146149271912,29146149271944,16,34.0332,24.6867,0.00232,0.8292,0.16604,4.69186,3.65676
255,1,0,1e+08,29146150413542,29146151040352,29146151040552,29146151193569,29146151223949,29146151760064,29146152144341,29146152144381,16,17.3084,6.2681,0.002,1.53017,0.3038,5.36115,3.84277
256,1,0,1e+08,29146153368740,29146154047301,29146154047501,29146154197572,29146154215888,29146154702145,29146155070545,29146155070581,16,17.0184,6.78561,0.002,1.50071,0.18316,4.86257,3.684
257,1,0,1e+08,29146156228466,29146157037589,29146157037681,29146157121311,29146157136079,29146157464703,29146157816175,29146157816223,16,15.8776,8.09123,0.00092,0.8363,0.14768,3.28624,3.51472
258,1,0,1e+08,29146158707277,29146159411500,29146159411700,29146159539408,29146159555170,29146160059762,29146160452154,29146160452186,16,17.4491,7.04223,0.002,1.27708,0.15762,5.04592,3.92392
259,1,0,1e+08,29146161510012,29146161785336,29146161785380,29146161836136,29146161846096,29146162121168,29146162452024,29146162452068,16,9.42056,2.75324,0.00044,0.50756,0.0996,2.75072,3.30856
260,1,0,1e+08,29146163464766,29146163700288,29146163700324,29146163747592,29146163757304,29146163979508,29146164261540,29146164261572,16,7.96806,2.35522,0.00036,0.47268,0.09712,2.22204,2.82032
261,1,0,1e+08,29146165238743,29146165495165,29146165495201,29146165543357,29146165553641,29146165770113,29146166040761,29146166040793,16,8.0205,2.56422,0.00036,0.48156,0.10284,2.16472,2.70648
262,1,0,1e+08,29146167064588,29146168326342,29146168326574,29146168415028,29146168428692,29146168830984,29146169169216,29146169169248,16,21.0466,12.6175,0.00232,0.88454,0.13664,4.02292,3.38232
263,1,0,1e+08,29146170217448,29146170507761,29146170507801,29146170567737,29146170579245,29146170856673,29146171203209,29146171203245,16,9.85797,2.90313,0.0004,0.59936,0.11508,2.77428,3.46536
264,1,0,1e+08,29146172171414,29146172420352,29146172420388,29146172473276,29146172483872,29146172714996,29146173022464,29146173022496,16,8.51082,2.48938,0.00036,0.52888,0.10596,2.31124,3.07468
265,1,0,1e+08,29146173998834,29146174276858,29146174276890,29146174323838,29146174333406,29146174534010,29146175377831,29146175377923,16,13.7909,2.78024,0.00032,0.46948,0.09568,2.00604,8.43821
266,1,0,1e+08,29146177063983,29146177638595,29146177638785,29146177793417,29146177824812,29146178397560,29146178802636,29146178802668,16,17.3868,5.74612,0.0019,1.54632,0.31395,5.72748,4.05076
267,1,0,1e+08,29146179935185,29146180673093,29146180673293,29146180816133,29146180832849,29146181304524,29146181674816,29146181674860,16,17.3967,7.37908,0.002,1.4284,0.16716,4.71675,3.70292
268,1,0,1e+08,29146182750356,29146183044597,29146183044749,29146183107241,29146183120257,29146183429677,29146183726353,29146183726381,16,9.76025,2.94241,0.00152,0.62492,0.13016,3.0942,2.96676
269,1,0,1e+08,29146184772971,29146185044928,29146185044972,29146185091296,29146185101016,29146185358904,29146185660352,29146185660392,16,8.87421,2.71957,0.00044,0.46324,0.0972,2.57888,3.01448
270,1,0,1e+08,29146186886665,29146187639297,29146187639482,29146187751765,29146187767237,29146188263777,29146188654117,29146188654149,16,17.6748,7.52632,0.00185,1.12283,0.15472,4.9654,3.9034
271,1,0,1e+08,29146189827911,29146190554148,29146190554256,29146190615596,29146190627944,29146190871600,29146191161760,29146191161796,16,13.3388,7.26237,0.00108,0.6134,0.12348,2.43656,2.9016
272,1,0,1e+08,29146194640742,29146195091525,29146195091715,29146195243142,29146195273357,29146195909580,29146196304384,29146196304416,16,16.6367,4.50783,0.0019,1.51427,0.30215,6.36223,3.94804
273,1,0,1e+08,29146197344809,29146197614765,29146197614813,29146197666785,29146197677041,29146197990957,29146198392017,29146198392057,16,10.4725,2.69956,0.00048,0.51972,0.10256,3.13916,4.0106
274,1,0,1e+08,29146199343972,29146199601016,29146199601048,29146199649564,29146199659576,29146199929048,29146200212416,29146200212444,16,8.68472,2.57044,0.00032,0.48516,0.10012,2.69472,2.83368
275,1,0,1e+08,29146201202896,29146201776393,29146201776588,29146201930609,29146201961619,29146202540361,29146202933961,29146202934005,16,17.3111,5.73497,0.00195,1.54021,0.3101,5.78742,3.936
276,1,0,1e+08,29146203986317,29146204333670,29146204333870,29146204488043,29146204519253,29146205256227,29146205677197,29146205677233,16,16.9092,3.47353,0.002,1.54173,0.3121,7.36974,4.2097
277,1,0,1e+08,29146206800387,29146207620704,29146207621280,29146207698428,29146207714128,29146208199118,29146208578790,29146208578834,16,17.7845,8.20317,0.00576,0.77148,0.157,4.8499,3.79672
278,1,0,1e+08,29146209693133,29146209978942,29146209978990,29146210030698,29146210040930,29146210316010,29146210651686,29146210651718,16,9.58585,2.85809,0.00048,0.51708,0.10232,2.7508,3.35676
279,1,0,1e+08,29146211558055,29146211850352,29146211850392,29146211905328,29146211916528,29146212204844,29146212646396,29146212646432,16,10.8838,2.92297,0.0004,0.54936,0.112,2.88316,4.41552
280,1,0,1e+08,29146213638457,29146214397628,29146214397740,29146214476648,29146214492144,29146214941542,29146215306522,29146215306554,16,16.681,7.59171,0.00112,0.78908,0.15496,4.49398,3.6498
281,1,0,1e+08,29146216397528,29146216755668,29146216755868,29146216910811,29146216941899,29146217668832,29146218087072,29146218087116,16,16.8959,3.5814,0.002,1.54943,0.31088,7.26933,4.1824
282,1,0,1e+08,29146219213903,29146219874880,29146219875060,29146220024176,29146220039548,29146220547720,29146220942224,29146220942260,16,17.2836,6.60977,0.0018,1.49116,0.15372,5.08172,3.94504
283,1,0,1e+08,29146222049453,29146222703531,29146222703721,29146222856377,29146222887772,29146223386606,29146223765403,29146223765443,16,17.1599,6.54078,0.0019,1.52656,0.31395,4.98834,3.78797
284,1,0,1e+08,29146224980649,29146225739994,29146225740090,29146225820738,29146225837498,29146226275952,29146226625060,29146226625092,16,16.4444,7.59345,0.00096,0.80648,0.1676,4.38454,3.49108
285,1,0,1e+08,29146227902416,29146229251883,29146229252043,29146229317746,29146229333070,29146229727974,29146230017606,29146230017642,16,21.1523,13.4947,0.0016,0.65703,0.15324,3.94904,2.89632
286,1,0,1e+08,29146230941137,29146231815220,29146231815312,29146231891073,29146231905201,29146232321937,29146232671265,29146232671297,16,17.3016,8.74083,0.00092,0.75761,0.14128,4.16736,3.49328
287,1,0,1e+08,29146233662653,29146234290314,29146234290514,29146234443453,29146234473553,29146234978296,29146235370456,29146235370496,16,17.0784,6.27661,0.002,1.52939,0.301,5.04743,3.9216
288,1,0,1e+08,29146236414081,29146236673405,29146236673437,29146236722857,29146236732585,29146236993145,29146237343169,29146237343205,16,9.29124,2.59324,0.00032,0.4942,0.09728,2.6056,3.50024
289,1,0,1e+08,29146238273073,29146238507834,29146238507866,29146238555630,29146238567218,29146239372628,29146239839840,29146239839888,16,15.6681,2.34761,0.00032,0.47764,0.11588,8.0541,4.67212
290,1,0,1e+08,29146241126883,29146242129904,29146242129968,29146242189920,29146242201704,29146242592904,29146242926944,29146242926976,16,18.0009,10.0302,0.00064,0.59952,0.11784,3.912,3.3404
291,1,0,1e+08,29146243949027,29146244747758,29146244747963,29146244855107,29146244870275,29146245333293,29146245714521,29146245714561,16,17.6553,7.98731,0.00205,1.07144,0.15168,4.63018,3.81228
292,1,0,1e+08,29146246755651,29146247602685,29146247602797,29146247683317,29146247699313,29146248151102,29146248512110,29146248512142,16,17.5649,8.47034,0.00112,0.8052,0.15996,4.51789,3.61008
293,1,0,1e+08,29146249598579,29146249884269,29146249884297,29146249930293,29146249939525,29146250135985,29146250422809,29146250422841,16,8.24262,2.8569,0.00028,0.45996,0.09232,1.9646,2.86824
294,1,0,1e+08,29146251395880,29146251669208,29146251669240,29146251716664,29146251726192,29146251924100,29146252175184,29146252175208,16,7.79328,2.73328,0.00032,0.47424,0.09528,1.97908,2.51084
295,1,0,1e+08,29146253167227,29146253416107,29146253416143,29146253475943,29146253487975,29146253697431,29146253981151,29146253981183,16,8.13956,2.4888,0.00036,0.598,0.12032,2.09456,2.8372
296,1,0,1e+08,29146254954278,29146255192091,29146255192123,29146255245779,29146255256135,29146255474151,29146255748203,29146255748227,16,7.93949,2.37813,0.00032,0.53656,0.10356,2.18016,2.74052
297,1,0,1e+08,29146256712438,29146256976802,29146256976830,29146257023142,29146257032498,29146257209674,29146257442446,29146257442474,16,7.30036,2.64364,0.00028,0.46312,0.09356,1.77176,2.32772
298,1,0,1e+08,29146259639095,29146259900233,29146259900265,29146259951409,29146259961241,29146260185685,29146260514113,29146260514149,16,8.75054,2.61138,0.00032,0.51144,0.09832,2.24444,3.28428
299,1,0,1e+08,29146261748485,29146262905465,29146262905561,29146262960441,29146262971453,29146263199241,29146263460885,29146263460917,16,17.1243,11.5698,0.00096,0.5488,0.11012,2.27788,2.61644
300,1,0,1e+08,29146264628637,29146264915097,29146264915157,29146264975277,29146264989230,29146265497588,29146265944053,29146265944089,16,13.1545,2.8646,0.0006,0.6012,0.13953,5.08358,4.46465
301,1,0,1e+08,29146266925181,29146267726406,29146267726502,29146267809690,29146267827138,29146268268873,29146268628145,29146268628185,16,17.03,8.01225,0.00096,0.83188,0.17448,4.41735,3.59272
302,1,0,1e+08,29146269609419,29146270229954,29146270230154,29146270382782,29146270413066,29146270956310,29146271343146,29146271343178,16,17.3376,6.20535,0.002,1.52628,0.30284,5.43244,3.86836
303,1,0,1e+08,29146272399475,29146272761271,29146272761327,29146272816335,29146272826775,29146273136651,29146273502575,29146273502619,16,11.0314,3.61796,0.00056,0.55008,0.1044,3.09876,3.65924
304,1,0,1e+08,29146274501862,29146274826011,29146274826071,29146274896667,29146274911275,29146275256956,29146275546864,29146275546892,16,10.4503,3.24149,0.0006,0.70596,0.14608,3.45681,2.89908
305,1,0,1e+08,29146276510351,29146277076019,29146277076214,29146277230246,29146277260751,29146277837774,29146278232214,29146278232258,16,17.2191,5.65668,0.00195,1.54032,0.30505,5.77023,3.9444
306,1,0,1e+08,29146279516125,29146279924077,29146279924165,29146280002477,29146280018165,29146280566067,29146280948086,29146280948118,16,14.3199,4.07952,0.00088,0.78312,0.15688,5.47902,3.82019
307,1,0,1e+08,29146282174588,29146283201001,29146283201065,29146283260033,29146283271469,29146283647267,29146283996883,29146283996919,16,18.2233,10.2641,0.00064,0.58968,0.11436,3.75798,3.49616
308,1,0,1e+08,29146285118863,29146285445931,29146285446161,29146285600947,29146285631147,29146286435108,29146286859824,29146286859860,16,17.41,3.27068,0.0023,1.54786,0.302,8.03961,4.24716
309,1,0,1e+08,29146288099895,29146288714198,29146288714418,29146288870771,29146288901417,29146289458820,29146289842360,29146289842400,16,17.4251,6.14303,0.0022,1.56353,0.30646,5.57403,3.8354
310,1,0,1e+08,29146291035929,29146291796385,29146291796530,29146291885713,29146291902293,29146292351792,29146292708476,29146292708508,16,16.7258,7.60456,0.00145,0.89183,0.1658,4.49499,3.56684
311,1,0,1e+08,29146293794609,29146294848494,29146294848558,29146294929107,29146294943731,29146295322731,29146295636179,29146295636215,16,18.4161,10.5389,0.00064,0.80549,0.14624,3.79,3.13448
312,1,0,1e+08,29146296622199,29146296924871,29146296924911,29146296975719,29146296986871,29146297277799,29146297601595,29146297601627,16,9.79428,3.02672,0.0004,0.50808,0.11152,2.90928,3.23796
313,1,0,1e+08,29146298587170,29146298839810,29146298839846,29146298887218,29146298896814,29146299127954,29146299388246,29146299388278,16,8.01108,2.5264,0.00036,0.47372,0.09596,2.3114,2.60292
314,1,0,1e+08,29146300387244,29146301436557,29146301436621,29146301497338,29146301509142,29146301894216,29146302226836,29146302226868,16,18.3962,10.4931,0.00064,0.60717,0.11804,3.85074,3.3262
315,1,0,1e+08,29146303269900,29146303820533,29146303820728,29146303975217,29146304005988,29146304557560,29146304954416,29146304954460,16,16.8456,5.50633,0.00195,1.54489,0.30771,5.51572,3.96856
316,1,0,1e+08,29146305982759,29146306255721,29146306255761,29146306306781,29146306316857,29146306594745,29146306910053,29146306910081,16,9.27322,2.72962,0.0004,0.5102,0.10076,2.77888,3.15308
317,1,0,1e+08,29146307940301,29146308740484,29146308740576,29146308818874,29146308834330,29146309270869,29146309630333,29146309630373,16,16.9007,8.00183,0.00092,0.78298,0.15456,4.36539,3.59464
318,1,0,1e+08,29146310717654,29146310996830,29146310996882,29146311049226,29146311059606,29146311342710,29146311652138,29146311652166,16,9.34512,2.79176,0.00052,0.52344,0.1038,2.83104,3.09428
319,1,0,1e+08,29146312642218,29146313426728,29146313426828,29146313504618,29146313520370,29146313960618,29146314323942,29146314323982,16,16.8176,7.8451,0.001,0.7779,0.15752,4.40248,3.63324
320,1,0,1e+08,29146315484815,29146315729335,29146315729371,29146315777859,29146315787579,29146316015683,29146316285007,29146316285035,16,8.0022,2.4452,0.00036,0.48488,0.0972,2.28104,2.69324
321,1,0,1e+08,29146317320965,29146318100042,29146318100242,29146318186465,29146318202089,29146318688829,29146319071085,29146319071129,16,17.5016,7.79077,0.002,0.86223,0.15624,4.8674,3.82256
322,1,0,1e+08,29146320137442,29146321026621,29146321026713,29146321104784,29146321120112,29146321568045,29146321937129,29146321937161,16,17.9972,8.89179,0.00092,0.78071,0.15328,4.47933,3.69084
323,1,0,1e+08,29146323132653,29146324005488,29146324005580,29146324088000,29146324104344,29146324517705,29146324864717,29146324864757,16,17.321,8.72835,0.00092,0.8242,0.16344,4.13361,3.47012
324,1,0,1e+08,29146325950174,29146326299589,29146326299764,29146326449349,29146326479134,29146327666234,29146328151616,29146328151664,16,22.0149,3.49415,0.00175,1.49585,0.29785,11.871,4.85382
325,1,0,1e+08,29146329285412,29146329557818,29146329557930,29146329607598,29146329616786,29146329894930,29146330213374,29146330213414,16,9.28002,2.72406,0.00112,0.49668,0.09188,2.78144,3.18444
326,1,0,1e+08,29146331149467,29146331812435,29146331812620,29146331968028,29146331998873,29146332490172,29146332872873,29146332872905,16,17.2344,6.62968,0.00185,1.55408,0.30845,4.91299,3.82701
327,1,0,1e+08,29146333903480,29146334225953,29146334226005,29146334278465,29146334289009,29146334667525,29146335018665,29146335018705,16,11.1523,3.22473,0.00052,0.5246,0.10544,3.78516,3.5114
328,1,0,1e+08,29146335941367,29146336394397,29146336394587,29146336548856,29146336580216,29146337218536,29146337624280,29146337624316,16,16.8295,4.5303,0.0019,1.54269,0.3136,6.3832,4.05744
329,1,0,1e+08,29146338922047,29146339189449,29146339189477,29146339232901,29146339243113,29146339482069,29146339773585,29146339773621,16,8.51574,2.67402,0.00028,0.43424,0.10212,2.38956,2.91516
330,1,0,1e+08,29146340830427,29146341628298,29146341628394,29146341708498,29146341724366,29146342165808,29146342532244,29146342532276,16,17.0185,7.97871,0.00096,0.80104,0.15868,4.41442,3.66436
331,1,0,1e+08,29146343554260,29146344085014,29146344085214,29146344236850,29146344267105,29146344851283,29146345247596,29146345247636,16,16.9338,5.30754,0.002,1.51636,0.30255,5.84178,3.96313
332,1,0,1e+08,29146346271089,29146346756577,29146346756777,29146346910052,29146346940282,29146347543088,29146347940865,29146347940901,16,16.6981,4.85488,0.002,1.53275,0.3023,6.02806,3.97777
333,1,0,1e+08,29146348979936,29146349305413,29146349305469,29146349366989,29146349377361,29146349814523,29146350233963,29146350234003,16,12.5407,3.25477,0.00056,0.6152,0.10372,4.37162,4.1944
334,1,0,1e+08,29146351132806,29146352016004,29146352016100,29146352093638,29146352109616,29146352559316,29146352921344,29146352921376,16,17.8857,8.83198,0.00096,0.77538,0.15978,4.497,3.62028
335,1,0,1e+08,29146353947407,29146354213451,29146354213491,29146354262559,29146354272347,29146354531511,29146354844143,29146354844179,16,8.96772,2.66044,0.0004,0.49068,0.09788,2.59164,3.12632
336,1,0,1e+08,29146355775462,29146356709086,29146356709274,29146356772490,29146356784910,29146357183447,29146357529883,29146357529911,16,17.5445,9.33624,0.00188,0.63216,0.1242,3.98537,3.46436
337,1,0,1e+08,29146358707673,29146358989977,29146358990013,29146359038065,29146359047809,29146359288889,29146359602017,29146359602057,16,8.94384,2.82304,0.00036,0.48052,0.09744,2.4108,3.13128
338,1,0,1e+08,29146360741937,29146361272613,29146361272808,29146361428631,29146361459676,29146362046958,29146362443710,29146362443746,16,17.0181,5.30676,0.00195,1.55823,0.31045,5.87282,3.96752
339,1,0,1e+08,29146363516226,29146364185259,29146364185459,29146364325687,29146364341759,29146364821178,29146365196854,29146365196898,16,16.8067,6.69033,0.002,1.40228,0.16072,4.79419,3.75676
340,1,0,1e+08,29146366358379,29146366727616,29146366727680,29146366792248,29146366805936,29146367175020,29146367516076,29146367516108,16,11.5773,3.69237,0.00064,0.64568,0.13688,3.69084,3.41056
341,1,0,1e+08,29146368671232,29146368926137,29146368926173,29146368972745,29146368981633,29146369230261,29146369546473,29146369546513,16,8.75281,2.54905,0.00036,0.46572,0.08888,2.48628,3.16212
342,1,0,1e+08,29146370694618,29146370955462,29146370955498,29146371003410,29146371013142,29146371242802,29146371539438,29146371539466,16,8.44848,2.60844,0.00036,0.47912,0.09732,2.2966,2.96636
343,1,0,1e+08,29146372489431,29146373239427,29146373239622,29146373351750,29146373367182,29146373828341,29146374201753,29146374201789,16,17.1236,7.49996,0.00195,1.12128,0.15432,4.61159,3.73412
344,1,0,1e+08,29146375270280,29146375833494,29146375833694,29146375988763,29146376019403,29146376568355,29146376956167,29146376956203,16,16.8592,5.63214,0.002,1.55069,0.3064,5.48952,3.87812
345,1,0,1e+08,29146378081896,29146378373858,29146378373898,29146378424090,29146378434042,29146378699318,29146379511288,29146379511473,16,14.2958,2.91962,0.0004,0.50192,0.09952,2.65276,8.1197
346,1,0,1e+08,29146381304519,29146381575635,29146381575739,29146381639759,29146381652583,29146381956639,29146382272667,29146382272699,16,9.6818,2.71116,0.00104,0.6402,0.12824,3.04056,3.16028
347,1,0,1e+08,29146383176412,29146383452713,29146383452753,29146383506841,29146383517369,29146383759281,29146384068761,29146384068797,16,8.92385,2.76301,0.0004,0.54088,0.10528,2.41912,3.0948
348,1,0,1e+08,29146385031743,29146385295669,29146385295709,29146385344377,29146385354201,29146385586637,29146385867421,29146385867449,16,8.35706,2.63926,0.0004,0.48668,0.09824,2.32436,2.80784
349,1,0,1e+08,29146386941576,29146387714715,29146387714827,29146387793107,29146387808840,29146388253822,29146388612634,29146388612670,16,16.7109,7.73139,0.00112,0.7828,0.15733,4.44982,3.58812
350,1,0,1e+08,29146389712666,29146390021903,29146390021943,29146390071971,29146390081967,29146390340851,29146390625835,29146390625863,16,9.13197,3.09237,0.0004,0.50028,0.09996,2.58884,2.84984
351,1,0,1e+08,29146391513509,29146393375994,29146393376106,29146393437882,29146393450494,29146393723766,29146394009486,29146394009522,16,24.9601,18.6248,0.00112,0.61776,0.12612,2.73272,2.8572
352,1,0,1e+08,29146395044416,29146395310016,29146395310052,29146395358928,29146395368880,29146395597052,29146395890316,29146395890344,16,8.45928,2.656,0.00036,0.48876,0.09952,2.28172,2.93264
353,1,0,1e+08,29146396823727,29146397201645,29146397201701,29146397251297,29146397261173,29146397506773,29146397878701,29146397878745,16,10.5502,3.77918,0.00056,0.49596,0.09876,2.456,3.71928
354,1,0,1e+08,29146398833155,29146399641954,29146399642046,29146399720694,29146399736534,29146400170029,29146400529589,29146400529621,16,16.9647,8.08799,0.00092,0.78648,0.1584,4.33495,3.5956
355,1,0,1e+08,29146401609172,29146401967290,29146401967338,29146402019070,29146402029782,29146402325690,29146402648274,29146402648322,16,10.3915,3.58118,0.00048,0.51732,0.10712,2.95908,3.22584
356,1,0,1e+08,29146403617527,29146404128827,29146404129027,29146404284119,29146404315419,29146404929077,29146405332770,29146405332802,16,17.1528,5.113,0.002,1.55092,0.313,6.13658,4.03693
357,1,0,1e+08,29146406415578,29146406654974,29146406655014,29146406702958,29146406712786,29146406970678,29146407259310,29146407259346,16,8.43768,2.39396,0.0004,0.47944,0.09828,2.57892,2.88632
358,1,0,1e+08,29146408271853,29146408803657,29146408803857,29146408956680,29146408987023,29146409551745,29146409940901,29146409940937,16,16.6908,5.31804,0.002,1.52823,0.30343,5.64722,3.89156
359,1,0,1e+08,29146411115774,29146411408310,29146411408418,29146411458002,29146411467966,29146412051184,29146412698264,29146412698316,16,15.8254,2.92536,0.00108,0.49584,0.09964,5.83218,6.4708
360,1,0,1e+08,29146414064500,29146414865517,29146414865613,29146414945053,29146414960929,29146415390428,29146415750488,29146415750516,16,16.8602,8.01017,0.00096,0.7944,0.15876,4.29499,3.6006
361,1,0,1e+08,29146416829881,29146417094353,29146417094393,29146417140785,29146417150061,29146417397373,29146417703129,29146417703161,16,8.7328,2.64472,0.0004,0.46392,0.09276,2.47312,3.05756
362,1,0,1e+08,29146418699709,29146418956305,29146418956345,29146419004365,29146419014181,29146419274549,29146420137935,29146420138007,16,14.383,2.56596,0.0004,0.4802,0.09816,2.60368,8.63386
363,1,0,1e+08,29146421716552,29146422267193,29146422267388,29146422419417,29146422449947,29146423078253,29146423493698,29146423493746,16,17.7719,5.50641,0.00195,1.52029,0.3053,6.28306,4.15445
364,1,0,1e+08,29146424774637,29146425114265,29146425114317,29146425176809,29146425189725,29146425600193,29146427009376,29146427009460,16,22.3482,3.39628,0.00052,0.62492,0.12916,4.10468,14.0918
365,1,0,1e+08,29146428760832,29146429651652,29146429651748,29146429726734,29146429738942,29146430140376,29146430474488,29146430474524,16,17.1369,8.9082,0.00096,0.74986,0.12208,4.01434,3.34112
366,1,0,1e+08,29146431590428,29146431921034,29146431921086,29146431971130,29146431980870,29146432407305,29146432920864,29146432920994,16,13.3057,3.30606,0.00052,0.50044,0.0974,4.26435,5.13559
367,1,0,1e+08,29146434082025,29146435155313,29146435155377,29146435227985,29146435242929,29146435628658,29146435981202,29146435981314,16,18.9929,10.7329,0.00064,0.72608,0.14944,3.85729,3.52544
368,1,0,1e+08,29146437206436,29146438043530,29146438043626,29146438125482,29146438141910,29146438582773,29146438932661,29146438932693,16,17.2626,8.37094,0.00096,0.81856,0.16428,4.40863,3.49888
369,1,0,1e+08,29146440080128,29146440386500,29146440386548,29146440435304,29146440444832,29146440736844,29146441127528,29146441127568,16,10.4744,3.06372,0.00048,0.48756,0.09528,2.92012,3.90684
370,1,0,1e+08,29146442017064,29146442299502,29146442299542,29146442349590,29146442359530,29146442610578,29146442937726,29146442937754,16,9.2069,2.82438,0.0004,0.50048,0.0994,2.51048,3.27148
371,1,0,1e+08,29146443882492,29146444612842,29146444613032,29146444749585,29146444765121,29146445269262,29146445659327,29146445659367,16,17.7688,7.3035,0.0019,1.36553,0.15536,5.04141,3.90065
372,1,0,1e+08,29146446751380,29146447328343,29146447328543,29146447483467,29146447514951,29146448066153,29146448459621,29146448459653,16,17.0827,5.76963,0.002,1.54924,0.31484,5.51202,3.93468
373,1,0,1e+08,29146449518334,29146449779334,29146449779374,29146449829534,29146449839674,29146450111034,29146450421422,29146450421462,16,9.03128,2.61,0.0004,0.5016,0.1014,2.7136,3.10388
374,1,0,1e+08,29146451384773,29146451651883,29146451651923,29146451700547,29146451710311,29146451961687,29146452232563,29146452232591,16,8.47818,2.6711,0.0004,0.48624,0.09764,2.51376,2.70876
375,1,0,1e+08,29146453223113,29146453483707,29146453483735,29146453532007,29146453541591,29146453761719,29146454049067,29146454049107,16,8.25994,2.60594,0.00028,0.48272,0.09584,2.20128,2.87348
376,1,0,1e+08,29146454973841,29146456123921,29146456124157,29146456209502,29146456226670,29146456665837,29146457022549,29146457022581,16,20.4874,11.5008,0.00236,0.85345,0.17168,4.39167,3.56712
377,1,0,1e+08,29146458047767,29146458518434,29146458518639,29146458673946,29146458705210,29146459335197,29146459732989,29146459733029,16,16.8526,4.70667,0.00205,1.55307,0.31264,6.29987,3.97792
378,1,0,1e+08,29146460872299,29146461143527,29146461143567,29146461192847,29146461202635,29146461497927,29146461835339,29146461835371,16,9.63072,2.71228,0.0004,0.4928,0.09788,2.95292,3.37412
379,1,0,1e+08,29146462847279,29146463142969,29146463143164,29146463297804,29146463328839,29146464105161,29146464540457,29146464540501,16,16.9322,2.9569,0.00195,1.5464,0.31035,7.76322,4.35296
380,1,0,1e+08,29146465663367,29146465908535,29146465908571,29146465958147,29146465967951,29146466212651,29146466484863,29146466484887,16,8.2152,2.45168,0.00036,0.49576,0.09804,2.447,2.72212
381,1,0,1e+08,29146467466849,29146467755930,29146467756120,29146467908872,29146467939272,29146468737912,29146469162204,29146469162248,16,16.954,2.89081,0.0019,1.52752,0.304,7.9864,4.24292
382,1,0,1e+08,29146470259702,29146471046890,29146471046982,29146471124846,29146471140270,29146471572964,29146471934840,29146471934872,16,16.7517,7.87188,0.00092,0.77864,0.15424,4.32694,3.61876
383,1,0,1e+08,29146473006725,29146473281597,29146473281625,29146473329345,29146473339161,29146473556177,29146473831589,29146473831625,16,8.249,2.74872,0.00028,0.4772,0.09816,2.17016,2.75412
384,1,0,1e+08,29146474798975,29146475041080,29146475041116,29146475089624,29146475099368,29146475344644,29146475676658,29146475676803,16,8.77828,2.42105,0.00036,0.48508,0.09744,2.45276,3.32014
385,1,0,1e+08,29146477843284,29146479672916,29146479673080,29146479734605,29146479745653,29146480123558,29146480440058,29146480440094,16,25.9681,18.2963,0.00164,0.61525,0.11048,3.77905,3.165
386,1,0,1e+08,29146481475139,29146482316308,29146482316404,29146482397564,29146482413766,29146482866988,29146483223828,29146483223860,16,17.4872,8.41169,0.00096,0.8116,0.16202,4.53222,3.5684
387,1,0,1e+08,29146484314372,29146485127430,29146485127530,29146485208118,29146485224482,29146485668582,29146486023978,29146486024018,16,17.0965,8.13058,0.001,0.80588,0.16364,4.441,3.55396
388,1,0,1e+08,29146487244949,29146487572910,29146487572966,29146487634694,29146487647402,29146487969010,29146488296282,29146488296310,16,10.5136,3.27961,0.00056,0.61728,0.12708,3.21608,3.27272
389,1,0,1e+08,29146489482185,29146490451212,29146490451304,29146490524433,29146490537121,29146490942945,29146491280589,29146491280629,16,17.9844,9.69027,0.00092,0.73129,0.12688,4.05824,3.37644
390,1,0,1e+08,29146492463741,29146493274301,29146493274393,29146493355537,29146493371933,29146493798728,29146494146444,29146494146472,16,16.8273,8.1056,0.00092,0.81144,0.16396,4.26795,3.47716
391,1,0,1e+08,29146495330719,29146495597117,29146495597157,29146495660853,29146495673573,29146495970345,29146496273585,29146496273625,16,9.42906,2.66398,0.0004,0.63696,0.1272,2.96772,3.0324
392,1,0,1e+08,29146497289237,29146497536113,29146497536153,29146497584561,29146497594385,29146497839969,29146498123453,29146498123481,16,8.34244,2.46876,0.0004,0.48408,0.09824,2.45584,2.83484
393,1,0,1e+08,29146499080636,29146499330854,29146499330890,29146499378650,29146499388378,29146499613382,29146499877182,29146499877214,16,7.96578,2.50218,0.00036,0.4776,0.09728,2.25004,2.638
394,1,0,1e+08,29146500983096,29146501238332,29146501238368,29146501297140,29146501309316,29146501572236,29146501857392,29146501857420,16,8.74324,2.55236,0.00036,0.58772,0.12176,2.6292,2.85156
395,1,0,1e+08,29146502745491,29146502999659,29146502999695,29146503046999,29146503056523,29146503278959,29146503653207,29146503653255,16,9.07764,2.54168,0.00036,0.47304,0.09524,2.22436,3.74248
396,1,0,1e+08,29146504570564,29146505319672,29146505319768,29146505397148,29146505412768,29146505862912,29146506228744,29146506228772,16,16.5821,7.49108,0.00096,0.7738,0.1562,4.50144,3.65832
397,1,0,1e+08,29146507321021,29146507769465,29146507769665,29146507922897,29146507953137,29146508650481,29146509084247,29146509084291,16,17.6327,4.48444,0.002,1.53232,0.3024,6.97344,4.33766
398,1,0,1e+08,29146510341275,29146510631875,29146510631931,29146510694791,29146510707619,29146511059071,29146511394463,29146511394503,16,10.5323,2.906,0.00056,0.6286,0.12828,3.51452,3.35392
399,1,0,1e+08,29146512276256,29146512553766,29146512553802,29146512602302,29146512613214,29146512896618,29146513238010,29146513238046,16,9.6179,2.7751,0.00036,0.485,0.10912,2.83404,3.41392
400,1,0,1e+08,29146514208234,29146515097351,29146515097551,29146515182842,29146515198238,29146515666508,29146516052700,29146516052732,16,18.445,8.89117,0.002,0.85291,0.15396,4.6827,3.86192
401,1,0,1e+08,29146517162422,29146517889900,29146517890024,29146517951176,29146517963656,29146518248356,29146518544204,29146518544244,16,13.8182,7.27478,0.00124,0.61152,0.1248,2.847,2.95848
402,1,0,1e+08,29146519470275,29146519706691,29146519706723,29146519754503,29146519763879,29146519995335,29146520308823,29146520308851,16,8.38576,2.36416,0.00032,0.4778,0.09376,2.31456,3.13488
403,1,0,1e+08,29146521388646,29146522418657,29146522418721,29146522484129,29146522498873,29146522894811,29146523233123,29146523233159,16,18.4451,10.3001,0.00064,0.65408,0.14744,3.95938,3.38312
404,1,0,1e+08,29146524261200,29146524934772,29146524934972,29146525087953,29146525116583,29146525605888,29146525981980,29146525982012,16,17.2081,6.73572,0.002,1.52981,0.2863,4.89305,3.76092
405,1,0,1e+08,29146527328383,29146528748575,29146528749045,29146528899238,29146528914696,29146529308428,29146529579860,29146529579892,16,22.5151,14.2019,0.0047,1.50193,0.15458,3.93732,2.71432
406,1,0,1e+08,29146530588689,29146530867958,29146530868002,29146530917478,29146530927498,29146531183638,29146531477838,29146531477866,16,8.89177,2.79269,0.00044,0.49476,0.1002,2.5614,2.942
407,1,0,1e+08,29146532449550,29146532696882,29146532696914,29146532744782,29146532754478,29146532984878,29146533384354,29146533384398,16,9.34848,2.47332,0.00032,0.47868,0.09696,2.304,3.99476
408,1,0,1e+08,29146534317191,29146534594136,29146534594164,29146534642268,29146534652152,29146534899792,29146535214792,29146535214820,16,8.97629,2.76945,0.00028,0.48104,0.09884,2.4764,3.15
409,1,0,1e+08,29146536150834,29146536712094,29146536712258,29146536780554,29146536794510,29146537116750,29146537399874,29146537399910,16,12.4908,5.6126,0.00164,0.68296,0.13956,3.2224,2.83124
410,1,0,1e+08,29146538386611,29146538648527,29146538648567,29146538694587,29146538705611,29146538936735,29146539236335,29146539236363,16,8.49752,2.61916,0.0004,0.4602,0.11024,2.31124,2.996
411,1,0,1e+08,29146540217351,29146540448535,29146540448571,29146540496211,29146540505915,29146540742191,29146541001167,29146541001199,16,7.83848,2.31184,0.00036,0.4764,0.09704,2.36276,2.58976
412,1,0,1e+08,29146542125026,29146542395310,29146542395346,29146542452894,29146542483859,29146543388312,29146543828998,29146543829034,16,17.0401,2.70284,0.00036,0.57548,0.30965,9.04453,4.40686
413,1,0,1e+08,29146544966353,29146545222485,29146545222529,29146545274177,29146545284545,29146545696770,29146546158552,29146546158592,16,11.9224,2.56132,0.00044,0.51648,0.10368,4.12225,4.61782
414,1,0,1e+08,29146547166554,29146547444582,29146547444614,29146547492158,29146547501690,29146547721482,29146547977786,29146547977810,16,8.11256,2.78028,0.00032,0.47544,0.09532,2.19792,2.56304
415,1,0,1e+08,29146548977516,29146551029325,29146551029825,29146551157288,29146551174100,29146551637654,29146552006326,29146552006366,16,30.2885,20.5181,0.005,1.27463,0.16812,4.63554,3.68672
416,1,0,1e+08,29146553141718,29146554115285,29146554115345,29146554172345,29146554183949,29146554554233,29146554875353,29146554875381,16,17.3366,9.73567,0.0006,0.57,0.11604,3.70284,3.2112
417,1,0,1e+08,29146556083683,29146556750514,29146556750704,29146556906594,29146556929766,29146557447294,29146557845482,29146557845526,16,17.6184,6.66831,0.0019,1.5589,0.23172,5.17528,3.98188
418,1,0,1e+08,29146558892938,29146559159499,29146559159539,29146559209051,29146559218863,29146559488543,29146559838263,29146559838311,16,9.45373,2.66561,0.0004,0.49512,0.09812,2.6968,3.4972
419,1,0,1e+08,29146561970682,29146562214110,29146562214138,29146562266350,29146562276898,29146562504394,29146562908178,29146562908234,16,9.37552,2.43428,0.00028,0.52212,0.10548,2.27496,4.03784
420,1,0,1e+08,29146563933219,29146564739659,29146564739747,29146564819258,29146564835638,29146565277744,29146565633024,29146565633052,16,16.9983,8.0644,0.00088,0.79511,0.1638,4.42106,3.5528
421,1,0,1e+08,29146566706460,29146567543549,29146567543645,29146567624421,29146567640589,29146568079186,29146568432346,29146568432386,16,17.2593,8.37089,0.00096,0.80776,0.16168,4.38597,3.5316
422,1,0,1e+08,29146569512944,29146570005620,29146570005815,29146570157277,29146570187337,29146570826024,29146571225592,29146571225624,16,17.1268,4.92676,0.00195,1.51462,0.3006,6.38687,3.99568
423,1,0,1e+08,29146572388537,29146573132966,29146573133156,29146573252496,29146573268948,29146573739151,29146574103107,29146574103155,16,17.1462,7.44429,0.0019,1.1934,0.16452,4.70203,3.63956
424,1,0,1e+08,29146575115727,29146575861244,29146575861434,29146575967427,29146575983523,29146576448226,29146576816974,29146576817002,16,17.0128,7.45517,0.0019,1.05993,0.16096,4.64703,3.68748
425,1,0,1e+08,29146578053485,29146578930535,29146578930631,29146579011624,29146579028128,29146579468105,29146579824093,29146579824129,16,17.7064,8.7705,0.00096,0.80993,0.16504,4.39977,3.55988
426,1,0,1e+08,29146580901973,29146581170093,29146581170129,29146581219105,29146581229201,29146581515813,29146581830301,29146581830329,16,9.28356,2.6812,0.00036,0.48976,0.10096,2.86612,3.14488
427,1,0,1e+08,29146582798514,29146583068575,29146583068615,29146583121219,29146583131147,29146583366947,29146583627571,29146583627603,16,8.29089,2.70061,0.0004,0.52604,0.09928,2.358,2.60624
428,1,0,1e+08,29146584555940,29146584923932,29146584924127,29146585078622,29146585110015,29146585831370,29146586265759,29146586265795,16,17.0985,3.67992,0.00195,1.54495,0.31393,7.21355,4.34389
429,1,0,1e+08,29146587381599,29146587657007,29146587657047,29146587708891,29146587720635,29146588032903,29146588352387,29146588352427,16,9.70828,2.75408,0.0004,0.51844,0.11744,3.12268,3.19484
430,1,0,1e+08,29146589416501,29146589694709,29146589694793,29146589745569,29146589756285,29146590028041,29146590309437,29146590309461,16,8.9296,2.78208,0.00084,0.50776,0.10716,2.71756,2.81396
431,1,0,1e+08,29146591371899,29146592195266,29146592195362,29146592275178,29146592291242,29146592709260,29146593057424,29146593057464,16,16.8557,8.23367,0.00096,0.79816,0.16064,4.18018,3.48164
432,1,0,1e+08,29146594074835,29146594834625,29146594834713,29146594912597,29146594928337,29146595409777,29146596393889,29146596393957,16,23.1912,7.5979,0.00088,0.77884,0.1574,4.8144,9.84112
433,1,0,1e+08,29146598049040,29146598842445,29146598842537,29146598923232,29146598939284,29146599374791,29146599729575,29146599729611,16,16.8057,7.93405,0.00092,0.80695,0.16052,4.35507,3.54784
434,1,0,1e+08,29146600872836,29146601171336,29146601171384,29146601223568,29146601233492,29146601540140,29146601889280,29146601889308,16,10.1647,2.985,0.00048,0.52184,0.09924,3.06648,3.4914
435,1,0,1e+08,29146602801932,29146603131481,29146603131597,29146603183625,29146603194021,29146603544898,29146603839942,29146603839974,16,10.3804,3.29549,0.00116,0.52028,0.10396,3.50877,2.95044
436,1,0,1e+08,29146604887013,29146605190494,29146605190542,29146605244278,29146605254902,29146605510738,29146605764618,29146605764642,16,8.77629,3.03481,0.00048,0.53736,0.10624,2.55836,2.5388
437,1,0,1e+08,29146606940947,29146607214173,29146607214217,29146607266637,29146607277505,29146607536429,29146607809277,29146607809309,16,8.68362,2.73226,0.00044,0.5242,0.10868,2.58924,2.72848
438,1,0,1e+08,29146608912445,29146609216664,29146609216708,29146609285088,29146609298528,29146609582424,29146609963112,29146609963144,16,10.507,3.04219,0.00044,0.6838,0.1344,2.83896,3.80688
439,1,0,1e+08,29146610841806,29146611455951,29146611456151,29146611609895,29146611640290,29146612174720,29146612560160,29146612560200,16,17.1839,6.14145,0.002,1.53744,0.30395,5.3443,3.8544
440,1,0,1e+08,29146613593734,29146613844694,29146613844734,29146613898226,29146613909154,29146614220062,29146614534958,29146614534990,16,9.41256,2.5096,0.0004,0.53492,0.10928,3.10908,3.14896
441,1,0,1e+08,29146615430037,29146616402018,29146616402498,29146616559655,29146616590615,29146617159321,29146617550873,29146617550913,16,21.2088,9.71981,0.0048,1.57157,0.3096,5.68706,3.91552
442,1,0,1e+08,29146618590552,29146618863728,29146618863768,29146618921228,29146618934940,29146619289601,29146619586497,29146619586529,16,9.95977,2.73176,0.0004,0.5746,0.13712,3.54661,2.96896
443,1,0,1e+08,29146620586554,29146621327688,29146621327888,29146621458371,29146621475127,29146621975711,29146622364995,29146622365035,16,17.7848,7.41134,0.002,1.30483,0.16756,5.00584,3.89284
444,1,0,1e+08,29146623571245,29146623866971,29146623867015,29146623923531,29146623932731,29146624208555,29146624513503,29146624513535,16,9.4229,2.95726,0.00044,0.56516,0.092,2.75824,3.04948
445,1,0,1e+08,29146625623015,29146626576886,29146626576950,29146626636574,29146626648810,29146627029038,29146627384722,29146627384822,16,17.6181,9.53871,0.00064,0.59624,0.12236,3.80228,3.55684
446,1,0,1e+08,29146628721013,29146629581546,29146629581594,29146629636618,29146629648210,29146629915822,29146630171882,29146630171906,16,14.5089,8.60533,0.00048,0.55024,0.11592,2.67612,2.5606
447,1,0,1e+08,29146631128960,29146631930943,29146631931035,29146632007616,29146632023480,29146632470610,29146632831458,29146632831498,16,17.0254,8.01983,0.00092,0.76581,0.15864,4.4713,3.60848
448,1,0,1e+08,29146633850325,29146634150849,29146634150901,29146634204213,29146634214769,29146634531904,29146634921014,29146634921046,16,10.7072,3.00524,0.00052,0.53312,0.10556,3.17135,3.8911
449,1,0,1e+08,29146635857087,29146636092583,29146636092619,29146636146351,29146636157335,29146636495561,29146636790441,29146636790477,16,9.3339,2.35496,0.00036,0.53732,0.10984,3.38226,2.9488
450,1,0,1e+08,29146637983626,29146638285556,29146638285604,29146638340860,29146638351708,29146638636088,29146638922244,29146638922272,16,9.38646,3.0193,0.00048,0.55256,0.10848,2.8438,2.86156
451,1,0,1e+08,29146639891883,29146640184839,29146640184879,29146640243235,29146640255583,29146640508867,29146640789411,29146640789447,16,8.97564,2.92956,0.0004,0.58356,0.12348,2.53284,2.80544
452,1,0,1e+08,29146641699993,29146642700226,29146642700290,29146642772078,29146642786214,29146643156490,29146643533310,29146643533402,16,18.3341,10.0023,0.00064,0.71788,0.14136,3.70276,3.7682
453,1,0,1e+08,29146644549466,29146644831891,29146644831935,29146644883183,29146644893339,29146645176547,29146645879155,29146645879345,16,13.2988,2.82425,0.00044,0.51248,0.10156,2.83208,7.02608
454,1,0,1e+08,29146647590103,29146647823129,29146647823169,29146647871249,29146647880961,29146648126477,29146648490710,29146648490758,16,9.00655,2.33026,0.0004,0.4808,0.09712,2.45516,3.64233
455,1,0,1e+08,29146649489816,29146649761965,29146649762005,29146649810693,29146649820541,29146650079217,29146650363493,29146650363529,16,8.73713,2.72149,0.0004,0.48688,0.09848,2.58676,2.84276
456,1,0,1e+08,29146651221045,29146653914290,29146653914450,29146653979338,29146653992258,29146654383520,29146654708396,29146654708424,16,34.8738,26.9324,0.0016,0.64888,0.1292,3.91262,3.24876
457,1,0,1e+08,29146655750851,29146656040119,29146656040167,29146656106735,29146656119387,29146656547472,29146656852940,29146656852976,16,11.0213,2.89268,0.00048,0.66568,0.12652,4.28085,3.05468
458,1,0,1e+08,29146657839756,29146658100868,29146658100900,29146658148884,29146658159384,29146658396512,29146658690372,29146658690400,16,8.50644,2.61112,0.00032,0.47984,0.105,2.37128,2.9386
459,1,0,1e+08,29146659661741,29146659923167,29146659923207,29146659971843,29146659981759,29146660225239,29146660501219,29146660501251,16,8.3951,2.61426,0.0004,0.48636,0.09916,2.4348,2.7598
460,1,0,1e+08,29146661541135,29146661827951,29146661827987,29146661893327,29146661906423,29146662213171,29146662530099,29146662530127,16,9.88992,2.86816,0.00036,0.6534,0.13096,3.06748,3.16928
461,1,0,1e+08,29146663414903,29146663893306,29146663893506,29146664046400,29146664077000,29146664725780,29146665129685,29146665129729,16,17.1483,4.78403,0.002,1.52894,0.306,6.4878,4.03905
462,1,0,1e+08,29146667303228,29146668319497,29146668319561,29146668395021,29146668409454,29146668783127,29146669092659,29146669092687,16,17.8946,10.1627,0.00064,0.7546,0.14433,3.73673,3.09532
463,1,0,1e+08,29146670164149,29146670942826,29146670942918,29146671024834,29146671041294,29146671488113,29146671864661,29146671864701,16,17.0055,7.78677,0.00092,0.81916,0.1646,4.46819,3.76548
464,1,0,1e+08,29146673048864,29146673839242,29146673839338,29146673921070,29146673937538,29146674379908,29146674733004,29146674733036,16,16.8417,7.90378,0.00096,0.81732,0.16468,4.4237,3.53096
465,1,0,1e+08,29146676051425,29146676910191,29146676910391,29146677064028,29146677094428,29146677664056,29146678048712,29146678048752,16,19.9733,8.58766,0.002,1.53637,0.304,5.69628,3.84656
466,1,0,1e+08,29146679236471,29146679526480,29146679526528,29146679574672,29146679586048,29146679864364,29146680152436,29146680152460,16,9.15989,2.90009,0.00048,0.48144,0.11376,2.78316,2.88072
467,1,0,1e+08,29146681061954,29146681938234,29146681938326,29146682014096,29146682025700,29146682440805,29146682794237,29146682794277,16,17.3232,8.7628,0.00092,0.7577,0.11604,4.15105,3.53432
468,1,0,1e+08,29146683773893,29146684003769,29146684003793,29146684053665,29146684063829,29146684379489,29146684781594,29146684781626,16,10.0773,2.29876,0.00024,0.49872,0.10164,3.1566,4.02105
469,1,0,1e+08,29146685770779,29146686647204,29146686647296,29146686725100,29146686739621,29146687146207,29146687494655,29146687494695,16,17.2392,8.76425,0.00092,0.77804,0.14521,4.06586,3.48448
470,1,0,1e+08,29146688544006,29146688814246,29146688814286,29146688862794,29146688874774,29146689137398,29146689449686,29146689449714,16,9.05708,2.7024,0.0004,0.48508,0.1198,2.62624,3.12288
471,1,0,1e+08,29146690460200,29146691047212,29146691047392,29146691202517,29146691233322,29146691778433,29146692170325,29146692170369,16,17.1017,5.87012,0.0018,1.55125,0.30805,5.45111,3.91892
472,1,0,1e+08,29146693231391,29146694035049,29146694035239,29146694151957,29146694167105,29146694637524,29146695011640,29146695011672,16,17.8028,8.03658,0.0019,1.16718,0.15148,4.70419,3.74116
473,1,0,1e+08,29146696128289,29146696690751,29146696690951,29146696844638,29146696875318,29146697460642,29146697849042,29146697849082,16,17.2079,5.62462,0.002,1.53687,0.3068,5.85324,3.884
474,1,0,1e+08,29146698997805,29146699299499,29146699299527,29146699343803,29146699353479,29146699617859,29146699944603,29146699944635,16,9.4683,3.01694,0.00028,0.44276,0.09676,2.6438,3.26744
475,1,0,1e+08,29146700819259,29146701315878,29146701316078,29146701470997,29146701501967,29146702140128,29146702542756,29146702542796,16,17.2354,4.96619,0.002,1.54919,0.3097,6.38161,4.02628
476,1,0,1e+08,29146703595592,29146704615260,29146704615324,29146704682560,29146704696336,29146705066768,29146705382188,29146705382216,16,17.8662,10.1967,0.00064,0.67236,0.13776,3.70432,3.1542
477,1,0,1e+08,29146706423148,29146706743106,29146706743158,29146706797766,29146706808758,29146707131754,29146707431766,29146707431802,16,10.0865,3.19958,0.00052,0.54608,0.10992,3.22996,3.00012
478,1,0,1e+08,29146708488615,29146709588713,29146709588885,29146709654486,29146709667730,29146710017986,29146710338362,29146710338390,16,18.4977,11.001,0.00172,0.65601,0.13244,3.50256,3.20376
479,1,0,1e+08,29146711407120,29146711702394,29146711702426,29146711756090,29146711768026,29146712102383,29146712462267,29146712462319,16,10.552,2.95274,0.00032,0.53664,0.11936,3.34357,3.59884
480,1,0,1e+08,29146713525371,29146714326230,29146714326498,29146714403978,29146714419458,29146714869060,29146715237724,29146715237756,16,17.1239,8.00859,0.00268,0.7748,0.1548,4.49602,3.68664
481,1,0,1e+08,29146716382771,29146716768241,29146716768293,29146716826989,29146716838973,29146717137133,29146717469273,29146717469313,16,10.8654,3.8547,0.00052,0.58696,0.11984,2.9816,3.3214
482,1,0,1e+08,29146718406309,29146719240215,29146719240307,29146719317058,29146719332978,29146719777600,29146720147972,29146720148004,16,17.4169,8.33906,0.00092,0.76751,0.1592,4.44622,3.70372
483,1,0,1e+08,29146721291397,29146721773402,29146721773572,29146721923456,29146721953456,29146722593987,29146722856123,29146722856155,16,15.6476,4.82005,0.0017,1.49884,0.3,6.40531,2.62136
484,1,0,1e+08,29146723733545,29146724142931,29146724142971,29146724192179,29146724201971,29146724459155,29146724749723,29146724749755,16,10.1621,4.09386,0.0004,0.49208,0.09792,2.57184,2.90568
485,1,0,1e+08,29146725817522,29146726687750,29146726687834,29146726765470,29146726780934,29146727249004,29146727623580,29146727623620,16,18.061,8.70228,0.00084,0.77636,0.15464,4.6807,3.74576
486,1,0,1e+08,29146728872524,29146730066761,29146730066849,29146730130434,29146730140642,29146730437874,29146730698822,29146730698910,16,18.2639,11.9424,0.00088,0.63585,0.10208,2.97232,2.60948
487,1,0,1e+08,29146731745985,29146732088833,29146732088893,29146732151038,29146732162618,29146732485131,29146732781759,29146732781791,16,10.3581,3.42848,0.0006,0.62145,0.1158,3.22513,2.96628
488,1,0,1e+08,29146733707700,29146733983190,29146733983234,29146734032958,29146734043030,29146734317838,29146734607994,29146734608022,16,9.00322,2.7549,0.00044,0.49724,0.10072,2.74808,2.90156
489,1,0,1e+08,29146735704483,29146736038620,29146736038664,29146736088576,29146736098680,29146736357728,29146736639264,29146736639300,16,9.34817,3.34137,0.00044,0.49912,0.10104,2.59048,2.81536
490,1,0,1e+08,29146737662735,29146738249652,29146738249827,29146738404739,29146738435924,29146739043760,29146739439556,29146739439588,16,17.7685,5.86917,0.00175,1.54912,0.31185,6.07836,3.95796
491,1,0,1e+08,29146742533866,29146742829822,29146742829854,29146742886006,29146742897114,29146743117790,29146743385110,29146743385142,16,8.51276,2.95956,0.00032,0.56152,0.11108,2.20676,2.6732
492,1,0,1e+08,29146744313445,29146744641803,29146744641978,29146744797059,29146744828206,29146745577716,29146745997916,29146745997952,16,16.8451,3.28358,0.00175,1.55081,0.31147,7.4951,4.202
493,1,0,1e+08,29146747118483,29146747491881,29146747491933,29146747541429,29146747552157,29146747842309,29146748206133,29146748206177,16,10.8769,3.73398,0.00052,0.49496,0.10728,2.90152,3.63824
494,1,0,1e+08,29146749270244,29146750049562,29146750049654,29146750126406,29146750142150,29146750622360,29146750995396,29146750995428,16,17.2518,7.79318,0.00092,0.76752,0.15744,4.8021,3.73036
495,1,0,1e+08,29146752092318,29146752308862,29146752308894,29146752356918,29146752366726,29146752616590,29146752931694,29146752931734,16,8.39416,2.16544,0.00032,0.48024,0.09808,2.49864,3.15104
496,1,0,1e+08,29146753868816,29146754133426,29146754133458,29146754180974,29146754190618,29146754497157,29146755385571,29146755385619,16,15.168,2.6461,0.00032,0.47516,0.09644,3.06539,8.88414
497,1,0,1e+08,29146756889289,29146757666246,29146757666436,29146757777984,29146757794104,29146758292055,29146758672407,29146758672451,16,17.8316,7.76957,0.0019,1.11548,0.1612,4.97951,3.80352
498,1,0,1e+08,29146759686543,29146759911645,29146759911669,29146759959269,29146759968973,29146760222589,29146760879814,29146760879964,16,11.9342,2.25102,0.00024,0.476,0.09704,2.53616,6.57225
499,1,0,1e+08,29146762664816,29146762923388,29146762923424,29146762978800,29146762990092,29146763253244,29146763578636,29146763578676,16,9.1386,2.58572,0.00036,0.55376,0.11292,2.63152,3.25392
500,1,0,1e+08,29146764469263,29146765256557,29146765256653,29146765334078,29146765349126,29146765786876,29146766147312,29146766147340,16,16.7808,7.87294,0.00096,0.77425,0.15048,4.3775,3.60436
501,1,0,1e+08,29146767223631,29146767895185,29146767895385,29146768048301,29146768079251,29146768597848,29146768976524,29146768976564,16,17.5293,6.71554,0.002,1.52916,0.3095,5.18597,3.78676
502,1,0,1e+08,29146769998850,29146770302322,29146770302354,29146770349730,29146770359466,29146770607954,29146770920550,29146770920582,16,9.21732,3.03472,0.00032,0.47376,0.09736,2.48488,3.12596
503,1,0,1e+08,29146771902261,29146773004291,29146773004455,29146773058903,29146773070783,29146773448563,29146773777183,29146773777219,16,18.7496,11.0203,0.00164,0.54448,0.1188,3.7778,3.2862
504,1,0,1e+08,29146774833220,29146775719912,29146775720004,29146775799296,29146775815168,29146776230071,29146776571935,29146776571963,16,17.3874,8.86692,0.00092,0.79292,0.15872,4.14903,3.41864
505,1,0,1e+08,29146777885421,29146778190073,29146778190213,29146778252157,29146778265173,29146778665709,29146778961673,29146778961705,16,10.7628,3.04652,0.0014,0.61944,0.13016,4.00536,2.95964
506,1,0,1e+08,29146779873228,29146780124049,29146780124081,29146780171481,29146780181193,29146780409081,29146780686753,29146780686781,16,8.13553,2.50821,0.00032,0.474,0.09712,2.27888,2.77672
507,1,0,1e+08,29146781717317,29146782065031,29146782065067,29146782112443,29146782122131,29146782365067,29146782666419,29146782666459,16,9.49142,3.47714,0.00036,0.47376,0.09688,2.42936,3.01352
508,1,0,1e+08,29146783636588,29146784220527,29146784220722,29146784376047,29146784406861,29146785071114,29146785497210,29146785497246,16,18.6066,5.83939,0.00195,1.55325,0.30814,6.64253,4.26096
509,1,0,1e+08,29146786619240,29146786965293,29146786965329,29146787017497,29146787028149,29146787252329,29146787509681,29146787509713,16,8.90473,3.46053,0.00036,0.52168,0.10652,2.2418,2.57352
510,1,0,1e+08,29146788696748,29146789719806,29146789719870,29146789778382,29146789790062,29146790163563,29146790490751,29146790490779,16,17.9403,10.2306,0.00064,0.58512,0.1168,3.73501,3.27188
511,1,0,1e+08,29146791729030,29146792016368,29146792016400,29146792060960,29146792070184,29146792308812,29146792581420,29146792581456,16,8.52426,2.87338,0.00032,0.4456,0.09224,2.38628,2.72608
512,1,0,1e+08,29146793473669,29146793786805,29146793786841,29146793834461,29146793844157,29146794078645,29146794360217,29146794360245,16,8.86576,3.13136,0.00036,0.4762,0.09696,2.34488,2.81572
513,1,0,1e+08,29146795431973,29146795707323,29146795707355,29146795755335,29146795765051,29146796015975,29146796300327,29146796300363,16,8.6839,2.7535,0.00032,0.4798,0.09716,2.50924,2.84352
514,1,0,1e+08,29146797329289,29146799519550,29146799519650,29146799581106,29146799593726,29146799859350,29146800141978,29146800142010,16,28.1272,21.9026,0.001,0.61456,0.1262,2.65624,2.82628
515,1,0,1e+08,29146801050103,29146801945209,29146801945441,29146802021852,29146802034548,29146802443440,29146802795728,29146802795764,16,17.4566,8.95106,0.00232,0.76411,0.12696,4.08892,3.52288
516,1,0,1e+08,29146803804704,29146804075088,29146804075132,29146804124684,29146804135616,29146804450749,29146804797057,29146804797089,16,9.92385,2.70384,0.00044,0.49552,0.10932,3.15133,3.46308
517,1,0,1e+08,29146805727083,29146806648833,29146806648925,29146806723422,29146806738782,29146807147998,29146807520470,29146807520506,16,17.9342,9.2175,0.00092,0.74497,0.1536,4.09216,3.72472
518,1,0,1e+08,29146808507118,29146808764579,29146808764619,29146808813655,29146808823531,29146809106723,29146809436919,29146809436951,16,9.29833,2.57461,0.0004,0.49036,0.09876,2.83192,3.30196
519,1,0,1e+08,29146810455341,29146810977502,29146810977702,29146811133036,29146811164026,29146811759202,29146812156691,29146812156735,16,17.0139,5.22161,0.002,1.55334,0.3099,5.95176,3.97489
520,1,0,1e+08,29146813201757,29146813811937,29146813812112,29146813966251,29146813996886,29146814574940,29146814995048,29146814995084,16,17.9333,6.1018,0.00175,1.54139,0.30635,5.78054,4.20108
521,1,0,1e+08,29146816044554,29146816849290,29146816849382,29146816928625,29146816944673,29146817386349,29146817745201,29146817745237,16,17.0068,8.04736,0.00092,0.79243,0.16048,4.41676,3.58852
522,1,0,1e+08,29146818905692,29146819349378,29146819349466,29146819428763,29146819445047,29146820058057,29146821144284,29146821144336,16,22.3864,4.43686,0.00088,0.79297,0.16284,6.1301,10.8623
523,1,0,1e+08,29146822660066,29146823474142,29146823474234,29146823553510,29146823569322,29146823995312,29146824344632,29146824344672,16,16.8461,8.14076,0.00092,0.79276,0.15812,4.2599,3.4932
524,1,0,1e+08,29146825605030,29146826516956,29146826517141,29146826604085,29146826620064,29146827068128,29146827428696,29146827428732,16,18.237,9.11926,0.00185,0.86944,0.15979,4.48064,3.60568
525,1,0,1e+08,29146828567896,29146829463938,29146829464030,29146829544758,29146829561086,29146830041001,29146830412513,29146830412557,16,18.4466,8.96042,0.00092,0.80728,0.16328,4.79915,3.71512
526,1,0,1e+08,29146831591344,29146831948758,29146831948810,29146831995734,29146832005154,29146832318218,29146832650698,29146832650730,16,10.5939,3.57414,0.00052,0.46924,0.0942,3.13064,3.3248
527,1,0,1e+08,29146833630094,29146833912406,29146833912438,29146833960450,29146833970650,29146834227886,29146834550162,29146834550206,16,9.20112,2.82312,0.00032,0.48012,0.102,2.57236,3.22276
528,1,0,1e+08,29146835512943,29146835780363,29146835780407,29146835833831,29146835845015,29146836113755,29146836397335,29146836397367,16,8.84424,2.6742,0.00044,0.53424,0.11184,2.6874,2.8358
529,1,0,1e+08,29146837476619,29146837763904,29146837763940,29146837812532,29146837822292,29146838072844,29146838336844,29146838336880,16,8.60261,2.87285,0.00036,0.48592,0.0976,2.50552,2.64
530,1,0,1e+08,29146839254433,29146841310455,29146841310575,29146841370323,29146841385491,29146841673127,29146841942419,29146841942447,16,26.8801,20.5602,0.0012,0.59748,0.15168,2.87636,2.69292
531,1,0,1e+08,29146842840129,29146843733729,29146843733813,29146843810925,29146843826882,29146844277769,29146844646253,29146844646289,16,18.0616,8.936,0.00084,0.77112,0.15957,4.50887,3.68484
532,1,0,1e+08,29146845653352,29146846024201,29146846024245,29146846083245,29146846094873,29146846429889,29146846775081,29146846775113,16,11.2176,3.70849,0.00044,0.59,0.11628,3.35016,3.45192
533,1,0,1e+08,29146847757113,29146848064303,29146848064339,29146848115071,29146848125383,29146848374471,29146848656967,29146848656999,16,8.99886,3.0719,0.00036,0.50732,0.10312,2.49088,2.82496
534,1,0,1e+08,29146849805440,29146850035080,29146850035112,29146850082544,29146850092212,29146850310240,29146850574680,29146850574708,16,7.69268,2.2964,0.00032,0.47432,0.09668,2.18028,2.6444
535,1,0,1e+08,29146851590549,29146852114875,29146852115075,29146852268887,29146852299807,29146852868554,29146853288322,29146853288366,16,16.9782,5.24326,0.002,1.53812,0.3092,5.68747,4.19768
536,1,0,1e+08,29146854424696,29146854780975,29146854781015,29146854830823,29146854840847,29146855126551,29146855438923,29146855438955,16,10.1426,3.56279,0.0004,0.49808,0.10024,2.85704,3.12372
537,1,0,1e+08,29146856397317,29146856618351,29146856618383,29146856665595,29146856675051,29146856880739,29146857140743,29146857140771,16,7.43454,2.21034,0.00032,0.47212,0.09456,2.05688,2.60004
538,1,0,1e+08,29146858236953,29146858857020,29146858857116,29146858915616,29146858926636,29146859186340,29146859470800,29146859470828,16,12.3388,6.20067,0.00096,0.585,0.1102,2.59704,2.8446
539,1,0,1e+08,29146860411366,29146861158121,29146861158213,29146861236720,29146861252296,29146861689825,29146862047277,29146862047317,16,16.3595,7.46755,0.00092,0.78507,0.15576,4.37529,3.57452
540,1,0,1e+08,29146863326611,29146864220069,29146864220161,29146864301137,29146864317154,29146864727971,29146865077331,29146865077363,16,17.5075,8.93458,0.00092,0.80976,0.16017,4.10817,3.4936
541,1,0,1e+08,29146866324783,29146866589767,29146866589811,29146866641107,29146866651675,29146867017595,29146867416155,29146867416211,16,10.9143,2.64984,0.00044,0.51296,0.10568,3.6592,3.9856
542,1,0,1e+08,29146868584406,29146869488378,29146869488474,29146869567218,29146869583234,29146870010000,29146870365604,29146870365632,16,17.8123,9.03972,0.00096,0.78744,0.16016,4.26766,3.55604
543,1,0,1e+08,29146871577252,29146871891960,29146871892012,29146871947316,29146871958560,29146872333164,29146872731748,29146872731792,16,11.5454,3.14708,0.00052,0.55304,0.11244,3.74604,3.98584
544,1,0,1e+08,29146873832214,29146874484964,29146874485154,29146874637020,29146874667550,29146875194348,29146875574764,29146875574800,16,17.4259,6.5275,0.0019,1.51866,0.3053,5.26798,3.80416
545,1,0,1e+08,29146876698903,29146877060714,29146877060806,29146877138012,29146877155990,29146878065131,29146878512785,29146878512837,16,18.1393,3.61811,0.00092,0.77206,0.17978,9.09141,4.47654
546,1,0,1e+08,29146879652918,29146880563612,29146880563672,29146880635960,29146880650880,29146881043464,29146881363840,29146881363868,16,17.1095,9.10694,0.0006,0.72288,0.1492,3.92584,3.20376
547,1,0,1e+08,29146882712657,29146883162624,29146883162688,29146883230833,29146883244173,29146883768002,29146884147998,29146884148046,16,14.3539,4.49967,0.00064,0.68145,0.1334,5.23829,3.79996
548,1,0,1e+08,29146885324783,29146886146257,29146886146341,29146886228785,29146886245897,29146886690188,29146887043184,29146887043216,16,17.1843,8.21474,0.00084,0.82444,0.17112,4.44291,3.52996
549,1,0,1e+08,29146888265395,29146888567851,29146888567907,29146888627259,29146888643443,29146889562110,29146890011167,29146890011215,16,17.4582,3.02456,0.00056,0.59352,0.16184,9.18667,4.49057
550,1,0,1e+08,29146891298559,29146891584439,29146891584483,29146891632479,29146891643763,29146891926447,29146892243003,29146892243035,16,9.44476,2.8588,0.00044,0.47996,0.11284,2.82684,3.16556
551,1,0,1e+08,29146893185186,29146893489654,29146893489698,29146893539314,29146893549406,29146893828494,29146894167170,29146894167210,16,9.82024,3.04468,0.00044,0.49616,0.10092,2.79088,3.38676
552,1,0,1e+08,29146895084973,29146895405002,29146895405038,29146895453838,29146895463738,29146895727114,29146896041198,29146896041234,16,9.56261,3.20029,0.00036,0.488,0.099,2.63376,3.14084
553,1,0,1e+08,29146896948659,29146897241909,29146897241949,29146897291201,29146897301157,29146897594773,29146897950185,29146897950221,16,10.0156,2.9325,0.0004,0.49252,0.09956,2.93616,3.55412
554,1,0,1e+08,29146898857204,29146901025589,29146901025709,29146901085909,29146901097717,29146901371721,29146901636917,29146901636945,16,27.7974,21.6838,0.0012,0.602,0.11808,2.74004,2.65196
555,1,0,1e+08,29146902559492,29146902839678,29146902839770,29146902889150,29146902898798,29146903098182,29146903378822,29146903378854,16,8.19362,2.80186,0.00092,0.4938,0.09648,1.99384,2.8064
556,1,0,1e+08,29146904400500,29146904689717,29146904689761,29146904739341,29146904749245,29146905004313,29146905286877,29146905286905,16,8.86405,2.89217,0.00044,0.4958,0.09904,2.55068,2.82564
557,1,0,1e+08,29146906243768,29146906516657,29146906516693,29146906564797,29146906574593,29146906799761,29146907128273,29146907128313,16,8.84545,2.72889,0.00036,0.48104,0.09796,2.25168,3.28512
558,1,0,1e+08,29146908053899,29146910744150,29146910744382,29146910824181,29146910840133,29146911319448,29146911691244,29146911691276,16,36.3738,26.9025,0.00232,0.79799,0.15952,4.79315,3.71796
559,1,0,1e+08,29146912753617,29146913194793,29146913194988,29146913347323,29146913377233,29146914032366,29146914433095,29146914433139,16,16.7952,4.41176,0.00195,1.52335,0.2991,6.55133,4.00729
560,1,0,1e+08,29146915461922,29146916311893,29146916311985,29146916391017,29146916406781,29146916869244,29146917227516,29146917227548,16,17.6563,8.49971,0.00092,0.79032,0.15764,4.62463,3.58272
561,1,0,1e+08,29146918224289,29146918575241,29146918575285,29146918624369,29146918634213,29146918908781,29146919215521,29146919215557,16,9.91268,3.50952,0.00044,0.49084,0.09844,2.74568,3.0674
562,1,0,1e+08,29146920111453,29146920376675,29146920376711,29146920425339,29146920435275,29146920679035,29146920957543,29146920957571,16,8.46118,2.65222,0.00036,0.48628,0.09936,2.4376,2.78508
563,1,0,1e+08,29146922171904,29146923050205,29146923050301,29146923127960,29146923143428,29146923589086,29146923959486,29146923959522,16,17.8762,8.78301,0.00096,0.77659,0.15468,4.45658,3.704
564,1,0,1e+08,29146925028692,29146925921403,29146925921543,29146926001570,29146926016746,29146926476552,29146926848052,29146926848084,16,18.1939,8.92711,0.0014,0.80027,0.15176,4.59806,3.715
565,1,0,1e+08,29146928152260,29146928817472,29146928817536,29146928882581,29146928895469,29146929241709,29146929543197,29146929543233,16,13.9097,6.65212,0.00064,0.65045,0.12888,3.4624,3.01488
566,1,0,1e+08,29146930736252,29146931650303,29146931650399,29146931734116,29146931752008,29146932189704,29146932542768,29146932542800,16,18.0655,9.14051,0.00096,0.83717,0.17892,4.37696,3.53064
567,1,0,1e+08,29146933700178,29146934022144,29146934022188,29146934067416,29146934076696,29146934345980,29146934642064,29146934642100,16,9.41922,3.21966,0.00044,0.45228,0.0928,2.69284,2.96084
568,1,0,1e+08,29146935530554,29146935769538,29146935769582,29146935818678,29146935828718,29146936094642,29146936373802,29146936373830,16,8.43276,2.38984,0.00044,0.49096,0.1004,2.65924,2.7916
569,1,0,1e+08,29146937419048,29146937677057,29146937677097,29146937725917,29146937735737,29146937994945,29146938283557,29146938283593,16,8.64545,2.58009,0.0004,0.4882,0.0982,2.59208,2.88612
570,1,0,1e+08,29146939423850,29146940333568,29146940333816,29146940415274,29146940428930,29146940837862,29146941186294,29146941186322,16,17.6247,9.09718,0.00248,0.81458,0.13656,4.08932,3.48432
571,1,0,1e+08,29146943571888,29146943851492,29146943851524,29146943897440,29146943906464,29146944102548,29146944371488,29146944371532,16,7.99644,2.79604,0.00032,0.45916,0.09024,1.96084,2.6894
572,1,0,1e+08,29146945308477,29146945687382,29146945687582,29146945858706,29146945893031,29146946625044,29146947030668,29146947030700,16,17.2222,3.78905,0.002,1.71124,0.34325,7.32013,4.05624
573,1,0,1e+08,29146948094431,29146948988734,29146948988826,29146949060372,29146949073132,29146949476225,29146949814981,29146949815021,16,17.2059,8.94303,0.00092,0.71546,0.1276,4.03093,3.38756
574,1,0,1e+08,29146950894799,29146951183953,29146951184001,29146951238245,29146951248893,29146951570249,29146951936713,29146951936749,16,10.4195,2.89154,0.00048,0.54244,0.10648,3.21356,3.66464
575,1,0,1e+08,29146952918840,29146953228474,29146953228526,29146953288162,29146953299898,29146953661519,29146953970759,29146953970791,16,10.5195,3.09634,0.00052,0.59636,0.11736,3.61621,3.0924
576,1,0,1e+08,29146955187922,29146956024435,29146956024608,29146956104490,29146956119790,29146956612446,29146957000535,29146957000567,16,18.1264,8.36513,0.00173,0.79882,0.153,4.92656,3.88089
577,1,0,1e+08,29146958095263,29146958564426,29146958564616,29146958717373,29146958747458,29146959355212,29146959750256,29146959750296,16,16.5503,4.69163,0.0019,1.52757,0.30085,6.07754,3.95044
578,1,0,1e+08,29146960982082,29146961840916,29146961841024,29146961926552,29146961942872,29146962421944,29146962793816,29146962793852,16,18.1177,8.58834,0.00108,0.85528,0.1632,4.79072,3.71872
579,1,0,1e+08,29146963940014,29146964332228,29146964332288,29146964388516,29146964401476,29146964831029,29146965407656,29146965407700,16,14.6769,3.92214,0.0006,0.56228,0.1296,4.29553,5.76627
580,1,0,1e+08,29146966455594,29146967064643,29146967064843,29146967215884,29146967245929,29146967788726,29146968175766,29146968175802,16,17.2021,6.09049,0.002,1.51041,0.30045,5.42797,3.8704
581,1,0,1e+08,29146969214220,29146970056917,29146970057013,29146970136673,29146970152813,29146970593720,29146970948968,29146970949008,16,17.3479,8.42697,0.00096,0.7966,0.1614,4.40907,3.55248
582,1,0,1e+08,29146972214411,29146973010629,29146973010725,29146973091109,29146973107189,29146973567988,29146973926720,29146973926752,16,17.1234,7.96218,0.00096,0.80384,0.1608,4.60799,3.58732
583,1,0,1e+08,29146975160319,29146975508419,29146975508475,29146975569155,29146975581543,29146976481726,29146976955526,29146976955578,16,17.9526,3.481,0.00056,0.6068,0.12388,9.00183,4.738
584,1,0,1e+08,29146978293071,29146979066649,29146979066839,29146979220438,29146979243842,29146979723838,29146980108370,29146980108402,16,18.1533,7.73578,0.0019,1.53599,0.23404,4.79996,3.84532
585,1,0,1e+08,29146981218086,29146982206417,29146982206509,29146982272410,29146982285562,29146982687444,29146983083756,29146983083856,16,18.6577,9.88331,0.00092,0.65901,0.13152,4.01882,3.96312
586,1,0,1e+08,29146984156121,29146984462637,29146984462685,29146984513513,29146984523497,29146984793149,29146985131181,29146985131217,16,9.75096,3.06516,0.00048,0.50828,0.09984,2.69652,3.38032
587,1,0,1e+08,29146986118095,29146986433175,29146986433219,29146986486595,29146986497075,29146986804187,29146987102355,29146987102395,16,9.843,3.1508,0.00044,0.53376,0.1048,3.07112,2.98168
588,1,0,1e+08,29146988092191,29146988861575,29146988861683,29146988939627,29146988955051,29146989431180,29146989813304,29146989813340,16,17.2115,7.69384,0.00108,0.77944,0.15424,4.76129,3.82124
589,1,0,1e+08,29146990815137,29146991093181,29146991093225,29146991145169,29146991156341,29146991535967,29146991853623,29146991853659,16,10.3852,2.78044,0.00044,0.51944,0.11172,3.79626,3.17656
590,1,0,1e+08,29146992800208,29146993071930,29146993071970,29146993125442,29146993136538,29146993429710,29146993711198,29146993711226,16,9.11018,2.71722,0.0004,0.53472,0.11096,2.93172,2.81488
591,1,0,1e+08,29146994723826,29146995143007,29146995143099,29146995197283,29146995208707,29146995424083,29146995699767,29146995699799,16,9.75973,4.19181,0.00092,0.54184,0.11424,2.15376,2.75684
592,1,0,1e+08,29146996731051,29146997002517,29146997002553,29146997049277,29146997058801,29146997280093,29146997552873,29146997552897,16,8.21846,2.71466,0.00036,0.46724,0.09524,2.21292,2.7278
593,1,0,1e+08,29146998617290,29146998864750,29146998864786,29146998912206,29146998921890,29146999166140,29147000120716,29147000120780,16,15.0349,2.4746,0.00036,0.4742,0.09684,2.4425,9.54576
594,1,0,1e+08,29147001393471,29147001627757,29147001627789,29147001675041,29147001684681,29147001935405,29147002251933,29147002251965,16,8.58494,2.34286,0.00032,0.47252,0.0964,2.50724,3.16528
595,1,0,1e+08,29147003206010,29147003457832,29147003457868,29147003505544,29147003515260,29147003728384,29147004000448,29147004000484,16,7.94474,2.51822,0.00036,0.47676,0.09716,2.13124,2.72064
596,1,0,1e+08,29147004925760,29147005967614,29147005967854,29147006043368,29147006056784,29147006461629,29147006801885,29147006801917,16,18.7616,10.4185,0.0024,0.75514,0.13416,4.04845,3.40256
597,1,0,1e+08,29147007784329,29147008011109,29147008011149,29147008066749,29147008078313,29147008351493,29147008659645,29147008659681,16,8.75352,2.2678,0.0004,0.556,0.11564,2.7318,3.08152
598,1,0,1e+08,29147009521125,29147009788557,29147009788597,29147009838285,29147009848501,29147010136777,29147010436349,29147010436377,16,9.15252,2.67432,0.0004,0.49688,0.10216,2.88276,2.99572
599,1,0,1e+08,29147011376468,29147011621930,29147011621958,29147011669910,29147011680802,29147011906714,29147012181286,29147012181322,16,8.04854,2.45462,0.00028,0.47952,0.10892,2.25912,2.74572
600,1,0,1e+08,29147013210968,29147015444270,29147015444502,29147015524426,29147015540852,29147015982909,29147016343889,29147016343921,16,31.3295,22.333,0.00232,0.79924,0.16426,4.42057,3.6098
601,1,0,1e+08,29147017403958,29147017644718,29147017644758,29147017692698,29147017702366,29147017948474,29147018271442,29147018271478,16,8.6752,2.4076,0.0004,0.4794,0.09668,2.46108,3.22968
602,1,0,1e+08,29147019257415,29147020444810,29147020444970,29147020512598,29147020523974,29147020886775,29147021202839,29147021202867,16,19.4545,11.8739,0.0016,0.67628,0.11376,3.62801,3.16064
603,1,0,1e+08,29147022270630,29147023064517,29147023064609,29147023143039,29147023158653,29147023595474,29147023952470,29147023952510,16,16.8188,7.93887,0.00092,0.7843,0.15614,4.36821,3.56996
604,1,0,1e+08,29147025214704,29147026261433,29147026261525,29147026339075,29147026352379,29147026807384,29147027269416,29147027269564,16,20.5486,10.4673,0.00092,0.7755,0.13304,4.55005,4.62032
605,1,0,1e+08,29147028232273,29147028552342,29147028552382,29147028608294,29147028619582,29147028894706,29147029186174,29147029186210,16,9.53937,3.20069,0.0004,0.55912,0.11288,2.75124,2.91468
606,1,0,1e+08,29147030063721,29147030347937,29147030347993,29147030406789,29147030419009,29147031342682,29147031800234,29147031800274,16,17.3655,2.84216,0.00056,0.58796,0.1222,9.23673,4.57552
607,1,0,1e+08,29147032876911,29147033605337,29147033605527,29147033705445,29147033721497,29147034178369,29147034540141,29147034540181,16,16.6327,7.28426,0.0019,0.99918,0.16052,4.56872,3.61772
608,1,0,1e+08,29147035634812,29147036335602,29147036335792,29147036467421,29147036483437,29147036949392,29147037317180,29147037317212,16,16.824,7.0079,0.0019,1.31629,0.16016,4.65955,3.67788
609,1,0,1e+08,29147038540155,29147038894568,29147038894632,29147038953868,29147038965868,29147039317552,29147039621232,29147039621268,16,10.8111,3.54413,0.00064,0.59236,0.12,3.51684,3.0368
610,1,0,1e+08,29147040636391,29147040872875,29147040872911,29147040927579,29147040938443,29147041158655,29147041418035,29147041418055,16,7.81664,2.36484,0.00036,0.54668,0.10864,2.20212,2.5938
611,1,0,1e+08,29147042444943,29147042740079,29147042740123,29147042797295,29147042808239,29147043123803,29147043541339,29147043541379,16,10.9644,2.95136,0.00044,0.57172,0.10944,3.15564,4.17536
612,1,0,1e+08,29147044526315,29147045281297,29147045281487,29147045388933,29147045404425,29147045898540,29147046281613,29147046281649,16,17.5533,7.54982,0.0019,1.07446,0.15492,4.94115,3.83073
613,1,0,1e+08,29147047414584,29147048142411,29147048142523,29147048198247,29147048209467,29147048487243,29147048777923,29147048777963,16,13.6338,7.27827,0.00112,0.55724,0.1122,2.77776,2.9068
614,1,0,1e+08,29147049710401,29147049972221,29147049972257,29147050018541,29147050027585,29147050269489,29147050568037,29147050568065,16,8.57664,2.6182,0.00036,0.46284,0.09044,2.41904,2.98548
615,1,0,1e+08,29147051674300,29147051945744,29147051945780,29147051993472,29147052003328,29147052230040,29147052515960,29147052516000,16,8.417,2.71444,0.00036,0.47692,0.09856,2.26712,2.8592
616,1,0,1e+08,29147053665508,29147055606476,29147055606640,29147055676369,29147055690805,29147056064641,29147056389641,29147056389673,16,27.2416,19.4097,0.00164,0.69729,0.14436,3.73836,3.25
617,1,0,1e+08,29147057552571,29147058353953,29147058354049,29147058431517,29147058447230,29147058891089,29147059249693,29147059249729,16,16.9716,8.01382,0.00096,0.77468,0.15713,4.43859,3.58604
618,1,0,1e+08,29147060536717,29147061419378,29147061419466,29147061497466,29147061513186,29147061969798,29147062336098,29147062336130,16,17.9941,8.82661,0.00088,0.78,0.1572,4.56612,3.663
619,1,0,1e+08,29147063412024,29147063702908,29147063702956,29147063755260,29147063765572,29147064075848,29147064376512,29147064376552,16,9.64528,2.90884,0.00048,0.52304,0.10312,3.10276,3.00664
620,1,0,1e+08,29147065315203,29147065584187,29147065584223,29147065632359,29147065642115,29147065900583,29147066182843,29147066182871,16,8.67668,2.68984,0.00036,0.48136,0.09756,2.58468,2.8226
621,1,0,1e+08,29147067220297,29147067976062,29147067976257,29147068088918,29147068104398,29147068600485,29147068982745,29147068982785,16,17.6249,7.55765,0.00195,1.12661,0.1548,4.96087,3.8226
622,1,0,1e+08,29147070098116,29147070760733,29147070760933,29147070873891,29147070889287,29147071354220,29147071723560,29147071723592,16,16.2548,6.62617,0.002,1.12958,0.15396,4.64933,3.6934
623,1,0,1e+08,29147072796601,29147073046289,29147073046329,29147073098801,29147073110717,29147073352105,29147073625853,29147073625885,16,8.29284,2.49688,0.0004,0.52472,0.11916,2.41388,2.73748
624,1,0,1e+08,29147074686574,29147074945615,29147074945647,29147074993063,29147075002927,29147075221515,29147075497387,29147075497415,16,8.10841,2.59041,0.00032,0.47416,0.09864,2.18588,2.75872
625,1,0,1e+08,29147076713371,29147077270835,29147077270927,29147077337207,29147077353563,29147078217306,29147078683640,29147078683688,16,19.7032,5.57464,0.00092,0.6628,0.16356,8.63743,4.66334
626,1,0,1e+08,29147079875656,29147080166172,29147080166216,29147080222076,29147080233660,29147080524636,29147080845048,29147080845076,16,9.6942,2.90516,0.00044,0.5586,0.11584,2.90976,3.20412
627,1,0,1e+08,29147081807901,29147082812308,29147082812376,29147082880756,29147082894208,29147083266309,29147083583501,29147083583537,16,17.7564,10.0441,0.00068,0.6838,0.13452,3.72101,3.17192
628,1,0,1e+08,29147084617856,29147084890757,29147084890801,29147084946801,29147084958353,29147085271861,29147085616901,29147085616933,16,9.99077,2.72901,0.00044,0.56,0.11552,3.13508,3.4504
629,1,0,1e+08,29147086591104,29147086840270,29147086840306,29147086888334,29147086897998,29147087130730,29147087427198,29147087427238,16,8.36134,2.49166,0.00036,0.48028,0.09664,2.32732,2.96468
630,1,0,1e+08,29147088494505,29147089373377,29147089373461,29147089451513,29147089467105,29147089903026,29147090262314,29147090262346,16,17.6784,8.78872,0.00084,0.78052,0.15592,4.35921,3.59288
631,1,0,1e+08,29147091343934,29147091620689,29147091620729,29147091671397,29147091681553,29147091956925,29147092246317,29147092246353,16,9.02419,2.76755,0.0004,0.50668,0.10156,2.75372,2.89392
632,1,0,1e+08,29147093186707,29147094657955,29147094658051,29147094713395,29147094723923,29147094965179,29147095241311,29147095241343,16,20.5464,14.7125,0.00096,0.55344,0.10528,2.41256,2.76132
633,1,0,1e+08,29147096309294,29147096551124,29147096551156,29147096595560,29147096604928,29147096803832,29147097088412,29147097088448,16,7.79154,2.4183,0.00032,0.44404,0.09368,1.98904,2.8458
634,1,0,1e+08,29147098124622,29147098388142,29147098388170,29147098435598,29147098445298,29147098683622,29147098935898,29147098935922,16,8.113,2.6352,0.00028,0.47428,0.097,2.38324,2.52276
635,1,0,1e+08,29147099886534,29147101638667,29147101638783,29147101695615,29147101707327,29147101991007,29147102258407,29147102258443,16,23.7191,17.5213,0.00116,0.56832,0.11712,2.8368,2.674
636,1,0,1e+08,29147103225592,29147103504210,29147103504254,29147103551494,29147103561634,29147103878610,29147104174270,29147104174298,16,9.48706,2.78618,0.00044,0.4724,0.1014,3.16976,2.9566
637,1,0,1e+08,29147105163803,29147105525535,29147105525599,29147105585309,29147105598225,29147105929041,29147106238733,29147106238765,16,10.7496,3.61732,0.00064,0.5971,0.12916,3.30816,3.09692
638,1,0,1e+08,29147107316147,29147107615811,29147107615855,29147107664663,29147107674531,29147107903515,29147108167275,29147108167303,16,8.51156,2.99664,0.00044,0.48808,0.09868,2.28984,2.6376
639,1,0,1e+08,29147109070856,29147110928400,29147110928520,29147110985688,29147110997596,29147111266304,29147111584692,29147111584728,16,25.1387,18.5754,0.0012,0.57168,0.11908,2.68708,3.18388
640,1,0,1e+08,29147112551017,29147112811349,29147112811381,29147112856433,29147112865197,29147113091677,29147113374765,29147113374793,16,8.23776,2.60332,0.00032,0.45052,0.08764,2.2648,2.83088
641,1,0,1e+08,29147114312467,29147115199604,29147115199696,29147115277747,29147115293235,29147115716613,29147116069917,29147116069957,16,17.5749,8.87137,0.00092,0.78051,0.15488,4.23378,3.53304
642,1,0,1e+08,29147117088402,29147118063229,29147118063329,29147118119021,29147118130361,29147118366529,29147118650501,29147118650529,16,15.6213,9.74827,0.001,0.55692,0.1134,2.36168,2.83972
643,1,0,1e+08,29147119715230,29147119985900,29147119985940,29147120036324,29147120046232,29147120341896,29147120707040,29147120707084,16,9.91854,2.7067,0.0004,0.50384,0.09908,2.95664,3.65144
644,1,0,1e+08,29147121696844,29147122065773,29147122065968,29147122219984,29147122250569,29147122930100,29147123339032,29147123339064,16,16.4222,3.68929,0.00195,1.54016,0.30585,6.79531,4.08932
645,1,0,1e+08,29147124762943,29147126003643,29147126003833,29147126102838,29147126119238,29147126572728,29147126941500,29147126941540,16,21.786,12.407,0.0019,0.99005,0.164,4.5349,3.68772
646,1,0,1e+08,29147128108438,29147129152717,29147129152777,29147129211757,29147129223713,29147129615873,29147130041801,29147130041921,16,19.3348,10.4428,0.0006,0.5898,0.11956,3.9216,4.25928
647,1,0,1e+08,29147131045632,29147131604761,29147131604961,29147131760148,29147131791018,29147132383437,29147132774397,29147132774437,16,17.288,5.59129,0.002,1.55187,0.3087,5.92419,3.9096
648,1,0,1e+08,29147133850054,29147134621826,29147134622026,29147134710180,29147134725744,29147135217008,29147135599272,29147135599304,16,17.4925,7.71772,0.002,0.88154,0.15564,4.91264,3.82264
649,1,0,1e+08,29147136642269,29147137483963,29147137484055,29147137562870,29147137578594,29147138009576,29147138363536,29147138363576,16,17.2131,8.41694,0.00092,0.78815,0.15724,4.30982,3.5396
650,1,0,1e+08,29147139478880,29147139989195,29147139989395,29147140141613,29147140171783,29147140771721,29147141164558,29147141164590,16,16.8571,5.10315,0.002,1.52218,0.3017,5.99938,3.92837
651,1,0,1e+08,29147142242526,29147142612676,29147142613171,29147142766768,29147142796928,29147143512905,29147143957349,29147143957393,16,17.1487,3.7015,0.00495,1.53597,0.3016,7.15977,4.44444
652,1,0,1e+08,29147145229886,29147146223502,29147146223570,29147146288363,29147146301407,29147146672135,29147146982439,29147146982471,16,17.5258,9.93616,0.00068,0.64793,0.13044,3.70728,3.10304
653,1,0,1e+08,29147148169172,29147148975905,29147148976001,29147149057725,29147149073985,29147149548887,29147149916923,29147149916963,16,17.4779,8.06733,0.00096,0.81724,0.1626,4.74902,3.68036
654,1,0,1e+08,29147151156854,29147152052997,29147152053093,29147152137637,29147152154957,29147152599616,29147152952448,29147152952480,16,17.9563,8.96143,0.00096,0.84544,0.1732,4.44659,3.52832
655,1,0,1e+08,29147154138649,29147154608525,29147154608585,29147154680755,29147154696755,29147155092281,29147155854430,29147155854522,16,17.1587,4.69876,0.0006,0.7217,0.16,3.95526,7.62149
656,1,0,1e+08,29147157325923,29147157539735,29147157539783,29147157597779,29147157609615,29147157929927,29147158302239,29147158302275,16,9.76352,2.13812,0.00048,0.57996,0.11836,3.20312,3.72312
657,1,0,1e+08,29147159199914,29147159560683,29147159560799,29147159612475,29147159623431,29147160288507,29147160975400,29147160975460,16,17.7555,3.60769,0.00116,0.51676,0.10956,6.65076,6.86893
658,1,0,1e+08,29147162315041,29147163034090,29147163034280,29147163171173,29147163187177,29147163692264,29147164076968,29147164077000,16,17.6196,7.19049,0.0019,1.36893,0.16004,5.05087,3.84704
659,1,0,1e+08,29147165311534,29147165690550,29147165690642,29147165772126,29147165787978,29147166396379,29147167325516,29147167325608,16,20.1407,3.79016,0.00092,0.81484,0.15852,6.08401,9.29137
660,1,0,1e+08,29147169088912,29147169726553,29147169726978,29147169876928,29147169907123,29147170566024,29147170914004,29147170914040,16,18.2513,6.37641,0.00425,1.4995,0.30195,6.58901,3.4798
661,1,0,1e+08,29147171892265,29147172703169,29147172703265,29147172780406,29147172796438,29147173222248,29147173577408,29147173577448,16,16.8518,8.10904,0.00096,0.77141,0.16032,4.2581,3.5516
662,1,0,1e+08,29147174788664,29147175470626,29147175470686,29147175546213,29147175562953,29147175998537,29147176334721,29147176334753,16,15.4609,6.81962,0.0006,0.75527,0.1674,4.35584,3.36184
663,1,0,1e+08,29147177462398,29147177764798,29147177764830,29147177826258,29147177838442,29147178105942,29147178490762,29147178490798,16,10.284,3.024,0.00032,0.61428,0.12184,2.675,3.8482
664,1,0,1e+08,29147179966775,29147180617165,29147180617365,29147180775674,29147180807119,29147181385614,29147181777922,29147181777958,16,18.1118,6.5039,0.002,1.58309,0.31445,5.78495,3.92308
665,1,0,1e+08,29147183395738,29147183816719,29147183816779,29147183899524,29147183916824,29147184304745,29147184743131,29147184743191,16,13.4745,4.20981,0.0006,0.82745,0.173,3.87921,4.38386
666,1,0,1e+08,29147186199704,29147187238868,29147187238928,29147187314913,29147187329425,29147187690861,29147188012461,29147188012489,16,18.1279,10.3916,0.0006,0.75985,0.14512,3.61436,3.216
667,1,0,1e+08,29147189201322,29147189595016,29147189595192,29147189662464,29147189679112,29147190035861,29147190465405,29147190465441,16,12.6412,3.93694,0.00176,0.67272,0.16648,3.56749,4.29544
668,1,0,1e+08,29147191659222,29147191967855,29147191967903,29147192018991,29147192029063,29147192315515,29147192661319,29147192661347,16,10.0213,3.08633,0.00048,0.51088,0.10072,2.86452,3.45804
669,1,0,1e+08,29147193821144,29147194228045,29147194228085,29147194282217,29147194292593,29147194561597,29147194855677,29147194855709,16,10.3456,4.06901,0.0004,0.54132,0.10376,2.69004,2.9408
670,1,0,1e+08,29147196004382,29147196268430,29147196268470,29147196333818,29147196349378,29147196671062,29147197079806,29147197079830,16,10.7545,2.64048,0.0004,0.65348,0.1556,3.21684,4.08744
671,1,0,1e+08,29147198538303,29147199402892,29147199402988,29147199503112,29147199523388,29147199943054,29147200333566,29147200333602,16,17.953,8.64589,0.00096,1.00124,0.20276,4.19666,3.90512
672,1,0,1e+08,29147201803308,29147202674818,29147202674988,29147202783669,29147202801629,29147203132398,29147203452430,29147203452462,16,16.4915,8.7151,0.0017,1.08681,0.1796,3.30769,3.20032
673,1,0,1e+08,29147204899230,29147205754552,29147205754652,29147205835494,29147205852022,29147206291122,29147206645914,29147206645950,16,17.4672,8.55322,0.001,0.80842,0.16528,4.391,3.54792
674,1,0,1e+08,29147207865184,29147208456286,29147208456342,29147208528043,29147208542280,29147208857388,29147209162132,29147209162172,16,12.9699,5.91102,0.00056,0.71701,0.14237,3.15108,3.04744
675,1,0,1e+08,29147210182520,29147210959345,29147210959437,29147211036453,29147211052517,29147211498119,29147211857295,29147211857335,16,16.7481,7.76825,0.00092,0.77016,0.16064,4.45602,3.59176
676,1,0,1e+08,29147212939629,29147213286372,29147213286424,29147213339396,29147213349244,29147213652604,29147213964852,29147213964876,16,10.2525,3.46743,0.00052,0.52972,0.09848,3.0336,3.12248
677,1,0,1e+08,29147216049465,29147216429277,29147216429321,29147216491833,29147216503381,29147216744705,29147217017409,29147217017441,16,9.67976,3.79812,0.00044,0.62512,0.11548,2.41324,2.72704
678,1,0,1e+08,29147218143638,29147218978190,29147218978282,29147219060122,29147219077234,29147219552860,29147219923820,29147219923852,16,17.8021,8.34552,0.00092,0.8184,0.17112,4.75626,3.7096
679,1,0,1e+08,29147221279208,29147221969675,29147221969870,29147222125248,29147222153137,29147222634768,29147223005260,29147223005304,16,17.261,6.90467,0.00195,1.55378,0.27889,4.81631,3.70492
680,1,0,1e+08,29147224363537,29147225645184,29147225645374,29147225797108,29147225827043,29147226320030,29147226740050,29147226740154,16,23.7662,12.8165,0.0019,1.51734,0.29935,4.92987,4.2002
681,1,0,1e+08,29147227893692,29147228328921,29147228328977,29147228401534,29147228416686,29147228753106,29147229075482,29147229075518,16,11.8183,4.35229,0.00056,0.72557,0.15152,3.3642,3.22376
682,1,0,1e+08,29147230161120,29147230785624,29147230785814,29147230940402,29147230971137,29147231540156,29147231946888,29147231946924,16,17.858,6.24504,0.0019,1.54588,0.30735,5.69019,4.06732
683,1,0,1e+08,29147233041441,29147233408803,29147233408867,29147233465012,29147233476112,29147234019147,29147234401075,29147234401119,16,13.5968,3.67362,0.00064,0.56145,0.111,5.43035,3.81928
684,1,0,1e+08,29147235515359,29147235944212,29147235944272,29147236009748,29147236022696,29147236346956,29147236669540,29147236669568,16,11.5421,4.28853,0.0006,0.65476,0.12948,3.2426,3.22584
685,1,0,1e+08,29147237843311,29147238156204,29147238156244,29147238203700,29147238213232,29147238439344,29147238752632,29147238752672,16,9.09361,3.12893,0.0004,0.47456,0.09532,2.26112,3.13288
686,1,0,1e+08,29147239759988,29147240076676,29147240076728,29147240130600,29147240141408,29147240529132,29147240817648,29147240817676,16,10.5769,3.16688,0.00052,0.53872,0.10808,3.87724,2.88516
687,1,0,1e+08,29147241777529,29147244371603,29147244371839,29147244444501,29147244455553,29147244889846,29147245257250,29147245257294,16,34.7976,25.9407,0.00236,0.72662,0.11052,4.34293,3.67404
688,1,0,1e+08,29147246384833,29147246841468,29147246841512,29147246907360,29147246921132,29147247434069,29147247763325,29147247763353,16,13.7852,4.56635,0.00044,0.65848,0.13772,5.12937,3.29256
689,1,0,1e+08,29147248842395,29147249169309,29147249169361,29147249226105,29147249236537,29147249521333,29147249820374,29147249820410,16,9.78015,3.26914,0.00052,0.56744,0.10432,2.84796,2.99041
690,1,0,1e+08,29147250950313,29147251960560,29147251960620,29147252021976,29147252035285,29147252428961,29147252773149,29147252773181,16,18.2287,10.1025,0.0006,0.61356,0.13309,3.93676,3.44188
691,1,0,1e+08,29147253937675,29147254896920,29147254896976,29147254964657,29147254978089,29147255363114,29147255679594,29147255679634,16,17.4196,9.59245,0.00056,0.67681,0.13432,3.85025,3.1648
692,1,0,1e+08,29147256837002,29147257604209,29147257604273,29147257671250,29147257684706,29147258155499,29147258526467,29147258526499,16,16.895,7.67207,0.00064,0.66977,0.13456,4.70793,3.70968
693,1,0,1e+08,29147259690474,29147259949534,29147259949570,29147259999246,29147260008194,29147260330286,29147260774675,29147260774763,16,10.8429,2.5906,0.00036,0.49676,0.08948,3.22092,4.44389
694,1,0,1e+08,29147261844934,29147262445160,29147262445355,29147262597756,29147262628090,29147263228838,29147263638778,29147263638814,16,17.9388,6.00226,0.00195,1.52401,0.30334,6.00748,4.0994
695,1,0,1e+08,29147264770071,29147265135161,29147265135221,29147265190599,29147265201671,29147265584887,29147265949655,29147265949695,16,11.7962,3.6509,0.0006,0.55378,0.11072,3.83216,3.64768
696,1,0,1e+08,29147267110103,29147267363571,29147267363635,29147267421719,29147267432175,29147267730859,29147268048007,29147268048035,16,9.37932,2.53468,0.00064,0.58084,0.10456,2.98684,3.17148
697,1,0,1e+08,29147269285385,29147270064540,29147270064636,29147270141218,29147270156746,29147270600192,29147270959988,29147270960028,16,16.7464,7.79155,0.00096,0.76582,0.15528,4.43446,3.59796
698,1,0,1e+08,29147272225861,29147272696503,29147272696591,29147272813215,29147272838508,29147273277265,29147273754640,29147273754672,16,15.2881,4.70642,0.00088,1.16624,0.25293,4.38757,4.77375
699,1,0,1e+08,29147274743121,29147275559675,29147275559771,29147275638073,29147275654329,29147276099440,29147276461628,29147276461664,16,17.1854,8.16554,0.00096,0.78302,0.16256,4.45111,3.62188
700,1,0,1e+08,29147277519173,29147278306533,29147278306723,29147278407359,29147278423163,29147278880805,29147279243605,29147279243637,16,17.2446,7.8736,0.0019,1.00636,0.15804,4.57642,3.628
701,1,0,1e+08,29147280480097,29147280809495,29147280809547,29147280866575,29147280878603,29147281199887,29147281509267,29147281509307,16,10.2921,3.29398,0.00052,0.57028,0.12028,3.21284,3.0938
702,1,0,1e+08,29147282597687,29147282878359,29147282878407,29147282941083,29147282953151,29147283484222,29147283833958,29147283833994,16,12.3631,2.80672,0.00048,0.62676,0.12068,5.31071,3.49736
703,1,0,1e+08,29147284710748,29147285732056,29147285732120,29147285793996,29147285806916,29147286185680,29147286505944,29147286505980,16,17.9523,10.2131,0.00064,0.61876,0.1292,3.78764,3.20264
704,1,0,1e+08,29147287454624,29147288297763,29147288297953,29147288398493,29147288414497,29147288875288,29147289242724,29147289242756,16,17.8813,8.43139,0.0019,1.0054,0.16004,4.60791,3.67436
705,1,0,1e+08,29147290280504,29147290652630,29147290652690,29147290709910,29147290721098,29147291245523,29147291687743,29147291687783,16,14.0728,3.72126,0.0006,0.5722,0.11188,5.24425,4.4222
706,1,0,1e+08,29147292747356,29147293581340,29147293581432,29147293661752,29147293677904,29147294112609,29147294464993,29147294465025,16,17.1767,8.33984,0.00092,0.8032,0.16152,4.34705,3.52384
707,1,0,1e+08,29147295693961,29147296167296,29147296167384,29147296246062,29147296259418,29147296679312,29147297028464,29147297028508,16,13.3455,4.73335,0.00088,0.78678,0.13356,4.19894,3.49152
708,1,0,1e+08,29147298059223,29147298350484,29147298350524,29147298401060,29147298411260,29147298667676,29147298977312,29147298977344,16,9.18121,2.91261,0.0004,0.50536,0.102,2.56416,3.09636
709,1,0,1e+08,29147300179882,29147300976404,29147300976524,29147301055033,29147301070757,29147301548976,29147301925316,29147301925360,16,17.4548,7.96522,0.0012,0.78509,0.15724,4.78219,3.7634
710,1,0,1e+08,29147303005874,29147303299938,29147303299998,29147303357754,29147303369518,29147303789129,29147304193981,29147304194021,16,11.8815,2.94064,0.0006,0.57756,0.11764,4.19611,4.04852
711,1,0,1e+08,29147305099778,29147305964477,29147305964569,29147306043129,29147306058701,29147306502434,29147306864758,29147306864798,16,17.6502,8.64699,0.00092,0.7856,0.15572,4.43733,3.62324
712,1,0,1e+08,29147307915226,29147308954296,29147308954360,29147309017252,29147309030769,29147309428311,29147309752519,29147309752547,16,18.3732,10.3907,0.00064,0.62892,0.13517,3.97542,3.24208
713,1,0,1e+08,29147310885269,29147311787340,29147311787436,29147311867968,29147311884192,29147312359324,29147312729004,29147312729044,16,18.4377,9.02071,0.00096,0.80532,0.16224,4.75132,3.6968
714,1,0,1e+08,29147313906488,29147314435881,29147314435961,29147314516464,29147314532796,29147314959601,29147315355505,29147315355541,16,14.4905,5.29393,0.0008,0.80503,0.16332,4.26805,3.95904
715,1,0,1e+08,29147316458443,29147317332075,29147317332265,29147317422740,29147317438984,29147317929464,29147318303940,29147318303980,16,18.4554,8.73632,0.0019,0.90475,0.16244,4.9048,3.74476
716,1,0,1e+08,29147319681989,29147320140882,29147320140974,29147320221525,29147320238593,29147320935857,29147321288937,29147321288973,16,16.0698,4.58893,0.00092,0.80551,0.17068,6.97264,3.5308
717,1,0,1e+08,29147322342880,29147323251478,29147323251570,29147323330987,29147323343660,29147323757285,29147324098881,29147324098921,16,17.5604,9.08598,0.00092,0.79417,0.12673,4.13625,3.41596
718,1,0,1e+08,29147325326660,29147326482410,29147326482574,29147326548194,29147326561518,29147326944786,29147327268222,29147327268250,16,19.4159,11.5575,0.00164,0.6562,0.13324,3.83268,3.23436
719,1,0,1e+08,29147328569619,29147329255079,29147329255249,29147329362109,29147329374801,29147329675114,29147329963830,29147329963866,16,13.9425,6.8546,0.0017,1.0686,0.12692,3.00313,2.88716
720,1,0,1e+08,29147332415761,29147333210543,29147333210703,29147333265011,29147333276151,29147333646836,29147333983152,29147333983188,16,15.6743,7.94782,0.0016,0.54308,0.1114,3.70685,3.36316
721,1,0,1e+08,29147335017796,29147335364873,29147335364917,29147335414605,29147335424625,29147335751935,29147336150956,29147336150984,16,11.3319,3.47077,0.00044,0.49688,0.1002,3.2731,3.99021
722,1,0,1e+08,29147337290346,29147337584174,29147337584218,29147337639410,29147337649790,29147338005132,29147338350976,29147338351008,16,10.6066,2.93828,0.00044,0.55192,0.1038,3.55342,3.45844
723,1,0,1e+08,29147339477461,29147340262686,29147340262782,29147340340621,29147340355893,29147340841172,29147341216664,29147341216704,16,17.3924,7.85225,0.00096,0.77839,0.15272,4.85279,3.75492
724,1,0,1e+08,29147342327409,29147342884778,29147342884870,29147342959579,29147342972239,29147343337203,29147343711711,29147343711747,16,13.8434,5.57369,0.00092,0.74709,0.1266,3.64964,3.74508
725,1,0,1e+08,29147344772238,29147345657275,29147345657371,29147345740529,29147345757477,29147346203298,29147346558778,29147346558818,16,17.8658,8.85037,0.00096,0.83158,0.16948,4.45821,3.5548
726,1,0,1e+08,29147347588836,29147348031151,29147348031243,29147348108011,29147348123127,29147348780987,29147349443120,29147349443152,16,18.5432,4.42315,0.00092,0.76768,0.15116,6.5786,6.62133
727,1,0,1e+08,29147351295613,29147351623825,29147351623865,29147351683333,29147351695813,29147351924165,29147352189797,29147352189833,16,8.9422,3.28212,0.0004,0.59468,0.1248,2.28352,2.65632
728,1,0,1e+08,29147353110439,29147353479641,29147353479693,29147353535205,29147353546193,29147353854529,29147354338736,29147354338768,16,12.2833,3.69202,0.00052,0.55512,0.10988,3.08336,4.84207
729,1,0,1e+08,29147355306979,29147356037963,29147356038158,29147356171525,29147356187257,29147356661550,29147357038758,29147357038798,16,17.3182,7.30984,0.00195,1.33367,0.15732,4.74293,3.77208
730,1,0,1e+08,29147358261065,29147358687885,29147358688055,29147358838478,29147358868804,29147359460448,29147359833360,29147359833392,16,15.7233,4.2682,0.0017,1.50423,0.30326,5.91644,3.72912
731,1,0,1e+08,29147360848977,29147361494922,29147361495117,29147361646446,29147361676671,29147362212669,29147362596934,29147362596974,16,17.48,6.45945,0.00195,1.51329,0.30225,5.35998,3.84265
732,1,0,1e+08,29147363827064,29147364688037,29147364688129,29147364767688,29147364783920,29147365219114,29147365568746,29147365568778,16,17.4171,8.60973,0.00092,0.79559,0.16232,4.35194,3.49632
733,1,0,1e+08,29147366808007,29147367651148,29147367651240,29147367731778,29147367747890,29147368191565,29147368550461,29147368550501,16,17.4249,8.43141,0.00092,0.80538,0.16112,4.43675,3.58896
734,1,0,1e+08,29147369573961,29147370525721,29147370525785,29147370591959,29147370605571,29147370925123,29147371223679,29147371223707,16,16.4975,9.5176,0.00064,0.66174,0.13612,3.19552,2.98556
735,1,0,1e+08,29147372319424,29147373110736,29147373110931,29147373218345,29147373236425,29147373731314,29147374106678,29147374106722,16,17.873,7.91312,0.00195,1.07414,0.1808,4.94889,3.75364
736,1,0,1e+08,29147375288115,29147376062141,29147376062205,29147376128905,29147376142301,29147376512313,29147376876217,29147376876249,16,15.8813,7.74026,0.00064,0.667,0.13396,3.70012,3.63904
737,1,0,1e+08,29147378008850,29147378338399,29147378338447,29147378390851,29147378401683,29147378801359,29147379119211,29147379119251,16,11.104,3.29549,0.00048,0.52404,0.10832,3.99676,3.17852
738,1,0,1e+08,29147380094165,29147380390047,29147380390087,29147380441311,29147380451723,29147380778355,29147381188889,29147381188917,16,10.9475,2.95882,0.0004,0.51224,0.10412,3.26632,4.10534
739,1,0,1e+08,29147382236521,29147382526962,29147382526998,29147382583706,29147382593942,29147382824014,29147383083426,29147383083458,16,8.46937,2.90441,0.00036,0.56708,0.10236,2.30072,2.59412
740,1,0,1e+08,29147384220181,29147384516998,29147384517042,29147384570882,29147384581702,29147384907330,29147385261970,29147385262002,16,10.4182,2.96817,0.00044,0.5384,0.1082,3.25628,3.5464
741,1,0,1e+08,29147386378889,29147387177408,29147387177504,29147387256272,29147387272368,29147387707443,29147388073263,29147388073303,16,16.9441,7.98519,0.00096,0.78768,0.16096,4.35075,3.6582
742,1,0,1e+08,29147389426832,29147389827409,29147389827501,29147389888304,29147389899472,29147390175224,29147390468332,29147390468356,16,10.4152,4.00577,0.00092,0.60803,0.11168,2.75752,2.93108
743,1,0,1e+08,29147391613797,29147392375685,29147392375777,29147392453870,29147392469390,29147392909661,29147393268141,29147393268177,16,16.5438,7.61888,0.00092,0.78093,0.1552,4.40271,3.5848
744,1,0,1e+08,29147394364478,29147394740236,29147394740292,29147394815811,29147394831447,29147395292857,29147395688885,29147395688921,16,13.2444,3.75758,0.00056,0.75519,0.15636,4.6141,3.96028
745,1,0,1e+08,29147396781930,29147397560245,29147397560337,29147397637950,29147397654006,29147398146416,29147398520812,29147398520852,16,17.3892,7.78315,0.00092,0.77613,0.16056,4.9241,3.74396
746,1,0,1e+08,29147399766381,29147400096737,29147400096793,29147400159493,29147400172037,29147400521709,29147400846553,29147400846585,16,10.802,3.30356,0.00056,0.627,0.12544,3.49672,3.24844
747,1,0,1e+08,29147401881575,29147402495013,29147402495203,29147402646987,29147402677112,29147403211433,29147403597278,29147403597318,16,17.1574,6.13438,0.0019,1.51784,0.30125,5.34321,3.85845
748,1,0,1e+08,29147404655705,29147405152013,29147405152177,29147405215409,29147405228481,29147405655754,29147406079539,29147406079575,16,14.2387,4.96308,0.00164,0.63232,0.13072,4.27273,4.23785
749,1,0,1e+08,29147407159267,29147407502131,29147407502187,29147407565243,29147407576791,29147408049336,29147408429492,29147408429528,16,12.7026,3.42864,0.00056,0.63056,0.11548,4.72545,3.80156
750,1,0,1e+08,29147409657896,29147410470781,29147410470877,29147410553457,29147410570933,29147411012576,29147411365020,29147411365052,16,17.0716,8.12885,0.00096,0.8258,0.17476,4.41643,3.52444
751,1,0,1e+08,29147412551051,29147412876593,29147412876641,29147412936813,29147412948777,29147413280181,29147413605537,29147413605577,16,10.5453,3.25542,0.00048,0.60172,0.11964,3.31404,3.25356
752,1,0,1e+08,29147414690696,29147414947468,29147414947516,29147415000644,29147415011212,29147415315324,29147415610195,29147415610219,16,9.19523,2.56772,0.00048,0.53128,0.10568,3.04112,2.94871
753,1,0,1e+08,29147416585472,29147417312017,29147417312212,29147417408490,29147417424106,29147417885701,29147418254909,29147418254949,16,16.6948,7.26545,0.00195,0.96278,0.15616,4.61595,3.69208
754,1,0,1e+08,29147419437516,29147419907061,29147419907149,29147420032171,29147420051937,29147420740192,29147421160953,29147421160997,16,17.2348,4.69545,0.00088,1.25022,0.19766,6.88255,4.20761
755,1,0,1e+08,29147422243053,29147422560483,29147422560539,29147422617447,29147422628763,29147423037860,29147423499650,29147423499698,16,12.5664,3.1743,0.00056,0.56908,0.11316,4.09097,4.6179
756,1,0,1e+08,29147424732523,29147425073815,29147425073879,29147425139211,29147425153103,29147425475295,29147425782323,29147425782347,16,10.4982,3.41292,0.00064,0.65332,0.13892,3.22192,3.07028
757,1,0,1e+08,29147426822557,29147427167133,29147427167181,29147427221849,29147427232321,29147427551687,29147427940635,29147427940675,16,11.1812,3.44576,0.00048,0.54668,0.10472,3.19366,3.88948
758,1,0,1e+08,29147429069837,29147429863260,29147429863344,29147429942296,29147429958428,29147430443054,29147430817762,29147430817794,16,17.4796,7.93423,0.00084,0.78952,0.16132,4.84626,3.74708
759,1,0,1e+08,29147431881577,29147432276919,29147432277007,29147432353655,29147432369003,29147433083588,29147433441517,29147433441553,16,15.5998,3.95342,0.00088,0.76648,0.15348,7.14585,3.57929
760,1,0,1e+08,29147434534500,29147434854313,29147434854361,29147434905061,29147434915165,29147435206153,29147435521649,29147435521681,16,9.87181,3.19813,0.00048,0.507,0.10104,2.90988,3.15496
761,1,0,1e+08,29147436588845,29147437350615,29147437350805,29147437480891,29147437496051,29147438002713,29147438392553,29147438392593,16,18.0375,7.6177,0.0019,1.30086,0.1516,5.06662,3.8984
762,1,0,1e+08,29147439670150,29147440105063,29147440105151,29147440188017,29147440202861,29147440608477,29147440986585,29147440986621,16,13.1647,4.34913,0.00088,0.82866,0.14844,4.05616,3.78108
763,1,0,1e+08,29147442222360,29147442645254,29147442645302,29147442708010,29147442723454,29147443098331,29147443486040,29147443486128,16,12.6377,4.22894,0.00048,0.62708,0.15444,3.74877,3.87709
764,1,0,1e+08,29147444592861,29147444836141,29147444836233,29147444913927,29147444929255,29147445186695,29147445463919,29147445463943,16,8.71082,2.4328,0.00092,0.77694,0.15328,2.5744,2.77224
765,1,0,1e+08,29147446502395,29147446823256,29147446823288,29147446874032,29147446884356,29147447146064,29147447445416,29147447445448,16,9.43053,3.20861,0.00032,0.50744,0.10324,2.61708,2.99352
766,1,0,1e+08,29147448573962,29147448873611,29147448873663,29147448929135,29147448939995,29147449246343,29147449688254,29147449688302,16,11.1434,2.99649,0.00052,0.55472,0.1086,3.06348,4.41911
767,1,0,1e+08,29147450807259,29147451558549,29147451558609,29147451620499,29147451633059,29147451926571,29147452247471,29147452247503,16,14.4024,7.5129,0.0006,0.6189,0.1256,2.93512,3.209
768,1,0,1e+08,29147453512324,29147454269860,29147454269952,29147454350280,29147454366380,29147454824278,29147455339910,29147455339938,16,18.2761,7.57536,0.00092,0.80328,0.161,4.57898,5.15632
769,1,0,1e+08,29147457976253,29147458700165,29147458700360,29147458855889,29147458886469,29147459482522,29147459898270,29147459898314,16,19.2206,7.23912,0.00195,1.55529,0.3058,5.96053,4.15748
770,1,0,1e+08,29147462270706,29147462645862,29147462645894,29147462709634,29147462722286,29147463046844,29147464253140,29147464253192,16,19.8249,3.75156,0.00032,0.6374,0.12652,3.24558,12.063
771,1,0,1e+08,29147466467625,29147466967895,29147466967951,29147467030987,29147467043815,29147467354367,29147467662655,29147467662687,16,11.9506,5.0027,0.00056,0.63036,0.12828,3.10552,3.08288
772,1,0,1e+08,29147469734850,29147470070520,29147470070552,29147470149668,29147470165404,29147470684140,29147471799808,29147471799860,16,20.6501,3.3567,0.00032,0.79116,0.15736,5.18736,11.1567
773,1,0,1e+08,29147473340361,29147473744242,29147473744310,29147473808055,29147473821535,29147474186641,29147474497985,29147474498021,16,11.5766,4.03881,0.00068,0.63745,0.1348,3.65106,3.11344
774,1,0,1e+08,29147475454512,29147476248487,29147476248687,29147476330410,29147476345434,29147476835540,29147477216612,29147477216648,16,17.6214,7.93975,0.002,0.81723,0.15024,4.90106,3.81072
775,1,0,1e+08,29147478513530,29147479377489,29147479377573,29147479459761,29147479476489,29147479954960,29147480326088,29147480326132,16,18.126,8.63959,0.00084,0.82188,0.16728,4.78471,3.71128
776,1,0,1e+08,29147481577904,29147482432500,29147482432690,29147482526491,29147482543613,29147482995018,29147483349602,29147483349634,16,17.7173,8.54596,0.0019,0.93801,0.17122,4.51405,3.54584
777,1,0,1e+08,29147484554797,29147485206771,29147485206971,29147485360139,29147485390309,29147485918550,29147486303675,29147486303715,16,17.4892,6.51974,0.002,1.53168,0.3017,5.28241,3.85125
778,1,0,1e+08,29147487327048,29147487769001,29147487769061,29147487825629,29147487836777,29147488203641,29147488526693,29147488526725,16,11.9968,4.41953,0.0006,0.56568,0.11148,3.66864,3.23052
779,1,0,1e+08,29147489730855,29147490012495,29147490012531,29147490057831,29147490067903,29147490341511,29147490642455,29147490642495,16,9.1164,2.8164,0.00036,0.453,0.10072,2.73608,3.00944
780,1,0,1e+08,29147492755780,29147493028124,29147493028168,29147493104736,29147493122508,29147493809570,29147494578686,29147494578734,16,18.2295,2.72344,0.00044,0.76568,0.17772,6.87062,7.69116
781,1,0,1e+08,29147495960736,29147496787453,29147496787553,29147496867873,29147496883897,29147497356761,29147497724621,29147497724661,16,17.6392,8.26717,0.001,0.8032,0.16024,4.72864,3.6786
782,1,0,1e+08,29147498799388,29147499666548,29147499666644,29147499745924,29147499761524,29147500205757,29147500565825,29147500565861,16,17.6647,8.6716,0.00096,0.7928,0.156,4.44233,3.60068
783,1,0,1e+08,29147501690816,29147502298321,29147502298501,29147502451306,29147502481771,29147503015038,29147503400559,29147503400603,16,17.0979,6.07505,0.0018,1.52805,0.30465,5.33267,3.85521
784,1,0,1e+08,29147504693218,29147505549490,29147505549598,29147505639702,29147505657742,29147506139661,29147506509701,29147506509733,16,18.1652,8.56272,0.00108,0.90104,0.1804,4.81919,3.7004
785,1,0,1e+08,29147507667192,29147508257561,29147508257625,29147508335817,29147508351882,29147508746162,29147509684702,29147509684754,16,20.1756,5.90369,0.00064,0.78192,0.16065,3.9428,9.3854
786,1,0,1e+08,29147510907757,29147511204130,29147511204238,29147511252902,29147511263026,29147511533002,29147511858094,29147511858122,16,9.50365,2.96373,0.00108,0.48664,0.10124,2.69976,3.25092
787,1,0,1e+08,29147513038389,29147513370533,29147513370585,29147513425245,29147513436289,29147513748029,29147514074477,29147514074517,16,10.3613,3.32144,0.00052,0.5466,0.11044,3.1174,3.26448
788,1,0,1e+08,29147515181685,29147515957917,29147515958361,29147516036031,29147516051211,29147516539600,29147516940384,29147516940416,16,17.5873,7.76232,0.00444,0.7767,0.1518,4.88389,4.00784
789,1,0,1e+08,29147518406824,29147518784448,29147518784540,29147518876243,29147518893179,29147519865036,29147520770756,29147520770812,16,23.6399,3.77624,0.00092,0.91703,0.16936,9.71857,9.0572
790,1,0,1e+08,29147522355031,29147523283721,29147523283785,29147523356269,29147523368718,29147523753946,29147524080658,29147524080686,16,17.2566,9.2869,0.00064,0.72484,0.12449,3.85228,3.26712
791,1,0,1e+08,29147525669265,29147526877191,29147526877251,29147526932659,29147526943679,29147527215159,29147527548739,29147527548843,16,18.7958,12.0793,0.0006,0.55408,0.1102,2.7148,3.3358
792,1,0,1e+08,29147528726970,29147529061747,29147529061811,29147529122203,29147529133663,29147529469600,29147529781056,29147529781084,16,10.5411,3.34777,0.00064,0.60392,0.1146,3.35937,3.11456
793,1,0,1e+08,29147530868329,29147531148889,29147531148929,29147531199181,29147531209457,29147531435889,29147531711653,29147531711685,16,8.43356,2.8056,0.0004,0.50252,0.10276,2.26432,2.75764
794,1,0,1e+08,29147532939912,29147533221724,29147533221760,29147533271980,29147533282084,29147533495148,29147533763616,29147533763648,16,8.23736,2.81812,0.00036,0.5022,0.10104,2.13064,2.68468
795,1,0,1e+08,29147535030531,29147535358744,29147535358792,29147535432864,29147535445884,29147535994695,29147536382187,29147536382223,16,13.5169,3.28213,0.00048,0.74072,0.1302,5.48811,3.87492
796,1,0,1e+08,29147537683467,29147538164200,29147538164252,29147538233196,29147538246988,29147538623787,29147539056461,29147539056509,16,13.7304,4.80733,0.00052,0.68944,0.13792,3.76799,4.32674
797,1,0,1e+08,29147540437044,29147540887478,29147540887526,29147540944078,29147540955154,29147541252130,29147541763470,29147541763506,16,13.2646,4.50434,0.00048,0.56552,0.11076,2.96976,5.1134
798,1,0,1e+08,29147543032603,29147543922573,29147543922665,29147543995226,29147544009046,29147544404358,29147544733226,29147544733258,16,17.0065,8.8997,0.00092,0.72561,0.1382,3.95312,3.28868
799,1,0,1e+08,29147545855148,29147546204413,29147546204457,29147546256469,29147546266621,29147546547713,29147546869673,29147546869705,16,10.1456,3.49265,0.00044,0.52012,0.10152,2.81092,3.2196
800,1,0,1e+08,29147548079001,29147548423455,29147548423507,29147548476079,29147548486323,29147548771767,29147549143663,29147549143699,16,10.647,3.44454,0.00052,0.52572,0.10244,2.85444,3.71896
801,1,0,1e+08,29147550493233,29147551325648,29147551325740,29147551406036,29147551422328,29147551844231,29147552191227,29147552191263,16,16.9803,8.32415,0.00092,0.80296,0.16292,4.21903,3.46996
802,1,0,1e+08,29147553471485,29147553839961,29147553840013,29147553909834,29147553923590,29147554352989,29147554870687,29147554870735,16,13.9925,3.68476,0.00052,0.69821,0.13756,4.29399,5.17698
803,1,0,1e+08,29147555827314,29147556212836,29147556212892,29147556269956,29147556281344,29147556602708,29147556937908,29147556937948,16,11.1063,3.85522,0.00056,0.57064,0.11388,3.21364,3.352
804,1,0,1e+08,29147558044622,29147558346882,29147558346930,29147558400338,29147558412446,29147558765720,29147559124384,29147559124416,16,10.7979,3.0226,0.00048,0.53408,0.12108,3.53274,3.58664
805,1,0,1e+08,29147560238443,29147561021674,29147561021864,29147561117402,29147561132722,29147561628132,29147562019504,29147562019544,16,17.811,7.83231,0.0019,0.95538,0.1532,4.9541,3.91372
806,1,0,1e+08,29147563337350,29147563713539,29147563713603,29147563786460,29147563799180,29147564065736,29147564353712,29147564353744,16,10.1639,3.76189,0.00064,0.72857,0.1272,2.66556,2.87976
807,1,0,1e+08,29147565474776,29147565798130,29147565798178,29147565850414,29147565860590,29147566187230,29147566525582,29147566525622,16,10.5085,3.23354,0.00048,0.52236,0.10176,3.2664,3.38352
808,1,0,1e+08,29147567669701,29147567987603,29147567987651,29147568042207,29147568053099,29147568355775,29147568799733,29147568799769,16,11.3007,3.17902,0.00048,0.54556,0.10892,3.02676,4.43958
809,1,0,1e+08,29147570028996,29147571052940,29147571053004,29147571112413,29147571124745,29147571499754,29147571810770,29147571810806,16,17.8181,10.2394,0.00064,0.59409,0.12332,3.75009,3.11016
810,1,0,1e+08,29147572892785,29147573798952,29147573799040,29147573876070,29147573890142,29147574297363,29147574635595,29147574635627,16,17.4284,9.06167,0.00088,0.7703,0.14072,4.07221,3.38232
811,1,0,1e+08,29147575853210,29147576678310,29147576678402,29147576759862,29147576775906,29147577212745,29147577565433,29147577565469,16,17.1226,8.251,0.00092,0.8146,0.16044,4.36839,3.52688
812,1,0,1e+08,29147578845732,29147579227394,29147579227458,29147579290518,29147579303046,29147579651602,29147580027086,29147580027118,16,11.8139,3.81662,0.00064,0.6306,0.12528,3.48556,3.75484
813,1,0,1e+08,29147581560199,29147582146094,29147582146154,29147582252226,29147582273882,29147582579398,29147582881366,29147582881398,16,13.212,5.85895,0.0006,1.06072,0.21656,3.05516,3.01968
814,1,0,1e+08,29147585054058,29147585365770,29147585365802,29147585422790,29147585434098,29147585643198,29147585902286,29147585902314,16,8.48256,3.11712,0.00032,0.56988,0.11308,2.091,2.59088
815,1,0,1e+08,29147586830863,29147587664933,29147587665025,29147587741531,29147587756671,29147588244410,29147588627094,29147588627134,16,17.9627,8.3407,0.00092,0.76506,0.1514,4.87739,3.82684
816,1,0,1e+08,29147589620456,29147589954018,29147589954082,29147590017322,29147590032862,29147590452787,29147590788635,29147590788667,16,11.6821,3.33562,0.00064,0.6324,0.1554,4.19925,3.35848
817,1,0,1e+08,29147591674104,29147592011558,29147592011602,29147592062438,29147592072466,29147592345910,29147592644094,29147592644134,16,9.7003,3.37454,0.00044,0.50836,0.10028,2.73444,2.98184
818,1,0,1e+08,29147593626228,29147593925554,29147593925590,29147593973546,29147593983290,29147594223834,29147594506006,29147594506034,16,8.79806,2.99326,0.00036,0.47956,0.09744,2.40544,2.82172
819,1,0,1e+08,29147595522376,29147595849549,29147595849585,29147595907157,29147595919449,29147596165549,29147597100847,29147597100907,16,15.7853,3.27173,0.00036,0.57572,0.12292,2.461,9.35298
820,1,0,1e+08,29147598497409,29147598769501,29147598769565,29147598830217,29147598841245,29147599188361,29147599540305,29147599540345,16,10.4294,2.72092,0.00064,0.60652,0.11028,3.47116,3.51944
821,1,0,1e+08,29147600604602,29147601532495,29147601532587,29147601610805,29147601626561,29147602043778,29147602392242,29147602392282,16,17.8768,9.27893,0.00092,0.78218,0.15756,4.17217,3.48464
822,1,0,1e+08,29147603443834,29147604464499,29147604464567,29147604521051,29147604532623,29147604900736,29147605214756,29147605214784,16,17.7095,10.2066,0.00068,0.56484,0.11572,3.68113,3.1402
823,1,0,1e+08,29147606242771,29147607307756,29147607307920,29147607377132,29147607393488,29147607746140,29147608068456,29147608068492,16,18.2572,10.6499,0.00164,0.69212,0.16356,3.52652,3.22316
824,1,0,1e+08,29147609096919,29147609368729,29147609368773,29147609419465,29147609429577,29147609692301,29147610004145,29147610004177,16,9.07258,2.7181,0.00044,0.50692,0.10112,2.62724,3.11844
825,1,0,1e+08,29147610929265,29147611864950,29147611865014,29147611924546,29147611936546,29147612330442,29147612665662,29147612665698,16,17.3643,9.35685,0.00064,0.59532,0.12,3.93896,3.3522
826,1,0,1e+08,29147613678881,29147613938801,29147613938845,29147613989049,29147613999209,29147614295297,29147614596705,29147614596737,16,9.17856,2.5992,0.00044,0.50204,0.1016,2.96088,3.01408
827,1,0,1e+08,29147615639694,29147615889187,29147615889223,29147615936779,29147615946463,29147616193943,29147616479639,29147616479675,16,8.39981,2.49493,0.00036,0.47556,0.09684,2.4748,2.85696
828,1,0,1e+08,29147617570245,29147617859383,29147617859415,29147617917331,29147617931595,29147618754114,29147619253620,29147619253656,16,16.8341,2.89138,0.00032,0.57916,0.14264,8.22519,4.99506
829,1,0,1e+08,29147620607729,29147621451059,29147621451249,29147621532485,29147621548067,29147621997634,29147622360530,29147622360566,16,17.5284,8.4333,0.0019,0.81236,0.15582,4.49567,3.62896
830,1,0,1e+08,29147624329314,29147624744344,29147624744392,29147624805084,29147624816776,29147625087644,29147625353324,29147625353352,16,10.2404,4.1503,0.00048,0.60692,0.11692,2.70868,2.6568
831,1,0,1e+08,29147626492310,29147627427057,29147627427149,29147627499110,29147627512250,29147627913575,29147628245603,29147628245639,16,17.5333,9.34747,0.00092,0.71961,0.1314,4.01325,3.32028
832,1,0,1e+08,29147629391983,29147630064793,29147630064983,29147630219424,29147630250054,29147630742784,29147631115592,29147631115624,16,17.2364,6.7281,0.0019,1.54441,0.3063,4.9273,3.72808
833,1,0,1e+08,29147632207594,29147632513086,29147632513138,29147632564922,29147632574962,29147632896530,29147633234766,29147633234810,16,10.2722,3.05492,0.00052,0.51784,0.1004,3.21568,3.38236
834,1,0,1e+08,29147634181392,29147634470590,29147634470626,29147634522594,29147634532534,29147634803470,29147635093474,29147635093506,16,9.12114,2.89198,0.00036,0.51968,0.0994,2.70936,2.90004
835,1,0,1e+08,29147636101769,29147636361373,29147636361413,29147636410405,29147636420321,29147636685913,29147636974229,29147636974261,16,8.72492,2.59604,0.0004,0.48992,0.09916,2.65592,2.88316
836,1,0,1e+08,29147638012493,29147638245137,29147638245173,29147638304453,29147638316013,29147638587649,29147638859573,29147638859601,16,8.47108,2.32644,0.00036,0.5928,0.1156,2.71636,2.71924
837,1,0,1e+08,29147639854993,29147640137625,29147640137661,29147640185297,29147640194621,29147640434313,29147640716253,29147640716285,16,8.61292,2.82632,0.00036,0.47636,0.09324,2.39692,2.8194
838,1,0,1e+08,29147641656347,29147641938878,29147641938910,29147641986374,29147641996194,29147642231386,29147642505566,29147642505594,16,8.49247,2.82531,0.00032,0.47464,0.0982,2.35192,2.7418
839,1,0,1e+08,29147643476694,29147645071285,29147645071381,29147645121513,29147645132077,29147645382353,29147645671097,29147645671129,16,21.9444,15.9459,0.00096,0.50132,0.10564,2.50276,2.88744
840,1,0,1e+08,29147646773302,29147647503024,29147647503214,29147647613404,29147647630088,29147648090214,29147648453326,29147648453358,16,16.8006,7.29722,0.0019,1.1019,0.16684,4.60126,3.63112
841,1,0,1e+08,29147649558723,29147650363053,29147650363243,29147650502445,29147650519037,29147651018364,29147651399840,29147651399880,16,18.4116,8.0433,0.0019,1.39202,0.16592,4.99327,3.81476
842,1,0,1e+08,29147652498063,29147652804623,29147652804667,29147652868967,29147652880875,29147653198775,29147653496191,29147653496223,16,9.9816,3.0656,0.00044,0.643,0.11908,3.179,2.97416
843,1,0,1e+08,29147654437861,29147654744638,29147654744670,29147654801150,29147654813310,29147655052718,29147655355642,29147655355682,16,9.17821,3.06777,0.00032,0.5648,0.1216,2.39408,3.02924
844,1,0,1e+08,29147656273818,29147656554880,29147656554920,29147656604740,29147656614696,29147656867912,29147657163932,29147657163960,16,8.90142,2.81062,0.0004,0.4982,0.09956,2.53216,2.9602
845,1,0,1e+08,29147658065108,29147658960478,29147658960586,29147659039326,29147659054962,29147659503249,29147659867509,29147659867549,16,18.0244,8.9537,0.00108,0.7874,0.15636,4.48287,3.6426
846,1,0,1e+08,29147660852860,29147661881440,29147661881540,29147661943940,29147661957096,29147662240840,29147662546572,29147662546600,16,16.9374,10.2858,0.001,0.624,0.13156,2.83744,3.05732
847,1,0,1e+08,29147663530574,29147663852379,29147663852419,29147663908451,29147663919995,29147664172519,29147664504699,29147664504731,16,9.74157,3.21805,0.0004,0.56032,0.11544,2.52524,3.3218
848,1,0,1e+08,29147665431605,29147665716514,29147665716558,29147665766398,29147665776510,29147666044058,29147666995208,29147666995260,16,15.6365,2.84909,0.00044,0.4984,0.10112,2.67548,9.5115
849,1,0,1e+08,29147668247043,29147668480083,29147668480127,29147668532679,29147668542979,29147668873015,29147669234735,29147669234783,16,9.8774,2.3304,0.00044,0.52552,0.103,3.30036,3.6172
850,1,0,1e+08,29147670161588,29147670476000,29147670476048,29147670529764,29147670539772,29147670818180,29147671129360,29147671129388,16,9.678,3.14412,0.00048,0.53716,0.10008,2.78408,3.1118
851,1,0,1e+08,29147672054752,29147672796997,29147672797192,29147672950106,29147672973197,29147673452218,29147673834266,29147673834310,16,17.7956,7.42245,0.00195,1.52914,0.23091,4.79021,3.82048
852,1,0,1e+08,29147675132150,29147675490943,29147675490999,29147675548487,29147675559803,29147675996445,29147676330041,29147676330077,16,11.9793,3.58793,0.00056,0.57488,0.11316,4.36642,3.33596
853,1,0,1e+08,29147677504423,29147677756495,29147677756527,29147677805067,29147677814875,29147678046339,29147678337967,29147678337999,16,8.33576,2.52072,0.00032,0.4854,0.09808,2.31464,2.91628
854,1,0,1e+08,29147679311201,29147679587298,29147679587362,29147679648310,29147679661414,29147679996561,29147680281553,29147680281585,16,9.70384,2.76097,0.00064,0.60948,0.13104,3.35147,2.84992
855,1,0,1e+08,29147681277281,29147681557647,29147681557683,29147681606355,29147681616359,29147681922747,29147682212815,29147682212847,16,9.35566,2.80366,0.00036,0.48672,0.10004,3.06388,2.90068
856,1,0,1e+08,29147683365652,29147683708980,29147683709020,29147683771584,29147683783668,29147684039228,29147684314940,29147684314968,16,9.49316,3.43328,0.0004,0.62564,0.12084,2.5556,2.75712
857,1,0,1e+08,29147685304729,29147686091374,29147686091474,29147686173412,29147686189588,29147686622229,29147686976377,29147686976413,16,16.7168,7.86645,0.001,0.81938,0.16176,4.32641,3.54148
858,1,0,1e+08,29147687998966,29147688265699,29147688265739,29147688325727,29147688337991,29147688622347,29147688944231,29147688944263,16,9.45297,2.66733,0.0004,0.59988,0.12264,2.84356,3.21884
859,1,0,1e+08,29147689888901,29147690152475,29147690152511,29147690201539,29147690211287,29147690445035,29147690741519,29147690741555,16,8.52654,2.63574,0.00036,0.49028,0.09748,2.33748,2.96484
860,1,0,1e+08,29147691719346,29147691944154,29147691944182,29147691992186,29147692001926,29147692226522,29147692509834,29147692509862,16,7.90516,2.24808,0.00028,0.48004,0.0974,2.24596,2.83312
861,1,0,1e+08,29147693457070,29147695199071,29147695199187,29147695260667,29147695273567,29147695564055,29147695904207,29147695904267,16,24.472,17.42,0.00116,0.6148,0.129,2.90488,3.40152
862,1,0,1e+08,29147696888839,29147697178269,29147697178313,29147697234793,29147697246845,29147697475121,29147697783425,29147697783453,16,8.94614,2.8943,0.00044,0.5648,0.12052,2.28276,3.08304
863,1,0,1e+08,29147698693839,29147699121836,29147699122031,29147699275228,29147699305833,29147699958140,29147700364529,29147700364569,16,16.7073,4.27997,0.00195,1.53197,0.30605,6.52307,4.06389
864,1,0,1e+08,29147701536271,29147702277229,29147702277381,29147702339653,29147702352657,29147702635997,29147702925625,29147702925657,16,13.8939,7.40958,0.00152,0.62272,0.13004,2.8334,2.89628
865,1,0,1e+08,29147703929510,29147704672042,29147704672134,29147704752594,29147704768906,29147705216460,29147705574320,29147705574360,16,16.4485,7.42532,0.00092,0.8046,0.16312,4.47554,3.5786
866,1,0,1e+08,29147706685936,29147707060881,29147707060933,29147707123773,29147707136713,29147707431465,29147707733429,29147707733457,16,10.4752,3.74945,0.00052,0.6284,0.1294,2.94752,3.01964
867,1,0,1e+08,29147708599243,29147709393306,29147709393402,29147709474802,29147709491990,29147709928732,29147710285312,29147710285348,16,16.861,7.94063,0.00096,0.814,0.17188,4.36742,3.5658
868,1,0,1e+08,29147711334289,29147711648657,29147711648709,29147711711745,29147711724409,29147712083017,29147712419785,29147712419817,16,10.8553,3.14368,0.00052,0.63036,0.12664,3.58608,3.36768
869,1,0,1e+08,29147713620374,29147713890024,29147713890068,29147713943240,29147713954344,29147714229260,29147714551812,29147714551852,16,9.31478,2.6965,0.00044,0.53172,0.11104,2.74916,3.22552
870,1,0,1e+08,29147715580704,29147716378402,29147716378494,29147716455378,29147716470786,29147716917712,29147717286200,29147717286232,16,17.0553,7.97698,0.00092,0.76884,0.15408,4.46926,3.68488
871,1,0,1e+08,29147718480548,29147718765608,29147718765648,29147718822160,29147718833288,29147719112512,29147719489304,29147719489356,16,10.0881,2.8506,0.0004,0.56512,0.11128,2.79224,3.76792
872,1,0,1e+08,29147720553631,29147721590648,29147721590712,29147721658348,29147721671604,29147722059768,29147722376996,29147722377024,16,18.2339,10.3702,0.00064,0.67636,0.13256,3.88164,3.17228
873,1,0,1e+08,29147723478977,29147724534985,29147724535077,29147724596614,29147724608358,29147725007302,29147725345774,29147725345814,16,18.6684,10.5601,0.00092,0.61537,0.11744,3.98944,3.38472
874,1,0,1e+08,29147726561497,29147727430940,29147727431000,29147727487676,29147727498676,29147727798088,29147728082320,29147728082344,16,15.2085,8.69443,0.0006,0.56676,0.11,2.99412,2.84232
875,1,0,1e+08,29147729230805,29147730253936,29147730254000,29147730320712,29147730334364,29147730705012,29147731020540,29147731020576,16,17.8977,10.2313,0.00064,0.66712,0.13652,3.70648,3.15528
876,1,0,1e+08,29147732069623,29147732823509,29147732823709,29147732927259,29147732944599,29147733397305,29147733759213,29147733759245,16,16.8962,7.53886,0.002,1.0355,0.1734,4.52706,3.61908
877,1,0,1e+08,29147734770066,29147735069419,29147735069467,29147735131391,29147735144047,29147735474535,29147735792487,29147735792523,16,10.2246,2.99353,0.00048,0.61924,0.12656,3.30488,3.17952
878,1,0,1e+08,29147736743657,29147737050349,29147737050389,29147737095693,29147737104649,29147737347617,29147737673889,29147737673925,16,9.30268,3.06692,0.0004,0.45304,0.08956,2.42968,3.26272
879,1,0,1e+08,29147738752987,29147739009603,29147739009643,29147739058739,29147739068755,29147739316803,29147739628747,29147739628791,16,8.75804,2.56616,0.0004,0.49096,0.10016,2.48048,3.11944
880,1,0,1e+08,29147740557482,29147741438325,29147741438525,29147741529857,29147741545533,29147742000596,29147742367776,29147742367808,16,18.1033,8.80843,0.002,0.91332,0.15676,4.55063,3.6718
881,1,0,1e+08,29147743467543,29147745825393,29147745825609,29147745882413,29147745891429,29147746093089,29147746559408,29147746559452,16,30.9191,23.5785,0.00216,0.56804,0.09016,2.0166,4.66319
882,1,0,1e+08,29147747506985,29147749160487,29147749160651,29147749221364,29147749232472,29147749603104,29147749919416,29147749919444,16,24.1246,16.535,0.00164,0.60713,0.11108,3.70632,3.16312
883,1,0,1e+08,29147750980648,29147751277552,29147751277596,29147751327592,29147751338184,29147751573636,29147751911273,29147751911309,16,9.30661,2.96904,0.00044,0.49996,0.10592,2.35452,3.37637
884,1,0,1e+08,29147752942834,29147753190574,29147753190610,29147753264038,29147753278850,29147753558450,29147753991207,29147753991247,16,10.4841,2.4774,0.00036,0.73428,0.14812,2.796,4.32757
885,1,0,1e+08,29147754919042,29147755227430,29147755227482,29147755280106,29147755291166,29147755538186,29147755830446,29147755830478,16,9.11436,3.08388,0.00052,0.52624,0.1106,2.4702,2.9226
886,1,0,1e+08,29147756767110,29147757138493,29147757138549,29147757188909,29147757199061,29147757451157,29147757733969,29147757733997,16,9.66887,3.71383,0.00056,0.5036,0.10152,2.52096,2.82812
887,1,0,1e+08,29147759956589,29147760320533,29147760320613,29147760378637,29147760390285,29147760633425,29147760959761,29147760959801,16,10.0321,3.63944,0.0008,0.58024,0.11648,2.4314,3.26336
888,1,0,1e+08,29147761838391,29147762092531,29147762092571,29147762142099,29147762152067,29147762420827,29147762748799,29147762748843,16,9.10452,2.5414,0.0004,0.49528,0.09968,2.6876,3.27972
889,1,0,1e+08,29147763596984,29147764920975,29147764921095,29147764981667,29147764994103,29147765246199,29147765532979,29147765533011,16,19.3603,13.2399,0.0012,0.60572,0.12436,2.52096,2.8678
890,1,0,1e+08,29147766632385,29147767268595,29147767268785,29147767422569,29147767453459,29147767979528,29147768378340,29147768378372,16,17.4599,6.3621,0.0019,1.53784,0.3089,5.26069,3.98812
891,1,0,1e+08,29147769513724,29147769825024,29147769825076,29147769886560,29147769898492,29147770178796,29147770482548,29147770482584,16,9.6886,3.113,0.00052,0.61484,0.11932,2.80304,3.03752
892,1,0,1e+08,29147771366025,29147771640725,29147771640765,29147771686277,29147771696225,29147771938125,29147772249001,29147772249033,16,8.83008,2.747,0.0004,0.45512,0.09948,2.419,3.10876
893,1,0,1e+08,29147773220031,29147773465084,29147773465124,29147773514976,29147773524944,29147773849653,29147774228213,29147774228269,16,10.0824,2.45053,0.0004,0.49852,0.09968,3.24709,3.7856
894,1,0,1e+08,29147775363981,29147776466487,29147776466583,29147776525007,29147776538643,29147776763239,29147777047791,29147777047819,16,16.8384,11.0251,0.00096,0.58424,0.13636,2.24596,2.84552
895,1,0,1e+08,29147778006244,29147778233704,29147778233744,29147778282136,29147778291912,29147778513924,29147778791132,29147778791164,16,7.8492,2.2746,0.0004,0.48392,0.09776,2.22012,2.77208
896,1,0,1e+08,29147779783903,29147780134263,29147780134307,29147780185607,29147780195823,29147780429083,29147780691967,29147780691995,16,9.08092,3.5036,0.00044,0.513,0.10216,2.3326,2.62884
897,1,0,1e+08,29147781620457,29147783253730,29147783253838,29147783309886,29147783321258,29147783550898,29147783840442,29147783840474,16,22.2002,16.3327,0.00108,0.56048,0.11372,2.2964,2.89544
898,1,0,1e+08,29147784807902,29147785650221,29147785650313,29147785732585,29147785748909,29147786165037,29147786510857,29147786510889,16,17.0299,8.42319,0.00092,0.82272,0.16324,4.16128,3.4582
899,1,0,1e+08,29147787718778,29147787944118,29147787944154,29147787997290,29147788007982,29147788260626,29147788550642,29147788550678,16,8.319,2.2534,0.00036,0.53136,0.10692,2.52644,2.90016
900,1,0,1e+08,29147789676605,29147790486450,29147790486546,29147790564442,29147790580062,29147791058885,29147791435285,29147791435317,16,17.5871,8.09845,0.00096,0.77896,0.1562,4.78823,3.764
901,1,0,1e+08,29147792708638,29147793602036,29147793602132,29147793694892,29147793713284,29147794137251,29147794488559,29147794488599,16,17.7996,8.93398,0.00096,0.9276,0.18392,4.23967,3.51308
902,1,0,1e+08,29147795547478,29147795883374,29147795883426,29147795935506,29147795946010,29147796217270,29147796521446,29147796521478,16,9.74,3.35896,0.00052,0.5208,0.10504,2.7126,3.04176
903,1,0,1e+08,29147797528751,29147797757495,29147797757531,29147797815307,29147797826275,29147798055211,29147798343403,29147798343435,16,8.14684,2.28744,0.00036,0.57776,0.10968,2.28936,2.88192
904,1,0,1e+08,29147799325904,29147799602845,29147799602885,29147799651497,29147799661325,29147799923401,29147800227141,29147800227169,16,9.01265,2.76941,0.0004,0.48612,0.09828,2.62076,3.0374
905,1,0,1e+08,29147801201636,29147801727440,29147801727620,29147801880592,29147801911247,29147802494937,29147802891805,29147802891845,16,16.9021,5.25804,0.0018,1.52972,0.30655,5.8369,3.96868
906,1,0,1e+08,29147803939783,29147804964440,29147804964544,29147805022304,29147805034068,29147805303660,29147805597576,29147805597608,16,16.5783,10.2466,0.00104,0.5776,0.11764,2.69592,2.93916
907,1,0,1e+08,29147806467662,29147806745522,29147806745558,29147806793338,29147806803186,29147807043254,29147807373490,29147807373526,16,9.05864,2.7786,0.00036,0.4778,0.09848,2.40068,3.30236
908,1,0,1e+08,29147808355366,29147808585634,29147808585670,29147808638498,29147808649042,29147808910738,29147809175374,29147809175398,16,8.20032,2.30268,0.00036,0.52828,0.10544,2.61696,2.64636
909,1,0,1e+08,29147810148944,29147810477079,29147810477279,29147810630124,29147810660632,29147811447588,29147811886790,29147811886834,16,17.3789,3.28135,0.002,1.52845,0.30508,7.86956,4.39202
910,1,0,1e+08,29147813038527,29147813294131,29147813294175,29147813343915,29147813353839,29147813637527,29147813988639,29147813988671,16,9.50144,2.55604,0.00044,0.4974,0.09924,2.83688,3.51112
911,1,0,1e+08,29147814982106,29147815246120,29147815246152,29147815300016,29147815310900,29147815960559,29147816572609,29147816572669,16,15.9056,2.64014,0.00032,0.53864,0.10884,6.49659,6.1205
912,1,0,1e+08,29147817852573,29147818091481,29147818091525,29147818143085,29147818154101,29147818449801,29147818818957,29147818819005,16,9.66432,2.38908,0.00044,0.5156,0.11016,2.957,3.69156
913,1,0,1e+08,29147819934233,29147820957326,29147820957390,29147821013795,29147821025411,29147821423425,29147821772281,29147821772321,16,18.3809,10.2309,0.00064,0.56405,0.11616,3.98014,3.48856
914,1,0,1e+08,29147822841405,29147823161685,29147823161733,29147823220897,29147823233609,29147823819342,29147824190950,29147824190990,16,13.4959,3.2028,0.00048,0.59164,0.12712,5.85733,3.71608
915,1,0,1e+08,29147825295202,29147826126686,29147826126906,29147826206794,29147826223306,29147826651357,29147827011017,29147827011057,16,17.1586,8.31484,0.0022,0.79888,0.16512,4.28051,3.5966
916,1,0,1e+08,29147828322587,29147829196321,29147829196369,29147829253737,29147829264893,29147829527613,29147829827325,29147829827357,16,15.0477,8.73734,0.00048,0.57368,0.11156,2.6272,2.99712
917,1,0,1e+08,29147830806659,29147831431148,29147831431343,29147831587101,29147831618341,29147832171356,29147832575753,29147832575793,16,17.6913,6.24489,0.00195,1.55758,0.3124,5.53015,4.04397
918,1,0,1e+08,29147833677500,29147834517567,29147834517667,29147834595181,29147834610689,29147835043120,29147835403932,29147835403964,16,17.2646,8.40067,0.001,0.77514,0.15508,4.32431,3.60812
919,1,0,1e+08,29147836486923,29147837226442,29147837226622,29147837373436,29147837388792,29147837905181,29147838301761,29147838301801,16,18.1488,7.39519,0.0018,1.46814,0.15356,5.16389,3.9658
920,1,0,1e+08,29147839493149,29147840300341,29147840300531,29147840421813,29147840438861,29147840931402,29147841307322,29147841307358,16,18.1421,8.07192,0.0019,1.21282,0.17048,4.92541,3.7592
921,1,0,1e+08,29147842422330,29147842994561,29147842994761,29147843148744,29147843179310,29147843725994,29147844110202,29147844110242,16,16.8791,5.72231,0.002,1.53983,0.30566,5.46684,3.84208
922,1,0,1e+08,29147845199349,29147846216002,29147846216066,29147846282538,29147846295994,29147846678946,29147846994594,29147846994622,16,17.9527,10.1665,0.00064,0.66472,0.13456,3.82952,3.15648
923,1,0,1e+08,29147847987318,29147848873871,29147848873975,29147848955906,29147848971962,29147849418744,29147849776280,29147849776320,16,17.89,8.86553,0.00104,0.81931,0.16056,4.46782,3.57536
924,1,0,1e+08,29147851032337,29147851665693,29147851665883,29147851821060,29147851852250,29147852351457,29147852726325,29147852726357,16,16.9402,6.33356,0.0019,1.55177,0.3119,4.99207,3.74868
925,1,0,1e+08,29147853937006,29147854785514,29147854785606,29147854865808,29147854879400,29147855293730,29147855632074,29147855632110,16,16.951,8.48508,0.00092,0.80202,0.13592,4.1433,3.38344
926,1,0,1e+08,29147856767647,29147857535542,29147857535722,29147857634205,29147857650981,29147858106900,29147858470736,29147858470768,16,17.0312,7.67895,0.0018,0.98483,0.16776,4.55919,3.63836
927,1,0,1e+08,29147859638012,29147860465189,29147860465293,29147860548190,29147860565170,29147861053633,29147861428593,29147861428637,16,17.9062,8.27177,0.00104,0.82897,0.1698,4.88463,3.7496
928,1,0,1e+08,29147862521325,29147863070395,29147863070592,29147863222296,29147863252694,29147863819044,29147864204096,29147864204128,16,16.828,5.4907,0.00197,1.51704,0.30398,5.6635,3.85052
929,1,0,1e+08,29147865301612,29147866283144,29147866283208,29147866343248,29147866355260,29147866720688,29147867029956,29147867029988,16,17.2838,9.81532,0.00064,0.6004,0.12012,3.65428,3.09268
930,1,0,1e+08,29147868278884,29147869090505,29147869090601,29147869171409,29147869187573,29147869627044,29147869983036,29147869983068,16,17.0418,8.11621,0.00096,0.80808,0.16164,4.39471,3.55992
931,1,0,1e+08,29147871120082,29147871364816,29147871364856,29147871411584,29147871421564,29147872165417,29147872708340,29147872708396,16,15.8831,2.44734,0.0004,0.46728,0.0998,7.43853,5.42923
932,1,0,1e+08,29147874041441,29147874646233,29147874646423,29147874800752,29147874831277,29147875337268,29147875716025,29147875716057,16,16.7462,6.04792,0.0019,1.54329,0.30525,5.05991,3.78757
933,1,0,1e+08,29147876989535,29147877333840,29147877333896,29147877396125,29147877409001,29147877716381,29147878040669,29147878040705,16,10.5117,3.44305,0.00056,0.62229,0.12876,3.0738,3.24288
934,1,0,1e+08,29147878980406,29147879262206,29147879262238,29147879324118,29147879334026,29147879587970,29147880575852,29147880575900,16,15.9549,2.818,0.00032,0.6188,0.09908,2.53944,9.87882
935,1,0,1e+08,29147881896253,29147882164193,29147882164229,29147882263036,29147882293316,29147883163912,29147883594024,29147883594068,16,16.9781,2.6794,0.00036,0.98807,0.3028,8.70596,4.30112
936,1,0,1e+08,29147884697227,29147885541150,29147885541242,29147885620266,29147885636378,29147886056516,29147886401332,29147886401360,16,17.0413,8.43923,0.00092,0.79024,0.16112,4.20138,3.44816
937,1,0,1e+08,29147887427018,29147888316956,29147888317048,29147888390846,29147888405062,29147888809001,29147889146649,29147889146689,16,17.1967,8.89938,0.00092,0.73798,0.14216,4.03939,3.37648
938,1,0,1e+08,29147890162027,29147891053005,29147891053105,29147891131721,29147891147621,29147891606758,29147891968906,29147891968934,16,18.0691,8.90978,0.001,0.78616,0.159,4.59137,3.62148
939,1,0,1e+08,29147892972592,29147893963714,29147893963774,29147894026774,29147894039746,29147894411474,29147894727974,29147894728010,16,17.5542,9.91122,0.0006,0.63,0.12972,3.71728,3.165
940,1,0,1e+08,29147896589407,29147896976871,29147896976911,29147897037539,29147897049887,29147897301203,29147897552139,29147897552163,16,9.62756,3.87464,0.0004,0.60628,0.12348,2.51316,2.50936
941,1,0,1e+08,29147898588699,29147899309242,29147899309442,29147899421009,29147899437345,29147899901460,29147900267488,29147900267524,16,16.7883,7.20543,0.002,1.11567,0.16336,4.64115,3.66028
942,1,0,1e+08,29147901268628,29147902099092,29147902099196,29147902179168,29147902195204,29147902676229,29147903049521,29147903049557,16,17.8093,8.30464,0.00104,0.79972,0.16036,4.81025,3.73292
943,1,0,1e+08,29147904094055,29147904901152,29147904901248,29147904982792,29147904998920,29147905436202,29147905790774,29147905790814,16,16.9676,8.07097,0.00096,0.81544,0.16128,4.37282,3.54572
944,1,0,1e+08,29147906848394,29147907535227,29147907535427,29147907628447,29147907644563,29147908103333,29147908471797,29147908471829,16,16.2344,6.86833,0.002,0.9302,0.16116,4.5877,3.68464
945,1,0,1e+08,29147909572593,29147909792617,29147909792649,29147909840093,29147909849733,29147910073673,29147910355601,29147910355633,16,7.8304,2.20024,0.00032,0.47444,0.0964,2.2394,2.81928
946,1,0,1e+08,29147911317027,29147911868426,29147911868621,29147912023943,29147912055162,29147912618609,29147913012825,29147913012857,16,16.9583,5.51399,0.00195,1.55322,0.31219,5.63447,3.94216
947,1,0,1e+08,29147914090791,29147914837173,29147914837358,29147914935530,29147914951178,29147915448010,29147915830802,29147915830846,16,17.4005,7.46382,0.00185,0.98172,0.15648,4.96832,3.82792
948,1,0,1e+08,29147916986376,29147917246896,29147917246928,29147917293172,29147917301840,29147917513448,29147918292829,29147918292901,16,13.0653,2.6052,0.00032,0.46244,0.08668,2.11608,7.79381
949,1,0,1e+08,29147919980164,29147920649750,29147920649945,29147920802864,29147920833424,29147921410506,29147921831758,29147921831802,16,18.5164,6.69586,0.00195,1.52919,0.3056,5.77082,4.21252
950,1,0,1e+08,29147922994483,29147923888000,29147923888064,29147923955628,29147923968652,29147924364100,29147924684880,29147924684908,16,16.9042,8.93517,0.00064,0.67564,0.13024,3.95448,3.2078
951,1,0,1e+08,29147925960602,29147926821368,29147926821432,29147926887024,29147926899924,29147927188440,29147927434476,29147927434504,16,14.739,8.60766,0.00064,0.65592,0.129,2.88516,2.46036
952,1,0,1e+08,29147928423151,29147928718571,29147928718683,29147928770655,29147928780719,29147929140030,29147930037957,29147930038005,16,16.1485,2.9542,0.00112,0.51972,0.10064,3.59311,8.97927
953,1,0,1e+08,29147931332404,29147931573521,29147931573573,29147931627393,29147931639613,29147932002329,29147932367105,29147932367149,16,10.3474,2.41117,0.00052,0.5382,0.1222,3.62716,3.64776
954,1,0,1e+08,29147933295418,29147933569392,29147933569420,29147933616456,29147933625952,29147933828564,29147934117520,29147934117552,16,8.22134,2.73974,0.00028,0.47036,0.09496,2.02612,2.88956
955,1,0,1e+08,29147935077709,29147935841054,29147935841254,29147935938340,29147935954192,29147936443640,29147936831144,29147936831184,16,17.5348,7.63345,0.002,0.97086,0.15852,4.89448,3.87504
956,1,0,1e+08,29147938158452,29147938968601,29147938969046,29147939050749,29147939066425,29147939557468,29147939940284,29147939940320,16,17.8187,8.10149,0.00445,0.81703,0.15676,4.91043,3.82816
957,1,0,1e+08,29147941172389,29147942010792,29147942010884,29147942092028,29147942108496,29147942543460,29147942890512,29147942890548,16,17.1816,8.38403,0.00092,0.81144,0.16468,4.34964,3.47052
958,1,0,1e+08,29147943964738,29147944789556,29147944789648,29147944872766,29147944889282,29147945331132,29147945686068,29147945686100,16,17.2136,8.24818,0.00092,0.83118,0.16516,4.4185,3.54936
959,1,0,1e+08,29147946789724,29147947107372,29147947107424,29147947158400,29147947168552,29147947473296,29147947796836,29147947796872,16,10.0715,3.17648,0.00052,0.50976,0.10152,3.04744,3.2354
960,1,0,1e+08,29147948911912,29147949281064,29147949281112,29147949344132,29147949357008,29147949764966,29147950103178,29147950103206,16,11.9129,3.69152,0.00048,0.6302,0.12876,4.07958,3.38212
961,1,0,1e+08,29147951029870,29147952064749,29147952064809,29147952131165,29147952145117,29147952516473,29147952838257,29147952838293,16,18.0842,10.3488,0.0006,0.66356,0.13952,3.71356,3.21784
962,1,0,1e+08,29147953828170,29147954606188,29147954606378,29147954719024,29147954734752,29147955235248,29147955619012,29147955619048,16,17.9088,7.78018,0.0019,1.12646,0.15728,5.00496,3.83764
963,1,0,1e+08,29147956727591,29147957039157,29147957039209,29147957093257,29147957106765,29147957473849,29147957823845,29147957823885,16,10.9629,3.11566,0.00052,0.54048,0.13508,3.67084,3.49996
964,1,0,1e+08,29147958842657,29147959851921,29147959851985,29147959916277,29147959929417,29147960304894,29147960669146,29147960669242,16,18.2659,10.0926,0.00064,0.64292,0.1314,3.75477,3.64252
965,1,0,1e+08,29147961702471,29147962018787,29147962018839,29147962072687,29147962082987,29147962409531,29147962749735,29147962749771,16,10.473,3.16316,0.00052,0.53848,0.103,3.26544,3.40204
966,1,0,1e+08,29147963711114,29147964553453,29147964553549,29147964631554,29147964646910,29147965070066,29147965423590,29147965423622,16,17.1251,8.42339,0.00096,0.78005,0.15356,4.23156,3.53524
967,1,0,1e+08,29147966464605,29147967277825,29147967277937,29147967357869,29147967373781,29147967860683,29147968236131,29147968236171,16,17.7157,8.1322,0.00112,0.79932,0.15912,4.86902,3.75448
968,1,0,1e+08,29147969378873,29147970182807,29147970182895,29147970263278,29147970279442,29147970725464,29147971078528,29147971078560,16,16.9969,8.03934,0.00088,0.80383,0.16164,4.46022,3.53064
969,1,0,1e+08,29147972199440,29147973173653,29147973173717,29147973239713,29147973253645,29147973647857,29147973970633,29147973970669,16,17.7123,9.74213,0.00064,0.65996,0.13932,3.94212,3.22776
970,1,0,1e+08,29147974999936,29147975814260,29147975814476,29147975893984,29147975910764,29147976345858,29147976702814,29147976702846,16,17.0291,8.14324,0.00216,0.79508,0.1678,4.35094,3.56956
971,1,0,1e+08,29147977904506,29147978694529,29147978694621,29147978776097,29147978792765,29147979272513,29147979641789,29147979641829,16,17.3732,7.90023,0.00092,0.81476,0.16668,4.79748,3.69276
972,1,0,1e+08,29147980780973,29147981104045,29147981104089,29147981152261,29147981161413,29147981447021,29147981791529,29147981791565,16,10.1059,3.23072,0.00044,0.48172,0.09152,2.85608,3.44508
973,1,0,1e+08,29147982711625,29147983263498,29147983263688,29147983418582,29147983449780,29147984056344,29147984468856,29147984468896,16,17.5727,5.51873,0.0019,1.54894,0.31198,6.06564,4.12512
974,1,0,1e+08,29147985573573,29147985868182,29147985868230,29147985920050,29147985930994,29147986218390,29147986527706,29147986527738,16,9.54165,2.94609,0.00048,0.5182,0.10944,2.87396,3.09316
975,1,0,1e+08,29147987457738,29147987722204,29147987722240,29147987771048,29147987780912,29147988038200,29147988348096,29147988348136,16,8.90398,2.64466,0.00036,0.48808,0.09864,2.57288,3.09896
976,1,0,1e+08,29147989309119,29147989797685,29147989797885,29147989953432,29147989984877,29147990591341,29147990987325,29147990987361,16,16.7824,4.88566,0.002,1.55547,0.31445,6.06464,3.95984
977,1,0,1e+08,29147992111585,29147992376841,29147992376881,29147992426841,29147992436869,29147992705325,29147993019089,29147993019129,16,9.07544,2.65256,0.0004,0.4996,0.10028,2.68456,3.13764
978,1,0,1e+08,29147994021439,29147994769184,29147994769280,29147994852324,29147994868792,29147995320463,29147995685815,29147995685847,16,16.6441,7.47745,0.00096,0.83044,0.16468,4.51671,3.65352
979,1,0,1e+08,29147997082020,29147998098508,29147998098604,29147998178084,29147998194192,29147998644874,29147999028666,29147999028706,16,19.4669,10.1649,0.00096,0.7948,0.16108,4.50682,3.83792
980,1,0,1e+08,29148001370593,29148001713405,29148001713437,29148001773277,29148001784969,29148002235349,29148003264836,29148003264888,16,18.9429,3.42812,0.00032,0.5984,0.11692,4.5038,10.2949
981,1,0,1e+08,29148004584226,29148005064612,29148005064676,29148005129812,29148005142588,29148005627549,29148005958945,29148005958981,16,13.7476,4.80386,0.00064,0.65136,0.12776,4.84961,3.31396
982,1,0,1e+08,29148006976960,29148007741933,29148007742103,29148007835022,29148007850438,29148008346393,29148008729021,29148008729057,16,17.521,7.64973,0.0017,0.92919,0.15416,4.95955,3.82628
983,1,0,1e+08,29148009793809,29148010084322,29148010084366,29148010135994,29148010146034,29148010438186,29148010757362,29148010757402,16,9.63593,2.90513,0.00044,0.51628,0.1004,2.92152,3.19176
984,1,0,1e+08,29148011806856,29148012096393,29148012096437,29148012145153,29148012154885,29148012388281,29148012645565,29148012645601,16,8.38745,2.89537,0.00044,0.48716,0.09732,2.33396,2.57284
985,1,0,1e+08,29148013651202,29148013941436,29148013941480,29148013991292,29148014001400,29148014255468,29148014543944,29148014543980,16,8.92778,2.90234,0.00044,0.49812,0.10108,2.54068,2.88476
986,1,0,1e+08,29148015564420,29148015974802,29148015974914,29148016034874,29148016047370,29148016315314,29148016615738,29148016615766,16,10.5135,4.10382,0.00112,0.5996,0.12496,2.67944,3.00424
987,1,0,1e+08,29148017609654,29148018386718,29148018386814,29148018469406,29148018486434,29148018930284,29148019289692,29148019289732,16,16.8008,7.77064,0.00096,0.82592,0.17028,4.4385,3.59408
988,1,0,1e+08,29148020440193,29148020740466,29148020740518,29148020801866,29148020814042,29148021277206,29148021636306,29148021636338,16,11.9615,3.00273,0.00052,0.61348,0.12176,4.63164,3.591
989,1,0,1e+08,29148022907812,29148023545411,29148023545495,29148023612566,29148023626222,29148024004664,29148024405977,29148024406021,16,14.9821,6.37599,0.00084,0.67071,0.13656,3.78442,4.01313
990,1,0,1e+08,29148025688393,29148026686485,29148026686549,29148026744381,29148026756157,29148027122585,29148027439189,29148027439221,16,17.5083,9.98092,0.00064,0.57832,0.11776,3.66428,3.16604
991,1,0,1e+08,29148028551670,29148029577831,29148029577895,29148029633015,29148029644207,29148030011731,29148030331627,29148030331663,16,17.7999,10.2616,0.00064,0.5512,0.11192,3.67524,3.19896
992,1,0,1e+08,29148031473394,29148032048327,29148032048517,29148032203747,29148032234747,29148032813762,29148033200570,29148033200602,16,17.2721,5.74933,0.0019,1.5523,0.31,5.79015,3.86808
993,1,0,1e+08,29148034266023,29148034560341,29148034560389,29148034613377,29148034624749,29148034987014,29148035333110,29148035333150,16,10.6713,2.94318,0.00048,0.52988,0.11372,3.62265,3.46096
994,1,0,1e+08,29148036195795,29148037046827,29148037046919,29148037124414,29148037140042,29148037561485,29148037918901,29148037918933,16,17.2314,8.51032,0.00092,0.77495,0.15628,4.21443,3.57416
995,1,0,1e+08,29148038943523,29148039208655,29148039208691,29148039257479,29148039267183,29148039513263,29148039861015,29148039861059,16,9.17536,2.65132,0.00036,0.48788,0.09704,2.4608,3.47752
996,1,0,1e+08,29148040847795,29148041301171,29148041301371,29148041456030,29148041486965,29148042094264,29148042503969,29148042504005,16,16.5621,4.53376,0.002,1.54659,0.30935,6.07299,4.09705
997,1,0,1e+08,29148043539557,29148043774074,29148043774110,29148043822382,29148043831974,29148044067294,29148044941177,29148044941269,16,14.0171,2.34517,0.00036,0.48272,0.09592,2.3532,8.73883
998,1,0,1e+08,29148046500989,29148046756662,29148046756690,29148046805826,29148046815638,29148047098010,29148047503059,29148047503107,16,10.0212,2.55673,0.00028,0.49136,0.09812,2.82372,4.05049
999,1,0,1e+08,29148048614397,29148049663484,29148049663548,29148049727696,29148049740992,29148050112656,29148050480904,29148050481012,16,18.6661,10.4909,0.00064,0.64148,0.13296,3.71664,3.68248
1000,1,0,1e+08,29148051697643,29148052274101,29148052274381,29148052428157,29148052459103,29148053023902,29148053406286,29148053406318,16,17.0868,5.76458,0.0028,1.53776,0.30946,5.64799,3.82384
1001,1,0,1e+08,29148054551969,29148055352327,29148055352517,29148055452394,29148055469958,29148055923631,29148056281951,29148056281991,16,17.3002,8.00358,0.0019,0.99877,0.17564,4.53673,3.5832
1002,1,0,1e+08,29148057381873,29148057694254,29148057694298,29148057743938,29148057753250,29148058028370,29148058347710,29148058347742,16,9.65869,3.12381,0.00044,0.4964,0.09312,2.7512,3.1934
1003,1,0,1e+08,29148059271332,29148059552698,29148059552726,29148059602750,29148059616678,29148059872578,29148060133886,29148060133918,16,8.62586,2.81366,0.00028,0.50024,0.13928,2.559,2.61308
1004,1,0,1e+08,29148061113684,29148061992714,29148061992810,29148062068192,29148062080120,29148062488877,29148062835965,29148062835997,16,17.2231,8.7903,0.00096,0.75382,0.11928,4.08757,3.47088
1005,1,0,1e+08,29148063848706,29148064091114,29148064091154,29148064140234,29148064150138,29148064427746,29148064727394,29148064727434,16,8.78728,2.42408,0.0004,0.4908,0.09904,2.77608,2.99648
1006,1,0,1e+08,29148065740824,29148066256385,29148066256874,29148066409148,29148066439248,29148067012876,29148067405232,29148067405264,16,16.6444,5.15561,0.00489,1.52274,0.301,5.73628,3.92356
1007,1,0,1e+08,29148068525355,29148069276506,29148069276614,29148069356638,29148069372834,29148069818796,29148070180036,29148070180076,16,16.5472,7.51151,0.00108,0.80024,0.16196,4.45962,3.6124
1008,1,0,1e+08,29148071355012,29148071607282,29148071607322,29148071655390,29148071665062,29148071931802,29148072761853,29148072761925,16,14.0691,2.5227,0.0004,0.48068,0.09672,2.6674,8.30051
1009,1,0,1e+08,29148074403664,29148074990769,29148074990959,29148075145134,29148075175501,29148075728645,29148076120502,29148076120546,16,17.1688,5.87105,0.0019,1.54175,0.30367,5.53144,3.91857
1010,1,0,1e+08,29148077347687,29148077659419,29148077659459,29148077719159,29148077731395,29148078008095,29148078302115,29148078302147,16,9.5446,3.11732,0.0004,0.597,0.12236,2.767,2.9402
1011,1,0,1e+08,29148079241550,29148080017470,29148080017562,29148080097102,29148080112758,29148080544496,29148080901912,29148080901952,16,16.604,7.7592,0.00092,0.7954,0.15656,4.31738,3.57416
1012,1,0,1e+08,29148081931194,29148082184434,29148082184478,29148082236162,29148082246326,29148082538170,29148082890098,29148082890138,16,9.58944,2.5324,0.00044,0.51684,0.10164,2.91844,3.51928
1013,1,0,1e+08,29148083814631,29148084070259,29148084070291,29148084118311,29148084128019,29148084349303,29148084645559,29148084645603,16,8.30972,2.55628,0.00032,0.4802,0.09708,2.21284,2.96256
1014,1,0,1e+08,29148085576138,29148085851276,29148085851304,29148085898848,29148085908532,29148086243674,29148087175260,29148087175308,16,15.9917,2.75138,0.00028,0.47544,0.09684,3.35142,9.31586
1015,1,0,1e+08,29148088406479,29148090081587,29148090082062,29148090234574,29148090264920,29148091052601,29148091487190,29148091487234,16,30.8075,16.7511,0.00475,1.52512,0.30346,7.87681,4.34589
1016,1,0,1e+08,29148092650860,29148092937536,29148092937588,29148092987848,29148092997620,29148093323252,29148093725240,29148093725300,16,10.7444,2.86676,0.00052,0.5026,0.09772,3.25632,4.01988
1017,1,0,1e+08,29148094712293,29148094973083,29148094973123,29148095022303,29148095032099,29148095274507,29148095579247,29148095579283,16,8.6699,2.6079,0.0004,0.4918,0.09796,2.42408,3.0474
1018,1,0,1e+08,29148096532459,29148097328333,29148097328425,29148097406337,29148097421669,29148097847429,29148098204469,29148098204501,16,16.7204,7.95874,0.00092,0.77912,0.15332,4.2576,3.5704
1019,1,0,1e+08,29148099312267,29148099534831,29148099534867,29148099582259,29148099591863,29148099825683,29148100103802,29148100103992,16,7.91725,2.22564,0.00036,0.47392,0.09604,2.3382,2.78119
1020,1,0,1e+08,29148102143987,29148102392807,29148102392851,29148102452191,29148102463807,29148103035893,29148104032733,29148104032801,16,18.8881,2.4882,0.00044,0.5934,0.11616,5.72086,9.9684
1021,1,0,1e+08,29148105406347,29148105687529,29148105687577,29148105750757,29148105762037,29148106208738,29148106595498,29148106595538,16,11.8919,2.81182,0.00048,0.6318,0.1128,4.46701,3.8676
1022,1,0,1e+08,29148107560089,29148107834907,29148107835107,29148107988899,29148108019569,29148108809874,29148109237394,29148109237430,16,16.7734,2.74818,0.002,1.53792,0.3067,7.90305,4.2752
1023,1,0,1e+08,29148110313827,29148110574488,29148110574532,29148110623504,29148110633432,29148110909488,29148111235896,29148111235936,16,9.22109,2.60661,0.00044,0.48972,0.09928,2.76056,3.26408
1024,1,0,1e+08,29148112172887,29148112507191,29148112507247,29148112566835,29148112578623,29148112918195,29148113593273,29148113593418,16,14.2053,3.34304,0.00056,0.59588,0.11788,3.39572,6.75078
1025,1,0,1e+08,29148115234703,29148115479613,29148115479645,29148115530381,29148115541273,29148115775593,29148116107785,29148116107829,16,8.73126,2.4491,0.00032,0.50736,0.10892,2.3432,3.32192
1026,1,0,1e+08,29148117079062,29148117356946,29148117356974,29148117404122,29148117413698,29148117624358,29148117870946,29148117870970,16,7.91908,2.77884,0.00028,0.47148,0.09576,2.1066,2.46588
1027,1,0,1e+08,29148118918399,29148119524661,29148119524851,29148119677966,29148119708711,29148120271933,29148120679646,29148120679690,16,17.6129,6.06262,0.0019,1.53115,0.30745,5.63222,4.07713
1028,1,0,1e+08,29148121784649,29148122085953,29148122086009,29148122145045,29148122157181,29148123176273,29148124051017,29148124051069,16,22.6642,3.01304,0.00056,0.59036,0.12136,10.1909,8.74744
1029,1,0,1e+08,29148125482838,29148126406294,29148126406386,29148126491272,29148126508088,29148126909148,29148127242288,29148127242324,16,17.5949,9.23456,0.00092,0.84886,0.16816,4.0106,3.3314
1030,1,0,1e+08,29148128461833,29148128759517,29148128759557,29148128822321,29148128837069,29148129142681,29148129454985,29148129455013,16,9.9318,2.97684,0.0004,0.62764,0.14748,3.05612,3.12304
1031,1,0,1e+08,29148130400972,29148130665108,29148130665136,29148130713708,29148130723548,29148130968052,29148131305692,29148131305728,16,9.04756,2.64136,0.00028,0.48572,0.0984,2.44504,3.3764
1032,1,0,1e+08,29148132237651,29148132447835,29148132447879,29148132497035,29148132506943,29148133179555,29148133783458,29148133783502,16,15.4585,2.10184,0.00044,0.49156,0.09908,6.72612,6.03903
1033,1,0,1e+08,29148134976523,29148135263613,29148135263653,29148135321373,29148135332717,29148135670105,29148135999933,29148135999969,16,10.2345,2.8709,0.0004,0.5772,0.11344,3.37388,3.29828
1034,1,0,1e+08,29148136930267,29148137182807,29148137182847,29148137231055,29148137240815,29148137486351,29148137767555,29148137767579,16,8.37312,2.5254,0.0004,0.48208,0.0976,2.45536,2.81204
1035,1,0,1e+08,29148138775582,29148139677764,29148139678028,29148139760796,29148139777124,29148140223478,29148140585098,29148140585138,16,18.0956,9.02182,0.00264,0.82768,0.16328,4.46354,3.6162
1036,1,0,1e+08,29148141623323,29148141891965,29148141892017,29148141955153,29148141966861,29148142354606,29148142694378,29148142694410,16,10.7109,2.68642,0.00052,0.63136,0.11708,3.87745,3.39772
1037,1,0,1e+08,29148143628560,29148144018560,29148144018652,29148144072300,29148144083364,29148144333756,29148144624144,29148144624180,16,9.9562,3.9,0.00092,0.53648,0.11064,2.50392,2.90388
1038,1,0,1e+08,29148145576857,29148145855451,29148145855483,29148145903583,29148145913187,29148146132539,29148146419539,29148146419571,16,8.42714,2.78594,0.00032,0.481,0.09604,2.19352,2.87
1039,1,0,1e+08,29148147372663,29148147653349,29148147653385,29148147701469,29148147712013,29148147935525,29148148206025,29148148206061,16,8.33398,2.80686,0.00036,0.48084,0.10544,2.23512,2.705
1040,1,0,1e+08,29148149184067,29148149462264,29148149462304,29148149517480,29148149527476,29148149845625,29148150162285,29148150162313,16,9.78246,2.78197,0.0004,0.55176,0.09996,3.18149,3.1666
1041,1,0,1e+08,29148151068234,29148151775040,29148151775136,29148151834428,29148151846284,29148152116744,29148152394608,29148152394644,16,13.2641,7.06806,0.00096,0.59292,0.11856,2.7046,2.77864
1042,1,0,1e+08,29148153351764,29148153646080,29148153646124,29148153695336,29148153705260,29148153994420,29148154262760,29148154262788,16,9.11024,2.94316,0.00044,0.49212,0.09924,2.8916,2.6834
1043,1,0,1e+08,29148155238061,29148155488005,29148155488037,29148155535213,29148155544797,29148155749485,29148156002093,29148156002125,16,7.64064,2.49944,0.00032,0.47176,0.09584,2.04688,2.52608
1044,1,0,1e+08,29148156953472,29148157222689,29148157222729,29148157271177,29148157281029,29148157576726,29148158519669,29148158519717,16,15.6625,2.69217,0.0004,0.48448,0.09852,2.95697,9.42943
1045,1,0,1e+08,29148159784303,29148161085600,29148161085704,29148161141648,29148161152724,29148161377192,29148161643292,29148161643320,16,18.5902,13.013,0.00104,0.55944,0.11076,2.24468,2.661
1046,1,0,1e+08,29148162807895,29148163064208,29148163064248,29148163119648,29148163130800,29148163351624,29148163621204,29148163621228,16,8.13333,2.56313,0.0004,0.554,0.11152,2.20824,2.6958
1047,1,0,1e+08,29148164724197,29148165508053,29148165508149,29148165585621,29148165601561,29148166039330,29148166396294,29148166396334,16,16.7214,7.83856,0.00096,0.77472,0.1594,4.37769,3.56964
1048,1,0,1e+08,29148168216647,29148168645580,29148168645640,29148168703008,29148168714812,29148169009692,29148169298964,29148169298988,16,10.8234,4.28933,0.0006,0.57368,0.11804,2.9488,2.89272
1049,1,0,1e+08,29148170320556,29148170931555,29148170931715,29148170994075,29148171006007,29148171314811,29148171578399,29148171578431,16,12.5787,6.10999,0.0016,0.6236,0.11932,3.08804,2.63588
1050,1,0,1e+08,29148172772798,29148173026018,29148173026054,29148173084378,29148173095982,29148173365562,29148173713386,29148173713426,16,9.40628,2.5322,0.00036,0.58324,0.11604,2.6958,3.47824
1051,1,0,1e+08,29148174844544,29148175317153,29148175317245,29148175427029,29148175456724,29148175983985,29148176257157,29148176257189,16,14.1265,4.72609,0.00092,1.09784,0.29695,5.27261,2.73172
1052,1,0,1e+08,29148177112040,29148177887725,29148177887813,29148177966421,29148177982126,29148178430973,29148178787665,29148178787697,16,16.7566,7.75685,0.00088,0.78608,0.15705,4.48847,3.56692
1053,1,0,1e+08,29148179870732,29148180562581,29148180562781,29148180702216,29148180718036,29148181190438,29148181561178,29148181561222,16,16.9049,6.91849,0.002,1.39435,0.1582,4.72402,3.7074
1054,1,0,1e+08,29148182693870,29148182987502,29148182987554,29148183040130,29148183050682,29148183341794,29148183650822,29148183650850,16,9.5698,2.93632,0.00052,0.52576,0.10552,2.91112,3.09028
1055,1,0,1e+08,29148184618442,29148185011182,29148185011294,29148185070118,29148185082146,29148185322186,29148185580158,29148185580186,16,9.61744,3.9274,0.00112,0.58824,0.12028,2.4004,2.57972
1056,1,0,1e+08,29148186472920,29148186723834,29148186723870,29148186773354,29148186783086,29148187031794,29148187305922,29148187305954,16,8.33034,2.50914,0.00036,0.49484,0.09732,2.48708,2.74128
1057,1,0,1e+08,29148188185334,29148189590072,29148189590180,29148189646752,29148189657752,29148189909116,29148190201608,29148190201644,16,20.1631,14.0474,0.00108,0.56572,0.11,2.51364,2.92492
1058,1,0,1e+08,29148191097939,29148191362599,29148191362631,29148191410899,29148191420867,29148191646563,29148191936263,29148191936291,16,8.38352,2.6466,0.00032,0.48268,0.09968,2.25696,2.897
1059,1,0,1e+08,29148192875355,29148194198114,29148194198238,29148194254334,29148194265538,29148194541958,29148194840530,29148194840566,16,19.6521,13.2276,0.00124,0.56096,0.11204,2.7642,2.98572
1060,1,0,1e+08,29148195746871,29148195985453,29148195985493,29148196034685,29148196044545,29148196274693,29148196570645,29148196570677,16,8.23806,2.38582,0.0004,0.49192,0.0986,2.30148,2.95952
1061,1,0,1e+08,29148197483707,29148197758263,29148197758299,29148197806599,29148197816403,29148198038391,29148198340959,29148198340999,16,8.57292,2.74556,0.00036,0.483,0.09804,2.21988,3.02568
1062,1,0,1e+08,29148199275575,29148200021159,29148200021359,29148200174594,29148200202369,29148200713248,29148201105060,29148201105092,16,18.2952,7.45584,0.002,1.53235,0.27775,5.10879,3.91812
1063,1,0,1e+08,29148202146943,29148204046970,29148204047450,29148204192089,29148204208357,29148204685122,29148205060998,29148205061042,16,29.141,19.0003,0.0048,1.44639,0.16268,4.76765,3.75876
1064,1,0,1e+08,29148206116267,29148206403883,29148206403939,29148206456891,29148206467523,29148206775871,29148207079827,29148207079855,16,9.63588,2.87616,0.00056,0.52952,0.10632,3.08348,3.03956
1065,1,0,1e+08,29148208177317,29148208492581,29148208492625,29148208550457,29148208562385,29148208871429,29148209208969,29148209209005,16,10.3169,3.15264,0.00044,0.57832,0.11928,3.09044,3.3754
1066,1,0,1e+08,29148210103632,29148210899014,29148210899098,29148210979750,29148210995726,29148211437934,29148211793578,29148211793610,16,16.8998,7.95382,0.00084,0.80652,0.15976,4.42208,3.55644
1067,1,0,1e+08,29148212801275,29148213092919,29148213092963,29148213152859,29148213164659,29148213467203,29148213791955,29148213791991,16,9.90716,2.91644,0.00044,0.59896,0.118,3.02544,3.24752
1068,1,0,1e+08,29148214664554,29148214959186,29148214959298,29148215008686,29148215018638,29148215257878,29148215571710,29148215571738,16,9.07184,2.94632,0.00112,0.49388,0.09952,2.3924,3.13832
1069,1,0,1e+08,29148216532330,29148216806890,29148216806926,29148216859350,29148216871686,29148217139866,29148217439798,29148217439838,16,9.07508,2.7456,0.00036,0.52424,0.12336,2.6818,2.99932
1070,1,0,1e+08,29148218412462,29148220089764,29148220089856,29148220148868,29148220160512,29148220381148,29148220652712,29148220652740,16,22.4028,16.773,0.00092,0.59012,0.11644,2.20636,2.71564
1071,1,0,1e+08,29148221692855,29148222601707,29148222601799,29148222680184,29148222693044,29148223105376,29148223447268,29148223447308,16,17.5445,9.08852,0.00092,0.78385,0.1286,4.12332,3.41892
1072,1,0,1e+08,29148224615805,29148225497993,29148225498163,29148225647545,29148225671955,29148226228715,29148226611212,29148226611244,16,19.9544,8.82188,0.0017,1.49382,0.2441,5.5676,3.82497
1073,1,0,1e+08,29148227691400,29148228595624,29148228595684,29148228653068,29148228664404,29148229059299,29148229400595,29148229400635,16,17.0923,9.04224,0.0006,0.57384,0.11336,3.94895,3.41296
1074,1,0,1e+08,29148230368533,29148230652285,29148230652329,29148230703841,29148230714001,29148231036377,29148231383269,29148231383297,16,10.1476,2.83752,0.00044,0.51512,0.1016,3.22376,3.46892
1075,1,0,1e+08,29148232389547,29148232665888,29148232665920,29148232713584,29148232723160,29148232933648,29148233186880,29148233186912,16,7.97365,2.76341,0.00032,0.47664,0.09576,2.10488,2.53232
1076,1,0,1e+08,29148234196129,29148234475545,29148234475577,29148234523061,29148234532661,29148234754309,29148235021689,29148235021733,16,8.25604,2.79416,0.00032,0.47484,0.096,2.21648,2.6738
1077,1,0,1e+08,29148237024075,29148237302621,29148237302661,29148237359921,29148237371017,29148237641153,29148237970461,29148237970501,16,9.46426,2.78546,0.0004,0.5726,0.11096,2.70136,3.29308
1078,1,0,1e+08,29148239088124,29148239892320,29148239892416,29148239970556,29148239986448,29148240434563,29148240801367,29148240801399,16,17.1327,8.04196,0.00096,0.7814,0.15892,4.48115,3.66804
1079,1,0,1e+08,29148241858283,29148242523358,29148242523558,29148242676051,29148242695148,29148243175030,29148243551454,29148243551494,16,16.9321,6.65075,0.002,1.52493,0.19097,4.79882,3.76424
1080,1,0,1e+08,29148244773488,29148247532388,29148247532560,29148247596436,29148247612200,29148247969939,29148248351099,29148248351131,16,35.7764,27.589,0.00172,0.63876,0.15764,3.57739,3.8116
1081,1,0,1e+08,29148249282288,29148250519732,29148250519892,29148250586733,29148250603193,29148250985129,29148251303873,29148251303913,16,20.2163,12.3744,0.0016,0.66841,0.1646,3.81936,3.18744
1082,1,0,1e+08,29148252229851,29148252718011,29148252718216,29148252873074,29148252904024,29148253608661,29148254040290,29148254040326,16,18.1047,4.8816,0.00205,1.54858,0.3095,7.04637,4.31629
1083,1,0,1e+08,29148255156407,29148255422707,29148255422751,29148255472671,29148255482799,29148255778035,29148256090327,29148256090367,16,9.3396,2.663,0.00044,0.4992,0.10128,2.95236,3.12292
1084,1,0,1e+08,29148257083777,29148257848559,29148257848749,29148257998410,29148258015014,29148258522008,29148258914244,29148258914276,16,18.305,7.64782,0.0019,1.49661,0.16604,5.06994,3.92236
1085,1,0,1e+08,29148260010703,29148260278127,29148260278175,29148260329727,29148260339919,29148260645255,29148261123512,29148261123564,16,11.1286,2.67424,0.00048,0.51552,0.10192,3.05336,4.78257
1086,1,0,1e+08,29148262117069,29148262373269,29148262373305,29148262422689,29148262432365,29148262649221,29148262927181,29148262927209,16,8.1014,2.562,0.00036,0.49384,0.09676,2.16856,2.7796
1087,1,0,1e+08,29148263904957,29148264409151,29148264409247,29148264472331,29148264486123,29148264779363,29148265050455,29148265050487,16,11.4553,5.04194,0.00096,0.63084,0.13792,2.9324,2.71092
1088,1,0,1e+08,29148265981901,29148266262342,29148266262370,29148266310150,29148266319874,29148266528406,29148266812278,29148266812306,16,8.30405,2.80441,0.00028,0.4778,0.09724,2.08532,2.83872
1089,1,0,1e+08,29148267826918,29148268593594,29148268593706,29148268672206,29148268687686,29148269173838,29148269552846,29148269552890,16,17.2597,7.66676,0.00112,0.785,0.1548,4.86152,3.79008
1090,1,0,1e+08,29148270659310,29148271647400,29148271647464,29148271708885,29148271721845,29148272104110,29148272431526,29148272431558,16,17.7225,9.8809,0.00064,0.61421,0.1296,3.82265,3.27416
1091,1,0,1e+08,29148273494415,29148274298512,29148274298604,29148274380512,29148274397364,29148274840670,29148275199366,29148275199406,16,17.0499,8.04097,0.00092,0.81908,0.16852,4.43306,3.58696
1092,1,0,1e+08,29148276270111,29148276576531,29148276576583,29148276646179,29148276660739,29148277079793,29148277435685,29148277435713,16,11.656,3.0642,0.00052,0.69596,0.1456,4.19054,3.55892
1093,1,0,1e+08,29148278380354,29148279072472,29148279072672,29148279225793,29148279256968,29148279760272,29148280140692,29148280140732,16,17.6038,6.92118,0.002,1.53121,0.31175,5.03304,3.8042
1094,1,0,1e+08,29148281159515,29148281437681,29148281437721,29148281495533,29148281506893,29148281800389,29148282125369,29148282125401,16,9.65886,2.78166,0.0004,0.57812,0.1136,2.93496,3.2498
1095,1,0,1e+08,29148283038725,29148283324321,29148283324361,29148283375813,29148283388093,29148283693629,29148284010773,29148284010813,16,9.72088,2.85596,0.0004,0.51452,0.1228,3.05536,3.17144
1096,1,0,1e+08,29148284965772,29148285210136,29148285210172,29148285257732,29148285267316,29148285484408,29148285755604,29148285755632,16,7.8986,2.44364,0.00036,0.4756,0.09584,2.17092,2.71196
1097,1,0,1e+08,29148286690744,29148287661960,29148287662188,29148287742468,29148287758876,29148288214508,29148288581468,29148288581504,16,18.9076,9.71216,0.00228,0.8028,0.16408,4.55632,3.6696
1098,1,0,1e+08,29148289589635,29148290250064,29148290250259,29148290405142,29148290436412,29148290952316,29148291333644,29148291333676,16,17.4404,6.60429,0.00195,1.54883,0.3127,5.15904,3.81328
1099,1,0,1e+08,29148292365720,29148292624904,29148292624944,29148292674576,29148292684672,29148292971544,29148293274672,29148293274712,16,9.08992,2.59184,0.0004,0.49632,0.10096,2.86872,3.03128
1100,1,0,1e+08,29148294369821,29148294634193,29148294634233,29148294683297,29148294693245,29148294956021,29148295236929,29148295236957,16,8.67136,2.64372,0.0004,0.49064,0.09948,2.62776,2.80908
1101,1,0,1e+08,29148296193413,29148298406478,29148298406594,29148298472382,29148298484990,29148298761722,29148299057094,29148299057130,16,28.6372,22.1307,0.00116,0.65788,0.12608,2.76732,2.95372
1102,1,0,1e+08,29148300005971,29148300286816,29148300286856,29148300334424,29148300343684,29148300579552,29148300876532,29148300876560,16,8.70589,2.80845,0.0004,0.47568,0.0926,2.35868,2.9698
1103,1,0,1e+08,29148301810056,29148302083184,29148302083228,29148302133324,29148302143372,29148302397044,29148302679540,29148302679576,16,8.6952,2.73128,0.00044,0.50096,0.10048,2.53672,2.82496
1104,1,0,1e+08,29148304782917,29148305056270,29148305056302,29148305106718,29148305116786,29148305368666,29148305963738,29148305963868,16,11.8095,2.73353,0.00032,0.50416,0.10068,2.5188,5.95072
1105,1,0,1e+08,29148306937379,29148307565820,29148307566010,29148307718342,29148307748802,29148308261976,29148308645916,29148308645956,16,17.0858,6.28441,0.0019,1.52332,0.3046,5.13174,3.8394
1106,1,0,1e+08,29148309644234,29148309934780,29148309934844,29148309997699,29148310013175,29148310464483,29148310792875,29148310792907,16,11.4867,2.90546,0.00064,0.62855,0.15476,4.51308,3.28392
1107,1,0,1e+08,29148311734897,29148311997049,29148311997089,29148312048385,29148312058345,29148312320533,29148312598429,29148312598465,16,8.63568,2.62152,0.0004,0.51296,0.0996,2.62188,2.77896
1108,1,0,1e+08,29148313584094,29148315305280,29148315305765,29148315458265,29148315488730,29148316102554,29148316503787,29148316503823,16,29.1973,17.2119,0.00485,1.525,0.30465,6.13824,4.01233
1109,1,0,1e+08,29148317542471,29148317768744,29148317768768,29148317815896,29148317825528,29148318641461,29148319114340,29148319114388,16,15.7192,2.26273,0.00024,0.47128,0.09632,8.15933,4.72879
1110,1,0,1e+08,29148320450818,29148320879655,29148320879747,29148320963151,29148320978795,29148321741516,29148322362881,29148322363031,16,19.1221,4.28837,0.00092,0.83404,0.15644,7.62721,6.21365
1111,1,0,1e+08,29148324603810,29148325401600,29148325401770,29148325550666,29148325580559,29148326239881,29148326526365,29148326526401,16,19.2259,7.9779,0.0017,1.48896,0.29893,6.59322,2.86484
1112,1,0,1e+08,29148327521202,29148328055704,29148328055904,29148328209634,29148328239639,29148328828666,29148329219586,29148329219618,16,16.9842,5.34502,0.002,1.5373,0.30005,5.89027,3.9092
1113,1,0,1e+08,29148330269025,29148330568683,29148330568735,29148330621851,29148330632435,29148330941339,29148331269975,29148331270015,16,10.0099,2.99658,0.00052,0.53116,0.10584,3.08904,3.28636
1114,1,0,1e+08,29148332170209,29148332438822,29148332438854,29148332486926,29148332496970,29148332758930,29148333033070,29148333033098,16,8.62889,2.68613,0.00032,0.48072,0.10044,2.6196,2.7414
