frame,ready,disjoint,freq,begin_ts,blt_ts,range_ts,charts_ts,gauge_ts,map_ts,hud_ts,end_ts,read_latency,span_ms,vp_ms,range_ms,charts_ms,gauge_ms,map_ms,hud_ms
0,1,0,1e+08,22518404399298,22518406270725,22518407557872,22518407560880,22518407735392,22518409246016,22518409406236,22518409406276,16,50.0698,18.7143,12.8715,0.03008,1.74512,15.1062,1.6022
1,1,0,1e+08,22518409438900,22518409721528,22518411554605,22518412340546,22518412391003,22518413000876,22518413203036,22518413203068,16,37.6417,2.82628,18.3308,7.85941,0.50457,6.09873,2.0216
2,1,0,1e+08,22518413260028,22518413559332,22518414092028,22518415770845,22518415798165,22518416633534,22518416865048,22518416865108,16,36.0508,2.99304,5.32696,16.7882,0.2732,8.35369,2.31514
3,1,0,1e+08,22518416939748,22518417302349,22518417805213,22518417842273,22518417862657,22518418083261,22518418228165,22518418228205,16,12.8846,3.62601,5.02864,0.3706,0.20384,2.20604,1.44904
4,1,0,1e+08,22518418953680,22518420939384,22518421604548,22518421636984,22518421657164,22518423250967,22518423739753,22518423739918,16,47.8624,19.857,6.65164,0.32436,0.2018,15.938,4.88786
5,1,0,1e+08,22518424565873,22518425221233,22518425897254,22518427687492,22518427715484,22518428341276,22518428743901,22518428744169,16,41.783,6.5536,6.76021,17.9024,0.27992,6.25792,4.02625
6,1,0,1e+08,22518428779293,22518429167357,22518429707481,22518429745525,22518429770541,22518430010921,22518430176557,22518430176605,16,13.9731,3.88064,5.40124,0.38044,0.25016,2.4038,1.65636
7,1,0,1e+08,22518430207133,22518430944681,22518432267380,22518432272692,22518432317973,22518432729493,22518432910037,22518432910077,16,27.0294,7.37548,13.227,0.05312,0.45281,4.1152,1.80544
8,1,0,1e+08,22518432984857,22518433251321,22518433874026,22518433977991,22518434032329,22518434797985,22518435010434,22518435010482,16,20.2563,2.66464,6.22705,1.03965,0.54338,7.65656,2.12449
9,1,0,1e+08,22518436469807,22518437179109,22518438900783,22518438910863,22518439010918,22518439613312,22518439834400,22518439834620,16,33.6481,7.09302,17.2167,0.1008,1.00055,6.02394,2.21088
10,1,0,1e+08,22518440047754,22518440352580,22518441328171,22518441337411,22518441431780,22518442187046,22518442410254,22518442410302,16,23.6255,3.04826,9.75591,0.0924,0.94369,7.55266,2.23208
11,1,0,1e+08,22518444314188,22518444766309,22518445353309,22518445359233,22518445429073,22518445680325,22518445907973,22518445908017,16,15.9383,4.52121,5.87,0.05924,0.6984,2.51252,2.27648
12,1,0,1e+08,22518449420225,22518449811313,22518450329165,22518450334077,22518450378605,22518450605957,22518450786501,22518450786533,16,13.6631,3.91088,5.17852,0.04912,0.44528,2.27352,1.80544
13,1,0,1e+08,22518451972414,22518452838136,22518453494442,22518453499994,22518453538482,22518453792558,22518453940130,22518453940162,16,19.6775,8.65722,6.56306,0.05552,0.38488,2.54076,1.47572
14,1,0,1e+08,22518455023092,22518455633018,22518456732791,22518456736731,22518456768087,22518457154628,22518457317728,22518457317768,16,22.9468,6.09926,10.9977,0.0394,0.31356,3.86541,1.631
15,1,0,1e+08,22518457355692,22518457613008,22518458871945,22518458876681,22518458933205,22518459251325,22518459417433,22518459417561,16,20.6187,2.57316,12.5894,0.04736,0.56524,3.1812,1.66108
16,1,0,1e+08,22518460524099,22518461576288,22518462259847,22518462323787,22518462345639,22518462947999,22518463258648,22518463258740,16,27.3464,10.5219,6.83559,0.6394,0.21852,6.0236,3.10649
17,1,0,1e+08,22518463285436,22518463716484,22518464273828,22518464313824,22518464334676,22518464556912,22518464709464,22518464709576,16,14.2414,4.31048,5.57344,0.39996,0.20852,2.22236,1.52552
18,1,0,1e+08,22518465507098,22518465815550,22518466440714,22518466444558,22518466479058,22518466808142,22518466944446,22518466944514,16,14.3742,3.08452,6.25164,0.03844,0.345,3.29084,1.36304
19,1,0,1e+08,22518467554293,22518467864697,22518468333877,22518468337249,22518468364769,22518468617533,22518468778617,22518468778657,16,12.2436,3.10404,4.6918,0.03372,0.2752,2.52764,1.61084
20,1,0,1e+08,22518469674149,22518470286589,22518471288722,22518471331246,22518471355006,22518471635514,22518471802038,22518471802230,16,21.2808,6.1244,10.0213,0.42524,0.2376,2.80508,1.66524
21,1,0,1e+08,22518472682398,22518473658820,22518474303981,22518474337653,22518474358269,22518474604877,22518474763905,22518474764061,16,20.8166,9.76422,6.45161,0.33672,0.20616,2.46608,1.59028
22,1,0,1e+08,22518475619115,22518476180969,22518477184093,22518477230841,22518477251613,22518477540973,22518477676913,22518477676949,16,20.5783,5.61854,10.0312,0.46748,0.20772,2.8936,1.3594
23,1,0,1e+08,22518479036518,22518479316890,22518480564450,22518480599958,22518480626458,22518480939730,22518481125130,22518481125262,16,20.8874,2.80372,12.4756,0.35508,0.265,3.13272,1.854
24,1,0,1e+08,22518483419738,22518483696472,22518484121604,22518484126140,22518484153300,22518484357544,22518484531856,22518484531888,16,11.1215,2.76734,4.25132,0.04536,0.2716,2.04244,1.74312
25,1,0,1e+08,22518487136825,22518487947730,22518488834765,22518488838053,22518489069673,22518489323749,22518489459585,22518489459621,16,23.228,8.10905,8.87035,0.03288,2.3162,2.54076,1.35836
26,1,0,1e+08,22518490284844,22518490997421,22518491842945,22518491848129,22518491885909,22518492195905,22518492347633,22518492347665,16,20.6282,7.12577,8.45524,0.05184,0.3778,3.09996,1.51728
27,1,0,1e+08,22518493340866,22518494057982,22518494856918,22518494862154,22518494902178,22518495184374,22518495348678,22518495348714,16,20.0785,7.17116,7.98936,0.05236,0.40024,2.82196,1.64304
28,1,0,1e+08,22518496393873,22518496982647,22518497984761,22518497988277,22518498012013,22518498346357,22518498483977,22518498484013,16,20.9014,5.88774,10.0211,0.03516,0.23736,3.34344,1.3762
29,1,0,1e+08,22518499337256,22518500217485,22518500976598,22518500980494,22518501003246,22518501268174,22518501426378,22518501426406,16,20.8915,8.80229,7.59113,0.03896,0.22752,2.64928,1.58204
30,1,0,1e+08,22518502709552,22518503459509,22518504256013,22518504258937,22518504292473,22518504603781,22518504750837,22518504750961,16,20.4141,7.49957,7.96504,0.02924,0.33536,3.11308,1.47056
31,1,0,1e+08,22518505617079,22518506223499,22518507246143,22518507250971,22518507294239,22518507597971,22518507751143,22518507751179,16,21.341,6.0642,10.2264,0.04828,0.43268,3.03732,1.53172
32,1,0,1e+08,22518508691878,22518509342803,22518510221069,22518510225621,22518510267125,22518510553993,22518510681677,22518510681713,16,19.8983,6.50925,8.78266,0.04552,0.41504,2.86868,1.27684
33,1,0,1e+08,22518511567525,22518512176842,22518513111752,22518513116572,22518513170092,22518513447320,22518513600196,22518513600312,16,20.3279,6.09317,9.3491,0.0482,0.5352,2.77228,1.52876
34,1,0,1e+08,22518514638039,22518515204838,22518516194141,22518516197969,22518516226441,22518516508137,22518516649293,22518516649373,16,20.1133,5.66799,9.89303,0.03828,0.28472,2.81696,1.41156
35,1,0,1e+08,22518517616585,22518518097788,22518519163706,22518519167630,22518519192758,22518519481550,22518519630590,22518519630690,16,20.141,4.81203,10.6592,0.03924,0.25128,2.88792,1.4904
36,1,0,1e+08,22518520625208,22518521409377,22518522227328,22518522231108,22518522284492,22518522578896,22518522706376,22518522706408,16,20.812,7.84169,8.17951,0.0378,0.53384,2.94404,1.2748
37,1,0,1e+08,22518523607811,22518524333732,22518525153113,22518525157453,22518525189961,22518525462729,22518525609013,22518525609117,16,20.0131,7.25921,8.19381,0.0434,0.32508,2.72768,1.46284
38,1,0,1e+08,22518526646856,22518527565092,22518528213294,22518528217714,22518528249446,22518528506442,22518528637334,22518528637366,16,19.9051,9.18236,6.48202,0.0442,0.31732,2.56996,1.30892
39,1,0,1e+08,22518529778799,22518530032395,22518531282837,22518531286913,22518531332069,22518531641609,22518531786013,22518531786049,16,20.0725,2.53596,12.5044,0.04076,0.45156,3.0954,1.44404
40,1,0,1e+08,22518532946848,22518533200146,22518533796614,22518533802254,22518533838282,22518534123158,22518534256410,22518534256454,16,13.0961,2.53298,5.96468,0.0564,0.36028,2.84876,1.33252
41,1,0,1e+08,22518535282829,22518536271992,22518536918085,22518536923673,22518536980621,22518537220793,22518537353141,22518537353173,16,20.7034,9.89163,6.46093,0.05588,0.56948,2.40172,1.32348
42,1,0,1e+08,22518538630452,22518539207657,22518540200601,22518540237333,22518540258177,22518540666069,22518540800029,22518540800145,16,21.6969,5.77205,9.92944,0.36732,0.20844,4.07892,1.3396
43,1,0,1e+08,22518541994587,22518542648780,22518543379758,22518543383607,22518543408023,22518544301413,22518544492209,22518544492273,16,24.9769,6.54193,7.30978,0.03849,0.24416,8.9339,1.90796
44,1,0,1e+08,22518545489485,22518545727541,22518546637994,22518546646534,22518546740168,22518547278189,22518547441982,22518547442038,16,19.5255,2.38056,9.10453,0.0854,0.93634,5.38021,1.63793
45,1,0,1e+08,22518549809929,22518550169309,22518550627257,22518550630981,22518550661621,22518550864089,22518551038301,22518551038333,16,12.284,3.5938,4.57948,0.03724,0.3064,2.02468,1.74212
46,1,0,1e+08,22518553442098,22518553720755,22518554154975,22518554159115,22518554184755,22518554465823,22518554646735,22518554646795,16,12.047,2.78657,4.3422,0.0414,0.2564,2.81068,1.80912
47,1,0,1e+08,22518555574782,22518556281029,22518557136649,22518557140853,22518557174757,22518557455717,22518557613317,22518557613353,16,20.3857,7.06247,8.5562,0.04204,0.33904,2.8096,1.576
48,1,0,1e+08,22518558673346,22518559069487,22518560146862,22518560151618,22518560177730,22518560470282,22518560612290,22518560612322,16,19.3898,3.96141,10.7737,0.04756,0.26112,2.92552,1.42008
49,1,0,1e+08,22518561675994,22518562015799,22518563102803,22518563106791,22518563127263,22518563493815,22518563653643,22518563653683,16,19.7769,3.39805,10.87,0.03988,0.20472,3.66552,1.59828
50,1,0,1e+08,22518563677539,22518563939011,22518564444831,22518564477659,22518564498747,22518564809803,22518564970431,22518564970515,16,12.9298,2.61472,5.0582,0.32828,0.21088,3.11056,1.60628
51,1,0,1e+08,22518565839545,22518566490114,22518567417594,22518567462574,22518567485822,22518567761010,22518567922078,22518567922166,16,20.8262,6.50569,9.2748,0.4498,0.23248,2.75188,1.61068
52,1,0,1e+08,22518568979026,22518569942092,22518570595481,22518570599009,22518570641897,22518570919229,22518571115473,22518571115505,16,21.3648,9.63066,6.53389,0.03528,0.42888,2.77332,1.96244
53,1,0,1e+08,22518573229047,22518573491805,22518573922633,22518573946289,22518573971901,22518574274990,22518574471835,22518574472015,16,12.4297,2.62758,4.30828,0.23656,0.25612,3.03089,1.96845
54,1,0,1e+08,22518575349173,22518575746230,22518576901306,22518576976330,22518577002026,22518577290414,22518577450278,22518577450314,16,21.0114,3.97057,11.5508,0.75024,0.25696,2.88388,1.59864
55,1,0,1e+08,22518578527882,22518579221169,22518580051941,22518580122497,22518580139813,22518580400793,22518580550045,22518580550133,16,20.2225,6.93287,8.30772,0.70556,0.17316,2.6098,1.49252
56,1,0,1e+08,22518581500300,22518582157238,22518583029398,22518583073138,22518583100022,22518583368570,22518583510750,22518583510878,16,20.1058,6.56938,8.7216,0.4374,0.26884,2.68548,1.4218
57,1,0,1e+08,22518584430226,22518584916171,22518585976830,22518586045238,22518586070094,22518586344762,22518586499998,22518586500086,16,20.6986,4.85945,10.6066,0.68408,0.24856,2.74668,1.55236
58,1,0,1e+08,22518587491338,22518587765580,22518588344032,22518588347120,22518588371980,22518588633424,22518588799800,22518588799888,16,13.0855,2.74242,5.78452,0.03088,0.2486,2.61444,1.66376
59,1,0,1e+08,22518589529327,22518590199893,22518591042150,22518591045354,22518591078198,22518591365074,22518591538530,22518591538566,16,20.0924,6.70566,8.42257,0.03204,0.32844,2.86876,1.73456
60,1,0,1e+08,22518592960088,22518593600523,22518594520078,22518594709890,22518594728570,22518594990874,22518595134602,22518595134630,16,21.7454,6.40435,9.19555,1.89812,0.1868,2.62304,1.43728
61,1,0,1e+08,22518596209062,22518596981411,22518598121745,22518598453684,22518598478288,22518599001544,22518599187432,22518599187588,16,29.7853,7.72349,11.4033,3.31939,0.24604,5.23256,1.85888
62,1,0,1e+08,22518599293408,22518599569756,22518599991536,22518599993960,22518600023024,22518600899232,22518601077973,22518601078037,16,17.8463,2.76348,4.2178,0.02424,0.29064,8.76208,1.78741
63,1,0,1e+08,22518602554897,22518602800809,22518603234533,22518603237913,22518603256193,22518603470033,22518603609349,22518603609381,16,10.5448,2.45912,4.33724,0.0338,0.1828,2.1384,1.39316
64,1,0,1e+08,22518604605492,22518605532784,22518606178834,22518606182186,22518606216150,22518606476406,22518606638790,22518606638822,16,20.3333,9.27292,6.4605,0.03352,0.33964,2.60256,1.62384
65,1,0,1e+08,22518607590275,22518608058603,22518609084302,22518609088094,22518609113178,22518609416506,22518609591486,22518609591522,16,20.0125,4.68328,10.257,0.03792,0.25084,3.03328,1.7498
66,1,0,1e+08,22518610726860,22518610946936,22518612141974,22518612146470,22518612180490,22518612503106,22518612654402,22518612654606,16,19.2775,2.20076,11.9504,0.04496,0.3402,3.22616,1.51296
67,1,0,1e+08,22518613746886,22518614418507,22518615329016,22518615394388,22518615413412,22518615700352,22518615819656,22518615819688,16,20.728,6.71621,9.10509,0.65372,0.19024,2.8694,1.19304
68,1,0,1e+08,22518616720948,22518617601897,22518618373608,22518618459384,22518618484372,22518618753400,22518618870404,22518618870436,16,21.4949,8.80949,7.71711,0.85776,0.24988,2.69028,1.17004
69,1,0,1e+08,22518619716978,22518620598806,22518621265795,22518621295039,22518621322047,22518621576739,22518621709003,22518621709035,16,19.9206,8.81828,6.66989,0.29244,0.27008,2.54692,1.32264
70,1,0,1e+08,22518622775121,22518623320136,22518624299981,22518624364777,22518624390669,22518624660709,22518624817301,22518624817421,16,20.423,5.45015,9.79845,0.64796,0.25892,2.7004,1.56592
71,1,0,1e+08,22518625835728,22518626600444,22518627496880,22518627547040,22518627567116,22518627844500,22518627980224,22518627980344,16,21.4462,7.64716,8.96436,0.5016,0.20076,2.77384,1.35724
72,1,0,1e+08,22518628838219,22518629495647,22518630414317,22518630449981,22518630475953,22518630749665,22518630892681,22518630892869,16,20.5465,6.57428,9.1867,0.35664,0.25972,2.73712,1.43016
73,1,0,1e+08,22518631822570,22518632510603,22518633351966,22518633356734,22518633424578,22518633692046,22518633849254,22518633849382,16,20.2681,6.88033,8.41363,0.04768,0.67844,2.67468,1.57208
74,1,0,1e+08,22518634843804,22518635625495,22518636454025,22518636458177,22518636519505,22518636786461,22518636937529,22518636937657,16,20.9385,7.81691,8.2853,0.04152,0.61328,2.66956,1.51068
75,1,0,1e+08,22518637812409,22518638476594,22518639394205,22518639434909,22518639462089,22518639738717,22518639878173,22518639878209,16,20.658,6.64185,9.17611,0.40704,0.2718,2.76628,1.39456
76,1,0,1e+08,22518640819406,22518641505196,22518642349154,22518642409266,22518642435542,22518642728130,22518642852778,22518642852814,16,20.3341,6.8579,8.43958,0.60112,0.26276,2.92588,1.24648
77,1,0,1e+08,22518643806526,22518644513055,22518645353510,22518645396122,22518645424502,22518645689410,22518645836738,22518645836866,16,20.3034,7.06529,8.40455,0.42612,0.2838,2.64908,1.47328
78,1,0,1e+08,22518647300681,22518647820525,22518648411653,22518648529861,22518648557285,22518648777097,22518648911717,22518648911745,16,16.1106,5.19844,5.91128,1.18208,0.27424,2.19812,1.3462
79,1,0,1e+08,22518649895381,22518650637081,22518651459326,22518651500026,22518651525638,22518651789598,22518651943474,22518651943590,16,20.4821,7.417,8.22245,0.407,0.25612,2.6396,1.53876
80,1,0,1e+08,22518652909375,22518653532114,22518654429018,22518654468590,22518654496390,22518654771330,22518654904362,22518654904394,16,19.9502,6.22739,8.96904,0.39572,0.278,2.7494,1.33032
81,1,0,1e+08,22518655981861,22518656228678,22518657495006,22518657532338,22518657562422,22518657874594,22518658012622,22518658012654,16,20.3079,2.46817,12.6633,0.37332,0.30084,3.12172,1.38028
82,1,0,1e+08,22518659079731,22518659481958,22518660574054,22518660630774,22518660656198,22518660940190,22518661070226,22518661070262,16,19.9053,4.02227,10.921,0.5672,0.25424,2.83992,1.30036
83,1,0,1e+08,22518662084523,22518662329360,22518663585587,22518663591323,22518663631739,22518663967227,22518664113635,22518664113783,16,20.2926,2.44837,12.5623,0.05736,0.40416,3.35488,1.46408
84,1,0,1e+08,22518665130637,22518665878125,22518666746922,22518666752946,22518666799354,22518667102610,22518667243486,22518667243518,16,21.1288,7.47488,8.68797,0.06024,0.46408,3.03256,1.40876
85,1,0,1e+08,22518668285759,22518668817240,22518669652237,22518669655953,22518669682005,22518670667550,22518670870008,22518670870204,16,25.8445,5.31481,8.34997,0.03716,0.26052,9.85545,2.02458
86,1,0,1e+08,22518671303602,22518671610460,22518672024900,22518672028276,22518672068948,22518672281684,22518672436344,22518672436384,16,11.3278,3.06858,4.1444,0.03376,0.40672,2.12736,1.5466
87,1,0,1e+08,22518673604666,22518674337052,22518675153668,22518675157304,22518675208752,22518675488904,22518675675496,22518675675528,16,20.7086,7.32386,8.16616,0.03636,0.51448,2.80152,1.86592
88,1,0,1e+08,22518676776034,22518677076263,22518678267357,22518678270945,22518678294205,22518678613473,22518678772817,22518678772853,16,19.9682,3.00229,11.9109,0.03588,0.2326,3.19268,1.59344
89,1,0,1e+08,22518679985805,22518680998297,22518681661694,22518681664446,22518681680522,22518681934406,22518682075798,22518682075830,16,20.9002,10.1249,6.63397,0.02752,0.16076,2.53884,1.41392
90,1,0,1e+08,22518683446146,22518684019220,22518685000605,22518685003821,22518685035609,22518685325569,22518685479229,22518685479261,16,20.3312,5.73074,9.81385,0.03216,0.31788,2.8996,1.5366
91,1,0,1e+08,22518686510770,22518687034491,22518688092754,22518688097722,22518688134826,22518688433814,22518688579366,22518688579398,16,20.6863,5.23721,10.5826,0.04968,0.37104,2.98988,1.45552
92,1,0,1e+08,22518690551344,22518690914826,22518692252967,22518692255751,22518692290643,22518692537671,22518692696151,22518692696187,16,21.4484,3.63482,13.3814,0.02784,0.34892,2.47028,1.5848
93,1,0,1e+08,22518693092557,22518693703199,22518694623125,22518694626369,22518694649929,22518694972809,22518695173329,22518695173361,16,20.808,6.10642,9.19926,0.03244,0.2356,3.2288,2.0052
94,1,0,1e+08,22518696813383,22518697900816,22518698579297,22518698623981,22518698643133,22518698906705,22518699067481,22518699067513,16,22.5413,10.8743,6.78481,0.44684,0.19152,2.63572,1.60776
95,1,0,1e+08,22518700843597,22518701144369,22518701581501,22518701712153,22518701744133,22518702009460,22518702495594,22518702495779,16,16.5218,3.00772,4.37132,1.30652,0.3198,2.65327,4.86134
96,1,0,1e+08,22518704484799,22518704731295,22518705657842,22518705662690,22518705699426,22518706016524,22518706560881,22518706561336,16,20.7654,2.46496,9.26547,0.04848,0.36736,3.17098,5.44357
97,1,0,1e+08,22518707889851,22518708158655,22518709569377,22518709573997,22518709615698,22518709991138,22518710131522,22518710131562,16,22.4171,2.68804,14.1072,0.0462,0.41701,3.7544,1.40384
98,1,0,1e+08,22518711498338,22518712474981,22518713139138,22518713145566,22518713203962,22518713459918,22518713644702,22518713644778,16,21.4644,9.76643,6.64157,0.06428,0.58396,2.55956,1.84784
99,1,0,1e+08,22518714885865,22518715431691,22518716421862,22518716425830,22518716459686,22518716779782,22518716939154,22518716939190,16,20.5332,5.45826,9.90171,0.03968,0.33856,3.20096,1.59372
100,1,0,1e+08,22518718104038,22518718573530,22518719233536,22518719237932,22518719260220,22518719586484,22518719763620,22518719763660,16,16.5962,4.69492,6.60006,0.04396,0.22288,3.26264,1.77136
101,1,0,1e+08,22518720115680,22518720844919,22518721656247,22518721659375,22518721678271,22518721958987,22518722127207,22518722127239,16,20.1156,7.29239,8.11328,0.03128,0.18896,2.80716,1.6822
102,1,0,1e+08,22518723031000,22518723262232,22518723886788,22518723891376,22518723947464,22518724839568,22518725065785,22518725065849,16,20.3485,2.31232,6.24556,0.04588,0.56088,8.92104,2.26217
103,1,0,1e+08,22518726335951,22518726984855,22518727923246,22518727926654,22518727955046,22518728252898,22518728414222,22518728414258,16,20.7831,6.48904,9.38391,0.03408,0.28392,2.97852,1.61324
104,1,0,1e+08,22518729482967,22518730413353,22518731174738,22518731178150,22518731205074,22518731473470,22518731639850,22518731639938,16,21.5697,9.30386,7.61385,0.03412,0.26924,2.68396,1.6638
105,1,0,1e+08,22518732454963,22518733322728,22518733982685,22518733987505,22518734029257,22518734284061,22518734428545,22518734428665,16,19.737,8.67765,6.59957,0.0482,0.41752,2.54804,1.44484
106,1,0,1e+08,22518736151458,22518736511347,22518737000247,22518737004667,22518737045567,22518737275279,22518737413167,22518737413227,16,12.6177,3.59889,4.889,0.0442,0.409,2.29712,1.37888
107,1,0,1e+08,22518739358435,22518739614697,22518740057405,22518740061909,22518740088993,22518740428870,22518740777328,22518740777412,16,14.1898,2.56262,4.42708,0.04504,0.27084,3.39877,3.48458
108,1,0,1e+08,22518741730215,22518742299530,22518742903254,22518742942826,22518742973618,22518743211818,22518743403130,22518743403262,16,16.7305,5.69315,6.03724,0.39572,0.30792,2.382,1.91312
109,1,0,1e+08,22518744393212,22518745052963,22518745996422,22518746036562,22518746066206,22518746343598,22518746510598,22518746510690,16,21.1748,6.59751,9.43459,0.4014,0.29644,2.77392,1.67
110,1,0,1e+08,22518747436982,22518748144994,22518749014613,22518749086457,22518749114441,22518749391813,22518749523821,22518749523861,16,20.8688,7.08012,8.69619,0.71844,0.27984,2.77372,1.32008
111,1,0,1e+08,22518750478867,22518751104937,22518752025250,22518752029266,22518752086262,22518752376790,22518752527926,22518752527958,16,20.4909,6.2607,9.20313,0.04016,0.56996,2.90528,1.51136
112,1,0,1e+08,22518753635472,22518754409096,22518755171309,22518755310161,22518755348045,22518755603161,22518755759333,22518755759361,16,21.2389,7.73624,7.62213,1.38852,0.37884,2.55116,1.56172
113,1,0,1e+08,22518757008083,22518757827749,22518758591126,22518758623578,22518758646186,22518758915982,22518759045306,22518759045338,16,20.3726,8.19666,7.63377,0.32452,0.22608,2.69796,1.29324
114,1,0,1e+08,22518760109084,22518760935957,22518761765646,22518761797858,22518761817090,22518762085402,22518762240214,22518762240342,16,21.3126,8.26873,8.29689,0.32212,0.19232,2.68312,1.54812
115,1,0,1e+08,22518763449501,22518763813259,22518764952391,22518764988627,22518765007847,22518765299871,22518765462099,22518765462199,16,20.127,3.63758,11.3913,0.36236,0.1922,2.92024,1.62228
116,1,0,1e+08,22518766522764,22518767412592,22518768079386,22518768120186,22518768148738,22518768413470,22518768560778,22518768560810,16,20.3805,8.89828,6.66794,0.408,0.28552,2.64732,1.47308
117,1,0,1e+08,22518769987975,22518770238235,22518770758103,22518770764087,22518770804555,22518771074051,22518771220211,22518771220239,16,12.3226,2.5026,5.19868,0.05984,0.40468,2.69496,1.4616
118,1,0,1e+08,22518772357529,22518773099074,22518773949817,22518773987377,22518774018421,22518774295509,22518774471253,22518774471285,16,21.1376,7.41545,8.50743,0.3756,0.31044,2.77088,1.75744
119,1,0,1e+08,22518776028385,22518777053119,22518777933610,22518777937502,22518777971878,22518778256746,22518778400834,22518778400866,16,23.7248,10.2473,8.80491,0.03892,0.34376,2.84868,1.44088
120,1,0,1e+08,22518779550803,22518779890175,22518780584166,22518780589470,22518780629642,22518780944286,22518781074514,22518781074546,16,15.2374,3.39372,6.93991,0.05304,0.40172,3.14644,1.30228
121,1,0,1e+08,22518781792956,22518782832352,22518783483053,22518783489865,22518783540101,22518783778521,22518783920209,22518783920237,16,21.2728,10.394,6.50701,0.06812,0.50236,2.3842,1.41688
122,1,0,1e+08,22518785338235,22518786234192,22518786893894,22518786942710,22518786973982,22518787221326,22518787374122,22518787374186,16,20.3595,8.95957,6.59702,0.48816,0.31272,2.47344,1.52796
123,1,0,1e+08,22518788475263,22518788871640,22518789499808,22518789505764,22518789535728,22518789941042,22518790115416,22518790115460,16,16.402,3.96377,6.28168,0.05956,0.29964,4.05314,1.74374
124,1,0,1e+08,22518790654669,22518791213324,22518792204621,22518792242041,22518792268373,22518792561501,22518792763085,22518792763117,16,21.0845,5.58655,9.91297,0.3742,0.26332,2.93128,2.01584
125,1,0,1e+08,22518793873181,22518794512117,22518795505522,22518795533850,22518795553318,22518795834646,22518795978374,22518795978406,16,21.0523,6.38936,9.93405,0.28328,0.19468,2.81328,1.43728
126,1,0,1e+08,22518797133370,22518797995527,22518798773484,22518798831044,22518798854248,22518799116408,22518799260192,22518799260224,16,21.2685,8.62157,7.77957,0.5756,0.23204,2.6216,1.43784
127,1,0,1e+08,22518800233338,22518801038998,22518801791246,22518801864582,22518801893506,22518802165286,22518802302818,22518802302850,16,20.6951,8.0566,7.52248,0.73336,0.28924,2.7178,1.37532
128,1,0,1e+08,22518804770301,22518805027343,22518805516843,22518805521751,22518805561439,22518805867099,22518806008635,22518806008671,16,12.3837,2.57042,4.895,0.04908,0.39688,3.0566,1.41536
129,1,0,1e+08,22518807233716,22518808038349,22518808805859,22518808854163,22518808875435,22518809137535,22518809284195,22518809284231,16,20.5052,8.04633,7.6751,0.48304,0.21272,2.621,1.4666
130,1,0,1e+08,22518810427203,22518810929436,22518811831308,22518811835124,22518811860192,22518812207704,22518812403040,22518812403220,16,19.7602,5.02233,9.01872,0.03816,0.25068,3.47512,1.95336
131,1,0,1e+08,22518813145184,22518813716022,22518814710269,22518814752013,22518814782257,22518815071941,22518815248641,22518815248757,16,21.0357,5.70838,9.94247,0.41744,0.30244,2.89684,1.767
132,1,0,1e+08,22518816488281,22518816983421,22518817759401,22518817763061,22518817788393,22518818108857,22518818279397,22518818279545,16,17.9126,4.9514,7.7598,0.0366,0.25332,3.20464,1.7054
133,1,0,1e+08,22518818725444,22518819488386,22518820273202,22518820301330,22518820327094,22518820603210,22518820796298,22518820796330,16,20.7089,7.62942,7.84816,0.28128,0.25764,2.76116,1.93088
134,1,0,1e+08,22518821964467,22518822951599,22518823654525,22518823683285,22518823704709,22518823959001,22518824101817,22518824101849,16,21.3738,9.87132,7.02926,0.2876,0.21424,2.54292,1.42816
135,1,0,1e+08,22518825159607,22518825546429,22518826279685,22518826284285,22518826343593,22518826623653,22518826781049,22518826781081,16,16.2147,3.86822,7.33256,0.046,0.59308,2.8006,1.57396
136,1,0,1e+08,22518827572055,22518827870576,22518828537548,22518828542340,22518828569680,22518828872236,22518829107592,22518829107716,16,15.3566,2.98521,6.66972,0.04792,0.2734,3.02556,2.35356
137,1,0,1e+08,22518830119468,22518831019685,22518831735018,22518831740350,22518831769710,22518832037462,22518832186750,22518832186778,16,20.6731,9.00217,7.15333,0.05332,0.2936,2.67752,1.49288
138,1,0,1e+08,22518833223262,22518833600799,22518834342509,22518834347377,22518834380661,22518834775308,22518834925716,22518834925756,16,17.0249,3.77537,7.4171,0.04868,0.33284,3.94647,1.50408
139,1,0,1e+08,22518835299362,22518835545160,22518836047452,22518836051776,22518836085536,22518836332488,22518836478864,22518836478892,16,11.7953,2.45798,5.02292,0.04324,0.3376,2.46952,1.46376
140,1,0,1e+08,22518837510630,22518838331960,22518839096265,22518839146717,22518839171313,22518839453905,22518839647901,22518839647933,16,21.373,8.2133,7.64305,0.50452,0.24596,2.82592,1.93996
141,1,0,1e+08,22518840787420,22518841626985,22518843035833,22518843095433,22518843142196,22518844414591,22518844898981,22518844899151,16,41.1173,8.39565,14.0885,0.596,0.46763,12.724,4.8439
142,1,0,1e+08,22518844971892,22518845522738,22518846260497,22518846264925,22518846298065,22518846638505,22518846801385,22518846801429,16,18.2954,5.50846,7.37759,0.04428,0.3314,3.4044,1.6288
143,1,0,1e+08,22518846832621,22518847114361,22518847706077,22518847780301,22518847803877,22518848211509,22518848387198,22518848387342,16,15.5472,2.8174,5.91716,0.74224,0.23576,4.07632,1.75689
144,1,0,1e+08,22518848419038,22518848735914,22518849897034,22518849901731,22518849977966,22518850438657,22518850618433,22518850618473,16,21.9944,3.16876,11.6112,0.04697,0.76235,4.60691,1.79776
145,1,0,1e+08,22518850653933,22518851451124,22518852100653,22518852105213,22518852135620,22518852590129,22518852774626,22518852774682,16,21.2075,7.97191,6.49529,0.0456,0.30407,4.54509,1.84497
146,1,0,1e+08,22518852807174,22518853143906,22518853734182,22518853737918,22518853769114,22518854636692,22518854923660,22518854923856,16,21.1668,3.36732,5.90276,0.03736,0.31196,8.67578,2.86968
147,1,0,1e+08,22518855656283,22518855921676,22518856363188,22518856367188,22518856399880,22518857336755,22518857556094,22518857556142,16,18.9986,2.65393,4.41512,0.04,0.32692,9.36875,2.19339
148,1,0,1e+08,22518857957764,22518858809569,22518859526349,22518859530189,22518859568145,22518859837385,22518860007613,22518860007641,16,20.4988,8.51805,7.1678,0.0384,0.37956,2.6924,1.70228
149,1,0,1e+08,22518861288894,22518861916710,22518862838416,22518862843808,22518862880968,22518863171628,22518863400736,22518863400768,16,21.1187,6.27816,9.21706,0.05392,0.3716,2.9066,2.29108
150,1,0,1e+08,22518866005402,22518866285302,22518867591252,22518867659867,22518867695151,22518868117553,22518868279661,22518868279705,16,22.743,2.799,13.0595,0.68615,0.35284,4.22402,1.62108
151,1,0,1e+08,22518869360248,22518870254892,22518871610689,22518871650733,22518871672085,22518872010089,22518872184305,22518872184341,16,28.2409,8.94644,13.558,0.40044,0.21352,3.38004,1.74216
152,1,0,1e+08,22518872790389,22518873582411,22518874254289,22518874258677,22518874287257,22518874556649,22518874740389,22518874740421,16,19.5003,7.92022,6.71878,0.04388,0.2858,2.69392,1.8374
153,1,0,1e+08,22518875747668,22518876034828,22518876477820,22518876481136,22518876502232,22518876768360,22518876955848,22518876955880,16,12.0821,2.8716,4.42992,0.03316,0.21096,2.66128,1.87488
154,1,0,1e+08,22518877755591,22518878201170,22518879327545,22518879370253,22518879396285,22518879699025,22518879886833,22518879886965,16,21.3137,4.45579,11.2637,0.42708,0.26032,3.0274,1.87808
155,1,0,1e+08,22518880818780,22518881524956,22518882415134,22518882457730,22518882483366,22518882757170,22518882891670,22518882891822,16,20.7304,7.06176,8.90178,0.42596,0.25636,2.73804,1.345
156,1,0,1e+08,22518883681845,22518884316222,22518885239431,22518885279339,22518885305775,22518885580483,22518885715923,22518885715955,16,20.3411,6.34377,9.23209,0.39908,0.26436,2.74708,1.3544
157,1,0,1e+08,22518886644533,22518886997481,22518887605569,22518887610125,22518887647605,22518887916093,22518888097589,22518888097621,16,14.5309,3.52948,6.08088,0.04556,0.3748,2.68488,1.81496
158,1,0,1e+08,22518888581897,22518888846659,22518889270827,22518889274115,22518889292911,22518889926886,22518890221805,22518890221897,16,16.4,2.64762,4.24168,0.03288,0.18796,6.33975,2.94919
159,1,0,1e+08,22518891859767,22518892352450,22518893388799,22518893392911,22518893427695,22518893720071,22518893849195,22518893849231,16,19.8946,4.92683,10.3635,0.04112,0.34784,2.92376,1.29124
160,1,0,1e+08,22518894792655,22518895530521,22518896979568,22518897030224,22518897053200,22518897308260,22518897807812,22518897807997,16,30.1534,7.37866,14.4905,0.50656,0.22976,2.5506,4.99552
161,1,0,1e+08,22518897872972,22518898440730,22518899020251,22518899023803,22518899066915,22518899299303,22518899467815,22518899467931,16,15.9496,5.67758,5.79521,0.03552,0.43112,2.32388,1.68512
162,1,0,1e+08,22518899616759,22518899820135,22518900304835,22518900309091,22518900339935,22518900591827,22518900756327,22518900756403,16,11.3964,2.03376,4.847,0.04256,0.30844,2.51892,1.645
163,1,0,1e+08,22518901580858,22518901838418,22518903021734,22518903025094,22518903063370,22518903405230,22518903553690,22518903553726,16,19.7287,2.5756,11.8332,0.0336,0.38276,3.4186,1.4846
164,1,0,1e+08,22518904551916,22518904974888,22518906066821,22518906070573,22518906091737,22518906385497,22518906562833,22518906562949,16,20.1103,4.22972,10.9193,0.03752,0.21164,2.9376,1.77336
165,1,0,1e+08,22518907473086,22518907866673,22518908965051,22518908968115,22518908986327,22518909292495,22518909469979,22518909470011,16,19.9693,3.93587,10.9838,0.03064,0.18212,3.06168,1.77484
166,1,0,1e+08,22518910563900,22518910960709,22518912115041,22518912119617,22518912165425,22518912463173,22518912605937,22518912606053,16,20.4215,3.96809,11.5433,0.04576,0.45808,2.97748,1.42764
167,1,0,1e+08,22518913515635,22518914282307,22518915075897,22518915080565,22518915153193,22518915416489,22518915552133,22518915552249,16,20.3661,7.66672,7.9359,0.04668,0.72628,2.63296,1.35644
168,1,0,1e+08,22518916342833,22518916950981,22518917911969,22518917916197,22518917940365,22518918226285,22518918366573,22518918366665,16,20.2383,6.08148,9.60988,0.04228,0.24168,2.8592,1.40288
169,1,0,1e+08,22518919176443,22518919729690,22518920759032,22518920813468,22518920841224,22518921124136,22518921266608,22518921266732,16,20.9029,5.53247,10.2934,0.54436,0.27756,2.82912,1.42472
170,1,0,1e+08,22518922115986,22518922831482,22518923663062,22518923694470,22518923721430,22518923992466,22518924113418,22518924113478,16,19.9749,7.15496,8.3158,0.31408,0.2696,2.71036,1.20952
171,1,0,1e+08,22518924925861,22518925586625,22518926452350,22518926497390,22518926522814,22518926798262,22518926934254,22518926934290,16,20.0843,6.60764,8.65725,0.4504,0.25424,2.75448,1.35992
172,1,0,1e+08,22518927813868,22518928511103,22518929362477,22518929408321,22518929436217,22518929700353,22518929832049,22518929832153,16,20.1828,6.97235,8.51374,0.45844,0.27896,2.64136,1.31696
173,1,0,1e+08,22518930588132,22518930833460,22518931149068,22518931151928,22518931169700,22518931328880,22518931479432,22518931479504,16,8.91372,2.45328,3.15608,0.0286,0.17772,1.5918,1.50552
174,1,0,1e+08,22518932525703,22518933236961,22518934061637,22518934065133,22518934086705,22518934369037,22518934547853,22518934547997,16,20.2229,7.11258,8.24676,0.03496,0.21572,2.82332,1.78816
175,1,0,1e+08,22518935317072,22518935975122,22518936844045,22518936848417,22518936872573,22518937158101,22518937338121,22518937338217,16,20.2114,6.5805,8.68923,0.04372,0.24156,2.85528,1.8002
176,1,0,1e+08,22518938168985,22518938446002,22518938756914,22518938759766,22518938777966,22518938933922,22518939103266,22518939103338,16,9.34353,2.77017,3.10912,0.02852,0.182,1.55956,1.69344
177,1,0,1e+08,22518940133765,22518940685202,22518941701477,22518941732849,22518941756025,22518942051777,22518942221041,22518942221073,16,20.8731,5.51437,10.1627,0.31372,0.23176,2.95752,1.69264
178,1,0,1e+08,22518943085443,22518944043356,22518944698913,22518944779405,22518944800373,22518945070449,22518945223137,22518945223201,16,21.3776,9.57913,6.55557,0.80492,0.20968,2.70076,1.52688
179,1,0,1e+08,22518946161699,22518946630197,22518947734683,22518947768763,22518947793263,22518948099291,22518948226915,22518948226951,16,20.6525,4.68498,11.0449,0.3408,0.245,3.06028,1.27624
180,1,0,1e+08,22518949433601,22518950103777,22518950961691,22518951029107,22518951047711,22518951353843,22518951473715,22518951473751,16,20.4015,6.70176,8.57914,0.67416,0.18604,3.06132,1.19872
181,1,0,1e+08,22518952286853,22518952521369,22518952825681,22518952828265,22518952847741,22518953008905,22518953179917,22518953179997,16,8.93144,2.34516,3.04312,0.02584,0.19476,1.61164,1.71012
182,1,0,1e+08,22518954264186,22518954963573,22518955844636,22518955848228,22518955874296,22518956161564,22518956335572,22518956335680,16,20.7149,6.99387,8.81063,0.03592,0.26068,2.87268,1.74008
183,1,0,1e+08,22518957173147,22518958239573,22518958944209,22518958948257,22518958987445,22518959257805,22518959373161,22518959373193,16,22.0005,10.6643,7.04636,0.04048,0.39188,2.7036,1.15356
184,1,0,1e+08,22518960058489,22518960326198,22518960637578,22518960640762,22518960662810,22518960824050,22518960971430,22518960971518,16,9.13029,2.67709,3.1138,0.03184,0.22048,1.6124,1.4738
185,1,0,1e+08,22518962072587,22518962313427,22518962634783,22518962637371,22518962654651,22518963497970,22518963718758,22518963718818,16,16.4623,2.4084,3.21356,0.02588,0.1728,8.43319,2.20788
186,1,0,1e+08,22518965135157,22518965396558,22518965709066,22518965712118,22518965752970,22518965914426,22518966077746,22518966077794,16,9.42637,2.61401,3.12508,0.03052,0.40852,1.61456,1.6332
187,1,0,1e+08,22518967118808,22518967813083,22518968708595,22518968712239,22518968761907,22518969072647,22518969238063,22518969238095,16,21.1929,6.94275,8.95512,0.03644,0.49668,3.1074,1.65416
188,1,0,1e+08,22518970027541,22518970705877,22518971555621,22518971559497,22518971585177,22518971871253,22518972058785,22518972058873,16,20.3133,6.78336,8.49744,0.03876,0.2568,2.86076,1.87532
189,1,0,1e+08,22518972860146,22518973272798,22518974443992,22518974448668,22518974486280,22518974791168,22518974923668,22518974923704,16,20.6356,4.12652,11.7119,0.04676,0.37612,3.04888,1.325
190,1,0,1e+08,22518975941839,22518976197843,22518976508351,22518976510527,22518976524527,22518977315319,22518977576941,22518977577125,16,16.3529,2.56004,3.10508,0.02176,0.14,7.90792,2.61622
191,1,0,1e+08,22518978950891,22518979193947,22518980383733,22518980387073,22518980436282,22518980792730,22518980929182,22518980929222,16,19.7833,2.43056,11.8979,0.0334,0.49209,3.56448,1.36452
192,1,0,1e+08,22518981891421,22518982127677,22518982440553,22518982442949,22518982483329,22518982643669,22518982841953,22518982842061,16,9.5064,2.36256,3.12876,0.02396,0.4038,1.6034,1.98284
193,1,0,1e+08,22518984034209,22518984703028,22518985614220,22518985669128,22518985695940,22518985977272,22518986101800,22518986101836,16,20.6763,6.68819,9.11192,0.54908,0.26812,2.81332,1.24528
194,1,0,1e+08,22518986924647,22518987196619,22518987518091,22518987520435,22518987540687,22518987697171,22518987868095,22518987868199,16,9.43552,2.71972,3.21472,0.02344,0.20252,1.56484,1.70924
195,1,0,1e+08,22518989030087,22518989305151,22518989626779,22518989630235,22518989666091,22518989971230,22518990444604,22518990444696,16,14.1461,2.75064,3.21628,0.03456,0.35856,3.05139,4.73374
196,1,0,1e+08,22518992139896,22518993075850,22518993817757,22518993820789,22518993840121,22518994103821,22518994246269,22518994246301,16,21.0641,9.35954,7.41907,0.03032,0.19332,2.637,1.42448
197,1,0,1e+08,22518995022836,22518995929708,22518996638286,22518996642750,22518996694950,22518996974970,22518997110886,22518997110918,16,20.8808,9.06872,7.08578,0.04464,0.522,2.8002,1.35916
198,1,0,1e+08,22518998053579,22518998441625,22518999639339,22518999643859,22518999668315,22518999974795,22519000105119,22519000105155,16,20.5158,3.88046,11.9771,0.0452,0.24456,3.0648,1.30324
199,1,0,1e+08,22519001053685,22519001326373,22519001890829,22519001895385,22519001924081,22519002305789,22519002466525,22519002466557,16,14.1287,2.72688,5.64456,0.04556,0.28696,3.81708,1.60736
200,1,0,1e+08,22519003005151,22519003244523,22519003692875,22519003696511,22519003728339,22519003988451,22519004128403,22519004128431,16,11.2328,2.39372,4.48352,0.03636,0.31828,2.60112,1.39952
201,1,0,1e+08,22519005075678,22519005342131,22519005754235,22519005757371,22519005777479,22519006004411,22519006188199,22519006188319,16,11.1264,2.66453,4.12104,0.03136,0.20108,2.26932,1.83788
202,1,0,1e+08,22519008133620,22519008406382,22519008786538,22519008789926,22519008813250,22519009052970,22519009222194,22519009222354,16,10.8873,2.72762,3.80156,0.03388,0.23324,2.3972,1.69224
203,1,0,1e+08,22519010064243,22519010382419,22519011589619,22519011592983,22519011623687,22519011938831,22519012119027,22519012119179,16,20.5494,3.18176,12.072,0.03364,0.30704,3.15144,1.80196
204,1,0,1e+08,22519013012341,22519013727738,22519014564401,22519014594525,22519014619965,22519014896069,22519015067585,22519015067729,16,20.5539,7.15397,8.36663,0.30124,0.2544,2.76104,1.71516
205,1,0,1e+08,22519016023956,22519016619681,22519017614609,22519017681413,22519017707161,22519017983869,22519018100197,22519018100233,16,20.7628,5.95725,9.94928,0.66804,0.25748,2.76708,1.16328
206,1,0,1e+08,22519018892386,22519019463350,22519020348193,22519020466089,22519020492381,22519020785829,22519020917961,22519020917993,16,20.2561,5.70964,8.84843,1.17896,0.26292,2.93448,1.32132
207,1,0,1e+08,22519021803631,22519022035067,22519022365031,22519022368423,22519022412675,22519022576647,22519022748623,22519022748755,16,9.45124,2.31436,3.29964,0.03392,0.44252,1.63972,1.71976
208,1,0,1e+08,22519023826758,22519024417440,22519025375217,22519025378465,22519025407037,22519025742865,22519025912461,22519025912497,16,20.8574,5.90682,9.57777,0.03248,0.28572,3.35828,1.69596
209,1,0,1e+08,22519026856183,22519027356981,22519028393607,22519028396743,22519028460367,22519028754487,22519028887223,22519028887259,16,20.3108,5.00798,10.3663,0.03136,0.63624,2.9412,1.32736
210,1,0,1e+08,22519030148589,22519030853054,22519031751896,22519031788048,22519031806496,22519032091532,22519032210040,22519032210072,16,20.6148,7.04465,8.98842,0.36152,0.18448,2.85036,1.18508
211,1,0,1e+08,22519032940970,22519033641470,22519034518970,22519034523214,22519034555190,22519034839554,22519034986302,22519034986426,16,20.4546,7.005,8.775,0.04244,0.31976,2.84364,1.46748
212,1,0,1e+08,22519035795907,22519036038373,22519036350021,22519036352301,22519036390233,22519036563777,22519036701137,22519036701161,16,9.05254,2.42466,3.11648,0.0228,0.37932,1.73544,1.3736
213,1,0,1e+08,22519037791874,22519038696074,22519039376005,22519039406913,22519039429729,22519039687109,22519039865405,22519039865561,16,20.7369,9.042,6.79931,0.30908,0.22816,2.5738,1.78296
214,1,0,1e+08,22519040725397,22519041437379,22519042273274,22519042311462,22519042337686,22519042613418,22519042766950,22519042767062,16,20.4167,7.11982,8.35895,0.38188,0.26224,2.75732,1.53532
215,1,0,1e+08,22519043564902,22519044568684,22519045224534,22519045273830,22519045302946,22519045543442,22519045704990,22519045705122,16,21.4022,10.0378,6.5585,0.49296,0.29116,2.40496,1.61548
216,1,0,1e+08,22519046499042,22519047473111,22519048155533,22519048216681,22519048241645,22519048511965,22519048634097,22519048634125,16,21.3508,9.74069,6.82422,0.61148,0.24964,2.7032,1.22132
217,1,0,1e+08,22519049430894,22519049872627,22519050973757,22519051029109,22519051054357,22519051374113,22519051505033,22519051505073,16,20.7418,4.41733,11.0113,0.55352,0.25248,3.19756,1.3092
218,1,0,1e+08,22519052435140,22519052699408,22519053018364,22519053020920,22519053044160,22519053206704,22519053382732,22519053382856,16,9.47716,2.64268,3.18956,0.02556,0.2324,1.62544,1.76028
219,1,0,1e+08,22519054609012,22519055569664,22519056271223,22519056307331,22519056333031,22519056585007,22519056737723,22519056737923,16,21.2891,9.60652,7.01559,0.36108,0.257,2.51976,1.52716
220,1,0,1e+08,22519057610249,22519058574742,22519059226542,22519059231402,22519059271766,22519059516578,22519059660026,22519059660154,16,20.4991,9.64493,6.518,0.0486,0.40364,2.44812,1.43448
221,1,0,1e+08,22519060491264,22519061478644,22519062171914,22519062176946,22519062214958,22519062466650,22519062608818,22519062608982,16,21.1772,9.8738,6.9327,0.05032,0.38012,2.51692,1.42168
222,1,0,1e+08,22519063354084,22519063995574,22519064908042,22519064911450,22519064951178,22519065257174,22519065381690,22519065381722,16,20.2764,6.4149,9.12468,0.03408,0.39728,3.05996,1.24516
223,1,0,1e+08,22519066194596,22519066389912,22519066752556,22519066755860,22519066821956,22519067359974,22519067704650,22519067704742,16,15.1015,1.95316,3.62644,0.03304,0.66096,5.38018,3.44676
224,1,0,1e+08,22519069239435,22519069443495,22519069904863,22519069909283,22519069952435,22519070185691,22519070344419,22519070344451,16,11.0502,2.0406,4.61368,0.0442,0.43152,2.33256,1.58728
225,1,0,1e+08,22519071150844,22519071843444,22519072675266,22519072784634,22519072811242,22519073076986,22519073195350,22519073195382,16,20.4454,6.926,8.31822,1.09368,0.26608,2.65744,1.18364
226,1,0,1e+08,22519073982109,22519074410411,22519075539268,22519075575652,22519075599996,22519075892836,22519076040160,22519076040252,16,20.5814,4.28302,11.2886,0.36384,0.24344,2.9284,1.47324
227,1,0,1e+08,22519076930721,22519077597065,22519078458808,22519078464132,22519078519308,22519078811368,22519078934204,22519078934236,16,20.0352,6.66344,8.61743,0.05324,0.55176,2.9206,1.22836
228,1,0,1e+08,22519079758603,22519080037911,22519080350447,22519080353075,22519080369779,22519080530723,22519080701011,22519080701115,16,9.42512,2.79308,3.12536,0.02628,0.16704,1.60944,1.70288
229,1,0,1e+08,22519081793724,22519082025194,22519082337650,22519082340486,22519082380894,22519082543354,22519082704202,22519082704226,16,9.10502,2.3147,3.12456,0.02836,0.40408,1.6246,1.60848
230,1,0,1e+08,22519083854146,22519084630199,22519085467573,22519085505117,22519085530153,22519085804741,22519085973869,22519085973981,16,21.1984,7.76053,8.37374,0.37544,0.25036,2.74588,1.69128
231,1,0,1e+08,22519086683446,22519086914594,22519087232794,22519087235894,22519087253806,22519087458230,22519087601250,22519087601274,16,9.17828,2.31148,3.182,0.031,0.17912,2.04424,1.4302
232,1,0,1e+08,22519088637797,22519089332627,22519090233018,22519090236762,22519090279474,22519090563682,22519090744178,22519090744270,16,21.0647,6.9483,9.00391,0.03744,0.42712,2.84208,1.80496
233,1,0,1e+08,22519091585408,22519091988140,22519093080154,22519093084410,22519093123306,22519093432874,22519093602994,22519093603030,16,20.1762,4.02732,10.9201,0.04256,0.38896,3.09568,1.7012
234,1,0,1e+08,22519094806002,22519095747376,22519096404757,22519096409145,22519096460377,22519096731345,22519096868225,22519096868297,16,20.6229,9.41374,6.57381,0.04388,0.51232,2.70968,1.3688
235,1,0,1e+08,22519097774139,22519098317438,22519099311877,22519099347985,22519099372149,22519099649157,22519099799949,22519099800041,16,20.259,5.43299,9.94439,0.36108,0.24164,2.77008,1.50792
236,1,0,1e+08,22519100740579,22519101404541,22519102260607,22519102265019,22519102312039,22519102584731,22519102722687,22519102722811,16,19.8223,6.63962,8.56066,0.04412,0.4702,2.72692,1.37956
237,1,0,1e+08,22519103576079,22519103979094,22519105123841,22519105128389,22519105169949,22519105469189,22519105616757,22519105616865,16,20.4079,4.03015,11.4475,0.04548,0.4156,2.9924,1.47568
238,1,0,1e+08,22519106626127,22519107316893,22519108160501,22519108163965,22519108198637,22519108476733,22519108606417,22519108606449,16,19.8032,6.90766,8.43608,0.03464,0.34672,2.78096,1.29684
239,1,0,1e+08,22519109487426,22519110428416,22519111086983,22519111179363,22519111203359,22519111442379,22519111572543,22519111572631,16,20.8521,9.4099,6.58567,0.9238,0.23996,2.3902,1.30164
240,1,0,1e+08,22519112969075,22519113414698,22519114520265,22519114523205,22519114546657,22519114865465,22519114992341,22519114992377,16,20.233,4.45623,11.0557,0.0294,0.23452,3.18808,1.26876
241,1,0,1e+08,22519115851371,22519116138551,22519117339873,22519117376189,22519117401657,22519117693353,22519117830313,22519117830421,16,19.7905,2.8718,12.0132,0.36316,0.25468,2.91696,1.3696
242,1,0,1e+08,22519118686246,22519119132122,22519120198306,22519120242534,22519120271326,22519120578962,22519120708562,22519120708626,16,20.2238,4.45876,10.6618,0.44228,0.28792,3.07636,1.296
243,1,0,1e+08,22519121569539,22519122535952,22519123197641,22519123424445,22519123441089,22519123660137,22519123784509,22519123784589,16,22.1505,9.66413,6.61689,2.26804,0.16644,2.19048,1.24372
244,1,0,1e+08,22519124470029,22519124938080,22519125991602,22519126131642,22519126156774,22519126452122,22519126586450,22519126586482,16,21.1645,4.68051,10.5352,1.4004,0.25132,2.95348,1.34328
245,1,0,1e+08,22519127573557,22519127827219,22519128145139,22519128147607,22519128166471,22519128350023,22519128538499,22519128538535,16,9.64978,2.53662,3.1792,0.02468,0.18864,1.83552,1.88476
246,1,0,1e+08,22519129595178,22519130592650,22519131236458,22519131240162,22519131262974,22519131526814,22519131694910,22519131694942,16,20.9976,9.97472,6.43808,0.03704,0.22812,2.6384,1.68096
247,1,0,1e+08,22519132521613,22519133223427,22519134064230,22519134068710,22519134092594,22519134385046,22519134513954,22519134513990,16,19.9238,7.01814,8.40803,0.0448,0.23884,2.92452,1.28908
248,1,0,1e+08,22519135483059,22519135717663,22519136037263,22519136039383,22519136056543,22519136219055,22519136398119,22519136398211,16,9.15152,2.34604,3.196,0.0212,0.1716,1.62512,1.79064
249,1,0,1e+08,22519137442676,22519138262361,22519139064476,22519139095580,22519139119964,22519139395980,22519139561592,22519139561700,16,21.1902,8.19685,8.02115,0.31104,0.24384,2.76016,1.65612
250,1,0,1e+08,22519140315462,22519140630613,22519141836434,22519141900290,22519141926370,22519142226282,22519142381058,22519142381194,16,20.6573,3.15151,12.0582,0.63856,0.2608,2.99912,1.54776
251,1,0,1e+08,22519143347222,22519144246280,22519144903905,22519144941517,22519144968257,22519145214077,22519145381389,22519145381477,16,20.3425,8.99058,6.57625,0.37612,0.2674,2.4582,1.67312
252,1,0,1e+08,22519146386962,22519146962306,22519147928911,22519148009691,22519148032903,22519148308515,22519148445459,22519148445491,16,20.5853,5.75344,9.66605,0.8078,0.23212,2.75612,1.36944
253,1,0,1e+08,22519149365004,22519150185716,22519150927869,22519150978361,22519151002981,22519151269697,22519151397849,22519151397881,16,20.3288,8.20712,7.42153,0.50492,0.2462,2.66716,1.28152
254,1,0,1e+08,22519152309670,22519152547618,22519152861906,22519152864710,22519152903990,22519153081902,22519153246370,22519153246394,16,9.36724,2.37948,3.14288,0.02804,0.3928,1.77912,1.64468
255,1,0,1e+08,22519154374457,22519154617077,22519154935917,22519154939001,22519154958145,22519155115457,22519155274161,22519155274233,16,8.99776,2.4262,3.1884,0.03084,0.19144,1.57312,1.58704
256,1,0,1e+08,22519156470641,22519156751777,22519157062141,22519157065245,22519157084621,22519157243365,22519157403757,22519157403893,16,9.33252,2.81136,3.10364,0.03104,0.19376,1.58744,1.60392
257,1,0,1e+08,22519158379133,22519158616545,22519159791200,22519159834524,22519159857092,22519160224869,22519160404201,22519160404361,16,20.2523,2.37412,11.7465,0.43324,0.22568,3.67777,1.79332
258,1,0,1e+08,22519161422250,22519162155010,22519162976219,22519163005223,22519163024359,22519163312451,22519163470043,22519163470075,16,20.4782,7.3276,8.21209,0.29004,0.19136,2.88092,1.57592
259,1,0,1e+08,22519164319898,22519165278018,22519165974554,22519166008378,22519166033682,22519166288270,22519166438458,22519166438570,16,21.1867,9.5812,6.96536,0.33824,0.25304,2.54588,1.50188
260,1,0,1e+08,22519167112203,22519167755592,22519168648485,22519168652013,22519168690917,22519168989621,22519169164873,22519169164905,16,20.527,6.43389,8.92893,0.03528,0.38904,2.98704,1.75252
261,1,0,1e+08,22519170063579,22519170590737,22519171610666,22519171614706,22519171668010,22519171958970,22519172115882,22519172115914,16,20.5234,5.27158,10.1993,0.0404,0.53304,2.9096,1.56912
262,1,0,1e+08,22519172971160,22519173459006,22519174504921,22519174509693,22519174533709,22519174818905,22519174973053,22519174973209,16,20.0205,4.87846,10.4592,0.04772,0.24016,2.85196,1.54148
263,1,0,1e+08,22519175956724,22519176437373,22519177540820,22519177545204,22519177591976,22519177911888,22519178041484,22519178041520,16,20.848,4.80649,11.0345,0.04384,0.46772,3.19912,1.29596
264,1,0,1e+08,22519178976790,22519179218759,22519179535063,22519179537359,22519179554131,22519179746418,22519180216423,22519180216613,16,12.3982,2.41969,3.16304,0.02296,0.16772,1.92287,4.70005
265,1,0,1e+08,22519182032748,22519182315933,22519183574777,22519183578889,22519183631405,22519183960661,22519184114221,22519184114381,16,20.8163,2.83185,12.5884,0.04112,0.52516,3.29256,1.5356
266,1,0,1e+08,22519185280076,22519186016523,22519186867428,22519186870784,22519186888568,22519187176368,22519187297588,22519187297624,16,20.1755,7.36447,8.50905,0.03356,0.17784,2.878,1.2122
267,1,0,1e+08,22519188074395,22519188505301,22519189584526,22519189589074,22519189623030,22519189927070,22519190088938,22519190088974,16,20.1458,4.30906,10.7922,0.04548,0.33956,3.0404,1.61868
268,1,0,1e+08,22519191078049,22519191317638,22519192538201,22519192542345,22519192565717,22519192926265,22519193104953,22519193105125,16,20.2708,2.39589,12.2056,0.04144,0.23372,3.60548,1.78688
269,1,0,1e+08,22519194173498,22519194937289,22519195697215,22519195701091,22519195728479,22519195994667,22519196147899,22519196148047,16,19.7455,7.63791,7.59926,0.03876,0.27388,2.66188,1.53232
270,1,0,1e+08,22519197423109,22519197712413,22519198927913,22519198931257,22519198953113,22519199282037,22519199423757,22519199423929,16,20.0082,2.89304,12.155,0.03344,0.21856,3.28924,1.4172
271,1,0,1e+08,22519200349317,22519200587393,22519201156670,22519201160482,22519201182946,22519201444318,22519201614382,22519201614486,16,12.6517,2.38076,5.69277,0.03812,0.22464,2.61372,1.70064
272,1,0,1e+08,22519202197082,22519202460822,22519202915422,22519202918890,22519202937430,22519203585677,22519203944797,22519203945005,16,17.4792,2.6374,4.546,0.03468,0.1854,6.48247,3.5912
273,1,0,1e+08,22519205098929,22519205329494,22519205744194,22519205747354,22519205769894,22519206034098,22519206213070,22519206213102,16,11.1417,2.30565,4.147,0.0316,0.2254,2.64204,1.78972
274,1,0,1e+08,22519207008999,22519207272656,22519208519789,22519208523245,22519208551493,22519208867237,22519209053905,22519209054033,16,20.4503,2.63657,12.4713,0.03456,0.28248,3.15744,1.86668
275,1,0,1e+08,22519210000245,22519210270529,22519210766517,22519210770545,22519210818401,22519211036045,22519211198889,22519211198925,16,11.9868,2.70284,4.95988,0.04028,0.47856,2.17644,1.62844
276,1,0,1e+08,22519211838044,22519212161001,22519213346379,22519213434267,22519213453363,22519213743775,22519213925231,22519213925379,16,20.8733,3.22957,11.8538,0.87888,0.19096,2.90412,1.81456
277,1,0,1e+08,22519214786250,22519215385066,22519216380915,22519216419235,22519216444615,22519216736907,22519216916031,22519216916215,16,21.2996,5.98816,9.95849,0.3832,0.2538,2.92292,1.79124
278,1,0,1e+08,22519217736465,22519218545321,22519219312648,22519219350276,22519219375272,22519219635484,22519219776376,22519219776516,16,20.4005,8.08856,7.67327,0.37628,0.24996,2.60212,1.40892
279,1,0,1e+08,22519220592128,22519221206616,22519222145586,22519222181582,22519222211026,22519222493162,22519222635338,22519222635370,16,20.4324,6.14488,9.3897,0.35996,0.29444,2.82136,1.42176
280,1,0,1e+08,22519223642831,22519224330184,22519225181226,22519225187766,22519225243134,22519225544666,22519225697206,22519225697238,16,20.5441,6.87353,8.51042,0.0654,0.55368,3.01532,1.5254
281,1,0,1e+08,22519226612664,22519227593568,22519228276709,22519228283569,22519228343713,22519228607929,22519228772853,22519228772953,16,21.6029,9.80904,6.83141,0.0686,0.60144,2.64216,1.64924
282,1,0,1e+08,22519229840204,22519230591957,22519231398982,22519231405106,22519231444786,22519231815538,22519231991438,22519231991558,16,21.5135,7.51753,8.07025,0.06124,0.3968,3.70752,1.759
283,1,0,1e+08,22519232945673,22519233233873,22519234476059,22519234481243,22519234520175,22519234858495,22519235002707,22519235002743,16,20.5707,2.882,12.4219,0.05184,0.38932,3.3832,1.44212
284,1,0,1e+08,22519235949359,22519236219719,22519237472177,22519237478553,22519237529465,22519237868473,22519238016717,22519238016901,16,20.6754,2.7036,12.5246,0.06376,0.50912,3.39008,1.48244
285,1,0,1e+08,22519238980559,22519239591383,22519240536330,22519240540446,22519240566746,22519240885486,22519241049350,22519241049382,16,20.6882,6.10824,9.44947,0.04116,0.263,3.1874,1.63864
286,1,0,1e+08,22519242164238,22519242800888,22519243797645,22519243805133,22519243872097,22519244173685,22519244337533,22519244337561,16,21.7332,6.3665,9.96757,0.07488,0.66964,3.01588,1.63848
287,1,0,1e+08,22519245773610,22519246078543,22519246666511,22519246670935,22519246722539,22519247074876,22519247256641,22519247256677,16,14.8307,3.04933,5.87968,0.04424,0.51604,3.52337,1.81765
288,1,0,1e+08,22519248621616,22519249568465,22519250254626,22519250300778,22519250333898,22519250580870,22519250779778,22519250779818,16,21.582,9.46849,6.86161,0.46152,0.3312,2.46972,1.98908
289,1,0,1e+08,22519252205217,22519252477041,22519253122913,22519253129289,22519253171205,22519253599105,22519253756869,22519253756917,16,15.517,2.71824,6.45872,0.06376,0.41916,4.279,1.57764
290,1,0,1e+08,22519254380084,22519254976829,22519255949271,22519255954483,22519255982331,22519256287319,22519256530023,22519256530151,16,21.5007,5.96745,9.72442,0.05212,0.27848,3.04988,2.42704
291,1,0,1e+08,22519257733712,22519258797260,22519259855454,22519259860498,22519259928610,22519260362910,22519260796333,22519260796425,16,30.6271,10.6355,10.5819,0.05044,0.68112,4.343,4.33423
292,1,0,1e+08,22519260833116,22519261255389,22519261804489,22519261808033,22519261848213,22519262088265,22519262225537,22519262225565,16,13.9245,4.22273,5.491,0.03544,0.4018,2.40052,1.37272
293,1,0,1e+08,22519262971337,22519263477213,22519264803984,22519264809380,22519264839960,22519265185556,22519265388772,22519265388884,16,24.1755,5.05876,13.2677,0.05396,0.3058,3.45596,2.03216
294,1,0,1e+08,22519266247034,22519266919585,22519268153941,22519268159185,22519268207553,22519268741728,22519268981923,22519268981983,16,27.3495,6.72551,12.3436,0.05244,0.48368,5.34175,2.40195
295,1,0,1e+08,22519269615334,22519269917150,22519270814336,22519270824021,22519270924187,22519271617396,22519271846968,22519271847056,16,22.3172,3.01816,8.97186,0.09685,1.00166,6.93209,2.29572
296,1,0,1e+08,22519273635769,22519274590152,22519275572121,22519275646669,22519275673581,22519276004825,22519276217665,22519276217709,16,25.8194,9.54383,9.81969,0.74548,0.26912,3.31244,2.1284
297,1,0,1e+08,22519276870327,22519277794165,22519278509933,22519278567441,22519278601493,22519278871969,22519279067613,22519279067705,16,21.9738,9.23838,7.15768,0.57508,0.34052,2.70476,1.95644
298,1,0,1e+08,22519280774988,22519281731624,22519282405414,22519282652486,22519282680482,22519282916750,22519283095774,22519283095850,16,23.2086,9.56636,6.7379,2.47072,0.27996,2.36268,1.79024
299,1,0,1e+08,22519284318920,22519285316160,22519285955397,22519285959017,22519285999401,22519286258173,22519286388565,22519286388597,16,20.6968,9.9724,6.39237,0.0362,0.40384,2.58772,1.30392
300,1,0,1e+08,22519288265273,22519288755600,22519289347256,22519289353208,22519289397132,22519289645536,22519289812352,22519289812388,16,15.4711,4.90327,5.91656,0.05952,0.43924,2.48404,1.66816
301,1,0,1e+08,22519291063727,22519291608890,22519292681978,22519292691108,22519292737638,22519293495336,22519293661168,22519293661212,16,25.9748,5.45163,10.7309,0.0913,0.4653,7.57698,1.65832
302,1,0,1e+08,22519293733756,22519294081964,22519294879947,22519294886003,22519294953503,22519295723862,22519296048688,22519296048748,16,23.1499,3.48208,7.97983,0.06056,0.675,7.70359,3.24826
303,1,0,1e+08,22519297486985,22519298183957,22519299091317,22519299097337,22519299167957,22519299475869,22519299639413,22519299639445,16,21.5246,6.96972,9.0736,0.0602,0.7062,3.07912,1.63544
304,1,0,1e+08,22519301373915,22519301661904,22519302474115,22519302480315,22519302552059,22519302938375,22519303102291,22519303102323,16,17.2841,2.87989,8.12211,0.062,0.71744,3.86316,1.63916
305,1,0,1e+08,22519303930670,22519304945640,22519305610730,22519305615198,22519305664370,22519305916378,22519306032978,22519306033006,16,21.0234,10.1497,6.6509,0.04468,0.49172,2.52008,1.166
306,1,0,1e+08,22519306938227,22519307663681,22519308488010,22519308492846,22519308530058,22519308798714,22519308940354,22519308940418,16,20.0219,7.25454,8.24329,0.04836,0.37212,2.68656,1.4164
307,1,0,1e+08,22519309875523,22519310178275,22519310767843,22519310772899,22519310802475,22519311111387,22519311278547,22519311278579,16,14.0306,3.02752,5.89568,0.05056,0.29576,3.08912,1.6716
308,1,0,1e+08,22519311882388,22519312255842,22519313495645,22519313538305,22519313564113,22519313880653,22519314041109,22519314041141,16,21.5875,3.73454,12.398,0.4266,0.25808,3.1654,1.60456
309,1,0,1e+08,22519315067921,22519315488306,22519316588554,22519316592974,22519316650142,22519316935866,22519317079298,22519317079330,16,20.1141,4.20385,11.0025,0.0442,0.57168,2.85724,1.43432
310,1,0,1e+08,22519318042955,22519318924852,22519319705062,22519319747666,22519319773006,22519320040290,22519320186638,22519320186670,16,21.4371,8.81897,7.8021,0.42604,0.2534,2.67284,1.46348
311,1,0,1e+08,22519321122865,22519322139262,22519322780706,22519322785346,22519322823050,22519323064222,22519323216750,22519323216782,16,20.9392,10.164,6.41444,0.0464,0.37704,2.41172,1.52528
312,1,0,1e+08,22519324238600,22519324922862,22519325774217,22519325813493,22519325841845,22519326108201,22519326246965,22519326246997,16,20.084,6.84262,8.51355,0.39276,0.28352,2.66356,1.38764
313,1,0,1e+08,22519327254356,22519327949543,22519328797895,22519328838091,22519328864075,22519329136211,22519329268459,22519329268491,16,20.1413,6.95187,8.48352,0.40196,0.25984,2.72136,1.32248
314,1,0,1e+08,22519330219561,22519330816490,22519331822513,22519331867029,22519331894309,22519332178709,22519332304485,22519332304549,16,20.8499,5.96929,10.0602,0.44516,0.2728,2.844,1.25776
315,1,0,1e+08,22519333134068,22519333990699,22519334792278,22519335003302,22519335021106,22519335263386,22519335378290,22519335378318,16,22.4425,8.56631,8.01579,2.11024,0.17804,2.4228,1.14904
316,1,0,1e+08,22519336113942,22519337086841,22519337747525,22519337836425,22519337862289,22519338097697,22519338239241,22519338239269,16,21.2533,9.72899,6.60684,0.889,0.25864,2.35408,1.41544
317,1,0,1e+08,22519339168611,22519339716173,22519340727478,22519340766046,22519340791314,22519341097194,22519341229370,22519341229402,16,20.6079,5.47562,10.113,0.38568,0.25268,3.0588,1.32176
318,1,0,1e+08,22519342096986,22519342349846,22519343575730,22519343581186,22519343620362,22519343982770,22519344127342,22519344127374,16,20.3039,2.5286,12.2588,0.05456,0.39176,3.62408,1.44572
319,1,0,1e+08,22519345188329,22519345457626,22519346030502,22519346034698,22519346064594,22519346343872,22519346880854,22519346881314,16,16.9298,2.69297,5.72876,0.04196,0.29896,2.79278,5.36982
320,1,0,1e+08,22519348274372,22519348512022,22519349465475,22519349473990,22519349552793,22519350074614,22519350242654,22519350242806,16,19.6843,2.3765,9.53453,0.08515,0.78803,5.21821,1.6804
321,1,0,1e+08,22519351591289,22519352268532,22519353166477,22519353199553,22519353220025,22519353510761,22519353680149,22519353680181,16,20.8889,6.77243,8.97945,0.33076,0.20472,2.90736,1.69388
322,1,0,1e+08,22519354591921,22519354866351,22519355687008,22519355691748,22519355716404,22519356071084,22519356268000,22519356268052,16,16.7613,2.7443,8.20657,0.0474,0.24656,3.5468,1.96916
323,1,0,1e+08,22519356668005,22519356955203,22519357361463,22519357364555,22519357384383,22519357799716,22519358241217,22519358241497,16,15.7349,2.87198,4.0626,0.03092,0.19828,4.15333,4.41501
324,1,0,1e+08,22519359544232,22519359819576,22519360368768,22519360372192,22519360399864,22519360683808,22519360846764,22519360846900,16,13.0267,2.75344,5.49192,0.03424,0.27672,2.83944,1.62956
325,1,0,1e+08,22519361509407,22519361748967,22519362216387,22519362219831,22519362243467,22519362897464,22519363250590,22519363250790,16,17.4138,2.3956,4.6742,0.03444,0.23636,6.53997,3.53126
326,1,0,1e+08,22519364605263,22519364845341,22519365527067,22519365532854,22519365580798,22519365927673,22519366127949,22519366128117,16,15.2285,2.40078,6.81726,0.05787,0.47944,3.46875,2.00276
327,1,0,1e+08,22519366524950,22519367058304,22519368146652,22519368150100,22519368172420,22519368482124,22519368648052,22519368648088,16,21.2314,5.33354,10.8835,0.03448,0.2232,3.09704,1.65928
328,1,0,1e+08,22519369446486,22519369732254,22519370263730,22519370267186,22519370316274,22519370601034,22519370733626,22519370733658,16,12.8717,2.85768,5.31476,0.03456,0.49088,2.8476,1.32592
329,1,0,1e+08,22519371271091,22519371634216,22519372768958,22519372798306,22519372817418,22519373108618,22519373264022,22519373264194,16,19.931,3.63125,11.3474,0.29348,0.19112,2.912,1.55404
330,1,0,1e+08,22519374491140,22519375067724,22519376034832,22519376097128,22519376119932,22519376393244,22519376547120,22519376547272,16,20.5613,5.76584,9.67108,0.62296,0.22804,2.73312,1.53876
331,1,0,1e+08,22519377474298,22519377733946,22519378974684,22519379042004,22519379063016,22519379438104,22519379601200,22519379601236,16,21.2694,2.59648,12.4074,0.6732,0.21012,3.75088,1.63096
332,1,0,1e+08,22519380518411,22519380749892,22519381075260,22519381078836,22519381115272,22519381297216,22519381454972,22519381455056,16,9.36645,2.31481,3.25368,0.03576,0.36436,1.81944,1.57756
333,1,0,1e+08,22519382612731,22519382847296,22519383163080,22519383165828,22519383190880,22519383350764,22519383507216,22519383507332,16,8.94601,2.34565,3.15784,0.02748,0.25052,1.59884,1.56452
334,1,0,1e+08,22519384647599,22519385286406,22519386213478,22519386217030,22519386248270,22519386537190,22519386706678,22519386706822,16,20.5922,6.38807,9.27072,0.03552,0.3124,2.8892,1.69488
335,1,0,1e+08,22519387687854,22519387958192,22519388269876,22519388272888,22519388292740,22519388451764,22519388608168,22519388608328,16,9.20474,2.70338,3.11684,0.03012,0.19852,1.59024,1.56404
336,1,0,1e+08,22519389712038,22519390297843,22519391233775,22519391272243,22519391292787,22519391579419,22519391729991,22519391730023,16,20.1798,5.85805,9.35932,0.38468,0.20544,2.86632,1.50572
337,1,0,1e+08,22519393051114,22519393894300,22519394631493,22519394667433,22519394693773,22519394966945,22519395139013,22519395139045,16,20.8793,8.43186,7.37193,0.3594,0.2634,2.73172,1.72068
338,1,0,1e+08,22519396443077,22519397306742,22519398039058,22519398113426,22519398131446,22519398397346,22519398536034,22519398536066,16,20.9299,8.63665,7.32316,0.74368,0.1802,2.659,1.38688
339,1,0,1e+08,22519399363267,22519399625081,22519400234634,22519400238566,22519400279178,22519400525562,22519400691558,22519400691690,16,13.2842,2.61814,6.09553,0.03932,0.40612,2.46384,1.65996
340,1,0,1e+08,22519401259395,22519401623506,22519402766742,22519402770158,22519402792334,22519403152686,22519403324066,22519403324102,16,20.6471,3.64111,11.4324,0.03416,0.22176,3.60352,1.7138
341,1,0,1e+08,22519404185730,22519404430159,22519404914063,22519404917439,22519404940203,22519405215579,22519405372791,22519405372823,16,11.8709,2.44429,4.83904,0.03376,0.22764,2.75376,1.57212
342,1,0,1e+08,22519406047460,22519406483643,22519407645553,22519407648957,22519407685677,22519407995317,22519408167189,22519408167221,16,21.1976,4.36183,11.6191,0.03404,0.3672,3.0964,1.71872
343,1,0,1e+08,22519408974684,22519409607558,22519410590696,22519410698196,22519410722784,22519411020676,22519411198020,22519411198180,16,22.235,6.32874,9.83138,1.075,0.24588,2.97892,1.77344
344,1,0,1e+08,22519412029427,22519412715270,22519413616587,22519413660439,22519413685695,22519413979375,22519414124611,22519414124643,16,20.9522,6.85843,9.01317,0.43852,0.25256,2.9368,1.45236
345,1,0,1e+08,22519415189301,22519415939171,22519416575765,22519416615345,22519416650933,22519416893693,22519417037385,22519417037413,16,18.4811,7.4987,6.36594,0.3958,0.35588,2.4276,1.43692
346,1,0,1e+08,22519417980498,22519418215256,22519419396824,22519419401224,22519419487680,22519419824312,22519419958784,22519419958820,16,19.7832,2.34758,11.8157,0.044,0.86456,3.36632,1.34472
347,1,0,1e+08,22519420931578,22519421598531,22519422521709,22519422525693,22519422583245,22519422861369,22519422995397,22519422995517,16,20.6394,6.66953,9.23178,0.03984,0.57552,2.78124,1.34028
348,1,0,1e+08,22519423802188,22519424046757,22519424554857,22519424558129,22519424620613,22519425440189,22519425657271,22519425657331,16,18.5514,2.44569,5.081,0.03272,0.62484,8.19576,2.17082
349,1,0,1e+08,22519426843534,22519427115946,22519427591410,22519427595274,22519427618042,22519427964330,22519428123410,22519428123450,16,12.7992,2.72412,4.75464,0.03864,0.22768,3.46288,1.5908
350,1,0,1e+08,22519428674569,22519428950814,22519429358862,22519429362206,22519429417690,22519429606114,22519429754022,22519429754126,16,10.7956,2.76245,4.08048,0.03344,0.55484,1.88424,1.47908
351,1,0,1e+08,22519430563948,22519431004869,22519432136729,22519432140305,22519432195425,22519432497473,22519432662585,22519432662697,16,20.9875,4.40921,11.3186,0.03576,0.5512,3.02048,1.65112
352,1,0,1e+08,22519433487650,22519433717451,22519434889640,22519434968945,22519434992725,22519435375753,22519435542161,22519435542197,16,20.5455,2.29801,11.7219,0.79305,0.2378,3.83028,1.66408
353,1,0,1e+08,22519436418923,22519436665833,22519437096193,22519437099441,22519437147209,22519437973593,22519438172516,22519438172576,16,17.5365,2.4691,4.3036,0.03248,0.47768,8.26384,1.98923
354,1,0,1e+08,22519439383783,22519439642337,22519440203765,22519440420117,22519440444165,22519440954030,22519441415929,22519441416157,16,20.3237,2.58554,5.61428,2.16352,0.24048,5.09865,4.61899
355,1,0,1e+08,22519442161460,22519442458513,22519442869085,22519442872501,22519442908149,22519443127813,22519443298493,22519443298525,16,11.3706,2.97053,4.10572,0.03416,0.35648,2.19664,1.7068
356,1,0,1e+08,22519444303629,22519445030115,22519445677228,22519445681252,22519445721852,22519446174341,22519446653765,22519446653857,16,23.5023,7.26486,6.47113,0.04024,0.406,4.52489,4.79424
357,1,0,1e+08,22519446737912,22519447154494,22519447703390,22519447738294,22519447758610,22519447983626,22519448145654,22519448145770,16,14.0786,4.16582,5.48896,0.34904,0.20316,2.25016,1.62028
358,1,0,1e+08,22519449078628,22519449323714,22519450299449,22519450307949,22519450398929,22519450884549,22519451046997,22519451047041,16,19.6841,2.45086,9.75735,0.085,0.9098,4.8562,1.62448
359,1,0,1e+08,22519452086812,22519452547768,22519453598685,22519453650993,22519453669157,22519453969301,22519454134477,22519454134509,16,20.477,4.60956,10.5092,0.52308,0.18164,3.00144,1.65176
360,1,0,1e+08,22519455396171,22519455649395,22519456840813,22519456911005,22519456937273,22519457250873,22519457405497,22519457405625,16,20.0945,2.53224,11.9142,0.70192,0.26268,3.136,1.54624
361,1,0,1e+08,22519458453089,22519459165725,22519459988512,22519460077252,22519460095156,22519460354100,22519460488248,22519460488340,16,20.3525,7.12636,8.22787,0.8874,0.17904,2.58944,1.34148
362,1,0,1e+08,22519461273657,22519462009869,22519462875952,22519462956128,22519462984336,22519463257800,22519463399540,22519463399632,16,21.2598,7.36212,8.66083,0.80176,0.28208,2.73464,1.4174
363,1,0,1e+08,22519464132352,22519464397057,22519465547150,22519465592950,22519465627082,22519465975710,22519466142642,22519466142746,16,20.1039,2.64705,11.5009,0.458,0.34132,3.48628,1.66932
364,1,0,1e+08,22519467091869,22519467804803,22519468676262,22519468719514,22519468748206,22519469036702,22519469178302,22519469178338,16,20.8647,7.12934,8.71459,0.43252,0.28692,2.88496,1.416
365,1,0,1e+08,22519470070003,22519470831231,22519471741457,22519471806805,22519471832581,22519472101217,22519472232785,22519472232873,16,21.6287,7.61228,9.10226,0.65348,0.25776,2.68636,1.31568
366,1,0,1e+08,22519472941204,22519473391136,22519474490762,22519474494750,22519474519018,22519474852370,22519475004398,22519475004510,16,20.6331,4.49932,10.9963,0.03988,0.24268,3.33352,1.52028
367,1,0,1e+08,22519475929197,22519476155615,22519476466423,22519476469139,22519476490571,22519476660083,22519476851459,22519476851527,16,9.2233,2.26418,3.10808,0.02716,0.21432,1.69512,1.91376
368,1,0,1e+08,22519477858803,22519478110191,22519479211415,22519479214967,22519479245973,22519479617713,22519479805237,22519479805341,16,19.4654,2.51388,11.0122,0.03552,0.31006,3.7174,1.87524
369,1,0,1e+08,22519480837062,22519481120690,22519481657428,22519481736698,22519481785833,22519482520613,22519482717678,22519482717822,16,18.8076,2.83628,5.36738,0.7927,0.49135,7.3478,1.97065
370,1,0,1e+08,22519483863690,22519484132394,22519484631462,22519484663306,22519484687390,22519484942382,22519485120066,22519485120166,16,12.5648,2.68704,4.99068,0.31844,0.24084,2.54992,1.77684
371,1,0,1e+08,22519485804890,22519486074842,22519486553114,22519486556370,22519486575714,22519486791094,22519486956326,22519486956410,16,11.5152,2.69952,4.78272,0.03256,0.19344,2.1538,1.65232
372,1,0,1e+08,22519487757912,22519488509129,22519489349580,22519489353812,22519489378904,22519489675320,22519489844868,22519489844900,16,20.8699,7.51217,8.40451,0.04232,0.25092,2.96416,1.69548
373,1,0,1e+08,22519490665618,22519491467981,22519492276210,22519492281258,22519492314350,22519492607646,22519492786218,22519492786250,16,21.2063,8.02363,8.08229,0.05048,0.33092,2.93296,1.78572
374,1,0,1e+08,22519494636128,22519494972456,22519495443720,22519495448500,22519495482288,22519495693372,22519495857012,22519495857152,16,12.2102,3.36328,4.71264,0.0478,0.33788,2.11084,1.6364
375,1,0,1e+08,22519496919343,22519497836532,22519498507770,22519498512154,22519498532218,22519498785414,22519498919374,22519498919406,16,20.0006,9.17189,6.71238,0.04384,0.20064,2.53196,1.3396
376,1,0,1e+08,22519499788967,22519499989547,22519500466943,22519500469795,22519500489699,22519500729671,22519500891855,22519500891887,16,11.0292,2.0058,4.77396,0.02852,0.19904,2.39972,1.62184
377,1,0,1e+08,22519501720453,22519501957754,22519502335606,22519502338586,22519502376718,22519502565754,22519502729578,22519502729602,16,10.0915,2.37301,3.77852,0.0298,0.38132,1.89036,1.63824
378,1,0,1e+08,22519503744106,22519504014690,22519505201710,22519505205430,22519505238234,22519505583698,22519505772934,22519505773066,16,20.2896,2.70584,11.8702,0.0372,0.32804,3.45464,1.89236
379,1,0,1e+08,22519506780422,22519507246658,22519508304440,22519508308688,22519508332276,22519508629984,22519508814580,22519508814696,16,20.3427,4.66236,10.5778,0.04248,0.23588,2.97708,1.84596
380,1,0,1e+08,22519509645519,22519510349992,22519511239941,22519511244121,22519511273369,22519511562929,22519511704129,22519511704221,16,20.587,7.04473,8.89949,0.0418,0.29248,2.8956,1.412
381,1,0,1e+08,22519512541131,22519513183475,22519514069628,22519514073572,22519514122172,22519514412480,22519514551436,22519514551468,16,20.1034,6.42344,8.86153,0.03944,0.486,2.90308,1.38956
382,1,0,1e+08,22519515513020,22519516524979,22519517252448,22519517255588,22519517298160,22519517571632,22519517685280,22519517685312,16,21.7229,10.1196,7.27469,0.0314,0.42572,2.73472,1.13648
383,1,0,1e+08,22519518405613,22519518643827,22519518957487,22519518960211,22519519007743,22519519182191,22519519313199,22519519313223,16,9.0761,2.38214,3.1366,0.02724,0.47532,1.74448,1.31008
384,1,0,1e+08,22519520488336,22519520905715,22519522058438,22519522062666,22519522089658,22519522424518,22519522601534,22519522601658,16,21.1332,4.17379,11.5272,0.04228,0.26992,3.3486,1.77016
385,1,0,1e+08,22519523445190,22519524146896,22519525038822,22519525107514,22519525132958,22519525402118,22519525531166,22519525531202,16,20.8601,7.01706,8.91926,0.68692,0.25444,2.6916,1.29048
386,1,0,1e+08,22519526302677,22519526539738,22519526853358,22519526856342,22519526873342,22519527031370,22519527191722,22519527191858,16,8.89181,2.37061,3.1362,0.02984,0.17,1.58028,1.60352
387,1,0,1e+08,22519528237774,22519529182894,22519529831374,22519529834858,22519529880418,22519530194910,22519530348182,22519530348210,16,21.1044,9.4512,6.4848,0.03484,0.4556,3.14492,1.53272
388,1,0,1e+08,22519531038407,22519531471573,22519532583040,22519532586832,22519532608660,22519532907464,22519533081860,22519533082020,16,20.4361,4.33166,11.1147,0.03792,0.21828,2.98804,1.74396
389,1,0,1e+08,22519534062450,22519535008132,22519535646454,22519535651086,22519535674986,22519535926730,22519536081186,22519536081346,16,20.189,9.45682,6.38322,0.04632,0.239,2.51744,1.54456
390,1,0,1e+08,22519537226614,22519538199084,22519538845897,22519538850849,22519538888621,22519539134285,22519539283997,22519539284137,16,20.5752,9.7247,6.46813,0.04952,0.37772,2.45664,1.49712
391,1,0,1e+08,22519540176026,22519540685310,22519541719207,22519541724031,22519541750103,22519542035719,22519542190503,22519542190623,16,20.146,5.09284,10.339,0.04824,0.26072,2.85616,1.54784
392,1,0,1e+08,22519543060198,22519543728882,22519544577939,22519544615803,22519544641219,22519544908159,22519545043291,22519545043403,16,19.832,6.68684,8.49057,0.37864,0.25416,2.6694,1.35132
393,1,0,1e+08,22519545942951,22519547184649,22519547808802,22519547811770,22519547834446,22519548069910,22519548195098,22519548195210,16,22.5226,12.417,6.24153,0.02968,0.22676,2.35464,1.25188
394,1,0,1e+08,22519548859386,22519549675944,22519550435280,22519550470328,22519550497396,22519550762800,22519550926236,22519550926348,16,20.6696,8.16558,7.59336,0.35048,0.27068,2.65404,1.63436
395,1,0,1e+08,22519552342459,22519552792502,22519553367303,22519553416459,22519553440351,22519553673143,22519553843991,22519553844107,16,15.0165,4.50043,5.74801,0.49156,0.23892,2.32792,1.70848
396,1,0,1e+08,22519555507474,22519555833582,22519556303206,22519556330450,22519556355226,22519556568874,22519556746314,22519556746338,16,12.3886,3.26108,4.69624,0.27244,0.24776,2.13648,1.7744
397,1,0,1e+08,22519558811910,22519559035550,22519559388586,22519559412654,22519559432450,22519560294178,22519560499864,22519560500064,16,16.8815,2.2364,3.53036,0.24068,0.19796,8.61728,2.05686
398,1,0,1e+08,22519561908262,22519562154502,22519563438529,22519563463413,22519563481101,22519563817353,22519563953301,22519563953337,16,20.4507,2.4624,12.8403,0.24884,0.17688,3.36252,1.35948
399,1,0,1e+08,22519565044488,22519565890168,22519566688138,22519566692062,22519566709582,22519566981670,22519567106954,22519567107078,16,20.6259,8.4568,7.9797,0.03924,0.1752,2.72088,1.25284
400,1,0,1e+08,22519567910927,22519568285647,22519569382833,22519569415065,22519569440885,22519569735409,22519569877129,22519569877165,16,19.6624,3.7472,10.9719,0.32232,0.2582,2.94524,1.4172
401,1,0,1e+08,22519570760868,22519571491798,22519572308392,22519572343200,22519572368208,22519572630976,22519572774156,22519572774304,16,20.1344,7.3093,8.16594,0.34808,0.25008,2.62768,1.4318
402,1,0,1e+08,22519573574884,22519574229693,22519575135068,22519575197756,22519575224288,22519575495932,22519575619968,22519575620000,16,20.4512,6.54809,9.05375,0.62688,0.26532,2.71644,1.24036
403,1,0,1e+08,22519576401739,22519577158593,22519577972794,22519578044010,22519578070062,22519578345422,22519578491910,22519578492030,16,20.9029,7.56854,8.14201,0.71216,0.26052,2.7536,1.46488
404,1,0,1e+08,22519579233602,22519579976054,22519580802953,22519580846713,22519580872013,22519581176545,22519581293837,22519581293869,16,20.6027,7.42452,8.26899,0.4376,0.253,3.04532,1.17292
405,1,0,1e+08,22519582065088,22519582444539,22519583579977,22519583584449,22519583636833,22519583958389,22519584093277,22519584093313,16,20.2823,3.79451,11.3544,0.04472,0.52384,3.21556,1.34888
406,1,0,1e+08,22519584998489,22519585235069,22519585554105,22519585556785,22519585575321,22519585735553,22519585906225,22519585906337,16,9.07848,2.3658,3.19036,0.0268,0.18536,1.60232,1.70672
407,1,0,1e+08,22519586986365,22519587276975,22519588405308,22519588409676,22519588444373,22519588848582,22519589047662,22519589047802,16,20.6144,2.9061,11.2833,0.04368,0.34697,4.04209,1.9908
408,1,0,1e+08,22519590067373,22519590344653,22519590654017,22519590656325,22519590682729,22519590848293,22519591031317,22519591031405,16,9.64032,2.7728,3.09364,0.02308,0.26404,1.65564,1.83024
409,1,0,1e+08,22519592229788,22519593210980,22519593861017,22519593866377,22519593942761,22519594181389,22519594325557,22519594325589,16,20.958,9.81192,6.50037,0.0536,0.76384,2.38628,1.44168
410,1,0,1e+08,22519595211379,22519595639082,22519596755725,22519596842137,22519596870073,22519597167773,22519597315665,22519597315697,16,21.0432,4.27703,11.1664,0.86412,0.27936,2.977,1.47892
411,1,0,1e+08,22519598225347,22519598433141,22519599423998,22519599495916,22519599542301,22519600041769,22519600215121,22519600215249,16,19.899,2.07794,9.90857,0.71918,0.46385,4.99468,1.73352
412,1,0,1e+08,22519601254495,22519601934453,22519602839075,22519602874695,22519602900527,22519603176535,22519603309791,22519603309911,16,20.5542,6.79958,9.04622,0.3562,0.25832,2.76008,1.33256
413,1,0,1e+08,22519604083499,22519604627136,22519605634850,22519605640418,22519605686694,22519606024002,22519606173762,22519606173882,16,20.9038,5.43637,10.0771,0.05568,0.46276,3.37308,1.4976
414,1,0,1e+08,22519607094409,22519607387550,22519607866890,22519607870986,22519607902082,22519608521596,22519608835948,22519608836008,16,17.416,2.93141,4.7934,0.04096,0.31096,6.19514,3.14352
415,1,0,1e+08,22519610076045,22519610334838,22519610703930,22519610707906,22519610730634,22519610949678,22519611144350,22519611144442,16,10.684,2.58793,3.69092,0.03976,0.22728,2.19044,1.94672
416,1,0,1e+08,22519612038012,22519612241396,22519612627416,22519612630984,22519612706720,22519612916008,22519613090572,22519613090600,16,10.5259,2.03384,3.8602,0.03568,0.75736,2.09288,1.74564
417,1,0,1e+08,22519613918199,22519614279079,22519615390914,22519615393966,22519615438074,22519615797846,22519615976470,22519615976594,16,20.584,3.6088,11.1184,0.03052,0.44108,3.59772,1.78624
418,1,0,1e+08,22519616803935,22519617340873,22519618382326,22519618448198,22519618469334,22519618776218,22519618954678,22519618954786,16,21.5085,5.36938,10.4145,0.65872,0.21136,3.06884,1.7846
419,1,0,1e+08,22519619895697,22519620152693,22519620465561,22519620468333,22519620484889,22519620637965,22519620791145,22519620791221,16,8.95524,2.56996,3.12868,0.02772,0.16556,1.53076,1.5318
420,1,0,1e+08,22519622348209,22519623047819,22519623967370,22519623972454,22519624007930,22519624286282,22519624430402,22519624430490,16,20.8228,6.9961,9.19551,0.05084,0.35476,2.78352,1.4412
421,1,0,1e+08,22519625115845,22519626121719,22519626799336,22519626804372,22519626830672,22519627084020,22519627223104,22519627223196,16,21.0735,10.0587,6.77617,0.05036,0.263,2.53348,1.39084
422,1,0,1e+08,22519628062755,22519628821382,22519629733500,22519629738084,22519629779888,22519630063340,22519630194724,22519630194816,16,21.3206,7.58627,9.12118,0.04584,0.41804,2.83452,1.31384
423,1,0,1e+08,22519630996797,22519631231539,22519631548423,22519631551195,22519631590627,22519631781959,22519631930575,22519631930599,16,9.33802,2.34742,3.16884,0.02772,0.39432,1.91332,1.48616
424,1,0,1e+08,22519632979246,22519633227712,22519633542836,22519633545704,22519633585860,22519634078532,22519634450183,22519634450271,16,14.7102,2.48466,3.15124,0.02868,0.40156,4.92672,3.71651
425,1,0,1e+08,22519636036586,22519636258882,22519636577522,22519636580878,22519636601310,22519636767110,22519636944082,22519636944106,16,9.0752,2.22296,3.1864,0.03356,0.20432,1.658,1.76972
426,1,0,1e+08,22519638030295,22519638258380,22519638575324,22519638578148,22519638595492,22519638754896,22519638909508,22519638909576,16,8.79281,2.28085,3.16944,0.02824,0.17344,1.59404,1.54612
427,1,0,1e+08,22519640102287,22519640360199,22519641646228,22519641649792,22519641698464,22519642052076,22519642221728,22519642221764,16,21.1948,2.57912,12.8603,0.03564,0.48672,3.53612,1.69652
428,1,0,1e+08,22519643139871,22519643946048,22519644712482,22519644716378,22519644754374,22519645040766,22519645221042,22519645221138,16,20.8127,8.06177,7.66434,0.03896,0.37996,2.86392,1.80276
429,1,0,1e+08,22519646048949,22519646878140,22519647630021,22519647707997,22519647734389,22519647998645,22519648122261,22519648122293,16,20.7334,8.29191,7.51881,0.77976,0.26392,2.64256,1.23616
430,1,0,1e+08,22519648963412,22519649214068,22519649537916,22519649540428,22519649578216,22519649741484,22519649916400,22519649916492,16,9.5308,2.50656,3.23848,0.02512,0.37788,1.63268,1.74916
431,1,0,1e+08,22519651113997,22519651369266,22519651684314,22519651687886,22519651718038,22519652341509,22519652665856,22519652666048,16,15.5205,2.55269,3.15048,0.03572,0.30152,6.23471,3.24347
432,1,0,1e+08,22519654061014,22519654315159,22519655503988,22519655510020,22519655555200,22519655921700,22519656062004,22519656062040,16,20.0103,2.54145,11.8883,0.06032,0.4518,3.665,1.40304
433,1,0,1e+08,22519657117122,22519658107664,22519658767277,22519658825209,22519658842729,22519659097841,22519659232993,22519659233093,16,21.1597,9.90542,6.59613,0.57932,0.1752,2.55112,1.35152
434,1,0,1e+08,22519660044730,22519660840060,22519661612285,22519661616541,22519661695977,22519661971549,22519662095257,22519662095321,16,20.5059,7.9533,7.72225,0.04256,0.79436,2.75572,1.23708
435,1,0,1e+08,22519662904392,22519663372512,22519664443581,22519664447769,22519664491245,22519664805825,22519664956533,22519664956569,16,20.5218,4.6812,10.7107,0.04188,0.43476,3.1458,1.50708
436,1,0,1e+08,22519665850318,22519666616394,22519667410951,22519667416279,22519667468491,22519667754355,22519667872567,22519667872599,16,20.2228,7.66076,7.94557,0.05328,0.52212,2.85864,1.18212
437,1,0,1e+08,22519668658499,22519669336405,22519670187546,22519670193006,22519670242126,22519670540290,22519670670602,22519670670634,16,20.1213,6.77906,8.51141,0.0546,0.4912,2.98164,1.30312
438,1,0,1e+08,22519671631236,22519672202478,22519673151753,22519673155253,22519673189289,22519673469633,22519673610189,22519673610221,16,19.7899,5.71242,9.49275,0.035,0.34036,2.80344,1.40556
439,1,0,1e+08,22519674681227,22519675425177,22519676207861,22519676212145,22519676239129,22519676507277,22519676631785,22519676631817,16,19.5059,7.4395,7.82684,0.04284,0.26984,2.68148,1.24508
440,1,0,1e+08,22519677485211,22519677726865,22519678174057,22519678177401,22519678195805,22519678507749,22519678661905,22519678661937,16,11.7673,2.41654,4.47192,0.03344,0.18404,3.11944,1.54156
441,1,0,1e+08,22519679312586,22519679959014,22519680868610,22519680894958,22519680913506,22519681194814,22519681361114,22519681361214,16,20.4863,6.46428,9.09596,0.26348,0.18548,2.81308,1.663
442,1,0,1e+08,22519682154379,22519682452789,22519682944557,22519682948021,22519682971869,22519683248785,22519683410033,22519683410137,16,12.5576,2.9841,4.91768,0.03464,0.23848,2.76916,1.61248
443,1,0,1e+08,22519684003003,22519684303415,22519685514237,22519685517845,22519685537761,22519685852337,22519686008829,22519686008933,16,20.0593,3.00412,12.1082,0.03608,0.19916,3.14576,1.56492
444,1,0,1e+08,22519687113533,22519687606498,22519688675964,22519688679960,22519688721760,22519689049000,22519689253188,22519689253220,16,21.3969,4.92965,10.6947,0.03996,0.418,3.2724,2.04188
445,1,0,1e+08,22519690349216,22519690885321,22519691972482,22519691977878,22519692015326,22519692317294,22519692440334,22519692440370,16,20.9115,5.36105,10.8716,0.05396,0.37448,3.01968,1.2304
446,1,0,1e+08,22519693347970,22519694159913,22519694923597,22519694928277,22519694968281,22519695241961,22519695371929,22519695371961,16,20.2399,8.11943,7.63684,0.0468,0.40004,2.7368,1.29968
447,1,0,1e+08,22519696468806,22519697197184,22519697847271,22519697898751,22519697922911,22519698162491,22519698307579,22519698307611,16,18.388,7.28378,6.50087,0.5148,0.2416,2.3958,1.45088
448,1,0,1e+08,22519699256707,22519699520623,22519700056123,22519700059423,22519700091291,22519700309759,22519700460323,22519700460355,16,12.0365,2.63916,5.355,0.033,0.31868,2.18468,1.50564
449,1,0,1e+08,22519701320210,22519702006889,22519702876069,22519702901793,22519702925109,22519703208077,22519703384009,22519703384041,16,20.6383,6.86679,8.6918,0.25724,0.23316,2.82968,1.75932
450,1,0,1e+08,22519704660812,22519705332367,22519706190305,22519706271565,22519706289977,22519706557597,22519706675057,22519706675089,16,20.1428,6.71555,8.57938,0.8126,0.18412,2.6762,1.1746
451,1,0,1e+08,22519707387552,22519707876805,22519708927014,22519708967174,22519708992290,22519709271238,22519709412138,22519709412254,16,20.247,4.89253,10.5021,0.4016,0.25116,2.78948,1.409
452,1,0,1e+08,22519710264476,22519710934543,22519711799750,22519711837690,22519711863438,22519712128346,22519712273298,22519712273414,16,20.0894,6.70067,8.65207,0.3794,0.25748,2.64908,1.44952
453,1,0,1e+08,22519713097850,22519713369940,22519713801520,22519713804476,22519713822544,22519714637407,22519714868700,22519714868764,16,17.7091,2.7209,4.3158,0.02956,0.18068,8.14863,2.31293
454,1,0,1e+08,22519716168398,22519716426795,22519716873439,22519716878075,22519716914651,22519717147331,22519717316527,22519717316559,16,11.4816,2.58397,4.46644,0.04636,0.36576,2.3268,1.69196
455,1,0,1e+08,22519718161433,22519718838967,22519719687046,22519719691322,22519719714650,22519719997190,22519720140898,22519720141010,16,19.7958,6.77534,8.48079,0.04276,0.23328,2.8254,1.43708
456,1,0,1e+08,22519720925818,22519721911785,22519722587083,22519722646975,22519722673659,22519722921863,22519723055207,22519723055315,16,21.295,9.85967,6.75298,0.59892,0.26684,2.48204,1.33344
457,1,0,1e+08,22519723873440,22519724647560,22519725470561,22519725526269,22519725553009,22519725833733,22519725978761,22519725978889,16,21.0545,7.7412,8.23001,0.55708,0.2674,2.80724,1.45028
458,1,0,1e+08,22519726806478,22519727296515,22519728254905,22519728292973,22519728318541,22519728602173,22519728753129,22519728753265,16,19.4679,4.90037,9.5839,0.38068,0.25568,2.83632,1.50956
459,1,0,1e+08,22519729602650,22519730110516,22519731133129,22519731171973,22519731197609,22519731478465,22519731624765,22519731624953,16,20.223,5.07866,10.2261,0.38844,0.25636,2.80856,1.463
460,1,0,1e+08,22519732571612,22519732830068,22519733284096,22519733288164,22519733310620,22519733606699,22519734099418,22519734099603,16,15.2799,2.58456,4.54028,0.04068,0.22456,2.96079,4.92719
461,1,0,1e+08,22519735546242,22519735829094,22519736167034,22519736170634,22519736234070,22519736831890,22519737157030,22519737157238,16,16.11,2.82852,3.3794,0.036,0.63436,5.9782,3.2514
462,1,0,1e+08,22519738468180,22519738719657,22519739041445,22519739044749,22519739064521,22519739228277,22519739410457,22519739410557,16,9.42377,2.51477,3.21788,0.03304,0.19772,1.63756,1.8218
463,1,0,1e+08,22519740433958,22519741413460,22519742067713,22519742074469,22519742120777,22519742368709,22519742527965,22519742528101,16,20.9414,9.79502,6.54253,0.06756,0.46308,2.47932,1.59256
464,1,0,1e+08,22519743577521,22519744413672,22519745150250,22519745154874,22519745183022,22519745447370,22519745597374,22519745597546,16,20.2003,8.36151,7.36578,0.04624,0.28148,2.64348,1.50004
465,1,0,1e+08,22519746613171,22519747560240,22519748232513,22519748240029,22519748273745,22519748525157,22519748680725,22519748680901,16,20.6773,9.47069,6.72273,0.07516,0.33716,2.51412,1.55568
466,1,0,1e+08,22519749625276,22519750610472,22519751260995,22519751265419,22519751292451,22519751540223,22519751693543,22519751693575,16,20.683,9.85196,6.50523,0.04424,0.27032,2.47772,1.5332
467,1,0,1e+08,22519752617092,22519753146392,22519754140590,22519754144726,22519754173254,22519754457054,22519754616922,22519754617074,16,19.9998,5.293,9.94198,0.04136,0.28528,2.838,1.59868
468,1,0,1e+08,22519755550457,22519755960520,22519757092966,22519757097998,22519757135578,22519757425066,22519757569286,22519757569422,16,20.1897,4.10063,11.3245,0.05032,0.3758,2.89488,1.4422
469,1,0,1e+08,22519758482895,22519759607708,22519760265985,22519760270593,22519760305901,22519760556125,22519760693473,22519760693581,16,22.1069,11.2481,6.58277,0.04608,0.35308,2.50224,1.37348
470,1,0,1e+08,22519761417884,22519762214374,22519763009841,22519763051901,22519763077037,22519763349261,22519763497585,22519763497701,16,20.7982,7.9649,7.95467,0.4206,0.25136,2.72224,1.48324
471,1,0,1e+08,22519764360258,22519764633023,22519764952535,22519764955367,22519764988787,22519765150567,22519765328067,22519765328163,16,9.67905,2.72765,3.19512,0.02832,0.3342,1.6178,1.775
472,1,0,1e+08,22519766348800,22519766771891,22519767930966,22519767970710,22519767995166,22519768309666,22519768482758,22519768482790,16,21.3399,4.23091,11.5907,0.39744,0.24456,3.145,1.73092
473,1,0,1e+08,22519769391216,22519769647340,22519769961212,22519769964580,22519770005244,22519770162712,22519770347908,22519770348016,16,9.568,2.56124,3.13872,0.03368,0.40664,1.57468,1.85196
474,1,0,1e+08,22519771378809,22519771680708,22519772911502,22519772915718,22519772938710,22519773263678,22519773457498,22519773457534,16,20.7873,3.01899,12.3079,0.04216,0.22992,3.24968,1.9382
475,1,0,1e+08,22519774378787,22519775132526,22519775964909,22519775968969,22519775993229,22519776282189,22519776432029,22519776432185,16,20.534,7.53739,8.32383,0.0406,0.2426,2.8896,1.4984
476,1,0,1e+08,22519777296374,22519777811940,22519778832997,22519778837349,22519778861621,22519779146717,22519779283829,22519779283969,16,19.8759,5.15566,10.2106,0.04352,0.24272,2.85096,1.37112
477,1,0,1e+08,22519780343294,22519781176799,22519781881773,22519781917957,22519781945973,22519782202285,22519782343645,22519782343677,16,20.0038,8.33505,7.04974,0.36184,0.28016,2.56312,1.4136
478,1,0,1e+08,22519783255066,22519784138903,22519784857069,22519784885429,22519784907897,22519785172009,22519785315073,22519785315185,16,20.6012,8.83837,7.18166,0.2836,0.22468,2.64112,1.43064
479,1,0,1e+08,22519786147684,22519786845306,22519787739263,22519787800059,22519787822399,22519788096207,22519788241067,22519788241163,16,20.9348,6.97622,8.93957,0.60796,0.2234,2.73808,1.4486
480,1,0,1e+08,22519789398899,22519789973053,22519790942266,22519790985986,22519791011286,22519791297946,22519791459694,22519791459726,16,20.6083,5.74154,9.69213,0.4372,0.253,2.8666,1.61748
481,1,0,1e+08,22519792523993,22519793066168,22519794051446,22519794099442,22519794126982,22519794400938,22519794557142,22519794557226,16,20.3323,5.42175,9.85278,0.47996,0.2754,2.73956,1.56204
482,1,0,1e+08,22519795511669,22519796061712,22519797092157,22519797191585,22519797217525,22519797494349,22519797643273,22519797643377,16,21.3171,5.50043,10.3044,0.99428,0.2594,2.76824,1.48924
483,1,0,1e+08,22519798585800,22519798840032,22519800118469,22519800171997,22519800202953,22519800537705,22519800675401,22519800675437,16,20.8964,2.54232,12.7844,0.53528,0.30956,3.34752,1.37696
484,1,0,1e+08,22519801618195,22519801875501,22519802267209,22519802270145,22519802301869,22519802525465,22519802704673,22519802704757,16,10.8656,2.57306,3.91708,0.02936,0.31724,2.23596,1.79208
485,1,0,1e+08,22519803564450,22519803827963,22519804197975,22519804201103,22519804224635,22519804415807,22519804574523,22519804574607,16,10.1016,2.63513,3.70012,0.03128,0.23532,1.91172,1.58716
486,1,0,1e+08,22519805510113,22519805707113,22519806803574,22519806807486,22519806858558,22519807207038,22519807363674,22519807363710,16,18.536,1.97,10.9646,0.03912,0.51072,3.4848,1.56636
487,1,0,1e+08,22519808351187,22519809326244,22519809968814,22519809972734,22519810002546,22519810257670,22519810448838,22519810448930,16,20.9774,9.75057,6.4257,0.0392,0.29812,2.55124,1.91168
488,1,0,1e+08,22519811255483,22519811975477,22519812791827,22519812912099,22519812939451,22519813201231,22519813370607,22519813370691,16,21.1521,7.19994,8.1635,1.20272,0.27352,2.6178,1.69376
489,1,0,1e+08,22519814133597,22519814366145,22519814694581,22519814697605,22519814735693,22519814893285,22519815056813,22519815056905,16,9.23308,2.32548,3.28436,0.03024,0.38088,1.57592,1.63528
490,1,0,1e+08,22519816222846,22519816469748,22519816781468,22519816784668,22519816802484,22519816961052,22519817123192,22519817123260,16,9.00414,2.46902,3.1172,0.032,0.17816,1.58568,1.6214
491,1,0,1e+08,22519818202991,22519818700142,22519819726676,22519819730412,22519819752316,22519820042176,22519820224304,22519820224396,16,20.2141,4.97151,10.2653,0.03736,0.21904,2.8986,1.82128
492,1,0,1e+08,22519821070807,22519822045804,22519822707534,22519822711302,22519822732510,22519822994218,22519823175702,22519823175826,16,21.0502,9.74997,6.6173,0.03768,0.21208,2.61708,1.81484
493,1,0,1e+08,22519825006609,22519825316207,22519825737103,22519825740023,22519825761255,22519825959951,22519826139255,22519826139343,16,11.3273,3.09598,4.20896,0.0292,0.21232,1.98696,1.79304
494,1,0,1e+08,22519827209991,22519827455811,22519828663041,22519828668005,22519828694501,22519829019737,22519829168245,22519829168357,16,19.5837,2.4582,12.0723,0.04964,0.26496,3.25236,1.48508
495,1,0,1e+08,22519830120813,22519831073294,22519831731466,22519831767558,22519831793514,22519832040230,22519832172330,22519832172418,16,20.516,9.52481,6.58172,0.36092,0.25956,2.46716,1.321
496,1,0,1e+08,22519832964388,22519833548549,22519834512550,22519834600554,22519834627134,22519834897750,22519835027570,22519835027682,16,20.6329,5.84161,9.64001,0.88004,0.2658,2.70616,1.2982
497,1,0,1e+08,22519835792746,22519836282820,22519837329157,22519837370441,22519837399541,22519837687821,22519837846653,22519837846741,16,20.54,4.90074,10.4634,0.41284,0.291,2.8828,1.58832
498,1,0,1e+08,22519838716102,22519839403891,22519840286629,22519840351709,22519840378669,22519840655985,22519840789453,22519840789545,16,20.7344,6.87789,8.82738,0.6508,0.2696,2.77316,1.33468
499,1,0,1e+08,22519841591730,22519841867096,22519842434628,22519842438720,22519842467856,22519842960803,22519843436944,22519843437168,16,18.4544,2.75366,5.67532,0.04092,0.29136,4.92947,4.76141
500,1,0,1e+08,22519844634900,22519844859481,22519845201673,22519845205801,22519845283464,22519846186494,22519846370911,22519846370963,16,17.3606,2.24581,3.42192,0.04128,0.77663,9.0303,1.84417
501,1,0,1e+08,22519847573453,22519847893951,22519849080866,22519849124550,22519849143142,22519849432658,22519849579274,22519849579370,16,20.0592,3.20498,11.8691,0.43684,0.18592,2.89516,1.46616
502,1,0,1e+08,22519850435641,22519850670918,22519850982958,22519850985330,22519851014562,22519851173462,22519851342694,22519851342770,16,9.07129,2.35277,3.1204,0.02372,0.29232,1.589,1.69232
503,1,0,1e+08,22519852487199,22519853231588,22519854089733,22519854093329,22519854116133,22519854399437,22519854592817,22519854592961,16,21.0576,7.44389,8.58145,0.03596,0.22804,2.83304,1.9338
504,1,0,1e+08,22519855343077,22519856299007,22519856983239,22519856987079,22519857011771,22519857281927,22519857445179,22519857445303,16,21.0223,9.5593,6.84232,0.0384,0.24692,2.70156,1.63252
505,1,0,1e+08,22519858346603,22519858575700,22519859729975,22519859733747,22519859761368,22519860135020,22519860287532,22519860287660,16,19.4106,2.29097,11.5427,0.03772,0.27621,3.73652,1.52512
506,1,0,1e+08,22519861456535,22519861991804,22519863084777,22519863276417,22519863294153,22519863554081,22519863695513,22519863695605,16,22.3907,5.35269,10.9297,1.9164,0.17736,2.59928,1.41432
507,1,0,1e+08,22519864483743,22519865389914,22519866147870,22519866152114,22519866186826,22519866450086,22519866602470,22519866602610,16,21.1887,9.06171,7.57956,0.04244,0.34712,2.6326,1.52384
508,1,0,1e+08,22519867575754,22519867837224,22519868252188,22519868280232,22519868299752,22519868513844,22519868679632,22519868679740,16,11.0399,2.6147,4.14964,0.28044,0.1952,2.14092,1.65788
509,1,0,1e+08,22519869525225,22519869859037,22519871064439,22519871096195,22519871116579,22519871417935,22519871590975,22519871591087,16,20.6586,3.33812,12.054,0.31756,0.20384,3.01356,1.7304
510,1,0,1e+08,22519872808692,22519873054933,22519874318484,22519874363973,22519874393609,22519874719733,22519874868001,22519874868101,16,20.5941,2.46241,12.6355,0.45489,0.29636,3.26124,1.48268
511,1,0,1e+08,22519875759876,22519876159191,22519877340773,22519877391405,22519877420205,22519877715249,22519877854785,22519877854877,16,20.95,3.99315,11.8158,0.50632,0.288,2.95044,1.39536
512,1,0,1e+08,22519878895608,22519879289462,22519880399494,22519880444562,22519880471542,22519880755070,22519880896982,22519880897130,16,20.0152,3.93854,11.1003,0.45068,0.2698,2.83528,1.41912
513,1,0,1e+08,22519881785911,22519882309375,22519883386500,22519883428588,22519883455420,22519883750400,22519883900052,22519883900172,16,21.1426,5.23464,10.7713,0.42088,0.26832,2.9498,1.49652
514,1,0,1e+08,22519884771354,22519885465738,22519886361842,22519886367574,22519886408238,22519886715530,22519886851750,22519886851902,16,20.8055,6.94384,8.96104,0.05732,0.40664,3.07292,1.3622
515,1,0,1e+08,22519887624577,22519887933836,22519889158126,22519889162894,22519889193058,22519889542726,22519889684226,22519889684258,16,20.5968,3.09259,12.2429,0.04768,0.30164,3.49668,1.415
516,1,0,1e+08,22519890567752,22519891336895,22519892120486,22519892124994,22519892152642,22519892421062,22519892579390,22519892579422,16,20.1167,7.69143,7.83591,0.04508,0.27648,2.6842,1.58328
517,1,0,1e+08,22519893513989,22519894488104,22519895149321,22519895154121,22519895182049,22519895437097,22519895569137,22519895569165,16,20.5518,9.74115,6.61217,0.048,0.27928,2.55048,1.3204
518,1,0,1e+08,22519896431523,22519897412848,22519898060502,22519898065302,22519898091934,22519898337954,22519898479982,22519898480138,16,20.4862,9.81325,6.47654,0.048,0.26632,2.4602,1.42028
519,1,0,1e+08,22519899300270,22519899537358,22519900742681,22519900747730,22519900783806,22519901124870,22519901289390,22519901289546,16,19.8928,2.37088,12.0532,0.05049,0.36076,3.41064,1.6452
520,1,0,1e+08,22519902329067,22519902552879,22519903662212,22519903667640,22519903736624,22519904199225,22519904374309,22519904374465,16,20.454,2.23812,11.0933,0.05428,0.68984,4.62601,1.75084
521,1,0,1e+08,22519905444049,22519905689817,22519906315007,22519906318891,22519906343147,22519906603887,22519906768499,22519906768531,16,13.2448,2.45768,6.2519,0.03884,0.24256,2.6074,1.64612
522,1,0,1e+08,22519907385289,22519908224522,22519908956261,22519908990029,22519909018017,22519909284901,22519909455309,22519909455421,16,20.7013,8.39233,7.31739,0.33768,0.27988,2.66884,1.70408
523,1,0,1e+08,22519910220577,22519910934270,22519911793257,22519911828213,22519911853013,22519912129693,22519912285485,22519912285645,16,20.6507,7.13693,8.58987,0.34956,0.248,2.7668,1.55792
524,1,0,1e+08,22519913182426,22519913820994,22519914691893,22519914731949,22519914760201,22519915033269,22519915167489,22519915167521,16,19.8509,6.38568,8.70899,0.40056,0.28252,2.73068,1.3422
525,1,0,1e+08,22519916108983,22519916675510,22519917658563,22519917766391,22519917794147,22519918058507,22519918208343,22519918208491,16,20.9951,5.66527,9.83053,1.07828,0.27756,2.6436,1.49836
526,1,0,1e+08,22519919109410,22519919651821,22519920697587,22519920702695,22519920768367,22519921053299,22519921204819,22519921204947,16,20.9554,5.42411,10.4577,0.05108,0.65672,2.84932,1.5152
527,1,0,1e+08,22519922142851,22519922857963,22519923752689,22519923757617,22519923795777,22519924110553,22519924252537,22519924252705,16,21.0985,7.15112,8.94726,0.04928,0.3816,3.14776,1.41984
528,1,0,1e+08,22519925180758,22519925798696,22519926676374,22519926680750,22519926704946,22519927012262,22519927143526,22519927143558,16,19.628,6.17938,8.77678,0.04376,0.24196,3.07316,1.31264
529,1,0,1e+08,22519927990554,22519928243426,22519928703526,22519928706958,22519928725842,22519928967166,22519929132998,22519929133178,16,11.4262,2.52872,4.601,0.03432,0.18884,2.41324,1.65832
530,1,0,1e+08,22519929806433,22519930448559,22519931417644,22519931449224,22519931471536,22519931804380,22519931961404,22519931961436,16,21.55,6.42126,9.69085,0.3158,0.22312,3.32844,1.57024
531,1,0,1e+08,22519932757616,22519933295434,22519934381372,22519934413116,22519934437332,22519934737248,22519934919836,22519934920012,16,21.624,5.37818,10.8594,0.31744,0.24216,2.99916,1.82588
532,1,0,1e+08,22519935738670,22519935971611,22519936304451,22519936308191,22519936337619,22519936493519,22519936664319,22519936664411,16,9.25741,2.32941,3.3284,0.0374,0.29428,1.559,1.708
533,1,0,1e+08,22519937728289,22519937967482,22519938279898,22519938282258,22519938298294,22519938457378,22519938618990,22519938619134,16,8.90845,2.39193,3.12416,0.0236,0.16036,1.59084,1.61612
534,1,0,1e+08,22519939703700,22519940307912,22519941308314,22519941311882,22519941331910,22519941633126,22519941823494,22519941823646,16,21.1995,6.04212,10.004,0.03568,0.20028,3.01216,1.90368
535,1,0,1e+08,22519942735415,22519943639900,22519944271857,22519944275677,22519944297901,22519944552457,22519944729533,22519944729657,16,19.9424,9.04485,6.31957,0.0382,0.22224,2.54556,1.77076
536,1,0,1e+08,22519945562713,22519945821749,22519946988506,22519947028094,22519947053226,22519947398826,22519947587498,22519947587642,16,20.2493,2.59036,11.6676,0.39588,0.25132,3.456,1.88672
537,1,0,1e+08,22519948565480,22519949389360,22519950197121,22519950230205,22519950257641,22519950525177,22519950661701,22519950661809,16,20.9633,8.2388,8.07761,0.33084,0.27436,2.67536,1.36524
538,1,0,1e+08,22519951467476,22519951907417,22519953006711,22519953043967,22519953064827,22519953354071,22519953515951,22519953516075,16,20.486,4.39941,10.9929,0.37256,0.2086,2.89244,1.6188
539,1,0,1e+08,22519954578245,22519955217589,22519956088011,22519956130367,22519956153731,22519956427647,22519956582123,22519956582159,16,20.0391,6.39344,8.70422,0.42356,0.23364,2.73916,1.54476
540,1,0,1e+08,22519957738930,22519958073649,22519959207229,22519959251873,22519959283277,22519959576257,22519959718201,22519959718233,16,19.793,3.34719,11.3358,0.44644,0.31404,2.9298,1.41944
541,1,0,1e+08,22519961466417,22519961774309,22519962238617,22519962243061,22519962274465,22519962483641,22519962668533,22519962668661,16,12.0224,3.07892,4.64308,0.04444,0.31404,2.09176,1.84892
542,1,0,1e+08,22519963523948,22519963983813,22519965031482,22519965071070,22519965099262,22519965391974,22519965528466,22519965528502,16,20.0455,4.59865,10.4767,0.39588,0.28192,2.92712,1.36492
543,1,0,1e+08,22519966423728,22519966858278,22519967997381,22519968046645,22519968077025,22519968379545,22519968534517,22519968534549,16,21.1082,4.3455,11.391,0.49264,0.3038,3.0252,1.54972
544,1,0,1e+08,22519969463754,22519970315072,22519971056336,22519971290584,22519971307616,22519971535536,22519971658216,22519971658316,16,21.9456,8.51318,7.41264,2.34248,0.17032,2.2792,1.2268
545,1,0,1e+08,22519972308864,22519972588958,22519973040934,22519973045090,22519973069126,22519973317858,22519973470686,22519973470718,16,11.6185,2.80094,4.51976,0.04156,0.24036,2.48732,1.52828
546,1,0,1e+08,22519974343699,22519974594195,22519975811762,22519975815410,22519975843174,22519976171238,22519976368594,22519976368662,16,20.2496,2.50496,12.1757,0.03648,0.27764,3.28064,1.97356
547,1,0,1e+08,22519978680702,22519978959086,22519979520238,22519979527290,22519979563146,22519980595852,22519980792550,22519980792706,16,21.12,2.78384,5.61152,0.07052,0.35856,10.3271,1.96698
548,1,0,1e+08,22519983255909,22519983589765,22519984079389,22519984083913,22519984119161,22519984397117,22519984611945,22519984611981,16,13.5607,3.33856,4.89624,0.04524,0.35248,2.77956,2.14828
549,1,0,1e+08,22519985724679,22519986704976,22519987410583,22519987456163,22519987489475,22519987739699,22519987876535,22519987876567,16,21.5189,9.80297,7.05607,0.4558,0.33312,2.50224,1.36836
550,1,0,1e+08,22519988771229,22519989087747,22519989898377,22519989901757,22519989942445,22519990288169,22519990495673,22519990495733,16,17.245,3.16518,8.1063,0.0338,0.40688,3.45724,2.07504
551,1,0,1e+08,22519990757494,22519991099484,22519991661448,22519991664792,22519991686048,22519991993708,22519992141464,22519992141504,16,13.8401,3.4199,5.61964,0.03344,0.21256,3.0766,1.47756
552,1,0,1e+08,22519992630390,22519992895040,22519993289304,22519993292376,22519993312028,22519993512972,22519993669580,22519993669608,16,10.3922,2.6465,3.94264,0.03072,0.19652,2.00944,1.56608
553,1,0,1e+08,22519994582568,22519995562097,22519996227345,22519996298497,22519996319161,22519996567173,22519996717021,22519996717049,16,21.3448,9.79529,6.65248,0.71152,0.20664,2.48012,1.49848
554,1,0,1e+08,22519997603504,22519997878536,22519998322032,22519998325004,22519998343612,22519998562496,22519998736448,22519998736548,16,11.3304,2.75032,4.43496,0.02972,0.18608,2.18884,1.73952
555,1,0,1e+08,22519999657580,22520000433482,22520001218633,22520001222157,22520001242217,22520001512809,22520001660133,22520001660217,16,20.0264,7.75902,7.85151,0.03524,0.2006,2.70592,1.47324
556,1,0,1e+08,22520002377723,22520003064593,22520003903846,22520003907322,22520003952314,22520004234998,22520004374410,22520004374442,16,19.9672,6.8687,8.39253,0.03476,0.44992,2.82684,1.39412
557,1,0,1e+08,22520005305221,22520005562733,22520006796549,22520006800189,22520006824281,22520007175301,22520007343673,22520007343789,16,20.3857,2.57512,12.3382,0.0364,0.24092,3.5102,1.68372
558,1,0,1e+08,22520008447236,22520008699196,22520009848316,22520009852264,22520009903724,22520010298921,22520010464573,22520010464613,16,20.1738,2.5196,11.4912,0.03948,0.5146,3.95197,1.65652
559,1,0,1e+08,22520011538100,22520011956777,22520013066201,22520013069633,22520013100857,22520013409417,22520013601153,22520013601253,16,20.6315,4.18677,11.0942,0.03432,0.31224,3.0856,1.91736
560,1,0,1e+08,22520014614520,22520014851532,22520015624432,22520015633197,22520015732279,22520016350093,22520016556689,22520016556869,16,19.4235,2.37012,7.729,0.08765,0.99082,6.17814,2.06596
561,1,0,1e+08,22520017782963,22520018039915,22520018471695,22520018476055,22520018513227,22520018752851,22520018917059,22520018917087,16,11.3412,2.56952,4.3178,0.0436,0.37172,2.39624,1.64208
562,1,0,1e+08,22520019798487,22520020610673,22520021349422,22520021353786,22520021409186,22520021689870,22520021870542,22520021870602,16,20.7212,8.12186,7.38749,0.04364,0.554,2.80684,1.80672
563,1,0,1e+08,22520022926860,22520023869302,22520024534341,22520024656325,22520024673705,22520024914625,22520025030677,22520025030709,16,21.0385,9.42442,6.65039,1.21984,0.1738,2.4092,1.16052
564,1,0,1e+08,22520025731710,22520025993215,22520027252467,22520027294027,22520027319611,22520027629399,22520027809975,22520027810007,16,20.783,2.61505,12.5925,0.4156,0.25584,3.09788,1.80576
565,1,0,1e+08,22520028704446,22520028958872,22520029385964,22520029388980,22520029410660,22520029620196,22520029811452,22520029811528,16,11.0708,2.54426,4.27092,0.03016,0.2168,2.09536,1.91256
566,1,0,1e+08,22520030661413,22520031383446,22520032283304,22520032287384,22520032312144,22520032598688,22520032771260,22520032771292,16,21.0988,7.22033,8.99858,0.0408,0.2476,2.86544,1.72572
567,1,0,1e+08,22520033568288,22520034222099,22520035091994,22520035096246,22520035136662,22520035420338,22520035577430,22520035577554,16,20.0927,6.53811,8.69895,0.04252,0.40416,2.83676,1.57092
568,1,0,1e+08,22520036379267,22520036639060,22520037858863,22520037862191,22520037888283,22520038250144,22520038433472,22520038433592,16,20.5433,2.59793,12.198,0.03328,0.26092,3.61861,1.83328
569,1,0,1e+08,22520039443328,22520040386753,22520041086040,22520041090268,22520041115616,22520041377808,22520041503328,22520041503364,16,20.6004,9.43425,6.99287,0.04228,0.25348,2.62192,1.2552
570,1,0,1e+08,22520042820504,22520043101917,22520044323769,22520044327161,22520044408661,22520044708585,22520044849361,22520044849461,16,20.2896,2.81413,12.2185,0.03392,0.815,2.99924,1.40776
571,1,0,1e+08,22520045757947,22520046481488,22520047310090,22520047314906,22520047344394,22520047615282,22520047743526,22520047743562,16,19.8561,7.23541,8.28602,0.04816,0.29488,2.70888,1.28244
572,1,0,1e+08,22520048574659,22520049257947,22520050235293,22520050240333,22520050275593,22520050560581,22520050697793,22520050697829,16,21.2317,6.83288,9.77346,0.0504,0.3526,2.84988,1.37212
573,1,0,1e+08,22520051759595,22520052012611,22520053230682,22520053236086,22520053278378,22520053591050,22520053724690,22520053724726,16,19.6513,2.53016,12.1807,0.05404,0.42292,3.12672,1.3364
574,1,0,1e+08,22520054750388,22520055722156,22520056370543,22520056440363,22520056467719,22520056704655,22520056845091,22520056845179,16,20.9479,9.71768,6.48387,0.6982,0.27356,2.36936,1.40436
575,1,0,1e+08,22520057630628,22520057872990,22520059102838,22520059172442,22520059198698,22520059521442,22520059667698,22520059667734,16,20.3711,2.42362,12.2985,0.69604,0.26256,3.22744,1.46256
576,1,0,1e+08,22520060605862,22520061101364,22520062179861,22520062219485,22520062248341,22520062538357,22520062674677,22520062674793,16,20.6893,4.95502,10.785,0.39624,0.28856,2.90016,1.3632
577,1,0,1e+08,22520063509643,22520064032763,22520065049537,22520065109277,22520065137189,22520065410261,22520065551025,22520065551061,16,20.4142,5.2312,10.1677,0.5974,0.27912,2.73072,1.40764
578,1,0,1e+08,22520066511374,22520067233583,22520068098330,22520068144862,22520068174118,22520068453966,22520068586026,22520068586058,16,20.7468,7.22209,8.64747,0.46532,0.29256,2.79848,1.3206
579,1,0,1e+08,22520069457844,22520070168131,22520071061680,22520071099528,22520071126836,22520071402012,22520071546684,22520071546808,16,20.8896,7.10287,8.93549,0.37848,0.27308,2.75176,1.44672
580,1,0,1e+08,22520072336957,22520072767897,22520073878189,22520073919445,22520073946637,22520074245501,22520074384949,22520074384985,16,20.4803,4.3094,11.1029,0.41256,0.27192,2.98864,1.39448
581,1,0,1e+08,22520075341631,22520075576875,22520075981735,22520075985107,22520076007367,22520076625504,22520076972522,22520076972722,16,16.3109,2.35244,4.0486,0.03372,0.2226,6.18137,3.47018
582,1,0,1e+08,22520078239061,22520078472351,22520078993691,22520078997219,22520079023211,22520079295855,22520079466879,22520079466915,16,12.2785,2.3329,5.2134,0.03528,0.25992,2.72644,1.71024
583,1,0,1e+08,22520080178946,22520080939157,22520081852194,22520081857110,22520081884538,22520082169802,22520082293438,22520082293470,16,21.1452,7.60211,9.13037,0.04916,0.27428,2.85264,1.23636
584,1,0,1e+08,22520083069388,22520084026585,22520084700342,22520084704890,22520084731814,22520085004126,22520085136054,22520085136086,16,20.667,9.57197,6.73757,0.04548,0.26924,2.72312,1.31928
585,1,0,1e+08,22520086185452,22520087136548,22520087780609,22520087784649,22520087810701,22520088092269,22520088212757,22520088212789,16,20.2734,9.51096,6.44061,0.0404,0.26052,2.81568,1.20488
586,1,0,1e+08,22520088992513,22520089971557,22520090686295,22520090730363,22520090759403,22520091014651,22520091166651,22520091166787,16,21.7427,9.79044,7.14738,0.44068,0.2904,2.55248,1.52
587,1,0,1e+08,22520092044578,22520093021024,22520093674333,22520093709253,22520093738533,22520093980029,22520094122613,22520094122745,16,20.7817,9.76446,6.53309,0.3492,0.2928,2.41496,1.42584
588,1,0,1e+08,22520094930699,22520095804121,22520096503690,22520096578838,22520096611278,22520096873250,22520097010206,22520097010238,16,20.7954,8.73422,6.99569,0.75148,0.3244,2.61972,1.36956
589,1,0,1e+08,22520098088546,22520098852893,22520099486370,22520099551546,22520099581450,22520099841606,22520099999274,22520099999302,16,19.1076,7.64347,6.33477,0.65176,0.29904,2.60156,1.57668
590,1,0,1e+08,22520101749085,22520102064351,22520102529723,22520102532987,22520102559515,22520102771431,22520102948703,22520102948731,16,11.9965,3.15266,4.65372,0.03264,0.26528,2.11916,1.77272
591,1,0,1e+08,22520104043565,22520104830280,22520105470737,22520105508801,22520105533993,22520105775457,22520105932353,22520105932477,16,18.8891,7.86715,6.40457,0.38064,0.25192,2.41464,1.56896
592,1,0,1e+08,22520106821166,22520107049620,22520108142648,22520108261744,22520108288152,22520108674016,22520108805704,22520108805740,16,19.8457,2.28454,10.9303,1.19096,0.26408,3.85864,1.31688
593,1,0,1e+08,22520109826241,22520110070335,22520110379487,22520110383003,22520110401771,22520110605735,22520111084288,22520111084473,16,12.5823,2.44094,3.09152,0.03516,0.18768,2.03964,4.78553
594,1,0,1e+08,22520112735072,22520112960688,22520113883308,22520113887940,22520113942704,22520114417433,22520114568885,22520114568929,16,18.3386,2.25616,9.2262,0.04632,0.54764,4.74729,1.51452
595,1,0,1e+08,22520115690544,22520116331354,22520117205108,22520117211796,22520117269436,22520117536532,22520117675712,22520117675824,16,19.8528,6.4081,8.73754,0.06688,0.5764,2.67096,1.3918
596,1,0,1e+08,22520118542177,22520119129105,22520120073029,22520120077601,22520120108209,22520120416565,22520120554789,22520120554821,16,20.1264,5.86928,9.43924,0.04572,0.30608,3.08356,1.38224
597,1,0,1e+08,22520121588680,22520122413922,22520123159751,22520123164455,22520123191063,22520123483891,22520123611499,22520123611531,16,20.2285,8.25242,7.45829,0.04704,0.26608,2.92828,1.27608
598,1,0,1e+08,22520124387790,22520125145999,22520125923776,22520125927504,22520125962588,22520126242908,22520126412688,22520126412720,16,20.2493,7.58209,7.77777,0.03728,0.35084,2.8032,1.6978
599,1,0,1e+08,22520127446921,22520127686575,22520128875417,22520128879189,22520128900405,22520129236933,22520129393385,22520129393525,16,19.466,2.39654,11.8884,0.03772,0.21216,3.36528,1.56452
600,1,0,1e+08,22520130688045,22520131235281,22520132239179,22520132243775,22520132269691,22520132561063,22520132741999,22520132742147,16,20.541,5.47236,10.039,0.04596,0.25916,2.91372,1.80936
601,1,0,1e+08,22520133654756,22520133893096,22520135146161,22520135150685,22520135178505,22520135502765,22520135648921,22520135648957,16,19.942,2.3834,12.5307,0.04524,0.2782,3.2426,1.46156
602,1,0,1e+08,22520136585910,22520136878453,22520138121988,22520138126948,22520138207988,22520138508884,22520138664732,22520138664916,16,20.7901,2.92543,12.4353,0.0496,0.8104,3.00896,1.55848
603,1,0,1e+08,22520139521693,22520139766538,22520140137022,22520140140754,22520140184614,22520140659564,22520141096005,22520141096301,16,15.7461,2.44845,3.70484,0.03732,0.4386,4.7495,4.36441
604,1,0,1e+08,22520142763049,22520143445959,22520144306103,22520144309315,22520144327211,22520144601755,22520144738723,22520144738843,16,19.7579,6.8291,8.60144,0.03212,0.17896,2.74544,1.36968
605,1,0,1e+08,22520145571659,22520146298152,22520147239760,22520147244328,22520147271012,22520147556492,22520147710656,22520147710780,16,21.3912,7.26493,9.41608,0.04568,0.26684,2.8548,1.54164
606,1,0,1e+08,22520148776882,22520149791973,22520150448939,22520150451855,22520150470947,22520150718975,22520150846495,22520150846623,16,20.6974,10.1509,6.56966,0.02916,0.19092,2.48028,1.2752
607,1,0,1e+08,22520151544381,22520151790705,22520152100629,22520152103429,22520152125553,22520152291341,22520152433269,22520152433293,16,8.88912,2.46324,3.09924,0.028,0.22124,1.65788,1.41928
608,1,0,1e+08,22520153460556,22520154110727,22520154986430,22520154989374,22520155034282,22520155331434,22520155480794,22520155480826,16,20.2027,6.50171,8.75703,0.02944,0.44908,2.97152,1.4936
609,1,0,1e+08,22520156246490,22520156576095,22520157780513,22520157819045,22520157842449,22520158148113,22520158320305,22520158320341,16,20.7385,3.29605,12.0442,0.38532,0.23404,3.05664,1.72192
610,1,0,1e+08,22520159143452,22520159378990,22520159693458,22520159696042,22520159730050,22520159889222,22520160044786,22520160044874,16,9.01422,2.35538,3.14468,0.02584,0.34008,1.59172,1.55564
611,1,0,1e+08,22520161208901,22520161527849,22520161846361,22520161849545,22520161871061,22520162031401,22520162180081,22520162180165,16,9.71264,3.18948,3.18512,0.03184,0.21516,1.6034,1.4868
612,1,0,1e+08,22520163360271,22520164322214,22520165007100,22520165039776,22520165060424,22520165321336,22520165473416,22520165473516,16,21.1325,9.61943,6.84886,0.32676,0.20648,2.60912,1.5208
613,1,0,1e+08,22520166151219,22520166385995,22520166706275,22520166709531,22520166753167,22520166918995,22520167097395,22520167097479,16,9.4626,2.34776,3.2028,0.03256,0.43636,1.65828,1.784
614,1,0,1e+08,22520168156658,22520168972318,22520169737375,22520169740823,22520169779911,22520170056003,22520170206707,22520170206739,16,20.5008,8.1566,7.65057,0.03448,0.39088,2.76092,1.50704
615,1,0,1e+08,22520171052537,22520171524480,22520172614661,22520172618177,22520172642797,22520172943389,22520173125425,22520173125521,16,20.7298,4.71943,10.9018,0.03516,0.2462,3.00592,1.82036
616,1,0,1e+08,22520174142484,22520174420168,22520175671950,22520175676658,22520175711374,22520176044990,22520176244154,22520176244290,16,21.0181,2.77684,12.5178,0.04708,0.34716,3.33616,1.99164
617,1,0,1e+08,22520177203639,22520177839630,22520178777836,22520178781916,22520178834452,22520179131164,22520179274124,22520179274156,16,20.7052,6.35991,9.38206,0.0408,0.52536,2.96712,1.4296
618,1,0,1e+08,22520180151380,22520180381962,22520180708026,22520180710950,22520180740570,22520181437566,22520181674488,22520181674640,16,15.2326,2.30582,3.26064,0.02924,0.2962,6.96996,2.36922
619,1,0,1e+08,22520183326692,22520184296092,22520184965958,22520184969286,22520184995818,22520185249722,22520185394282,22520185394314,16,20.6762,9.694,6.69866,0.03328,0.26532,2.53904,1.4456
620,1,0,1e+08,22520186389381,22520187093059,22520187921070,22520187926326,22520187954778,22520188227614,22520188382422,22520188382542,16,19.9316,7.03678,8.28011,0.05256,0.28452,2.72836,1.54808
621,1,0,1e+08,22520189419656,22520190242457,22520190983531,22520190988895,22520191030927,22520191300435,22520191445731,22520191445763,16,20.2611,8.22801,7.41074,0.05364,0.42032,2.69508,1.45296
622,1,0,1e+08,22520193420527,22520193697051,22520194116815,22520194120979,22520194158111,22520194576110,22520195075421,22520195075837,16,16.5531,2.76524,4.19764,0.04164,0.37132,4.17999,4.99311
623,1,0,1e+08,22520196584239,22520197167781,22520198157085,22520198160293,22520198187901,22520198544097,22520198673521,22520198673557,16,20.8932,5.83542,9.89304,0.03208,0.27608,3.56196,1.29424
624,1,0,1e+08,22520199476593,22520199927199,22520201013953,22520201048225,22520201074549,22520201387633,22520201565549,22520201565709,16,20.8912,4.50606,10.8675,0.34272,0.26324,3.13084,1.77916
625,1,0,1e+08,22520202494014,22520202760056,22520203286748,22520203290480,22520203313216,22520203584568,22520203744408,22520203744440,16,12.5043,2.66042,5.26692,0.03732,0.22736,2.71352,1.5984
626,1,0,1e+08,22520204379530,22520205121188,22520205921029,22520205949761,22520205973233,22520206247977,22520206433109,22520206433217,16,20.5369,7.41658,7.99841,0.28732,0.23472,2.74744,1.85132
627,1,0,1e+08,22520207310811,22520207701042,22520208860901,22520208922897,22520208949001,22520209254137,22520209460589,22520209460709,16,21.499,3.90231,11.5986,0.61996,0.26104,3.05136,2.06452
628,1,0,1e+08,22520210346800,22520210591276,22520211234676,22520211238184,22520211274484,22520211533480,22520211668968,22520211668996,16,13.222,2.44476,6.434,0.03508,0.363,2.58996,1.35488
629,1,0,1e+08,22520212375471,22520212655982,22520213870387,22520213875155,22520213914555,22520214231767,22520214387587,22520214387623,16,20.1215,2.80511,12.1441,0.04768,0.394,3.17212,1.5582
630,1,0,1e+08,22520215694588,22520215978720,22520216510016,22520216514192,22520216544120,22520216820440,22520217005452,22520217005488,16,13.109,2.84132,5.31296,0.04176,0.29928,2.7632,1.85012
631,1,0,1e+08,22520217642479,22520218056955,22520219127254,22520219131606,22520219159510,22520219456166,22520219642954,22520219643078,16,20.006,4.14476,10.703,0.04352,0.27904,2.96656,1.86788
632,1,0,1e+08,22520220606951,22520221221233,22520222167373,22520222172001,22520222197977,22520222480829,22520222617593,22520222617729,16,20.1078,6.14282,9.4614,0.04628,0.25976,2.82852,1.36764
633,1,0,1e+08,22520223503499,22520223785815,22520224981828,22520224987904,22520225024140,22520225345360,22520225492840,22520225492984,16,19.8948,2.82316,11.9601,0.06076,0.36236,3.2122,1.4748
634,1,0,1e+08,22520226493375,22520227405078,22520228105778,22520228111762,22520228143954,22520228398814,22520228538062,22520228538182,16,20.4481,9.11703,7.007,0.05984,0.32192,2.5486,1.39248
635,1,0,1e+08,22520229445700,22520230467978,22520231137991,22520231174463,22520231212707,22520231459371,22520231597723,22520231597831,16,21.5213,10.2228,6.70013,0.36472,0.38244,2.46664,1.38352
636,1,0,1e+08,22520233754085,22520233997897,22520234385841,22520234390109,22520234469049,22520235330908,22520235510073,22520235510137,16,17.5605,2.43812,3.87944,0.04268,0.7894,8.61859,1.79165
637,1,0,1e+08,22520236924989,22520237471399,22520238463195,22520238467891,22520238496979,22520238788703,22520238937351,22520238937391,16,20.124,5.4641,9.91796,0.04696,0.29088,2.91724,1.48648
638,1,0,1e+08,22520239897533,22520240142378,22520240462990,22520240466302,22520240483358,22520240645538,22520240799350,22520240799374,16,9.01841,2.44845,3.20612,0.03312,0.17056,1.6218,1.53812
639,1,0,1e+08,22520241970063,22520242881624,22520243595246,22520243598718,22520243621246,22520243890154,22520244066958,22520244067062,16,20.97,9.11561,7.13622,0.03472,0.22528,2.68908,1.76804
640,1,0,1e+08,22520244842218,22520245412497,22520246364265,22520246424697,22520246451245,22520246732313,22520246891685,22520246891833,16,20.4962,5.70279,9.51768,0.60432,0.26548,2.81068,1.59372
641,1,0,1e+08,22520247826156,22520248336546,22520249402245,22520249406913,22520249458685,22520249749833,22520249908045,22520249908161,16,20.82,5.1039,10.657,0.04668,0.51772,2.91148,1.58212
642,1,0,1e+08,22520250820879,22520251563166,22520252465453,22520252470081,22520252525849,22520252825081,22520252956181,22520252956217,16,21.3534,7.42287,9.02287,0.04628,0.55768,2.99232,1.311
643,1,0,1e+08,22520253769174,22520254435387,22520255357251,22520255427539,22520255453895,22520255725987,22520255880171,22520255880319,16,21.1115,6.66213,9.21864,0.70288,0.26356,2.72092,1.54184
644,1,0,1e+08,22520256850069,22520257094225,22520257457593,22520257461837,22520257568231,22520258432147,22520258641486,22520258641674,16,17.916,2.44156,3.63368,0.04244,1.06394,8.63916,2.09339
645,1,0,1e+08,22520259838226,22520260066286,22520261236880,22520261318112,22520261346800,22520261664452,22520261817904,22520261818028,16,19.798,2.2806,11.7059,0.81232,0.28688,3.17652,1.53452
646,1,0,1e+08,22520262765532,22520263477551,22520264319642,22520264365550,22520264393942,22520264658538,22520264796802,22520264796910,16,20.3138,7.12019,8.42091,0.45908,0.28392,2.64596,1.38264
647,1,0,1e+08,22520265609840,22520265852161,22520267096609,22520267146733,22520267182733,22520267526717,22520267678037,22520267678185,16,20.6835,2.42321,12.4445,0.50124,0.36,3.43984,1.5132
648,1,0,1e+08,22520268664486,22520269633938,22520270318761,22520270364213,22520270391085,22520270639249,22520270775105,22520270775229,16,21.1074,9.69452,6.84823,0.45452,0.26872,2.48164,1.35856
649,1,0,1e+08,22520271662509,22520271878522,22520272193042,22520272196262,22520272236970,22520272397870,22520272564934,22520272565058,16,9.02549,2.16013,3.1452,0.0322,0.40708,1.609,1.67064
650,1,0,1e+08,22520273857874,22520274840976,22520275481577,22520275486049,22520275511329,22520275768637,22520275921457,22520275921617,16,20.6374,9.83102,6.40601,0.04472,0.2528,2.57308,1.5282
651,1,0,1e+08,22520276871410,22520277565455,22520278417421,22520278421653,22520278470569,22520278761109,22520278880509,22520278880541,16,20.0913,6.94045,8.51966,0.04232,0.48916,2.9054,1.194
652,1,0,1e+08,22520279685427,22520280008726,22520280322730,22520280325558,22520280366862,22520280526734,22520280696682,22520280696830,16,10.114,3.23299,3.14004,0.02828,0.41304,1.59872,1.69948
653,1,0,1e+08,22520281861650,22520282250808,22520283403759,22520283480087,22520283510387,22520283840251,22520283990687,22520283990723,16,21.2907,3.89158,11.5295,0.76328,0.303,3.29864,1.50436
654,1,0,1e+08,22520284895396,22520285150898,22520285464922,22520285468266,22520285486230,22520285670998,22520285841374,22520285841490,16,9.46094,2.55502,3.14024,0.03344,0.17964,1.84768,1.70376
655,1,0,1e+08,22520287040634,22520287733609,22520288655367,22520288660523,22520288702859,22520289078507,22520289230715,22520289230819,16,21.9018,6.92975,9.21758,0.05156,0.42336,3.75648,1.52208
656,1,0,1e+08,22520290076231,22520290756419,22520291659074,22520291664470,22520291704942,22520292014802,22520292154522,22520292154558,16,20.7833,6.80188,9.02655,0.05396,0.40472,3.0986,1.3972
657,1,0,1e+08,22520293066053,22520293869701,22520294640461,22520294645181,22520294691797,22520294995821,22520295135869,22520295135901,16,20.6985,8.03648,7.7076,0.0472,0.46616,3.04024,1.40048
658,1,0,1e+08,22520296123902,22520296383070,22520296901394,22520296904766,22520296947346,22520297240586,22520297383450,22520297383490,16,12.5959,2.59168,5.18324,0.03372,0.4258,2.9324,1.42864
659,1,0,1e+08,22520298132356,22520298696759,22520299671774,22520299674934,22520299721570,22520300021646,22520300182618,22520300182650,16,20.5029,5.64403,9.75015,0.0316,0.46636,3.00076,1.60972
660,1,0,1e+08,22520301460050,22520302325465,22520303012163,22520303016827,22520303042975,22520303298795,22520303446543,22520303446671,16,19.8662,8.65415,6.86698,0.04664,0.26148,2.5582,1.47748
661,1,0,1e+08,22520304359228,22520304881994,22520305790401,22520305794901,22520305833273,22520306120517,22520306265045,22520306265185,16,19.0596,5.22766,9.08407,0.045,0.38372,2.87244,1.44528
662,1,0,1e+08,22520307303254,22520308046887,22520308914266,22520308942802,22520308960830,22520309230238,22520309363262,22520309363374,16,20.6012,7.43633,8.67379,0.28536,0.18028,2.69408,1.33024
663,1,0,1e+08,22520310265030,22520310683935,22520311814174,22520311856738,22520311885702,22520312170910,22520312321174,22520312321318,16,20.5629,4.18905,11.3024,0.42564,0.28964,2.85208,1.50264
664,1,0,1e+08,22520313330170,22520313767695,22520314832693,22520314871561,22520314900285,22520315182437,22520315325001,22520315325121,16,19.9495,4.37525,10.65,0.38868,0.28724,2.82152,1.42564
665,1,0,1e+08,22520316258352,22520316491254,22520317176692,22520317185317,22520317327148,22520317960038,22520318160199,22520318160383,16,19.0203,2.32902,6.85438,0.08625,1.41831,6.3289,2.00161
666,1,0,1e+08,22520319387362,22520320069479,22520320917631,22520320945927,22520320964111,22520321232723,22520321367347,22520321367463,16,19.801,6.82117,8.48152,0.28296,0.18184,2.68612,1.34624
667,1,0,1e+08,22520322162291,22520322402509,22520323654065,22520323742953,22520323770689,22520324120969,22520324251197,22520324251233,16,20.8894,2.40218,12.5156,0.88888,0.27736,3.5028,1.30228
668,1,0,1e+08,22520325174202,22520326132044,22520326783385,22520326827405,22520326855917,22520327095389,22520327235037,22520327235177,16,20.6097,9.57842,6.51341,0.4402,0.28512,2.39472,1.39648
669,1,0,1e+08,22520328116849,22520328365918,22520328678022,22520328680202,22520328715746,22520328885934,22520329031806,22520329031830,16,9.14981,2.49069,3.12104,0.0218,0.35544,1.70188,1.45872
670,1,0,1e+08,22520330161330,22520331134208,22520331817089,22520331821605,22520331860949,22520332132545,22520332303881,22520332304069,16,21.4274,9.72878,6.82881,0.04516,0.39344,2.71596,1.71336
671,1,0,1e+08,22520333045959,22520333871773,22520334637430,22520334641630,22520334666750,22520334945986,22520335102774,22520335102890,16,20.5693,8.25814,7.65657,0.042,0.2512,2.79236,1.56788
672,1,0,1e+08,22520336056403,22520336272660,22520336595224,22520336598016,22520336615080,22520336809732,22520336954696,22520336954720,16,8.98317,2.16257,3.22564,0.02792,0.17064,1.94652,1.44964
673,1,0,1e+08,22520338141987,22520338394244,22520338739836,22520338854128,22520338870172,22520339026188,22520339182972,22520339183040,16,10.4105,2.52257,3.45592,1.14292,0.16044,1.56016,1.56784
674,1,0,1e+08,22520340383079,22520341093325,22520341922199,22520342017875,22520342041011,22520342306419,22520342492115,22520342492215,16,21.0914,7.10246,8.28874,0.95676,0.23136,2.65408,1.85696
675,1,0,1e+08,22520343395978,22520344143666,22520344994960,22520345033076,22520345059420,22520345341208,22520345486316,22520345486348,16,20.9037,7.47688,8.51294,0.38116,0.26344,2.81788,1.45108
676,1,0,1e+08,22520346441561,22520347343388,22520347998866,22520348004038,22520348045314,22520348315298,22520348452218,22520348452302,16,20.1074,9.01827,6.55478,0.05172,0.41276,2.69984,1.3692
677,1,0,1e+08,22520349338286,22520349628347,22520350800418,22520350804434,22520350830854,22520351171694,22520351319678,22520351319802,16,19.8152,2.90061,11.7207,0.04016,0.2642,3.4084,1.47984
678,1,0,1e+08,22520352307557,22520352553205,22520353710216,22520353714428,22520353762124,22520354111837,22520354264501,22520354264537,16,19.5698,2.45648,11.5701,0.04212,0.47696,3.49713,1.52664
679,1,0,1e+08,22520355313372,22520356016372,22520356885531,22520356889939,22520356934679,22520357233407,22520357376783,22520357376815,16,20.6344,7.03,8.69159,0.04408,0.4474,2.98728,1.43376
680,1,0,1e+08,22520358220543,22520358884134,22520359792917,22520359797461,22520359842333,22520360147041,22520360266213,22520360266245,16,20.457,6.63591,9.08783,0.04544,0.44872,3.04708,1.19172
681,1,0,1e+08,22520361121524,22520361951670,22520362790148,22520362794724,22520362846600,22520363142044,22520363271120,22520363271152,16,21.4963,8.30146,8.38478,0.04576,0.51876,2.95444,1.29076
682,1,0,1e+08,22520364147404,22520364536420,22520365630085,22520365635541,22520365664381,22520365959761,22520366119361,22520366119501,16,19.721,3.89016,10.9366,0.05456,0.2884,2.9538,1.596
683,1,0,1e+08,22520367139593,22520367800499,22520368701494,22520368705966,22520368758810,22520369034902,22520369183958,22520369183990,16,20.444,6.60906,9.00995,0.04472,0.52844,2.76092,1.49056
684,1,0,1e+08,22520370309633,22520371172720,22520371838638,22520371843062,22520371923838,22520372210238,22520372342530,22520372342562,16,20.3293,8.63087,6.65918,0.04424,0.80776,2.864,1.32292
685,1,0,1e+08,22520373340822,22520373575938,22520374817174,22520374822042,22520374863434,22520375203938,22520375360510,22520375360658,16,20.1984,2.35116,12.4124,0.04868,0.41392,3.40504,1.56572
686,1,0,1e+08,22520376465537,22520376868854,22520378012715,22520378016695,22520378043915,22520378340675,22520378481735,22520378481847,16,20.1631,4.03317,11.4386,0.0398,0.2722,2.9676,1.4106
687,1,0,1e+08,22520379392657,22520379649857,22520380877328,22520380882288,22520380921553,22520381275481,22520381441565,22520381441673,16,20.4902,2.572,12.2747,0.0496,0.39265,3.53928,1.66084
688,1,0,1e+08,22520382495035,22520383416177,22520384050834,22520384053426,22520384120066,22520384421302,22520384562922,22520384562954,16,20.6792,9.21142,6.34657,0.02592,0.6664,3.01236,1.4162
689,1,0,1e+08,22520385526207,22520386439765,22520387170321,22520387174673,22520387198121,22520387466509,22520387661265,22520387661397,16,21.3519,9.13558,7.30556,0.04352,0.23448,2.68388,1.94756
690,1,0,1e+08,22520389012919,22520389973000,22520390642341,22520390645721,22520390672989,22520390927713,22520391061525,22520391061589,16,20.4867,9.60081,6.69341,0.0338,0.27268,2.54724,1.33812
691,1,0,1e+08,22520392694107,22520393046931,22520393548695,22520393553575,22520393584927,22520393809987,22520394003291,22520394003423,16,13.0932,3.52824,5.01764,0.0488,0.31352,2.2506,1.93304
692,1,0,1e+08,22520395911921,22520396247717,22520396724569,22520396729449,22520396770765,22520397009005,22520397175257,22520397175281,16,12.6336,3.35796,4.76852,0.0488,0.41316,2.3824,1.66252
693,1,0,1e+08,22520398281750,22520398540154,22520399017458,22520399026463,22520399119873,22520399927037,22520400128014,22520400128158,16,18.4641,2.58404,4.77304,0.09005,0.9341,8.07164,2.00977
694,1,0,1e+08,22520401515085,22520402147363,22520403015464,22520403020636,22520403073200,22520403354912,22520403482136,22520403482168,16,19.6708,6.32278,8.68101,0.05172,0.52564,2.81712,1.27224
695,1,0,1e+08,22520404417443,22520404706789,22520405141453,22520405145129,22520405166389,22520406007762,22520406241745,22520406241901,16,18.2446,2.89346,4.34664,0.03676,0.2126,8.41373,2.33983
696,1,0,1e+08,22520407380607,22520407575891,22520408070427,22520408075335,22520408102083,22520408420327,22520408611451,22520408611495,16,12.3089,1.95284,4.94536,0.04908,0.26748,3.18244,1.91124
697,1,0,1e+08,22520409416897,22520410012940,22520410983977,22520411049805,22520411075873,22520411348065,22520411494761,22520411494793,16,20.779,5.96043,9.71037,0.65828,0.26068,2.72192,1.46696
698,1,0,1e+08,22520412473280,22520413157826,22520414071537,22520414114629,22520414138165,22520414417537,22520414565733,22520414565877,16,20.926,6.84546,9.13711,0.43092,0.23536,2.79372,1.48196
699,1,0,1e+08,22520415417365,22520416208541,22520417031246,22520417077910,22520417104806,22520417367350,22520417525410,22520417525522,16,21.0816,7.91176,8.22705,0.46664,0.26896,2.62544,1.5806
700,1,0,1e+08,22520418392627,22520418702071,22520419351528,22520419355648,22520419380672,22520419657288,22520419849048,22520419849084,16,14.5646,3.09444,6.49457,0.0412,0.25024,2.76616,1.9176
701,1,0,1e+08,22520420343282,22520420578210,22520421807347,22520421811391,22520421838775,22520422170343,22520422362935,22520422363051,16,20.1977,2.34928,12.2914,0.04044,0.27384,3.31568,1.92592
702,1,0,1e+08,22520423374096,22520423663712,22520424928530,22520424933390,22520424958378,22520425272866,22520425418874,22520425418982,16,20.4489,2.89616,12.6482,0.0486,0.24988,3.14488,1.46008
703,1,0,1e+08,22520426407168,22520426895507,22520427943376,22520427948004,22520427975192,22520428324968,22520428452276,22520428452312,16,20.4514,4.88339,10.4787,0.04628,0.27188,3.49776,1.27308
704,1,0,1e+08,22520429426016,22520429744204,22520431002138,22520431006506,22520431053402,22520431371338,22520431534678,22520431534838,16,21.0882,3.18188,12.5793,0.04368,0.46896,3.17936,1.6334
705,1,0,1e+08,22520432574370,22520433302353,22520434180945,22520434185445,22520434210001,22520434492809,22520434637685,22520434637801,16,20.6343,7.27983,8.78592,0.045,0.24556,2.82808,1.44876
706,1,0,1e+08,22520435505212,22520435735092,22520436247560,22520436252256,22520436282188,22520436619068,22520436789116,22520436789260,16,12.8405,2.2988,5.12468,0.04696,0.29932,3.3688,1.70048
707,1,0,1e+08,22520437454199,22520437712612,22520438958446,22520438999002,22520439024350,22520439340910,22520439541154,22520439541314,16,20.8712,2.58413,12.4583,0.40556,0.25348,3.1656,2.00244
708,1,0,1e+08,22520440545332,22520441084119,22520442073205,22520442118109,22520442146205,22520442419161,22520442576453,22520442576613,16,20.3128,5.38787,9.89086,0.44904,0.28096,2.72956,1.57292
709,1,0,1e+08,22520443469198,22520443694198,22520444109886,22520444114190,22520444139890,22520444374678,22520444575358,22520444575498,16,11.063,2.25,4.15688,0.04304,0.257,2.34788,2.0068
710,1,0,1e+08,22520445588313,22520446257655,22520447116042,22520447120302,22520447167286,22520447456442,22520447629822,22520447629854,16,20.4154,6.69342,8.58387,0.0426,0.46984,2.89156,1.7338
711,1,0,1e+08,22520448559393,22520449537756,22520450183821,22520450188189,22520450213333,22520450459909,22520450594693,22520450594725,16,20.3533,9.78363,6.46065,0.04368,0.25144,2.46576,1.34784
712,1,0,1e+08,22520451513861,22520452377982,22520453087649,22520453092077,22520453124625,22520453385633,22520453533681,22520453533797,16,20.1994,8.64121,7.09667,0.04428,0.32548,2.61008,1.48048
713,1,0,1e+08,22520454552143,22520455134642,22520456085237,22520456089901,22520456125005,22520456409449,22520456557281,22520456557313,16,20.0517,5.82499,9.50595,0.04664,0.35104,2.84444,1.47832
714,1,0,1e+08,22520457695331,22520458333878,22520459212310,22520459216882,22520459244162,22520459518590,22520459659710,22520459659830,16,19.645,6.38547,8.78432,0.04572,0.2728,2.74428,1.4112
715,1,0,1e+08,22520460542720,22520461094684,22520462001400,22520462005616,22520462046580,22520462321272,22520462464100,22520462464216,16,19.215,5.51964,9.06716,0.04216,0.40964,2.74692,1.42828
716,1,0,1e+08,22520463457093,22520464379422,22520465021974,22520465026910,22520465053718,22520465294542,22520465432806,22520465432938,16,19.7584,9.22329,6.42552,0.04936,0.26808,2.40824,1.38264
717,1,0,1e+08,22520466323613,22520466925430,22520467932612,22520467990680,22520468019356,22520468317548,22520468460516,22520468460644,16,21.3703,6.01817,10.0718,0.58068,0.28676,2.98192,1.42968
718,1,0,1e+08,22520469389837,22520470331147,22520471015556,22520471047020,22520471064004,22520471319628,22520471477440,22520471477544,16,20.8771,9.4131,6.84409,0.31464,0.16984,2.55624,1.57812
719,1,0,1e+08,22520472511562,22520473354888,22520474134654,22520474222522,22520474247034,22520474531274,22520474724874,22520474725030,16,22.1347,8.43326,7.79766,0.87868,0.24512,2.8424,1.936
720,1,0,1e+08,22520475966561,22520476196758,22520477459358,22520477462970,22520477491798,22520477824138,22520477971542,22520477971690,16,20.0513,2.30197,12.626,0.03612,0.28828,3.3234,1.47404
721,1,0,1e+08,22520479034074,22520479620421,22520480595364,22520480598572,22520480620356,22520480914956,22520481037568,22520481037600,16,20.0353,5.86347,9.74943,0.03208,0.21784,2.946,1.22612
722,1,0,1e+08,22520481890412,22520482596130,22520483447002,22520483492054,22520483518470,22520483806926,22520483952642,22520483952766,16,20.6235,7.05718,8.50872,0.45052,0.26416,2.88456,1.45716
723,1,0,1e+08,22520484869224,22520485421624,22520486430961,22520486435969,22520486496149,22520486780021,22520486932617,22520486932809,16,20.6359,5.524,10.0934,0.05008,0.6018,2.83872,1.52596
724,1,0,1e+08,22520487950882,22520488979444,22520489653607,22520489698903,22520489728719,22520489978135,22520490113727,22520490113755,16,21.6287,10.2856,6.74163,0.45296,0.29816,2.49416,1.35592
725,1,0,1e+08,22520491062169,22520491350488,22520492630923,22520492678519,22520492710127,22520493019027,22520493166963,22520493166995,16,21.0483,2.88319,12.8044,0.47596,0.31608,3.089,1.47936
726,1,0,1e+08,22520494151179,22520495135628,22520495792898,22520495857030,22520495874978,22520496112278,22520496252974,22520496253114,16,21.0193,9.84449,6.5727,0.64132,0.17948,2.373,1.40696
727,1,0,1e+08,22520497097029,22520497879867,22520498597697,22520498830913,22520498861137,22520499097673,22520499215185,22520499215217,16,21.1819,7.82838,7.1783,2.33216,0.30224,2.36536,1.17512
728,1,0,1e+08,22520499986202,22520500603517,22520501494921,22520501590077,22520501616693,22520501893193,22520502018733,22520502018765,16,20.3256,6.17315,8.91404,0.95156,0.26616,2.765,1.2554
729,1,0,1e+08,22520503021285,22520503258969,22520504458161,22520504506045,22520504532849,22520504879141,22520505032889,22520505032925,16,20.1164,2.37684,11.9919,0.47884,0.26804,3.46292,1.53748
730,1,0,1e+08,22520506164860,22520506506453,22520507700668,22520507758832,22520507780156,22520508067780,22520508248104,22520508248220,16,20.8336,3.41593,11.9421,0.58164,0.21324,2.87624,1.80324
731,1,0,1e+08,22520509138600,22520509861353,22520510723777,22520510760021,22520510787449,22520511053709,22520511203481,22520511203653,16,20.6505,7.22753,8.62424,0.36244,0.27428,2.6626,1.49772
732,1,0,1e+08,22520512071310,22520512564118,22520513645395,22520513688071,22520513716279,22520513997403,22520514141507,22520514141667,16,20.7036,4.92808,10.8128,0.42676,0.28208,2.81124,1.44104
733,1,0,1e+08,22520515238751,22520515920253,22520516814409,22520516857637,22520516882441,22520517175533,22520517297161,22520517297197,16,20.5845,6.81502,8.94156,0.43228,0.24804,2.93092,1.21628
734,1,0,1e+08,22520518184858,22520518460114,22520519676789,22520519714345,22520519741745,22520520036793,22520520190077,22520520190229,16,20.0537,2.75256,12.1668,0.37556,0.274,2.95048,1.53284
735,1,0,1e+08,22520521166828,22520522099630,22520522817083,22520522844979,22520522863019,22520523116647,22520523244467,22520523244611,16,20.7778,9.32802,7.17453,0.27896,0.1804,2.53628,1.2782
736,1,0,1e+08,22520524118382,22520524476756,22520525650308,22520525655028,22520525680936,22520526024924,22520526173820,22520526173936,16,20.5555,3.58374,11.7355,0.0472,0.25908,3.43988,1.48896
737,1,0,1e+08,22520527115841,22520527374630,22520527824466,22520527828038,22520527851178,22520528105298,22520528289722,22520528289818,16,11.7398,2.58789,4.49836,0.03572,0.2314,2.5412,1.84424
738,1,0,1e+08,22520529026241,22520529309758,22520529738754,22520529742226,22520529761774,22520530165255,22520530649944,22520530650180,16,16.2394,2.83517,4.28996,0.03472,0.19548,4.03481,4.84689
739,1,0,1e+08,22520532061172,22520532280961,22520532792141,22520532796245,22520532818357,22520533488768,22520533785089,22520533785153,16,17.2398,2.19789,5.1118,0.04104,0.22112,6.70411,2.96321
740,1,0,1e+08,22520535043688,22520535316154,22520536029824,22520536102476,22520536135620,22520536395208,22520536552096,22520536552216,16,15.0853,2.72466,7.1367,0.72652,0.33144,2.59588,1.56888
741,1,0,1e+08,22520536969085,22520537997009,22520538710423,22520538750171,22520538778719,22520539082987,22520539238399,22520539238435,16,22.6935,10.2792,7.13414,0.39748,0.28548,3.04268,1.55412
742,1,0,1e+08,22520540012681,22520540974176,22520541648301,22520541686957,22520541713845,22520541960149,22520542087689,22520542087717,16,20.7504,9.61495,6.74125,0.38656,0.26888,2.46304,1.2754
743,1,0,1e+08,22520542961629,22520543414924,22520544460609,22520544526005,22520544558097,22520544840689,22520544964401,22520544964437,16,20.0281,4.53295,10.4568,0.65396,0.32092,2.82592,1.23712
744,1,0,1e+08,22520545831893,22520546121078,22520547293158,22520547297030,22520547321738,22520547639310,22520547788006,22520547788110,16,19.5622,2.89185,11.7208,0.03872,0.24708,3.17572,1.48696
745,1,0,1e+08,22520548762538,22520548999155,22520549475363,22520549479047,22520549524347,22520549771819,22520549949539,22520549949627,16,11.8709,2.36617,4.76208,0.03684,0.453,2.47472,1.7772
746,1,0,1e+08,22520551089174,22520551709594,22520552326039,22520552330283,22520552364435,22520552615283,22520552799807,22520552799919,16,17.1075,6.2042,6.16445,0.04244,0.34152,2.50848,1.84524
747,1,0,1e+08,22520553714696,22520554726436,22520555482197,22520555485473,22520555519133,22520555800757,22520555919597,22520555919629,16,22.0493,10.1174,7.55761,0.03276,0.3366,2.81624,1.1884
748,1,0,1e+08,22520556742212,22520557252039,22520558264300,22520558295344,22520558313880,22520558597520,22520558755160,22520558755272,16,20.1306,5.09827,10.1226,0.31044,0.18536,2.8364,1.5764
749,1,0,1e+08,22520559934677,22520560785466,22520561497386,22520561524486,22520561548242,22520561823862,22520561980978,22520561981006,16,20.4633,8.50789,7.1192,0.271,0.23756,2.7562,1.57116
750,1,0,1e+08,22520563253941,22520563649811,22520564750738,22520564753706,22520564771926,22520565060530,22520565201566,22520565201658,16,19.4772,3.9587,11.0093,0.02968,0.1822,2.88604,1.41036
751,1,0,1e+08,22520566096466,22520566889636,22520567782849,22520567826397,22520567855225,22520568127797,22520568261937,22520568261973,16,21.6551,7.9317,8.93213,0.43548,0.28828,2.72572,1.3414
752,1,0,1e+08,22520569083934,22520569684423,22520570595149,22520570630937,22520570658213,22520570932157,22520571072801,22520571072901,16,19.8897,6.00489,9.10726,0.35788,0.27276,2.73944,1.40644
753,1,0,1e+08,22520572043564,22520572299308,22520572943949,22520572949173,22520572991121,22520573261181,22520573426629,22520573426681,16,13.8312,2.55744,6.44641,0.05224,0.41948,2.7006,1.65448
754,1,0,1e+08,22520574044274,22520574467842,22520575541073,22520575545385,22520575598869,22520575912049,22520576075117,22520576075201,16,20.3093,4.23568,10.7323,0.04312,0.53484,3.1318,1.63068
755,1,0,1e+08,22520577010031,22520577741820,22520578596522,22520578601146,22520578627506,22520578940322,22520579070210,22520579070242,16,20.6021,7.31789,8.54702,0.04624,0.2636,3.12816,1.29888
756,1,0,1e+08,22520579874236,22520580847740,22520581495102,22520581499302,22520581524586,22520581769594,22520581923222,22520581923314,16,20.4908,9.73504,6.47362,0.042,0.25284,2.45008,1.53628
757,1,0,1e+08,22520582718842,22520583196757,22520584252662,22520584257402,22520584283194,22520584580330,22520584725382,22520584725474,16,20.0663,4.77915,10.5591,0.0474,0.25792,2.97136,1.45052
758,1,0,1e+08,22520585644805,22520586331069,22520587213840,22520587218208,22520587244192,22520587526492,22520587678204,22520587678324,16,20.3352,6.86264,8.82771,0.04368,0.25984,2.823,1.51712
759,1,0,1e+08,22520588645903,22520589248770,22520590240389,22520590244185,22520590279625,22520590588349,22520590737033,22520590737065,16,20.9116,6.02867,9.91619,0.03796,0.3544,3.08724,1.48684
760,1,0,1e+08,22520591821885,22520592332361,22520593354014,22520593358714,22520593386786,22520593674190,22520593828098,22520593828202,16,20.0632,5.10476,10.2165,0.047,0.28072,2.87404,1.53908
761,1,0,1e+08,22520594858075,22520595128948,22520596272096,22520596276340,22520596313900,22520596697577,22520596841313,22520596841425,16,19.8335,2.70873,11.4315,0.04244,0.3756,3.83677,1.43736
762,1,0,1e+08,22520597729760,22520597954896,22520598478732,22520598483684,22520598515532,22520599033945,22520599461237,22520599461441,16,17.3168,2.25136,5.23836,0.04952,0.31848,5.18413,4.27292
763,1,0,1e+08,22520600756768,22520600981112,22520601338768,22520601343624,22520601368192,22520601587741,22520602153575,22520602154030,16,13.9726,2.24344,3.57656,0.04856,0.24568,2.19549,5.65834
764,1,0,1e+08,22520603873098,22520604064106,22520605225521,22520605229421,22520605262741,22520605605438,22520605754938,22520605755066,16,18.8197,1.91008,11.6142,0.039,0.3332,3.42697,1.495
765,1,0,1e+08,22520606868320,22520607746790,22520608541828,22520608545008,22520608571064,22520608841356,22520608979132,22520608979220,16,21.109,8.7847,7.95038,0.0318,0.26056,2.70292,1.37776
766,1,0,1e+08,22520609879252,22520610728076,22520611479674,22520611536046,22520611561462,22520611816038,22520611952230,22520611952318,16,20.7307,8.48824,7.51598,0.56372,0.25416,2.54576,1.36192
767,1,0,1e+08,22520612735857,22520612972673,22520613303933,22520613306541,22520613339545,22520613495657,22520613661321,22520613661409,16,9.25552,2.36816,3.3126,0.02608,0.33004,1.56112,1.65664
768,1,0,1e+08,22520614816065,22520615391187,22520616374875,22520616415655,22520616441463,22520616726999,22520616915807,22520616915923,16,20.9986,5.75122,9.83688,0.4078,0.25808,2.85536,1.88808
769,1,0,1e+08,22520617845282,22520618263167,22520619394429,22520619399661,22520619443133,22520619768697,22520619912441,22520619912585,16,20.673,4.17885,11.3126,0.05232,0.43472,3.25564,1.43744
770,1,0,1e+08,22520620894660,22520621404083,22520622505757,22520622511029,22520622553397,22520622874365,22520623017545,22520623017665,16,21.23,5.09423,11.0167,0.05272,0.42368,3.20968,1.4318
771,1,0,1e+08,22520623866199,22520624096947,22520625370541,22520625374985,22520625421793,22520625765177,22520625913329,22520625913505,16,20.4731,2.30748,12.7359,0.04444,0.46808,3.43384,1.48152
772,1,0,1e+08,22520626847388,22520627429638,22520628435759,22520628440367,22520628472503,22520628789495,22520628925655,22520628925775,16,20.7839,5.8225,10.0612,0.04608,0.32136,3.16992,1.3616
773,1,0,1e+08,22520629771897,22520630011945,22520630445893,22520630449617,22520630469629,22520630742469,22520630914465,22520630914497,16,11.426,2.40048,4.33948,0.03724,0.20012,2.7284,1.71996
774,1,0,1e+08,22520631702403,22520632532494,22520633276781,22520633317489,22520633346013,22520633628057,22520633802469,22520633802501,16,21.001,8.30091,7.44287,0.40708,0.28524,2.82044,1.74412
775,1,0,1e+08,22520634776231,22520635406684,22520636307569,22520636345321,22520636371977,22520636659985,22520636801569,22520636801601,16,20.2537,6.30453,9.00885,0.37752,0.26656,2.88008,1.41584
776,1,0,1e+08,22520637885701,22520638585502,22520639545865,22520639572921,22520639592937,22520639886601,22520640017865,22520640017901,16,21.322,6.99801,9.60363,0.27056,0.20016,2.93664,1.31264
777,1,0,1e+08,22520641000074,22520641832485,22520642585491,22520642622811,22520642655943,22520642918015,22520643057455,22520643057487,16,20.5741,8.32411,7.53006,0.3732,0.33132,2.62072,1.3944
778,1,0,1e+08,22520644068734,22520645044217,22520645726598,22520645782438,22520645805174,22520646065942,22520646217394,22520646217426,16,21.4869,9.75483,6.82381,0.5584,0.22736,2.60768,1.51452
779,1,0,1e+08,22520648054361,22520648351770,22520648798862,22520648802394,22520648830742,22520649039850,22520649203002,22520649203026,16,11.4866,2.97409,4.47092,0.03532,0.28348,2.09108,1.63152
780,1,0,1e+08,22520650633734,22520651608951,22520652314475,22520652317767,22520652352199,22520652619363,22520652765583,22520652765619,16,21.3189,9.75217,7.05524,0.03292,0.34432,2.67164,1.4622
781,1,0,1e+08,22520653779089,22520654785972,22520655456205,22520655460885,22520655500909,22520655753173,22520655918325,22520655918357,16,21.3927,10.0688,6.70233,0.0468,0.40024,2.52264,1.65152
782,1,0,1e+08,22520658205113,22520658475233,22520659038164,22520659047139,22520659143059,22520659955805,22520660150665,22520660150869,16,19.4576,2.7012,5.62931,0.08975,0.9592,8.12746,1.9486
783,1,0,1e+08,22520661593697,22520661833577,22520662317425,22520662321489,22520662370869,22520662635041,22520662830493,22520662830621,16,12.3692,2.3988,4.83848,0.04064,0.4938,2.64172,1.95452
784,1,0,1e+08,22520663755147,22520664747114,22520665430950,22520665436058,22520665468130,22520665733126,22520665862034,22520665862070,16,21.0692,9.91967,6.83836,0.05108,0.32072,2.64996,1.28908
785,1,0,1e+08,22520666836508,22520667113527,22520668304861,22520668309085,22520668334077,22520668638161,22520668777301,22520668777337,16,19.4083,2.77019,11.9133,0.04224,0.24992,3.04084,1.3914
786,1,0,1e+08,22520669906243,22520670331786,22520671438978,22520671443030,22520671472502,22520671766734,22520671896834,22520671896870,16,19.9063,4.25543,11.0719,0.04052,0.29472,2.94232,1.301
787,1,0,1e+08,22520673002873,22520673837124,22520674581283,22520674585739,22520674624879,22520674898519,22520675025351,22520675025383,16,20.2251,8.34251,7.44159,0.04456,0.3914,2.7364,1.26832
788,1,0,1e+08,22520676112779,22520676852356,22520677647613,22520677651997,22520677690565,22520677970229,22520678104497,22520678104529,16,19.9175,7.39577,7.95257,0.04384,0.38568,2.79664,1.34268
789,1,0,1e+08,22520679265638,22520679884086,22520680803480,22520680808372,22520680836832,22520681116064,22520681265148,22520681265300,16,19.9966,6.18448,9.19394,0.04892,0.2846,2.79232,1.49084
790,1,0,1e+08,22520682426563,22520683145421,22520684071289,22520684074605,22520684095481,22520684383101,22520684530405,22520684530565,16,21.04,7.18858,9.25868,0.03316,0.20876,2.8762,1.47304
791,1,0,1e+08,22520685651721,22520686292743,22520687205396,22520687209612,22520687235140,22520687522140,22520687674132,22520687674260,16,20.2254,6.41022,9.12653,0.04216,0.25528,2.87,1.51992
792,1,0,1e+08,22520688837548,22520689819216,22520690469425,22520690474589,22520690503849,22520690754781,22520690897297,22520690897441,16,20.5989,9.81668,6.50209,0.05164,0.2926,2.50932,1.42516
793,1,0,1e+08,22520692029886,22520692973647,22520693697678,22520693702514,22520693744786,22520694013742,22520694169878,22520694169910,16,21.4002,9.43761,7.24031,0.04836,0.42272,2.68956,1.56136
794,1,0,1e+08,22520695457616,22520695696884,22520696163364,22520696167432,22520696191768,22520696479112,22520696648180,22520696648208,16,11.9059,2.39268,4.6648,0.04068,0.24336,2.87344,1.69068
795,1,0,1e+08,22520697997775,22520698683648,22520699528477,22520699531557,22520699548933,22520699822701,22520699963597,22520699963761,16,19.6599,6.85873,8.44829,0.0308,0.17376,2.73768,1.40896
796,1,0,1e+08,22520701049225,22520701598559,22520702506835,22520702511255,22520702546743,22520702841991,22520702975835,22520702975871,16,19.2665,5.49334,9.08276,0.0442,0.35488,2.95248,1.33844
797,1,0,1e+08,22520704178917,22520705181610,22520705847814,22520705850858,22520705867926,22520706121506,22520706264134,22520706264306,16,20.8539,10.0269,6.66204,0.03044,0.17068,2.5358,1.42628
798,1,0,1e+08,22520707254593,22520707602577,22520708775737,22520708780125,22520708805541,22520709117625,22520709276025,22520709276165,16,20.2157,3.47984,11.7316,0.04388,0.25416,3.12084,1.584
799,1,0,1e+08,22520710504834,22520710767739,22520711972941,22520711977433,22520712033213,22520712343825,22520712478157,22520712478193,16,19.7336,2.62905,12.052,0.04492,0.5578,3.10612,1.34332
800,1,0,1e+08,22520713583341,22520714032256,22520715130236,22520715134892,22520715160624,22520715452676,22520715595892,22520715595988,16,20.1265,4.48915,10.9798,0.04656,0.25732,2.92052,1.43216
801,1,0,1e+08,22520716649798,22520717103107,22520718159173,22520718163993,22520718199929,22520718489149,22520718644173,22520718644265,16,19.9447,4.53309,10.5607,0.0482,0.35936,2.8922,1.55024
802,1,0,1e+08,22520719745934,22520720385518,22520721308792,22520721311956,22520721330800,22520721619112,22520721752764,22520721752832,16,20.069,6.39584,9.23274,0.03164,0.18844,2.88312,1.33652
803,1,0,1e+08,22520722787270,22520723113023,22520724304476,22520724308860,22520724334940,22520724635072,22520724785248,22520724785376,16,19.9811,3.25753,11.9145,0.04384,0.2608,3.00132,1.50176
804,1,0,1e+08,22520725857749,22520726107813,22520727303296,22520727308232,22520727340632,22520727664412,22520727815116,22520727815236,16,19.5749,2.50064,11.9548,0.04936,0.324,3.2378,1.50704
805,1,0,1e+08,22520729009537,22520729277501,22520729802545,22520729806817,22520729839269,22520730122485,22520730267193,22520730267293,16,12.5776,2.67964,5.25044,0.04272,0.32452,2.83216,1.44708
806,1,0,1e+08,22520731101276,22520731377830,22520731896990,22520731901498,22520731926070,22520732196982,22520732357210,22520732357246,16,12.5597,2.76554,5.1916,0.04508,0.24572,2.70912,1.60228
807,1,0,1e+08,22520733192614,22520733435215,22520733825499,22520733828559,22520733901755,22520734091159,22520734302479,22520734302555,16,11.0994,2.42601,3.90284,0.0306,0.73196,1.89404,2.1132
808,1,0,1e+08,22520735512992,22520735971964,22520737035805,22520737039157,22520737084377,22520737381897,22520737538177,22520737538213,16,20.2522,4.58972,10.6384,0.03352,0.4522,2.9752,1.5628
809,1,0,1e+08,22520738792497,22520739716101,22520740367337,22520740371917,22520740396829,22520740655165,22520740794961,22520740795061,16,20.0256,9.23604,6.51236,0.0458,0.24912,2.58336,1.39796
810,1,0,1e+08,22520742219923,22520742450616,22520743646154,22520743650134,22520743683402,22520744054270,22520744216170,22520744216250,16,19.9633,2.30693,11.9554,0.0398,0.33268,3.70868,1.619
811,1,0,1e+08,22520745490605,22520745990922,22520747053278,22520747056378,22520747074018,22520747372774,22520747500954,22520747500986,16,20.1038,5.00317,10.6236,0.031,0.1764,2.98756,1.2818
812,1,0,1e+08,22520748580377,22520748810674,22520750036939,22520750041783,22520750072555,22520750451251,22520750602767,22520750602879,16,20.225,2.30297,12.2627,0.04844,0.30772,3.78696,1.51516
813,1,0,1e+08,22520751772753,22520752019801,22520752476469,22520752480101,22520752503165,22520752768577,22520752973953,22520752974049,16,12.013,2.47048,4.56668,0.03632,0.23064,2.65412,2.05376
814,1,0,1e+08,22520753936529,22520754327547,22520755510081,22520755514361,22520755540897,22520755837477,22520755991105,22520755991257,16,20.5473,3.91018,11.8253,0.0428,0.26536,2.9658,1.53628
815,1,0,1e+08,22520757056262,22520757288274,22520758495397,22520758499461,22520758525701,22520758853913,22520759002961,22520759003077,16,19.4682,2.32012,12.0712,0.04064,0.2624,3.28212,1.49048
816,1,0,1e+08,22520760224208,22520760866725,22520761840124,22520761843256,22520761863412,22520762158152,22520762315320,22520762315408,16,20.912,6.42517,9.73399,0.03132,0.20156,2.9474,1.57168
817,1,0,1e+08,22520763360876,22520763787755,22520764855553,22520764859313,22520764885533,22520765173429,22520765340329,22520765340425,16,19.7955,4.26879,10.678,0.0376,0.2622,2.87896,1.669
818,1,0,1e+08,22520766555721,22520767147760,22520768101694,22520768104618,22520768130690,22520768440062,22520768590638,22520768590702,16,20.3498,5.92039,9.53934,0.02924,0.26072,3.09372,1.50576
819,1,0,1e+08,22520770101431,22520770679182,22520771605129,22520771609649,22520771647321,22520771932005,22520772084697,22520772084733,16,19.833,5.77751,9.25947,0.0452,0.37672,2.84684,1.52692
820,1,0,1e+08,22520773606791,22520774571349,22520775303518,22520775307578,22520775346282,22520775654490,22520775839498,22520775839598,16,22.3281,9.64558,7.32169,0.0406,0.38704,3.08208,1.85008
821,1,0,1e+08,22520777862091,22520778128056,22520778588656,22520778592968,22520778630952,22520779462053,22520779682720,22520779682784,16,18.2069,2.65965,4.606,0.04312,0.37984,8.31101,2.20667
822,1,0,1e+08,22520781360599,22520782141686,22520782885425,22520782920637,22520782950029,22520783229297,22520783408425,22520783408457,16,20.4786,7.81087,7.43739,0.35212,0.29392,2.79268,1.79128
823,1,0,1e+08,22520784612496,22520784878456,22520786089159,22520786135335,22520786166199,22520786469367,22520786604827,22520786604863,16,19.9237,2.6596,12.107,0.46176,0.30864,3.03168,1.3546
824,1,0,1e+08,22520787815863,22520788824500,22520790318789,22520790322505,22520790361709,22520790718989,22520790884925,22520790884965,16,30.691,10.0864,14.9429,0.03716,0.39204,3.5728,1.65936
825,1,0,1e+08,22520791681098,22520792581080,22520793252874,22520793257694,22520793283322,22520793554042,22520793747666,22520793747702,16,20.666,8.99982,6.71794,0.0482,0.25628,2.7072,1.93624
826,1,0,1e+08,22520795448833,22520795870985,22520796519677,22520796526225,22520796590521,22520797515072,22520797726992,22520797727156,16,22.7832,4.22152,6.48692,0.06548,0.64296,9.24551,2.1192
827,1,0,1e+08,22520799934009,22520800686050,22520801509547,22520801572735,22520801596303,22520801999579,22520802165007,22520802165051,16,22.3104,7.52041,8.23497,0.63188,0.23568,4.03276,1.65428
828,1,0,1e+08,22520803045302,22520803382660,22520804258044,22520804362256,22520804394176,22520805292373,22520805481749,22520805481817,16,24.3651,3.37358,8.75384,1.04212,0.3192,8.98197,1.89376
829,1,0,1e+08,22520806932122,22520807353271,22520808623509,22520808627021,22520808667329,22520809012309,22520809197037,22520809197069,16,22.6495,4.21149,12.7024,0.03512,0.40308,3.4498,1.84728
830,1,0,1e+08,22520809575014,22520810552320,22520811196824,22520811227356,22520811253756,22520811506224,22520811696384,22520811696504,16,21.2149,9.77306,6.44504,0.30532,0.264,2.52468,1.9016
831,1,0,1e+08,22520813020737,22520813364410,22520814362126,22520814369214,22520814419155,22520814886333,22520815013105,22520815013145,16,19.9241,3.43673,9.97716,0.07088,0.49941,4.67178,1.26772
832,1,0,1e+08,22520815778484,22520816091004,22520816862728,22520816978904,22520817013440,22520817405361,22520817608469,22520817608501,16,18.3002,3.1252,7.71724,1.16176,0.34536,3.91921,2.03108
833,1,0,1e+08,22520819344047,22520820077871,22520820951530,22520820958858,22520821011166,22520821284702,22520821466906,22520821466942,16,21.229,7.33824,8.73659,0.07328,0.52308,2.73536,1.82204
834,1,0,1e+08,22520823819441,22520824142455,22520824885582,22520824891998,22520824944502,22520825448595,22520825867409,22520825867501,16,20.4806,3.23014,7.43127,0.06416,0.52504,5.04093,4.18814
835,1,0,1e+08,22520827695671,22520828203261,22520829113568,22520829117596,22520829181632,22520829474580,22520829632896,22520829632936,16,19.3727,5.0759,9.10307,0.04028,0.64036,2.92948,1.58316
836,1,0,1e+08,22520830468030,22520831442628,22520832101362,22520832140878,22520832169258,22520832422726,22520832580014,22520832580154,16,21.1212,9.74598,6.58734,0.39516,0.2838,2.53468,1.57288
837,1,0,1e+08,22520833806267,22520834514314,22520835344761,22520835389949,22520835409209,22520835677953,22520835831329,22520835831473,16,20.2521,7.08047,8.30447,0.45188,0.1926,2.68744,1.53376
838,1,0,1e+08,22520836919671,22520837462198,22520838478080,22520838526712,22520838550036,22520838863500,22520839050180,22520839050212,16,21.3054,5.42527,10.1588,0.48632,0.23324,3.13464,1.8668
839,1,0,1e+08,22520840686739,22520841448545,22520842368350,22520842407674,22520842431118,22520842787306,22520842950442,22520842950482,16,22.6374,7.61806,9.19805,0.39324,0.23444,3.56188,1.63136
840,1,0,1e+08,22520843773081,22520844405051,22520845318392,22520845399388,22520845427560,22520845703188,22520845869560,22520845869596,16,20.9651,6.3197,9.13341,0.80996,0.28172,2.75628,1.66372
841,1,0,1e+08,22520847259437,22520847597825,22520848245494,22520848250966,22520848299390,22520848652464,22520848826952,22520848827092,16,15.6766,3.38388,6.47669,0.05472,0.48424,3.53074,1.74488
842,1,0,1e+08,22520849961635,22520850518668,22520851266597,22520851310885,22520851332561,22520852000616,22520852294421,22520852294485,16,23.3285,5.57033,7.47929,0.44288,0.21676,6.68055,2.93805
843,1,0,1e+08,22520853526783,22520853783351,22520854963287,22520854968279,22520854993529,22520855440145,22520855621241,22520855621393,16,20.9461,2.56568,11.7994,0.04992,0.2525,4.46616,1.81096
844,1,0,1e+08,22520856074801,22520856368125,22520857597801,22520857666597,22520857690625,22520858013109,22520858216569,22520858216685,16,21.4188,2.93324,12.2968,0.68796,0.24028,3.22484,2.0346
845,1,0,1e+08,22520859297517,22520860060732,22520860858142,22520860905282,22520860937078,22520861203638,22520861352378,22520861352510,16,20.5499,7.63215,7.9741,0.4714,0.31796,2.6656,1.4874
846,1,0,1e+08,22520862309544,22520862662282,22520863583272,22520863588060,22520863653724,22520864487269,22520864722440,22520864722500,16,24.1296,3.52738,9.2099,0.04788,0.65664,8.33545,2.35171
847,1,0,1e+08,22520865324235,22520865610249,22520866050789,22520866054285,22520866095593,22520866457251,22520866651361,22520866651521,16,13.2729,2.86014,4.4054,0.03496,0.41308,3.61658,1.9411
848,1,0,1e+08,22520867683848,22520868537484,22520869188921,22520869238617,22520869267313,22520869540085,22520869718533,22520869718565,16,20.3472,8.53636,6.51437,0.49696,0.28696,2.72772,1.78448
849,1,0,1e+08,22520870896499,22520871662374,22520872464062,22520872569174,22520872591194,22520872856482,22520872988058,22520872988090,16,20.9159,7.65875,8.01688,1.05112,0.2202,2.65288,1.31576
850,1,0,1e+08,22520874057946,22520874314778,22520874989254,22520874993382,22520875025258,22520875937447,22520876142296,22520876142492,16,20.8455,2.56832,6.74476,0.04128,0.31876,9.12189,2.04849
851,1,0,1e+08,22520877452537,22520877824102,22520878729161,22520878732569,22520878783925,22520879164209,22520879321085,22520879321121,16,18.6858,3.71565,9.05059,0.03408,0.51356,3.80284,1.56876
852,1,0,1e+08,22520879747003,22520880171951,22520881326353,22520881331361,22520881368297,22520881703349,22520881893045,22520881893077,16,21.4607,4.24948,11.544,0.05008,0.36936,3.35052,1.89696
853,1,0,1e+08,22520883141726,22520883980265,22520884765106,22520884802538,22520884821906,22520885099086,22520885234774,22520885234810,16,20.9308,8.38539,7.84841,0.37432,0.19368,2.7718,1.35688
854,1,0,1e+08,22520886426704,22520887173661,22520887969893,22520888004761,22520888026285,22520888292497,22520888435529,22520888435561,16,20.0886,7.46957,7.96232,0.34868,0.21524,2.66212,1.43032
855,1,0,1e+08,22520889774733,22520890938059,22520892525483,22520892534643,22520892582063,22520893632477,22520893862065,22520893862125,16,40.8739,11.6333,15.8742,0.0916,0.4742,10.5041,2.29588
856,1,0,1e+08,22520893987269,22520894591740,22520895502961,22520895506681,22520895547817,22520895842041,22520895976021,22520895976057,16,19.8879,6.04471,9.11221,0.0372,0.41136,2.94224,1.3398
857,1,0,1e+08,22520896003529,22520896253617,22520896745193,22520896749301,22520896793817,22520897289445,22520897523465,22520897523525,16,15.2,2.50088,4.91576,0.04108,0.44516,4.95628,2.3402
858,1,0,1e+08,22520897554797,22520897950131,22520899028528,22520899037843,22520899129426,22520899670754,22520899867106,22520899867294,16,23.125,3.95334,10.784,0.09315,0.91583,5.41328,1.96352
859,1,0,1e+08,22520900900566,22520901854276,22520902509077,22520902512073,22520902544897,22520902805221,22520902969421,22520902969449,16,20.6888,9.5371,6.54801,0.02996,0.32824,2.60324,1.642
860,1,0,1e+08,22520904347596,22520904830064,22520905588518,22520905592542,22520905622126,22520906001599,22520906204359,22520906204391,16,18.5679,4.82468,7.58454,0.04024,0.29584,3.79473,2.0276
861,1,0,1e+08,22520906634396,22520906919573,22520907359081,22520907362625,22520907402193,22520907661909,22520907804025,22520907804053,16,11.6966,2.85177,4.39508,0.03544,0.39568,2.59716,1.42116
862,1,0,1e+08,22520908812184,22520909107442,22520909650066,22520909653634,22520909694950,22520909984442,22520910120398,22520910120434,16,13.0825,2.95258,5.42624,0.03568,0.41316,2.89492,1.35956
863,1,0,1e+08,22520910970915,22520911258577,22520911850389,22520911855401,22520911895061,22520912813340,22520913042489,22520913042653,16,20.7174,2.87662,5.91812,0.05012,0.3966,9.18279,2.29149
864,1,0,1e+08,22520914904901,22520915319910,22520915904986,22520915909670,22520915963258,22520916204410,22520916374474,22520916374506,16,14.696,4.15009,5.85076,0.04684,0.53588,2.41152,1.70064
865,1,0,1e+08,22520917527344,22520917843430,22520918398022,22520918402686,22520918440730,22520919148345,22520919440808,22520919440968,16,19.1362,3.16086,5.54592,0.04664,0.38044,7.07615,2.92463
866,1,0,1e+08,22520920698528,22520921014226,22520922067578,22520922160472,22520922180904,22520922564216,22520922697488,22520922697580,16,19.9905,3.15698,10.5335,0.92894,0.20432,3.83312,1.33272
867,1,0,1e+08,22520922804496,22520923611540,22520924317487,22520924322719,22520924371751,22520924636595,22520924807499,22520924807531,16,20.0303,8.07044,7.05947,0.05232,0.49032,2.64844,1.70904
868,1,0,1e+08,22520926014375,22520926289764,22520926913861,22520926917249,22520926948657,22520927240033,22520927369997,22520927370033,16,13.5566,2.75389,6.24097,0.03388,0.31408,2.91376,1.29964
869,1,0,1e+08,22520928094986,22520928411971,22520928981347,22520929016915,22520929036983,22520929283083,22520929455867,22520929455903,16,13.6092,3.16985,5.69376,0.35568,0.20068,2.461,1.72784
870,1,0,1e+08,22520930446979,22520931394464,22520932058282,22520932103138,22520932138258,22520932414254,22520932582142,22520932582178,16,21.352,9.47485,6.63818,0.44856,0.3512,2.75996,1.67888
871,1,0,1e+08,22520933526248,22520934048907,22520935073499,22520935124695,22520935159659,22520935458631,22520935626555,22520935626587,16,21.0034,5.22659,10.2459,0.51196,0.34964,2.98972,1.67924
872,1,0,1e+08,22520936639617,22520936922021,22520937514641,22520937520325,22520937566721,22520937921429,22520938062917,22520938063013,16,14.234,2.82404,5.9262,0.05684,0.46396,3.54708,1.41488
873,1,0,1e+08,22520938871715,22520939522927,22520940422406,22520940427570,22520940474342,22520940770646,22520940906662,22520940906690,16,20.3498,6.51212,8.99479,0.05164,0.46772,2.96304,1.36016
874,1,0,1e+08,22520942025379,22520942528282,22520943572493,22520943577389,22520943614229,22520943952161,22520944097605,22520944097717,16,20.7234,5.02903,10.4421,0.04896,0.3684,3.37932,1.45444
875,1,0,1e+08,22520945174860,22520946154564,22520946802581,22520946807497,22520946853801,22520947129373,22520947269481,22520947269513,16,20.9465,9.79704,6.48017,0.04916,0.46304,2.75572,1.40108
876,1,0,1e+08,22520948202106,22520948801522,22520949792683,22520949797671,22520949841911,22520950151647,22520950293583,22520950293619,16,20.9151,5.99416,9.91161,0.04988,0.4424,3.09736,1.41936
877,1,0,1e+08,22520951283626,22520951628234,22520952254972,22520952259956,22520952293204,22520952674428,22520952810260,22520952810296,16,15.2667,3.44608,6.26738,0.04984,0.33248,3.81224,1.35832
878,1,0,1e+08,22520953318876,22520954266972,22520954905726,22520954910010,22520954938590,22520955194934,22520955389166,22520955389294,16,20.7042,9.48096,6.38754,0.04284,0.2858,2.56344,1.94232
879,1,0,1e+08,22520956406335,22520957359117,22520958001474,22520958006170,22520958048454,22520958303466,22520958449862,22520958449962,16,20.4363,9.52782,6.42357,0.04696,0.42284,2.55012,1.46396
880,1,0,1e+08,22520959466288,22520959738865,22520960404334,22520960409590,22520960449774,22520960718798,22520960877546,22520960877654,16,14.1137,2.72577,6.65469,0.05256,0.40184,2.69024,1.58748
881,1,0,1e+08,22520961526810,22520962488785,22520963154386,22520963158742,22520963214398,22520963474006,22520963635802,22520963635934,16,21.0912,9.61975,6.65601,0.04356,0.55656,2.59608,1.61796
882,1,0,1e+08,22520964831125,22520965707885,22520966372073,22520966414369,22520966440177,22520966686345,22520966831565,22520966831681,16,20.0056,8.7676,6.64188,0.42296,0.25808,2.46168,1.4522
883,1,0,1e+08,22520967800041,22520968599016,22520969372622,22520969416234,22520969447714,22520969709802,22520969853558,22520969853646,16,20.536,7.98975,7.73606,0.43612,0.3148,2.62088,1.43756
