frame,ready,disjoint,freq,begin_ts,blt_ts,range_ts,charts_ts,gauge_ts,map_ts,hud_ts,end_ts,read_latency,span_ms,vp_ms,range_ms,charts_ms,gauge_ms,map_ms,hud_ms
0,1,0,1e+08,29078145746061,29078147534005,29078147534173,29078147796354,29078147811322,29078147811382,29078148162358,29078148162398,16,24.1634,17.8794,0.00168,2.62181,0.14968,0.0006,3.50976
1,1,0,1e+08,29078149410361,29078151459063,29078151459151,29078151523679,29078151536935,29078151536967,29078151823691,29078151823727,16,24.1337,20.487,0.00088,0.64528,0.13256,0.00032,2.86724
2,1,0,1e+08,29078152784253,29078154814950,29078154815400,29078154976984,29078155021713,29078155021973,29078155540027,29078155540071,16,27.5582,20.307,0.0045,1.61584,0.44729,0.0026,5.18054
3,1,0,1e+08,29078156398484,29078158644118,29078158644206,29078158721099,29078158740363,29078158740451,29078159093814,29078159093862,16,26.9538,22.4563,0.00088,0.76893,0.19264,0.00088,3.53363
4,1,0,1e+08,29078159810678,29078161296436,29078161296572,29078161361960,29078161376468,29078161376520,29078161720040,29078161720068,16,19.0939,14.8576,0.00136,0.65388,0.14508,0.00052,3.4352
5,1,0,1e+08,29078162412710,29078164130963,29078164131115,29078164207759,29078164232395,29078164232575,29078164580207,29078164580243,16,21.6753,17.1825,0.00152,0.76644,0.24636,0.0018,3.47632
6,1,0,1e+08,29078165218120,29078167268020,29078167268176,29078167349444,29078167378300,29078167378360,29078167796700,29078167796736,16,25.7862,20.499,0.00156,0.81268,0.28856,0.0006,4.1834
7,1,0,1e+08,29078168562885,29078169923104,29078169923256,29078169991296,29078170006756,29078170006808,29078170354648,29078170354688,16,17.918,13.6022,0.00152,0.6804,0.1546,0.00052,3.4784
8,1,0,1e+08,29078172038720,29078172325052,29078172325088,29078172385960,29078172403516,29078172403552,29078172681880,29078172681904,16,6.43184,2.86332,0.00036,0.60872,0.17556,0.00036,2.78328
9,1,0,1e+08,29078173408293,29078173736441,29078173736497,29078173790741,29078173802065,29078173802105,29078174257590,29078174257630,16,8.49337,3.28148,0.00056,0.54244,0.11324,0.0004,4.55485
10,1,0,1e+08,29078174911452,29078175715366,29078175715494,29078175789602,29078175805302,29078175805346,29078176143614,29078176143650,16,12.322,8.03914,0.00128,0.74108,0.157,0.00044,3.38268
11,1,0,1e+08,29078176862904,29078177789054,29078177789146,29078177870202,29078177905976,29078177906136,29078178352985,29078178353037,16,14.9013,9.2615,0.00092,0.81056,0.35774,0.0016,4.46849
12,1,0,1e+08,29078179226990,29078179490923,29078179490979,29078179548295,29078179561235,29078179561291,29078179969795,29078179969831,16,7.42841,2.63933,0.00056,0.57316,0.1294,0.00056,4.08504
13,1,0,1e+08,29078180810436,29078181674880,29078181675350,29078181833993,29078181893286,29078181893471,29078182479470,29078182479526,16,16.6909,8.64444,0.0047,1.58643,0.59293,0.00185,5.85999
14,1,0,1e+08,29078183365533,29078183658850,29078183658878,29078183708630,29078183718622,29078183718654,29078184009266,29078184009294,16,6.43761,2.93317,0.00028,0.49752,0.09992,0.00032,2.90612
15,1,0,1e+08,29078184694351,29078185458922,29078185459112,29078185553876,29078185586564,29078185586656,29078186106216,29078186106272,16,14.1192,7.64571,0.0019,0.94764,0.32688,0.00092,5.1956
16,1,0,1e+08,29078187099469,29078187396429,29078187396501,29078187458737,29078187469281,29078187469309,29078187700833,29078187700861,16,6.01392,2.9696,0.00072,0.62236,0.10544,0.00028,2.31524
17,1,0,1e+08,29078188414564,29078190409171,29078190409411,29078190496547,29078190527619,29078190527707,29078190991481,29078190991529,16,25.7697,19.9461,0.0024,0.87136,0.31072,0.00088,4.63774
18,1,0,1e+08,29078191808099,29078192058460,29078192058492,29078192101400,29078192113616,29078192113644,29078192354416,29078192354440,16,5.46341,2.50361,0.00032,0.42908,0.12216,0.00028,2.40772
19,1,0,1e+08,29078193126617,29078193371236,29078193371411,29078193530788,29078193607570,29078193608025,29078194389568,29078194389628,16,12.6301,2.44619,0.00175,1.59377,0.76782,0.00455,7.81543
20,1,0,1e+08,29078195340133,29078195749901,29078195749973,29078195797613,29078195808433,29078195808461,29078196650374,29078196650446,16,13.1031,4.09768,0.00072,0.4764,0.1082,0.00028,8.41913
21,1,0,1e+08,29078197891547,29078198463713,29078198463797,29078198523057,29078198538665,29078198538697,29078198806481,29078198806513,16,9.14966,5.72166,0.00084,0.5926,0.15608,0.00032,2.67784
22,1,0,1e+08,29078199582927,29078199880263,29078199880295,29078199931815,29078199944679,29078199944715,29078200201723,29078200201751,16,6.18824,2.97336,0.00032,0.5152,0.12864,0.00036,2.57008
23,1,0,1e+08,29078200944028,29078201582731,29078201582823,29078201643503,29078201657019,29078201657055,29078201942839,29078201942875,16,9.98847,6.38703,0.00092,0.6068,0.13516,0.00036,2.85784
24,1,0,1e+08,29078202650491,29078202910840,29078202910876,29078202960208,29078202973108,29078202973144,29078203225664,29078203225692,16,5.75201,2.60349,0.00036,0.49332,0.129,0.00036,2.5252
25,1,0,1e+08,29078203963976,29078204728588,29078204728688,29078204789444,29078204802636,29078204802676,29078205119568,29078205119608,16,11.5563,7.64612,0.001,0.60756,0.13192,0.0004,3.16892
26,1,0,1e+08,29078205782359,29078206138670,29078206138714,29078206189154,29078206214498,29078206214606,29078206505582,29078206505610,16,7.23251,3.56311,0.00044,0.5044,0.25344,0.00108,2.90976
27,1,0,1e+08,29078207347321,29078207905172,29078207905276,29078207954044,29078207964836,29078207964868,29078208211488,29078208211520,16,8.64199,5.57851,0.00104,0.48768,0.10792,0.00032,2.4662
28,1,0,1e+08,29078208887311,29078221849098,29078221849563,29078221972428,29078221990884,29078221990976,29078222517060,29078222517104,16,136.298,129.618,0.00465,1.22865,0.18456,0.00092,5.26084
29,1,0,1e+08,29078223497821,29078223798651,29078223798707,29078223862823,29078223875911,29078223875959,29078224259071,29078224259119,16,7.61298,3.0083,0.00056,0.64116,0.13088,0.00048,3.83112
30,1,0,1e+08,29078225052421,29078225961156,29078225961616,29078226055552,29078226097632,29078226097856,29078226582326,29078226582366,16,15.2994,9.08735,0.0046,0.93936,0.4208,0.00224,4.8447
31,1,0,1e+08,29078227610939,29078228538179,29078228538399,29078228623020,29078228641212,29078228641296,29078229106211,29078229106251,16,14.9531,9.2724,0.0022,0.84621,0.18192,0.00084,4.64915
32,1,0,1e+08,29078229770962,29078230589685,29078230589777,29078230673744,29078230704392,29078230704480,29078231179985,29078231180025,16,14.0906,8.18723,0.00092,0.83967,0.30648,0.00088,4.75505
33,1,0,1e+08,29078232263515,29078233214937,29078233215001,29078233293437,29078233322569,29078233322629,29078233738106,29078233738150,16,14.7463,9.51422,0.00064,0.78436,0.29132,0.0006,4.15477
34,1,0,1e+08,29078234484452,29078235121123,29078235121313,29078235358400,29078235395225,29078235395313,29078235923422,29078235923466,16,14.3901,6.36671,0.0019,2.37087,0.36825,0.00088,5.28109
35,1,0,1e+08,29078236776561,29078237056786,29078237056810,29078237109594,29078237124970,29078237125006,29078237392210,29078237392250,16,6.15689,2.80225,0.00024,0.52784,0.15376,0.00036,2.67204
36,1,0,1e+08,29078238292646,29078239609166,29078239609322,29078239720130,29078239745918,29078239745978,29078240158002,29078240158038,16,18.6539,13.1652,0.00156,1.10808,0.25788,0.0006,4.12024
37,1,0,1e+08,29078241288186,29078241731762,29078241731850,29078241830311,29078241851983,29078241852067,29078242743774,29078242743858,16,14.5567,4.43576,0.00088,0.98461,0.21672,0.00084,8.91707
38,1,0,1e+08,29078243484056,29078243836569,29078243836601,29078243925397,29078243945869,29078243945905,29078244342757,29078244342793,16,8.58737,3.52513,0.00032,0.88796,0.20472,0.00036,3.96852
39,1,0,1e+08,29078245088853,29078245741769,29078245741964,29078245955995,29078245993574,29078245993764,29078246592493,29078246592549,16,15.037,6.52916,0.00195,2.14031,0.37579,0.0019,5.98729
40,1,0,1e+08,29078247679448,29078248434605,29078248434800,29078248591807,29078248622331,29078248622423,29078249138384,29078249138428,16,14.5898,7.55157,0.00195,1.57007,0.30524,0.00092,5.15961
41,1,0,1e+08,29078250043082,29078250340990,29078250341034,29078250414642,29078250429938,29078250429994,29078251054988,29078251055080,16,10.12,2.97908,0.00044,0.73608,0.15296,0.00056,6.24994
42,1,0,1e+08,29078251787044,29078253692639,29078253692743,29078253760587,29078253774859,29078253774895,29078254068747,29078254068771,16,22.8173,19.0559,0.00104,0.67844,0.14272,0.00036,2.93852
43,1,0,1e+08,29078254854575,29078255152331,29078255152375,29078255218367,29078255233531,29078255233575,29078255583735,29078255583775,16,7.292,2.97756,0.00044,0.65992,0.15164,0.00044,3.5016
44,1,0,1e+08,29078256576610,29078257370292,29078257370482,29078257460460,29078257502968,29078257503192,29078257990714,29078257990754,16,14.1414,7.93682,0.0019,0.89978,0.42508,0.00224,4.87522
45,1,0,1e+08,29078259145837,29078259710263,29078259710433,29078259867468,29078259903180,29078259903350,29078260655337,29078260655389,16,15.0955,5.64426,0.0017,1.57035,0.35712,0.0017,7.51987
46,1,0,1e+08,29078261811508,29078262172322,29078262172374,29078262240870,29078262257170,29078262257230,29078262872342,29078262872472,16,10.6096,3.60814,0.00052,0.68496,0.163,0.0006,6.15112
47,1,0,1e+08,29078264077971,29078264923357,29078264923453,29078265004252,29078265046188,29078265046416,29078265507583,29078265507631,16,14.2966,8.45386,0.00096,0.80799,0.41936,0.00228,4.61167
48,1,0,1e+08,29078266465562,29078267104335,29078267104525,29078267263908,29078267308203,29078267308388,29078267879433,29078267879477,16,14.1391,6.38773,0.0019,1.59383,0.44295,0.00185,5.71045
49,1,0,1e+08,29078268835260,29078270779906,29078270780006,29078270845694,29078270860370,29078270860406,29078271147590,29078271147626,16,23.1237,19.4465,0.001,0.65688,0.14676,0.00036,2.87184
50,1,0,1e+08,29078271958591,29078272255660,29078272255696,29078272308620,29078272320188,29078272320228,29078272603980,29078272604012,16,6.45421,2.97069,0.00036,0.52924,0.11568,0.0004,2.83752
51,1,0,1e+08,29078273402180,29078273803924,29078273804020,29078273856040,29078273867412,29078273867448,29078274155640,29078274155684,16,7.53504,4.01744,0.00096,0.5202,0.11372,0.00036,2.88192
52,1,0,1e+08,29078274982355,29078276320415,29078276320507,29078276400587,29078276417583,29078276417619,29078276988714,29078276988844,16,20.0649,13.3806,0.00092,0.8008,0.16996,0.00036,5.71095
53,1,0,1e+08,29078277888007,29078278710738,29078278710834,29078278800290,29078278851694,29078278851918,29078279370339,29078279370391,16,14.8238,8.22731,0.00096,0.89456,0.51404,0.00224,5.18421
54,1,0,1e+08,29078280572753,29078281019023,29078281019087,29078281107368,29078281127112,29078281127172,29078281793423,29078281793467,16,12.2071,4.4627,0.00064,0.88281,0.19744,0.0006,6.66251
55,1,0,1e+08,29078282680843,29078283011388,29078283011428,29078283075108,29078283088656,29078283088692,29078283500116,29078283500148,16,8.19305,3.30545,0.0004,0.6368,0.13548,0.00036,4.11424
56,1,0,1e+08,29078284209089,29078285074086,29078285074178,29078285154574,29078285190332,29078285190492,29078285629101,29078285629141,16,14.2005,8.64997,0.00092,0.80396,0.35758,0.0016,4.38609
57,1,0,1e+08,29078286698191,29078286993735,29078286993791,29078287057719,29078287074423,29078287074475,29078287452399,29078287452451,16,7.5426,2.95544,0.00056,0.63928,0.16704,0.00052,3.77924
58,1,0,1e+08,29078288104715,29078291207313,29078291207557,29078291296305,29078291339397,29078291339621,29078291850844,29078291850888,16,37.4617,31.026,0.00244,0.88748,0.43092,0.00224,5.11223
59,1,0,1e+08,29078292837320,29078293114730,29078293114790,29078293212344,29078293247214,29078293247384,29078293749211,29078293749267,16,9.11947,2.7741,0.0006,0.97554,0.3487,0.0017,5.01827
60,1,0,1e+08,29078294583211,29078295371665,29078295371855,29078295459770,29078295488666,29078295488754,29078295973245,29078295973285,16,13.9007,7.88454,0.0019,0.87915,0.28896,0.00088,4.84491
61,1,0,1e+08,29078296992821,29078297651834,29078297652019,29078297811272,29078297852327,29078297852517,29078298402481,29078298402537,16,14.0972,6.59013,0.00185,1.59253,0.41055,0.0019,5.49964
62,1,0,1e+08,29078299395196,29078299699616,29078299699676,29078299763980,29078299782234,29078299782322,29078300728172,29078300728208,16,13.3301,3.0442,0.0006,0.64304,0.18254,0.00088,9.4585
63,1,0,1e+08,29078301298438,29078303411457,29078303411541,29078303475337,29078303488953,29078303488985,29078303799429,29078303799469,16,25.0103,21.1302,0.00084,0.63796,0.13616,0.00032,3.10444
64,1,0,1e+08,29078304462528,29078305194475,29078305194675,29078305319927,29078305367719,29078305367951,29078305856132,29078305856180,16,13.9365,7.31947,0.002,1.25252,0.47792,0.00232,4.88181
65,1,0,1e+08,29078306809499,29078307083571,29078307083599,29078307131195,29078307144923,29078307144951,29078307373199,29078307373231,16,5.63732,2.74072,0.00028,0.47596,0.13728,0.00028,2.28248
66,1,0,1e+08,29078308050544,29078309065524,29078309065628,29078309137704,29078309151752,29078309151788,29078309453048,29078309453080,16,14.0254,10.1498,0.00104,0.72076,0.14048,0.00036,3.0126
67,1,0,1e+08,29078310110636,29078310382180,29078310382212,29078310431456,29078310444512,29078310444544,29078310698016,29078310698048,16,5.87412,2.71544,0.00032,0.49244,0.13056,0.00032,2.53472
68,1,0,1e+08,29078311456830,29078312147116,29078312147192,29078312207956,29078312229904,29078312229936,29078312542616,29078312542644,16,10.8581,6.90286,0.00076,0.60764,0.21948,0.00032,3.1268
69,1,0,1e+08,29078313325255,29078313651141,29078313651173,29078313700545,29078313718753,29078313718789,29078313981185,29078313981217,16,6.55962,3.25886,0.00032,0.49372,0.18208,0.00036,2.62396
70,1,0,1e+08,29078314634769,29078315352810,29078315352894,29078315414318,29078315429946,29078315429982,29078315719066,29078315719094,16,10.8433,7.18041,0.00084,0.61424,0.15628,0.00036,2.89084
71,1,0,1e+08,29078316453443,29078316744608,29078316744636,29078316792304,29078316828952,29078316829036,29078317074812,29078317074840,16,6.21397,2.91165,0.00028,0.47668,0.36648,0.00084,2.45776
72,1,0,1e+08,29078317920422,29078318342400,29078318342480,29078318401712,29078318414760,29078318414792,29078318708076,29078318708108,16,7.87686,4.21978,0.0008,0.59232,0.13048,0.00032,2.93284
73,1,0,1e+08,29078319443498,29078331983655,29078331983751,29078332030839,29078332040527,29078332040563,29078332327267,29078332327307,16,128.838,125.402,0.00096,0.47088,0.09688,0.00036,2.86704
74,1,0,1e+08,29078332968950,29078333329257,29078333329297,29078333380053,29078333392145,29078333392193,29078333695733,29078333695761,16,7.26811,3.60307,0.0004,0.50756,0.12092,0.00048,3.0354
75,1,0,1e+08,29078334403659,29078335137814,29078335137938,29078335191090,29078335206558,29078335206606,29078335517430,29078335517474,16,11.1381,7.34155,0.00124,0.53152,0.15468,0.00048,3.10824
76,1,0,1e+08,29078336181508,29078337559440,29078337559895,29078337721121,29078337799088,29078337799568,29078338393427,29078338393471,16,22.1196,13.7793,0.00455,1.61226,0.77967,0.0048,5.93859
77,1,0,1e+08,29078339442376,29078339867320,29078339867500,29078339937196,29078339954344,29078339954396,29078340364912,29078340364960,16,9.22584,4.24944,0.0018,0.69696,0.17148,0.00052,4.10516
78,1,0,1e+08,29078341143379,29078341419723,29078341419763,29078341472039,29078341484103,29078341484147,29078341821899,29078341821935,16,6.78556,2.76344,0.0004,0.52276,0.12064,0.00044,3.37752
79,1,0,1e+08,29078342621523,29078343304615,29078343305070,29078343463754,29078343517240,29078343517425,29078344090377,29078344090433,16,14.6891,6.83092,0.00455,1.58684,0.53486,0.00185,5.72952
80,1,0,1e+08,29078345124050,29078346312393,29078346312629,29078346396214,29078346414502,29078346414566,29078346852439,29078346852479,16,17.2843,11.8834,0.00236,0.83585,0.18288,0.00064,4.37873
81,1,0,1e+08,29078347767705,29078348054197,29078348054257,29078348173006,29078348191042,29078348191102,29078348747417,29078348747469,16,9.79764,2.86492,0.0006,1.18749,0.18036,0.0006,5.56315
82,1,0,1e+08,29078349497115,29078350068367,29078350068557,29078350227945,29078350265552,29078350265742,29078350873523,29078350873575,16,13.7646,5.71252,0.0019,1.59388,0.37607,0.0019,6.07781
83,1,0,1e+08,29078351842902,29078352082362,29078352082406,29078352138306,29078352150930,29078352150974,29078352573214,29078352573270,16,7.30368,2.3946,0.00044,0.559,0.12624,0.00044,4.2224
84,1,0,1e+08,29078353240002,29078356099121,29078356099353,29078356215740,29078356235012,29078356235100,29078356708342,29078356708382,16,34.6838,28.5912,0.00232,1.16387,0.19272,0.00088,4.73242
85,1,0,1e+08,29078357505478,29078357764536,29078357764564,29078357813368,29078357825088,29078357825128,29078358140588,29078358140632,16,6.35154,2.59058,0.00028,0.48804,0.1172,0.0004,3.1546
86,1,0,1e+08,29078358923753,29078359260139,29078359260183,29078359310703,29078359329635,29078359329675,29078359630523,29078359630551,16,7.06798,3.36386,0.00044,0.5052,0.18932,0.0004,3.00848
87,1,0,1e+08,29078360329338,29078361372861,29078361372945,29078361435169,29078361450929,29078361450965,29078361734697,29078361734733,16,14.054,10.4352,0.00084,0.62224,0.1576,0.00036,2.83732
88,1,0,1e+08,29078362464149,29078362706428,29078362706460,29078362755092,29078362768384,29078362768416,29078363018640,29078363018668,16,5.54519,2.42279,0.00032,0.48632,0.13292,0.00032,2.50224
89,1,0,1e+08,29078363795653,29078364547309,29078364547393,29078364599489,29078364636017,29078364636105,29078364888997,29078364889025,16,10.9337,7.51656,0.00084,0.52096,0.36528,0.00088,2.52892
90,1,0,1e+08,29078365742290,29078366030188,29078366030232,29078366098960,29078366111904,29078366111944,29078366552451,29078366552596,16,8.10306,2.87898,0.00044,0.68728,0.12944,0.0004,4.40507
91,1,0,1e+08,29078368156906,29078370354188,29078370354416,29078370448864,29078370495828,29078370496052,29078370983651,29078370983703,16,28.268,21.9728,0.00228,0.94448,0.46964,0.00224,4.87599
92,1,0,1e+08,29078371853574,29078372538899,29078372539089,29078372736732,29078372756644,29078372756736,29078373264547,29078373264591,16,14.1102,6.85325,0.0019,1.97643,0.19912,0.00092,5.07811
93,1,0,1e+08,29078374116938,29078374367582,29078374367614,29078374415646,29078374426914,29078374426946,29078374674850,29078374674882,16,5.57944,2.50644,0.00032,0.48032,0.11268,0.00032,2.47904
94,1,0,1e+08,29078375452694,29078376197730,29078376198195,29078376357534,29078376396363,29078376396471,29078376956896,29078376956944,16,15.0425,7.45036,0.00465,1.59339,0.38829,0.00108,5.60425
95,1,0,1e+08,29078377882809,29078378783909,29078378784374,29078379039581,29078379076721,29078379076906,29078379651506,29078379651566,16,17.6876,9.011,0.00465,2.55207,0.3714,0.00185,5.746
96,1,0,1e+08,29078380585261,29078380863974,29078380864010,29078380926926,29078380943034,29078380943078,29078381478584,29078381478652,16,8.93391,2.78713,0.00036,0.62916,0.16108,0.00044,5.35506
97,1,0,1e+08,29078382194623,29078382472579,29078382472615,29078382522399,29078382537495,29078382537531,29078382802999,29078382803031,16,6.08408,2.77956,0.00036,0.49784,0.15096,0.00036,2.65468
98,1,0,1e+08,29078383493755,29078384217371,29078384217475,29078384279815,29078384296479,29078384296519,29078384639347,29078384639379,16,11.4562,7.23616,0.00104,0.6234,0.16664,0.0004,3.42828
99,1,0,1e+08,29078385366848,29078386179663,29078386179848,29078386263938,29078386293649,29078386293745,29078386776520,29078386776572,16,14.0972,8.12815,0.00185,0.8409,0.29711,0.00096,4.82775
100,1,0,1e+08,29078387655595,29078387887603,29078387887635,29078387935939,29078387949327,29078387949355,29078388198895,29078388198923,16,5.43328,2.32008,0.00032,0.48304,0.13388,0.00028,2.4954
101,1,0,1e+08,29078388808138,29078401571150,29078401571274,29078401661751,29078401677818,29078401677850,29078401950530,29078401950558,16,131.424,127.63,0.00124,0.90477,0.16067,0.00032,2.7268
102,1,0,1e+08,29078402635432,29078403382312,29078403382502,29078403470759,29078403504250,29078403504338,29078403981398,29078403981438,16,13.4601,7.4688,0.0019,0.88257,0.33491,0.00088,4.7706
103,1,0,1e+08,29078405200434,29078405670740,29078405670832,29078405729714,29078405741898,29078405741950,29078406104662,29078406104706,16,9.04272,4.70306,0.00092,0.58882,0.12184,0.00052,3.62712
104,1,0,1e+08,29078406853085,29078407232007,29078407232111,29078407286759,29078407302251,29078407302291,29078407600475,29078407600511,16,7.47426,3.78922,0.00104,0.54648,0.15492,0.0004,2.98184
105,1,0,1e+08,29078408243813,29078409832367,29078409832519,29078409900120,29078409915716,29078409915768,29078410254048,29078410254088,16,20.1028,15.8855,0.00152,0.67601,0.15596,0.00052,3.3828
106,1,0,1e+08,29078410899060,29078411814638,29078411814770,29078411895382,29078411920178,29078411920266,29078412434393,29078412434437,16,15.3538,9.15578,0.00132,0.80612,0.24796,0.00088,5.14127
107,1,0,1e+08,29078413344267,29078413606197,29078413606237,29078413656581,29078413668057,29078413668097,29078413982469,29078413982513,16,6.38246,2.6193,0.0004,0.50344,0.11476,0.0004,3.14372
108,1,0,1e+08,29078414723650,29078415379710,29078415379798,29078415442418,29078415456106,29078415456142,29078415743974,29078415743998,16,10.2035,6.5606,0.00088,0.6262,0.13688,0.00036,2.87832
109,1,0,1e+08,29078416420409,29078416673361,29078416673393,29078416744581,29078416755329,29078416755365,29078417022337,29078417022369,16,6.0196,2.52952,0.00032,0.71188,0.10748,0.00036,2.66972
110,1,0,1e+08,29078417686296,29078418517637,29078418517725,29078418579133,29078418593061,29078418593097,29078418890453,29078418890477,16,12.0418,8.31341,0.00088,0.61408,0.13928,0.00036,2.97356
111,1,0,1e+08,29078419563006,29078419819482,29078419819518,29078419868162,29078419879042,29078419879078,29078420133650,29078420133686,16,5.7068,2.56476,0.00036,0.48644,0.1088,0.00036,2.54572
112,1,0,1e+08,29078420839949,29078421680301,29078421680381,29078421742965,29078421756945,29078421756977,29078422045885,29078422045913,16,12.0596,8.40352,0.0008,0.62584,0.1398,0.00032,2.88908
113,1,0,1e+08,29078422665884,29078423581252,29078423581344,29078423662260,29078423698122,29078423698282,29078424145631,29078424145679,16,14.798,9.15368,0.00092,0.80916,0.35862,0.0016,4.47349
114,1,0,1e+08,29078424988271,29078425261880,29078425261912,29078425310540,29078425327324,29078425327360,29078425595972,29078425596004,16,6.07733,2.73609,0.00032,0.48628,0.16784,0.00036,2.68612
115,1,0,1e+08,29078426217530,29078427485388,29078427485480,29078427551692,29078427571456,29078427571488,29078427865380,29078427865416,16,16.4789,12.6786,0.00092,0.66212,0.19764,0.00032,2.93892
116,1,0,1e+08,29078428589115,29078429411558,29078429411650,29078429492353,29078429535133,29078429535357,29078430010532,29078430010572,16,14.2146,8.22443,0.00092,0.80703,0.4278,0.00224,4.75175
117,1,0,1e+08,29078430901419,29078431161395,29078431161423,29078431214471,29078431231439,29078431231471,29078432103257,29078432103345,16,12.0193,2.59976,0.00028,0.53048,0.16968,0.00032,8.71786
118,1,0,1e+08,29078433384852,29078435066132,29078435066280,29078435140469,29078435156993,29078435157053,29078435554134,29078435554170,16,21.6932,16.8128,0.00148,0.74189,0.16524,0.0006,3.97081
119,1,0,1e+08,29078436384801,29078437209395,29078437209495,29078437289478,29078437330862,29078437331086,29078437806289,29078437806341,16,14.2154,8.24594,0.001,0.79983,0.41384,0.00224,4.75203
120,1,0,1e+08,29078438756527,29078439358420,29078439358610,29078439517903,29078439589709,29078439589969,29078440112886,29078440112930,16,13.564,6.01893,0.0019,1.59293,0.71806,0.0026,5.22917
121,1,0,1e+08,29078441112210,29078441418502,29078441418566,29078441482145,29078441500694,29078441500778,29078442059742,29078442059798,16,9.47588,3.06292,0.00064,0.63579,0.18549,0.00084,5.58964
122,1,0,1e+08,29078442730295,29078445240958,29078445241066,29078445315050,29078445329326,29078445329374,29078445721146,29078445721182,16,29.9089,25.1066,0.00108,0.73984,0.14276,0.00048,3.91772
123,1,0,1e+08,29078446420916,29078447101767,29078447101859,29078447194569,29078447211669,29078447211729,29078447888465,29078447888525,16,14.6761,6.80851,0.00092,0.9271,0.171,0.0006,6.76736
124,1,0,1e+08,29078448564495,29078448840343,29078448840375,29078448888755,29078448899499,29078448899531,29078449173543,29078449173571,16,6.09076,2.75848,0.00032,0.4838,0.10744,0.00032,2.74012
125,1,0,1e+08,29078449945484,29078452192975,29078452193079,29078452258271,29078452272955,29078452272995,29078452579059,29078452579091,16,26.3361,22.4749,0.00104,0.65192,0.14684,0.0004,3.06064
126,1,0,1e+08,29078453321316,29078453624165,29078453624205,29078453671293,29078453686733,29078453686769,29078453975021,29078453975053,16,6.53737,3.02849,0.0004,0.47088,0.1544,0.00036,2.88252
127,1,0,1e+08,29078454622476,29078455174939,29078455175083,29078455226591,29078455239227,29078455239267,29078455510039,29078455510075,16,8.87599,5.52463,0.00144,0.51508,0.12636,0.0004,2.70772
128,1,0,1e+08,29078456168209,29078457466369,29078457466469,29078457531545,29078457545281,29078457545321,29078457857317,29078457857345,16,16.8914,12.9816,0.001,0.65076,0.13736,0.0004,3.11996
129,1,0,1e+08,29078458596663,29078458878785,29078458878825,29078458929333,29078458942389,29078458942429,29078459211429,29078459211465,16,6.14802,2.82122,0.0004,0.50508,0.13056,0.0004,2.69
130,1,0,1e+08,29078459956361,29078460698392,29078460698488,29078460762264,29078460777840,29078460777876,29078461099212,29078461099244,16,11.4288,7.42031,0.00096,0.63776,0.15576,0.00036,3.21336
131,1,0,1e+08,29078461879522,29078474058329,29078474058397,29078474173487,29078474184903,29078474184955,29078474492347,29078474492371,16,126.128,121.788,0.00068,1.1509,0.11416,0.00052,3.07392
132,1,0,1e+08,29078475158105,29078475920577,29078475920673,29078476001834,29078476060858,29078476061086,29078476565104,29078476565148,16,14.0704,7.62472,0.00096,0.81161,0.59024,0.00228,5.04018
133,1,0,1e+08,29078477440997,29078477733729,29078477733793,29078477792333,29078477805429,29078477805469,29078478222174,29078478222222,16,7.81225,2.92732,0.00064,0.5854,0.13096,0.0004,4.16705
134,1,0,1e+08,29078479070422,29078480282436,29078480282891,29078480378753,29078480404930,29078480405022,29078480885008,29078480885048,16,18.1463,12.1201,0.00455,0.95862,0.26177,0.00092,4.79986
135,1,0,1e+08,29078481827986,29078482163718,29078482163810,29078482245978,29078482264762,29078482264854,29078482632057,29078482632105,16,8.04119,3.35732,0.00092,0.82168,0.18784,0.00092,3.67203
136,1,0,1e+08,29078483466465,29078484311427,29078484311519,29078484462901,29078484481589,29078484481677,29078484924497,29078484924533,16,14.5807,8.44962,0.00092,1.51382,0.18688,0.00088,4.4282
137,1,0,1e+08,29078485762381,29078485998249,29078485998289,29078486049417,29078486063621,29078486063665,29078486419945,29078486419993,16,6.57612,2.35868,0.0004,0.51128,0.14204,0.00044,3.5628
138,1,0,1e+08,29078487119640,29078488313404,29078488313504,29078488379092,29078488394512,29078488394552,29078488692584,29078488692612,16,15.7297,11.9376,0.001,0.65588,0.1542,0.0004,2.98032
139,1,0,1e+08,29078489407226,29078489667002,29078489667042,29078489716294,29078489732834,29078489732874,29078490004702,29078490004734,16,5.97508,2.59776,0.0004,0.49252,0.1654,0.0004,2.71828
140,1,0,1e+08,29078490673351,29078492840318,29078492840410,29078492901410,29078492915138,29078492915174,29078493204698,29078493204726,16,25.3137,21.6697,0.00092,0.61,0.13728,0.00036,2.89524
141,1,0,1e+08,29078493921623,29078494181818,29078494181846,29078494229362,29078494244798,29078494244830,29078494483590,29078494483622,16,5.61999,2.60195,0.00028,0.47516,0.15436,0.00032,2.3876
142,1,0,1e+08,29078495079421,29078497551358,29078497551450,29078497611022,29078497625910,29078497625938,29078497897546,29078497897570,16,28.1815,24.7194,0.00092,0.59572,0.14888,0.00028,2.71608
143,1,0,1e+08,29078498595038,29078499363761,29078499363951,29078499460229,29078499502013,29078499502265,29078499989067,29078499989115,16,13.9408,7.68723,0.0019,0.96278,0.41784,0.00252,4.86802
144,1,0,1e+08,29078500823193,29078501062170,29078501062202,29078501110218,29078501121278,29078501121306,29078501345058,29078501345082,16,5.21889,2.38977,0.00032,0.48016,0.1106,0.00028,2.23752
145,1,0,1e+08,29078502022418,29078503531755,29078503532220,29078503699367,29078503777107,29078503777562,29078504358410,29078504358474,16,23.3606,15.0934,0.00465,1.67147,0.7774,0.00455,5.80848
146,1,0,1e+08,29078505251771,29078505498368,29078505498396,29078505549092,29078505560844,29078505560872,29078506224224,29078506224369,16,9.72598,2.46597,0.00028,0.50696,0.11752,0.00028,6.63352
147,1,0,1e+08,29078507582665,29078507878142,29078507878174,29078507929926,29078507940942,29078507940974,29078508177546,29078508177578,16,5.94913,2.95477,0.00032,0.51752,0.11016,0.00032,2.36572
148,1,0,1e+08,29078509930870,29078510230198,29078510230234,29078510290966,29078510301726,29078510301758,29078510549810,29078510549834,16,6.18964,2.99328,0.00036,0.60732,0.1076,0.00032,2.48052
149,1,0,1e+08,29078511306777,29078511979418,29078511979526,29078512030718,29078512041298,29078512041334,29078512311098,29078512311138,16,10.0436,6.72641,0.00108,0.51192,0.1058,0.00036,2.69764
150,1,0,1e+08,29078514173061,29078514819635,29078514819727,29078514886539,29078514901391,29078514901431,29078515325229,29078515325277,16,11.5222,6.46574,0.00092,0.66812,0.14852,0.0004,4.23798
151,1,0,1e+08,29078516016711,29078516883349,29078516883441,29078516969569,29078517003858,29078517004014,29078517454928,29078517454976,16,14.3826,8.66638,0.00092,0.86128,0.34289,0.00156,4.50914
152,1,0,1e+08,29078518353483,29078518610184,29078518610228,29078518668868,29078518681372,29078518681420,29078519560421,29078519560493,16,12.0701,2.56701,0.00044,0.5864,0.12504,0.00048,8.79001
153,1,0,1e+08,29078520774142,29078521072340,29078521072372,29078521124096,29078521136020,29078521136052,29078521411512,29078521411556,16,6.37414,2.98198,0.00032,0.51724,0.11924,0.00032,2.7546
154,1,0,1e+08,29078522060400,29078525102619,29078525102843,29078525188298,29078525210462,29078525210554,29078525687576,29078525687616,16,36.2722,30.4222,0.00224,0.85455,0.22164,0.00092,4.77022
155,1,0,1e+08,29078526603091,29078526878047,29078526878091,29078526949803,29078526977263,29078526977387,29078527339435,29078527339479,16,7.36388,2.74956,0.00044,0.71712,0.2746,0.00124,3.62048
156,1,0,1e+08,29078528035081,29078528749951,29078528750136,29078528901632,29078528961132,29078528961356,29078529469194,29078529469238,16,14.3416,7.1487,0.00185,1.51496,0.595,0.00224,5.07838
157,1,0,1e+08,29078530455294,29078530693022,29078530693058,29078530801508,29078530878542,29078530879007,29078531755829,29078531755889,16,13.006,2.37728,0.00036,1.0845,0.77034,0.00465,8.76822
158,1,0,1e+08,29078532766848,29078534641587,29078534641711,29078534711699,29078534727183,29078534727227,29078535056575,29078535056615,16,22.8977,18.7474,0.00124,0.69988,0.15484,0.00044,3.29348
159,1,0,1e+08,29078535743351,29078536031576,29078536031624,29078536084004,29078536095200,29078536095240,29078536411360,29078536411392,16,6.68041,2.88225,0.00048,0.5238,0.11196,0.0004,3.1612
160,1,0,1e+08,29078537127586,29078539357146,29078539357374,29078539435289,29078539450117,29078539450157,29078540345478,29078540345550,16,32.1796,22.2956,0.00228,0.77915,0.14828,0.0004,8.95321
161,1,0,1e+08,29078541666761,29078542253674,29078542253864,29078542416333,29078542494295,29078542494750,29078543096916,29078543096972,16,14.3021,5.86913,0.0019,1.62469,0.77962,0.00455,6.02166
162,1,0,1e+08,29078544130603,29078544921074,29078544921170,29078545003345,29078545028113,29078545028205,29078545497827,29078545497863,16,13.6726,7.90471,0.00096,0.82175,0.24768,0.00092,4.69622
163,1,0,1e+08,29078546364383,29078548816745,29078548816845,29078548882057,29078548897085,29078548897121,29078549304900,29078549304988,16,29.4061,24.5236,0.001,0.65212,0.15028,0.00036,4.07779
164,1,0,1e+08,29078550026017,29078551036244,29078551036308,29078551134704,29078551148836,29078551148896,29078551564456,29078551564492,16,15.3848,10.1023,0.00064,0.98396,0.14132,0.0006,4.1556
165,1,0,1e+08,29078552381863,29078554079233,29078554079703,29078554270897,29078554290546,29078554290648,29078554783590,29078554783638,16,24.0177,16.9737,0.0047,1.91194,0.19649,0.00102,4.92942
166,1,0,1e+08,29078555593301,29078555868917,29078555868945,29078555921709,29078555938129,29078555938169,29078556331185,29078556331229,16,7.37928,2.75616,0.00028,0.52764,0.1642,0.0004,3.93016
167,1,0,1e+08,29078557049579,29078557335792,29078557335832,29078557385940,29078557397304,29078557397340,29078557700164,29078557700204,16,6.50625,2.86213,0.0004,0.50108,0.11364,0.00036,3.02824
168,1,0,1e+08,29078558288704,29078560895422,29078560895594,29078560964814,29078560979942,29078560979994,29078561313470,29078561313502,16,30.248,26.0672,0.00172,0.6922,0.15128,0.00052,3.33476
169,1,0,1e+08,29078561998217,29078562305773,29078562305817,29078562358129,29078562369665,29078562369705,29078562628501,29078562628537,16,6.3032,3.07556,0.00044,0.52312,0.11536,0.0004,2.58796
170,1,0,1e+08,29078563417775,29078564357722,29078564358162,29078564514423,29078564549838,29078564550003,29078565241950,29078565241986,16,18.2421,9.39947,0.0044,1.56261,0.35415,0.00165,6.91947
171,1,0,1e+08,29078565874990,29078566709099,29078566709191,29078566792170,29078566834322,29078566834574,29078567309249,29078567309297,16,14.3431,8.34109,0.00092,0.82979,0.42152,0.00252,4.74675
172,1,0,1e+08,29078568354256,29078568970042,29078568970138,29078569032230,29078569046274,29078569046314,29078569350990,29078569351022,16,9.96766,6.15786,0.00096,0.62092,0.14044,0.0004,3.04676
173,1,0,1e+08,29078570028998,29078570327339,29078570327379,29078570394883,29078570405815,29078570405851,29078570678375,29078570678411,16,6.49413,2.98341,0.0004,0.67504,0.10932,0.00036,2.72524
174,1,0,1e+08,29078571337815,29078573862034,29078573862504,29078574059046,29078574095971,29078574096156,29078574669257,29078574669305,16,33.3149,25.2422,0.0047,1.96542,0.36925,0.00185,5.73101
175,1,0,1e+08,29078575510394,29078575776362,29078575776406,29078575825150,29078575837678,29078575837722,29078576192174,29078576192226,16,6.81832,2.65968,0.00044,0.48744,0.12528,0.00044,3.54452
176,1,0,1e+08,29078576888526,29078577208606,29078577208650,29078577261014,29078577272602,29078577272646,29078577559038,29078577559066,16,6.7054,3.2008,0.00044,0.52364,0.11588,0.00044,2.86392
177,1,0,1e+08,29078578331976,29078580729593,29078580729689,29078580808189,29078580822581,29078580822621,29078581118257,29078581118289,16,27.8631,23.9762,0.00096,0.785,0.14392,0.0004,2.95636
178,1,0,1e+08,29078581839777,29078582119467,29078582119511,29078582170139,29078582181763,29078582181803,29078582477327,29078582477359,16,6.37582,2.7969,0.00044,0.50628,0.11624,0.0004,2.95524
179,1,0,1e+08,29078583390892,29078583914648,29078583914736,29078583968476,29078583985292,29078583985324,29078584243840,29078584243872,16,8.5298,5.23756,0.00088,0.5374,0.16816,0.00032,2.58516
180,1,0,1e+08,29078584881166,29078585703489,29078585703589,29078585784773,29078585807629,29078585807717,29078586287034,29078586287074,16,14.0591,8.22323,0.001,0.81184,0.22856,0.00088,4.79317
181,1,0,1e+08,29078587222063,29078589187251,29078589187359,29078589255943,29078589272019,29078589272063,29078589600335,29078589600371,16,23.7831,19.6519,0.00108,0.68584,0.16076,0.00044,3.28272
182,1,0,1e+08,29078590278063,29078590592794,29078590592842,29078590643154,29078590654138,29078590654174,29078590915574,29078590915602,16,6.37539,3.14731,0.00048,0.50312,0.10984,0.00036,2.614
183,1,0,1e+08,29078591550508,29078592293632,29078592293736,29078592363748,29078592377948,29078592377988,29078592691772,29078592691812,16,11.413,7.43124,0.00104,0.70012,0.142,0.0004,3.13784
184,1,0,1e+08,29078593380483,29078593888877,29078593889077,29078594049250,29078594126304,29078594126759,29078594765317,29078594765365,16,13.8488,5.08394,0.002,1.60173,0.77054,0.00455,6.38558
185,1,0,1e+08,29078595651735,29078595890103,29078595890139,29078595939531,29078595950683,29078595950719,29078596236159,29078596236203,16,5.84468,2.38368,0.00036,0.49392,0.11152,0.00036,2.8544
186,1,0,1e+08,29078596902190,29078609480336,29078609480796,29078609591715,29078609610271,29078609610363,29078610137384,29078610137428,16,132.352,125.781,0.0046,1.10919,0.18556,0.00092,5.27021
187,1,0,1e+08,29078611088233,29078611589125,29078611589189,29078611647797,29078611660481,29078611660541,29078612075350,29078612075398,16,9.87165,5.00892,0.00064,0.58608,0.12684,0.0006,4.14809
188,1,0,1e+08,29078612735283,29078613089383,29078613089475,29078613151190,29078613164542,29078613164602,29078613469862,29078613469890,16,7.34607,3.541,0.00092,0.61715,0.13352,0.0006,3.0526
189,1,0,1e+08,29078614135025,29078615377037,29078615377185,29078615444821,29078615459545,29078615459597,29078615765545,29078615765581,16,16.3056,12.4201,0.00148,0.67636,0.14724,0.00052,3.05948
190,1,0,1e+08,29078616417220,29078617240614,29078617240710,29078617321038,29078617353670,29078617353762,29078617855371,29078617855415,16,14.3819,8.23394,0.00096,0.80328,0.32632,0.00092,5.01609
191,1,0,1e+08,29078618755400,29078618994505,29078618994545,29078619048685,29078619060841,29078619060881,29078619446029,29078619446077,16,6.90677,2.39105,0.0004,0.5414,0.12156,0.0004,3.85148
192,1,0,1e+08,29078620164310,29078621094529,29078621094661,29078621158029,29078621172745,29078621172785,29078621508601,29078621508633,16,13.4432,9.30219,0.00132,0.63368,0.14716,0.0004,3.35816
193,1,0,1e+08,29078622114138,29078623002869,29078623003069,29078623084381,29078623114169,29078623114273,29078623592744,29078623592792,16,14.7865,8.88731,0.002,0.81312,0.29788,0.00104,4.78471
194,1,0,1e+08,29078624461160,29078624688217,29078624688249,29078624736145,29078624747229,29078624747261,29078624996057,29078624996089,16,5.34929,2.27057,0.00032,0.47896,0.11084,0.00032,2.48796
195,1,0,1e+08,29078625650809,29078628647869,29078628648339,29078628803722,29078628850414,29078628850638,29078629364787,29078629364843,16,37.1403,29.9706,0.0047,1.55383,0.46692,0.00224,5.14149
196,1,0,1e+08,29078630275938,29078630908775,29078630908970,29078631067660,29078631104461,29078631104656,29078631694470,29078631694514,16,14.1858,6.32837,0.00195,1.5869,0.36801,0.00195,5.89814
197,1,0,1e+08,29078632897329,29078633402934,29078633403129,29078633561071,29078633603332,29078633603522,29078634262652,29078634262716,16,13.6539,5.05605,0.00195,1.57942,0.42261,0.0019,6.5913
198,1,0,1e+08,29078635229423,29078635503592,29078635503680,29078635552624,29078635563240,29078635563272,29078635870516,29078635870552,16,6.41129,2.74169,0.00088,0.48944,0.10616,0.00032,3.07244
199,1,0,1e+08,29078636644557,29078637413472,29078637413927,29078637549613,29078637582377,29078637582469,29078638111452,29078638111508,16,14.6695,7.68915,0.00455,1.35686,0.32764,0.00092,5.28983
200,1,0,1e+08,29078639063158,29078640233642,29078640233870,29078640331805,29078640366861,29078640366953,29078640832370,29078640832410,16,17.6925,11.7048,0.00228,0.97935,0.35056,0.00092,4.65417
201,1,0,1e+08,29078641756192,29078642019788,29078642019844,29078642157256,29078642210716,29078642210916,29078643067532,29078643067592,16,13.114,2.63596,0.00056,1.37412,0.5346,0.002,8.56616
202,1,0,1e+08,29078644022828,29078644287010,29078644287046,29078644336046,29078644347658,29078644347694,29078644648090,29078644648130,16,6.25302,2.64182,0.00036,0.49,0.11612,0.00036,3.00396
203,1,0,1e+08,29078645456086,29078646326938,29078646327162,29078646409625,29078646431149,29078646431241,29078646902386,29078646902438,16,14.4635,8.70852,0.00224,0.82463,0.21524,0.00092,4.71145
204,1,0,1e+08,29078647857251,29078649032220,29078649032448,29078649117608,29078649148676,29078649148768,29078649611394,29078649611434,16,17.5418,11.7497,0.00228,0.8516,0.31068,0.00092,4.62626
205,1,0,1e+08,29078650457095,29078650690819,29078650690855,29078650754395,29078650786503,29078650786611,29078651184127,29078651184179,16,7.27084,2.33724,0.00036,0.6354,0.32108,0.00108,3.97516
206,1,0,1e+08,29078651824947,29078652594108,29078652594248,29078652680524,29078652726056,29078652726276,29078653248721,29078653248765,16,14.2382,7.69161,0.0014,0.86276,0.45532,0.0022,5.22445
207,1,0,1e+08,29078654343364,29078655055094,29078655055289,29078655205977,29078655248521,29078655248745,29078655761523,29078655761575,16,14.1821,7.1173,0.00195,1.50688,0.42544,0.00224,5.12778
208,1,0,1e+08,29078656765797,29078657693089,29078657693434,29078657793548,29078657812840,29078657812932,29078658328663,29078658328707,16,15.6291,9.27292,0.00345,1.00114,0.19292,0.00092,5.15731
209,1,0,1e+08,29078659442683,29078660063192,29078660063367,29078660223475,29078660258780,29078660258950,29078661635096,29078661635281,16,21.926,6.20509,0.00175,1.60108,0.35305,0.0017,13.7615
210,1,0,1e+08,29078663150200,29078663439900,29078663439960,29078663514979,29078663536699,29078663536783,29078664872928,29078664873053,16,17.2285,2.897,0.0006,0.75019,0.2172,0.00084,13.3614
211,1,0,1e+08,29078665515747,29078666002843,29078666002903,29078666064511,29078666078383,29078666078443,29078666684483,29078666684543,16,11.688,4.87096,0.0006,0.61608,0.13872,0.0006,6.0604
212,1,0,1e+08,29078667426096,29078667755116,29078667755168,29078667814428,29078667828780,29078667828828,29078668146872,29078668146896,16,7.208,3.2902,0.00052,0.5926,0.14352,0.00048,3.18044
213,1,0,1e+08,29078669023910,29078671965954,29078671966182,29078672050840,29078672075820,29078672075884,29078672517397,29078672517445,16,34.9353,29.4204,0.00228,0.84658,0.2498,0.00064,4.41513
214,1,0,1e+08,29078673654479,29078674322640,29078674322732,29078674407163,29078674426151,29078674426239,29078675181584,29078675181709,16,15.2723,6.68161,0.00092,0.84431,0.18988,0.00088,7.55345
215,1,0,1e+08,29078676425033,29078676691401,29078676691441,29078676748921,29078676761945,29078676761997,29078677039677,29078677039709,16,6.14676,2.66368,0.0004,0.5748,0.13024,0.00052,2.7768
216,1,0,1e+08,29078677925918,29078678470753,29078678470861,29078678536201,29078678554713,29078678554765,29078679467998,29078679468148,16,15.4223,5.44835,0.00108,0.6534,0.18512,0.00052,9.13233
217,1,0,1e+08,29078680720782,29078681005234,29078681005342,29078681060182,29078681074286,29078681074330,29078681667211,29078681667295,16,9.46513,2.84452,0.00108,0.5484,0.14104,0.00044,5.92881
218,1,0,1e+08,29078682439416,29078683937982,29078683938218,29078684022750,29078684046238,29078684046326,29078684510906,29078684510946,16,20.7153,14.9857,0.00236,0.84532,0.23488,0.00088,4.6458
219,1,0,1e+08,29078685387682,29078685807235,29078685807410,29078685930921,29078685951573,29078685951661,29078686592268,29078686592328,16,12.0465,4.19553,0.00175,1.23511,0.20652,0.00088,6.40607
220,1,0,1e+08,29078687361461,29078687715474,29078687715530,29078687776066,29078687789714,29078687789766,29078688179298,29078688179338,16,8.17877,3.54013,0.00056,0.60536,0.13648,0.00052,3.89532
221,1,0,1e+08,29078689512704,29078690342623,29078690342723,29078690424446,29078690447506,29078690447598,29078690915212,29078690915260,16,14.0256,8.29919,0.001,0.81723,0.2306,0.00092,4.67614
222,1,0,1e+08,29078691908420,29078692639295,29078692639470,29078692891644,29078692928430,29078692928595,29078693787577,29078693787633,16,18.7921,7.30875,0.00175,2.52174,0.36786,0.00165,8.58982
223,1,0,1e+08,29078694632794,29078694942010,29078694942046,29078695002158,29078695014970,29078695015010,29078695286398,29078695286434,16,6.5364,3.09216,0.00036,0.60112,0.12812,0.0004,2.71388
224,1,0,1e+08,29078696109403,29078696438651,29078696438735,29078696495627,29078696507835,29078696507871,29078696763919,29078696763947,16,6.54544,3.29248,0.00084,0.56892,0.12208,0.00036,2.56048
225,1,0,1e+08,29078697581972,29078699565368,29078699565520,29078699643956,29078699662296,29078699662360,29078700068648,29078700068692,16,24.8672,19.834,0.00152,0.78436,0.1834,0.00064,4.06288
226,1,0,1e+08,29078700996334,29078701947884,29078701947948,29078702030013,29078702051137,29078702051197,29078702466622,29078702466658,16,14.7032,9.5155,0.00064,0.82065,0.21124,0.0006,4.15425
227,1,0,1e+08,29078703449278,29078704439076,29078704439140,29078704509448,29078704526268,29078704526332,29078704951441,29078704951485,16,15.0221,9.89798,0.00064,0.70308,0.1682,0.00064,4.25109
228,1,0,1e+08,29078705956771,29078706698606,29078706698801,29078706832422,29078706851642,29078706851734,29078707356234,29078707356278,16,13.9951,7.41835,0.00195,1.33621,0.1922,0.00092,5.045
229,1,0,1e+08,29078708418905,29078708964139,29078708964334,29078709258710,29078709296301,29078709296486,29078710034480,29078710034540,16,16.1563,5.45234,0.00195,2.94376,0.37591,0.00185,7.37994
230,1,0,1e+08,29078711223769,29078712288165,29078712288229,29078712414517,29078712428933,29078712428993,29078712848774,29078712848810,16,16.2504,10.644,0.00064,1.26288,0.14416,0.0006,4.19781
231,1,0,1e+08,29078713726913,29078715428539,29078715428767,29078715513054,29078715534226,29078715534322,29078716003825,29078716003877,16,22.7696,17.0163,0.00228,0.84287,0.21172,0.00096,4.69503
232,1,0,1e+08,29078716810404,29078717078056,29078717078092,29078717130740,29078717142660,29078717142712,29078717542477,29078717542525,16,7.32121,2.67652,0.00036,0.52648,0.1192,0.00052,3.99765
233,1,0,1e+08,29078718197954,29078718988783,29078718988973,29078719074557,29078719097400,29078719097496,29078719585630,29078719585686,16,13.8773,7.90829,0.0019,0.85584,0.22843,0.00096,4.88134
234,1,0,1e+08,29078720470140,29078721085581,29078721085729,29078721152405,29078721167817,29078721167865,29078721534057,29078721534093,16,10.6395,6.15441,0.00148,0.66676,0.15412,0.00048,3.66192
235,1,0,1e+08,29078722204740,29078722478420,29078722478452,29078722529360,29078722555636,29078722555744,29078723006069,29078723006105,16,8.01365,2.7368,0.00032,0.50908,0.26276,0.00108,4.50325
236,1,0,1e+08,29078723646442,29078724229175,29078724229287,29078724280843,29078724292199,29078724292243,29078724595519,29078724595551,16,9.49109,5.82733,0.00112,0.51556,0.11356,0.00044,3.03276
237,1,0,1e+08,29078725258494,29078737744485,29078737744605,29078737795969,29078737806665,29078737806709,29078738119881,29078738119937,16,128.614,124.86,0.0012,0.51364,0.10696,0.00044,3.13172
238,1,0,1e+08,29078738791423,29078739612367,29078739612459,29078739693451,29078739723368,29078739723456,29078740198953,29078740198989,16,14.0757,8.20944,0.00092,0.80992,0.29917,0.00088,4.75497
239,1,0,1e+08,29078741286502,29078741895978,29078741896178,29078742056442,29078742142628,29078742143088,29078742714300,29078742714352,16,14.2785,6.09476,0.002,1.60264,0.86186,0.0046,5.71212
240,1,0,1e+08,29078743750925,29078744026622,29078744026686,29078744088030,29078744102031,29078744102091,29078745048882,29078745048930,16,12.9801,2.75697,0.00064,0.61344,0.14001,0.0006,9.46791
241,1,0,1e+08,29078746208634,29078746936936,29078746937391,29078747096853,29078747150683,29078747150868,29078747754455,29078747754515,16,15.4588,7.28302,0.00455,1.59462,0.5383,0.00185,6.03587
242,1,0,1e+08,29078748649263,29078749000965,29078749001135,29078749250743,29078749287418,29078749287583,29078750626619,29078750626667,16,19.774,3.51702,0.0017,2.49608,0.36675,0.00165,13.3904
243,1,0,1e+08,29078751255517,29078751615419,29078751615463,29078751678979,29078751692347,29078751692387,29078752305989,29078752306179,16,10.5066,3.59902,0.00044,0.63516,0.13368,0.0004,6.13602
244,1,0,1e+08,29078753769391,29078754018835,29078754018867,29078754076983,29078754089815,29078754089847,29078754379863,29078754379895,16,6.10504,2.49444,0.00032,0.58116,0.12832,0.00032,2.90016
245,1,0,1e+08,29078755071423,29078755417817,29078755417865,29078755471377,29078755483081,29078755483129,29078755766285,29078755766321,16,6.94898,3.46394,0.00048,0.53512,0.11704,0.00048,2.83156
246,1,0,1e+08,29078756398703,29078757407343,29078757407451,29078757470623,29078757484663,29078757484703,29078757782847,29078757782875,16,13.8417,10.0864,0.00108,0.63172,0.1404,0.0004,2.98144
247,1,0,1e+08,29078758485117,29078759326690,29078759326890,29078759453965,29078759495921,29078759496153,29078760034402,29078760034458,16,15.4934,8.41573,0.002,1.27075,0.41956,0.00232,5.38249
248,1,0,1e+08,29078760887447,29078761166935,29078761166967,29078761216887,29078761229263,29078761229299,29078761550795,29078761550835,16,6.63388,2.79488,0.00032,0.4992,0.12376,0.00036,3.21496
249,1,0,1e+08,29078762246212,29078765140647,29078765140883,29078765226747,29078765269571,29078765269807,29078765775168,29078765775220,16,35.2901,28.9444,0.00236,0.85864,0.42824,0.00236,5.05361
250,1,0,1e+08,29078766648690,29078766890114,29078766890154,29078766953502,29078766969658,29078766969710,29078767370859,29078767370907,16,7.22217,2.41424,0.0004,0.63348,0.16156,0.00052,4.01149
251,1,0,1e+08,29078768126308,29078768932751,29078768932847,29078769013641,29078769057413,29078769057641,29078769568292,29078769568348,16,14.4204,8.06443,0.00096,0.80794,0.43772,0.00228,5.10651
252,1,0,1e+08,29078770573969,29078770854117,29078770854165,29078770908957,29078770921262,29078770921373,29078771700432,29078771700476,16,11.2651,2.80148,0.00048,0.54792,0.12305,0.00111,7.79059
253,1,0,1e+08,29078772480877,29078774683916,29078774684012,29078774748272,29078774762084,29078774762120,29078775044068,29078775044100,16,25.6322,22.0304,0.00096,0.6426,0.13812,0.00036,2.81948
254,1,0,1e+08,29078775760916,29078776111595,29078776111683,29078776197403,29078776227669,29078776227834,29078776668682,29078776668710,16,9.07794,3.50679,0.00088,0.8572,0.30266,0.00165,4.40848
255,1,0,1e+08,29078778306190,29078778677596,29078778677632,29078778726596,29078778745240,29078778745272,29078779035404,29078779035444,16,7.29254,3.71406,0.00036,0.48964,0.18644,0.00032,2.90132
256,1,0,1e+08,29078780865587,29078781162205,29078781162245,29078781227701,29078781241209,29078781241245,29078781506573,29078781506601,16,6.41014,2.96618,0.0004,0.65456,0.13508,0.00036,2.65328
257,1,0,1e+08,29078782175812,29078782693264,29078782693356,29078782773608,29078782791908,29078782791996,29078783250171,29078783250211,16,10.744,5.17452,0.00092,0.80252,0.183,0.00088,4.58175
258,1,0,1e+08,29078783959580,29078784791219,29078784791315,29078784920212,29078784944180,29078784944268,29078785417269,29078785417305,16,14.5772,8.31639,0.00096,1.28897,0.23968,0.00088,4.73001
259,1,0,1e+08,29078786341498,29078788518139,29078788518363,29078788603109,29078788653569,29078788653801,29078789170150,29078789170206,16,28.2871,21.7664,0.00224,0.84746,0.5046,0.00232,5.16349
260,1,0,1e+08,29078790014041,29078790289409,29078790289453,29078790336025,29078790349241,29078790349285,29078790719245,29078790719289,16,7.05248,2.75368,0.00044,0.46572,0.13216,0.00044,3.6996
261,1,0,1e+08,29078791570325,29078791948128,29078791948180,29078792002568,29078792018248,29078792018296,29078792349240,29078792349280,16,7.78955,3.77803,0.00052,0.54388,0.1568,0.00048,3.30944
262,1,0,1e+08,29078793114328,29078795497780,29078795498004,29078795567469,29078795582885,29078795582937,29078796026723,29078796026755,16,29.1243,23.8345,0.00224,0.69465,0.15416,0.00052,4.43786
263,1,0,1e+08,29078796709343,29078797339849,29078797340039,29078797497954,29078797524544,29078797524636,29078798042009,29078798042065,16,13.3272,6.30506,0.0019,1.57915,0.2659,0.00092,5.17373
264,1,0,1e+08,29078798932903,29078799194221,29078799194277,29078799259861,29078799273989,29078799274045,29078799776321,29078799776357,16,8.43454,2.61318,0.00056,0.65584,0.14128,0.00056,5.02276
265,1,0,1e+08,29078800435404,29078801555633,29078801556103,29078801662273,29078801708209,29078801708437,29078802197393,29078802197445,16,17.6204,11.2023,0.0047,1.0617,0.45936,0.00228,4.88956
266,1,0,1e+08,29078803086752,29078803750732,29078803750864,29078803816432,29078803830288,29078803830340,29078804196092,29078804196128,16,11.0938,6.6398,0.00132,0.65568,0.13856,0.00052,3.65752
267,1,0,1e+08,29078804879115,29078805211013,29078805211057,29078805261857,29078805277233,29078805277273,29078805577869,29078805577905,16,6.9879,3.31898,0.00044,0.508,0.15376,0.0004,3.00596
268,1,0,1e+08,29078806263065,29078806915257,29078806915361,29078806967069,29078806982513,29078806982553,29078807270077,29078807270105,16,10.0704,6.52192,0.00104,0.51708,0.15444,0.0004,2.87524
269,1,0,1e+08,29078808130645,29078810646552,29078810646772,29078810729853,29078810748446,29078810748486,29078811044690,29078811044730,16,29.1409,25.1591,0.0022,0.83081,0.18593,0.0004,2.96204
270,1,0,1e+08,29078811841858,29078812606960,29078812607080,29078812693052,29078812736016,29078812736240,29078813213346,29078813213382,16,13.7152,7.65102,0.0012,0.85972,0.42964,0.00224,4.77106
271,1,0,1e+08,29078814254344,29078816162557,29078816162657,29078816241409,29078816254825,29078816254861,29078816536809,29078816536837,16,22.8249,19.0821,0.001,0.78752,0.13416,0.00036,2.81948
272,1,0,1e+08,29078817231416,29078817977039,29078817977239,29078818073486,29078818091718,29078818091814,29078818617895,29078818617943,16,13.8653,7.45623,0.002,0.96247,0.18232,0.00096,5.26081
273,1,0,1e+08,29078819514745,29078819780377,29078819780405,29078819830701,29078819842533,29078819842577,29078820153101,29078820153141,16,6.38396,2.65632,0.00028,0.50296,0.11832,0.00044,3.10524
274,1,0,1e+08,29078821823580,29078822152133,29078822152213,29078822223725,29078822238413,29078822238445,29078822557465,29078822557497,16,7.33917,3.28553,0.0008,0.71512,0.14688,0.00032,3.1902
275,1,0,1e+08,29078823292722,29078824190386,29078824190478,29078824271345,29078824294264,29078824294328,29078824742073,29078824742121,16,14.494,8.97664,0.00092,0.80867,0.22919,0.00064,4.47745
276,1,0,1e+08,29078825557129,29078825785766,29078825785798,29078825843254,29078825853934,29078825853966,29078826094474,29078826094502,16,5.37373,2.28637,0.00032,0.57456,0.1068,0.00032,2.40508
277,1,0,1e+08,29078826799127,29078829910760,29078829910916,29078829988304,29078830005608,29078830005668,29078830398800,29078830398840,16,35.9971,31.1163,0.00156,0.77388,0.17304,0.0006,3.93132
278,1,0,1e+08,29078831271511,29078831556003,29078831556059,29078831641127,29078831655731,29078831655787,29078832039431,29078832039475,16,7.67964,2.84492,0.00056,0.85068,0.14604,0.00056,3.83644
279,1,0,1e+08,29078832746636,29078833027056,29078833027088,29078833075720,29078833086372,29078833086404,29078833335112,29078833335152,16,5.88516,2.8042,0.00032,0.48632,0.10652,0.00032,2.48708
280,1,0,1e+08,29078835178073,29078835433605,29078835433633,29078835488357,29078835502249,29078835502277,29078835792545,29078835792577,16,6.14504,2.55532,0.00028,0.54724,0.13892,0.00028,2.90268
281,1,0,1e+08,29078836387636,29078837588096,29078837588232,29078837652100,29078837667792,29078837667836,29078837985880,29078837985920,16,15.9828,12.0046,0.00136,0.63868,0.15692,0.00044,3.18044
282,1,0,1e+08,29078838638622,29078839434284,29078839434376,29078839556155,29078839574867,29078839574959,29078840080921,29078840080965,16,14.4234,7.95662,0.00092,1.21779,0.18712,0.00092,5.05962
283,1,0,1e+08,29078840975285,29078841226145,29078841226205,29078841285761,29078841299537,29078841299597,29078842141885,29078842142065,16,11.6678,2.5086,0.0006,0.59556,0.13776,0.0006,8.42288
284,1,0,1e+08,29078843683735,29078843991240,29078843991344,29078844045296,29078844065452,29078844065500,29078844379012,29078844379048,16,6.95313,3.07505,0.00104,0.53952,0.20156,0.00048,3.13512
285,1,0,1e+08,29078844978348,29078847956744,29078847956976,29078848047690,29078848074438,29078848074502,29078848504527,29078848504575,16,35.2623,29.784,0.00232,0.90714,0.26748,0.00064,4.30025
286,1,0,1e+08,29078849299350,29078849651651,29078849651715,29078849740069,29078849754209,29078849754269,29078850453557,29078850453601,16,11.5425,3.52301,0.00064,0.88354,0.1414,0.0006,6.99288
287,1,0,1e+08,29078851104837,29078851921263,29078851921463,29078852044478,29078852077470,29078852077570,29078852573730,29078852573786,16,14.6895,8.16426,0.002,1.23015,0.32992,0.001,4.9616
288,1,0,1e+08,29078853519141,29078853777521,29078853777553,29078853826873,29078853838241,29078853838281,29078854130849,29078854130885,16,6.11744,2.5838,0.00032,0.4932,0.11368,0.0004,2.92568
289,1,0,1e+08,29078854717646,29078855808908,29078855809032,29078855871656,29078855885328,29078855885368,29078856213424,29078856213464,16,14.9582,10.9126,0.00124,0.62624,0.13672,0.0004,3.28056
290,1,0,1e+08,29078856818695,29078869048089,29078869048169,29078869090929,29078869101777,29078869101805,29078869447484,29078869447508,16,126.288,122.294,0.0008,0.4276,0.10848,0.00028,3.45679
291,1,0,1e+08,29078870236561,29078870591531,29078870591559,29078870733547,29078870768827,29078870768992,29078871090568,29078871090604,16,8.54043,3.5497,0.00028,1.41988,0.3528,0.00165,3.21576
292,1,0,1e+08,29078871790508,29078872127559,29078872127659,29078872256687,29078872267527,29078872267563,29078872543835,29078872543863,16,7.53355,3.37051,0.001,1.29028,0.1084,0.00036,2.76272
293,1,0,1e+08,29078873232676,29078874459775,29078874459891,29078874522375,29078874537355,29078874537411,29078874877375,29078874877415,16,16.4474,12.271,0.00116,0.62484,0.1498,0.00056,3.39964
294,1,0,1e+08,29078875600040,29078875941941,29078875941977,29078875991817,29078876007285,29078876007325,29078876314569,29078876314601,16,7.14561,3.41901,0.00036,0.4984,0.15468,0.0004,3.07244
295,1,0,1e+08,29078876967789,29078877488199,29078877488319,29078877539483,29078877556127,29078877556167,29078877835339,29078877835375,16,8.67586,5.2041,0.0012,0.51164,0.16644,0.0004,2.79172
296,1,0,1e+08,29078878566509,29078879866321,29078879866473,29078879932045,29078879947261,29078879947317,29078880395885,29078880395929,16,18.2942,12.9981,0.00152,0.65572,0.15216,0.00056,4.48568
297,1,0,1e+08,29078881058744,29078882134016,29078882134176,29078882206592,29078882226556,29078882226616,29078882625784,29078882625828,16,15.6708,10.7527,0.0016,0.72416,0.19964,0.0006,3.99168
298,1,0,1e+08,29078883460816,29078884178694,29078884178889,29078885028838,29078885047110,29078885047198,29078885389175,29078885389203,16,19.2839,7.17878,0.00195,8.49949,0.18272,0.00088,3.41977
299,1,0,1e+08,29078886120786,29078887595256,29078887595420,29078887654472,29078887667492,29078887667544,29078888009568,29078888009608,16,18.8882,14.7447,0.00164,0.59052,0.1302,0.00052,3.42024
300,1,0,1e+08,29078888769764,29078889745371,29078889745439,29078889806264,29078889824477,29078889824541,29078890244697,29078890244733,16,14.7497,9.75607,0.00068,0.60825,0.18213,0.00064,4.20156
301,1,0,1e+08,29078891056412,29078892636444,29078892636584,29078892698516,29078892713048,29078892713088,29078893007780,29078893007816,16,19.514,15.8003,0.0014,0.61932,0.14532,0.0004,2.94692
302,1,0,1e+08,29078893600082,29078893901086,29078893901126,29078893951214,29078893962822,29078893962858,29078894245610,29078894245642,16,6.4556,3.01004,0.0004,0.50088,0.11608,0.00036,2.82752
303,1,0,1e+08,29078894791311,29078897041242,29078897041362,29078897104802,29078897119162,29078897119206,29078897448802,29078897448842,16,26.5753,22.4993,0.0012,0.6344,0.1436,0.00044,3.29596
304,1,0,1e+08,29078898068612,29078898338808,29078898338840,29078898393976,29078898414912,29078898415008,29078898691188,29078898691216,16,6.22604,2.70196,0.00032,0.55136,0.20936,0.00096,2.7618
305,1,0,1e+08,29078899339624,29078901526841,29078901526949,29078901601065,29078901617013,29078901617069,29078901979917,29078901979957,16,26.4033,21.8722,0.00108,0.74116,0.15948,0.00056,3.62848
306,1,0,1e+08,29078902608703,29078902975716,29078902975768,29078903028308,29078903041212,29078903041256,29078903340720,29078903340752,16,7.32049,3.67013,0.00052,0.5254,0.12904,0.00044,2.99464
307,1,0,1e+08,29078904033520,29078904539620,29078904539724,29078904589272,29078904605900,29078904605936,29078904866968,29078904867000,16,8.3348,5.061,0.00104,0.49548,0.16628,0.00036,2.61032
308,1,0,1e+08,29078905471035,29078906786161,29078906786249,29078906847705,29078906863021,29078906863061,29078907180817,29078907180849,16,17.0981,13.1513,0.00088,0.61456,0.15316,0.0004,3.17756
309,1,0,1e+08,29078907784074,29078908048788,29078908048828,29078908105076,29078908123056,29078908123096,29078908448880,29078908448924,16,6.6485,2.64714,0.0004,0.56248,0.1798,0.0004,3.25784
310,1,0,1e+08,29078909087751,29078909882616,29078909882740,29078909943400,29078909959176,29078909959220,29078910276460,29078910276492,16,11.8874,7.94865,0.00124,0.6066,0.15776,0.00044,3.1724
311,1,0,1e+08,29078910988230,29078911306220,29078911306268,29078911357860,29078911373340,29078911373384,29078911724936,29078911724976,16,7.36746,3.1799,0.00048,0.51592,0.1548,0.00044,3.51552
312,1,0,1e+08,29078913096531,29078913520180,29078913520228,29078913585236,29078913600436,29078913600480,29078913893928,29078913893956,16,7.97425,4.23649,0.00048,0.65008,0.152,0.00044,2.93448
313,1,0,1e+08,29078914744063,29078917466879,29078917467111,29078917552394,29078917595330,29078917595554,29078918054376,29078918054428,16,33.1037,27.2282,0.00232,0.85283,0.42936,0.00224,4.58822
314,1,0,1e+08,29078919012999,29078919797049,29078919797239,29078919899725,29078919948469,29078919948733,29078920468138,29078920468182,16,14.5518,7.8405,0.0019,1.02486,0.48744,0.00264,5.19405
315,1,0,1e+08,29078921488553,29078921727197,29078921727237,29078921784649,29078921798665,29078921798705,29078922216117,29078922216161,16,7.27608,2.38644,0.0004,0.57412,0.14016,0.0004,4.17412
316,1,0,1e+08,29078922939296,29078923526636,29078923526836,29078923686392,29078923745433,29078923745633,29078924315921,29078924315973,16,13.7668,5.8734,0.002,1.59556,0.59041,0.002,5.70288
317,1,0,1e+08,29078925279500,29078925505444,29078925505476,29078925554152,29078925567520,29078925567552,29078925795968,29078925796000,16,5.165,2.25944,0.00032,0.48676,0.13368,0.00032,2.28416
318,1,0,1e+08,29078926416485,29078928265838,29078928266070,29078928355150,29078928380806,29078928380894,29078928835756,29078928835796,16,24.1931,18.4935,0.00232,0.8908,0.25656,0.00088,4.54862
319,1,0,1e+08,29078929849617,29078930423114,29078930423314,29078930581936,29078930635759,29078930635954,29078931214049,29078931214105,16,13.6449,5.73497,0.002,1.58622,0.53823,0.00195,5.78095
320,1,0,1e+08,29078932083387,29078932310673,29078932310701,29078932358937,29078932369445,29078932369473,29078932602353,29078932602381,16,5.18994,2.27286,0.00028,0.48236,0.10508,0.00028,2.3288
321,1,0,1e+08,29078934328634,29078934577510,29078934577546,29078934626786,29078934637270,29078934637302,29078934876170,29078934876202,16,5.47568,2.48876,0.00036,0.4924,0.10484,0.00032,2.38868
322,1,0,1e+08,29078935512758,29078936206576,29078936206668,29078936267080,29078936280696,29078936280736,29078936577812,29078936577844,16,10.6509,6.93818,0.00092,0.60412,0.13616,0.0004,2.97076
323,1,0,1e+08,29078937257629,29078938251048,29078938251112,29078938402421,29078938420286,29078938420350,29078938819926,29078938819970,16,15.6234,9.93419,0.00064,1.51309,0.17865,0.00064,3.99576
324,1,0,1e+08,29078939562334,29078939811570,29078939811602,29078939862422,29078939876022,29078939876054,29078940543209,29078940543354,16,9.8102,2.49236,0.00032,0.5082,0.136,0.00032,6.67155
325,1,0,1e+08,29078941931596,29078943528291,29078943528395,29078943590083,29078943603507,29078943603543,29078943907551,29078943907591,16,19.7599,15.967,0.00104,0.61688,0.13424,0.00036,3.04008
326,1,0,1e+08,29078944699763,29078945523126,29078945523226,29078945632536,29078945651488,29078945651584,29078946128198,29078946128238,16,14.2848,8.23363,0.001,1.0931,0.18952,0.00096,4.76614
327,1,0,1e+08,29078946940257,29078947191313,29078947191341,29078947245697,29078947260573,29078947260609,29078948098626,29078948098806,16,11.5855,2.51056,0.00028,0.54356,0.14876,0.00036,8.38017
328,1,0,1e+08,29078949392436,29078949631380,29078949631412,29078949683508,29078949696596,29078949696632,29078950017144,29078950017192,16,6.24756,2.38944,0.00032,0.52096,0.13088,0.00036,3.20512
329,1,0,1e+08,29078950902184,29078953327123,29078953327247,29078953378347,29078953389831,29078953389875,29078953680727,29078953680763,16,27.7858,24.2494,0.00124,0.511,0.11484,0.00044,2.90852
330,1,0,1e+08,29078954535757,29078955401769,29078955401861,29078955516817,29078955535749,29078955535837,29078956017908,29078956017948,16,14.8219,8.66012,0.00092,1.14956,0.18932,0.00088,4.82071
331,1,0,1e+08,29078956937221,29078957199230,29078957199278,29078957262074,29078957274790,29078957274838,29078957727830,29078957727870,16,7.90649,2.62009,0.00048,0.62796,0.12716,0.00048,4.52992
332,1,0,1e+08,29078958459313,29078959051207,29078959051315,29078959112599,29078959126471,29078959126511,29078959437183,29078959437215,16,9.77902,5.91894,0.00108,0.61284,0.13872,0.0004,3.10672
333,1,0,1e+08,29078960014595,29078972049920,29078972050012,29078972094272,29078972105156,29078972105192,29078972390452,29078972390484,16,123.759,120.353,0.00092,0.4426,0.10884,0.00036,2.8526
334,1,0,1e+08,29078973077578,29078973445114,29078973445150,29078973495182,29078973506294,29078973506326,29078973820126,29078973820158,16,7.4258,3.67536,0.00036,0.50032,0.11112,0.00032,3.138
335,1,0,1e+08,29078974556580,29078974977000,29078974977088,29078975028012,29078975056112,29078975056252,29078975380200,29078975380248,16,8.23668,4.2042,0.00088,0.50924,0.281,0.0014,3.23948
336,1,0,1e+08,29078976102379,29078977781757,29078977781981,29078977864129,29078977956942,29078977957118,29078978392292,29078978392332,16,22.8995,16.7938,0.00224,0.82148,0.92813,0.00176,4.35174
337,1,0,1e+08,29078979421461,29078980234524,29078980234764,29078980316092,29078980349272,29078980349364,29078980820337,29078980820389,16,13.9893,8.13063,0.0024,0.81328,0.3318,0.00092,4.70973
338,1,0,1e+08,29078981685334,29078982352846,29078982352946,29078982412634,29078982426342,29078982426378,29078982727822,29078982727850,16,10.4252,6.67512,0.001,0.59688,0.13708,0.00036,3.01444
339,1,0,1e+08,29078983332561,29078983592117,29078983592145,29078983778602,29078983816084,29078983816269,29078984681026,29078984681086,16,13.4853,2.59556,0.00028,1.86457,0.37482,0.00185,8.64757
340,1,0,1e+08,29078985618482,29078985888330,29078985888358,29078985936790,29078985947342,29078985947370,29078986181190,29078986181214,16,5.62732,2.69848,0.00028,0.48432,0.10552,0.00028,2.3382
341,1,0,1e+08,29078986816867,29078987966765,29078987966849,29078988036521,29078988051089,29078988051125,29078988353525,29078988353557,16,15.3669,11.499,0.00084,0.69672,0.14568,0.00036,3.024
342,1,0,1e+08,29078989066405,29078989928367,29078989928467,29078990009574,29078990051358,29078990051586,29078990525987,29078990526027,16,14.5962,8.61962,0.001,0.81107,0.41784,0.00228,4.74401
343,1,0,1e+08,29078991478839,29078991693143,29078991693175,29078991741987,29078991759759,29078991759791,29078992041051,29078992041091,16,5.62252,2.14304,0.00032,0.48812,0.17772,0.00032,2.8126
344,1,0,1e+08,29078992713214,29078995057523,29078995057663,29078995128559,29078995143983,29078995144039,29078995529947,29078995529983,16,28.1677,23.4431,0.0014,0.70896,0.15424,0.00056,3.85908
345,1,0,1e+08,29078996145134,29078996399820,29078996399856,29078996466704,29078996478196,29078996478236,29078996772944,29078996772980,16,6.27846,2.54686,0.00036,0.66848,0.11492,0.0004,2.94708
346,1,0,1e+08,29078997395963,29079000061220,29079000061452,29079000147934,29079000173334,29079000173426,29079000631585,29079000631625,16,32.3566,26.6526,0.00232,0.86482,0.254,0.00092,4.58159
347,1,0,1e+08,29079001491128,29079001772932,29079001772960,29079001818908,29079001834628,29079001834660,29079002125476,29079002125516,16,6.34388,2.81804,0.00028,0.45948,0.1572,0.00032,2.90816
348,1,0,1e+08,29079002750000,29079003027574,29079003027606,29079003146681,29079003223903,29079003224368,29079004081982,29079004082030,16,13.3203,2.77574,0.00032,1.19075,0.77222,0.00465,8.57614
349,1,0,1e+08,29079005070297,29079005368698,29079005368774,29079005425714,29079005436850,29079005436878,29079005673586,29079005673618,16,6.03321,2.98401,0.00076,0.5694,0.11136,0.00028,2.36708
350,1,0,1e+08,29079006318532,29079007728232,29079007728308,29079007795960,29079007810844,29079007810872,29079008099216,29079008099244,16,17.8071,14.097,0.00076,0.67652,0.14884,0.00028,2.88344
351,1,0,1e+08,29079008786613,29079009022937,29079009022965,29079009070533,29079009081401,29079009081429,29079009303845,29079009303873,16,5.1726,2.36324,0.00028,0.47568,0.10868,0.00028,2.22416
352,1,0,1e+08,29079009946111,29079012206365,29079012206453,29079012265757,29079012279757,29079012279789,29079012557813,29079012557841,16,26.1173,22.6025,0.00088,0.59304,0.14,0.00032,2.78024
353,1,0,1e+08,29079013231409,29079014051049,29079014051145,29079014196025,29079014215057,29079014215149,29079014670896,29079014670944,16,14.3953,8.1964,0.00096,1.4488,0.19032,0.00092,4.55747
354,1,0,1e+08,29079015499631,29079015776176,29079015776204,29079015824412,29079015840476,29079015840504,29079016084656,29079016084684,16,5.85053,2.76545,0.00028,0.48208,0.16064,0.00028,2.44152
355,1,0,1e+08,29079016838549,29079019342182,29079019342637,29079019504712,29079019564357,29079019564542,29079020363704,29079020363764,16,35.2522,25.0363,0.00455,1.62075,0.59645,0.00185,7.99162
356,1,0,1e+08,29079021297195,29079021582421,29079021582453,29079021640437,29079021654973,29079021655005,29079021928241,29079021928269,16,6.31074,2.85226,0.00032,0.57984,0.14536,0.00032,2.73236
357,1,0,1e+08,29079022584903,29079022826844,29079022826880,29079022875996,29079022887000,29079022887032,29079023142476,29079023142512,16,5.57609,2.41941,0.00036,0.49116,0.11004,0.00032,2.55444
358,1,0,1e+08,29079023759792,29079024911110,29079024911238,29079024972418,29079024986622,29079024986658,29079025287334,29079025287362,16,15.2757,11.5132,0.00128,0.6118,0.14204,0.00036,3.00676
359,1,0,1e+08,29079026094434,29079026574450,29079026574650,29079026735646,29079026795521,29079026795711,29079027466675,29079027466735,16,13.723,4.80016,0.002,1.60996,0.59875,0.0019,6.70964
360,1,0,1e+08,29079028447297,29079028712839,29079028712883,29079028772503,29079028785439,29079028785483,29079029703716,29079029703764,16,12.5647,2.65542,0.00044,0.5962,0.12936,0.00044,9.18233
361,1,0,1e+08,29079030349886,29079032590311,29079032590766,29079032736344,29079032769932,29079032770024,29079033272593,29079033272649,16,29.2276,22.4043,0.00455,1.45578,0.33588,0.00092,5.02569
362,1,0,1e+08,29079034296236,29079034521876,29079034521916,29079034581388,29079034594436,29079034594476,29079034934568,29079034934600,16,6.38364,2.2564,0.0004,0.59472,0.13048,0.0004,3.40092
363,1,0,1e+08,29079035620092,29079036516701,29079036516809,29079036599808,29079036625348,29079036625436,29079037105051,29079037105099,16,14.8501,8.96609,0.00108,0.82999,0.2554,0.00088,4.79615
364,1,0,1e+08,29079037959653,29079038202138,29079038202170,29079038254386,29079038265694,29079038265730,29079038535930,29079038535962,16,5.76309,2.42485,0.00032,0.52216,0.11308,0.00036,2.702
365,1,0,1e+08,29079039168628,29079040316182,29079040316306,29079040383170,29079040398510,29079040398558,29079040797866,29079040797922,16,16.2929,11.4755,0.00124,0.66864,0.1534,0.00048,3.99308
366,1,0,1e+08,29079041471122,29079041741459,29079041741495,29079041788295,29079041803807,29079041803843,29079042039499,29079042039527,16,5.68405,2.70337,0.00036,0.468,0.15512,0.00036,2.35656
367,1,0,1e+08,29079042803201,29079044094848,29079044095084,29079044236306,29079044251538,29079044251602,29079044667216,29079044667264,16,18.6406,12.9165,0.00236,1.41222,0.15232,0.00064,4.15614
368,1,0,1e+08,29079045566686,29079046280509,29079046280699,29079046469306,29079046488862,29079046488954,29079046982237,29079046982281,16,14.156,7.13823,0.0019,1.88607,0.19556,0.00092,4.93283
369,1,0,1e+08,29079047959373,29079048550628,29079048550823,29079048710614,29079048770449,29079048770639,29079049329812,29079049329864,16,13.7049,5.91255,0.00195,1.59791,0.59835,0.0019,5.59173
370,1,0,1e+08,29079050282626,29079050570441,29079050570631,29079050731722,29079050818688,29079050819178,29079051617714,29079051617762,16,13.3514,2.87815,0.0019,1.61091,0.86966,0.0049,7.98536
371,1,0,1e+08,29079052539661,29079052799113,29079052799145,29079052848085,29079052860913,29079052860945,29079053788424,29079053788512,16,12.4885,2.59452,0.00032,0.4894,0.12828,0.00032,9.27479
372,1,0,1e+08,29079054861206,29079056733500,29079056733732,29079056817558,29079056863515,29079056863755,29079057336562,29079057336602,16,24.754,18.7229,0.00232,0.83826,0.45957,0.0024,4.72807
373,1,0,1e+08,29079058156432,29079058405466,29079058405510,29079058462486,29079058474038,29079058474078,29079058894802,29079058894858,16,7.38426,2.49034,0.00044,0.56976,0.11552,0.0004,4.20724
374,1,0,1e+08,29079059567158,29079060318077,29079060318181,29079060400681,29079060487957,29079060488181,29079060947629,29079060947669,16,13.8051,7.50919,0.00104,0.825,0.87276,0.00224,4.59448
375,1,0,1e+08,29079061833405,29079062091487,29079062091515,29079062142143,29079062153239,29079062153275,29079062431019,29079062431059,16,5.97654,2.58082,0.00028,0.50628,0.11096,0.00036,2.77744
376,1,0,1e+08,29079063067964,29079075196546,29079075196698,29079075241966,29079075259246,29079075259278,29079075535886,29079075535906,16,124.679,121.286,0.00152,0.45268,0.1728,0.00032,2.76608
377,1,0,1e+08,29079076137007,29079076499632,29079076499762,29079076660359,29079076738091,29079076738561,29079077556552,29079077556612,16,14.196,3.62625,0.0013,1.60597,0.77732,0.0047,8.17991
378,1,0,1e+08,29079078561763,29079078892215,29079078892267,29079078959519,29079078975883,29079078975939,29079079928014,29079079928082,16,13.6632,3.30452,0.00052,0.67252,0.16364,0.00056,9.52075
379,1,0,1e+08,29079080826487,29079081252131,29079081252171,29079081302539,29079081319147,29079081319187,29079081623655,29079081623695,16,7.97208,4.25644,0.0004,0.50368,0.16608,0.0004,3.04468
380,1,0,1e+08,29079082279200,29079083540871,29079083541115,29079083701304,29079083761544,29079083761704,29079084205072,29079084205108,16,19.2591,12.6167,0.00244,1.60189,0.6024,0.0016,4.43368
381,1,0,1e+08,29079084972367,29079085217383,29079085217427,29079085279147,29079085292839,29079085292879,29079085642671,29079085642719,16,6.70352,2.45016,0.00044,0.6172,0.13692,0.0004,3.49792
382,1,0,1e+08,29079086336520,29079086696210,29079086696258,29079086770838,29079086783598,29079086783650,29079087098418,29079087098450,16,7.6193,3.5969,0.00048,0.7458,0.1276,0.00052,3.14768
383,1,0,1e+08,29079087716293,29079088540641,29079088540765,29079088603029,29079088616757,29079088616797,29079088917729,29079088917765,16,12.0147,8.24348,0.00124,0.62264,0.13728,0.0004,3.00932
384,1,0,1e+08,29079089542555,29079090351650,29079090351742,29079090432398,29079090494698,29079090494922,29079090985862,29079090985906,16,14.4335,8.09095,0.00092,0.80656,0.623,0.00224,4.9094
385,1,0,1e+08,29079091818900,29079092086958,29079092086990,29079092134970,29079092152278,29079092152306,29079092377202,29079092377230,16,5.5833,2.68058,0.00032,0.4798,0.17308,0.00028,2.24896
386,1,0,1e+08,29079092935406,29079094055769,29079094055849,29079094115169,29079094128017,29079094128049,29079094409349,29079094409373,16,14.7397,11.2036,0.0008,0.5932,0.12848,0.00032,2.813
387,1,0,1e+08,29079095062918,29079095322501,29079095322529,29079095375845,29079095388665,29079095388693,29079095624321,29079095624357,16,5.61439,2.59583,0.00028,0.53316,0.1282,0.00028,2.35628
388,1,0,1e+08,29079096346049,29079097158460,29079097158544,29079097219668,29079097233360,29079097233392,29079097516896,29079097516924,16,11.7088,8.12411,0.00084,0.61124,0.13692,0.00032,2.83504
389,1,0,1e+08,29079098199641,29079098480930,29079098480962,29079098530274,29079098560286,29079098560374,29079098814910,29079098814938,16,6.15297,2.81289,0.00032,0.49312,0.30012,0.00088,2.54536
390,1,0,1e+08,29079099767875,29079101157464,29079101157624,29079101249052,29079101263376,29079101263440,29079101678708,29079101678744,16,19.1087,13.8959,0.0016,0.91428,0.14324,0.00064,4.15268
391,1,0,1e+08,29079102643350,29079103458557,29079103458653,29079103610520,29079103624552,29079103624612,29079104074240,29079104074288,16,14.3094,8.15207,0.00096,1.51867,0.14032,0.0006,4.49628
392,1,0,1e+08,29079105072194,29079105824692,29079105825157,29079105985017,29079106022123,29079106022223,29079106580015,29079106580063,16,15.0787,7.52498,0.00465,1.5986,0.37106,0.001,5.57792
393,1,0,1e+08,29079107516629,29079107798791,29079107798843,29079107862899,29079107877039,29079107877091,29079108737162,29079108737246,16,12.2062,2.82162,0.00052,0.64056,0.1414,0.00052,8.60071
394,1,0,1e+08,29079109408805,29079110335192,29079110335288,29079110464026,29079110481598,29079110481662,29079110922014,29079110922050,16,15.1325,9.26387,0.00096,1.28738,0.17572,0.00064,4.40352
395,1,0,1e+08,29079111709834,29079111990714,29079111990750,29079112040462,29079112051990,29079112052030,29079112385342,29079112385390,16,6.75556,2.8088,0.00036,0.49712,0.11528,0.0004,3.33312
396,1,0,1e+08,29079113032253,29079115097857,29079115097945,29079115158201,29079115171273,29079115171305,29079115447309,29079115447333,16,24.1508,20.656,0.00088,0.60256,0.13072,0.00032,2.76004
397,1,0,1e+08,29079116056756,29079116530990,29079116531190,29079116692669,29079116746366,29079116746566,29079117390546,29079117390606,16,13.3385,4.74234,0.002,1.61479,0.53697,0.002,6.4398
398,1,0,1e+08,29079118452246,29079119111743,29079119111933,29079119271454,29079119320967,29079119321603,29079119845936,29079119845980,16,13.9373,6.59497,0.0019,1.59521,0.49513,0.00636,5.24333
399,1,0,1e+08,29079120807506,29079121086415,29079121086447,29079121138579,29079121149295,29079121149327,29079121421759,29079121421799,16,6.14293,2.78909,0.00032,0.52132,0.10716,0.00032,2.72432
400,1,0,1e+08,29079122000453,29079123727488,29079123727724,29079123885204,29079123904890,29079123904954,29079124348387,29079124348427,16,23.4797,17.2704,0.00236,1.5748,0.19686,0.00064,4.43433
401,1,0,1e+08,29079125176235,29079125415492,29079125415520,29079125460816,29079125477340,29079125477372,29079125789298,29079125789483,16,6.13248,2.39257,0.00028,0.45296,0.16524,0.00032,3.11926
402,1,0,1e+08,29079127590679,29079127828011,29079127828043,29079127877979,29079127889659,29079127889691,29079128153479,29079128153511,16,5.62832,2.37332,0.00032,0.49936,0.1168,0.00032,2.63788
403,1,0,1e+08,29079128873785,29079129207111,29079129207163,29079129266539,29079129280439,29079129280495,29079129660052,29079129660112,16,7.86327,3.33326,0.00052,0.59376,0.139,0.00056,3.79557
404,1,0,1e+08,29079130515576,29079131406470,29079131406558,29079131464366,29079131476998,29079131477030,29079131758986,29079131759014,16,12.4344,8.90894,0.00088,0.57808,0.12632,0.00032,2.81956
405,1,0,1e+08,29079133612612,29079145019591,29079145019747,29079145097035,29079145110003,29079145110035,29079145514179,29079145514223,16,119.016,114.07,0.00156,0.77288,0.12968,0.00032,4.04144
406,1,0,1e+08,29079146148075,29079146533800,29079146533836,29079146583688,29079146599444,29079146599480,29079146869960,29079146869988,16,7.21913,3.85725,0.00036,0.49852,0.15756,0.00036,2.7048
407,1,0,1e+08,29079147567711,29079148267457,29079148267565,29079148318881,29079148334357,29079148334397,29079148654993,29079148655049,16,10.8734,6.99746,0.00108,0.51316,0.15476,0.0004,3.20596
408,1,0,1e+08,29079149267973,29079150398581,29079150398689,29079150462273,29079150476193,29079150476253,29079150926106,29079150926138,16,16.5816,11.3061,0.00108,0.63584,0.1392,0.0006,4.49853
409,1,0,1e+08,29079151553895,29079152728623,29079152728759,29079152785659,29079152800823,29079152800875,29079153077931,29079153077971,16,15.2408,11.7473,0.00136,0.569,0.15164,0.00052,2.77056
410,1,0,1e+08,29079153723150,29079154939572,29079154939720,29079155011796,29079155027948,29079155027984,29079155349052,29079155349088,16,16.2594,12.1642,0.00148,0.72076,0.16152,0.00036,3.21068
411,1,0,1e+08,29079155939721,29079156630462,29079156630652,29079156791172,29079156835109,29079156835197,29079157394567,29079157394627,16,14.5491,6.90741,0.0019,1.6052,0.43937,0.00088,5.5937
412,1,0,1e+08,29079158253261,29079158524141,29079158524177,29079158576593,29079158589573,29079158589609,29079158921749,29079158921785,16,6.68524,2.7088,0.00036,0.52416,0.1298,0.00036,3.3214
413,1,0,1e+08,29079159554615,29079160580830,29079160580934,29079160644106,29079160658270,29079160658318,29079160973222,29079160973258,16,14.1864,10.2622,0.00104,0.63172,0.14164,0.00048,3.14904
414,1,0,1e+08,29079161580020,29079161836796,29079161836856,29079161895828,29079161909356,29079161909416,29079162222009,29079162222037,16,6.42017,2.56776,0.0006,0.58972,0.13528,0.0006,3.12593
415,1,0,1e+08,29079162853348,29079164283988,29079164284148,29079164378000,29079164392076,29079164392140,29079164800737,29079164800785,16,19.4744,14.3064,0.0016,0.93852,0.14076,0.00064,4.08597
416,1,0,1e+08,29079165549277,29079165794818,29079165794846,29079165839998,29079165851682,29079165851718,29079166145602,29079166145638,16,5.96361,2.45541,0.00028,0.45152,0.11684,0.00036,2.93884
417,1,0,1e+08,29079166813408,29079167096090,29079167096170,29079167170954,29079167182430,29079167182466,29079167445906,29079167445938,16,6.3253,2.82682,0.0008,0.74784,0.11476,0.00036,2.6344
418,1,0,1e+08,29079168096167,29079169202847,29079169202951,29079169262287,29079169274599,29079169274635,29079169568871,29079169568899,16,14.7273,11.0668,0.00104,0.59336,0.12312,0.00036,2.94236
419,1,0,1e+08,29079170196224,29079170485167,29079170485203,29079170534291,29079170545755,29079170545791,29079170831611,29079170831647,16,6.35423,2.88943,0.00036,0.49088,0.11464,0.00036,2.8582
420,1,0,1e+08,29079171597284,29079172517502,29079172517614,29079172588730,29079172606854,29079172606894,29079172949466,29079172949506,16,13.5222,9.20218,0.00112,0.71116,0.18124,0.0004,3.42572
421,1,0,1e+08,29079173684156,29079174040184,29079174040220,29079174095208,29079174111404,29079174111440,29079174373852,29079174373884,16,6.89728,3.56028,0.00036,0.54988,0.16196,0.00036,2.62412
422,1,0,1e+08,29079175077363,29079175400908,29079175400988,29079175456224,29079175467180,29079175467212,29079175731956,29079175731984,16,6.54621,3.23545,0.0008,0.55236,0.10956,0.00032,2.64744
423,1,0,1e+08,29079176374567,29079177785731,29079177785871,29079177854387,29079177870323,29079177870375,29079178199711,29079178199747,16,18.2518,14.1116,0.0014,0.68516,0.15936,0.00052,3.29336
424,1,0,1e+08,29079178987770,29079179229590,29079179229626,29079179279802,29079179295610,29079179295642,29079179581310,29079179581342,16,5.93572,2.4182,0.00036,0.50176,0.15808,0.00032,2.85668
425,1,0,1e+08,29079180395341,29079180759589,29079180759693,29079180817613,29079180832829,29079180832865,29079181110449,29079181110485,16,7.15144,3.64248,0.00104,0.5792,0.15216,0.00036,2.77584
426,1,0,1e+08,29079181831057,29079193970907,29079193971007,29079194017251,29079194035375,29079194035415,29079194321819,29079194321867,16,124.908,121.399,0.001,0.46244,0.18124,0.0004,2.86404
427,1,0,1e+08,29079195066565,29079195353859,29079195353955,29079195505471,29079195582621,29079195583081,29079196412231,29079196412291,16,13.4573,2.87294,0.00096,1.51516,0.7715,0.0046,8.2915
428,1,0,1e+08,29079197343369,29079197607917,29079197607949,29079197657813,29079197671609,29079197671649,29079197997357,29079197997393,16,6.54024,2.64548,0.00032,0.49864,0.13796,0.0004,3.25708
429,1,0,1e+08,29079198730846,29079200136433,29079200136669,29079200221117,29079200264077,29079200264301,29079200735686,29079200735738,16,20.0489,14.0559,0.00236,0.84448,0.4296,0.00224,4.71385
430,1,0,1e+08,29079201501268,29079201785742,29079201785774,29079201836406,29079201846682,29079201846718,29079202144246,29079202144278,16,6.4301,2.84474,0.00032,0.50632,0.10276,0.00036,2.97528
431,1,0,1e+08,29079202760715,29079203572365,29079203572457,29079203653094,29079203686062,29079203686154,29079204141566,29079204141614,16,13.809,8.1165,0.00092,0.80637,0.32968,0.00092,4.55412
432,1,0,1e+08,29079204941706,29079205509114,29079205509190,29079205568730,29079205584018,29079205584058,29079205890382,29079205890418,16,9.48712,5.67408,0.00076,0.5954,0.15288,0.0004,3.06324
433,1,0,1e+08,29079206570081,29079207464202,29079207464294,29079207535056,29079207548528,29079207548592,29079207985973,29079207986021,16,14.1594,8.94121,0.00092,0.70762,0.13472,0.00064,4.37381
434,1,0,1e+08,29079208815960,29079209089520,29079209089548,29079209137372,29079209147720,29079209147752,29079209388656,29079209388684,16,5.72724,2.7356,0.00028,0.47824,0.10348,0.00032,2.40904
435,1,0,1e+08,29079210011103,29079211311871,29079211312361,29079211471545,29079211548814,29079211549284,29079212329636,29079212329700,16,23.186,13.0077,0.0049,1.59184,0.77269,0.0047,7.80352
436,1,0,1e+08,29079213303878,29079213591473,29079213591501,29079213648649,29079213662021,29079213662057,29079213956281,29079213956313,16,6.52435,2.87595,0.00028,0.57148,0.13372,0.00036,2.94224
437,1,0,1e+08,29079214687368,29079214995185,29079214995217,29079215044377,29079215063005,29079215063041,29079215342829,29079215342865,16,6.55497,3.07817,0.00032,0.4916,0.18628,0.00036,2.79788
438,1,0,1e+08,29079215984215,29079218446882,29079218447050,29079218510502,29079218525950,29079218526002,29079218852782,29079218852818,16,28.686,24.6267,0.00168,0.63452,0.15448,0.00052,3.2678
439,1,0,1e+08,29079219524091,29079219791547,29079219791587,29079219841555,29079219861919,29079219861959,29079220146715,29079220146751,16,6.2266,2.67456,0.0004,0.49968,0.20364,0.0004,2.84756
440,1,0,1e+08,29079220788406,29079221402824,29079221402980,29079221464504,29079221480192,29079221480240,29079221805640,29079221805676,16,10.1727,6.14418,0.00156,0.61524,0.15688,0.00048,3.254
441,1,0,1e+08,29079222600721,29079222916102,29079222916150,29079222967614,29079222983014,29079222983062,29079223278746,29079223278786,16,6.78065,3.15381,0.00048,0.51464,0.154,0.00048,2.95684
442,1,0,1e+08,29079224117157,29079224946768,29079224947004,29079225027527,29079225045643,29079225045731,29079225518968,29079225519008,16,14.0185,8.29611,0.00236,0.80523,0.18116,0.00088,4.73237
443,1,0,1e+08,29079226438483,29079227048662,29079227048802,29079227113706,29079227128094,29079227128150,29079227540006,29079227540054,16,11.0157,6.10179,0.0014,0.64904,0.14388,0.00056,4.11856
444,1,0,1e+08,29079228185940,29079229153866,29079229153930,29079229213226,29079229233150,29079229233214,29079229651495,29079229651531,16,14.6559,9.67926,0.00064,0.59296,0.19924,0.00064,4.18281
445,1,0,1e+08,29079230540717,29079231780176,29079231780276,29079231844848,29079231859284,29079231859328,29079232195040,29079232195084,16,16.5437,12.3946,0.001,0.64572,0.14436,0.00044,3.35712
446,1,0,1e+08,29079232853919,29079233145268,29079233145300,29079233196896,29079233212888,29079233212920,29079234166293,29079234166361,16,13.1244,2.91349,0.00032,0.51596,0.15992,0.00032,9.53373
447,1,0,1e+08,29079235213553,29079235500273,29079235500305,29079235548609,29079235564333,29079235564369,29079235871093,29079235871145,16,6.57592,2.8672,0.00032,0.48304,0.15724,0.00036,3.06724
448,1,0,1e+08,29079236507847,29079237423758,29079237423862,29079237484830,29079237497966,29079237498010,29079237805802,29079237805834,16,12.9799,9.15911,0.00104,0.60968,0.13136,0.00044,3.07792
449,1,0,1e+08,29079238542220,29079238810948,29079238810984,29079238860048,29079238870824,29079238870860,29079239149396,29079239149432,16,6.07212,2.68728,0.00036,0.49064,0.10776,0.00036,2.78536
450,1,0,1e+08,29079239953218,29079241452077,29079241452233,29079241510746,29079241529830,29079241529890,29079241950232,29079241950268,16,19.9705,14.9886,0.00156,0.58513,0.19084,0.0006,4.20342
451,1,0,1e+08,29079242797103,29079254079216,29079254079671,29079254178582,29079254194966,29079254194990,29079254457758,29079254457786,16,116.607,112.821,0.00455,0.98911,0.16384,0.00024,2.62768
452,1,0,1e+08,29079255069211,29079255993162,29079255993254,29079256058732,29079256090116,29079256090276,29079256527828,29079256527864,16,14.5865,9.23951,0.00092,0.65478,0.31384,0.0016,4.37552
453,1,0,1e+08,29079257327720,29079257674162,29079257674214,29079257730523,29079257743935,29079257743995,29079258142192,29079258142240,16,8.1452,3.46442,0.00052,0.56309,0.13412,0.0006,3.98197
454,1,0,1e+08,29079258792952,29079260154037,29079260154261,29079260239653,29079260297089,29079260297321,29079260801307,29079260801351,16,20.084,13.6109,0.00224,0.85392,0.57436,0.00232,5.03986
455,1,0,1e+08,29079261607615,29079261893556,29079261893588,29079261953456,29079261971432,29079261971480,29079262364864,29079262364916,16,7.57301,2.85941,0.00032,0.59868,0.17976,0.00048,3.93384
456,1,0,1e+08,29079263000520,29079263869886,29079263869978,29079263993457,29079264007389,29079264007453,29079264429623,29079264429663,16,14.2914,8.69366,0.00092,1.23479,0.13932,0.00064,4.2217
457,1,0,1e+08,29079265272774,29079265519182,29079265519218,29079265570530,29079265584726,29079265584762,29079265974327,29079265974387,16,7.01613,2.46408,0.00036,0.51312,0.14196,0.00036,3.89565
458,1,0,1e+08,29079266674412,29079267814452,29079267814564,29079267874344,29079267887144,29079267887180,29079268167636,29079268167664,16,14.9325,11.4004,0.00112,0.5978,0.128,0.00036,2.80456
459,1,0,1e+08,29079268882554,29079269158712,29079269158748,29079269208212,29079269223888,29079269223924,29079269493908,29079269493944,16,6.1139,2.76158,0.00036,0.49464,0.15676,0.00036,2.69984
460,1,0,1e+08,29079270196635,29079270907243,29079270907319,29079270966399,29079270979227,29079270979259,29079271244187,29079271244211,16,10.4758,7.10608,0.00076,0.5908,0.12828,0.00032,2.64928
461,1,0,1e+08,29079271935144,29079272217364,29079272217396,29079272265592,29079272281048,29079272281084,29079272539532,29079272539568,16,6.04424,2.8222,0.00032,0.48196,0.15456,0.00036,2.58448
462,1,0,1e+08,29079273209168,29079275425332,29079275425412,29079275484888,29079275497736,29079275497764,29079275763504,29079275763528,16,25.5436,22.1616,0.0008,0.59476,0.12848,0.00028,2.6574
463,1,0,1e+08,29079276412084,29079277173616,29079277173816,29079277334748,29079277384613,29079277384845,29079277931245,29079277931301,16,15.1922,7.61532,0.002,1.60932,0.49865,0.00232,5.464
464,1,0,1e+08,29079278993086,29079279212343,29079279212387,29079279266843,29079279280371,29079279280415,29079279764159,29079279764203,16,7.71117,2.19257,0.00044,0.54456,0.13528,0.00044,4.83744
465,1,0,1e+08,29079280471577,29079281043836,29079281043920,29079281092368,29079281110016,29079281110048,29079281341504,29079281341532,16,8.69955,5.72259,0.00084,0.48448,0.17648,0.00032,2.31456
466,1,0,1e+08,29079282093727,29079283915200,29079283915565,29079284003028,29079284052580,29079284052808,29079284572504,29079284572548,16,24.7882,18.2147,0.00365,0.87463,0.49552,0.00228,5.19696
467,1,0,1e+08,29079285467788,29079285723252,29079285723284,29079285786680,29079285801236,29079285801272,29079286285993,29079286286173,16,8.18385,2.55464,0.00032,0.63396,0.14556,0.00036,4.84721
468,1,0,1e+08,29079287953094,29079288225359,29079288225391,29079288300703,29079288315303,29079288315335,29079288635743,29079288635771,16,6.82677,2.72265,0.00032,0.75312,0.146,0.00032,3.20408
469,1,0,1e+08,29079289486072,29079290463116,29079290463180,29079290525165,29079290550309,29079290550373,29079290975557,29079290975601,16,14.8953,9.77044,0.00064,0.61985,0.25144,0.00064,4.25184
470,1,0,1e+08,29079291886089,29079292144498,29079292144558,29079292273193,29079292350375,29079292350835,29079293197318,29079293197370,16,13.1128,2.58409,0.0006,1.28635,0.77182,0.0046,8.46483
471,1,0,1e+08,29079294258259,29079294511995,29079294512019,29079294567551,29079294580411,29079294580447,29079295495013,29079295495101,16,12.3684,2.53736,0.00024,0.55532,0.1286,0.00036,9.14566
472,1,0,1e+08,29079296572674,29079296823536,29079296823616,29079296871380,29079296881580,29079296881608,29079297143636,29079297143664,16,5.7099,2.50862,0.0008,0.47764,0.102,0.00028,2.62028
473,1,0,1e+08,29079297756214,29079299233245,29079299233353,29079299302245,29079299317373,29079299317413,29079299636769,29079299636805,16,18.8059,14.7703,0.00108,0.68892,0.15128,0.0004,3.19356
474,1,0,1e+08,29079300227945,29079300495635,29079300495667,29079300543843,29079300567939,29079300568023,29079300818791,29079300818815,16,5.9087,2.6769,0.00032,0.48176,0.24096,0.00084,2.50768
475,1,0,1e+08,29079301393907,29079303678256,29079303678392,29079303739764,29079303755732,29079303755772,29079304063940,29079304063976,16,26.7007,22.8435,0.00136,0.61372,0.15968,0.0004,3.08168
476,1,0,1e+08,29079304829619,29079305112459,29079305112503,29079305161675,29079305180111,29079305180151,29079305458215,29079305458251,16,6.28632,2.8284,0.00044,0.49172,0.18436,0.0004,2.78064
477,1,0,1e+08,29079306139990,29079306728951,29079306729047,29079306789363,29079306806091,29079306806127,29079307091523,29079307091555,16,9.51565,5.88961,0.00096,0.60316,0.16728,0.00036,2.85396
478,1,0,1e+08,29079307774332,29079308634037,29079308634133,29079308714708,29079308744423,29079308744515,29079309223736,29079309223776,16,14.4944,8.59705,0.00096,0.80575,0.29715,0.00092,4.79221
479,1,0,1e+08,29079310093691,29079310319640,29079310319672,29079310367232,29079310380280,29079310380308,29079310613720,29079310613752,16,5.20061,2.25949,0.00032,0.4756,0.13048,0.00028,2.33412
480,1,0,1e+08,29079311386137,29079312411608,29079312411688,29079312489424,29079312509988,29079312510024,29079313470458,29079313470506,16,20.8437,10.2547,0.0008,0.77736,0.20564,0.00036,9.60434
481,1,0,1e+08,29079314582784,29079325698974,29079325699046,29079325832564,29079325868054,29079325868224,29079326164365,29079326164393,16,115.816,111.162,0.00072,1.33518,0.3549,0.0017,2.96141
482,1,0,1e+08,29079326895475,29079327406994,29079327407058,29079327460602,29079327477170,29079327477202,29079327771026,29079327771054,16,8.75579,5.11519,0.00064,0.53544,0.16568,0.00032,2.93824
483,1,0,1e+08,29079328591726,29079329237163,29079329237203,29079329287487,29079329303163,29079329303203,29079329560431,29079329560471,16,9.68745,6.45437,0.0004,0.50284,0.15676,0.0004,2.57228
484,1,0,1e+08,29079330160092,29079331177357,29079331177461,29079331308825,29079331345210,29079331345395,29079332190814,29079332190862,16,20.3077,10.1727,0.00104,1.31364,0.36385,0.00185,8.45419
485,1,0,1e+08,29079333225247,29079333532285,29079333532349,29079333597825,29079333612881,29079333612945,29079334031174,29079334031222,16,8.05975,3.07038,0.00064,0.65476,0.15056,0.00064,4.18229
486,1,0,1e+08,29079334693116,29079335076132,29079335076164,29079335126968,29079335140352,29079335140412,29079335467848,29079335467876,16,7.7476,3.83016,0.00032,0.50804,0.13384,0.0006,3.27436
487,1,0,1e+08,29079336214365,29079337069245,29079337069485,29079337150666,29079337192370,29079337192594,29079337655954,29079337656002,16,14.4164,8.5488,0.0024,0.81181,0.41704,0.00224,4.6336
488,1,0,1e+08,29079338508028,29079339730458,29079339730706,29079339815226,29079339845772,29079339845864,29079340320419,29079340320459,16,18.1243,12.2243,0.00248,0.8452,0.30546,0.00092,4.74555
489,1,0,1e+08,29079341315529,29079342072311,29079342072506,29079342231134,29079342274454,29079342274690,29079342787033,29079342787089,16,14.7156,7.56782,0.00195,1.58628,0.4332,0.00236,5.12343
490,1,0,1e+08,29079343597836,29079343970011,29079343970099,29079344101500,29079344137894,29079344138079,29079345120954,29079345121002,16,15.2317,3.72175,0.00088,1.31401,0.36394,0.00185,9.82875
491,1,0,1e+08,29079346136317,29079346444937,29079346445001,29079346502573,29079346518471,29079346518555,29079347513448,29079347513536,16,13.7722,3.0862,0.00064,0.57572,0.15898,0.00084,9.94893
492,1,0,1e+08,29079348150582,29079348402874,29079348402914,29079348481655,29079348500135,29079348500223,29079348820335,29079348820367,16,6.69785,2.52292,0.0004,0.78741,0.1848,0.00088,3.20112
493,1,0,1e+08,29079349538696,29079349807217,29079349807245,29079349856865,29079349872713,29079349872749,29079350153361,29079350153397,16,6.14701,2.68521,0.00028,0.4962,0.15848,0.00036,2.80612
494,1,0,1e+08,29079350825535,29079352139743,29079352139835,29079352206563,29079352224027,29079352224071,29079352617320,29079352617356,16,17.9182,13.1421,0.00092,0.66728,0.17464,0.00044,3.93249
495,1,0,1e+08,29079353230210,29079353506106,29079353506138,29079353554430,29079353565150,29079353565186,29079353824454,29079353824486,16,5.94276,2.75896,0.00032,0.48292,0.1072,0.00036,2.59268
496,1,0,1e+08,29079354508721,29079355207610,29079355207698,29079355263658,29079355275862,29079355275898,29079355557066,29079355557094,16,10.4837,6.98889,0.00088,0.5596,0.12204,0.00036,2.81168
497,1,0,1e+08,29079356223990,29079357088852,29079357088944,29079357169526,29079357191254,29079357191342,29079357649316,29079357649364,16,14.2537,8.64862,0.00092,0.80582,0.21728,0.00088,4.57974
498,1,0,1e+08,29079358450588,29079358707510,29079358707538,29079358762630,29079358774042,29079358774066,29079359702384,29079359702456,16,12.5187,2.56922,0.00028,0.55092,0.11412,0.00024,9.28318
499,1,0,1e+08,29079360786592,29079361046300,29079361046328,29079361094540,29079361104968,29079361105000,29079361349016,29079361349052,16,5.6246,2.59708,0.00028,0.48212,0.10428,0.00032,2.44016
500,1,0,1e+08,29079361963017,29079363317588,29079363317680,29079363374792,29079363388036,29079363388072,29079363673240,29079363673268,16,17.1025,13.5457,0.00092,0.57112,0.13244,0.00036,2.85168
501,1,0,1e+08,29079364374258,29079364639860,29079364639896,29079364688048,29079364701072,29079364701104,29079364949424,29079364949460,16,5.75202,2.65602,0.00036,0.48152,0.13024,0.00032,2.4832
502,1,0,1e+08,29079365547720,29079367856371,29079367856455,29079367914171,29079367928915,29079367928947,29079368198059,29079368198083,16,26.5036,23.0865,0.00084,0.57716,0.14744,0.00032,2.69112
503,1,0,1e+08,29079368938408,29079369157264,29079369157292,29079369205064,29079369217684,29079369217716,29079369451420,29079369451452,16,5.13044,2.18856,0.00028,0.47772,0.1262,0.00032,2.33704
504,1,0,1e+08,29079370024384,29079372968826,29079372969054,29079373124554,29079373140082,29079373140142,29079373578316,29079373578356,16,35.5397,29.4444,0.00228,1.555,0.15528,0.0006,4.38174
505,1,0,1e+08,29079374387522,29079374613484,29079374613516,29079374657128,29079374670820,29079374670848,29079374931432,29079374931460,16,5.43938,2.25962,0.00032,0.43612,0.13692,0.00028,2.60584
506,1,0,1e+08,29079375588131,29079375843492,29079375843520,29079375891920,29079375914100,29079375914176,29079376149132,29079376149160,16,5.61029,2.55361,0.00028,0.484,0.2218,0.00076,2.34956
507,1,0,1e+08,29079376834861,29079378756058,29079378756290,29079378833784,29079378858840,29079378858904,29079379294956,29079379295004,16,24.6014,19.212,0.00232,0.77494,0.25056,0.00064,4.36052
508,1,0,1e+08,29079380134127,29079380428489,29079380428529,29079380507517,29079380519933,29079380519969,29079380855893,29079380855925,16,7.21798,2.94362,0.0004,0.78988,0.12416,0.00036,3.35924
509,1,0,1e+08,29079381493086,29079381746847,29079381746879,29079381795251,29079381806219,29079381806251,29079382066303,29079382066335,16,5.73249,2.53761,0.00032,0.48372,0.10968,0.00032,2.60052
510,1,0,1e+08,29079382955105,29079383994632,29079383995107,29079384237227,29079384274242,29079384274427,29079384841664,29079384841708,16,18.866,10.3953,0.00475,2.4212,0.37015,0.00185,5.67237
511,1,0,1e+08,29079386896510,29079398089026,29079398089451,29079398147515,29079398163519,29079398163543,29079398558524,29079398558560,16,116.621,111.925,0.00425,0.58064,0.16004,0.00024,3.94981
512,1,0,1e+08,29079399178421,29079399501147,29079399501187,29079399606802,29079399642167,29079399642337,29079400053629,29079400053657,16,8.75236,3.22726,0.0004,1.05615,0.35365,0.0017,4.11292
513,1,0,1e+08,29079400720928,29079401698971,29079401699191,29079401779783,29079401824332,29079401824560,29079402316229,29079402316281,16,15.9535,9.78043,0.0022,0.80592,0.44549,0.00228,4.91669
514,1,0,1e+08,29079403172386,29079403843837,29079403844053,29079403912369,29079403928321,29079403928385,29079404344582,29079404344618,16,11.7223,6.71451,0.00216,0.68316,0.15952,0.00064,4.16197
515,1,0,1e+08,29079404922895,29079405306647,29079405306683,29079405432280,29079405446020,29079405446080,29079405776584,29079405776624,16,8.53729,3.83752,0.00036,1.25597,0.1374,0.0006,3.30504
516,1,0,1e+08,29079406493642,29079406875113,29079406875288,29079406960358,29079406973222,29079406973258,29079407248622,29079407248650,16,7.55008,3.81471,0.00175,0.8507,0.12864,0.00036,2.75364
517,1,0,1e+08,29079407837359,29079409196599,29079409196711,29079409256887,29079409272619,29079409272667,29079409585111,29079409585151,16,17.4779,13.5924,0.00112,0.60176,0.15732,0.00048,3.12444
518,1,0,1e+08,29079410241245,29079410554424,29079410554472,29079410608288,29079410623936,29079410623984,29079410913896,29079410913932,16,6.72687,3.13179,0.00048,0.53816,0.15648,0.00048,2.89912
519,1,0,1e+08,29079411579561,29079412416212,29079412416662,29079412576579,29079412612579,29079412612764,29079413146381,29079413146437,16,15.6688,8.36651,0.0045,1.59917,0.36,0.00185,5.33617
520,1,0,1e+08,29079414009264,29079414677648,29079414677792,29079414739800,29079414753772,29079414753828,29079415162256,29079415162296,16,11.5303,6.68384,0.00144,0.62008,0.13972,0.00056,4.08428
521,1,0,1e+08,29079415841815,29079416226987,29079416227031,29079416278239,29079416293951,29079416293991,29079416583815,29079416583851,16,7.42036,3.85172,0.00044,0.51208,0.15712,0.0004,2.89824
522,1,0,1e+08,29079417259571,29079417681876,29079417681996,29079417734000,29079417745192,29079417745232,29079418035868,29079418035896,16,7.76325,4.22305,0.0012,0.52004,0.11192,0.0004,2.90636
523,1,0,1e+08,29079418730677,29079420506024,29079420506479,29079420703665,29079420723041,29079420723129,29079421217763,29079421217811,16,24.8713,17.7535,0.00455,1.97186,0.19376,0.00088,4.94634
524,1,0,1e+08,29079421994877,29079422224302,29079422224334,29079422269014,29079422281174,29079422281202,29079422528954,29079422528978,16,5.34101,2.29425,0.00032,0.4468,0.1216,0.00028,2.47752
525,1,0,1e+08,29079423268938,29079423509611,29079423509635,29079423557399,29079423574051,29079423574079,29079423795175,29079423795203,16,5.26265,2.40673,0.00024,0.47764,0.16652,0.00028,2.21096
526,1,0,1e+08,29079424405196,29079425835004,29079425835454,29079425995025,29079426072113,29079426072568,29079426813894,29079426813942,16,24.0875,14.2981,0.0045,1.59571,0.77088,0.00455,7.41326
527,1,0,1e+08,29079427875683,29079428147612,29079428147648,29079428210176,29079428223368,29079428223400,29079429071757,29079429071849,16,11.9617,2.71929,0.00036,0.62528,0.13192,0.00032,8.48357
528,1,0,1e+08,29079430177762,29079430405698,29079430405730,29079430454310,29079430468034,29079430468066,29079430705846,29079430705870,16,5.28108,2.27936,0.00032,0.4858,0.13724,0.00032,2.3778
529,1,0,1e+08,29079431491060,29079431759632,29079431759668,29079431808504,29079431819864,29079431819900,29079432066584,29079432066616,16,5.75556,2.68572,0.00036,0.48836,0.1136,0.00036,2.46684
530,1,0,1e+08,29079432751626,29079433907682,29079433907766,29079433966586,29079433979330,29079433979366,29079434266230,29079434266254,16,15.1463,11.5606,0.00084,0.5882,0.12744,0.00036,2.86864
531,1,0,1e+08,29079434959018,29079435756187,29079435756279,29079435837106,29079435857558,29079435857650,29079436328913,29079436328965,16,13.6995,7.97169,0.00092,0.80827,0.20452,0.00092,4.71263
532,1,0,1e+08,29079437208192,29079437432118,29079437432146,29079437480182,29079437491014,29079437491042,29079437728926,29079437728954,16,5.20762,2.23926,0.00028,0.48036,0.10832,0.00028,2.37884
533,1,0,1e+08,29079438384919,29079450931194,29079450931442,29079451011502,29079451053262,29079451053486,29079451532420,29079451532468,16,131.475,125.463,0.00248,0.8006,0.4176,0.00224,4.78934
534,1,0,1e+08,29079452471572,29079453016103,29079453016273,29079453189812,29079453226040,29079453226210,29079454247952,29079454247988,16,17.7642,5.44531,0.0017,1.73539,0.36228,0.0017,10.2174
535,1,0,1e+08,29079455923449,29079456239652,29079456239688,29079456315412,29079456328688,29079456328720,29079456613020,29079456613052,16,6.89603,3.16203,0.00036,0.75724,0.13276,0.00032,2.843
536,1,0,1e+08,29079457317571,29079457732825,29079457732869,29079457786881,29079457800237,29079457800281,29079458062033,29079458062065,16,7.44494,4.15254,0.00044,0.54012,0.13356,0.00044,2.61752
537,1,0,1e+08,29079458787286,29079459730431,29079459730543,29079459810187,29079459823587,29079459823627,29079460140579,29079460140615,16,13.5333,9.43145,0.00112,0.79644,0.134,0.0004,3.16952
538,1,0,1e+08,29079460766060,29079461639964,29079461640060,29079461725329,29079461767493,29079461767709,29079462284868,29079462284912,16,15.1885,8.73904,0.00096,0.85269,0.42164,0.00216,5.17159
539,1,0,1e+08,29079463187780,29079463462149,29079463462193,29079463515701,29079463531349,29079463531389,29079463874497,29079463874541,16,6.86761,2.74369,0.00044,0.53508,0.15648,0.0004,3.43108
540,1,0,1e+08,29079464619351,29079465801736,29079465802191,29079465962243,29079466023033,29079466023218,29079466553283,29079466553327,16,19.3398,11.8239,0.00455,1.60052,0.6079,0.00185,5.30065
541,1,0,1e+08,29079467433713,29079467706913,29079467706945,29079467756141,29079467769465,29079467769505,29079468108189,29079468108237,16,6.74524,2.732,0.00032,0.49196,0.13324,0.0004,3.38684
542,1,0,1e+08,29079468729934,29079469099914,29079469099966,29079469151466,29079469164218,29079469164258,29079469459750,29079469459786,16,7.29852,3.6998,0.00052,0.515,0.12752,0.0004,2.95492
543,1,0,1e+08,29079470122857,29079471045800,29079471045916,29079471111688,29079471125280,29079471125316,29079471412584,29079471412620,16,12.8976,9.22943,0.00116,0.65772,0.13592,0.00036,2.87268
544,1,0,1e+08,29079472038578,29079472767489,29079472767679,29079472925600,29079472974123,29079472974347,29079473478446,29079473478490,16,14.3991,7.28911,0.0019,1.57921,0.48523,0.00224,5.04099
545,1,0,1e+08,29079474354160,29079476173860,29079476174335,29079476334535,29079476419300,29079476419755,29079476959626,29079476959682,16,26.0552,18.197,0.00475,1.602,0.84765,0.00455,5.39871
546,1,0,1e+08,29079477940320,29079478269248,29079478269308,29079478339181,29079478358101,29079478358189,29079479177119,29079479177167,16,12.3685,3.28928,0.0006,0.69873,0.1892,0.00088,8.1893
547,1,0,1e+08,29079479926282,29079480791557,29079480791797,29079480873560,29079480906252,29079480906344,29079481364392,29079481364440,16,14.3816,8.65275,0.0024,0.81763,0.32692,0.00092,4.58048
548,1,0,1e+08,29079482176999,29079483182956,29079483183088,29079483259116,29079483282924,29079483282984,29079483693383,29079483693411,16,15.1641,10.0596,0.00132,0.76028,0.23808,0.0006,4.10399
549,1,0,1e+08,29079484263975,29079484549959,29079484549999,29079484599983,29079484615591,29079484615631,29079484866647,29079484866683,16,6.02708,2.85984,0.0004,0.49984,0.15608,0.0004,2.51016
550,1,0,1e+08,29079485495387,29079486382651,29079486382759,29079486448891,29079486463683,29079486463727,29079486897185,29079486897217,16,14.0183,8.87264,0.00108,0.66132,0.14792,0.00044,4.33458
551,1,0,1e+08,29079487493986,29079487804874,29079487804918,29079487857130,29079487869130,29079487869178,29079488164818,29079488164858,16,6.70872,3.10888,0.00044,0.52212,0.12,0.00048,2.9564
552,1,0,1e+08,29079488845887,29079489178908,29079489179032,29079489233556,29079489245284,29079489245324,29079489542720,29079489542748,16,6.96861,3.33021,0.00124,0.54524,0.11728,0.0004,2.97396
553,1,0,1e+08,29079490142217,29079491564615,29079491564763,29079491631699,29079491645783,29079491645827,29079491968955,29079491968991,16,18.2677,14.224,0.00148,0.66936,0.14084,0.00044,3.23128
554,1,0,1e+08,29079492537794,29079493419783,29079493419973,29079493533161,29079493552009,29079493552101,29079494033843,29079494033879,16,14.9608,8.81989,0.0019,1.13188,0.18848,0.00092,4.81742
555,1,0,1e+08,29079494852565,29079495108886,29079495108918,29079495157090,29079495169662,29079495169694,29079495417734,29079495417766,16,5.65201,2.56321,0.00032,0.48172,0.12572,0.00032,2.4804
556,1,0,1e+08,29079496054087,29079497160224,29079497160316,29079497217608,29079497230752,29079497230780,29079497483052,29079497483076,16,14.2899,11.0614,0.00092,0.57292,0.13144,0.00028,2.52272
557,1,0,1e+08,29079498105942,29079498854998,29079498855198,29079498991178,29079499039142,29079499039370,29079499567385,29079499567441,16,14.615,7.49056,0.002,1.3598,0.47964,0.00228,5.28015
558,1,0,1e+08,29079500352721,29079501974656,29079501974772,29079502036648,29079502050980,29079502051024,29079502483462,29079502483506,16,21.3078,16.2194,0.00116,0.61876,0.14332,0.00044,4.32438
559,1,0,1e+08,29079503061047,29079503428775,29079503428811,29079503542303,29079503553507,29079503553543,29079503837151,29079503837183,16,7.76136,3.67728,0.00036,1.13492,0.11204,0.00036,2.83608
560,1,0,1e+08,29079504532583,29079504989693,29079504989801,29079505041237,29079505069145,29079505069261,29079505401881,29079505401929,16,8.69346,4.5711,0.00108,0.51436,0.27908,0.00116,3.3262
561,1,0,1e+08,29079506038869,29079518169761,29079518169861,29079518215565,29079518226989,29079518227029,29079518508765,29079518508801,16,124.699,121.309,0.001,0.45704,0.11424,0.0004,2.81736
562,1,0,1e+08,29079519146604,29079520052152,29079520052248,29079520169932,29079520189320,29079520189412,29079520714412,29079520714456,16,15.6785,9.05548,0.00096,1.17684,0.19388,0.00092,5.25
563,1,0,1e+08,29079522692529,29079523174682,29079523174738,29079523268946,29079523284682,29079523284730,29079523626002,29079523626038,16,9.33509,4.82153,0.00056,0.94208,0.15736,0.00048,3.41272
564,1,0,1e+08,29079524467488,29079525339728,29079525339792,29079525399760,29079525417476,29079525417544,29079525824332,29079525824364,16,13.5688,8.7224,0.00064,0.59968,0.17716,0.00068,4.06788
565,1,0,1e+08,29079526841500,29079527315040,29079527315220,29079527479277,29079527516449,29079527516634,29079528328038,29079528328102,16,14.866,4.7354,0.0018,1.64057,0.37172,0.00185,8.11404
566,1,0,1e+08,29079529497456,29079529782278,29079529782438,29079529848409,29079529867777,29079529867869,29079530377417,29079530377453,16,8.79997,2.84822,0.0016,0.65971,0.19368,0.00092,5.09548
567,1,0,1e+08,29079531149374,29079531451395,29079531451435,29079531500283,29079531511031,29079531511079,29079531768503,29079531768547,16,6.19173,3.02021,0.0004,0.48848,0.10748,0.00048,2.57424
568,1,0,1e+08,29079532427351,29079533908827,29079533909287,29079534146390,29079534200960,29079534201145,29079534745538,29079534745582,16,23.1823,14.8148,0.0046,2.37103,0.5457,0.00185,5.44393
569,1,0,1e+08,29079535642827,29079535923768,29079535923816,29079535975868,29079535990552,29079535990600,29079536371764,29079536371808,16,7.28981,2.80941,0.00048,0.52052,0.14684,0.00048,3.81164
570,1,0,1e+08,29079537194155,29079537519633,29079537519685,29079537583749,29079537596177,29079537596225,29079537995173,29079537995213,16,8.01058,3.25478,0.00052,0.64064,0.12428,0.00048,3.98948
571,1,0,1e+08,29079538799512,29079539969931,29079539970163,29079540054159,29079540100403,29079540100667,29079540608419,29079540608471,16,18.0896,11.7042,0.00232,0.83996,0.46244,0.00264,5.07752
572,1,0,1e+08,29079541424810,29079541714703,29079541714739,29079541776719,29079541793899,29079541793963,29079542853137,29079542853205,16,14.284,2.89893,0.00036,0.6198,0.1718,0.00064,10.5917
573,1,0,1e+08,29079543515630,29079544353500,29079544353604,29079544448192,29079544491924,29079544492152,29079545003662,29079545003718,16,14.8809,8.3787,0.00104,0.94588,0.43732,0.00228,5.1151
574,1,0,1e+08,29079545845736,29079546099840,29079546099884,29079546184716,29079546197460,29079546197500,29079546573120,29079546573156,16,7.2742,2.54104,0.00044,0.84832,0.12744,0.0004,3.7562
575,1,0,1e+08,29079547257288,29079548203704,29079548203968,29079548284870,29079548322788,29079548322944,29079548773821,29079548773869,16,15.1658,9.46416,0.00264,0.80902,0.37918,0.00156,4.50877
576,1,0,1e+08,29079549642296,29079550170276,29079550170400,29079550230472,29079550244460,29079550244508,29079550595720,29079550595756,16,9.5346,5.2798,0.00124,0.60072,0.13988,0.00048,3.51212
577,1,0,1e+08,29079551156467,29079551428466,29079551428502,29079551477318,29079551488134,29079551488170,29079551788038,29079551788082,16,6.31615,2.71999,0.00036,0.48816,0.10816,0.00036,2.99868
578,1,0,1e+08,29079552361483,29079553414381,29079553414485,29079553475729,29079553489469,29079553489509,29079553795253,29079553795281,16,14.338,10.529,0.00104,0.61244,0.1374,0.0004,3.05744
579,1,0,1e+08,29079554419211,29079555232202,29079555232314,29079555318246,29079555344006,29079555344098,29079555825303,29079555825359,16,14.0615,8.12991,0.00112,0.85932,0.2576,0.00092,4.81205
580,1,0,1e+08,29079556773067,29079557029024,29079557029080,29079557085524,29079557097952,29079557098008,29079557525064,29079557525104,16,7.52037,2.55957,0.00056,0.56444,0.12428,0.00056,4.27056
581,1,0,1e+08,29079558160927,29079560394036,29079560394152,29079560456116,29079560473616,29079560473656,29079560751636,29079560751668,16,25.9074,22.3311,0.00116,0.61964,0.175,0.0004,2.7798
582,1,0,1e+08,29079561538619,29079561861901,29079561861945,29079561912833,29079561924333,29079561924373,29079562217609,29079562217637,16,6.79018,3.23282,0.00044,0.50888,0.115,0.0004,2.93236
583,1,0,1e+08,29079562916493,29079563509766,29079563509894,29079563631187,29079563654687,29079563654743,29079563928419,29079563928447,16,10.1195,5.93273,0.00128,1.21293,0.235,0.00056,2.73676
584,1,0,1e+08,29079564663002,29079567373841,29079567373993,29079567434993,29079567448169,29079567448221,29079567802721,29079567802757,16,31.3976,27.1084,0.00152,0.61,0.13176,0.00052,3.545
585,1,0,1e+08,29079568429408,29079568736186,29079568736230,29079568793626,29079568808130,29079568808174,29079569109574,29079569109610,16,6.80202,3.06778,0.00044,0.57396,0.14504,0.00044,3.014
586,1,0,1e+08,29079569828681,29079570308078,29079570308186,29079570359082,29079570375746,29079570375790,29079570658210,29079570658238,16,8.29557,4.79397,0.00108,0.50896,0.16664,0.00044,2.8242
587,1,0,1e+08,29079571313903,29079572641557,29079572641657,29079572700669,29079572716265,29079572716305,29079573015037,29079573015073,16,17.0117,13.2765,0.001,0.59012,0.15596,0.0004,2.98732
588,1,0,1e+08,29079573691406,29079574664344,29079574664408,29079574728609,29079574752205,29079574752265,29079575168214,29079575168250,16,14.7684,9.72938,0.00064,0.64201,0.23596,0.0006,4.15949
589,1,0,1e+08,29079576043303,29079576326103,29079576326151,29079576378927,29079576390659,29079576390707,29079576744599,29079576744643,16,7.0134,2.828,0.00048,0.52776,0.11732,0.00048,3.53892
590,1,0,1e+08,29079577403184,29079578716954,29079578717414,29079578861064,29079578903772,29079578903996,29079579409440,29079579409484,16,20.063,13.1377,0.0046,1.4365,0.42708,0.00224,5.05444
591,1,0,1e+08,29079580291751,29079580531375,29079580531415,29079580578771,29079580588851,29079580588891,29079580940263,29079580940315,16,6.48564,2.39624,0.0004,0.47356,0.1008,0.0004,3.51372
592,1,0,1e+08,29079581613217,29079582409889,29079582410079,29079582507555,29079582540580,29079582540672,29079583019671,29079583019715,16,14.065,7.96672,0.0019,0.97476,0.33025,0.00092,4.78999
593,1,0,1e+08,29079583850054,29079584167309,29079584167389,29079584215957,29079584226713,29079584226745,29079584483725,29079584483757,16,6.33703,3.17255,0.0008,0.48568,0.10756,0.00032,2.5698
594,1,0,1e+08,29079585087850,29079598518395,29079598518471,29079598636511,29079598646487,29079598646523,29079599055233,29079599055253,16,139.674,134.305,0.00076,1.1804,0.09976,0.00036,4.0871
595,1,0,1e+08,29079599612481,29079600020424,29079600020468,29079600074724,29079600087092,29079600087144,29079600468709,29079600468745,16,8.56264,4.07943,0.00044,0.54256,0.12368,0.00052,3.81565
596,1,0,1e+08,29079601085806,29079601708812,29079601708924,29079601760200,29079601772712,29079601772756,29079602134489,29079602134517,16,10.4871,6.23006,0.00112,0.51276,0.12512,0.00044,3.61733
597,1,0,1e+08,29079602711946,29079604236791,29079604237261,29079604398062,29079604434784,29079604434974,29079605064608,29079605064668,16,23.5272,15.2485,0.0047,1.60801,0.36722,0.0019,6.29634
598,1,0,1e+08,29079605983461,29079606628571,29079606628743,29079606693939,29079606708367,29079606708423,29079607113523,29079607113559,16,11.301,6.4511,0.00172,0.65196,0.14428,0.00056,4.051
599,1,0,1e+08,29079607735386,29079608042348,29079608042396,29079608097344,29079608113008,29079608113056,29079608425232,29079608425268,16,6.89882,3.06962,0.00048,0.54948,0.15664,0.00048,3.12176
600,1,0,1e+08,29079609183883,29079610166959,29079610167414,29079610284968,29079610318928,29079610319016,29079610808898,29079610808942,16,16.2506,9.83076,0.00455,1.17554,0.3396,0.00088,4.89882
601,1,0,1e+08,29079611754419,29079612333080,29079612333275,29079612492132,29079612568957,29079612569412,29079613152551,29079613152611,16,13.9819,5.78661,0.00195,1.58857,0.76825,0.00455,5.83139
602,1,0,1e+08,29079614093112,29079614352505,29079614352553,29079614411897,29079614424821,29079614424869,29079614792017,29079614792049,16,6.98937,2.59393,0.00048,0.59344,0.12924,0.00048,3.67148
603,1,0,1e+08,29079615425039,29079615700231,29079615700267,29079615789307,29079615800875,29079615800919,29079616104703,29079616104743,16,6.79704,2.75192,0.00036,0.8904,0.11568,0.00044,3.03784
604,1,0,1e+08,29079616737970,29079617968276,29079617968384,29079618027464,29079618043336,29079618043376,29079618343964,29079618343996,16,16.0603,12.3031,0.00108,0.5908,0.15872,0.0004,3.00588
605,1,0,1e+08,29079618970435,29079619248284,29079619248328,29079619298044,29079619313576,29079619313616,29079619579484,29079619579520,16,6.09085,2.77849,0.00044,0.49716,0.15532,0.0004,2.65868
606,1,0,1e+08,29079620204947,29079622506121,29079622506229,29079622564717,29079622580437,29079622580481,29079622885053,29079622885085,16,26.8014,23.0117,0.00108,0.58488,0.1572,0.00044,3.04572
607,1,0,1e+08,29079623552257,29079624271139,29079624271329,29079624459469,29079624501849,29079624502085,29079625006980,29079625007036,16,14.5478,7.18882,0.0019,1.8814,0.4238,0.00236,5.04895
608,1,0,1e+08,29079625846751,29079626113452,29079626113480,29079626164996,29079626181172,29079626181216,29079626506304,29079626506340,16,6.59589,2.66701,0.00028,0.51516,0.16176,0.00044,3.25088
609,1,0,1e+08,29079627183145,29079630199019,29079630199243,29079630281710,29079630315202,29079630315290,29079630764072,29079630764124,16,35.8098,30.1587,0.00224,0.82467,0.33492,0.00088,4.48782
610,1,0,1e+08,29079631657396,29079632218766,29079632218956,29079632377156,29079632454198,29079632454663,29079633047200,29079633047244,16,13.8985,5.6137,0.0019,1.582,0.77042,0.00465,5.92537
611,1,0,1e+08,29079633951929,29079634214309,29079634214337,29079634262949,29079634277733,29079634277769,29079634855009,29079634855194,16,9.03265,2.6238,0.00028,0.48612,0.14784,0.00036,5.7724
612,1,0,1e+08,29079636225769,29079636524634,29079636524666,29079636575782,29079636590470,29079636590498,29079636838986,29079636839014,16,6.13245,2.98865,0.00032,0.51116,0.14688,0.00028,2.48488
613,1,0,1e+08,29079637451596,29079640096891,29079640097371,29079640257498,29079640334745,29079640335195,29079640975748,29079640975808,16,35.2421,26.4529,0.0048,1.60127,0.77247,0.0045,6.40553
614,1,0,1e+08,29079641984303,29079642244123,29079642244155,29079642308435,29079642322539,29079642322575,29079642701863,29079642701911,16,7.17608,2.5982,0.00032,0.6428,0.14104,0.00036,3.79288
615,1,0,1e+08,29079643535223,29079644167004,29079644167224,29079644248851,29079644267219,29079644267307,29079644780639,29079644780675,16,12.4545,6.31781,0.0022,0.81627,0.18368,0.00088,5.13332
616,1,0,1e+08,29079645657538,29079646449663,29079646449755,29079646530015,29079646554820,29079646554912,29079647029595,29079647029635,16,13.721,7.92125,0.00092,0.8026,0.24805,0.00092,4.74683
617,1,0,1e+08,29079647830979,29079648108263,29079648108291,29079648156391,29079648168495,29079648168531,29079648527650,29079648527835,16,6.96856,2.77284,0.00028,0.481,0.12104,0.00036,3.59119
618,1,0,1e+08,29079650170161,29079650732985,29079650733077,29079650787925,29079650800245,29079650800285,29079651102373,29079651102409,16,9.32248,5.62824,0.00092,0.54848,0.1232,0.0004,3.02088
619,1,0,1e+08,29079651796642,29079652039390,29079652039426,29079652088862,29079652104630,29079652104666,29079652375806,29079652375846,16,5.79204,2.42748,0.00036,0.49436,0.15768,0.00036,2.7114
620,1,0,1e+08,29079652961703,29079655493125,29079655493285,29079655551697,29079655567525,29079655567573,29079655937025,29079655937065,16,29.7536,25.3142,0.0016,0.58412,0.15828,0.00048,3.69452
621,1,0,1e+08,29079656562498,29079657446512,29079657446612,29079657527044,29079657561038,29079657561202,29079658007367,29079658007419,16,14.4492,8.84014,0.001,0.80432,0.33994,0.00164,4.46165
622,1,0,1e+08,29079658813421,29079659045201,29079659045245,29079659103749,29079659116317,29079659116361,29079659523397,29079659523441,16,7.1002,2.3178,0.00044,0.58504,0.12568,0.00044,4.07036
623,1,0,1e+08,29079660161243,29079661343835,29079661343939,29079661400919,29079661416771,29079661416811,29079661723955,29079661723999,16,15.6276,11.8259,0.00104,0.5698,0.15852,0.0004,3.07144
624,1,0,1e+08,29079662485692,29079663340944,29079663341036,29079663423268,29079663440242,29079663440302,29079663882919,29079663882959,16,13.9727,8.55252,0.00092,0.82232,0.16974,0.0006,4.42617
625,1,0,1e+08,29079664867083,29079665417551,29079665417746,29079665577057,29079665630902,29079665631107,29079666268718,29079666268782,16,14.017,5.50468,0.00195,1.59311,0.53845,0.00205,6.37611
626,1,0,1e+08,29079667255671,29079667538847,29079667538911,29079667601691,29079667616243,29079667616307,29079668648280,29079668648328,16,13.9266,2.83176,0.00064,0.6278,0.14552,0.00064,10.3197
627,1,0,1e+08,29079669774738,29079670084522,29079670084582,29079670154885,29079670173485,29079670173569,29079671346449,29079671346537,16,15.718,3.09784,0.0006,0.70303,0.186,0.00084,11.7288
628,1,0,1e+08,29079672767031,29079673346066,29079673346256,29079673505135,29079673583144,29079673583599,29079674150756,29079674150800,16,13.8377,5.79035,0.0019,1.58879,0.78009,0.00455,5.67157
629,1,0,1e+08,29079675116262,29079675485561,29079675485649,29079675556333,29079675569849,29079675569909,29079676218513,29079676218601,16,11.0234,3.69299,0.00088,0.70684,0.13516,0.0006,6.48604
630,1,0,1e+08,29079676986077,29079678327307,29079678327787,29079678417838,29079678448098,29079678448190,29079678928536,29079678928572,16,19.4249,13.4123,0.0048,0.90051,0.3026,0.00092,4.80346
631,1,0,1e+08,29079679930659,29079680706245,29079680706435,29079680806649,29079680831328,29079680831420,29079681319960,29079681320016,16,13.8936,7.75586,0.0019,1.00214,0.24679,0.00092,4.8854
632,1,0,1e+08,29079682290421,29079682569976,29079682570156,29079682730902,29079682870130,29079682870585,29079683641495,29079683641543,16,13.5112,2.79555,0.0018,1.60746,1.39228,0.00455,7.7091
633,1,0,1e+08,29079684589692,29079684841138,29079684841182,29079684911566,29079684923470,29079684923510,29079685229454,29079685229502,16,6.3981,2.51446,0.00044,0.70384,0.11904,0.0004,3.05944
634,1,0,1e+08,29079685979711,29079688169223,29079688169331,29079688227387,29079688240883,29079688240927,29079688599100,29079688599148,16,26.1944,21.8951,0.00108,0.58056,0.13496,0.00044,3.58173
635,1,0,1e+08,29079689346671,29079689984041,29079689984241,29079690145441,29079690204869,29079690205064,29079690753709,29079690753765,16,14.0709,6.3737,0.002,1.612,0.59428,0.00195,5.48645
636,1,0,1e+08,29079691581165,29079691835051,29079691835083,29079691896895,29079691917787,29079691917819,29079692221183,29079692221219,16,6.40054,2.53886,0.00032,0.61812,0.20892,0.00032,3.03364
637,1,0,1e+08,29079692928452,29079694491748,29079694491976,29079694647348,29079694662852,29079694662912,29079695108993,29079695109041,16,21.8059,15.633,0.00228,1.55372,0.15504,0.0006,4.46081
638,1,0,1e+08,29079695920665,29079707621526,29079707621634,29079707691102,29079707709018,29079707709106,29079708008641,29079708008665,16,120.88,117.009,0.00108,0.69468,0.17916,0.00088,2.99535
639,1,0,1e+08,29079708688442,29079709469438,29079709469530,29079709589907,29079709608791,29079709608879,29079710112813,29079710112869,16,14.2443,7.80996,0.00092,1.20377,0.18884,0.00088,5.03934
640,1,0,1e+08,29079710958189,29079711244731,29079711244783,29079711300875,29079711314155,29079711314207,29079711717983,29079711718031,16,7.59842,2.86542,0.00052,0.56092,0.1328,0.00052,4.03776
641,1,0,1e+08,29079712453763,29079713471596,29079713471696,29079713539132,29079713554412,29079713554452,29079713954622,29079713954670,16,15.0091,10.1783,0.001,0.67436,0.1528,0.0004,4.0017
642,1,0,1e+08,29079714503727,29079714799524,29079714799616,29079714862009,29079714873105,29079714873145,29079715163833,29079715163873,16,6.60146,2.95797,0.00092,0.62393,0.11096,0.0004,2.90688
643,1,0,1e+08,29079715870577,29079716501614,29079716501710,29079716551958,29079716563478,29079716563518,29079716862538,29079716862578,16,9.92001,6.31037,0.00096,0.50248,0.1152,0.0004,2.9902
644,1,0,1e+08,29079717551160,29079718859386,29079718859510,29079718933582,29079718947126,29079718947166,29079719261046,29079719261078,16,17.0992,13.0823,0.00124,0.74072,0.13544,0.0004,3.1388
645,1,0,1e+08,29079719875541,29079720769178,29079720769270,29079720924497,29079720939660,29079720939724,29079721390678,29079721390730,16,15.1519,8.93637,0.00092,1.55227,0.15163,0.00064,4.50954
646,1,0,1e+08,29079722217893,29079722463455,29079722463507,29079722516459,29079722528387,29079722528435,29079722918811,29079722918859,16,7.00966,2.45562,0.00052,0.52952,0.11928,0.00048,3.90376
647,1,0,1e+08,29079723696536,29079724566776,29079724566928,29079724628768,29079724642792,29079724642844,29079724991860,29079724991900,16,12.9536,8.7024,0.00152,0.6184,0.14024,0.00052,3.49016
648,1,0,1e+08,29079725561673,29079725836905,29079725836965,29079725893609,29079725906569,29079725906629,29079726207577,29079726207605,16,6.45932,2.75232,0.0006,0.56644,0.1296,0.0006,3.00948
649,1,0,1e+08,29079726937828,29079727854923,29079727855031,29079727924683,29079727945791,29079727945831,29079728329855,29079728329915,16,13.9209,9.17095,0.00108,0.69652,0.21108,0.0004,3.84024
650,1,0,1e+08,29079729067444,29079730056186,29079730056250,29079730116278,29079730129766,29079730129830,29079730554834,29079730554866,16,14.8742,9.88742,0.00064,0.60028,0.13488,0.00064,4.25004
651,1,0,1e+08,29079731361211,29079731629567,29079731629603,29079731726764,29079731786599,29079731786784,29079732681462,29079732681522,16,13.2031,2.68356,0.00036,0.97161,0.59835,0.00185,8.94678
652,1,0,1e+08,29079733701095,29079733945023,29079733945051,29079733993303,29079734010819,29079734010847,29079734277447,29079734277483,16,5.76388,2.43928,0.00028,0.48252,0.17516,0.00028,2.666
653,1,0,1e+08,29079734938794,29079736341194,29079736341294,29079736401438,29079736417318,29079736417362,29079736727050,29079736727086,16,17.8829,14.024,0.001,0.60144,0.1588,0.00044,3.09688
654,1,0,1e+08,29079737358188,29079737633577,29079737633617,29079737702257,29079737715277,29079737715325,29079738042609,29079738042645,16,6.84457,2.75389,0.0004,0.6864,0.1302,0.00048,3.27284
655,1,0,1e+08,29079738760080,29079739510008,29079739510132,29079739582932,29079739600932,29079739600992,29079740086929,29079740086981,16,13.269,7.49928,0.00124,0.728,0.18,0.0006,4.85937
656,1,0,1e+08,29079740856638,29079741144111,29079741144151,29079741194479,29079741209319,29079741209359,29079741491767,29079741491803,16,6.35165,2.87473,0.0004,0.50328,0.1484,0.0004,2.82408
657,1,0,1e+08,29079742258799,29079743326034,29079743326206,29079743390110,29079743407722,29079743407786,29079743811339,29079743811387,16,15.5259,10.6723,0.00172,0.63904,0.17612,0.00064,4.03553
658,1,0,1e+08,29079744606723,29079745798288,29079745798512,29079745882314,29079745912086,29079745912178,29079746365612,29079746365648,16,17.5892,11.9156,0.00224,0.83802,0.29772,0.00092,4.53434
659,1,0,1e+08,29079747196763,29079759178014,29079759178134,29079759226626,29079759243014,29079759243062,29079759550106,29079759550166,16,123.534,119.813,0.0012,0.48492,0.16388,0.00048,3.07044
660,1,0,1e+08,29079760202934,29079760604647,29079760604707,29079760678474,29079760697050,29079760697138,29079761464987,29079761465023,16,12.6209,4.01713,0.0006,0.73767,0.18576,0.00088,7.67849
661,1,0,1e+08,29079763007184,29079763388448,29079763388556,29079763436624,29079763449368,29079763449408,29079763732740,29079763732772,16,7.25588,3.81264,0.00108,0.48068,0.12744,0.0004,2.83332
662,1,0,1e+08,29079764426283,29079764791624,29079764791748,29079764864088,29079764875792,29079764875836,29079765193356,29079765193388,16,7.67105,3.65341,0.00124,0.7234,0.11704,0.00044,3.1752
663,1,0,1e+08,29079765911239,29079767687480,29079767687720,29079767771628,29079767804896,29079767804988,29079768261318,29079768261366,16,23.5013,17.7624,0.0024,0.83908,0.33268,0.00092,4.5633
664,1,0,1e+08,29079769152340,29079769539154,29079769539214,29079769604138,29079769618922,29079769618982,29079770009546,29079770009582,16,8.57242,3.86814,0.0006,0.64924,0.14784,0.0006,3.90564
665,1,0,1e+08,29079770739615,29079771248357,29079771248557,29079771407874,29079771490792,29079771491252,29079772128689,29079772128753,16,13.8914,5.08742,0.002,1.59317,0.82918,0.0046,6.37437
666,1,0,1e+08,29079773116590,29079773342418,29079773342458,29079773394782,29079773406446,29079773406486,29079773777006,29079773777050,16,6.6046,2.25828,0.0004,0.52324,0.11664,0.0004,3.7052
667,1,0,1e+08,29079774490884,29079777352075,29079777352555,29079777511923,29079777565361,29079777565546,29079778147444,29079778147500,16,36.5662,28.6119,0.0048,1.59368,0.53438,0.00185,5.81898
668,1,0,1e+08,29079779036028,29079779525160,29079779525390,29079779688481,29079779766536,29079779766996,29079780494496,29079780494544,16,14.5852,4.89132,0.0023,1.63091,0.78055,0.0046,7.275
669,1,0,1e+08,29079781474241,29079781755205,29079781755265,29079781816721,29079781830749,29079781830809,29079783016566,29079783016751,16,15.4251,2.80964,0.0006,0.61456,0.14028,0.0006,11.8576
670,1,0,1e+08,29079784507206,29079784789379,29079784789535,29079784851879,29079784867091,29079784867151,29079785870647,29079785870772,16,13.6357,2.82173,0.00156,0.62344,0.15212,0.0006,10.035
671,1,0,1e+08,29079786657571,29079787415327,29079787415515,29079787490330,29079787506794,29079787506854,29079788056295,29079788056335,16,13.9876,7.57756,0.00188,0.74815,0.16464,0.0006,5.49441
672,1,0,1e+08,29079788641715,29079789426293,29079789426488,29079789518405,29079789542066,29079789542154,29079790032504,29079790032540,16,13.9083,7.84578,0.00195,0.91917,0.23661,0.00088,4.9035
673,1,0,1e+08,29079790993703,29079791296873,29079791296925,29079791368757,29079791385069,29079791385129,29079791925560,29079791925624,16,9.31921,3.0317,0.00052,0.71832,0.16312,0.0006,5.40431
674,1,0,1e+08,29079792889366,29079793683184,29079793683379,29079793795894,29079793825830,29079793825922,29079794324564,29079794324608,16,14.3524,7.93818,0.00195,1.12515,0.29936,0.00092,4.98642
675,1,0,1e+08,29079795560876,29079795965166,29079795965226,29079796055598,29079796074602,29079796074662,29079796662131,29079796662191,16,11.0131,4.0429,0.0006,0.90372,0.19004,0.0006,5.87469
676,1,0,1e+08,29079797598729,29079798499683,29079798500138,29079798664949,29079798708097,29079798708325,29079799231819,29079799231863,16,16.3313,9.00954,0.00455,1.64811,0.43148,0.00228,5.23494
677,1,0,1e+08,29079800122181,29079800382979,29079800383035,29079800443808,29079800462708,29079800462796,29079801189042,29079801189102,16,10.6692,2.60798,0.00056,0.60773,0.189,0.00088,7.26246
678,1,0,1e+08,29079801905945,29079802248567,29079802248623,29079802312203,29079802326319,29079802326375,29079802731479,29079802731515,16,8.2557,3.42622,0.00056,0.6358,0.14116,0.00056,4.05104
679,1,0,1e+08,29079803438386,29079804285531,29079804285996,29079804397555,29079804440026,29079804440250,29079804932872,29079804932924,16,14.9454,8.47145,0.00465,1.11559,0.42471,0.00224,4.92622
680,1,0,1e+08,29079805811069,29079807067234,29079807067470,29079807150108,29079807180552,29079807180644,29079807646878,29079807646918,16,18.3585,12.5617,0.00236,0.82638,0.30444,0.00092,4.66234
681,1,0,1e+08,29079808417533,29079808657778,29079808657826,29079808712838,29079808725190,29079808725242,29079809441351,29079809441411,16,10.2388,2.40245,0.00048,0.55012,0.12352,0.00052,7.16109
682,1,0,1e+08,29079810235895,29079810841351,29079810841551,29079811000833,29079811078182,29079811078652,29079811664045,29079811664089,16,14.2819,6.05456,0.002,1.59282,0.77349,0.0047,5.85393
683,1,0,1e+08,29079812661462,29079813327791,29079813327961,29079813486386,29079813522371,29079813522541,29079814498626,29079814498686,16,18.3722,6.66329,0.0017,1.58425,0.35985,0.0017,9.76085
684,1,0,1e+08,29079815330076,29079816198030,29079816198130,29079816280698,29079816306962,29079816307054,29079816792696,29079816792736,16,14.6266,8.67954,0.001,0.82568,0.26264,0.00092,4.85642
685,1,0,1e+08,29079817752885,29079818559333,29079818559528,29079818683647,29079818740859,29079818741083,29079819240839,29079819240887,16,14.88,8.06448,0.00195,1.24119,0.57212,0.00224,4.99756
686,1,0,1e+08,29079820143146,29079820448804,29079820448860,29079820506024,29079820518824,29079820518880,29079820950525,29079820950557,16,8.07411,3.05658,0.00056,0.57164,0.128,0.00056,4.31645
687,1,0,1e+08,29079821788164,29079822657838,29079822657962,29079822720190,29079822733598,29079822733634,29079823035722,29079823035762,16,12.476,8.69674,0.00124,0.62228,0.13408,0.00036,3.02088
688,1,0,1e+08,29079823722726,29079823982292,29079823982332,29079824037216,29079824049188,29079824049228,29079824379312,29079824379344,16,6.56618,2.59566,0.0004,0.54884,0.11972,0.0004,3.30084
689,1,0,1e+08,29079825111390,29079825864099,29079825864191,29079825919123,29079825931751,29079825931791,29079826209411,29079826209443,16,10.9805,7.52709,0.00092,0.54932,0.12628,0.0004,2.7762
690,1,0,1e+08,29079826942138,29079827273718,29079827273762,29079827330002,29079827342042,29079827342086,29079827646226,29079827646262,16,7.04124,3.3158,0.00044,0.5624,0.1204,0.00044,3.0414
691,1,0,1e+08,29079828666024,29079829660190,29079829660342,29079829738007,29079829754803,29079829754867,29079830148275,29079830148315,16,14.8229,9.94166,0.00152,0.77665,0.16796,0.00064,3.93408
692,1,0,1e+08,29079831105349,29079831930359,29079831930539,29079832104926,29079832138333,29079832138421,29079832807936,29079832807976,16,17.0263,8.2501,0.0018,1.74387,0.33407,0.00088,6.69515
693,1,0,1e+08,29079833429271,29079834220459,29079834220654,29079834317224,29079834350256,29079834350348,29079834834583,29079834834631,16,14.0536,7.91188,0.00195,0.9657,0.33032,0.00092,4.84235
694,1,0,1e+08,29079835857323,29079836779897,29079836780117,29079836857454,29079836873086,29079836873150,29079837287758,29079837287798,16,14.3048,9.22574,0.0022,0.77337,0.15632,0.00064,4.14608
695,1,0,1e+08,29079837994838,29079838346154,29079838346206,29079838403074,29079838417974,29079838418022,29079838754058,29079838754098,16,7.5926,3.51316,0.00052,0.56868,0.149,0.00048,3.36036
696,1,0,1e+08,29079839537518,29079840534938,29079840535002,29079840598950,29079840618914,29079840618978,29079841019526,29079841019562,16,14.8204,9.9742,0.00064,0.63948,0.19964,0.00064,4.00548
697,1,0,1e+08,29079841884778,29079842400259,29079842400709,29079842496647,29079842515027,29079842515115,29079843156020,29079843156104,16,12.7133,5.15481,0.0045,0.95938,0.1838,0.00088,6.40905
698,1,0,1e+08,29079843880473,29079844980847,29079844981019,29079845048179,29079845062559,29079845062619,29079845452291,29079845452323,16,15.7185,11.0037,0.00172,0.6716,0.1438,0.0006,3.89672
699,1,0,1e+08,29079846159010,29079857887121,29079857887217,29079857949373,29079857961129,29079857961177,29079858242337,29079858242373,16,120.834,117.281,0.00096,0.62156,0.11756,0.00048,2.8116
700,1,0,1e+08,29079858974265,29079859315550,29079859315590,29079859374442,29079859387302,29079859387374,29079859746804,29079859746852,16,7.72587,3.41285,0.0004,0.58852,0.1286,0.00072,3.5943
701,1,0,1e+08,29079860504631,29079861074526,29079861074634,29079861143342,29079861155130,29079861155170,29079861436646,29079861436678,16,9.32047,5.69895,0.00108,0.68708,0.11788,0.0004,2.81476
702,1,0,1e+08,29079862099223,29079863191317,29079863191409,29079863251605,29079863265037,29079863265073,29079863555889,29079863555913,16,14.5669,10.9209,0.00092,0.60196,0.13432,0.00036,2.90816
703,1,0,1e+08,29079864305273,29079864609671,29079864609719,29079864665463,29079864677755,29079864677799,29079865018355,29079865018407,16,7.13134,3.04398,0.00048,0.55744,0.12292,0.00044,3.40556
704,1,0,1e+08,29079867023408,29079867281844,29079867281904,29079867344536,29079867358812,29079867358872,29079867996947,29079867996991,16,9.73583,2.58436,0.0006,0.62632,0.14276,0.0006,6.38075
705,1,0,1e+08,29079868766275,29079869591946,29079869592038,29079869673054,29079869698702,29079869698790,29079870160057,29079870160109,16,13.9383,8.25671,0.00092,0.81016,0.25648,0.00088,4.61267
706,1,0,1e+08,29079871037730,29079871657551,29079871657787,29079871738685,29079871759097,29079871759262,29079872443940,29079872443988,16,14.0626,6.19821,0.00236,0.80898,0.20412,0.00165,6.84678
707,1,0,1e+08,29079873148421,29079874486328,29079874486556,29079874632500,29079874648074,29079874648138,29079875098767,29079875098815,16,19.5039,13.3791,0.00228,1.45944,0.15574,0.00064,4.50629
708,1,0,1e+08,29079875911341,29079876209801,29079876209849,29079876274949,29079876289985,29079876290045,29079876755319,29079876755359,16,8.44018,2.9846,0.00048,0.651,0.15036,0.0006,4.65274
709,1,0,1e+08,29079877574462,29079878467453,29079878467549,29079878548384,29079878590204,29079878590468,29079879065746,29079879065794,16,14.9133,8.92991,0.00096,0.80835,0.4182,0.00264,4.75278
710,1,0,1e+08,29079880122303,29079880892827,29079880892997,29079881066777,29079881103072,29079881103242,29079882121579,29079882121611,16,19.9931,7.70524,0.0017,1.7378,0.36295,0.0017,10.1834
711,1,0,1e+08,29079882903849,29079883199437,29079883199485,29079883256245,29079883272509,29079883272561,29079883590181,29079883590225,16,6.86376,2.95588,0.00048,0.5676,0.16264,0.00052,3.1762
712,1,0,1e+08,29079884337225,29079884680425,29079884680469,29079884742057,29079884759253,29079884759293,29079885067785,29079885067817,16,7.30592,3.432,0.00044,0.61588,0.17196,0.0004,3.08492
713,1,0,1e+08,29079885729739,29079886050820,29079886050852,29079886101808,29079886119436,29079886119468,29079886386692,29079886386732,16,6.56993,3.21081,0.00032,0.50956,0.17628,0.00032,2.67224
714,1,0,1e+08,29079887069808,29079890239963,29079890240059,29079890299807,29079890312575,29079890312611,29079890633431,29079890633463,16,35.6365,31.7016,0.00096,0.59748,0.12768,0.00036,3.2082
715,1,0,1e+08,29079891295141,29079892503496,29079892503584,29079892565036,29079892578732,29079892578780,29079892886920,29079892886956,16,15.9181,12.0836,0.00088,0.61452,0.13696,0.00048,3.0814
716,1,0,1e+08,29079893646370,29079894041046,29079894041078,29079894103986,29079894115502,29079894115534,29079894401282,29079894401318,16,7.54948,3.94676,0.00032,0.62908,0.11516,0.00032,2.85748
717,1,0,1e+08,29079895170384,29079896245022,29079896245182,29079896307154,29079896338838,29079896338994,29079896769482,29079896769526,16,15.9914,10.7464,0.0016,0.61972,0.31684,0.00156,4.30488
718,1,0,1e+08,29079897596922,29079898516045,29079898516485,29079898672314,29079898707619,29079898707789,29079899301841,29079899301881,16,17.0496,9.19123,0.0044,1.55829,0.35305,0.0017,5.94052
719,1,0,1e+08,29079900070041,29079901856875,29079901856999,29079901916147,29079901929227,29079901929279,29079902206095,29079902206131,16,21.3609,17.8683,0.00124,0.59148,0.1308,0.00052,2.76816
720,1,0,1e+08,29079903026448,29079904018868,29079904018932,29079904118784,29079904139416,29079904139476,29079904536133,29079904536165,16,15.0972,9.9242,0.00064,0.99852,0.20632,0.0006,3.96657
721,1,0,1e+08,29079905491655,29079906529286,29079906529346,29079906601496,29079906614944,29079906615008,29079907021434,29079907021478,16,15.2982,10.3763,0.0006,0.7215,0.13448,0.00064,4.06426
722,1,0,1e+08,29079907769891,29079908099228,29079908099316,29079908178601,29079908192317,29079908192377,29079909153608,29079909153644,16,13.8375,3.29337,0.00088,0.79285,0.13716,0.0006,9.61231
723,1,0,1e+08,29079909877132,29079910802016,29079910802108,29079910870766,29079910902274,29079910902454,29079911339959,29079911340003,16,14.6287,9.24884,0.00092,0.68658,0.31508,0.0018,4.37505
724,1,0,1e+08,29079912208987,29079912713414,29079912713574,29079912797843,29079912816775,29079912816863,29079913260782,29079913260818,16,10.5183,5.04427,0.0016,0.84269,0.18932,0.00088,4.43919
725,1,0,1e+08,29079914034261,29079914854236,29079914854344,29079914936788,29079915006952,29079915007172,29079915518244,29079915518300,16,14.8404,8.19975,0.00108,0.82444,0.70164,0.0022,5.11072
726,1,0,1e+08,29079916310616,29079917460591,29079917460819,29079917544804,29079917563792,29079917563880,29079918048411,29079918048447,16,17.3783,11.4997,0.00228,0.83985,0.18988,0.00088,4.84531
727,1,0,1e+08,29079918665864,29079918985664,29079918985704,29079919038036,29079919049332,29079919049376,29079919336968,29079919337008,16,6.71144,3.198,0.0004,0.52332,0.11296,0.00044,2.87592
728,1,0,1e+08,29079920048453,29079920878231,29079920878463,29079920959110,29079920980798,29079920980886,29079921447700,29079921447740,16,13.9929,8.29778,0.00232,0.80647,0.21688,0.00088,4.66814
729,1,0,1e+08,29079922241832,29079924495742,29079924495862,29079924565058,29079924579730,29079924579770,29079924887042,29079924887078,16,26.4525,22.5391,0.0012,0.69196,0.14672,0.0004,3.07272
730,1,0,1e+08,29079925521016,29079925815044,29079925815084,29079925868624,29079925881872,29079925881916,29079926172840,29079926172868,16,6.51852,2.94028,0.0004,0.5354,0.13248,0.00044,2.90924
731,1,0,1e+08,29079926947240,29079929038210,29079929038310,29079929101230,29079929115962,29079929115998,29079929423270,29079929423306,16,24.7607,20.9097,0.001,0.6292,0.14732,0.00036,3.07272
732,1,0,1e+08,29079930127861,29079930408837,29079930408869,29079930489921,29079930501265,29079930501309,29079930777521,29079930777549,16,6.49688,2.80976,0.00032,0.81052,0.11344,0.00044,2.76212
733,1,0,1e+08,29079931531834,29079932053583,29079932053683,29079932106975,29079932118319,29079932118355,29079932467168,29079932467224,16,9.3539,5.21749,0.001,0.53292,0.11344,0.00036,3.48813
734,1,0,1e+08,29079933140539,29079934376134,29079934376238,29079934439182,29079934452730,29079934452770,29079934749122,29079934749162,16,16.0862,12.3559,0.00104,0.62944,0.13548,0.0004,2.96352
735,1,0,1e+08,29079935504294,29079935820330,29079935820386,29079935883886,29079935897134,29079935897194,29079936389071,29079936389123,16,8.84829,3.16036,0.00056,0.635,0.13248,0.0006,4.91877
736,1,0,1e+08,29079937149712,29079937960399,29079937960499,29079938042192,29079938060662,29079938060758,29079938538676,29079938538716,16,13.89,8.10687,0.001,0.81693,0.1847,0.00096,4.77918
737,1,0,1e+08,29079939554771,29079940472855,29079940473083,29079940557628,29079940576700,29079940576792,29079941049220,29079941049272,16,14.945,9.18084,0.00228,0.84545,0.19072,0.00092,4.72428
738,1,0,1e+08,29079942178452,29079942830293,29079942830483,29079942989863,29079943070860,29079943071120,29079943598420,29079943598464,16,14.2001,6.51841,0.0019,1.5938,0.80997,0.0026,5.273
739,1,0,1e+08,29079944467604,29079945004773,29079945004963,29079945163564,29079945317865,29079945318320,29079945942028,29079945942084,16,14.7448,5.37169,0.0019,1.58601,1.54301,0.00455,6.23708
740,1,0,1e+08,29079946867086,29079947197591,29079947197679,29079947321690,29079947348408,29079947348496,29079948063831,29079948063871,16,11.9679,3.30505,0.00088,1.24011,0.26718,0.00088,7.15335
741,1,0,1e+08,29079948749137,29079949548857,29079949548969,29079949630757,29079949656745,29079949656837,29079950139354,29079950139402,16,13.9027,7.9972,0.00112,0.81788,0.25988,0.00092,4.82517
742,1,0,1e+08,29079950994076,29079951253082,29079951253130,29079951375315,29079951434780,29079951434975,29079952302288,29079952302340,16,13.0826,2.59006,0.00048,1.22185,0.59465,0.00195,8.67313
743,1,0,1e+08,29079953280112,29079953873137,29079953873289,29079953940177,29079953955546,29079953955610,29079954855285,29079954855373,16,15.7526,5.93025,0.00152,0.66888,0.15369,0.00064,8.99675
744,1,0,1e+08,29079955437129,29079967127312,29079967127440,29079967177308,29079967194224,29079967194264,29079967490012,29079967490036,16,120.529,116.902,0.00128,0.49868,0.16916,0.0004,2.95748
745,1,0,1e+08,29079968144969,29079968544917,29079968544961,29079968602713,29079968616169,29079968616209,29079968888805,29079968888841,16,7.43872,3.99948,0.00044,0.57752,0.13456,0.0004,2.72596
746,1,0,1e+08,29079969693576,29079970128697,29079970128781,29079970185549,29079970202369,29079970202421,29079970510083,29079970510103,16,8.16527,4.35121,0.00084,0.56768,0.1682,0.00052,3.07662
747,1,0,1e+08,29079971209922,29079972497797,29079972498242,29079972588392,29079972603612,29079972603640,29079972877776,29079972877812,16,16.6789,12.8788,0.00445,0.9015,0.1522,0.00028,2.74136
748,1,0,1e+08,29079973510926,29079974756809,29079974756945,29079974827693,29079974842109,29079974842145,29079975127373,29079975127401,16,16.1647,12.4588,0.00136,0.70748,0.14416,0.00036,2.85228
749,1,0,1e+08,29079975923077,29079976336673,29079976336713,29079976413593,29079976425117,29079976425153,29079976718609,29079976718645,16,7.95568,4.13596,0.0004,0.7688,0.11524,0.00036,2.93456
750,1,0,1e+08,29079977608136,29079978639364,29079978639539,29079978795864,29079978830729,29079978830899,29079979571314,29079979571350,16,19.6321,10.3123,0.00175,1.56325,0.34865,0.0017,7.40415
751,1,0,1e+08,29079980254205,29079980576319,29079980576351,29079980627923,29079980638815,29079980638847,29079980951803,29079980951887,16,6.97682,3.22114,0.00032,0.51572,0.10892,0.00032,3.12956
752,1,0,1e+08,29079981598017,29079982484285,29079982484453,29079982555405,29079982571381,29079982571441,29079983056417,29079983056449,16,14.5843,8.86268,0.00168,0.70952,0.15976,0.0006,4.84976
753,1,0,1e+08,29079983606871,29079984018605,29079984018665,29079984080505,29079984094853,29079984094905,29079984568442,29079984568478,16,9.61607,4.11734,0.0006,0.6184,0.14348,0.00052,4.73537
754,1,0,1e+08,29079985255524,29079986064258,29079986064354,29079986145054,29079986174582,29079986174674,29079986650233,29079986650273,16,13.9475,8.08734,0.00096,0.807,0.29528,0.00092,4.75559
755,1,0,1e+08,29079987499971,29079987936948,29079987937104,29079988081385,29079988116820,29079988116985,29079989026350,29079989026406,16,15.2644,4.36977,0.00156,1.44281,0.35435,0.00165,9.09365
756,1,0,1e+08,29079989691674,29079992186072,29079992186300,29079992269176,29079992287728,29079992287824,29079992756793,29079992756833,16,30.6516,24.944,0.00228,0.82876,0.18552,0.00096,4.68969
757,1,0,1e+08,29079993560528,29079993837573,29079993837605,29079993889053,29079993902501,29079993902549,29079994365049,29079994365101,16,8.04573,2.77045,0.00032,0.51448,0.13448,0.00048,4.625
758,1,0,1e+08,29079995063242,29079995880766,29079995880866,29079995968796,29079996002592,29079996002684,29079996509932,29079996509976,16,14.4673,8.17524,0.001,0.8793,0.33796,0.00092,5.07248
759,1,0,1e+08,29079997353219,29079999129512,29079999129660,29079999198748,29079999214300,29079999214360,29079999583796,29079999583840,16,22.3062,17.7629,0.00148,0.69088,0.15552,0.0006,3.69436
760,1,0,1e+08,29080000245964,29080000586792,29080000586852,29080000702373,29080000730822,29080000730870,29080001044022,29080001044050,16,7.98086,3.40828,0.0006,1.15521,0.28449,0.00048,3.13152
761,1,0,1e+08,29080001979856,29080002780860,29080002780952,29080002863336,29080002885672,29080002885760,29080003357079,29080003357127,16,13.7727,8.01004,0.00092,0.82384,0.22336,0.00088,4.71319
762,1,0,1e+08,29080004329916,29080005259247,29080005259495,29080005350638,29080005381102,29080005381190,29080005857081,29080005857121,16,15.2721,9.29331,0.00248,0.91143,0.30464,0.00088,4.75891
763,1,0,1e+08,29080006777109,29080007487958,29080007488148,29080007649001,29080007684361,29080007684453,29080008206296,29080008206352,16,14.2924,7.10849,0.0019,1.60853,0.3536,0.00092,5.21843
764,1,0,1e+08,29080009164364,29080009471621,29080009471713,29080009550468,29080009573476,29080009573636,29080010050834,29080010050878,16,8.86514,3.07257,0.00092,0.78755,0.23008,0.0016,4.77198
765,1,0,1e+08,29080010849834,29080011673113,29080011673209,29080011754096,29080011772372,29080011772464,29080012247975,29080012248023,16,13.9819,8.23279,0.00096,0.80887,0.18276,0.00092,4.75511
766,1,0,1e+08,29080013286740,29080013581582,29080013581646,29080013643874,29080013659398,29080013659462,29080014100886,29080014100930,16,8.1419,2.94842,0.00064,0.62228,0.15524,0.00064,4.41424
767,1,0,1e+08,29080014840297,29080016451180,29080016451655,29080016544731,29080016593651,29080016593875,29080017108645,29080017108701,16,22.684,16.1088,0.00475,0.93076,0.4892,0.00224,5.1477
768,1,0,1e+08,29080017966020,29080018220924,29080018220956,29080018271256,29080018284964,29080018285008,29080018613288,29080018613324,16,6.47304,2.54904,0.00032,0.503,0.13708,0.00044,3.2828
769,1,0,1e+08,29080019490348,29080019875257,29080019875321,29080019939249,29080019964090,29080019964230,29080020327826,29080020327874,16,8.37526,3.84909,0.00064,0.63928,0.24841,0.0014,3.63596
770,1,0,1e+08,29080021045001,29080022257028,29080022257284,29080022342107,29080022387967,29080022388187,29080022906306,29080022906350,16,18.6135,12.1203,0.00256,0.84823,0.4586,0.0022,5.18119
771,1,0,1e+08,29080023847829,29080024128221,29080024128333,29080024184389,29080024198069,29080024198117,29080024566361,29080024566417,16,7.18588,2.80392,0.00112,0.56056,0.1368,0.00048,3.68244
772,1,0,1e+08,29080025174503,29080027330026,29080027330262,29080027394976,29080027418096,29080027418160,29080027855476,29080027855512,16,26.8101,21.5552,0.00236,0.64714,0.2312,0.00064,4.37316
773,1,0,1e+08,29080028733351,29080029551608,29080029551712,29080029637008,29080029658764,29080029658860,29080030142978,29080030143034,16,14.0968,8.18257,0.00104,0.85296,0.21756,0.00096,4.84118
774,1,0,1e+08,29080031015482,29080031312558,29080031312622,29080031383941,29080031402961,29080031403049,29080032087971,29080032088019,16,10.7254,2.97076,0.00064,0.71319,0.1902,0.00088,6.84922
775,1,0,1e+08,29080032769022,29080033087629,29080033087693,29080033151178,29080033167050,29080033167110,29080033778937,29080033779021,16,10.1,3.18607,0.00064,0.63485,0.15872,0.0006,6.11827
776,1,0,1e+08,29080034464107,29080034755347,29080034755395,29080034817115,29080034859867,29080034859951,29080035173988,29080035174024,16,7.09917,2.9124,0.00048,0.6172,0.42752,0.00084,3.14037
777,1,0,1e+08,29080035786992,29080037004689,29080037004841,29080037071981,29080037089313,29080037089353,29080037370841,29080037370873,16,15.8388,12.177,0.00152,0.6714,0.17332,0.0004,2.81488
778,1,0,1e+08,29080037999272,29080038486877,29080038487052,29080038581112,29080038599624,29080038599684,29080039067945,29080039067985,16,10.6871,4.87605,0.00175,0.9406,0.18512,0.0006,4.68261
779,1,0,1e+08,29080040680313,29080041247158,29080041247286,29080041308382,29080041321514,29080041321562,29080041651174,29080041651210,16,9.70897,5.66845,0.00128,0.61096,0.13132,0.00048,3.29612
780,1,0,1e+08,29080042792458,29080043484054,29080043484210,29080043557959,29080043575171,29080043575227,29080043949939,29080043949971,16,11.5751,6.91596,0.00156,0.73749,0.17212,0.00056,3.74712
781,1,0,1e+08,29080045200511,29080045879168,29080045879232,29080045952141,29080045968133,29080045968185,29080046370781,29080046370821,16,11.7031,6.78657,0.00064,0.72909,0.15992,0.00052,4.02596
782,1,0,1e+08,29080047452246,29080048325876,29080048325968,29080048442282,29080048457386,29080048457446,29080048909334,29080048909374,16,14.5713,8.7363,0.00092,1.16314,0.15104,0.0006,4.51888
783,1,0,1e+08,29080049919080,29080050918374,29080050918819,29080051245648,29080051282838,29080051283023,29080052133096,29080052133156,16,22.1408,9.99294,0.00445,3.26829,0.3719,0.00185,8.50073
784,1,0,1e+08,29080053534171,29080054504178,29080054504242,29080054667011,29080054690551,29080054690623,29080055186595,29080055186631,16,16.5246,9.70007,0.00064,1.62769,0.2354,0.00072,4.95972
785,1,0,1e+08,29080056588377,29080057218429,29080057218581,29080057297941,29080057316109,29080057316165,29080057693161,29080057693201,16,11.0482,6.30052,0.00152,0.7936,0.18168,0.00056,3.76996
786,1,0,1e+08,29080058664256,29080059622422,29080059622486,29080059704926,29080059732758,29080059732818,29080060172127,29080060172159,16,15.079,9.58166,0.00064,0.8244,0.27832,0.0006,4.39309
787,1,0,1e+08,29080061060702,29080062063946,29080062064006,29080062131194,29080062147978,29080062148038,29080062581867,29080062581911,16,15.2121,10.0324,0.0006,0.67188,0.16784,0.0006,4.33829
788,1,0,1e+08,29080063838335,29080065015748,29080065015892,29080065099588,29080065117160,29080065117204,29080065455032,29080065455060,16,16.1673,11.7741,0.00144,0.83696,0.17572,0.00044,3.37828
789,1,0,1e+08,29080066416175,29080067275364,29080067275428,29080067361408,29080067382292,29080067382352,29080067795608,29080067795648,16,13.7947,8.59189,0.00064,0.8598,0.20884,0.0006,4.13256
790,1,0,1e+08,29080068546045,29080068908515,29080068908575,29080069001706,29080069036776,29080069036941,29080069546812,29080069546848,16,10.008,3.6247,0.0006,0.93131,0.3507,0.00165,5.09871
791,1,0,1e+08,29080070220732,29080070503268,29080070503308,29080070556956,29080070570300,29080070570360,29080070896012,29080070896048,16,6.75316,2.82536,0.0004,0.53648,0.13344,0.0006,3.25652
792,1,0,1e+08,29080071550248,29080083744219,29080083744327,29080083791115,29080083804051,29080083804095,29080084093659,29080084093683,16,125.434,121.94,0.00108,0.46788,0.12936,0.00044,2.89564
793,1,0,1e+08,29080084767392,29080085192667,29080085192715,29080085245611,29080085262315,29080085262363,29080085557831,29080085557871,16,7.90479,4.25275,0.00048,0.52896,0.16704,0.00048,2.95468
794,1,0,1e+08,29080086247230,29080087163767,29080087163991,29080087244247,29080087293463,29080087293691,29080087809381,29080087809425,16,15.622,9.16537,0.00224,0.80256,0.49216,0.00228,5.1569
795,1,0,1e+08,29080088625700,29080090791274,29080090791418,29080090856466,29080090873050,29080090873098,29080091211318,29080091211354,16,25.8565,21.6557,0.00144,0.65048,0.16584,0.00048,3.3822
796,1,0,1e+08,29080091827266,29080092080463,29080092080507,29080092131775,29080092144763,29080092144803,29080092459087,29080092459119,16,6.31853,2.53197,0.00044,0.51268,0.12988,0.0004,3.14284
797,1,0,1e+08,29080093097944,29080093929154,29080093929250,29080093988714,29080094004542,29080094004578,29080094291986,29080094292022,16,11.9408,8.3121,0.00096,0.59464,0.15828,0.00036,2.87408
798,1,0,1e+08,29080094919101,29080095192135,29080095192171,29080095241747,29080095257339,29080095257375,29080095563415,29080095563447,16,6.44346,2.73034,0.00036,0.49576,0.15592,0.00036,3.0604
799,1,0,1e+08,29080096284598,29080096942215,29080096942303,29080097009519,29080097022275,29080097022307,29080097295207,29080097295239,16,10.1064,6.57617,0.00088,0.67216,0.12756,0.00032,2.729
800,1,0,1e+08,29080097973764,29080098232200,29080098232228,29080098280536,29080098299752,29080098299784,29080098752682,29080098752832,16,7.79068,2.58436,0.00028,0.48308,0.19216,0.00032,4.52898
801,1,0,1e+08,29080100255856,29080101777173,29080101777285,29080101837297,29080101850165,29080101850205,29080102157481,29080102157521,16,19.0166,15.2132,0.00112,0.60012,0.12868,0.0004,3.07276
802,1,0,1e+08,29080102811575,29080103095275,29080103095371,29080103156035,29080103170647,29080103170683,29080103454643,29080103454675,16,6.431,2.837,0.00096,0.60664,0.14612,0.00036,2.8396
803,1,0,1e+08,29080104040333,29080106353919,29080106354015,29080106414963,29080106428499,29080106428539,29080106760967,29080106761011,16,27.2068,23.1359,0.00096,0.60948,0.13536,0.0004,3.32428
804,1,0,1e+08,29080107365340,29080107716538,29080107716578,29080107766266,29080107813542,29080107813646,29080108123842,29080108123874,16,7.58534,3.51198,0.0004,0.49688,0.47276,0.00104,3.10196
805,1,0,1e+08,29080108787322,29080111583898,29080111584134,29080111668567,29080111699331,29080111699423,29080112165241,29080112165289,16,33.7797,27.9658,0.00236,0.84433,0.30764,0.00092,4.65818
806,1,0,1e+08,29080113010872,29080113260018,29080113260074,29080113322302,29080113336346,29080113336418,29080113872878,29080113872938,16,8.62066,2.49146,0.00056,0.62228,0.14044,0.00072,5.3646
807,1,0,1e+08,29080114658271,29080115282188,29080115282383,29080115441378,29080115481218,29080115481398,29080116059954,29080116060010,16,14.0174,6.23917,0.00195,1.58995,0.3984,0.0018,5.78556
808,1,0,1e+08,29080116930596,29080117156600,29080117156628,29080117205728,29080117217276,29080117217308,29080117472492,29080117472524,16,5.41928,2.26004,0.00028,0.491,0.11548,0.00032,2.55184
809,1,0,1e+08,29080118116053,29080121323201,29080121323433,29080121391060,29080121411680,29080121411744,29080121843666,29080121843718,16,37.2767,32.0715,0.00232,0.67627,0.2062,0.00064,4.31922
810,1,0,1e+08,29080122703896,29080122937528,29080122937568,29080122992488,29080123004864,29080123004916,29080123562622,29080123562690,16,8.58794,2.33632,0.0004,0.5492,0.12376,0.00052,5.57706
811,1,0,1e+08,29080124240471,29080125027797,29080125027987,29080125124942,29080125166818,29080125167038,29080125656906,29080125656958,16,14.1649,7.87326,0.0019,0.96955,0.41876,0.0022,4.89868
812,1,0,1e+08,29080126556751,29080127109630,29080127109830,29080127269358,29080127354612,29080127355072,29080127957668,29080127957712,16,14.0096,5.52879,0.002,1.59528,0.85254,0.0046,6.02596
813,1,0,1e+08,29080129033778,29080129256050,29080129256086,29080129303206,29080129316750,29080129316786,29080129617418,29080129617462,16,5.83684,2.22272,0.00036,0.4712,0.13544,0.00036,3.00632
814,1,0,1e+08,29080130291480,29080132163072,29080132163304,29080132286388,29080132300340,29080132300404,29080132742988,29080132743028,16,24.5155,18.7159,0.00232,1.23084,0.13952,0.00064,4.42584
815,1,0,1e+08,29080133490103,29080133735167,29080133735195,29080133790795,29080133803299,29080133803327,29080134076231,29080134076267,16,5.86164,2.45064,0.00028,0.556,0.12504,0.00028,2.72904
816,1,0,1e+08,29080134781042,29080134975226,29080134975258,29080135023606,29080135034410,29080135034442,29080135268926,29080135268954,16,4.87912,1.94184,0.00032,0.48348,0.10804,0.00032,2.34484
817,1,0,1e+08,29080136003295,29080137479990,29080137480098,29080137549238,29080137564458,29080137564498,29080137869330,29080137869362,16,18.6607,14.7669,0.00108,0.6914,0.1522,0.0004,3.04832
818,1,0,1e+08,29080138631935,29080139688766,29080139688830,29080139760423,29080139794495,29080139794667,29080140215324,29080140215360,16,15.8343,10.5683,0.00064,0.71593,0.34072,0.00172,4.20657
819,1,0,1e+08,29080141039914,29080141655092,29080141655287,29080141933649,29080141964768,29080141964872,29080142496355,29080142496411,16,14.565,6.15178,0.00195,2.78362,0.31119,0.00104,5.31483
820,1,0,1e+08,29080143440069,29080144211277,29080144211462,29080144344086,29080144363326,29080144363418,29080144892652,29080144892696,16,14.5263,7.71208,0.00185,1.32624,0.1924,0.00092,5.29234
821,1,0,1e+08,29080145770246,29080147753244,29080147753492,29080147841636,29080147868376,29080147868464,29080148349719,29080148349771,16,25.7952,19.83,0.00248,0.88144,0.2674,0.00088,4.81255
822,1,0,1e+08,29080149180022,29080149439554,29080149439586,29080149491130,29080149503070,29080149503114,29080149819054,29080149819094,16,6.39072,2.59532,0.00032,0.51544,0.1194,0.00044,3.1594
823,1,0,1e+08,29080150590201,29080150845507,29080150845539,29080150896895,29080150908403,29080150908451,29080151198943,29080151198979,16,6.08778,2.55306,0.00032,0.51356,0.11508,0.00048,2.90492
824,1,0,1e+08,29080151807137,29080152838420,29080152838532,29080152900456,29080152914464,29080152914504,29080153214320,29080153214348,16,14.0721,10.3128,0.00112,0.61924,0.14008,0.0004,2.99816
825,1,0,1e+08,29080153866471,29080154139377,29080154139425,29080154274019,29080154333779,29080154333979,29080155144028,29080155144092,16,12.7762,2.72906,0.00048,1.34594,0.5976,0.002,8.10049
826,1,0,1e+08,29080156106892,29080156355648,29080156355680,29080156404288,29080156418288,29080156418324,29080156684368,29080156684400,16,5.77508,2.48756,0.00032,0.48608,0.14,0.00036,2.66044
827,1,0,1e+08,29080157312564,29080158552506,29080158552626,29080158614522,29080158628642,29080158628678,29080158925762,29080158925798,16,16.1323,12.3994,0.0012,0.61896,0.1412,0.00036,2.97084
828,1,0,1e+08,29080159528934,29080159827864,29080159827896,29080159875860,29080159887904,29080159887940,29080160148092,29080160148120,16,6.19186,2.9893,0.00032,0.47964,0.12044,0.00036,2.60152
829,1,0,1e+08,29080160847933,29080163038148,29080163038240,29080163097224,29080163110120,29080163110152,29080163380660,29080163380692,16,25.3276,21.9021,0.00092,0.58984,0.12896,0.00032,2.70508
830,1,0,1e+08,29080164023468,29080164289532,29080164289576,29080164432226,29080164510029,29080164510489,29080165343781,29080165343829,16,13.2036,2.66064,0.00044,1.4265,0.77803,0.0046,8.33292
831,1,0,1e+08,29080166308138,29080166555886,29080166555914,29080166604758,29080166622138,29080166622170,29080166871450,29080166871486,16,5.63348,2.47748,0.00028,0.48844,0.1738,0.00032,2.4928
832,1,0,1e+08,29080167516138,29080179623833,29080179623933,29080179736975,29080179754450,29080179754510,29080180135174,29080180135202,16,126.191,121.077,0.001,1.13042,0.17475,0.0006,3.80664
833,1,0,1e+08,29080180759075,29080181117485,29080181117521,29080181178189,29080181193789,29080181193837,29080181511069,29080181511109,16,7.52034,3.5841,0.00036,0.60668,0.156,0.00048,3.17232
834,1,0,1e+08,29080182247211,29080182953337,29080182953465,29080183011649,29080183025517,29080183025569,29080183350721,29080183350757,16,11.0355,7.06126,0.00128,0.58184,0.13868,0.00052,3.25152
835,1,0,1e+08,29080183937354,29080185380844,29080185381309,29080185542683,29080185582898,29080185583083,29080186197266,29080186197326,16,22.5997,14.4349,0.00465,1.61374,0.40215,0.00185,6.14183
836,1,0,1e+08,29080187103032,29080187896852,29080187897317,29080188058643,29080188135763,29080188136233,29080188755240,29080188755280,16,16.5225,7.9382,0.00465,1.61326,0.7712,0.0047,6.19007
837,1,0,1e+08,29080189630604,29080189866184,29080189866224,29080189915268,29080189926944,29080189926984,29080190271972,29080190272032,16,6.41428,2.3558,0.0004,0.49044,0.11676,0.0004,3.44988
838,1,0,1e+08,29080191026324,29080191340041,29080191340085,29080191395877,29080191408161,29080191408209,29080191730365,29080191730397,16,7.04073,3.13717,0.00044,0.55792,0.12284,0.00048,3.22156
839,1,0,1e+08,29080192567408,29080193879507,29080193879735,29080193963849,29080193994149,29080193994241,29080194465965,29080194466013,16,18.9861,13.121,0.00228,0.84114,0.303,0.00092,4.71724
840,1,0,1e+08,29080195419548,29080195983037,29080195983227,29080196143477,29080196203407,29080196203597,29080196772081,29080196772121,16,13.5257,5.63489,0.0019,1.6025,0.5993,0.0019,5.68484
841,1,0,1e+08,29080197809970,29080198095090,29080198095142,29080198161626,29080198177562,29080198177622,29080198903553,29080198903605,16,10.9363,2.8512,0.00052,0.66484,0.15936,0.0006,7.25931
842,1,0,1e+08,29080199562933,29080200384515,29080200384607,29080200465882,29080200498738,29080200498826,29080200967958,29080200967998,16,14.0506,8.21582,0.00092,0.81275,0.32856,0.00088,4.69132
843,1,0,1e+08,29080201902194,29080202155690,29080202155838,29080202208382,29080202220022,29080202220070,29080202665460,29080202665516,16,7.63322,2.53496,0.00148,0.52544,0.1164,0.00048,4.4539
844,1,0,1e+08,29080203428296,29080204964616,29080204964768,29080205109112,29080205125884,29080205125944,29080205531432,29080205531468,16,21.0317,15.3632,0.00152,1.44344,0.16772,0.0006,4.05488
845,1,0,1e+08,29080206428308,29080207464653,29080207464717,29080207542553,29080207562690,29080207562754,29080207993134,29080207993174,16,15.6487,10.3635,0.00064,0.77836,0.20137,0.00064,4.3038
846,1,0,1e+08,29080208986330,29080209798946,29080209799038,29080209889798,29080209909610,29080209909698,29080210380196,29080210380236,16,13.9391,8.12616,0.00092,0.9076,0.19812,0.00088,4.70498
847,1,0,1e+08,29080211514707,29080212307907,29080212308097,29080212428737,29080212463389,29080212463481,29080212956706,29080212956758,16,14.4205,7.932,0.0019,1.2064,0.34652,0.00092,4.93225
848,1,0,1e+08,29080214139844,29080215010139,29080215010231,29080215104566,29080215124738,29080215124826,29080215610504,29080215610544,16,14.707,8.70295,0.00092,0.94335,0.20172,0.00088,4.85678
849,1,0,1e+08,29080216465029,29080216746565,29080216746609,29080216801485,29080216813477,29080216813525,29080217564136,29080217564224,16,10.992,2.81536,0.00044,0.54876,0.11992,0.00048,7.50611
850,1,0,1e+08,29080218328423,29080219105099,29080219105294,29080219249416,29080219268264,29080219268356,29080219763394,29080219763434,16,14.3501,7.76676,0.00195,1.44122,0.18848,0.00092,4.95038
851,1,0,1e+08,29080220768476,29080221651111,29080221651207,29080221732831,29080221749520,29080221749584,29080222195392,29080222195440,16,14.2696,8.82635,0.00096,0.81624,0.16689,0.00064,4.45808
852,1,0,1e+08,29080223069897,29080223712584,29080223712779,29080223872226,29080223948946,29080223949396,29080224488926,29080224488970,16,14.1907,6.42687,0.00195,1.59447,0.7672,0.0045,5.3953
853,1,0,1e+08,29080225517296,29080226223401,29080226223596,29080226373043,29080226393995,29080226394083,29080226904212,29080226904264,16,13.8697,7.06105,0.00195,1.49447,0.20952,0.00088,5.10129
854,1,0,1e+08,29080228000399,29080228634944,29080228635119,29080228811876,29080228849576,29080228849751,29080229371055,29080229371123,16,13.7072,6.34545,0.00175,1.76757,0.377,0.00175,5.21304
855,1,0,1e+08,29080230202388,29080231129374,29080231129470,29080231219428,29080231278384,29080231278564,29080231728084,29080231728128,16,15.2574,9.26986,0.00096,0.89958,0.58956,0.0018,4.4952
856,1,0,1e+08,29080232779756,29080233124444,29080233124500,29080233208008,29080233225872,29080233225932,29080233652921,29080233652965,16,8.73209,3.44688,0.00056,0.83508,0.17864,0.0006,4.26989
857,1,0,1e+08,29080234659878,29080234979794,29080234979834,29080235048470,29080235061250,29080235061282,29080235403838,29080235403882,16,7.44004,3.19916,0.0004,0.68636,0.1278,0.00032,3.42556
858,1,0,1e+08,29080236520059,29080236854595,29080236854659,29080236931339,29080236954551,29080236954615,29080237973100,29080237973250,16,14.5319,3.34536,0.00064,0.7668,0.23212,0.00064,10.1849
859,1,0,1e+08,29080239340591,29080239674294,29080239674354,29080239737102,29080239751362,29080239751422,29080240716484,29080240716536,16,13.7594,3.33703,0.0006,0.62748,0.1426,0.0006,9.65062
860,1,0,1e+08,29080241518801,29080244923792,29080244924040,29080245018720,29080245045420,29080245045484,29080245496942,29080245496982,16,39.7818,34.0499,0.00248,0.9468,0.267,0.00064,4.51458
861,1,0,1e+08,29080247516893,29080247937872,29080247937924,29080248005596,29080248018528,29080248018572,29080248336664,29080248336700,16,8.19807,4.20979,0.00052,0.67672,0.12932,0.00044,3.18092
862,1,0,1e+08,29080249603290,29080250276310,29080250276374,29080250345542,29080250360686,29080250360742,29080250726674,29080250726706,16,11.2342,6.7302,0.00064,0.69168,0.15144,0.00056,3.65932
863,1,0,1e+08,29080251620648,29080252669588,29080252669744,29080252728776,29080252742288,29080252742352,29080253167220,29080253167264,16,15.4662,10.4894,0.00156,0.59032,0.13512,0.00064,4.24868
864,1,0,1e+08,29080254100450,29080255205468,29080255205644,29080255284765,29080255301045,29080255301109,29080255711126,29080255711166,16,16.1072,11.0502,0.00176,0.79121,0.1628,0.00064,4.10017
865,1,0,1e+08,29080256716366,29080257356809,29080257357009,29080257518023,29080257554190,29080257554335,29080258083521,29080258083577,16,13.6721,6.40443,0.002,1.61014,0.36167,0.00145,5.29186
866,1,0,1e+08,29080258915158,29080259162915,29080259162959,29080259214207,29080259225371,29080259225411,29080259571187,29080259571231,16,6.56073,2.47757,0.00044,0.51248,0.11164,0.0004,3.45776
867,1,0,1e+08,29080260276343,29080260559755,29080260559811,29080260616163,29080260628727,29080260628783,29080260956247,29080260956295,16,6.79952,2.83412,0.00056,0.56352,0.12564,0.00056,3.27464
868,1,0,1e+08,29080261539709,29080262766154,29080262766258,29080262826962,29080262840806,29080262840846,29080263158446,29080263158478,16,16.1877,12.2645,0.00104,0.60704,0.13844,0.0004,3.176
869,1,0,1e+08,29080263905356,29080264878135,29080264878195,29080264942011,29080264960556,29080264960620,29080265382737,29080265382781,16,14.7742,9.72779,0.0006,0.63816,0.18545,0.00064,4.22117
870,1,0,1e+08,29080266276090,29080266807674,29080266807869,29080266966979,29080267043885,29080267044345,29080267658512,29080267658556,16,13.8247,5.31584,0.00195,1.5911,0.76906,0.0046,6.14167
871,1,0,1e+08,29080268649017,29080268955346,29080268955386,29080269006698,29080269022290,29080269022330,29080269331638,29080269331678,16,6.82661,3.06329,0.0004,0.51312,0.15592,0.0004,3.09308
872,1,0,1e+08,29080269894027,29080271166418,29080271166538,29080271229194,29080271243426,29080271243466,29080271599174,29080271599206,16,17.0518,12.7239,0.0012,0.62656,0.14232,0.0004,3.55708
873,1,0,1e+08,29080272189140,29080272493440,29080272493480,29080272543464,29080272559424,29080272559460,29080272840996,29080272841028,16,6.51888,3.043,0.0004,0.49984,0.1596,0.00036,2.81536
874,1,0,1e+08,29080274620047,29080274946351,29080274946387,29080275032639,29080275044919,29080275044955,29080275300455,29080275300479,16,6.80432,3.26304,0.00036,0.86252,0.1228,0.00036,2.555
875,1,0,1e+08,29080275900181,29080276673373,29080276673563,29080276804418,29080276854182,29080276854410,29080277349849,29080277349905,16,14.4972,7.73192,0.0019,1.30855,0.49764,0.00228,4.95439
876,1,0,1e+08,29080278363373,29080279795534,29080279795770,29080279879918,29080279899186,29080279899278,29080280366812,29080280366852,16,20.0348,14.3216,0.00236,0.84148,0.19268,0.00092,4.67534
877,1,0,1e+08,29080281265588,29080281589064,29080281589112,29080281664076,29080281681800,29080281681860,29080282174599,29080282174643,16,9.09055,3.23476,0.00048,0.74964,0.17724,0.0006,4.92739
878,1,0,1e+08,29080282782122,29080283563084,29080283563192,29080283645452,29080283669924,29080283670012,29080284152770,29080284152810,16,13.7069,7.80962,0.00108,0.8226,0.24472,0.00088,4.82758
879,1,0,1e+08,29080284977727,29080285243243,29080285243275,29080285297519,29080285308855,29080285308895,29080285751510,29080285751562,16,7.73835,2.65516,0.00032,0.54244,0.11336,0.0004,4.42615
880,1,0,1e+08,29080286355238,29080288857604,29080288857712,29080288917900,29080288934672,29080288934712,29080289232324,29080289232356,16,28.7712,25.0237,0.00108,0.60188,0.16772,0.0004,2.97612
881,1,0,1e+08,29080289887900,29080290723108,29080290723298,29080290829102,29080290877122,29080290877350,29080291406633,29080291406689,16,15.1879,8.35208,0.0019,1.05804,0.4802,0.00228,5.29283
882,1,0,1e+08,29080292248020,29080292528154,29080292528186,29080292588422,29080292599406,29080292599438,29080292849074,29080292849098,16,6.01078,2.80134,0.00032,0.60236,0.10984,0.00032,2.49636
883,1,0,1e+08,29080293472985,29080295085268,29080295085488,29080295164198,29080295186490,29080295186554,29080295624170,29080295624218,16,21.5123,16.1228,0.0022,0.7871,0.22292,0.00064,4.37616
884,1,0,1e+08,29080296385889,29080307811976,29080307812064,29080307858552,29080307868208,29080307868240,29080308141612,29080308141636,16,117.557,114.261,0.00088,0.46488,0.09656,0.00032,2.73372
885,1,0,1e+08,29080308768718,29080309073764,29080309073804,29080309122900,29080309133808,29080309133844,29080309387504,29080309387536,16,6.18818,3.05046,0.0004,0.49096,0.10908,0.00036,2.5366
886,1,0,1e+08,29080310024199,29080311134305,29080311134785,29080311293038,29080311346371,29080311346556,29080311929258,29080311929310,16,19.0511,11.1011,0.0048,1.58253,0.53333,0.00185,5.82702
887,1,0,1e+08,29080312727745,29080312983623,29080312983651,29080313029879,29080313042795,29080313042827,29080313413781,29080313413946,16,6.86201,2.55878,0.00028,0.46228,0.12916,0.00032,3.70954
888,1,0,1e+08,29080314092385,29080314370557,29080314370597,29080314421413,29080314436981,29080314437021,29080314716945,29080314716973,16,6.24588,2.78172,0.0004,0.50816,0.15568,0.0004,2.79924
889,1,0,1e+08,29080315289345,29080317069133,29080317069413,29080317158640,29080317201524,29080317201756,29080317676502,29080317676550,16,23.872,17.7979,0.0028,0.89227,0.42884,0.00232,4.74746
890,1,0,1e+08,29080318480005,29080318741441,29080318741473,29080318787385,29080318798809,29080318798845,29080319103717,29080319103753,16,6.23748,2.61436,0.00032,0.45912,0.11424,0.00036,3.04872
891,1,0,1e+08,29080319770370,29080320126785,29080320126833,29080320182653,29080320197921,29080320197965,29080320527613,29080320527657,16,7.57287,3.56415,0.00048,0.5582,0.15268,0.00044,3.29648
892,1,0,1e+08,29080321127575,29080322222560,29080322222688,29080322282652,29080322300904,29080322300940,29080322589976,29080322590004,16,14.6243,10.9499,0.00128,0.59964,0.18252,0.00036,2.89036
893,1,0,1e+08,29080323171706,29080323835626,29080323835821,29080323997326,29080324094700,29080324094924,29080324654838,29080324654894,16,14.8319,6.6392,0.00195,1.61505,0.97374,0.00224,5.59914
894,1,0,1e+08,29080325478019,29080325763334,29080325763362,29080325818026,29080325834126,29080325834158,29080326081250,29080326081278,16,6.03259,2.85315,0.00028,0.54664,0.161,0.00032,2.47092
895,1,0,1e+08,29080326846055,29080329252424,29080329252504,29080329310940,29080329327132,29080329327164,29080329596728,29080329596760,16,27.5071,24.0637,0.0008,0.58436,0.16192,0.00032,2.69564
896,1,0,1e+08,29080330316793,29080330889549,29080330889739,29080331050076,29080331127296,29080331127756,29080331711932,29080331711984,16,13.9519,5.72756,0.0019,1.60337,0.7722,0.0046,5.84176
897,1,0,1e+08,29080332660371,29080332887232,29080332887260,29080332934728,29080332948468,29080332948496,29080333186796,29080333186828,16,5.26457,2.26861,0.00028,0.47468,0.1374,0.00028,2.383
898,1,0,1e+08,29080333943855,29080334945605,29080334945685,29080335003185,29080335015937,29080335015969,29080335303241,29080335303265,16,13.5941,10.0175,0.0008,0.575,0.12752,0.00032,2.87272
899,1,0,1e+08,29080335944008,29080336301412,29080336301440,29080336349412,29080336365096,29080336365128,29080336613008,29080336613052,16,6.69044,3.57404,0.00028,0.47972,0.15684,0.00032,2.4788
900,1,0,1e+08,29080338509666,29080338776232,29080338776264,29080338831072,29080338842508,29080338842540,29080339201168,29080339201216,16,6.9155,2.66566,0.00032,0.54808,0.11436,0.00032,3.58628
901,1,0,1e+08,29080339968557,29080342893558,29080342893782,29080342969772,29080342994436,29080342994500,29080343436084,29080343436136,16,34.6758,29.25,0.00224,0.7599,0.24664,0.00064,4.41584
902,1,0,1e+08,29080344321684,29080345118834,29080345119314,29080345225880,29080345259574,29080345259662,29080345755708,29080345755748,16,14.3406,7.9715,0.0048,1.06566,0.33694,0.00088,4.96046
903,1,0,1e+08,29080346601952,29080346857380,29080346857428,29080346912144,29080346924008,29080346924056,29080347787594,29080347787754,16,11.858,2.55428,0.00048,0.54716,0.11864,0.00048,8.63538
904,1,0,1e+08,29080348442521,29080348906021,29080348906073,29080348967077,29080348981045,29080348981105,29080349925550,29080349925622,16,14.831,4.635,0.00052,0.61004,0.13968,0.0006,9.44445
905,1,0,1e+08,29080351033668,29080351269794,29080351269826,29080351318554,29080351328970,29080351329002,29080351602050,29080351602086,16,5.68418,2.36126,0.00032,0.48728,0.10416,0.00032,2.73048
906,1,0,1e+08,29080352242124,29080354390435,29080354390555,29080354449219,29080354463063,29080354463103,29080354764491,29080354764519,16,25.2239,21.4831,0.0012,0.58664,0.13844,0.0004,3.01388
907,1,0,1e+08,29080355409812,29080356019631,29080356019831,29080356180004,29080356257119,29080356257579,29080356796525,29080356796581,16,13.8677,6.09819,0.002,1.60173,0.77115,0.0046,5.38946
908,1,0,1e+08,29080357662670,29080357951272,29080357951316,29080358004512,29080358020808,29080358020856,29080358370760,29080358370796,16,7.08126,2.88602,0.00044,0.53196,0.16296,0.00048,3.49904
909,1,0,1e+08,29080358927885,29080360142640,29080360142764,29080360209284,29080360231064,29080360231112,29080360606148,29080360606192,16,16.7831,12.1476,0.00124,0.6652,0.2178,0.00048,3.75036
910,1,0,1e+08,29080361237858,29080361527070,29080361527118,29080361629042,29080361640330,29080361640370,29080361951306,29080361951342,16,7.13484,2.89212,0.00048,1.01924,0.11288,0.0004,3.10936
911,1,0,1e+08,29080362641572,29080363200177,29080363200297,29080363261413,29080363275961,29080363276005,29080363607261,29080363607297,16,9.65725,5.58605,0.0012,0.61116,0.14548,0.00044,3.31256
912,1,0,1e+08,29080364230848,29080365426432,29080365426600,29080365500393,29080365516081,29080365516141,29080365863609,29080365863637,16,16.3279,11.9558,0.00168,0.73793,0.15688,0.0006,3.47468
913,1,0,1e+08,29080366503838,29080366734878,29080366734914,29080366784690,29080366821554,29080366821650,29080367096534,29080367096578,16,5.9274,2.3104,0.00036,0.49776,0.36864,0.00096,2.74884
914,1,0,1e+08,29080367705994,29080368465218,29080368465310,29080368524746,29080368582278,29080368582370,29080368864226,29080368864250,16,11.5826,7.59224,0.00092,0.59436,0.57532,0.00092,2.81856
915,1,0,1e+08,29080369501652,29080381545595,29080381545695,29080381664618,29080381677494,29080381677518,29080382000466,29080382000554,16,124.989,120.439,0.001,1.18923,0.12876,0.00024,3.22948
916,1,0,1e+08,29080382654219,29080383437172,29080383437372,29080383540062,29080383583830,29080383584058,29080384069227,29080384069267,16,14.1505,7.82953,0.002,1.0269,0.43768,0.00228,4.85169
917,1,0,1e+08,29080384869221,29080385221779,29080385221867,29080385289066,29080385302638,29080385302698,29080385741980,29080385742028,16,8.72807,3.52558,0.00088,0.67199,0.13572,0.0006,4.39282
918,1,0,1e+08,29080386330426,29080387129792,29080387129904,29080387193156,29080387206964,29080387207012,29080387526836,29080387526868,16,11.9644,7.99366,0.00112,0.63252,0.13808,0.00048,3.19824
919,1,0,1e+08,29080388199803,29080389000120,29080389000212,29080389080874,29080389099274,29080389099366,29080389570420,29080389570468,16,13.7067,8.00317,0.00092,0.80662,0.184,0.00092,4.71054
920,1,0,1e+08,29080391192529,29080392239294,29080392239358,29080392298491,29080392323739,29080392323799,29080392725379,29080392725415,16,15.3289,10.4677,0.00064,0.59133,0.25248,0.0006,4.0158
921,1,0,1e+08,29080393616321,29080394364193,29080394364688,29080394525810,29080394567299,29080394567407,29080395093041,29080395093097,16,14.7678,7.47872,0.00495,1.61122,0.41489,0.00108,5.25634
922,1,0,1e+08,29080395887109,29080396153365,29080396153397,29080396204217,29080396215205,29080396215245,29080396508625,29080396508661,16,6.21552,2.66256,0.00032,0.5082,0.10988,0.0004,2.9338
923,1,0,1e+08,29080397136140,29080397382748,29080397382780,29080397441412,29080397452556,29080397452584,29080397762564,29080397762604,16,6.26464,2.46608,0.00032,0.58632,0.11144,0.00028,3.0998
924,1,0,1e+08,29080398402769,29080399671864,29080399671976,29080399740644,29080399755756,29080399755800,29080400092732,29080400092764,16,16.9,12.6909,0.00112,0.68668,0.15112,0.00044,3.36932
925,1,0,1e+08,29080400747706,29080401052778,29080401052822,29080401102886,29080401115710,29080401115750,29080401384370,29080401384410,16,6.36704,3.05072,0.00044,0.50064,0.12824,0.0004,2.6862
926,1,0,1e+08,29080402177033,29080404165629,29080404165753,29080404226985,29080404240677,29080404240717,29080404540269,29080404540301,16,23.6327,19.886,0.00124,0.61232,0.13692,0.0004,2.99552
927,1,0,1e+08,29080405210111,29080406078874,29080406078974,29080406159910,29080406207654,29080406207886,29080406725322,29080406725374,16,15.1526,8.68763,0.001,0.80936,0.47744,0.00232,5.17436
928,1,0,1e+08,29080407565210,29080407837017,29080407837045,29080407885921,29080407902633,29080407902665,29080408170557,29080408170589,16,6.05379,2.71807,0.00028,0.48876,0.16712,0.00032,2.67892
929,1,0,1e+08,29080409839769,29080410139753,29080410139793,29080410194089,29080410211977,29080410212013,29080410479245,29080410479277,16,6.39508,2.99984,0.0004,0.54296,0.17888,0.00036,2.67232
930,1,0,1e+08,29080411400235,29080412214270,29080412214330,29080412277743,29080412297231,29080412297291,29080412686959,29080412686995,16,12.8676,8.14035,0.0006,0.63413,0.19488,0.0006,3.89668
931,1,0,1e+08,29080413620370,29080413893370,29080413893414,29080413945658,29080413960938,29080413960982,29080414248602,29080414248638,16,6.28268,2.73,0.00044,0.52244,0.1528,0.00044,2.8762
932,1,0,1e+08,29080414823538,29080417330475,29080417330579,29080417391523,29080417407319,29080417407367,29080417714143,29080417714175,16,28.9064,25.0694,0.00104,0.60944,0.15796,0.00048,3.06776
933,1,0,1e+08,29080418366429,29080419057087,29080419057287,29080419197001,29080419256037,29080419256265,29080419795595,29080419795651,16,14.2922,6.90658,0.002,1.39714,0.59036,0.00228,5.3933
934,1,0,1e+08,29080420741549,29080421004318,29080421004378,29080421064734,29080421078818,29080421078878,29080421523001,29080421523041,16,7.81492,2.62769,0.0006,0.60356,0.14084,0.0006,4.44123
935,1,0,1e+08,29080422109543,29080424725230,29080424725462,29080424808904,29080424827904,29080424827996,29080425285948,29080425285996,16,31.7645,26.1569,0.00232,0.83442,0.19,0.00092,4.57952
936,1,0,1e+08,29080426205883,29080426436767,29080426436811,29080426497999,29080426513167,29080426513219,29080426972947,29080426972995,16,7.67112,2.30884,0.00044,0.61188,0.15168,0.00052,4.59728
937,1,0,1e+08,29080427635552,29080428414018,29080428414213,29080428525161,29080428554757,29080428554861,29080429047894,29080429047950,16,14.124,7.78466,0.00195,1.10948,0.29596,0.00104,4.93033
938,1,0,1e+08,29080430006075,29080430261347,29080430261391,29080430354688,29080430432083,29080430432533,29080431321884,29080431321932,16,13.1586,2.55272,0.00044,0.93297,0.77395,0.0045,8.89351
939,1,0,1e+08,29080432351450,29080432653101,29080432653133,29080432714761,29080432728625,29080432728665,29080433055977,29080433056033,16,7.04583,3.01651,0.00032,0.61628,0.13864,0.0004,3.27312
940,1,0,1e+08,29080433739187,29080435393111,29080435393351,29080435499894,29080435519658,29080435519746,29080435991955,29080435991995,16,22.5281,16.5392,0.0024,1.06543,0.19764,0.00088,4.72209
941,1,0,1e+08,29080436858634,29080437151092,29080437151128,29080437231492,29080437251092,29080437251144,29080437885610,29080437885666,16,10.2703,2.92458,0.00036,0.80364,0.196,0.00052,6.34466
942,1,0,1e+08,29080438631077,29080439374995,29080439375185,29080439503748,29080439546004,29080439546228,29080440051901,29080440051945,16,14.2087,7.43918,0.0019,1.28563,0.42256,0.00224,5.05673
943,1,0,1e+08,29080440890064,29080441146992,29080441147036,29080441234551,29080441279621,29080441279811,29080442196226,29080442196286,16,13.0622,2.56928,0.00044,0.87515,0.4507,0.0019,9.16415
944,1,0,1e+08,29080443218291,29080445232541,29080445232665,29080445300573,29080445315433,29080445315481,29080445626673,29080445626701,16,24.0841,20.1425,0.00124,0.67908,0.1486,0.00048,3.11192
945,1,0,1e+08,29080446441940,29080446771536,29080446771584,29080446825924,29080446837892,29080446837940,29080447167724,29080447167760,16,7.2582,3.29596,0.00048,0.5434,0.11968,0.00048,3.29784
946,1,0,1e+08,29080447996162,29080448299156,29080448299216,29080448356676,29080448370536,29080448370596,29080448742048,29080448742084,16,7.45922,3.02994,0.0006,0.5746,0.1386,0.0006,3.71452
947,1,0,1e+08,29080449526019,29080451079589,29080451079821,29080451163797,29080451188781,29080451188873,29080451664852,29080451664900,16,21.3888,15.5357,0.00232,0.83976,0.24984,0.00092,4.75979
948,1,0,1e+08,29080452449891,29080452701908,29080452701964,29080452757092,29080452769524,29080452769572,29080453243580,29080453243628,16,7.93737,2.52017,0.00056,0.55128,0.12432,0.00048,4.74008
949,1,0,1e+08,29080453991947,29080454541507,29080454541559,29080454594907,29080454606931,29080454606971,29080454872139,29080454872171,16,8.80224,5.4956,0.00052,0.53348,0.12024,0.0004,2.65168
950,1,0,1e+08,29080455624766,29080456624851,29080456625301,29080456731191,29080456776323,29080456776547,29080457308564,29080457308608,16,16.8384,10.0008,0.0045,1.0589,0.45132,0.00224,5.32017
951,1,0,1e+08,29080458152076,29080460367079,29080460367524,29080460488321,29080460503713,29080460503773,29080460839945,29080460839981,16,26.8791,22.15,0.00445,1.20797,0.15392,0.0006,3.36172
952,1,0,1e+08,29080461465429,29080461778039,29080461778071,29080461827431,29080461840071,29080461840107,29080462102683,29080462102711,16,6.37282,3.1261,0.00032,0.4936,0.1264,0.00036,2.62576
953,1,0,1e+08,29080462861446,29080463203628,29080463203684,29080463260812,29080463273276,29080463273312,29080463551952,29080463551988,16,6.90542,3.42182,0.00056,0.57128,0.12464,0.00036,2.7864
954,1,0,1e+08,29080464172928,29080476542456,29080476542921,29080476700246,29080476777105,29080476777565,29080477371344,29080477371388,16,131.985,123.695,0.00465,1.57325,0.76859,0.0046,5.93779
955,1,0,1e+08,29080478378884,29080479154833,29080479155008,29080479326680,29080479363945,29080479364115,29080479911660,29080479911692,16,15.3281,7.75949,0.00175,1.71672,0.37265,0.0017,5.47545
956,1,0,1e+08,29080480598709,29080481567462,29080481567554,29080481648774,29080481672176,29080481672240,29080482121066,29080482121102,16,15.2239,9.68753,0.00092,0.8122,0.23402,0.00064,4.48826
957,1,0,1e+08,29080482979662,29080483320586,29080483320650,29080483394810,29080483413722,29080483413810,29080483972161,29080483972205,16,9.92543,3.40924,0.00064,0.7416,0.18912,0.00088,5.58351
958,1,0,1e+08,29080484641567,29080485846946,29080485847102,29080485907918,29080485923618,29080485923678,29080486300762,29080486300798,16,16.5923,12.0538,0.00156,0.60816,0.157,0.0006,3.77084
959,1,0,1e+08,29080487138629,29080487928167,29080487928299,29080487985511,29080488001235,29080488001287,29080488343967,29080488344007,16,12.0538,7.89538,0.00132,0.57212,0.15724,0.00052,3.4268
960,1,0,1e+08,29080489101576,29080490096508,29080490096572,29080490161177,29080490189657,29080490189717,29080490606381,29080490606417,16,15.0484,9.94932,0.00064,0.64605,0.2848,0.0006,4.16664
961,1,0,1e+08,29080491471554,29080491749974,29080491750006,29080491813670,29080491825134,29080491825178,29080492153758,29080492153802,16,6.82248,2.7842,0.00032,0.63664,0.11464,0.00044,3.2858
962,1,0,1e+08,29080492914455,29080493890786,29080493891261,29080494050466,29080494086797,29080494086893,29080494603949,29080494603993,16,16.8954,9.76331,0.00475,1.59205,0.36331,0.00096,5.17056
963,1,0,1e+08,29080495383578,29080495651570,29080495651598,29080495701610,29080495715810,29080495715842,29080496007726,29080496007762,16,6.24184,2.67992,0.00028,0.50012,0.142,0.00032,2.91884
964,1,0,1e+08,29080496630559,29080496896537,29080496896569,29080496945453,29080496968625,29080496968709,29080497219257,29080497219285,16,5.88726,2.65978,0.00032,0.48884,0.23172,0.00084,2.50548
965,1,0,1e+08,29080497873025,29080499727502,29080499727734,29080499796333,29080499841121,29080499841281,29080500277898,29080500277942,16,24.0492,18.5448,0.00232,0.68599,0.44788,0.0016,4.36617
966,1,0,1e+08,29080501035590,29080501281083,29080501281115,29080501332455,29080501346243,29080501346271,29080501622379,29080501622407,16,5.86817,2.45493,0.00032,0.5134,0.13788,0.00028,2.76108
967,1,0,1e+08,29080502244753,29080502509331,29080502509363,29080502559575,29080502572671,29080502572707,29080502820787,29080502820819,16,5.76066,2.64578,0.00032,0.50212,0.13096,0.00036,2.4808
968,1,0,1e+08,29080503477986,29080504654031,29080504654119,29080504713683,29080504730943,29080504730971,29080504986695,29080504986719,16,15.0873,11.7605,0.00088,0.59564,0.1726,0.00028,2.55724
969,1,0,1e+08,29080505668475,29080505940528,29080505940560,29080505989092,29080506007592,29080506007620,29080506225424,29080506225452,16,5.56977,2.72053,0.00032,0.48532,0.185,0.00028,2.17804
970,1,0,1e+08,29080506923157,29080509153328,29080509153408,29080509234828,29080509247496,29080509247532,29080509540932,29080509540960,16,26.178,22.3017,0.0008,0.8142,0.12668,0.00036,2.934
971,1,0,1e+08,29080510227926,29080510530578,29080510530606,29080510578486,29080510612150,29080510612234,29080510856498,29080510856526,16,6.286,3.02652,0.00028,0.4788,0.33664,0.00084,2.44264
972,1,0,1e+08,29080511494946,29080513621516,29080513621624,29080513683824,29080513697788,29080513697828,29080514005968,29080514006000,16,25.1105,21.2657,0.00108,0.622,0.13964,0.0004,3.0814
973,1,0,1e+08,29080514648000,29080514917240,29080514917280,29080514966408,29080514981892,29080514981932,29080515280372,29080515280408,16,6.32408,2.6924,0.0004,0.49128,0.15484,0.0004,2.9844
974,1,0,1e+08,29080515955213,29080520159525,29080520159995,29080520256871,29080520299735,29080520299967,29080520824595,29080520824639,16,48.6943,42.0431,0.0047,0.96876,0.42864,0.00232,5.24628
975,1,0,1e+08,29080521628997,29080521870473,29080521870513,29080521919513,29080521934909,29080521934949,29080522322781,29080522322841,16,6.93844,2.41476,0.0004,0.49,0.15396,0.0004,3.87832
976,1,0,1e+08,29080522978977,29080523296087,29080523296131,29080523349239,29080523361159,29080523361203,29080523658375,29080523658407,16,6.7943,3.1711,0.00044,0.53108,0.1192,0.00044,2.97172
977,1,0,1e+08,29080524383299,29080525398505,29080525398633,29080525468445,29080525499045,29080525499157,29080526065567,29080526065619,16,16.8232,10.1521,0.00128,0.69812,0.306,0.00112,5.6641
978,1,0,1e+08,29080526680599,29080527440114,29080527440309,29080527539172,29080527586664,29080527586920,29080528112420,29080528112464,16,14.3186,7.59515,0.00195,0.98863,0.47492,0.00256,5.255
979,1,0,1e+08,29080529069670,29080530184022,29080530184142,29080530253302,29080530266898,29080530266942,29080530615271,29080530615311,16,15.4564,11.1435,0.0012,0.6916,0.13596,0.00044,3.48329
980,1,0,1e+08,29080531259899,29080531565472,29080531565516,29080531617864,29080531643548,29080531643656,29080531987264,29080531987308,16,7.27409,3.05573,0.00044,0.52348,0.25684,0.00108,3.43608
981,1,0,1e+08,29080532686498,29080533277966,29080533278074,29080533342970,29080533363258,29080533363298,29080533677422,29080533677462,16,9.90964,5.91468,0.00108,0.64896,0.20288,0.0004,3.14124
982,1,0,1e+08,29080534253995,29080534514855,29080534514903,29080534571975,29080534585615,29080534585659,29080534876803,29080534876835,16,6.2284,2.6086,0.00048,0.57072,0.1364,0.00044,2.91144
983,1,0,1e+08,29080535603723,29080537094330,29080537094482,29080537210886,29080537225134,29080537225194,29080537637135,29080537637179,16,20.3346,14.9061,0.00152,1.16404,0.14248,0.0006,4.11941
984,1,0,1e+08,29080538475652,29080539092905,29080539093105,29080539310883,29080539347883,29080539348068,29080539888311,29080539888355,16,14.127,6.17253,0.002,2.17778,0.37,0.00185,5.40243
985,1,0,1e+08,29080540728591,29080540971939,29080540971967,29080541027675,29080541039603,29080541039631,29080541956137,29080541956225,16,12.2763,2.43348,0.00028,0.55708,0.11928,0.00028,9.16506
986,1,0,1e+08,29080543219594,29080543452266,29080543452298,29080543504830,29080543516346,29080543516386,29080544066058,29080544066102,16,8.46508,2.32672,0.00032,0.52532,0.11516,0.0004,5.49672
987,1,0,1e+08,29080545664387,29080546019603,29080546019643,29080546073099,29080546084955,29080546084995,29080546381111,29080546381143,16,7.16756,3.55216,0.0004,0.53456,0.11856,0.0004,2.96116
988,1,0,1e+08,29080547059447,29080548134003,29080548134227,29080548214706,29080548239518,29080548239614,29080548695276,29080548695316,16,16.3587,10.7456,0.00224,0.80479,0.24812,0.00096,4.55662
989,1,0,1e+08,29080549534437,29080550696466,29080550696698,29080550778257,29080550820693,29080550820917,29080551294022,29080551294074,16,17.5964,11.6203,0.00232,0.81559,0.42436,0.00224,4.73105
990,1,0,1e+08,29080552174474,29080564204652,29080564205107,29080564317939,29080564359471,29080564359699,29080564856254,29080564856298,16,126.818,120.302,0.00455,1.12832,0.41532,0.00228,4.96555
991,1,0,1e+08,29080565631083,29080565898374,29080565898438,29080565960734,29080565975338,29080565975398,29080567172463,29080567172523,16,15.4144,2.67291,0.00064,0.62296,0.14604,0.0006,11.9706
992,1,0,1e+08,29080567807471,29080568634080,29080568634176,29080568715398,29080568745226,29080568745314,29080569195756,29080569195796,16,13.8833,8.26609,0.00096,0.81222,0.29828,0.00088,4.50442
993,1,0,1e+08,29080570060114,29080570668232,29080570668407,29080570824227,29080570859502,29080570859672,29080571299560,29080571299612,16,12.395,6.08118,0.00175,1.5582,0.35275,0.0017,4.39888
994,1,0,1e+08,29080572063675,29080572410711,29080572410751,29080572465751,29080572483059,29080572483099,29080572842967,29080572842999,16,7.79324,3.47036,0.0004,0.55,0.17308,0.0004,3.59868
995,1,0,1e+08,29080573408025,29080574781234,29080574781354,29080574838938,29080574851334,29080574851382,29080575236442,29080575236494,16,18.2847,13.7321,0.0012,0.57584,0.12396,0.00048,3.8506
996,1,0,1e+08,29080575968002,29080576649340,29080576649540,29080576792906,29080576822494,29080576822590,29080577329209,29080577329253,16,13.6125,6.81338,0.002,1.43366,0.29588,0.00096,5.06619
997,1,0,1e+08,29080578327630,29080578797841,29080578798036,29080578957051,29080579030906,29080579031356,29080579698636,29080579698696,16,13.7107,4.70211,0.00195,1.59015,0.73855,0.0045,6.6728
998,1,0,1e+08,29080580638586,29080580889710,29080580889742,29080580939186,29080580953086,29080580953114,29080581177894,29080581177918,16,5.39332,2.51124,0.00032,0.49444,0.139,0.00028,2.2478
999,1,0,1e+08,29080581969972,29080582867984,29080582868072,29080582927780,29080582942596,29080582942624,29080583443139,29080583443324,16,14.7335,8.98012,0.00088,0.59708,0.14816,0.00028,5.00515
1000,1,0,1e+08,29080584821214,29080585063910,29080585063942,29080585122806,29080585134238,29080585134270,29080585374918,29080585374942,16,5.53728,2.42696,0.00032,0.58864,0.11432,0.00032,2.40648
1001,1,0,1e+08,29080586042823,29080586485840,29080586486040,29080586645193,29080586704726,29080586704926,29080587344648,29080587344712,16,13.0189,4.43017,0.002,1.59153,0.59533,0.002,6.39722
1002,1,0,1e+08,29080588205497,29080590358363,29080590358435,29080590415779,29080590428451,29080590428479,29080590680451,29080590680475,16,24.7498,21.5287,0.00072,0.57344,0.12672,0.00028,2.51972
1003,1,0,1e+08,29080591360247,29080592206542,29080592206732,29080592379311,29080592398991,29080592399079,29080592881268,29080592881316,16,15.2107,8.46295,0.0019,1.72579,0.1968,0.00088,4.82189
1004,1,0,1e+08,29080593650285,29080595220730,29080595220826,29080595280486,29080595296058,29080595296098,29080595618990,29080595619034,16,19.6875,15.7044,0.00096,0.5966,0.15572,0.0004,3.22892
1005,1,0,1e+08,29080596222478,29080596480849,29080596480881,29080596528785,29080596541573,29080596541605,29080596793333,29080596793369,16,5.70891,2.58371,0.00032,0.47904,0.12788,0.00032,2.51728
1006,1,0,1e+08,29080597414107,29080598400629,29080598400713,29080598475605,29080598487505,29080598487537,29080599348190,29080599348258,16,19.3415,9.86522,0.00084,0.74892,0.119,0.00032,8.60653
1007,1,0,1e+08,29080600358582,29080600654794,29080600654826,29080600701910,29080600715122,29080600715154,29080600971470,29080600971498,16,6.12916,2.96212,0.00032,0.47084,0.13212,0.00032,2.56316
1008,1,0,1e+08,29080601622123,29080602424416,29080602424508,29080602506752,29080602548532,29080602548756,29080602998809,29080602998849,16,13.7673,8.02293,0.00092,0.82244,0.4178,0.00224,4.50053
1009,1,0,1e+08,29080603831959,29080604747490,29080604747965,29080604907652,29080604984824,29080604985400,29080605513241,29080605513297,16,16.8134,9.15531,0.00475,1.59687,0.77172,0.00576,5.27841
1010,1,0,1e+08,29080606348259,29080606587701,29080606587729,29080606635265,29080606645533,29080606645561,29080606876001,29080606876025,16,5.27766,2.39442,0.00028,0.47536,0.10268,0.00028,2.3044
1011,1,0,1e+08,29080607527292,29080607785504,29080607785588,29080607834604,29080607849768,29080607849800,29080608100568,29080608100608,16,5.73316,2.58212,0.00084,0.49016,0.15164,0.00032,2.50768
1012,1,0,1e+08,29080609812072,29080610457548,29080610457644,29080610511040,29080610523176,29080610523208,29080610787980,29080610788008,16,9.75936,6.45476,0.00096,0.53396,0.12136,0.00032,2.64772
1013,1,0,1e+08,29080611444869,29080611711514,29080611711546,29080611775386,29080611786306,29080611786338,29080612051470,29080612051502,16,6.06633,2.66645,0.00032,0.6384,0.1092,0.00032,2.65132
1014,1,0,1e+08,29080612726253,29080615064667,29080615064747,29080615142363,29080615154323,29080615154355,29080615430847,29080615430875,16,27.0462,23.3841,0.0008,0.77616,0.1196,0.00032,2.76492
1015,1,0,1e+08,29080616102651,29080616390609,29080616390641,29080616438457,29080616449229,29080616449261,29080616686973,29080616687005,16,5.84354,2.87958,0.00032,0.47816,0.10772,0.00032,2.37712
1016,1,0,1e+08,29080617237375,29080619624661,29080619624817,29080619682129,29080619698857,29080619698901,29080620007625,29080620007657,16,27.7028,23.8729,0.00156,0.57312,0.16728,0.00044,3.08724
1017,1,0,1e+08,29080620660500,29080621507503,29080621507599,29080621590494,29080621634458,29080621634686,29080622103120,29080622103172,16,14.4267,8.47003,0.00096,0.82895,0.43964,0.00228,4.68434
1018,1,0,1e+08,29080622961554,29080624482500,29080624482604,29080624540480,29080624554256,29080624554296,29080624864456,29080624864484,16,19.0293,15.2095,0.00104,0.57876,0.13776,0.0004,3.1016
1019,1,0,1e+08,29080625503927,29080626501780,29080626501844,29080626562292,29080626580956,29080626581020,29080627000052,29080627000100,16,14.9617,9.97853,0.00064,0.60448,0.18664,0.00064,4.19032
1020,1,0,1e+08,29080627907768,29080628728292,29080628728384,29080628836912,29080628856332,29080628856424,29080629313106,29080629313146,16,14.0538,8.20524,0.00092,1.08528,0.1942,0.00092,4.56682
1021,1,0,1e+08,29080630306518,29080631155519,29080631155615,29080631236690,29080631273728,29080631273884,29080631732020,29080631732072,16,14.2555,8.49001,0.00096,0.81075,0.37038,0.00156,4.58136
1022,1,0,1e+08,29080632794630,29080633124514,29080633124610,29080633194842,29080633208378,29080633208422,29080633539602,29080633539634,16,7.45004,3.29884,0.00096,0.70232,0.13536,0.00044,3.3118
1023,1,0,1e+08,29080634140402,29080634387780,29080634387816,29080634436480,29080634447192,29080634447228,29080634783445,29080634783630,16,6.43228,2.47378,0.00036,0.48664,0.10712,0.00036,3.36217
1024,1,0,1e+08,29080636407835,29080638137474,29080638137630,29080638222895,29080638238203,29080638238263,29080638580599,29080638580627,16,21.7279,17.2964,0.00156,0.85265,0.15308,0.0006,3.42336
1025,1,0,1e+08,29080639234962,29080640259160,29080640259228,29080640317740,29080640348404,29080640348568,29080640756197,29080640756245,16,15.2128,10.242,0.00068,0.58512,0.30664,0.00164,4.07629
1026,1,0,1e+08,29080641525762,29080643002693,29080643002785,29080643063649,29080643075837,29080643075869,29080643349637,29080643349665,16,18.239,14.7693,0.00092,0.60864,0.12188,0.00032,2.73768
1027,1,0,1e+08,29080644044191,29080644288423,29080644288459,29080644334439,29080644344419,29080644344455,29080644585335,29080644585371,16,5.4118,2.44232,0.00036,0.4598,0.0998,0.00036,2.4088
1028,1,0,1e+08,29080645203289,29080645842469,29080645842561,29080645899153,29080645912805,29080645912845,29080646204277,29080646204305,16,10.0102,6.3918,0.00092,0.56592,0.13652,0.0004,2.91432
1029,1,0,1e+08,29080646896934,29080659160868,29080659160988,29080659207108,29080659220132,29080659220172,29080659513964,29080659513996,16,126.171,122.639,0.0012,0.4612,0.13024,0.0004,2.93792
1030,1,0,1e+08,29080660080952,29080660746376,29080660746576,29080660906825,29080660960965,29080660961155,29080661535980,29080661536028,16,14.5508,6.65424,0.002,1.60249,0.5414,0.0019,5.74825
1031,1,0,1e+08,29080662417473,29080662684701,29080662684757,29080662742973,29080662755605,29080662755661,29080663100073,29080663100129,16,6.82656,2.67228,0.00056,0.58216,0.12632,0.00056,3.44412
1032,1,0,1e+08,29080663715985,29080665227013,29080665227473,29080665377520,29080665398356,29080665398448,29080665875265,29080665875301,16,21.5932,15.1103,0.0046,1.50047,0.20836,0.00092,4.76817
1033,1,0,1e+08,29080666672313,29080666963165,29080666963213,29080667013097,29080667024321,29080667024369,29080667416541,29080667416601,16,7.44288,2.90852,0.00048,0.49884,0.11224,0.00048,3.92172
1034,1,0,1e+08,29080668150723,29080668445552,29080668445588,29080668516564,29080668531148,29080668531196,29080668856996,29080668857028,16,7.06305,2.94829,0.00036,0.70976,0.14584,0.00048,3.258
1035,1,0,1e+08,29080669484348,29080671112633,29080671112861,29080671192336,29080671217832,29080671217900,29080671653587,29080671653635,16,21.6929,16.2828,0.00228,0.79475,0.25496,0.00068,4.35687
1036,1,0,1e+08,29080672475381,29080672760889,29080672760925,29080672820257,29080672833485,29080672833537,29080673256086,29080673256130,16,7.80749,2.85508,0.00036,0.59332,0.13228,0.00052,4.22549
1037,1,0,1e+08,29080673933444,29080674725123,29080674725215,29080674805611,29080674847419,29080674847647,29080675352895,29080675352947,16,14.195,7.91679,0.00092,0.80396,0.41808,0.00228,5.05248
1038,1,0,1e+08,29080676210936,29080676474122,29080676474174,29080676534442,29080676549570,29080676549622,29080677264522,29080677264570,16,10.5363,2.63186,0.00052,0.60268,0.15128,0.00052,7.149
1039,1,0,1e+08,29080678005047,29080680692013,29080680692249,29080680776127,29080680806527,29080680806615,29080681283298,29080681283350,16,32.783,26.8697,0.00236,0.83878,0.304,0.00088,4.76683
1040,1,0,1e+08,29080682243007,29080682475433,29080682475481,29080682527917,29080682538613,29080682538661,29080683050475,29080683050515,16,8.07508,2.32426,0.00048,0.52436,0.10696,0.00048,5.11814
1041,1,0,1e+08,29080683659460,29080684324651,29080684324846,29080684481180,29080684525864,29080684526092,29080685038363,29080685038419,16,13.7896,6.65191,0.00195,1.56334,0.44684,0.00228,5.12271
1042,1,0,1e+08,29080685847467,29080686122428,29080686122536,29080686175704,29080686189124,29080686189164,29080686661694,29080686661766,16,8.14299,2.74961,0.00108,0.53168,0.1342,0.0004,4.7253
1043,1,0,1e+08,29080687304807,29080688666335,29080688666810,29080688826807,29080688880213,29080688880403,29080689472622,29080689472678,16,21.6787,13.6153,0.00475,1.59997,0.53406,0.0019,5.92219
1044,1,0,1e+08,29080690273776,29080690555030,29080690555058,29080690604286,29080690615370,29080690615410,29080690907890,29080690907922,16,6.34146,2.81254,0.00028,0.49228,0.11084,0.0004,2.9248
1045,1,0,1e+08,29080691585577,29080691887753,29080691887789,29080691935817,29080691946609,29080691946645,29080692635544,29080692635729,16,10.5015,3.02176,0.00036,0.48028,0.10792,0.00036,6.88899
1046,1,0,1e+08,29080693865664,29080696356900,29080696357380,29080696454648,29080696496880,29080696497128,29080697021108,29080697021152,16,31.5549,24.9124,0.0048,0.97268,0.42232,0.00248,5.2398
1047,1,0,1e+08,29080697849013,29080698087681,29080698087713,29080698148377,29080698158981,29080698159013,29080698501874,29080698501934,16,6.52921,2.38668,0.00032,0.60664,0.10604,0.00032,3.42861
1048,1,0,1e+08,29080699134721,29080699373541,29080699373581,29080699424293,29080699435597,29080699435637,29080699718161,29080699718189,16,5.83468,2.3882,0.0004,0.50712,0.11304,0.0004,2.82524
1049,1,0,1e+08,29080700398809,29080702029822,29080702030277,29080702151748,29080702201396,29080702201620,29080702724166,29080702724222,16,23.2541,16.3101,0.00455,1.21471,0.49648,0.00224,5.22546
1050,1,0,1e+08,29080703654587,29080703880759,29080703880787,29080703926587,29080703936295,29080703936327,29080704193471,29080704193499,16,5.38912,2.26172,0.00028,0.458,0.09708,0.00032,2.57144
1051,1,0,1e+08,29080704958942,29080705253776,29080705253808,29080705304272,29080705315412,29080705315444,29080705572244,29080705572276,16,6.13334,2.94834,0.00032,0.50464,0.1114,0.00032,2.568
1052,1,0,1e+08,29080706210948,29080707441934,29080707442038,29080707499558,29080707517786,29080707517826,29080707909158,29080707909198,16,16.9825,12.3099,0.00104,0.5752,0.18228,0.0004,3.91332
1053,1,0,1e+08,29080708468156,29080708882197,29080708882397,29080709042861,29080709078849,29080709079044,29080709913108,29080709913168,16,14.4501,4.14041,0.002,1.60464,0.35988,0.00195,8.34064
1054,1,0,1e+08,29080710854140,29080711099318,29080711099350,29080711151850,29080711163078,29080711163106,29080711397710,29080711397734,16,5.43594,2.45178,0.00032,0.525,0.11228,0.00028,2.34604
1055,1,0,1e+08,29080711987971,29080714705397,29080714705509,29080714783933,29080714797149,29080714797193,29080715129869,29080715129905,16,31.4193,27.1743,0.00112,0.78424,0.13216,0.00044,3.32676
1056,1,0,1e+08,29080715774477,29080716069631,29080716069671,29080716118299,29080716133255,29080716133299,29080716412535,29080716412567,16,6.3809,2.95154,0.0004,0.48628,0.14956,0.00044,2.79236
1057,1,0,1e+08,29080717102371,29080717534054,29080717534166,29080717589698,29080717602222,29080717602266,29080717895294,29080717895330,16,7.92959,4.31683,0.00112,0.55532,0.12524,0.00044,2.93028
1058,1,0,1e+08,29080718632956,29080719999376,29080719999488,29080720064116,29080720077280,29080720077328,29080720376012,29080720376044,16,17.4309,13.6642,0.00112,0.64628,0.13164,0.00048,2.98684
1059,1,0,1e+08,29080721060200,29080721362836,29080721362880,29080721414168,29080721427472,29080721427512,29080721729372,29080721729420,16,6.6922,3.02636,0.00044,0.51288,0.13304,0.0004,3.0186
1060,1,0,1e+08,29080722427004,29080723184418,29080723184566,29080723249470,29080723263310,29080723263362,29080723614422,29080723614450,16,11.8745,7.57414,0.00148,0.64904,0.1384,0.00052,3.5106
1061,1,0,1e+08,29080724192468,29080736217312,29080736217420,29080736264224,29080736277128,29080736277168,29080736548308,29080736548340,16,123.559,120.248,0.00108,0.46804,0.12904,0.0004,2.7114
1062,1,0,1e+08,29080737143470,29080738013117,29080738013209,29080738088024,29080738113500,29080738113564,29080738551346,29080738551386,16,14.0792,8.69647,0.00092,0.74815,0.25476,0.00064,4.37782
1063,1,0,1e+08,29080739445246,29080739835214,29080739835258,29080739915321,29080739950221,29080739950391,29080740351541,29080740351601,16,9.06355,3.89968,0.00044,0.80063,0.349,0.0017,4.0115
1064,1,0,1e+08,29080741041695,29080742464248,29080742464408,29080742533748,29080742550392,29080742550452,29080742952064,29080742952100,16,19.1041,14.2255,0.0016,0.6934,0.16644,0.0006,4.01612
1065,1,0,1e+08,29080743697704,29080744500563,29080744500738,29080744729580,29080744748140,29080744748200,29080745188964,29080745188996,16,14.9129,8.02859,0.00175,2.28842,0.1856,0.0006,4.40764
1066,1,0,1e+08,29080745914512,29080746246297,29080746246409,29080746295161,29080746306653,29080746306681,29080746614477,29080746614505,16,6.99993,3.31785,0.00112,0.48752,0.11492,0.00028,3.07796
1067,1,0,1e+08,29080747264523,29080747564687,29080747564727,29080747616983,29080747628727,29080747628775,29080747912227,29080747912263,16,6.4774,3.00164,0.0004,0.52256,0.11744,0.00048,2.83452
1068,1,0,1e+08,29080748543886,29080749815844,29080749815948,29080749875468,29080749889048,29080749889088,29080750197600,29080750197632,16,16.5375,12.7196,0.00104,0.5952,0.1358,0.0004,3.08512
1069,1,0,1e+08,29080750825075,29080751107757,29080751107805,29080751159817,29080751172801,29080751172845,29080751456561,29080751456597,16,6.31522,2.82682,0.00048,0.52012,0.12984,0.00044,2.83716
1070,1,0,1e+08,29080752098265,29080752888975,29080752889087,29080752975755,29080752989687,29080752989727,29080753280235,29080753280263,16,11.82,7.9071,0.00112,0.86668,0.13932,0.0004,2.90508
1071,1,0,1e+08,29080753949902,29080754208378,29080754208414,29080754257706,29080754270714,29080754270750,29080754535458,29080754535490,16,5.85588,2.58476,0.00036,0.49292,0.13008,0.00036,2.64708
1072,1,0,1e+08,29080755201328,29080756699007,29080756699167,29080756854079,29080756867379,29080756867443,29080757290904,29080757290940,16,20.8961,14.9768,0.0016,1.54912,0.133,0.00064,4.23461
1073,1,0,1e+08,29080758057555,29080758285280,29080758285316,29080758332016,29080758343160,29080758343192,29080758637248,29080758637296,16,5.79741,2.27725,0.00036,0.467,0.11144,0.00032,2.94056
1074,1,0,1e+08,29080759450572,29080759700921,29080759700957,29080759749709,29080759762257,29080759762289,29080760019613,29080760019641,16,5.69069,2.50349,0.00036,0.48752,0.12548,0.00032,2.57324
1075,1,0,1e+08,29080760593987,29080761803122,29080761803210,29080761861238,29080761876058,29080761876090,29080762151570,29080762151606,16,15.5762,12.0914,0.00088,0.58028,0.1482,0.00032,2.7548
1076,1,0,1e+08,29080762797463,29080763138237,29080763138269,29080763187509,29080763200329,29080763200365,29080763466361,29080763466389,16,6.68926,3.40774,0.00032,0.4924,0.1282,0.00036,2.65996
1077,1,0,1e+08,29080764089853,29080767838434,29080767838542,29080767899322,29080767913254,29080767913298,29080768238618,29080768238658,16,41.4881,37.4858,0.00108,0.6078,0.13932,0.00044,3.2532
1078,1,0,1e+08,29080769047655,29080769325576,29080769325616,29080769374896,29080769393280,29080769393316,29080769654828,29080769654856,16,6.07201,2.77921,0.0004,0.4928,0.18384,0.00036,2.61512
1079,1,0,1e+08,29080770388374,29080771064756,29080771064912,29080771121037,29080771136657,29080771136697,29080771443349,29080771443389,16,10.5501,6.76382,0.00156,0.56125,0.1562,0.0004,3.06652
1080,1,0,1e+08,29080772340526,29080773601684,29080773601874,29080773763574,29080773841714,29080773842164,29080774527344,29080774527392,16,21.8687,12.6116,0.0019,1.617,0.7814,0.0045,6.8518
1081,1,0,1e+08,29080775662081,29080776414958,29080776415148,29080776532845,29080776573209,29080776573445,29080777071238,29080777071286,16,14.0921,7.52877,0.0019,1.17697,0.40364,0.00236,4.97793
1082,1,0,1e+08,29080777903252,29080779013333,29080779013803,29080779131807,29080779150415,29080779150507,29080779649832,29080779649876,16,17.4662,11.1008,0.0047,1.18004,0.18608,0.00092,4.99325
1083,1,0,1e+08,29080780492994,29080780775500,29080780775544,29080780827372,29080780843980,29080780844020,29080781283350,29080781283410,16,7.90416,2.82506,0.00044,0.51828,0.16608,0.0004,4.3933
1084,1,0,1e+08,29080782003765,29080782339373,29080782339421,29080782433741,29080782446737,29080782446781,29080782835261,29080782835301,16,8.31536,3.35608,0.00048,0.9432,0.12996,0.00044,3.8848
1085,1,0,1e+08,29080783509726,29080786183386,29080786183861,29080786319004,29080786349092,29080786349184,29080786848633,29080786848689,16,33.3896,26.7366,0.00475,1.35143,0.30088,0.00092,4.99449
1086,1,0,1e+08,29080787670436,29080787988404,29080787988452,29080788039480,29080788052384,29080788052428,29080788467578,29080788467622,16,7.97186,3.17968,0.00048,0.51028,0.12904,0.00044,4.1515
1087,1,0,1e+08,29080789134932,29080789449456,29080789449496,29080789528432,29080789539844,29080789539884,29080789828616,29080789828652,16,6.9372,3.14524,0.0004,0.78936,0.11412,0.0004,2.88732
1088,1,0,1e+08,29080790606049,29080791549017,29080791549157,29080791611053,29080791624393,29080791624437,29080792143320,29080792143360,16,15.3731,9.42968,0.0014,0.61896,0.1334,0.00044,5.18883
1089,1,0,1e+08,29080792756392,29080793023776,29080793023816,29080793073632,29080793084868,29080793084908,29080793420344,29080793420384,16,6.63992,2.67384,0.0004,0.49816,0.11236,0.0004,3.35436
1090,1,0,1e+08,29080794065333,29080794850621,29080794851076,29080795010142,29080795122809,29080795123259,29080795830228,29080795830276,16,17.6494,7.85288,0.00455,1.59066,1.12667,0.0045,7.06969
1091,1,0,1e+08,29080796761461,29080797263170,29080797263266,29080797323670,29080797338822,29080797338866,29080797686214,29080797686258,16,9.24797,5.01709,0.00096,0.60404,0.15152,0.00044,3.47348
1092,1,0,1e+08,29080798427305,29080810317259,29080810317391,29080810367147,29080810383371,29080810383423,29080810822057,29080810822125,16,123.948,118.9,0.00132,0.49756,0.16224,0.00052,4.38634
1093,1,0,1e+08,29080811534294,29080812572370,29080812572434,29080812631910,29080812662678,29080812662838,29080813099795,29080813099839,16,15.6555,10.3808,0.00064,0.59476,0.30768,0.0016,4.36957
1094,1,0,1e+08,29080813882819,29080814217021,29080814217061,29080814268125,29080814283661,29080814283701,29080814672629,29080814672669,16,7.8985,3.34202,0.0004,0.51064,0.15536,0.0004,3.88928
1095,1,0,1e+08,29080815412021,29080816116518,29080816116610,29080816176834,29080816190018,29080816190062,29080816549614,29080816549662,16,11.3764,7.04497,0.00092,0.60224,0.13184,0.00044,3.59552
1096,1,0,1e+08,29080817211275,29080817471541,29080817471573,29080817524577,29080817540157,29080817540193,29080818388841,29080818388913,16,11.7764,2.60266,0.00032,0.53004,0.1558,0.00036,8.48648
1097,1,0,1e+08,29080819534188,29080819806106,29080819806138,29080819856274,29080819866934,29080819866962,29080820158762,29080820158810,16,6.24622,2.71918,0.00032,0.50136,0.1066,0.00028,2.918
1098,1,0,1e+08,29080820827729,29080823662925,29080823663065,29080823728349,29080823743697,29080823743753,29080824102769,29080824102805,16,32.7508,28.352,0.0014,0.65284,0.15348,0.00056,3.59016
1099,1,0,1e+08,29080824687066,29080824978274,29080824978314,29080825031502,29080825044178,29080825044214,29080825382818,29080825382854,16,6.95788,2.91208,0.0004,0.53188,0.12676,0.00036,3.38604
1100,1,0,1e+08,29080826036836,29080826803754,29080826803882,29080826868842,29080826882850,29080826882898,29080827218686,29080827218718,16,11.8188,7.66918,0.00128,0.6496,0.14008,0.00048,3.35788
1101,1,0,1e+08,29080827888214,29080828702804,29080828702896,29080828784516,29080828828096,29080828828320,29080829344102,29080829344158,16,14.5594,8.1459,0.00092,0.8162,0.4358,0.00224,5.15782
1102,1,0,1e+08,29080830242821,29080830490558,29080830490598,29080830540814,29080830554706,29080830554750,29080831031736,29080831031784,16,7.88963,2.47737,0.0004,0.50216,0.13892,0.00044,4.76986
1103,1,0,1e+08,29080831679302,29080834138823,29080834138923,29080834217647,29080834230887,29080834230931,29080834534535,29080834534571,16,28.5527,24.5952,0.001,0.78724,0.1324,0.00044,3.03604
1104,1,0,1e+08,29080835179817,29080835977998,29080835978094,29080836059346,29080836083639,29080836083703,29080836524875,29080836524915,16,13.451,7.98181,0.00096,0.81252,0.24293,0.00064,4.41172
1105,1,0,1e+08,29080837415114,29080837816371,29080837816463,29080837897754,29080837916592,29080837916684,29080838419332,29080838419384,16,10.0427,4.01257,0.00092,0.81291,0.18838,0.00092,5.02648
1106,1,0,1e+08,29080839013387,29080840308984,29080840309212,29080840392856,29080840437144,29080840437384,29080840950327,29080840950371,16,19.3698,12.956,0.00228,0.83644,0.44288,0.0024,5.12943
1107,1,0,1e+08,29080841860009,29080842202545,29080842202720,29080842359423,29080842394641,29080842394806,29080843363590,29080843363634,16,15.0362,3.42536,0.00175,1.56703,0.35218,0.00165,9.68784
1108,1,0,1e+08,29080844200828,29080844461904,29080844461940,29080844508912,29080844521624,29080844521664,29080844816972,29080844817012,16,6.16184,2.61076,0.00036,0.46972,0.12712,0.0004,2.95308
1109,1,0,1e+08,29080845449244,29080845748432,29080845748476,29080845823500,29080845836532,29080845836580,29080846228148,29080846228192,16,7.78948,2.99188,0.00044,0.75024,0.13032,0.00048,3.91568
1110,1,0,1e+08,29080846940787,29080850207237,29080850207393,29080850271173,29080850285385,29080850285449,29080850707764,29080850707800,16,37.6701,32.6645,0.00156,0.6378,0.14212,0.00064,4.22315
1111,1,0,1e+08,29080851504704,29080851771128,29080851771208,29080851818372,29080851828960,29080851829004,29080852174072,29080852174112,16,6.69408,2.66424,0.0008,0.47164,0.10588,0.00044,3.45068
1112,1,0,1e+08,29080852824078,29080853118026,29080853118070,29080853169994,29080853181490,29080853181530,29080853478190,29080853478218,16,6.5414,2.93948,0.00044,0.51924,0.11496,0.0004,2.9666
1113,1,0,1e+08,29080854137186,29080855362280,29080855362372,29080855428392,29080855445044,29080855445076,29080855770088,29080855770128,16,16.3294,12.2509,0.00092,0.6602,0.16652,0.00032,3.25012
1114,1,0,1e+08,29080856371330,29080856653750,29080856653782,29080856704130,29080856715430,29080856715462,29080856969882,29080856969906,16,5.98576,2.8242,0.00032,0.50348,0.113,0.00032,2.5442
