frame,ready,disjoint,freq,begin_ts,blt_ts,range_ts,charts_ts,gauge_ts,map_ts,hud_ts,end_ts,read_latency,span_ms,vp_ms,range_ms,charts_ms,gauge_ms,map_ms,hud_ms
0,1,0,1e+08,29062741891513,29062744148855,29062744149127,29062744363852,29062744382204,29062744645948,29062744910208,29062744910232,16,30.1872,22.5734,0.00272,2.14725,0.18352,2.63744,2.6426
1,1,0,1e+08,29062746483907,29062748830545,29062748830749,29062748930365,29062748945649,29062749321790,29062749673511,29062749673567,16,31.8966,23.4664,0.00204,0.99616,0.15284,3.76141,3.51721
2,1,0,1e+08,29062751064751,29062753465641,29062753465793,29062753524917,29062753537637,29062754324631,29062754848056,29062754848100,16,37.8335,24.0089,0.00152,0.59124,0.1272,7.86994,5.23425
3,1,0,1e+08,29062756279346,29062758274989,29062758275157,29062758421137,29062758437469,29062758832717,29062759136538,29062759136570,16,28.5722,19.9564,0.00168,1.4598,0.16332,3.95248,3.03821
4,1,0,1e+08,29062760307626,29062762674521,29062762674697,29062762766553,29062762782241,29062763155990,29062763496710,29062763496738,16,31.8911,23.669,0.00176,0.91856,0.15688,3.73749,3.4072
5,1,0,1e+08,29062764758296,29062767475403,29062767475691,29062767573162,29062767596274,29062768112036,29062768454644,29062768454684,16,36.9639,27.1711,0.00288,0.97471,0.23112,5.15762,3.42608
6,1,0,1e+08,29062769884677,29062772440680,29062772441210,29062772613458,29062772651578,29062773597450,29062774039138,29062774039206,16,41.5453,25.56,0.0053,1.72248,0.3812,9.45872,4.41688
7,1,0,1e+08,29062775074635,29062777630421,29062777630709,29062777770191,29062777830623,29062778297048,29062778686625,29062778686661,16,36.1203,25.5579,0.00288,1.39482,0.60432,4.66425,3.89577
8,1,0,1e+08,29062779733014,29062780584974,29062780585070,29062780676046,29062780706790,29062781197620,29062781542688,29062781542724,16,18.0971,8.5196,0.00096,0.90976,0.30744,4.9083,3.45068
9,1,0,1e+08,29062782785512,29062783600773,29062783600869,29062783692550,29062783738610,29062784159158,29062784515302,29062784515342,16,17.2983,8.15261,0.00096,0.91681,0.4606,4.20548,3.56144
10,1,0,1e+08,29062785673527,29062786955444,29062786955760,29062787050234,29062787069894,29062787501447,29062787850891,29062787850927,16,21.774,12.8192,0.00316,0.94474,0.1966,4.31553,3.49444
11,1,0,1e+08,29062789122862,29062789720252,29062789720300,29062789832386,29062789860153,29062790154149,29062790558697,29062790558737,16,14.3588,5.9739,0.00048,1.12086,0.27767,2.93996,4.04548
12,1,0,1e+08,29062791837040,29062792191535,29062792191595,29062792256631,29062792271143,29062792609551,29062792920701,29062792920725,16,10.8369,3.54495,0.0006,0.65036,0.14512,3.38408,3.1115
13,1,0,1e+08,29062794081548,29062794478437,29062794478525,29062794562281,29062794574309,29062795054025,29062795480294,29062795480338,16,13.9879,3.96889,0.00088,0.83756,0.12028,4.79716,4.26269
14,1,0,1e+08,29062796622645,29062797328380,29062797328575,29062797490416,29062797524288,29062798134514,29062798526842,29062798526870,16,19.0422,7.05735,0.00195,1.61841,0.33872,6.10226,3.92328
15,1,0,1e+08,29062799666001,29062800077344,29062800077388,29062800136408,29062800148852,29062800523864,29062800930124,29062800930280,16,12.6428,4.11343,0.00044,0.5902,0.12444,3.75012,4.0626
16,1,0,1e+08,29062801968330,29062802289800,29062802289844,29062802347524,29062802359952,29062802716353,29062803041977,29062803042009,16,10.7368,3.2147,0.00044,0.5768,0.12428,3.56401,3.25624
17,1,0,1e+08,29062804165883,29062804830304,29062804830494,29062805089340,29062805147056,29062805611364,29062806006356,29062806006396,16,18.4051,6.64421,0.0019,2.58846,0.57716,4.64308,3.94992
18,1,0,1e+08,29062807315863,29062808178250,29062808178342,29062808342376,29062808363532,29062808766652,29062809112252,29062809112280,16,17.9642,8.62387,0.00092,1.64034,0.21156,4.0312,3.456
19,1,0,1e+08,29062810188915,29062810975283,29062810975375,29062811068086,29062811098882,29062811733512,29062812064860,29062812064896,16,18.7598,7.86368,0.00092,0.92711,0.30796,6.3463,3.31348
20,1,0,1e+08,29062813393597,29062814170183,29062814170279,29062814261538,29062814292154,29062814811141,29062815172981,29062815173009,16,17.7941,7.76586,0.00096,0.91259,0.30616,5.18987,3.6184
21,1,0,1e+08,29062816304420,29062816730349,29062816730437,29062816867294,29062816903809,29062817380735,29062817704611,29062817704647,16,14.0023,4.25929,0.00088,1.36857,0.36515,4.76926,3.23876
22,1,0,1e+08,29062818809649,29062819238699,29062819238751,29062819299039,29062819313419,29062819596863,29062820405976,29062820406048,16,15.964,4.2905,0.00052,0.60288,0.1438,2.83444,8.09113
23,1,0,1e+08,29062822364486,29062823162690,29062823162734,29062823215966,29062823227398,29062823514054,29062823823730,29062823823766,16,14.5928,7.98204,0.00044,0.53232,0.11432,2.86656,3.09676
24,1,0,1e+08,29062825009836,29062825812267,29062825812363,29062825908133,29062825931505,29062826364075,29062826709491,29062826709523,16,16.9969,8.02431,0.00096,0.9577,0.23372,4.3257,3.45416
25,1,0,1e+08,29062827975015,29062828379669,29062828379761,29062828488940,29062828525465,29062829194874,29062829653529,29062829653569,16,16.7855,4.04654,0.00092,1.09179,0.36525,6.69409,4.58655
26,1,0,1e+08,29062830849749,29062831669518,29062831669626,29062831865285,29062831885741,29062832299975,29062832648563,29062832648599,16,17.9885,8.19769,0.00108,1.95659,0.20456,4.14234,3.48588
27,1,0,1e+08,29062833943938,29062834824429,29062834824525,29062834996966,29062835014490,29062835430610,29062835768270,29062835768302,16,18.2436,8.80491,0.00096,1.72441,0.17524,4.1612,3.3766
28,1,0,1e+08,29062837360135,29062838108108,29062838108196,29062838217205,29062838232853,29062838822345,29062839233062,29062839233106,16,18.7297,7.47973,0.00088,1.09009,0.15648,5.89492,4.10717
29,1,0,1e+08,29062840871035,29062841244899,29062841244959,29062841331468,29062841346256,29062841734650,29062842239781,29062842239837,16,13.688,3.73864,0.0006,0.86509,0.14788,3.88394,5.05131
30,1,0,1e+08,29062843662110,29062844549034,29062844549126,29062844704140,29062844721988,29062845139058,29062845473618,29062845473650,16,18.1154,8.86924,0.00092,1.55014,0.17848,4.1707,3.3456
31,1,0,1e+08,29062846712977,29062847768229,29062847768321,29062847977150,29062847995182,29062848405546,29062848729854,29062848729894,16,20.1692,10.5525,0.00092,2.08829,0.18032,4.10364,3.24308
32,1,0,1e+08,29062850215465,29062851331202,29062851331362,29062851432307,29062851448791,29062851801948,29062852129364,29062852129392,16,19.1393,11.1574,0.0016,1.00945,0.16484,3.53157,3.27416
33,1,0,1e+08,29062853860079,29062854847882,29062854847946,29062855028823,29062855044591,29062855396328,29062855718436,29062855718476,16,18.584,9.87803,0.00064,1.80877,0.15768,3.51737,3.22108
34,1,0,1e+08,29062858444100,29062858733960,29062858733992,29062858803996,29062858823140,29062859113132,29062860130628,29062860130778,16,16.8668,2.8986,0.00032,0.70004,0.19144,2.89992,10.175
35,1,0,1e+08,29062862644405,29062863298733,29062863298805,29062863368654,29062863383194,29062863713490,29062864009582,29062864009618,16,13.6521,6.54328,0.00072,0.69849,0.1454,3.30296,2.96092
36,1,0,1e+08,29062867075816,29062867807989,29062867808164,29062868025141,29062868063617,29062869117301,29062869544230,29062869544274,16,24.6846,7.32173,0.00175,2.16977,0.38476,10.5368,4.26929
37,1,0,1e+08,29062870931883,29062872147912,29062872148004,29062872310958,29062872325782,29062872742054,29062873079670,29062873079710,16,21.4783,12.1603,0.00092,1.62954,0.14824,4.16272,3.37616
38,1,0,1e+08,29062874592735,29062875343757,29062875343817,29062875511357,29062875562941,29062875882917,29062876191449,29062876191477,16,15.9874,7.51022,0.0006,1.6754,0.51584,3.19976,3.08532
39,1,0,1e+08,29062877415246,29062878077470,29062878077530,29062878177599,29062878199399,29062879193206,29062879640414,29062879640462,16,22.2522,6.62224,0.0006,1.00069,0.218,9.93807,4.47208
40,1,0,1e+08,29062881618117,29062882628030,29062882628086,29062882734430,29062882750730,29062883177086,29062883954556,29062883954588,16,23.3647,10.0991,0.00056,1.06344,0.163,4.26356,7.7747
41,1,0,1e+08,29062885487716,29062885942481,29062885942573,29062886033915,29062886053459,29062886890177,29062887380077,29062887380141,16,18.9243,4.54765,0.00092,0.91342,0.19544,8.36718,4.899
42,1,0,1e+08,29062888692310,29062889712964,29062889713028,29062889786413,29062889802885,29062890206301,29062890542405,29062890542437,16,18.5013,10.2065,0.00064,0.73385,0.16472,4.03416,3.36104
43,1,0,1e+08,29062891863817,29062892957076,29062892957164,29062893062537,29062893081797,29062893557235,29062893911303,29062893911347,16,20.4753,10.9326,0.00088,1.05373,0.1926,4.75438,3.54068
44,1,0,1e+08,29062895163954,29062896027640,29062896027736,29062896121676,29062896142996,29062896568351,29062896911327,29062896911359,16,17.4741,8.63686,0.00096,0.9394,0.2132,4.25355,3.42976
45,1,0,1e+08,29062898372023,29062899041638,29062899041702,29062899140914,29062899163522,29062899830432,29062900320945,29062900320989,16,19.4897,6.69615,0.00064,0.99212,0.22608,6.6691,4.90513
46,1,0,1e+08,29062901420815,29062902465030,29062902465094,29062902587035,29062902604587,29062902963584,29062903281332,29062903281364,16,18.6055,10.4422,0.00064,1.21941,0.17552,3.58997,3.17748
47,1,0,1e+08,29062904548717,29062905501154,29062905501218,29062905666046,29062905683558,29062906046270,29062906365710,29062906365750,16,18.1703,9.52437,0.00064,1.64828,0.17512,3.62712,3.1944
48,1,0,1e+08,29062907549314,29062908019598,29062908019788,29062908198446,29062908288766,29062908969575,29062909347647,29062909347683,16,17.9837,4.70284,0.0019,1.78658,0.9032,6.80809,3.78072
49,1,0,1e+08,29062910597198,29062911374036,29062911374226,29062911861802,29062911893342,29062912433800,29062912819884,29062912819924,16,22.2273,7.76838,0.0019,4.87576,0.3154,5.40458,3.86084
50,1,0,1e+08,29062914068405,29062915080964,29062915081056,29062915307646,29062915324022,29062915734466,29062916068282,29062916068310,16,19.9991,10.1256,0.00092,2.2659,0.16376,4.10444,3.33816
51,1,0,1e+08,29062917192359,29062918163616,29062918163680,29062918297096,29062918315692,29062918708773,29062919014929,29062919014965,16,18.2261,9.71257,0.00064,1.33416,0.18596,3.93081,3.06156
52,1,0,1e+08,29062920216656,29062920694357,29062920694417,29062920765845,29062920784677,29062921560165,29062921902490,29062921902522,16,16.8587,4.77701,0.0006,0.71428,0.18832,7.75488,3.42325
53,1,0,1e+08,29062923002732,29062923824003,29062923824095,29062923917609,29062923937441,29062924365074,29062924733074,29062924733114,16,17.3038,8.21271,0.00092,0.93514,0.19832,4.27633,3.68
54,1,0,1e+08,29062925855155,29062926325862,29062926325922,29062926468666,29062926505311,29062926911241,29062927271861,29062927271893,16,14.1674,4.70707,0.0006,1.42744,0.36645,4.0593,3.6062
55,1,0,1e+08,29062928315857,29062929369632,29062929369696,29062929451372,29062929469452,29062929868416,29062930195608,29062930195644,16,18.7979,10.5378,0.00064,0.81676,0.1808,3.98964,3.27192
56,1,0,1e+08,29062931323190,29062932148853,29062932148941,29062932246391,29062932263652,29062932728505,29062933093005,29062933093041,16,17.6985,8.25663,0.00088,0.9745,0.17261,4.64853,3.645
57,1,0,1e+08,29062934151806,29062935162114,29062935162178,29062935327390,29062935344334,29062935706334,29062936004350,29062936004382,16,18.5258,10.1031,0.00064,1.65212,0.16944,3.62,2.98016
58,1,0,1e+08,29062937156035,29062937450727,29062937450771,29062937504423,29062937515283,29062937772371,29062938104975,29062938105003,16,9.48968,2.94692,0.00044,0.53652,0.1086,2.57088,3.32604
59,1,0,1e+08,29062939092868,29062939363548,29062939363588,29062939416592,29062939427856,29062939658816,29062939931420,29062939931456,16,8.38588,2.7068,0.0004,0.53004,0.11264,2.3096,2.72604
60,1,0,1e+08,29062940931371,29062941841557,29062941841789,29062941954758,29062941970166,29062942362555,29062942691303,29062942691335,16,17.5996,9.10186,0.00232,1.12969,0.15408,3.92389,3.28748
61,1,0,1e+08,29062944399015,29062944921060,29062944921124,29062945100440,29062945113840,29062945416096,29062945717344,29062945717376,16,13.1836,5.22045,0.00064,1.79316,0.134,3.02256,3.01248
62,1,0,1e+08,29062946815265,29062947090726,29062947090774,29062947148698,29062947160986,29062947444970,29062947762134,29062947762166,16,9.46901,2.75461,0.00048,0.57924,0.12288,2.83984,3.17164
63,1,0,1e+08,29062948717183,29062949248897,29062949249087,29062949427164,29062949488633,29062950031880,29062950419488,29062950419528,16,17.0235,5.31714,0.0019,1.78077,0.61469,5.43247,3.87608
64,1,0,1e+08,29062951578901,29062952354567,29062952354767,29062952452552,29062952474492,29062952930402,29062953293002,29062953293034,16,17.1413,7.75666,0.002,0.97785,0.2194,4.5591,3.626
65,1,0,1e+08,29062955185080,29062955604810,29062955604866,29062955674390,29062955691174,29062955979622,29062956261174,29062956261202,16,10.7612,4.1973,0.00056,0.69524,0.16784,2.88448,2.81552
66,1,0,1e+08,29062957723967,29062957972799,29062957972843,29062958038491,29062958052587,29062958329059,29062958618371,29062958618399,16,8.94432,2.48832,0.00044,0.65648,0.14096,2.76472,2.89312
67,1,0,1e+08,29062959613237,29062960390007,29062960390103,29062960518219,29062960538855,29062960974989,29062961329509,29062961329545,16,17.1631,7.7677,0.00096,1.28116,0.20636,4.36134,3.5452
68,1,0,1e+08,29062962441300,29062962724805,29062962724857,29062962781285,29062962793681,29062963113053,29062963449821,29062963449853,16,10.0855,2.83505,0.00052,0.56428,0.12396,3.19372,3.36768
69,1,0,1e+08,29062964366668,29062964619008,29062964619044,29062964669936,29062964683280,29062964943912,29062965228224,29062965228268,16,8.616,2.5234,0.00036,0.50892,0.13344,2.60632,2.84312
70,1,0,1e+08,29062966173321,29062966459322,29062966459358,29062966511310,29062966526342,29062966858855,29062967322825,29062967322869,16,11.4955,2.86001,0.00036,0.51952,0.15032,3.32513,4.6397
71,1,0,1e+08,29062968438478,29062968719682,29062968719722,29062968772190,29062968783602,29062969066926,29062969362506,29062969362546,16,9.24068,2.81204,0.0004,0.52468,0.11412,2.83324,2.9558
72,1,0,1e+08,29062970319564,29062972658636,29062972659221,29062972838828,29062972886252,29062973471508,29062973839640,29062973839672,16,35.2011,23.3907,0.00585,1.79607,0.47424,5.85256,3.68132
73,1,0,1e+08,29062974866882,29062975240916,29062975240976,29062975306208,29062975319940,29062975688288,29062976158672,29062976158716,16,12.9183,3.74034,0.0006,0.65232,0.13732,3.68348,4.70384
74,1,0,1e+08,29062977186894,29062977477544,29062977477592,29062977533432,29062977545076,29062977848520,29062978146624,29062978146652,16,9.59758,2.9065,0.00048,0.5584,0.11644,3.03444,2.98104
75,1,0,1e+08,29062979048300,29062979404459,29062979404503,29062979460643,29062979472651,29062979736559,29062980008407,29062980008443,16,9.60143,3.56159,0.00044,0.5614,0.12008,2.63908,2.71848
76,1,0,1e+08,29062981126494,29062981383003,29062981383051,29062981440359,29062981455227,29062981718839,29062981999099,29062981999131,16,8.72637,2.56509,0.00048,0.57308,0.14868,2.63612,2.8026
77,1,0,1e+08,29062983007877,29062983374785,29062983374933,29062983440185,29062983455025,29062983723945,29062984091058,29062984091098,16,10.8322,3.66908,0.00148,0.65252,0.1484,2.6892,3.67113
78,1,0,1e+08,29062984959854,29062985230211,29062985230247,29062985282435,29062985294139,29062985569091,29062985851943,29062985851971,16,8.92117,2.70357,0.00036,0.52188,0.11704,2.74952,2.82852
79,1,0,1e+08,29062986799406,29062987680215,29062987680527,29062987826848,29062987846752,29062988271679,29062988632435,29062988632539,16,18.3313,8.80809,0.00312,1.46321,0.19904,4.24927,3.60756
80,1,0,1e+08,29062989667036,29062990399681,29062990399876,29062990526582,29062990561157,29062991113178,29062991467398,29062991467426,16,18.0039,7.32645,0.00195,1.26706,0.34575,5.52021,3.5422
81,1,0,1e+08,29062992639400,29062993209578,29062993209778,29062993392280,29062993467697,29062993974223,29062994362147,29062994362183,16,17.2278,5.70178,0.002,1.82502,0.75417,5.06526,3.87924
82,1,0,1e+08,29062995763612,29062996469731,29062996469791,29062996555763,29062996571627,29062996906063,29062997202451,29062997202479,16,14.3887,7.06119,0.0006,0.85972,0.15864,3.34436,2.96388
83,1,0,1e+08,29062998161888,29062998468728,29062998468784,29062998539928,29062998555008,29062998879676,29062999214960,29062999215004,16,10.5312,3.0684,0.00056,0.71144,0.1508,3.24668,3.35284
84,1,0,1e+08,29063000349317,29063000714790,29063000714850,29063000828331,29063000850631,29063001744693,29063002262414,29063002262454,16,19.1314,3.65473,0.0006,1.13481,0.223,8.94062,5.17721
85,1,0,1e+08,29063003741609,29063004534448,29063004534633,29063004717965,29063004743129,29063005205464,29063005573140,29063005573180,16,18.3157,7.92839,0.00185,1.83332,0.25164,4.62335,3.67676
86,1,0,1e+08,29063006789701,29063007092313,29063007092361,29063007158577,29063007176429,29063007657889,29063007981501,29063007981533,16,11.9183,3.02612,0.00048,0.66216,0.17852,4.8146,3.23612
87,1,0,1e+08,29063008997741,29063009286745,29063009286793,29063009371697,29063009424549,29063009676261,29063009979481,29063009979517,16,9.81776,2.89004,0.00048,0.84904,0.52852,2.51712,3.0322
88,1,0,1e+08,29063012194258,29063012482568,29063012482600,29063012546544,29063012563632,29063012774420,29063013073224,29063013073256,16,8.78998,2.8831,0.00032,0.63944,0.17088,2.10788,2.98804
89,1,0,1e+08,29063014273287,29063015182684,29063015182776,29063015268194,29063015288142,29063015701683,29063016043995,29063016044035,16,17.7075,9.09397,0.00092,0.85418,0.19948,4.13541,3.42312
90,1,0,1e+08,29063017249623,29063017574487,29063017574579,29063017665135,29063017681037,29063017978553,29063018280921,29063018280949,16,10.3133,3.24864,0.00092,0.90556,0.15902,2.97516,3.02368
91,1,0,1e+08,29063019474121,29063020315012,29063020315108,29063020411703,29063020436087,29063020881493,29063021225977,29063021226017,16,17.519,8.40891,0.00096,0.96595,0.24384,4.45406,3.44484
92,1,0,1e+08,29063022313264,29063022589157,29063022589209,29063022650225,29063022662873,29063022972221,29063023371610,29063023371642,16,10.5838,2.75893,0.00052,0.61016,0.12648,3.09348,3.99389
93,1,0,1e+08,29063024471939,29063025033949,29063025034149,29063025213237,29063025267901,29063025833185,29063026222285,29063026222325,16,17.5039,5.6201,0.002,1.79088,0.54664,5.65284,3.891
94,1,0,1e+08,29063027411129,29063028198249,29063028198439,29063028341019,29063028375435,29063028873012,29063029242568,29063029242600,16,18.3147,7.8712,0.0019,1.4258,0.34416,4.97577,3.69556
95,1,0,1e+08,29063030324226,29063030642386,29063030642554,29063030704526,29063030717258,29063031100610,29063031497342,29063031497382,16,11.7316,3.1816,0.00168,0.61972,0.12732,3.83352,3.96732
96,1,0,1e+08,29063032841738,29063033337505,29063033337700,29063033516793,29063033572837,29063034297895,29063034659179,29063034659223,16,18.1748,4.95767,0.00195,1.79093,0.56044,7.25058,3.61284
97,1,0,1e+08,29063035705640,29063035968348,29063035968396,29063036025524,29063036037892,29063036323220,29063036624776,29063036624816,16,9.19176,2.62708,0.00048,0.57128,0.12368,2.85328,3.01556
98,1,0,1e+08,29063037671929,29063038061523,29063038061587,29063038117195,29063038133947,29063038425199,29063038728311,29063038728339,16,10.5641,3.89594,0.00064,0.55608,0.16752,2.91252,3.03112
99,1,0,1e+08,29063039685653,29063040081428,29063040081628,29063040260789,29063040307384,29063041070177,29063041454153,29063041454193,16,17.6854,3.95775,0.002,1.79161,0.46595,7.62793,3.83976
100,1,0,1e+08,29063042525072,29063042803308,29063042803360,29063042861696,29063042874132,29063043691001,29063044185128,29063044185168,16,16.601,2.78236,0.00052,0.58336,0.12436,8.16869,4.94127
101,1,0,1e+08,29063045395277,29063046184417,29063046184612,29063046350960,29063046370460,29063046829476,29063047199924,29063047199964,16,18.0469,7.8914,0.00195,1.66348,0.195,4.59016,3.70448
102,1,0,1e+08,29063048200455,29063048468087,29063048468131,29063048524019,29063048536295,29063048869159,29063049208423,29063049208459,16,10.08,2.67632,0.00044,0.55888,0.12276,3.32864,3.39264
103,1,0,1e+08,29063050151258,29063050408903,29063050408943,29063050464883,29063050477159,29063050769923,29063051113915,29063051113951,16,9.62693,2.57645,0.0004,0.5594,0.12276,2.92764,3.43992
104,1,0,1e+08,29063052159242,29063052400102,29063052400138,29063052461346,29063052474066,29063052796275,29063053239728,29063053239764,16,10.8052,2.4086,0.00036,0.61208,0.1272,3.22209,4.43453
105,1,0,1e+08,29063054581808,29063055416889,29063055417084,29063055538116,29063055572096,29063056085440,29063056456224,29063056456260,16,18.7445,8.35081,0.00195,1.21032,0.3398,5.13344,3.70784
106,1,0,1e+08,29063057735195,29063058077744,29063058077808,29063058143056,29063058157156,29063058457032,29063058817924,29063058817968,16,10.8277,3.42549,0.00064,0.65248,0.141,2.99876,3.60892
107,1,0,1e+08,29063059859888,29063060119904,29063060119944,29063060182920,29063060197372,29063060532640,29063060832428,29063060832460,16,9.72572,2.60016,0.0004,0.62976,0.14452,3.35268,2.99788
108,1,0,1e+08,29063061980784,29063062261138,29063062261174,29063062314162,29063062325474,29063062560834,29063062833802,29063062833830,16,8.53046,2.80354,0.00036,0.52988,0.11312,2.3536,2.72968
109,1,0,1e+08,29063063939328,29063065628217,29063065628321,29063065694053,29063065708829,29063065960353,29063066247213,29063066247245,16,23.0792,16.8889,0.00104,0.65732,0.14776,2.51524,2.8686
110,1,0,1e+08,29063067598626,29063068423567,29063068423659,29063068519487,29063068550851,29063069067054,29063069414278,29063069414306,16,18.1568,8.24941,0.00092,0.95828,0.31364,5.16203,3.47224
111,1,0,1e+08,29063070760124,29063071653328,29063071653503,29063071867498,29063071905538,29063072222978,29063072557599,29063072557659,16,17.9754,8.93204,0.00175,2.13995,0.3804,3.1744,3.34621
112,1,0,1e+08,29063073643143,29063073967943,29063073968047,29063074021027,29063074032271,29063074271711,29063074642862,29063074642894,16,9.99751,3.248,0.00104,0.5298,0.11244,2.3944,3.71151
113,1,0,1e+08,29063075844218,29063076152683,29063076152727,29063076206903,29063076218579,29063076529603,29063076822331,29063076822367,16,9.78149,3.08465,0.00044,0.54176,0.11676,3.11024,2.92728
114,1,0,1e+08,29063077856686,29063078149590,29063078149638,29063078205138,29063078265366,29063079088392,29063079588675,29063079588715,16,17.3203,2.92904,0.00048,0.555,0.60228,8.23026,5.00283
115,1,0,1e+08,29063080862886,29063081247637,29063081247693,29063081304901,29063081316749,29063081689089,29063082042549,29063082042589,16,11.797,3.84751,0.00056,0.57208,0.11848,3.7234,3.5346
116,1,0,1e+08,29063083026727,29063083309095,29063083309139,29063083368507,29063083381423,29063083673375,29063084052742,29063084052770,16,10.2604,2.82368,0.00044,0.59368,0.12916,2.91952,3.79367
117,1,0,1e+08,29063085085866,29063085345766,29063085345830,29063085403718,29063085415226,29063085668514,29063085943326,29063085943362,16,8.57496,2.599,0.00064,0.57888,0.11508,2.53288,2.74812
118,1,0,1e+08,29063087035116,29063087359784,29063087359836,29063087419612,29063087431744,29063087690516,29063087943520,29063087943548,16,9.08432,3.24668,0.00052,0.59776,0.12132,2.58772,2.53004
119,1,0,1e+08,29063089153876,29063089449468,29063089449516,29063089506540,29063089518672,29063089781552,29063090154556,29063090154612,16,10.0074,2.95592,0.00048,0.57024,0.12132,2.6288,3.73004
120,1,0,1e+08,29063091119422,29063091373118,29063091373182,29063091442346,29063091459586,29063091831472,29063092222460,29063092222492,16,11.0307,2.53696,0.00064,0.69164,0.1724,3.71886,3.90988
121,1,0,1e+08,29063093242732,29063093578005,29063093578069,29063093676769,29063093740205,29063093998501,29063094294589,29063094294625,16,10.5189,3.35273,0.00064,0.987,0.63436,2.58296,2.96088
122,1,0,1e+08,29063095427145,29063095666913,29063095666949,29063095716009,29063095726965,29063095964861,29063096231221,29063096231249,16,8.04104,2.39768,0.00036,0.4906,0.10956,2.37896,2.6636
123,1,0,1e+08,29063097309214,29063097577268,29063097577304,29063097629548,29063097640696,29063098347080,29063098907562,29063098907614,16,15.984,2.68054,0.00036,0.52244,0.11148,7.06384,5.60482
124,1,0,1e+08,29063100182788,29063100905319,29063100905519,29063101032742,29063101066442,29063101524072,29063101890780,29063101890812,16,17.0802,7.22531,0.002,1.27223,0.337,4.5763,3.66708
125,1,0,1e+08,29063103153325,29063104171114,29063104171178,29063104289106,29063104306066,29063104667994,29063104986894,29063104986930,16,18.3361,10.1779,0.00064,1.17928,0.1696,3.61928,3.189
126,1,0,1e+08,29063106634715,29063107400481,29063107400681,29063107533324,29063107573444,29063108065490,29063108456010,29063108456042,16,18.2133,7.65766,0.002,1.32643,0.4012,4.92046,3.9052
127,1,0,1e+08,29063109671624,29063110420166,29063110420356,29063110646100,29063110665941,29063111084925,29063111448529,29063111448569,16,17.7694,7.48542,0.0019,2.25744,0.19841,4.18984,3.63604
128,1,0,1e+08,29063112711023,29063113504492,29063113504584,29063113710422,29063113735846,29063114194684,29063114531388,29063114531420,16,18.204,7.93469,0.00092,2.05838,0.25424,4.58838,3.36704
129,1,0,1e+08,29063115651873,29063116099096,29063116099144,29063116162392,29063116176552,29063116464328,29063117414857,29063117414945,16,17.6307,4.47223,0.00048,0.63248,0.1416,2.87776,9.50529
130,1,0,1e+08,29063118904791,29063119186363,29063119186423,29063119257075,29063119272527,29063119664867,29063120073089,29063120073121,16,11.6833,2.81572,0.0006,0.70652,0.15452,3.9234,4.08222
131,1,0,1e+08,29063121076692,29063121973666,29063121973758,29063122129845,29063122147437,29063122548707,29063122893639,29063122893675,16,18.1698,8.96974,0.00092,1.56087,0.17592,4.0127,3.44932
132,1,0,1e+08,29063123894278,29063124640234,29063124640429,29063124801952,29063124846468,29063125370315,29063125722663,29063125722695,16,18.2842,7.45956,0.00195,1.61523,0.44516,5.23847,3.52348
133,1,0,1e+08,29063126855115,29063127091141,29063127091185,29063127146637,29063127158721,29063127448969,29063127837789,29063127837833,16,9.82718,2.36026,0.00044,0.55452,0.12084,2.90248,3.8882
134,1,0,1e+08,29063128699349,29063129033283,29063129033483,29063129213627,29063129275024,29063130036498,29063130460638,29063130460670,16,17.6132,3.33934,0.002,1.80144,0.61397,7.61474,4.2414
135,1,0,1e+08,29063131631040,29063131900232,29063131900280,29063131956664,29063131968664,29063132889652,29063133354005,29063133354057,16,17.2302,2.69192,0.00048,0.56384,0.12,9.20988,4.64353
136,1,0,1e+08,29063134523349,29063135114335,29063135114535,29063135292697,29063135352937,29063135898708,29063136292652,29063136292684,16,17.6933,5.90986,0.002,1.78162,0.6024,5.45771,3.93944
137,1,0,1e+08,29063137332341,29063137588761,29063137588801,29063137641893,29063137653229,29063137954173,29063138299237,29063138299281,16,9.6694,2.5642,0.0004,0.53092,0.11336,3.00944,3.45064
138,1,0,1e+08,29063139320714,29063139837461,29063139837651,29063140016008,29063140063494,29063140677402,29063141059438,29063141059470,16,17.3876,5.16747,0.0019,1.78357,0.47486,6.13908,3.82036
139,1,0,1e+08,29063142153768,29063142405502,29063142405550,29063142463738,29063142476054,29063142736146,29063143093702,29063143093758,16,9.3999,2.51734,0.00048,0.58188,0.12316,2.60092,3.57556
140,1,0,1e+08,29063144073876,29063144862500,29063144862700,29063144959602,29063144980516,29063145432361,29063145795677,29063145795709,16,17.2183,7.88624,0.002,0.96902,0.20914,4.51845,3.63316
141,1,0,1e+08,29063146895813,29063147161278,29063147161310,29063147213886,29063147229158,29063147468846,29063147740926,29063147740962,16,8.45149,2.65465,0.00032,0.52576,0.15272,2.39688,2.7208
142,1,0,1e+08,29063148784873,29063149007209,29063149007245,29063149057613,29063149068701,29063149260965,29063149546336,29063149546486,16,7.61613,2.22336,0.00036,0.50368,0.11088,1.92264,2.85371
143,1,0,1e+08,29063151632681,29063151874483,29063151874519,29063151927207,29063151941831,29063152183423,29063152544762,29063152544986,16,9.12305,2.41802,0.00036,0.52688,0.14624,2.41592,3.61339
144,1,0,1e+08,29063153646863,29063155307134,29063155307294,29063155402478,29063155416202,29063156197940,29063156768056,29063156768100,16,31.2124,16.6027,0.0016,0.95184,0.13724,7.81738,5.70116
145,1,0,1e+08,29063158113513,29063158422753,29063158422797,29063158494289,29063158512265,29063159045692,29063159350440,29063159350476,16,12.3696,3.0924,0.00044,0.71492,0.17976,5.33427,3.04748
146,1,0,1e+08,29063160448415,29063160734683,29063160734739,29063160795027,29063160807187,29063161120807,29063161420967,29063161420995,16,9.7258,2.86268,0.00056,0.60288,0.1216,3.1362,3.0016
147,1,0,1e+08,29063162571907,29063163384115,29063163384305,29063163480340,29063163503712,29063164051480,29063164413872,29063164413912,16,18.42,8.12208,0.0019,0.96035,0.23372,5.47768,3.62392
148,1,0,1e+08,29063165634428,29063166253944,29063166254144,29063166432360,29063166474183,29063167067663,29063167417563,29063167417595,16,17.8317,6.19516,0.002,1.78216,0.41823,5.9348,3.499
149,1,0,1e+08,29063168788552,29063169278759,29063169278823,29063169348819,29063169363503,29063170050255,29063170742923,29063170742983,16,19.5443,4.90207,0.00064,0.69996,0.14684,6.86752,6.92668
150,1,0,1e+08,29063172120967,29063173095572,29063173095742,29063173372108,29063173459058,29063174010536,29063174304656,29063174304680,16,21.8371,9.74605,0.0017,2.76366,0.8695,5.51478,2.9412
151,1,0,1e+08,29063175385762,29063176219410,29063176219502,29063176306240,29063176339244,29063176782101,29063177115373,29063177115413,16,17.2965,8.33648,0.00092,0.86738,0.33004,4.42857,3.33272
152,1,0,1e+08,29063178415293,29063179216785,29063179216881,29063179317133,29063179350781,29063179789143,29063180136387,29063180136419,16,17.2113,8.01492,0.00096,1.00252,0.33648,4.38362,3.47244
153,1,0,1e+08,29063181312269,29063182262837,29063182262929,29063182345274,29063182435534,29063182826059,29063183147287,29063183147327,16,18.3506,9.50568,0.00092,0.82345,0.9026,3.90525,3.21228
154,1,0,1e+08,29063184262084,29063185246358,29063185246422,29063185411566,29063185428666,29063185786122,29063186092674,29063186092702,16,18.3062,9.84274,0.00064,1.65144,0.171,3.57456,3.06552
155,1,0,1e+08,29063187162678,29063187444663,29063187444715,29063187502935,29063187515239,29063187816659,29063188155203,29063188155247,16,9.92569,2.81985,0.00052,0.5822,0.12304,3.0142,3.38544
156,1,0,1e+08,29063189310135,29063189563197,29063189563229,29063189618113,29063189640969,29063190033626,29063190337322,29063190337350,16,10.2721,2.53062,0.00032,0.54884,0.22856,3.92657,3.03696
157,1,0,1e+08,29063191349494,29063192350353,29063192350417,29063192484150,29063192498182,29063192862402,29063193197446,29063193197478,16,18.4798,10.0086,0.00064,1.33733,0.14032,3.6422,3.35044
158,1,0,1e+08,29063194257954,29063195261375,29063195261439,29063195401208,29063195417628,29063195775017,29063196085841,29063196085869,16,18.2792,10.0342,0.00064,1.39769,0.1642,3.57389,3.10824
159,1,0,1e+08,29063197137357,29063197387382,29063197387426,29063197514340,29063197553645,29063198397984,29063198827478,29063198827522,16,16.9017,2.50025,0.00044,1.26914,0.39305,8.44339,4.29494
160,1,0,1e+08,29063199938941,29063200179897,29063200179945,29063200235321,29063200247473,29063200523141,29063200905701,29063200905737,16,9.66796,2.40956,0.00048,0.55376,0.12152,2.75668,3.8256
161,1,0,1e+08,29063202075613,29063202991225,29063202991317,29063203086222,29063203108934,29063203534738,29063203877058,29063203877094,16,18.0148,9.15612,0.00092,0.94905,0.22712,4.25804,3.4232
162,1,0,1e+08,29063205080155,29063205720012,29063205720100,29063205813789,29063205833749,29063206327899,29063206803746,29063206803794,16,17.2364,6.39857,0.00088,0.93689,0.1996,4.9415,4.75847
163,1,0,1e+08,29063207838320,29063208611757,29063208611849,29063208700781,29063208743961,29063209213805,29063209583021,29063209583061,16,17.4474,7.73437,0.00092,0.88932,0.4318,4.69844,3.69216
164,1,0,1e+08,29063210621576,29063210911986,29063210912042,29063210971294,29063210984010,29063211300950,29063211718911,29063211718947,16,10.9737,2.9041,0.00056,0.59252,0.12716,3.1694,4.17961
165,1,0,1e+08,29063212649515,29063212887283,29063212887323,29063212948595,29063212966207,29063213840050,29063214320460,29063214320508,16,16.7099,2.37768,0.0004,0.61272,0.17612,8.73843,4.8041
166,1,0,1e+08,29063216373142,29063217211592,29063217211656,29063217336584,29063217354096,29063217694100,29063217994588,29063217994616,16,16.2147,8.3845,0.00064,1.24928,0.17512,3.40004,3.00488
167,1,0,1e+08,29063219074812,29063219707241,29063219707431,29063219883701,29063220003270,29063220575248,29063220954260,29063220954304,16,18.7949,6.32429,0.0019,1.7627,1.19569,5.71978,3.79012
168,1,0,1e+08,29063221995761,29063222750941,29063222751141,29063222855980,29063222876424,29063223336904,29063223702004,29063223702036,16,17.0628,7.5518,0.002,1.04839,0.20444,4.6048,3.651
169,1,0,1e+08,29063224828831,29063225161756,29063225161812,29063225220084,29063225232008,29063225552672,29063225873192,29063225873228,16,10.444,3.32925,0.00056,0.58272,0.11924,3.20664,3.2052
170,1,0,1e+08,29063226775063,29063227061999,29063227062103,29063227121635,29063227135483,29063227442551,29063227802063,29063227802095,16,10.2703,2.86936,0.00104,0.59532,0.13848,3.07068,3.59512
171,1,0,1e+08,29063228821978,29063229368116,29063229368316,29063229548276,29063229595879,29063230206703,29063230593075,29063230593115,16,17.7114,5.46138,0.002,1.7996,0.47603,6.10824,3.86372
172,1,0,1e+08,29063231669574,29063232681940,29063232682004,29063232747232,29063232764600,29063233138929,29063233478009,29063233478037,16,18.0846,10.1237,0.00064,0.65228,0.17368,3.74329,3.3908
173,1,0,1e+08,29063234497675,29063234753335,29063234753379,29063234810299,29063234823183,29063235102431,29063235405287,29063235405327,16,9.07652,2.5566,0.00044,0.5692,0.12884,2.79248,3.02856
174,1,0,1e+08,29063236427940,29063237239670,29063237239762,29063237381632,29063237404664,29063237815964,29063238170068,29063238170096,16,17.4216,8.1173,0.00092,1.4187,0.23032,4.113,3.54104
175,1,0,1e+08,29063239219996,29063239473652,29063239473692,29063239597640,29063239640075,29063240659350,29063241088375,29063241088415,16,18.6842,2.53656,0.0004,1.23948,0.42435,10.1928,4.29025
176,1,0,1e+08,29063242140608,29063242395313,29063242395365,29063242453657,29063242465997,29063242803737,29063243132573,29063243132605,16,9.91997,2.54705,0.00052,0.58292,0.1234,3.3774,3.28836
177,1,0,1e+08,29063244111520,29063244891470,29063244891570,29063244981741,29063245003113,29063245448436,29063245812356,29063245812396,16,17.0088,7.7995,0.001,0.90171,0.21372,4.45323,3.6392
178,1,0,1e+08,29063246875731,29063247283748,29063247283948,29063247463733,29063247545893,29063248198437,29063248605889,29063248605925,16,17.3019,4.08017,0.002,1.79785,0.8216,6.52544,4.07452
179,1,0,1e+08,29063250023729,29063250311805,29063250311861,29063250380001,29063250393125,29063250740249,29063251086957,29063251086997,16,10.6327,2.88076,0.00056,0.6814,0.13124,3.47124,3.46708
180,1,0,1e+08,29063252077732,29063253127768,29063253127860,29063253220692,29063253264916,29063253690424,29063254042824,29063254042852,16,19.6512,10.5004,0.00092,0.92832,0.44224,4.25508,3.524
181,1,0,1e+08,29063255206769,29063255643811,29063255643875,29063255725875,29063255745755,29063256123471,29063256418891,29063256418927,16,12.1216,4.37042,0.00064,0.82,0.1988,3.77716,2.9542
182,1,0,1e+08,29063257552902,29063257839342,29063257839386,29063257936894,29063257947454,29063258193006,29063258516786,29063258516818,16,9.63916,2.8644,0.00044,0.97508,0.1056,2.45552,3.2378
183,1,0,1e+08,29063259482178,29063259789838,29063259789902,29063259864194,29063259880046,29063260520514,29063260866478,29063260866522,16,13.8434,3.0766,0.00064,0.74292,0.15852,6.40468,3.45964
184,1,0,1e+08,29063261770222,29063262021394,29063262021434,29063262075186,29063262090878,29063262345318,29063262611634,29063262611662,16,8.4144,2.51172,0.0004,0.53752,0.15692,2.5444,2.66316
185,1,0,1e+08,29063263735741,29063263979291,29063263979331,29063264034719,29063264047327,29063264282027,29063264553691,29063264553723,16,8.17982,2.4355,0.0004,0.55388,0.12608,2.347,2.71664
186,1,0,1e+08,29063265770238,29063266602600,29063266602696,29063266739744,29063266761480,29063267235207,29063267593307,29063267593335,16,18.231,8.32362,0.00096,1.37048,0.21736,4.73727,3.581
187,1,0,1e+08,29063268869265,29063269300054,29063269300114,29063269376442,29063269390826,29063269695510,29063270024002,29063270024054,16,11.5479,4.30789,0.0006,0.76328,0.14384,3.04684,3.28492
188,1,0,1e+08,29063271175101,29063272189111,29063272189175,29063272304927,29063272319539,29063272673623,29063272990107,29063272990135,16,18.1503,10.1401,0.00064,1.15752,0.14612,3.54084,3.16484
189,1,0,1e+08,29063273986115,29063274306011,29063274306055,29063274372219,29063274384039,29063274658375,29063274957591,29063274957627,16,9.71512,3.19896,0.00044,0.66164,0.1182,2.74336,2.99216
190,1,0,1e+08,29063275952878,29063276230790,29063276230830,29063276289046,29063276301718,29063276629086,29063276983870,29063276983902,16,10.3102,2.77912,0.0004,0.58216,0.12672,3.27368,3.54784
191,1,0,1e+08,29063277959321,29063278303598,29063278303662,29063278374727,29063278411502,29063278812050,29063279108550,29063279108586,16,11.4926,3.44277,0.00064,0.71065,0.36775,4.00548,2.965
192,1,0,1e+08,29063280163446,29063280425090,29063280425138,29063280492558,29063280506906,29063280854414,29063281149898,29063281149930,16,9.86484,2.61644,0.00048,0.6742,0.14348,3.47508,2.95484
193,1,0,1e+08,29063282057544,29063282343466,29063282343510,29063282396778,29063282409158,29063282695434,29063283052994,29063283053046,16,9.95502,2.85922,0.00044,0.53268,0.1238,2.86276,3.5756
194,1,0,1e+08,29063284006426,29063284780621,29063284780725,29063284872093,29063284897505,29063285348325,29063285712865,29063285712897,16,17.0647,7.74195,0.00104,0.91368,0.25412,4.5082,3.6454
195,1,0,1e+08,29063286912653,29063287335324,29063287335412,29063287408669,29063287422497,29063287717654,29063288085710,29063288085746,16,11.7309,4.22671,0.00088,0.73257,0.13828,2.95157,3.68056
196,1,0,1e+08,29063288998035,29063289834141,29063289834237,29063290006154,29063290030922,29063290467225,29063290829997,29063290830029,16,18.3199,8.36106,0.00096,1.71917,0.24768,4.36303,3.62772
197,1,0,1e+08,29063291873049,29063292221117,29063292221173,29063292281177,29063292297000,29063292686619,29063293033843,29063293033887,16,11.6084,3.48068,0.00056,0.60004,0.15823,3.89619,3.47224
198,1,0,1e+08,29063293909559,29063294688803,29063294688915,29063294780053,29063294800749,29063295249505,29063295613405,29063295613437,16,17.0388,7.79244,0.00112,0.91138,0.20696,4.48756,3.639
199,1,0,1e+08,29063296713507,29063296966868,29063296966896,29063297099900,29063297178591,29063297942062,29063298370366,29063298370410,16,16.569,2.53361,0.00028,1.33004,0.78691,7.63471,4.28304
200,1,0,1e+08,29063299779978,29063300136597,29063300136637,29063300222053,29063300241077,29063300630213,29063301019229,29063301019269,16,12.3929,3.56619,0.0004,0.85416,0.19024,3.89136,3.89016
201,1,0,1e+08,29063302152849,29063303082820,29063303082884,29063303166640,29063303190512,29063303582716,29063303909032,29063303909068,16,17.5622,9.29971,0.00064,0.83756,0.23872,3.92204,3.26316
202,1,0,1e+08,29063305127724,29063305746945,29063305747037,29063305824450,29063305837894,29063306137258,29063307100060,29063307100132,16,19.7241,6.19221,0.00092,0.77413,0.13444,2.99364,9.62802
203,1,0,1e+08,29063308674260,29063309354445,29063309354770,29063309515871,29063309566283,29063310034868,29063310395264,29063310395304,16,17.2104,6.80185,0.00325,1.61101,0.50412,4.68585,3.60396
204,1,0,1e+08,29063311587357,29063312094008,29063312094100,29063312188896,29063312208528,29063312767040,29063313395744,29063313395780,16,18.0842,5.06651,0.00092,0.94796,0.19632,5.58512,6.28704
205,1,0,1e+08,29063314623174,29063315427384,29063315427480,29063315520352,29063315544828,29063315985268,29063316380540,29063316380576,16,17.574,8.0421,0.00096,0.92872,0.24476,4.4044,3.95272
206,1,0,1e+08,29063317780793,29063318677084,29063318677180,29063318779521,29063318800705,29063319213803,29063319569535,29063319569563,16,17.8877,8.96291,0.00096,1.02341,0.21184,4.13098,3.55732
207,1,0,1e+08,29063321242072,29063322244186,29063322244250,29063322328602,29063322396886,29063322784927,29063323127399,29063323127487,16,18.8542,10.0211,0.00064,0.84352,0.68284,3.88041,3.42472
208,1,0,1e+08,29063324538892,29063325095216,29063325095416,29063325274453,29063325353778,29063325972454,29063326351451,29063326351491,16,18.126,5.56324,0.002,1.79037,0.79325,6.18676,3.78997
209,1,0,1e+08,29063327929172,29063329064868,29063329065038,29063329238417,29063329275002,29063329985157,29063330321121,29063330321161,16,23.9199,11.357,0.0017,1.73379,0.36585,7.10155,3.35964
210,1,0,1e+08,29063331608171,29063332420445,29063332420537,29063332515129,29063332536501,29063332985570,29063333337242,29063333337274,16,17.291,8.12274,0.00092,0.94592,0.21372,4.49069,3.51672
211,1,0,1e+08,29063334648219,29063334967057,29063334967113,29063335039753,29063335057565,29063335377870,29063335779118,29063335779154,16,11.3093,3.18838,0.00056,0.7264,0.17812,3.20305,4.01248
212,1,0,1e+08,29063337311469,29063338198136,29063338198228,29063338303094,29063338332598,29063338788851,29063339120231,29063339120263,16,18.0879,8.86667,0.00092,1.04866,0.29504,4.56253,3.3138
213,1,0,1e+08,29063340729620,29063341152000,29063341152060,29063341242712,29063341261976,29063341610318,29063342277709,29063342277757,16,15.4814,4.2238,0.0006,0.90652,0.19264,3.48342,6.67391
214,1,0,1e+08,29063343587648,29063344419546,29063344419638,29063344513833,29063344534617,29063344970001,29063345315945,29063345315977,16,17.2833,8.31898,0.00092,0.94195,0.20784,4.35384,3.45944
215,1,0,1e+08,29063346858277,29063347862408,29063347862472,29063347941288,29063347958168,29063348335684,29063348651080,29063348651120,16,17.9284,10.0413,0.00064,0.78816,0.1688,3.77516,3.15396
216,1,0,1e+08,29063350235437,29063350507237,29063350507293,29063350576345,29063350590637,29063350911745,29063351252677,29063351252709,16,10.1727,2.718,0.00056,0.69052,0.14292,3.21108,3.40932
217,1,0,1e+08,29063352498569,29063352976712,29063352976776,29063353052076,29063353099496,29063353521849,29063353937093,29063353937145,16,14.3858,4.78143,0.00064,0.753,0.4742,4.22353,4.15244
218,1,0,1e+08,29063354951816,29063355961024,29063355961120,29063356138827,29063356155379,29063356535851,29063356853595,29063356853623,16,19.0181,10.0921,0.00096,1.77707,0.16552,3.80472,3.17744
219,1,0,1e+08,29063358063249,29063358544884,29063358544976,29063358657397,29063358673429,29063359017025,29063359426929,29063359426969,16,13.6372,4.81635,0.00092,1.12421,0.16032,3.43596,4.09904
220,1,0,1e+08,29063360618396,29063361399410,29063361399510,29063361493994,29063361517230,29063361961852,29063362329860,29063362329892,16,17.115,7.81014,0.001,0.94484,0.23236,4.44622,3.68008
221,1,0,1e+08,29063363766281,29063364287658,29063364287718,29063364363646,29063364380318,29063364861050,29063365686230,29063365686290,16,19.2001,5.21377,0.0006,0.75928,0.16672,4.80732,8.2518
222,1,0,1e+08,29063367308955,29063367903553,29063367903613,29063367980045,29063367996155,29063368473644,29063368838457,29063368838501,16,15.2955,5.94598,0.0006,0.76432,0.1611,4.77489,3.64813
223,1,0,1e+08,29063370002993,29063370911789,29063370911881,29063371020136,29063371036216,29063371456426,29063371795598,29063371795638,16,17.9264,9.08796,0.00092,1.08255,0.1608,4.2021,3.39172
224,1,0,1e+08,29063373039309,29063373564774,29063373564949,29063373683353,29063373699053,29063374028589,29063374371245,29063374371277,16,13.3197,5.25465,0.00175,1.18404,0.157,3.29536,3.42656
225,1,0,1e+08,29063375594457,29063375911414,29063375911466,29063375998654,29063376009986,29063376326731,29063376703024,29063376703060,16,11.086,3.16957,0.00052,0.87188,0.11332,3.16745,3.76293
226,1,0,1e+08,29063377857074,29063378702165,29063378702257,29063378849268,29063378870336,29063379323980,29063379679380,29063379679408,16,18.2233,8.45091,0.00092,1.47011,0.21068,4.53644,3.554
227,1,0,1e+08,29063380922007,29063381706708,29063381706800,29063381799236,29063381832984,29063382329127,29063382699247,29063382699283,16,17.7728,7.84701,0.00092,0.92436,0.33748,4.96143,3.7012
228,1,0,1e+08,29063385140319,29063385474063,29063385474155,29063385527835,29063385540431,29063385778311,29063386004535,29063386004555,16,8.64236,3.33744,0.00092,0.5368,0.12596,2.3788,2.26224
229,1,0,1e+08,29063386970252,29063387277169,29063387277217,29063387345405,29063387358565,29063387743671,29063388053163,29063388053199,16,10.8295,3.06917,0.00048,0.68188,0.1316,3.85106,3.09492
230,1,0,1e+08,29063389093135,29063389371659,29063389371699,29063389427411,29063389442963,29063389695395,29063389972607,29063389972639,16,8.79504,2.78524,0.0004,0.55712,0.15552,2.52432,2.77212
231,1,0,1e+08,29063391039632,29063391319589,29063391319637,29063391374321,29063391385893,29063391681229,29063391967069,29063391967105,16,9.27473,2.79957,0.00048,0.54684,0.11572,2.95336,2.8584
232,1,0,1e+08,29063392985387,29063393379924,29063393380032,29063393448084,29063393465768,29063393748280,29063394039744,29063394039780,16,10.5439,3.94537,0.00108,0.68052,0.17684,2.82512,2.91464
233,1,0,1e+08,29063394978588,29063395984173,29063395984237,29063396062029,29063396082025,29063396559597,29063396895933,29063396895973,16,19.1738,10.0558,0.00064,0.77792,0.19996,4.77572,3.36336
234,1,0,1e+08,29063397955915,29063398940996,29063398941060,29063399021844,29063399045092,29063399477234,29063399786918,29063399786946,16,18.3103,9.85081,0.00064,0.80784,0.23248,4.32142,3.09684
235,1,0,1e+08,29063400828304,29063401087554,29063401087598,29063401142242,29063401153890,29063401671224,29063402465425,29063402465485,16,16.3718,2.5925,0.00044,0.54644,0.11648,5.17334,7.94201
236,1,0,1e+08,29063404039212,29063404818244,29063404818340,29063404908775,29063404932427,29063405373861,29063405740409,29063405740437,16,17.0122,7.79032,0.00096,0.90435,0.23652,4.41434,3.66548
237,1,0,1e+08,29063406937536,29063407212608,29063407212656,29063407266924,29063407278504,29063407515080,29063407804012,29063407804048,16,8.66512,2.75072,0.00048,0.54268,0.1158,2.36576,2.88932
238,1,0,1e+08,29063408867701,29063409877552,29063409877616,29063410041124,29063410055496,29063410412528,29063410741152,29063410741180,16,18.7348,10.0985,0.00064,1.63508,0.14372,3.57032,3.28624
239,1,0,1e+08,29063411895458,29063412259935,29063412259979,29063412396515,29063412409479,29063412712883,29063412997083,29063412997115,16,11.0166,3.64477,0.00044,1.36536,0.12964,3.03404,2.842
240,1,0,1e+08,29063414218898,29063414556530,29063414556582,29063414622406,29063414640782,29063415060020,29063416002057,29063416002105,16,17.8321,3.37632,0.00052,0.65824,0.18376,4.19238,9.42037
241,1,0,1e+08,29063417397821,29063417827999,29063417828199,29063418006533,29063418061323,29063418701812,29063419101076,29063419101116,16,17.033,4.30178,0.002,1.78334,0.5479,6.40489,3.99264
242,1,0,1e+08,29063420197385,29063420526887,29063420526943,29063420584871,29063420596899,29063420921443,29063421265403,29063421265435,16,10.6805,3.29502,0.00056,0.57928,0.12028,3.24544,3.4396
243,1,0,1e+08,29063422392717,29063423369739,29063423369803,29063423442232,29063423466820,29063423844632,29063424159232,29063424159268,16,17.6655,9.77022,0.00064,0.72429,0.24588,3.77812,3.146
244,1,0,1e+08,29063425197097,29063425461389,29063425461433,29063425523077,29063425537469,29063425870073,29063426166981,29063426167009,16,9.69912,2.64292,0.00044,0.61644,0.14392,3.32604,2.96908
245,1,0,1e+08,29063427313166,29063427586725,29063427586761,29063427650301,29063427661509,29063427905953,29063428266468,29063428266643,16,9.53477,2.73559,0.00036,0.6354,0.11208,2.44444,3.60515
246,1,0,1e+08,29063430917426,29063432034419,29063432034579,29063432097172,29063432115880,29063432481500,29063432784636,29063432784664,16,18.6724,11.1699,0.0016,0.62593,0.18708,3.6562,3.03136
247,1,0,1e+08,29063433825929,29063434083689,29063434083729,29063434140717,29063434155069,29063434407285,29063434770037,29063434770085,16,9.44156,2.5776,0.0004,0.56988,0.14352,2.52216,3.62752
248,1,0,1e+08,29063435854823,29063436525449,29063436525649,29063436660062,29063436690490,29063437198246,29063437616306,29063437616338,16,17.6151,6.70626,0.002,1.34413,0.30428,5.07756,4.1806
249,1,0,1e+08,29063439600641,29063440015998,29063440016042,29063440094430,29063440110890,29063440387890,29063440640186,29063440640214,16,10.3957,4.15357,0.00044,0.78388,0.1646,2.77,2.52296
250,1,0,1e+08,29063442670203,29063443020851,29063443020895,29063443089967,29063443105955,29063443358755,29063443602715,29063443602739,16,9.32536,3.50648,0.00044,0.69072,0.15988,2.528,2.4396
251,1,0,1e+08,29063444599285,29063445225653,29063445225843,29063445401952,29063445482534,29063446037324,29063446441744,29063446441784,16,18.425,6.26368,0.0019,1.76109,0.80582,5.5479,4.0442
252,1,0,1e+08,29063447776299,29063448694388,29063448694452,29063448820926,29063448839486,29063449220095,29063449537355,29063449537387,16,17.6109,9.18089,0.00064,1.26474,0.1856,3.80609,3.1726
253,1,0,1e+08,29063450840965,29063451697763,29063451697859,29063451795054,29063451831022,29063452330506,29063452669574,29063452669614,16,18.2865,8.56798,0.00096,0.97195,0.35968,4.99484,3.39068
254,1,0,1e+08,29063453874027,29063454717538,29063454717630,29063454812269,29063454843797,29063455327635,29063455673195,29063455673227,16,17.992,8.43511,0.00092,0.94639,0.31528,4.83838,3.4556
255,1,0,1e+08,29063456990231,29063457857093,29063457857293,29063457975916,29063458019676,29063458519555,29063458864819,29063458864859,16,18.7463,8.66862,0.002,1.18623,0.4376,4.99879,3.45264
256,1,0,1e+08,29063460158978,29063461093574,29063461093638,29063461176416,29063461194589,29063461637922,29063461955906,29063461955938,16,17.9696,9.34596,0.00064,0.82778,0.18173,4.43333,3.17984
257,1,0,1e+08,29063463269315,29063464374519,29063464374603,29063464464048,29063464483464,29063464885037,29063465217033,29063465217069,16,19.4775,11.052,0.00084,0.89445,0.19416,4.01573,3.31996
258,1,0,1e+08,29063466635065,29063467760485,29063467760545,29063467889461,29063467906225,29063468986338,29063469447954,29063469447994,16,28.1293,11.2542,0.0006,1.28916,0.16764,10.8011,4.61616
259,1,0,1e+08,29063470821252,29063471413934,29063471414129,29063471592500,29063471640740,29063472248664,29063472611920,29063472611960,16,17.9071,5.92682,0.00195,1.78371,0.4824,6.07924,3.63256
260,1,0,1e+08,29063473947338,29063475003540,29063475003632,29063475093370,29063475113078,29063475565798,29063475900374,29063475900406,16,19.5307,10.562,0.00092,0.89738,0.19708,4.5272,3.34576
261,1,0,1e+08,29063477464984,29063477803148,29063477803200,29063477872780,29063477887856,29063478765700,29063479322668,29063479322724,16,18.5774,3.38164,0.00052,0.6958,0.15076,8.77844,5.56968
262,1,0,1e+08,29063480641519,29063481404583,29063481404675,29063481500494,29063481526194,29063482035534,29063482378262,29063482378298,16,17.3678,7.63064,0.00092,0.95819,0.257,5.0934,3.42728
263,1,0,1e+08,29063483480951,29063484290476,29063484290584,29063484379812,29063484404868,29063484854778,29063485226666,29063485226702,16,17.4575,8.09525,0.00108,0.89228,0.25056,4.4991,3.71888
264,1,0,1e+08,29063486360113,29063486650161,29063486650209,29063486709381,29063486738381,29063487222063,29063487550475,29063487550507,16,11.9039,2.90048,0.00048,0.59172,0.29,4.83682,3.28412
265,1,0,1e+08,29063488553189,29063489326032,29063489326124,29063489472678,29063489546741,29063489970642,29063490341362,29063490341406,16,17.8822,7.72843,0.00092,1.46554,0.74063,4.23901,3.7072
266,1,0,1e+08,29063491431125,29063491729705,29063491729757,29063491786985,29063491798917,29063492107497,29063492526493,29063492526533,16,10.9541,2.9858,0.00052,0.57228,0.11932,3.0858,4.18996
267,1,0,1e+08,29063493552091,29063493798307,29063493798347,29063493850691,29063493861955,29063494100331,29063494378939,29063494378975,16,8.26884,2.46216,0.0004,0.52344,0.11264,2.38376,2.78608
268,1,0,1e+08,29063495440006,29063495711438,29063495711594,29063495766194,29063495777834,29063496028014,29063496314762,29063496314794,16,8.74788,2.71432,0.00156,0.546,0.1164,2.5018,2.86748
269,1,0,1e+08,29063497396831,29063497833694,29063497833884,29063498011545,29063498089879,29063498723635,29063499123699,29063499123739,16,17.2691,4.36863,0.0019,1.77661,0.78334,6.33756,4.00064
270,1,0,1e+08,29063500449371,29063501253402,29063501253494,29063501345358,29063501376222,29063501801972,29063502152016,29063502152044,16,17.0267,8.04031,0.00092,0.91864,0.30864,4.2575,3.50044
271,1,0,1e+08,29063503491295,29063503867579,29063503867635,29063503926147,29063503939039,29063504274319,29063504880766,29063504881216,16,13.8992,3.76284,0.00056,0.58512,0.12892,3.3528,6.06447
272,1,0,1e+08,29063506921223,29063507243903,29063507243967,29063507317575,29063507333759,29063507660327,29063508484242,29063508484310,16,15.6309,3.2268,0.00064,0.73608,0.16184,3.26568,8.23915
273,1,0,1e+08,29063510193462,29063510828142,29063510828342,29063511006505,29063511048005,29063511570691,29063511945872,29063511945912,16,17.5245,6.3468,0.002,1.78163,0.415,5.22686,3.75181
274,1,0,1e+08,29063513380486,29063513673939,29063513673983,29063513736135,29063513749463,29063514012067,29063514309483,29063514309511,16,9.29025,2.93453,0.00044,0.62152,0.13328,2.62604,2.97416
275,1,0,1e+08,29063515400647,29063515680251,29063515680287,29063515735007,29063515746803,29063516020531,29063516348667,29063516348703,16,9.48056,2.79604,0.00036,0.5472,0.11796,2.73728,3.28136
276,1,0,1e+08,29063517613375,29063518532565,29063518532661,29063518623686,29063518650814,29063519163952,29063519502000,29063519502028,16,18.8865,9.1919,0.00096,0.91025,0.27128,5.13138,3.38048
277,1,0,1e+08,29063520633777,29063520885901,29063520885933,29063520937781,29063520949613,29063521911125,29063522407114,29063522407162,16,17.7339,2.52124,0.00032,0.51848,0.11832,9.61512,4.95989
278,1,0,1e+08,29063523727976,29063524293339,29063524293534,29063524471866,29063524551285,29063525074785,29063525454917,29063525454953,16,17.2698,5.65363,0.00195,1.78332,0.79419,5.235,3.80132
279,1,0,1e+08,29063526639573,29063526896429,29063526896477,29063526951893,29063526963377,29063527273549,29063527614105,29063527614145,16,9.74572,2.56856,0.00048,0.55416,0.11484,3.10172,3.40556
280,1,0,1e+08,29063528606115,29063529399946,29063529400136,29063529632717,29063529653149,29063530083144,29063530437404,29063530437432,16,18.3132,7.93831,0.0019,2.32581,0.20432,4.29995,3.5426
281,1,0,1e+08,29063531551230,29063531786736,29063531786780,29063531952893,29063531994304,29063532907397,29063533284205,29063533284245,16,17.3301,2.35506,0.00044,1.66113,0.41411,9.13093,3.76808
282,1,0,1e+08,29063534405949,29063535204854,29063535204954,29063535299121,29063535320753,29063535770984,29063536137204,29063536137236,16,17.3129,7.98905,0.001,0.94167,0.21632,4.50231,3.6622
283,1,0,1e+08,29063537259381,29063537505377,29063537505421,29063537558001,29063537579485,29063537848785,29063538676194,29063538676286,16,14.1691,2.45996,0.00044,0.5258,0.21484,2.693,8.27409
284,1,0,1e+08,29063540318947,29063540911322,29063540911522,29063541091528,29063541147133,29063541665889,29063542042973,29063542043005,16,17.2406,5.92375,0.002,1.80006,0.55605,5.18756,3.77084
285,1,0,1e+08,29063543265470,29063543588694,29063543588746,29063543654898,29063543669566,29063543970438,29063544301918,29063544301958,16,10.3649,3.23224,0.00052,0.66152,0.14668,3.00872,3.3148
286,1,0,1e+08,29063545288547,29063545715186,29063545715381,29063545893957,29063545973362,29063546758026,29063547121726,29063547121754,16,18.3321,4.26639,0.00195,1.78576,0.79405,7.84664,3.637
287,1,0,1e+08,29063548243605,29063548533367,29063548533423,29063548590983,29063548602743,29063548949043,29063549273007,29063549273043,16,10.2944,2.89762,0.00056,0.5756,0.1176,3.463,3.23964
288,1,0,1e+08,29063550246902,29063551003339,29063551003451,29063551094406,29063551115090,29063551562515,29063551925431,29063551925463,16,16.7856,7.56437,0.00112,0.90955,0.20684,4.47425,3.62916
289,1,0,1e+08,29063553203423,29063554040484,29063554040576,29063554132486,29063554152506,29063554585082,29063554929970,29063554930010,16,17.2659,8.37061,0.00092,0.9191,0.2002,4.32576,3.44888
290,1,0,1e+08,29063556073397,29063556982153,29063556982221,29063557152614,29063557168742,29063557526023,29063557823827,29063557823851,16,17.5045,9.08756,0.00068,1.70393,0.16128,3.57281,2.97804
291,1,0,1e+08,29063558948167,29063559673700,29063559673890,29063559783326,29063559818298,29063560366215,29063560702783,29063560702819,16,17.5465,7.25533,0.0019,1.09436,0.34972,5.47917,3.36568
292,1,0,1e+08,29063562159943,29063563032813,29063563032905,29063563143728,29063563162344,29063563567393,29063563895693,29063563895725,16,17.3578,8.7287,0.00092,1.10823,0.18616,4.05049,3.283
293,1,0,1e+08,29063565037497,29063565860592,29063565860767,29063566039704,29063566123214,29063566980030,29063567390867,29063567390907,16,23.5341,8.23095,0.00175,1.78937,0.8351,8.56816,4.10837
294,1,0,1e+08,29063568676349,29063569329164,29063569329339,29063569437481,29063569453685,29063569780261,29063570095185,29063570095221,16,14.1887,6.52815,0.00175,1.08142,0.16204,3.26576,3.14924
295,1,0,1e+08,29063571145829,29063571467701,29063571467749,29063571524237,29063571536273,29063571815197,29063572107417,29063572107449,16,9.6162,3.21872,0.00048,0.56488,0.12036,2.78924,2.9222
296,1,0,1e+08,29063573403102,29063574351136,29063574351200,29063574415289,29063574433113,29063574848573,29063575179953,29063575179981,16,17.7688,9.48034,0.00064,0.64089,0.17824,4.1546,3.3138
297,1,0,1e+08,29063576534743,29063576878345,29063576878465,29063576949497,29063576965145,29063577241001,29063577531109,29063577531145,16,9.96402,3.43602,0.0012,0.71032,0.15648,2.75856,2.90108
298,1,0,1e+08,29063578518691,29063578819608,29063578819652,29063578873512,29063578884912,29063579141724,29063579425432,29063579425460,16,9.06769,3.00917,0.00044,0.5386,0.114,2.56812,2.83708
299,1,0,1e+08,29063580599255,29063580875880,29063580875912,29063580929352,29063580940960,29063581190768,29063581472436,29063581472476,16,8.73221,2.76625,0.00032,0.5344,0.11608,2.49808,2.81668
300,1,0,1e+08,29063582528277,29063583134499,29063583134699,29063583315346,29063583391859,29063583973791,29063584340627,29063584340655,16,18.1238,6.06222,0.002,1.80647,0.76513,5.81932,3.66836
301,1,0,1e+08,29063585425930,29063585793883,29063585793947,29063585858207,29063585872019,29063586298935,29063586669493,29063586669533,16,12.436,3.67953,0.00064,0.6426,0.13812,4.26916,3.70558
302,1,0,1e+08,29063587686000,29063588474714,29063588474909,29063588575690,29063588597190,29063589052351,29063589423023,29063589423055,16,17.3705,7.88714,0.00195,1.00781,0.215,4.55161,3.70672
303,1,0,1e+08,29063590591336,29063591390737,29063591390927,29063591489798,29063591510622,29063591960037,29063592311685,29063592311725,16,17.2039,7.99401,0.0019,0.98871,0.20824,4.49415,3.51648
304,1,0,1e+08,29063593323857,29063593696641,29063593696693,29063593755005,29063593767333,29063594114157,29063594447601,29063594447637,16,11.2378,3.72784,0.00052,0.58312,0.12328,3.46824,3.33444
305,1,0,1e+08,29063595415051,29063596126783,29063596126978,29063596264790,29063596326350,29063596815221,29063597193837,29063597193877,16,17.7883,7.11732,0.00195,1.37812,0.6156,4.88871,3.78616
306,1,0,1e+08,29063598853324,29063599729522,29063599729586,29063599793694,29063599811722,29063600246747,29063600559459,29063600559487,16,17.0616,8.76198,0.00064,0.64108,0.18028,4.35025,3.12712
307,1,0,1e+08,29063601731555,29063602669661,29063602669753,29063602763364,29063602795013,29063603214828,29063603554844,29063603554880,16,18.2332,9.38106,0.00092,0.93611,0.31649,4.19815,3.40016
308,1,0,1e+08,29063605055947,29063605894982,29063605895172,29063605994532,29063606018532,29063606464398,29063606818114,29063606818146,16,17.622,8.39035,0.0019,0.9936,0.24,4.45866,3.53716
309,1,0,1e+08,29063608144673,29063608446361,29063608446409,29063608509193,29063608523745,29063608824309,29063609143941,29063609143977,16,9.99304,3.01688,0.00048,0.62784,0.14552,3.00564,3.19632
310,1,0,1e+08,29063610213979,29063610460735,29063610460767,29063610511927,29063610523367,29063610785615,29063611075667,29063611075695,16,8.61716,2.46756,0.00032,0.5116,0.1144,2.62248,2.90052
311,1,0,1e+08,29063612094725,29063612678155,29063612678355,29063612858731,29063612914184,29063613552727,29063613922307,29063613922343,16,18.2762,5.8343,0.002,1.80376,0.55453,6.38543,3.6958
312,1,0,1e+08,29063615076933,29063615346987,29063615347035,29063615403447,29063615415107,29063615736683,29063616078671,29063616078707,16,10.0177,2.70054,0.00048,0.56412,0.1166,3.21576,3.41988
313,1,0,1e+08,29063617172144,29063617449206,29063617449250,29063617509118,29063617522050,29063617794078,29063618088686,29063618088726,16,9.16582,2.77062,0.00044,0.59868,0.12932,2.72028,2.94608
314,1,0,1e+08,29063619124165,29063619928388,29063619928488,29063620019508,29063620050320,29063620654532,29063621000268,29063621000296,16,18.7613,8.04223,0.001,0.9102,0.30812,6.04212,3.45736
315,1,0,1e+08,29063621998214,29063622746325,29063622746525,29063622912184,29063622956700,29063623462734,29063623819194,29063623819234,16,18.2102,7.48111,0.002,1.65659,0.44516,5.06034,3.5646
316,1,0,1e+08,29063625002081,29063625757037,29063625757237,29063625871877,29063625898141,29063626423760,29063626793444,29063626793472,16,17.9139,7.54956,0.002,1.1464,0.26264,5.25619,3.69684
317,1,0,1e+08,29063628066225,29063628338215,29063628338255,29063628399063,29063628412159,29063628698599,29063629000995,29063629001031,16,9.34806,2.7199,0.0004,0.60808,0.13096,2.8644,3.02396
318,1,0,1e+08,29063630061384,29063630984980,29063630985136,29063631099022,29063631115034,29063631521051,29063631842843,29063631842871,16,17.8149,9.23596,0.00156,1.13886,0.16012,4.06017,3.21792
319,1,0,1e+08,29063633010399,29063633817811,29063633817911,29063633969088,29063633988365,29063634422690,29063634763442,29063634763482,16,17.5308,8.07412,0.001,1.51177,0.19277,4.34325,3.40752
320,1,0,1e+08,29063635965343,29063637025406,29063637025606,29063637151183,29063637171539,29063637538679,29063637827167,29063637827195,16,18.6185,10.6006,0.002,1.25577,0.20356,3.6714,2.88488
321,1,0,1e+08,29063638903416,29063639400770,29063639400965,29063639576191,29063639630592,29063640324580,29063640694140,29063640694180,16,17.9076,4.97354,0.00195,1.75226,0.54401,6.93988,3.6956
322,1,0,1e+08,29063641857500,29063642109124,29063642109164,29063642165872,29063642178396,29063643040326,29063643492626,29063643492662,16,16.3516,2.51624,0.0004,0.56708,0.12524,8.6193,4.523
323,1,0,1e+08,29063644679992,29063644929776,29063644929816,29063644978924,29063644989588,29063645237044,29063645571904,29063645571944,16,8.91952,2.49784,0.0004,0.49108,0.10664,2.47456,3.3486
324,1,0,1e+08,29063646606857,29063647514063,29063647514155,29063647715784,29063647731808,29063648119592,29063648448260,29063648448288,16,18.4143,9.07206,0.00092,2.01629,0.16024,3.87784,3.28668
325,1,0,1e+08,29063649523147,29063649785926,29063649785954,29063649835302,29063649845790,29063650484252,29063651104651,29063651104707,16,15.8156,2.62779,0.00028,0.49348,0.10488,6.38462,6.20399
326,1,0,1e+08,29063652627430,29063653228510,29063653228710,29063653408937,29063653514207,29063654032764,29063654399680,29063654399712,16,17.7228,6.0108,0.002,1.80227,1.0527,5.18557,3.66916
327,1,0,1e+08,29063655696451,29063656132870,29063656133070,29063656312897,29063656451917,29063657058224,29063657443072,29063657443112,16,17.4666,4.36419,0.002,1.79827,1.3902,6.06307,3.84848
328,1,0,1e+08,29063658620035,29063658881844,29063658881880,29063658937412,29063658947640,29063659250660,29063659572268,29063659572296,16,9.52261,2.61809,0.00036,0.55532,0.10228,3.0302,3.21608
329,1,0,1e+08,29063660743369,29063660954493,29063660954525,29063661008637,29063661020653,29063661288149,29063661568653,29063661568689,16,8.2532,2.11124,0.00032,0.54112,0.12016,2.67496,2.80504
330,1,0,1e+08,29063662904765,29063663798638,29063663798730,29063663891200,29063663916552,29063664345460,29063664734272,29063664734300,16,18.2953,8.93873,0.00092,0.9247,0.25352,4.28908,3.88812
331,1,0,1e+08,29063666073502,29063666902425,29063666902529,29063667002973,29063667047529,29063667599370,29063667950146,29063667950182,16,18.7668,8.28923,0.00104,1.00444,0.44556,5.51841,3.50776
332,1,0,1e+08,29063669280127,29063669681191,29063669681279,29063669775932,29063669796120,29063670437105,29063671436101,29063671436149,16,21.5602,4.01064,0.00088,0.94653,0.20188,6.40985,9.98996
333,1,0,1e+08,29063673097691,29063673684695,29063673684890,29063673959131,29063673998501,29063674550696,29063674914336,29063674914376,16,18.1668,5.87004,0.00195,2.74241,0.3937,5.52195,3.6364
334,1,0,1e+08,29063676309732,29063676716780,29063676716844,29063676788908,29063676804792,29063677247349,29063677603541,29063677603577,16,12.9385,4.07048,0.00064,0.72064,0.15884,4.42557,3.56192
335,1,0,1e+08,29063678860403,29063679642684,29063679642776,29063679747496,29063679791862,29063680252437,29063680617061,29063680617173,16,17.5677,7.82281,0.00092,1.0472,0.44366,4.60575,3.64624
336,1,0,1e+08,29063682030649,29063682371368,29063682371420,29063682436160,29063682449660,29063682745776,29063683062872,29063683062900,16,10.3225,3.40719,0.00052,0.6474,0.135,2.96116,3.17096
337,1,0,1e+08,29063684177839,29063685196100,29063685196164,29063685393824,29063685408852,29063685749040,29063686045728,29063686045760,16,18.6792,10.1826,0.00064,1.9766,0.15028,3.40188,2.96688
338,1,0,1e+08,29063687143423,29063687436728,29063687436756,29063687553302,29063687631702,29063688489501,29063688899621,29063688899653,16,17.5623,2.93305,0.00028,1.16546,0.784,8.57799,4.1012
339,1,0,1e+08,29063690078667,29063690443857,29063690443913,29063690509501,29063690524545,29063690876853,29063691255089,29063691255149,16,11.7648,3.6519,0.00056,0.65588,0.15044,3.52308,3.78236
340,1,0,1e+08,29063692255931,29063692495103,29063692495143,29063692547547,29063692558699,29063692813251,29063693126271,29063693126303,16,8.70372,2.39172,0.0004,0.52404,0.11152,2.54552,3.1302
341,1,0,1e+08,29063694150343,29063694397704,29063694397748,29063694464320,29063694478284,29063694953831,29063695257915,29063695257951,16,11.0761,2.47361,0.00044,0.66572,0.13964,4.75547,3.04084
342,1,0,1e+08,29063696275673,29063696541943,29063696541983,29063696594459,29063696607035,29063696880999,29063697165959,29063697165991,16,8.90318,2.6627,0.0004,0.52476,0.12576,2.73964,2.8496
343,1,0,1e+08,29063698403649,29063698779391,29063698779447,29063698835575,29063698847035,29063699133503,29063699428451,29063699428487,16,10.2484,3.75742,0.00056,0.56128,0.1146,2.86468,2.94948
344,1,0,1e+08,29063700483810,29063702512115,29063702512275,29063702582019,29063702606555,29063702892699,29063703157359,29063703157387,16,26.7358,20.283,0.0016,0.69744,0.24536,2.86144,2.6466
345,1,0,1e+08,29063704320619,29063705160722,29063705160912,29063705434134,29063705454834,29063705933736,29063706273148,29063706273184,16,19.5256,8.40103,0.0019,2.73222,0.207,4.78902,3.39412
346,1,0,1e+08,29063707528922,29063708450984,29063708451052,29063708582661,29063708600825,29063708963325,29063709273557,29063709273585,16,17.4466,9.22062,0.00068,1.31609,0.18164,3.625,3.10232
347,1,0,1e+08,29063710338915,29063710650665,29063710650725,29063710717545,29063710730597,29063711912019,29063712220223,29063712220259,16,18.8134,3.1175,0.0006,0.6682,0.13052,11.8142,3.08204
348,1,0,1e+08,29063713225298,29063713602094,29063713602142,29063713661630,29063713674390,29063714006222,29063714911614,29063714911666,16,16.8637,3.76796,0.00048,0.59488,0.1276,3.31832,9.05392
349,1,0,1e+08,29063717627577,29063718248059,29063718248249,29063718556903,29063718595265,29063719165871,29063719553632,29063719553676,16,19.261,6.20482,0.0019,3.08654,0.38362,5.70606,3.87761
350,1,0,1e+08,29063721033691,29063722004002,29063722004066,29063722157742,29063722175366,29063722551407,29063722876023,29063722876055,16,18.4236,9.70311,0.00064,1.53676,0.17624,3.76041,3.24616
351,1,0,1e+08,29063725265160,29063725565854,29063725565890,29063725633194,29063725646466,29063726264825,29063727163082,29063727163146,16,18.9799,3.00694,0.00036,0.67304,0.13272,6.18359,8.98257
352,1,0,1e+08,29063728941718,29063729867010,29063729867074,29063729951430,29063729969226,29063730352602,29063730669854,29063730669886,16,17.2817,9.25292,0.00064,0.84356,0.17796,3.83376,3.17252
353,1,0,1e+08,29063732180289,29063732650246,29063732650306,29063732750553,29063732775157,29063733271585,29063733590621,29063733590677,16,14.1039,4.69957,0.0006,1.00247,0.24604,4.96428,3.19036
354,1,0,1e+08,29063735029930,29063735810726,29063735810818,29063735906242,29063735930510,29063736369422,29063736725194,29063736725226,16,16.953,7.80796,0.00092,0.95424,0.24268,4.38912,3.55772
355,1,0,1e+08,29063738207628,29063738809883,29063738809927,29063738882151,29063738897103,29063739344562,29063739673390,29063739673450,16,14.6582,6.02255,0.00044,0.72224,0.14952,4.47459,3.28828
356,1,0,1e+08,29063741007575,29063741939554,29063741939790,29063742027987,29063742047759,29063742465648,29063742797756,29063742797784,16,17.9021,9.31979,0.00236,0.88197,0.19772,4.17889,3.32108
357,1,0,1e+08,29063744417637,29063745104612,29063745104704,29063745204930,29063745218298,29063745663378,29063746099286,29063746099334,16,16.817,6.86975,0.00092,1.00226,0.13368,4.4508,4.35908
358,1,0,1e+08,29063749911554,29063750326191,29063750326239,29063750387283,29063750400391,29063750680227,29063750951855,29063750951887,16,10.4033,4.14637,0.00048,0.61044,0.13108,2.79836,2.71628
359,1,0,1e+08,29063753935053,29063754875354,29063754875422,29063754979586,29063754995194,29063755372454,29063755692470,29063755692510,16,17.5746,9.40301,0.00068,1.04164,0.15608,3.7726,3.20016
360,1,0,1e+08,29063758923752,29063759861259,29063759861327,29063759928675,29063759947335,29063760339584,29063760656300,29063760656332,16,17.3258,9.37507,0.00068,0.67348,0.1866,3.92249,3.16716
361,1,0,1e+08,29063765925218,29063766634768,29063766634963,29063766810142,29063766847062,29063767565215,29063767956059,29063767956103,16,20.3088,7.0955,0.00195,1.75179,0.3692,7.18153,3.90844
362,1,0,1e+08,29063771144884,29063772155947,29063772156122,29063772331249,29063772368149,29063773675580,29063774192988,29063774193028,16,30.4814,10.1106,0.00175,1.75127,0.369,13.0743,5.17408
363,1,0,1e+08,29063777105101,29063777490029,29063777490077,29063777626045,29063777644829,29063778812052,29063779277297,29063779277349,16,21.7225,3.84928,0.00048,1.35968,0.18784,11.6722,4.65245
364,1,0,1e+08,29063780621974,29063781510786,29063781510882,29063781642714,29063781657242,29063782056439,29063782402571,29063782402603,16,17.8063,8.88812,0.00096,1.31832,0.14528,3.99197,3.46132
365,1,0,1e+08,29063783876535,29063784386238,29063784386402,29063784468686,29063784482502,29063784765006,29063785080018,29063785080062,16,12.0353,5.09703,0.00164,0.82284,0.13816,2.82504,3.15012
366,1,0,1e+08,29063786653474,29063787507215,29063787507323,29063787603198,29063787705944,29063788195164,29063788527692,29063788527724,16,18.7425,8.53741,0.00108,0.95875,1.02746,4.8922,3.32528
367,1,0,1e+08,29063789782826,29063790146626,29063790146686,29063790209962,29063790229238,29063790550771,29063790804327,29063790804375,16,10.2155,3.638,0.0006,0.63276,0.19276,3.21533,2.53556
368,1,0,1e+08,29063791943455,29063792240319,29063792240367,29063792296123,29063792307795,29063792606387,29063792885563,29063792885591,16,9.42136,2.96864,0.00048,0.55756,0.11672,2.98592,2.79176
369,1,0,1e+08,29063793912657,29063795346404,29063795346516,29063795413004,29063795428072,29063795736576,29063796022292,29063796022328,16,21.0967,14.3375,0.00112,0.66488,0.15068,3.08504,2.85716
370,1,0,1e+08,29063797112271,29063797456935,29063797456979,29063797517907,29063797535327,29063797885059,29063798220791,29063798220823,16,11.0855,3.44664,0.00044,0.60928,0.1742,3.49732,3.35732
371,1,0,1e+08,29063799206827,29063799660784,29063799660984,29063799837558,29063799882178,29063800558395,29063800988493,29063800988537,16,17.8171,4.53957,0.002,1.76574,0.4462,6.76217,4.30098
372,1,0,1e+08,29063802347570,29063802921343,29063802921431,29063803012089,29063803027577,29063803393449,29063803731645,29063803731677,16,13.8411,5.73773,0.00088,0.90658,0.15488,3.65872,3.38196
373,1,0,1e+08,29063804905843,29063805494589,29063805494789,29063805674396,29063805729921,29063806368505,29063806791117,29063806791157,16,18.8531,5.88746,0.002,1.79607,0.55525,6.38584,4.22612
374,1,0,1e+08,29063808000408,29063808364228,29063808364288,29063808427200,29063808439936,29063808782068,29063809606990,29063809607145,16,16.0674,3.6382,0.0006,0.62912,0.12736,3.42132,8.24922
375,1,0,1e+08,29063811516399,29063811801997,29063811802029,29063811868181,29063811882729,29063812266474,29063812616434,29063812616478,16,11.0008,2.85598,0.00032,0.66152,0.14548,3.83745,3.4996
376,1,0,1e+08,29063813581320,29063813882093,29063813882157,29063813948694,29063813964206,29063814286275,29063814561679,29063814561707,16,9.80387,3.00773,0.00064,0.66537,0.15512,3.22069,2.75404
377,1,0,1e+08,29063815669935,29063816015836,29063816015880,29063816080960,29063816096204,29063816338692,29063816642652,29063816642688,16,9.72753,3.45901,0.00044,0.6508,0.15244,2.42488,3.0396
378,1,0,1e+08,29063817696904,29063818234362,29063818234562,29063818413016,29063818468211,29063819053304,29063819441300,29063819441336,16,17.4443,5.37458,0.002,1.78454,0.55195,5.85093,3.87996
379,1,0,1e+08,29063820581040,29063821616151,29063821616215,29063821772120,29063821786524,29063822127596,29063822431468,29063822431504,16,18.5046,10.3511,0.00064,1.55905,0.14404,3.41072,3.03872
380,1,0,1e+08,29063823482287,29063823757343,29063823757383,29063823819651,29063823833055,29063824758122,29063825239830,29063825239866,16,17.5758,2.75056,0.0004,0.62268,0.13404,9.25067,4.81708
381,1,0,1e+08,29063826497149,29063826789069,29063826789105,29063826842301,29063826856873,29063827124401,29063828025283,29063828025371,16,15.2822,2.9192,0.00036,0.53196,0.14572,2.67528,9.00882
382,1,0,1e+08,29063829466318,29063829692624,29063829692652,29063829747216,29063829760304,29063829975416,29063830284632,29063830284660,16,8.18342,2.26306,0.00028,0.54564,0.13088,2.15112,3.09216
383,1,0,1e+08,29063831297060,29063831644027,29063831644059,29063831695007,29063831709723,29063831917227,29063832191303,29063832191335,16,8.94275,3.46967,0.00032,0.50948,0.14716,2.07504,2.74076
384,1,0,1e+08,29063833211335,29063833919969,29063833920159,29063834055045,29063834098693,29063834605480,29063834962292,29063834962324,16,17.5099,7.08634,0.0019,1.34886,0.43648,5.06787,3.56812
385,1,0,1e+08,29063836306457,29063836547437,29063836547473,29063836601085,29063836616077,29063836868089,29063837179869,29063837179905,16,8.73448,2.4098,0.00036,0.53612,0.14992,2.52012,3.1178
386,1,0,1e+08,29063838239825,29063838994547,29063838994742,29063839140688,29063839187400,29063839662173,29063840037813,29063840037841,16,17.9802,7.54722,0.00195,1.45946,0.46712,4.74773,3.7564
387,1,0,1e+08,29063841303004,29063841759573,29063841759763,29063841937560,29063841976350,29063842621819,29063843016696,29063843016740,16,17.1374,4.56569,0.0019,1.77797,0.3879,6.45469,3.94877
388,1,0,1e+08,29063844216738,29063844506696,29063844506820,29063844561088,29063844576304,29063844823748,29063845117124,29063845117152,16,9.00414,2.89958,0.00124,0.54268,0.15216,2.47444,2.93376
389,1,0,1e+08,29063846221581,29063846715874,29063846716069,29063846895637,29063846933117,29063847633312,29063848004996,29063848005036,16,17.8346,4.94293,0.00195,1.79568,0.3748,7.00195,3.71684
390,1,0,1e+08,29063849367189,29063849980874,29063849981064,29063850159588,29063850197558,29063850694262,29063851069010,29063851069042,16,17.0185,6.13685,0.0019,1.78524,0.3797,4.96704,3.74748
391,1,0,1e+08,29063852186731,29063852541339,29063852541403,29063852643768,29063852680548,29063853158276,29063853476988,29063853477028,16,12.903,3.54608,0.00064,1.02365,0.3678,4.77728,3.18712
392,1,0,1e+08,29063854571533,29063854799075,29063854799107,29063854851479,29063854862775,29063855106439,29063855403295,29063855403323,16,8.3179,2.27542,0.00032,0.52372,0.11296,2.43664,2.96856
393,1,0,1e+08,29063856473959,29063856710395,29063856710439,29063856763487,29063856776483,29063857034987,29063857394167,29063857394207,16,9.20248,2.36436,0.00044,0.53048,0.12996,2.58504,3.5918
394,1,0,1e+08,29063858454955,29063858969874,29063858970074,29063859150391,29063859205989,29063859762776,29063860151672,29063860151704,16,16.9675,5.14919,0.002,1.80317,0.55598,5.56787,3.88896
395,1,0,1e+08,29063861333637,29063861601269,29063861601313,29063861655669,29063861667245,29063862313774,29063862997041,29063862997105,16,16.6347,2.67632,0.00044,0.54356,0.11576,6.46529,6.83267
396,1,0,1e+08,29063864977640,29063865750575,29063865750675,29063865838871,29063865863171,29063866291543,29063866637655,29063866637687,16,16.6005,7.72935,0.001,0.88196,0.243,4.28372,3.46112
397,1,0,1e+08,29063867944323,29063868584132,29063868584332,29063868761980,29063868806330,29063869330350,29063869724727,29063869724771,16,17.8045,6.39809,0.002,1.77648,0.4435,5.2402,3.94377
398,1,0,1e+08,29063871112284,29063871836667,29063871836842,29063871980538,29063872001466,29063872365176,29063873228007,29063873228079,16,21.1579,7.24383,0.00175,1.43696,0.20928,3.6371,8.62831
399,1,0,1e+08,29063874862874,29063875483873,29063875484073,29063875663924,29063875742360,29063876219541,29063876593785,29063876593925,16,17.3105,6.20999,0.002,1.79851,0.78436,4.77181,3.74244
400,1,0,1e+08,29063877845949,29063878612675,29063878612787,29063878708345,29063878739865,29063879181765,29063879533085,29063879533121,16,16.8717,7.66726,0.00112,0.95558,0.3152,4.419,3.5132
401,1,0,1e+08,29063880577028,29063880936884,29063880937052,29063880997144,29063881009268,29063881326068,29063881741352,29063881741392,16,11.6436,3.59856,0.00168,0.60092,0.12124,3.168,4.15284
402,1,0,1e+08,29063882831729,29063883096483,29063883096515,29063883147475,29063883158331,29063883660469,29063884372096,29063884372148,16,15.4042,2.64754,0.00032,0.5096,0.10856,5.02138,7.11627
403,1,0,1e+08,29063885678269,29063886222892,29063886223092,29063886399869,29063886455629,29063887001805,29063887382593,29063887382637,16,17.0437,5.44623,0.002,1.76777,0.5576,5.46176,3.80788
404,1,0,1e+08,29063888584048,29063889064655,29063889064855,29063889276415,29063889321384,29063889882725,29063890260289,29063890260321,16,16.7627,4.80607,0.002,2.1156,0.44969,5.61341,3.77564
405,1,0,1e+08,29063891500718,29063892316571,29063892316671,29063892408872,29063892435168,29063892885044,29063893230116,29063893230152,16,17.2943,8.15853,0.001,0.92201,0.26296,4.49876,3.45072
406,1,0,1e+08,29063894461655,29063895193887,29063895194087,29063895345616,29063895376564,29063895843738,29063896202002,29063896202038,16,17.4038,7.32232,0.002,1.51529,0.30948,4.67174,3.58264
407,1,0,1e+08,29063897490475,29063898418237,29063898418341,29063898512409,29063898544117,29063899025983,29063899391859,29063899391899,16,19.0142,9.27762,0.00104,0.94068,0.31708,4.81866,3.65876
408,1,0,1e+08,29063900475124,29063901057323,29063901057383,29063901161872,29063901177988,29063901539137,29063901869757,29063901869785,16,13.9466,5.82199,0.0006,1.04489,0.16116,3.61149,3.3062
409,1,0,1e+08,29063902920367,29063903433754,29063903433954,29063903611276,29063903665601,29063904351772,29063904714516,29063904714552,16,17.9418,5.13387,0.002,1.77322,0.54325,6.86171,3.62744
410,1,0,1e+08,29063905680272,29063905993472,29063905993524,29063906055624,29063906068976,29063906387828,29063906749440,29063906749488,16,10.6922,3.132,0.00052,0.621,0.13352,3.18852,3.61612
411,1,0,1e+08,29063907765817,29063908019549,29063908019589,29063908075453,29063908091577,29063909085712,29063909558486,29063909558538,16,17.9272,2.53732,0.0004,0.55864,0.16124,9.94135,4.72774
412,1,0,1e+08,29063910793297,29063911045265,29063911045301,29063911093809,29063911104273,29063911391141,29063911842942,29063911842990,16,10.4969,2.51968,0.00036,0.48508,0.10464,2.86868,4.51801
413,1,0,1e+08,29063912860292,29063913341035,29063913341235,29063913520312,29063913562502,29063914194651,29063914610123,29063914610163,16,17.4987,4.80743,0.002,1.79077,0.4219,6.32149,4.15472
414,1,0,1e+08,29063915800954,29063916751272,29063916751336,29063916861345,29063916877965,29063917251499,29063917565275,29063917565307,16,17.6435,9.50318,0.00064,1.10009,0.1662,3.73534,3.13776
415,1,0,1e+08,29063918672809,29063919493736,29063919493828,29063919586000,29063919611988,29063920064489,29063920418325,29063920418365,16,17.4556,8.20927,0.00092,0.92172,0.25988,4.52501,3.53836
416,1,0,1e+08,29063921560238,29063921807422,29063921807470,29063921864430,29063921876314,29063922167746,29063922489294,29063922489326,16,9.29088,2.47184,0.00048,0.5696,0.11884,2.91432,3.21548
417,1,0,1e+08,29063923477333,29063923728898,29063923728938,29063923795770,29063923809038,29063924153529,29063924441045,29063924441081,16,9.63748,2.51565,0.0004,0.66832,0.13268,3.44491,2.87516
418,1,0,1e+08,29063925495813,29063925766407,29063925766447,29063925819307,29063925832031,29063926095863,29063926382931,29063926382959,16,8.87146,2.70594,0.0004,0.5286,0.12724,2.63832,2.87068
419,1,0,1e+08,29063927506809,29063927969360,29063927969555,29063928147950,29063928226424,29063928843560,29063929242861,29063929242901,16,17.3609,4.62551,0.00195,1.78395,0.78474,6.17136,3.99301
420,1,0,1e+08,29063930543791,29063931176736,29063931176796,29063931239388,29063931253356,29063932182582,29063932655625,29063932655665,16,21.1187,6.32945,0.0006,0.62592,0.13968,9.29226,4.73043
421,1,0,1e+08,29063933976335,29063934259985,29063934260025,29063934321217,29063934334825,29063934624913,29063934932861,29063934932897,16,9.56562,2.8365,0.0004,0.61192,0.13608,2.90088,3.07948
422,1,0,1e+08,29063935910873,29063936808196,29063936808296,29063936901580,29063936945448,29063937392217,29063937748293,29063937748325,16,18.3745,8.97323,0.001,0.93284,0.43868,4.46769,3.56076
423,1,0,1e+08,29063938883901,29063939208621,29063939208669,29063939264353,29063939278501,29063939703802,29063940083597,29063940083637,16,11.9974,3.2472,0.00048,0.55684,0.14148,4.25301,3.79795
424,1,0,1e+08,29063941274322,29063941696207,29063941696397,29063941872853,29063941934051,29063942550132,29063942937884,29063942937916,16,16.6359,4.21885,0.0019,1.76456,0.61198,6.16081,3.87752
425,1,0,1e+08,29063944201073,29063945013804,29063945013916,29063945105628,29063945132837,29063945581921,29063945933497,29063945933533,16,17.3246,8.12731,0.00112,0.91712,0.27209,4.49084,3.51576
426,1,0,1e+08,29063947360540,29063947974449,29063947974644,29063948153430,29063948310308,29063948833863,29063949230483,29063949230515,16,18.6998,6.13909,0.00195,1.78786,1.56878,5.23555,3.9662
427,1,0,1e+08,29063950368621,29063950830616,29063950830841,29063951006867,29063951068487,29063951741683,29063952111167,29063952111207,16,17.4259,4.61995,0.00225,1.76026,0.6162,6.73196,3.69484
428,1,0,1e+08,29063953392669,29063953757799,29063953757955,29063953832416,29063953847932,29063954469710,29063954872887,29063954872915,16,14.8025,3.6513,0.00156,0.74461,0.15516,6.21778,4.03177
429,1,0,1e+08,29063955954178,29063956215472,29063956215512,29063956267960,29063956280392,29063956549304,29063956927480,29063956927516,16,9.73338,2.61294,0.0004,0.52448,0.12432,2.68912,3.78176
430,1,0,1e+08,29063957967067,29063958725894,29063958726084,29063958913358,29063958938922,29063959390930,29063959780450,29063959780482,16,18.1342,7.58827,0.0019,1.87274,0.25564,4.52008,3.8952
431,1,0,1e+08,29063960923550,29063961704963,29063961705067,29063961801966,29063961874942,29063962322819,29063962666883,29063962666923,16,17.4337,7.81413,0.00104,0.96899,0.72976,4.47877,3.44064
432,1,0,1e+08,29063963762214,29063964070422,29063964070474,29063964127362,29063964139946,29063964620247,29063965101327,29063965101371,16,13.3916,3.08208,0.00052,0.56888,0.12584,4.80301,4.8108
433,1,0,1e+08,29063966098875,29063966820652,29063966820842,29063966955394,29063967029877,29063967509744,29063967858436,29063967858476,16,17.596,7.21777,0.0019,1.34552,0.74483,4.79867,3.48692
434,1,0,1e+08,29063969041675,29063970269953,29063970270123,29063970553901,29063970591636,29063970974463,29063971249111,29063971249139,16,22.0746,12.2828,0.0017,2.83778,0.37735,3.82827,2.74648
435,1,0,1e+08,29063972384611,29063973431878,29063973431942,29063973608935,29063973629475,29063974016391,29063974317859,29063974317895,16,19.3328,10.4727,0.00064,1.76993,0.2054,3.86916,3.01468
436,1,0,1e+08,29063975319672,29063976180687,29063976180882,29063976352453,29063976372861,29063976882808,29063977242140,29063977242172,16,19.225,8.61015,0.00195,1.71571,0.20408,5.09947,3.59332
437,1,0,1e+08,29063978392498,29063978675434,29063978675482,29063978730762,29063978743026,29063979170725,29063979511217,29063979511257,16,11.1876,2.82936,0.00048,0.5528,0.12264,4.27699,3.40492
438,1,0,1e+08,29063980488846,29063980772319,29063980772363,29063980828507,29063980841879,29063981114511,29063981423071,29063981423115,16,9.34269,2.83473,0.00044,0.56144,0.13372,2.72632,3.0856
439,1,0,1e+08,29063982368051,29063982949260,29063982949450,29063983129232,29063983167437,29063983756310,29063984128850,29063984128890,16,17.6084,5.81209,0.0019,1.79782,0.38205,5.88873,3.7254
440,1,0,1e+08,29063985358599,29063986115996,29063986116100,29063986266304,29063986286432,29063986743756,29063987084388,29063987084420,16,17.2582,7.57397,0.00104,1.50204,0.20128,4.57324,3.40632
441,1,0,1e+08,29063988322161,29063989111765,29063989111873,29063989216829,29063989263037,29063989754637,29063990112965,29063990113001,16,17.9084,7.89604,0.00108,1.04956,0.46208,4.916,3.58328
442,1,0,1e+08,29063991312940,29063992146534,29063992146626,29063992244313,29063992276761,29063992709839,29063993049999,29063993050031,16,17.3709,8.33594,0.00092,0.97687,0.32448,4.33078,3.4016
443,1,0,1e+08,29063994208318,29063994519784,29063994519832,29063994572680,29063994584104,29063994897652,29063995214832,29063995214868,16,10.0655,3.11466,0.00048,0.52848,0.11424,3.13548,3.1718
444,1,0,1e+08,29063996261000,29063997078880,29063997078976,29063997242492,29063997266888,29063997700912,29063998054672,29063998054704,16,17.937,8.1788,0.00096,1.63516,0.24396,4.34024,3.5376
445,1,0,1e+08,29063999181131,29063999529560,29063999529648,29063999619242,29063999635490,29064000143772,29064000534904,29064000534964,16,13.5383,3.48429,0.00088,0.89594,0.16248,5.08282,3.91132
446,1,0,1e+08,29064001639515,29064002252257,29064002252457,29064002430956,29064002472911,29064002995284,29064003376877,29064003376913,16,17.374,6.12742,0.002,1.78499,0.41955,5.22373,3.81593
447,1,0,1e+08,29064004878540,29064006154969,29064006155144,29064006504231,29064006586601,29064007343659,29064007748519,29064007748559,16,28.7002,12.7643,0.00175,3.49087,0.8237,7.57058,4.0486
448,1,0,1e+08,29064010385523,29064010656192,29064010656228,29064010721156,29064010734380,29064011243183,29064012257275,29064012257327,16,18.718,2.70669,0.00036,0.64928,0.13224,5.08803,10.1409
449,1,0,1e+08,29064013984805,29064014905412,29064014905476,29064015038176,29064015055012,29064015436297,29064015763149,29064015763189,16,17.7838,9.20607,0.00064,1.327,0.16836,3.81285,3.26852
450,1,0,1e+08,29064018203460,29064018492176,29064018492212,29064018566480,29064018584076,29064019557008,29064020342068,29064020342120,16,21.3866,2.88716,0.00036,0.74268,0.17596,9.72932,7.8506
451,1,0,1e+08,29064021943081,29064022952306,29064022952370,29064023021511,29064023035335,29064023467220,29064023785968,29064023786008,16,18.4293,10.0922,0.00064,0.69141,0.13824,4.31885,3.18748
452,1,0,1e+08,29064025190075,29064026515152,29064026515692,29064026857392,29064026872008,29064027291228,29064027668276,29064027668316,16,24.7824,13.2508,0.0054,3.417,0.14616,4.1922,3.77048
453,1,0,1e+08,29064028811689,29064029631380,29064029631472,29064029722387,29064029743005,29064030262976,29064030643584,29064030643624,16,18.3194,8.19691,0.00092,0.90915,0.20618,5.19971,3.80608
454,1,0,1e+08,29064032111256,29064032939566,29064032939658,29064033036509,29064033072161,29064033600031,29064033931887,29064033931923,16,18.2067,8.2831,0.00092,0.96851,0.35652,5.2787,3.31856
455,1,0,1e+08,29064035122945,29064035654036,29064035654128,29064035781043,29064035812652,29064036187176,29064036704838,29064036704878,16,15.8193,5.31091,0.00092,1.26915,0.31609,3.74524,5.17662
456,1,0,1e+08,29064039407881,29064040068748,29064040068918,29064040212379,29064040226639,29064041117896,29064041532352,29064041532392,16,21.2451,6.60867,0.0017,1.43461,0.1426,8.91257,4.14456
457,1,0,1e+08,29064042612412,29064043449117,29064043449209,29064043600322,29064043620162,29064044045227,29064044402755,29064044402791,16,17.9038,8.36705,0.00092,1.51113,0.1984,4.25065,3.57528
458,1,0,1e+08,29064045800152,29064047260768,29064047261308,29064047434059,29064047471174,29064048594455,29064048940947,29064048940979,16,31.4083,14.6062,0.0054,1.72751,0.37115,11.2328,3.46492
459,1,0,1e+08,29064050391608,29064051084490,29064051084690,29064051195852,29064051223394,29064051674192,29064052030820,29064052030860,16,16.3925,6.92882,0.002,1.11162,0.27542,4.50798,3.56628
460,1,0,1e+08,29064053413768,29064054519405,29064054519493,29064054613726,29064054632654,29064055044840,29064055346140,29064055346168,16,19.324,11.0564,0.00088,0.94233,0.18928,4.12186,3.013
461,1,0,1e+08,29064057545049,29064057846789,29064057846825,29064057913441,29064057927417,29064058221770,29064058574544,29064058574584,16,10.2953,3.0174,0.00036,0.66616,0.13976,2.94353,3.52774
462,1,0,1e+08,29064059803800,29064060806875,29064060806935,29064060946844,29064060963348,29064061312332,29064061613728,29064061613756,16,18.0996,10.0307,0.0006,1.39909,0.16504,3.48984,3.01396
463,1,0,1e+08,29064062775486,29064063047486,29064063047534,29064063101390,29064063112558,29064063389950,29064063723318,29064063723438,16,9.47952,2.72,0.00048,0.53856,0.11168,2.77392,3.33368
464,1,0,1e+08,29064064791341,29064065062338,29064065062378,29064065115950,29064065127418,29064065533724,29064066097190,29064066097234,16,13.0589,2.70997,0.0004,0.53572,0.11468,4.06306,5.63466
465,1,0,1e+08,29064067209327,29064068013854,29064068013966,29064068108622,29064068129090,29064068586924,29064068938540,29064068938580,16,17.2925,8.04527,0.00112,0.94656,0.20468,4.57834,3.51616
466,1,0,1e+08,29064070327223,29064071336033,29064071336089,29064071416333,29064071427437,29064071707177,29064071982209,29064071982237,16,16.5501,10.0881,0.00056,0.80244,0.11104,2.7974,2.75032
467,1,0,1e+08,29064072968283,29064073259967,29064073260011,29064073317879,29064073329363,29064073648575,29064074025167,29064074025207,16,10.5692,2.91684,0.00044,0.57868,0.11484,3.19212,3.76592
468,1,0,1e+08,29064075016064,29064075613169,29064075613369,29064075794150,29064075841358,29064076525042,29064076905266,29064076905302,16,18.8924,5.97105,0.002,1.80781,0.47208,6.83684,3.80224
469,1,0,1e+08,29064078152130,29064078410347,29064078410399,29064078472639,29064078486931,29064078799043,29064079133911,29064079133951,16,9.81821,2.58217,0.00052,0.6224,0.14292,3.12112,3.34868
470,1,0,1e+08,29064080165628,29064080388740,29064080388780,29064080442808,29064080454276,29064080691564,29064081596126,29064081596198,16,14.3057,2.23112,0.0004,0.54028,0.11468,2.37288,9.04562
471,1,0,1e+08,29064083228367,29064083507155,29064083507203,29064083573623,29064083588299,29064083928511,29064084284671,29064084284711,16,10.5634,2.78788,0.00048,0.6642,0.14676,3.40212,3.5616
472,1,0,1e+08,29064085307501,29064086070795,29064086070985,29064086186828,29064086254872,29064086725263,29064087067427,29064087067459,16,17.5996,7.63294,0.0019,1.15843,0.68044,4.70391,3.42164
473,1,0,1e+08,29064088193399,29064088489965,29064088490017,29064088552249,29064088564097,29064088981634,29064089350802,29064089350846,16,11.5745,2.96566,0.00052,0.62232,0.11848,4.17537,3.69168
474,1,0,1e+08,29064090428484,29064090995468,29064090995668,29064091173416,29064091266495,29064091858417,29064092250373,29064092250405,16,18.2192,5.66984,0.002,1.77748,0.93079,5.91922,3.91956
475,1,0,1e+08,29064093455243,29064093798069,29064093798117,29064093859809,29064093874901,29064094173693,29064094488901,29064094488941,16,10.337,3.42826,0.00048,0.61692,0.15092,2.98792,3.15208
476,1,0,1e+08,29064095439419,29064095698352,29064095698384,29064095752668,29064095766644,29064096690398,29064097136843,29064097136879,16,16.9746,2.58933,0.00032,0.54284,0.13976,9.23754,4.46445
477,1,0,1e+08,29064098436305,29064098792773,29064098792825,29064098857433,29064098871241,29064099191465,29064099531953,29064099532001,16,10.957,3.56468,0.00052,0.64608,0.13808,3.20224,3.40488
478,1,0,1e+08,29064100525260,29064100893384,29064100893440,29064100947580,29064100962284,29064101264000,29064101570464,29064101570492,16,10.4523,3.68124,0.00056,0.5414,0.14704,3.01716,3.06464
479,1,0,1e+08,29064102641795,29064102964401,29064102964433,29064103021209,29064103035209,29064103916052,29064104381794,29064104381842,16,17.4005,3.22606,0.00032,0.56776,0.14,8.80843,4.65742
480,1,0,1e+08,29064105996642,29064106853268,29064106853320,29064106913884,29064106925556,29064107200464,29064107503892,29064107503932,16,15.0729,8.56626,0.00052,0.60564,0.11672,2.74908,3.03428
481,1,0,1e+08,29064108447867,29064108740857,29064108740893,29064108805269,29064108847569,29064109677492,29064110203544,29064110203600,16,17.5573,2.9299,0.00036,0.64376,0.423,8.29923,5.26052
482,1,0,1e+08,29064111569336,29064112413580,29064112413688,29064112508792,29064112607289,29064113064284,29064113423176,29064113423208,16,18.5387,8.44244,0.00108,0.95104,0.98497,4.56995,3.58892
483,1,0,1e+08,29064114536572,29064115305515,29064115305710,29064115504745,29064115525741,29064115998461,29064116356121,29064116356161,16,18.1959,7.68943,0.00195,1.99035,0.20996,4.7272,3.5766
484,1,0,1e+08,29064117752989,29064118565318,29064118565410,29064118657694,29064118681054,29064119206689,29064119554761,29064119554793,16,18.018,8.12329,0.00092,0.92284,0.2336,5.25635,3.48072
485,1,0,1e+08,29064120649478,29064121178275,29064121178363,29064121270027,29064121289195,29064121774853,29064122054933,29064122054969,16,14.0549,5.28797,0.00088,0.91664,0.19168,4.85658,2.8008
486,1,0,1e+08,29064123720717,29064124260402,29064124260602,29064124439746,29064124484511,29064125069226,29064125456166,29064125456198,16,17.3548,5.39685,0.002,1.79144,0.44765,5.84715,3.8694
487,1,0,1e+08,29064126688555,29064127044024,29064127044084,29064127112944,29064127126280,29064127424674,29064127794650,29064127794690,16,11.0613,3.55469,0.0006,0.6886,0.13336,2.98394,3.69976
488,1,0,1e+08,29064129031617,29064129355038,29064129355074,29064129414046,29064129427414,29064129779033,29064130052285,29064130052309,16,10.2069,3.23421,0.00036,0.58972,0.13368,3.51619,2.73252
489,1,0,1e+08,29064131108224,29064131814886,29064131815086,29064131959302,29064131993610,29064132519415,29064132866167,29064132866207,16,17.5798,7.06662,0.002,1.44216,0.34308,5.25805,3.46752
490,1,0,1e+08,29064134031227,29064134415503,29064134415567,29064134481531,29064134494779,29064134820635,29064135145711,29064135145743,16,11.1452,3.84276,0.00064,0.65964,0.13248,3.25856,3.25076
491,1,0,1e+08,29064136151316,29064136420130,29064136420162,29064136471762,29064136482802,29064136696682,29064136990442,29064136990474,16,8.39158,2.68814,0.00032,0.516,0.1104,2.1388,2.9376
492,1,0,1e+08,29064138007377,29064138287432,29064138287464,29064138340184,29064138360900,29064138579548,29064138868108,29064138868140,16,8.60763,2.80055,0.00032,0.5272,0.20716,2.18648,2.8856
493,1,0,1e+08,29064139989230,29064140257746,29064140257786,29064140310154,29064140324370,29064140584602,29064140867582,29064140867618,16,8.78388,2.68516,0.0004,0.52368,0.14216,2.60232,2.8298
494,1,0,1e+08,29064142158695,29064142403539,29064142403579,29064142462935,29064142477943,29064142728859,29064143043123,29064143043151,16,8.84456,2.44844,0.0004,0.59356,0.15008,2.50916,3.14264
495,1,0,1e+08,29064144179377,29064144425165,29064144425201,29064144482893,29064144495369,29064144732949,29064145030445,29064145030481,16,8.51104,2.45788,0.00036,0.57692,0.12476,2.3758,2.97496
496,1,0,1e+08,29064146133796,29064146414682,29064146414714,29064146465346,29064146476062,29064146714618,29064147008090,29064147008122,16,8.74326,2.80886,0.00032,0.50632,0.10716,2.38556,2.93472
497,1,0,1e+08,29064148210021,29064148558214,29064148558250,29064148612850,29064148626714,29064148904438,29064149207778,29064149207814,16,9.97793,3.48193,0.00036,0.546,0.13864,2.77724,3.0334
498,1,0,1e+08,29064150358460,29064150610844,29064150610880,29064150662964,29064150677796,29064151170836,29064151959923,29064151959971,16,16.0151,2.52384,0.00036,0.52084,0.14832,4.9304,7.89087
499,1,0,1e+08,29064153839557,29064154589683,29064154589747,29064154665584,29064154683396,29064155051776,29064155394880,29064155394912,16,15.5535,7.50126,0.00064,0.75837,0.17812,3.6838,3.43104
500,1,0,1e+08,29064157987088,29064158399307,29064158399482,29064158582798,29064158695383,29064159568812,29064159995340,29064159995376,16,20.0829,4.12219,0.00175,1.83316,1.12585,8.73429,4.26528
501,1,0,1e+08,29064162589159,29064162853115,29064162853147,29064162909311,29064162920211,29064163177688,29064163984227,29064163984392,16,13.9523,2.63956,0.00032,0.56164,0.109,2.57477,8.06539
502,1,0,1e+08,29064165117496,29064166067558,29064166067650,29064166204527,29064166222927,29064166627265,29064166955269,29064166955301,16,18.378,9.50062,0.00092,1.36877,0.184,4.04338,3.28004
503,1,0,1e+08,29064169173679,29064169513708,29064169513744,29064169589368,29064169607424,29064169846996,29064170502863,29064170503028,16,13.2935,3.40029,0.00036,0.75624,0.18056,2.39572,6.55867
504,1,0,1e+08,29064173013627,29064173936406,29064173936502,29064174026885,29064174045853,29064174528453,29064174870269,29064174870301,16,18.5667,9.22779,0.00096,0.90383,0.18968,4.826,3.41816
505,1,0,1e+08,29064176402772,29064177178788,29064177178944,29064177275550,29064177295198,29064177688712,29064178029308,29064178029352,16,16.2658,7.76016,0.00156,0.96606,0.19648,3.93514,3.40596
506,1,0,1e+08,29064179336208,29064180120210,29064180120322,29064180212162,29064180234294,29064180682716,29064181036960,29064181036996,16,17.0079,7.84002,0.00112,0.9184,0.22132,4.48422,3.54244
507,1,0,1e+08,29064182248795,29064182877235,29064182877323,29064182972892,29064182992360,29064183608510,29064183919626,29064183919670,16,16.7088,6.2844,0.00088,0.95569,0.19468,6.1615,3.11116
508,1,0,1e+08,29064185232878,29064185567313,29064185567365,29064185632065,29064185646093,29064185954033,29064186275589,29064186275621,16,10.4274,3.34435,0.00052,0.647,0.14028,3.0794,3.21556
509,1,0,1e+08,29064187560802,29064188386478,29064188386578,29064188478610,29064188509664,29064188963789,29064189319917,29064189319957,16,17.5916,8.25676,0.001,0.92032,0.31054,4.54125,3.56128
510,1,0,1e+08,29064190631290,29064191283631,29064191283719,29064191422451,29064191445079,29064192664848,29064193584033,29064193584081,16,29.5279,6.52341,0.00088,1.38732,0.22628,12.1977,9.19185
511,1,0,1e+08,29064195295688,29064195836920,29064195836984,29064195932698,29064195952371,29064196376243,29064196779867,29064196779927,16,14.8424,5.41232,0.00064,0.95714,0.19673,4.23872,4.03624
512,1,0,1e+08,29064197954121,29064198855230,29064198855322,29064198986055,29064199014435,29064199452655,29064199766347,29064199766383,16,18.1226,9.01109,0.00092,1.30733,0.2838,4.3822,3.13692
513,1,0,1e+08,29064201032547,29064201583769,29064201583829,29064201726165,29064201770825,29064202244425,29064203051161,29064203051213,16,20.1867,5.51222,0.0006,1.42336,0.4466,4.736,8.06736
514,1,0,1e+08,29064204570998,29064204887348,29064204887404,29064204967832,29064204985684,29064205890614,29064206449319,29064206449367,16,18.7837,3.1635,0.00056,0.80428,0.17852,9.0493,5.58705
515,1,0,1e+08,29064207850630,29064208650637,29064208650827,29064208880214,29064208902154,29064209346652,29064209691432,29064209691472,16,18.4084,8.00007,0.0019,2.29387,0.2194,4.44498,3.4478
516,1,0,1e+08,29064211106426,29064212114223,29064212114287,29064212232224,29064212248912,29064212658565,29064212960645,29064212960677,16,18.5425,10.078,0.00064,1.17937,0.16688,4.09653,3.0208
517,1,0,1e+08,29064214327038,29064215147735,29064215147831,29064215243558,29064215288182,29064215828001,29064216177445,29064216177485,16,18.5045,8.20697,0.00096,0.95727,0.44624,5.39819,3.49444
518,1,0,1e+08,29064217518624,29064220343934,29064220344449,29064220517231,29064220646989,29064221501747,29064221806383,29064221806427,16,42.878,28.2531,0.00515,1.72782,1.29758,8.54758,3.04636
519,1,0,1e+08,29064225216554,29064225677204,29064225677256,29064225746820,29064225765112,29064226084944,29064226367108,29064226367144,16,11.5059,4.6065,0.00052,0.69564,0.18292,3.19832,2.82164
520,1,0,1e+08,29064227720828,29064228949259,29064228949799,29064229121503,29064229141555,29064229588526,29064230095645,29064230095689,16,23.7486,12.2843,0.0054,1.71704,0.20052,4.46971,5.07119
521,1,0,1e+08,29064231152453,29064231806476,29064231806666,29064231984020,29064232017745,29064232646143,29064233025943,29064233025987,16,18.7353,6.54023,0.0019,1.77354,0.33725,6.28398,3.798
522,1,0,1e+08,29064234473432,29064235496875,29064235496967,29064235623016,29064235639680,29064236044572,29064236368804,29064236368836,16,18.954,10.2344,0.00092,1.26049,0.16664,4.04892,3.24232
523,1,0,1e+08,29064237529993,29064238326956,29064238327060,29064238419016,29064238449368,29064238985724,29064239353664,29064239353700,16,18.2371,7.96963,0.00104,0.91956,0.30352,5.36356,3.6794
524,1,0,1e+08,29064241856302,29064242206338,29064242206374,29064242288058,29064242300034,29064242629113,29064243290376,29064243290416,16,14.3411,3.50036,0.00036,0.81684,0.11976,3.29079,6.61263
525,1,0,1e+08,29064244500763,29064245293571,29064245293671,29064245385967,29064245429926,29064245931271,29064246276191,29064246276231,16,17.7547,7.92808,0.001,0.92296,0.43959,5.01345,3.4492
526,1,0,1e+08,29064247625086,29064248441432,29064248441524,29064248536006,29064248560966,29064249021120,29064249367408,29064249367440,16,17.4235,8.16346,0.00092,0.94482,0.2496,4.60154,3.46288
527,1,0,1e+08,29064250721980,29064251156391,29064251156459,29064251230279,29064251246103,29064251629196,29064252465996,29064252466451,16,17.4447,4.34411,0.00068,0.7382,0.15824,3.83093,8.368
528,1,0,1e+08,29064254509350,29064255339022,29064255339197,29064255481676,29064255500496,29064256076001,29064256483674,29064256483710,16,19.7436,8.29672,0.00175,1.42479,0.1882,5.75505,4.07673
529,1,0,1e+08,29064257792651,29064258131840,29064258131900,29064258233165,29064258247505,29064258686404,29064259019384,29064259019432,16,12.2678,3.39189,0.0006,1.01265,0.1434,4.38899,3.3298
530,1,0,1e+08,29064260091551,29064260480630,29064260480694,29064260554862,29064260568186,29064260980458,29064261428332,29064261428376,16,13.3682,3.89079,0.00064,0.74168,0.13324,4.12272,4.47874
531,1,0,1e+08,29064262773169,29064263479523,29064263479713,29064263642525,29064263676673,29064264198282,29064264577350,29064264577394,16,18.0422,7.06354,0.0019,1.62812,0.34148,5.21609,3.79068
532,1,0,1e+08,29064266207034,29064266804723,29064266804779,29064266872047,29064266886451,29064267206535,29064267490191,29064267490219,16,12.8319,5.97689,0.00056,0.67268,0.14404,3.20084,2.83656
533,1,0,1e+08,29064268772513,29064269638882,29064269638974,29064269774114,29064269792190,29064270212743,29064270554691,29064270554731,16,17.8222,8.66369,0.00092,1.3514,0.18076,4.20553,3.41948
534,1,0,1e+08,29064272071219,29064272985318,29064272985382,29064273162215,29064273178991,29064273529815,29064273835463,29064273835491,16,17.6427,9.14099,0.00064,1.76833,0.16776,3.50824,3.05648
535,1,0,1e+08,29064275165195,29064275856271,29064275856327,29064275961867,29064275979091,29064277009468,29064277520071,29064277520119,16,23.5492,6.91076,0.00056,1.0554,0.17224,10.3038,5.10603
536,1,0,1e+08,29064279316632,29064280361444,29064280361540,29064280550210,29064280564694,29064280968321,29064281304729,29064281304761,16,19.8813,10.4481,0.00096,1.8867,0.14484,4.03627,3.36408
537,1,0,1e+08,29064282623481,29064283331443,29064283331487,29064283404003,29064283419027,29064283801303,29064284103727,29064284103763,16,14.8028,7.07962,0.00044,0.72516,0.15024,3.82276,3.02424
538,1,0,1e+08,29064285518669,29064286261440,29064286261630,29064286392753,29064286424316,29064286964269,29064287326981,29064287327017,16,18.0835,7.42771,0.0019,1.31123,0.31563,5.39953,3.62712
539,1,0,1e+08,29064288940518,29064289804272,29064289804467,29064289907528,29064289942976,29064290449984,29064290794600,29064290794644,16,18.5413,8.63754,0.00195,1.03061,0.35448,5.07008,3.44616
540,1,0,1e+08,29064292407630,29064293411066,29064293411154,29064293488140,29064293502248,29064293909525,29064294346277,29064294346305,16,19.3868,10.0344,0.00088,0.76986,0.14108,4.07277,4.36752
541,1,0,1e+08,29064295688982,29064296103510,29064296103554,29064296171022,29064296187342,29064297056276,29064297594596,29064297594652,16,19.0567,4.14528,0.00044,0.67468,0.1632,8.68934,5.3832
542,1,0,1e+08,29064299008617,29064299595934,29064299596022,29064299697079,29064299719671,29064300568020,29064300828996,29064300829024,16,18.2041,5.87317,0.00088,1.01057,0.22592,8.48349,2.60976
543,1,0,1e+08,29064302083014,29064302678121,29064302678209,29064302770895,29064302787091,29064303337400,29064303753433,29064303753481,16,16.7047,5.95107,0.00088,0.92686,0.16196,5.50309,4.16033
544,1,0,1e+08,29064304925369,29064305859753,29064305859985,29064305944716,29064305963336,29064306385089,29064306716233,29064306716265,16,17.909,9.34384,0.00232,0.84731,0.1862,4.21753,3.31144
545,1,0,1e+08,29064307854803,29064308231544,29064308231719,29064308511905,29064308530013,29064309086679,29064309763284,29064309763449,16,19.0865,3.76741,0.00175,2.80186,0.18108,5.56666,6.76605
546,1,0,1e+08,29064311203097,29064312231521,29064312231581,29064312392433,29064312427649,29064312768305,29064313108349,29064313108377,16,19.0528,10.2842,0.0006,1.60852,0.35216,3.40656,3.40044
547,1,0,1e+08,29064314401345,29064314736807,29064314736863,29064314794879,29064314806795,29064315295156,29064315678641,29064315678685,16,12.7734,3.35462,0.00056,0.58016,0.11916,4.88361,3.83485
548,1,0,1e+08,29064318385683,29064319088918,29064319089108,29064319199212,29064319222700,29064319680060,29064320048380,29064320048416,16,16.6273,7.03235,0.0019,1.10104,0.23488,4.5736,3.6832
549,1,0,1e+08,29064321383755,29064322267364,29064322267456,29064322397782,29064322414235,29064322809328,29064323141368,29064323141408,16,17.5765,8.83609,0.00092,1.30326,0.16453,3.95093,3.3204
550,1,0,1e+08,29064324346728,29064324965248,29064324965438,29064325144883,29064325268740,29064325826224,29064326207276,29064326207312,16,18.6058,6.1852,0.0019,1.79445,1.23857,5.57484,3.81052
551,1,0,1e+08,29064327577208,29064328325060,29064328325124,29064328469145,29064328484537,29064328793230,29064329092106,29064329092146,16,15.1494,7.47852,0.00064,1.44021,0.15392,3.08693,2.98876
552,1,0,1e+08,29064330228169,29064330998340,29064330998530,29064331111835,29064331137215,29064331661909,29064331995353,29064331995381,16,17.6721,7.70171,0.0019,1.13305,0.2538,5.24694,3.33444
553,1,0,1e+08,29064333217504,29064334008151,29064334008361,29064334117172,29064334162060,29064334642792,29064335013324,29064335013364,16,17.9586,7.90647,0.0021,1.08811,0.44888,4.80732,3.70532
554,1,0,1e+08,29064336362288,29064337553347,29064337553435,29064337642626,29064337661226,29064338262659,29064338695227,29064338695263,16,23.3298,11.9106,0.00088,0.89191,0.186,6.01433,4.32568
555,1,0,1e+08,29064340808155,29064341141929,29064341141969,29064341228521,29064341255225,29064341509393,29064341754185,29064341754217,16,9.46062,3.33774,0.0004,0.86552,0.26704,2.54168,2.44792
556,1,0,1e+08,29064342957621,29064343257293,29064343257345,29064343313817,29064343330361,29064343808397,29064344214834,29064344214862,16,12.5724,2.99672,0.00052,0.56472,0.16544,4.78036,4.06437
557,1,0,1e+08,29064345506979,29064345867399,29064345867451,29064345926535,29064345940227,29064346303143,29064346998355,29064346998540,16,14.9156,3.6042,0.00052,0.59084,0.13692,3.62916,6.95212
558,1,0,1e+08,29064348989284,29064349763841,29064349764031,29064349884655,29064349917947,29064350426488,29064350773760,29064350773792,16,17.8451,7.74557,0.0019,1.20624,0.33292,5.08541,3.47272
559,1,0,1e+08,29064353140118,29064353467802,29064353467842,29064353520662,29064353531606,29064353758302,29064354268813,29064354268998,16,11.2888,3.27684,0.0004,0.5282,0.10944,2.26696,5.10511
560,1,0,1e+08,29064356703919,29064357064527,29064357064591,29064357135459,29064357152243,29064358065115,29064358778297,29064358778349,16,20.7443,3.60608,0.00064,0.70868,0.16784,9.12872,7.13182
561,1,0,1e+08,29064360278566,29064360927046,29064360927110,29064361002786,29064361020838,29064361388542,29064361742218,29064361742254,16,14.6369,6.4848,0.00064,0.75676,0.18052,3.67704,3.53676
562,1,0,1e+08,29064362839482,29064363162158,29064363162206,29064363222750,29064363235306,29064363537918,29064363885342,29064363885382,16,10.459,3.22676,0.00048,0.60544,0.12556,3.02612,3.47424
563,1,0,1e+08,29064365409285,29064366432879,29064366432943,29064366506847,29064366522359,29064366887743,29064367197555,29064367197595,16,17.8831,10.2359,0.00064,0.73904,0.15512,3.65384,3.09812
564,1,0,1e+08,29064368425065,29064369409424,29064369409524,29064369489767,29064369568676,29064369948089,29064370266757,29064370266785,16,18.4172,9.84359,0.001,0.80243,0.78909,3.79413,3.18668
565,1,0,1e+08,29064371776907,29064373175438,29064373175878,29064373329231,29064373348179,29064373744555,29064374045151,29064374045191,16,22.6828,13.9853,0.0044,1.53353,0.18948,3.96376,3.00596
566,1,0,1e+08,29064375346741,29064375743910,29064375743950,29064375801318,29064375813934,29064376109018,29064377019488,29064377019540,16,16.728,3.97169,0.0004,0.57368,0.12616,2.95084,9.1047
567,1,0,1e+08,29064378736020,29064379144870,29064379145040,29064379319571,29064379450035,29064380186442,29064380603506,29064380603558,16,18.6754,4.0885,0.0017,1.74531,1.30464,7.36407,4.17064
568,1,0,1e+08,29064382018209,29064382392316,29064382392368,29064382467760,29064382486644,29064383115214,29064383499886,29064383499918,16,14.8171,3.74107,0.00052,0.75392,0.18884,6.2857,3.84672
569,1,0,1e+08,29064384931342,29064385744945,29064385745041,29064385838092,29064385865396,29064386319906,29064386682574,29064386682618,16,17.5128,8.13603,0.00096,0.93051,0.27304,4.5451,3.62668
570,1,0,1e+08,29064388378608,29064389378678,29064389378873,29064389554179,29064389614438,29064390309104,29064390692908,29064390692944,16,23.1434,10.0007,0.00195,1.75306,0.60259,6.94666,3.83804
571,1,0,1e+08,29064392864513,29064393337500,29064393337552,29064393425704,29064393438504,29064393723080,29064393999972,29064394000008,16,11.355,4.72987,0.00052,0.88152,0.128,2.84576,2.76892
572,1,0,1e+08,29064396627680,29064396998418,29064396998478,29064397090154,29064397109986,29064398083455,29064398431315,29064398431355,16,18.0368,3.70738,0.0006,0.91676,0.19832,9.73469,3.4786
573,1,0,1e+08,29064400145236,29064400545889,29064400545941,29064400644745,29064400664749,29064400987521,29064401913023,29064401913115,16,17.6788,4.00653,0.00052,0.98804,0.20004,3.22772,9.25502
574,1,0,1e+08,29064403585925,29064404421641,29064404421814,29064404598833,29064404680609,29064405568368,29064405985625,29064405985661,16,23.9974,8.35716,0.00173,1.77019,0.81776,8.87759,4.17257
575,1,0,1e+08,29064407489523,29064408301446,29064408301510,29064408499781,29064408539007,29064409003835,29064409466248,29064409466300,16,19.7678,8.11923,0.00064,1.98271,0.39226,4.64828,4.62413
576,1,0,1e+08,29064411176632,29064411996536,29064411996628,29064412091253,29064412117902,29064412558965,29064412920017,29064412920049,16,17.4342,8.19904,0.00092,0.94625,0.26649,4.41063,3.61052
577,1,0,1e+08,29064414461979,29064415108842,29064415108934,29064415215206,29064415236419,29064415672866,29064416019726,29064416019766,16,15.5779,6.46863,0.00092,1.06272,0.21213,4.36447,3.4686
578,1,0,1e+08,29064418964954,29064420105101,29064420105276,29064420278787,29064420315492,29064420713091,29064421612320,29064421612392,16,26.4744,11.4015,0.00175,1.73511,0.36705,3.97599,8.99229
579,1,0,1e+08,29064423605454,29064424715896,29064424716076,29064424986460,29064425023063,29064425455860,29064425862024,29064425862072,16,22.5662,11.1044,0.0018,2.70384,0.36603,4.32797,4.06164
580,1,0,1e+08,29064427282034,29064428149414,29064428149510,29064428343844,29064428360896,29064428775080,29064429120012,29064429120044,16,18.3801,8.6738,0.00096,1.94334,0.17052,4.14184,3.44932
581,1,0,1e+08,29064430550292,29064431471035,29064431471131,29064431550429,29064431571241,29064432066362,29064432401382,29064432401418,16,18.5113,9.20743,0.00096,0.79298,0.20812,4.95121,3.3502
582,1,0,1e+08,29064433629304,29064434126031,29064434126123,29064434223907,29064434263159,29064434793995,29064435182399,29064435182435,16,15.5313,4.96727,0.00092,0.97784,0.39252,5.30836,3.88404
583,1,0,1e+08,29064436417868,29064436774455,29064436774507,29064436841895,29064436858355,29064437291047,29064437635155,29064437635195,16,12.1733,3.56587,0.00052,0.67388,0.1646,4.32692,3.44108
584,1,0,1e+08,29064438841035,29064439590683,29064439590883,29064439702764,29064439736728,29064440194948,29064440553852,29064440553884,16,17.1285,7.49648,0.002,1.11881,0.33964,4.5822,3.58904
585,1,0,1e+08,29064442141808,29064443331160,29064443331256,29064443523488,29064443538004,29064443964719,29064444304127,29064444304167,16,21.6236,11.8935,0.00096,1.92232,0.14516,4.26715,3.39408
586,1,0,1e+08,29064445780725,29064446581333,29064446581425,29064446671949,29064446690757,29064447184551,29064448103039,29064448103111,16,23.2239,8.00608,0.00092,0.90524,0.18808,4.93794,9.18488
587,1,0,1e+08,29064450514170,29064451027503,29064451027563,29064451132467,29064451146991,29064451460371,29064451751379,29064451751415,16,12.3725,5.13333,0.0006,1.04904,0.14524,3.1338,2.91008
588,1,0,1e+08,29064454529711,29064455214456,29064455214651,29064455389538,29064455423690,29064455918037,29064456293045,29064456293081,16,17.6337,6.84745,0.00195,1.74887,0.34152,4.94347,3.75008
589,1,0,1e+08,29064457830387,29064458510076,29064458510136,29064458602244,29064458620239,29064459072947,29064459391495,29064459391539,16,15.6115,6.79689,0.0006,0.92108,0.17995,4.52708,3.18548
590,1,0,1e+08,29064460636188,29064461231575,29064461231779,29064461300703,29064461314771,29064461630455,29064462028544,29064462028576,16,13.9239,5.95387,0.00204,0.68924,0.14068,3.15684,3.98089
591,1,0,1e+08,29064463307265,29064464158010,29064464158102,29064464256918,29064464350044,29064464764012,29064465110264,29064465110376,16,18.0311,8.50745,0.00092,0.98816,0.93126,4.13968,3.46252
592,1,0,1e+08,29064466468894,29064467352424,29064467352516,29064467444872,29064467464880,29064467904144,29064468228712,29064468228740,16,17.5985,8.8353,0.00092,0.92356,0.20008,4.39264,3.24568
593,1,0,1e+08,29064469590721,29064470874993,29064470875163,29064471128146,29064471166001,29064472198624,29064472643681,29064472643725,16,30.53,12.8427,0.0017,2.52983,0.37855,10.3262,4.45057
594,1,0,1e+08,29064474839720,29064475295010,29064475295066,29064475361702,29064475373918,29064475691778,29064475983042,29064475983074,16,11.4335,4.5529,0.00056,0.66636,0.12216,3.1786,2.91264
595,1,0,1e+08,29064477222508,29064478254727,29064478254791,29064478446171,29064478484047,29064478845528,29064479152540,29064479152580,16,19.3007,10.3222,0.00064,1.9138,0.37876,3.61481,3.07012
596,1,0,1e+08,29064480425643,29064481033853,29064481033893,29064481102369,29064481118137,29064481517779,29064481849979,29064481850011,16,14.2437,6.0821,0.0004,0.68476,0.15768,3.99642,3.322
597,1,0,1e+08,29064482877347,29064483277188,29064483277236,29064483339920,29064483352908,29064483691620,29064484056608,29064484056656,16,11.7931,3.99841,0.00048,0.62684,0.12988,3.38712,3.64988
598,1,0,1e+08,29064485284145,29064485586377,29064485586413,29064485641805,29064485653993,29064486000769,29064486295325,29064486295357,16,10.1121,3.02232,0.00036,0.55392,0.12188,3.46776,2.94556
599,1,0,1e+08,29064487647490,29064488469190,29064488469282,29064488606644,29064488627660,29064489043429,29064489392961,29064489392997,16,17.4551,8.217,0.00092,1.37362,0.21016,4.15769,3.49532
600,1,0,1e+08,29064491546362,29064491880447,29064491880487,29064491945315,29064491958907,29064492213723,29064492455799,29064492455823,16,9.09461,3.34085,0.0004,0.64828,0.13592,2.54816,2.42076
601,1,0,1e+08,29064493817547,29064494674312,29064494674408,29064494768448,29064494792324,29064495306380,29064495633764,29064495633800,16,18.1625,8.56765,0.00096,0.9404,0.23876,5.14056,3.27384
602,1,0,1e+08,29064496789660,29064497146519,29064497146579,29064497212079,29064497231855,29064497611191,29064497949219,29064497949251,16,11.5959,3.56859,0.0006,0.655,0.19776,3.79336,3.38028
603,1,0,1e+08,29064499228253,29064500031532,29064500031644,29064500124228,29064500154884,29064500638360,29064501006800,29064501006840,16,17.7859,8.03279,0.00112,0.92584,0.30656,4.83476,3.6844
604,1,0,1e+08,29064502368321,29064503166297,29064503166397,29064503267393,29064503284822,29064503569638,29064503932314,29064503932358,16,15.6404,7.97976,0.001,1.00996,0.17429,2.84816,3.62676
605,1,0,1e+08,29064505065532,29064505853523,29064505853615,29064505985171,29064506006127,29064506463605,29064506825521,29064506825561,16,17.6003,7.87991,0.00092,1.31556,0.20956,4.57478,3.61916
606,1,0,1e+08,29064508500589,29064509371115,29064509371215,29064509497927,29064509517291,29064509934381,29064510280357,29064510280389,16,17.798,8.70526,0.001,1.26712,0.19364,4.1709,3.45976
607,1,0,1e+08,29064511721519,29064512022743,29064512022791,29064512083887,29064512097035,29064512393379,29064512696719,29064512696759,16,9.7524,3.01224,0.00048,0.61096,0.13148,2.96344,3.0334
608,1,0,1e+08,29064513926372,29064514642345,29064514642540,29064514828313,29064514848945,29064515404306,29064515779734,29064515779766,16,18.5339,7.15973,0.00195,1.85773,0.20632,5.55361,3.75428
609,1,0,1e+08,29064517185952,29064517538720,29064517538780,29064517611464,29064517626808,29064518135533,29064518492617,29064518492657,16,13.0671,3.52768,0.0006,0.72684,0.15344,5.08725,3.57084
610,1,0,1e+08,29064519521690,29064519906515,29064519906567,29064519981891,29064519995755,29064520644987,29064521500622,29064521500694,16,19.79,3.84825,0.00052,0.75324,0.13864,6.49232,8.55635
611,1,0,1e+08,29064523301994,29064524363929,29064524363993,29064524426461,29064524443985,29064524858322,29064525193106,29064525193146,16,18.9115,10.6193,0.00064,0.62468,0.17524,4.14337,3.34784
612,1,0,1e+08,29064526618328,29064527602756,29064527602820,29064527748516,29064527764096,29064528196140,29064528511276,29064528511312,16,18.9298,9.84428,0.00064,1.45696,0.1558,4.32044,3.15136
613,1,0,1e+08,29064529905312,29064530748695,29064530748791,29064530877448,29064530900248,29064531330416,29064531683948,29064531683988,16,17.7868,8.43383,0.00096,1.28657,0.228,4.30168,3.53532
614,1,0,1e+08,29064533091710,29064533944508,29064533944600,29064534037520,29064534080272,29064534515711,29064534876355,29064534876391,16,17.8468,8.52798,0.00092,0.9292,0.42752,4.35439,3.60644
615,1,0,1e+08,29064536113652,29064536714928,29064536715016,29064536882258,29064536919073,29064537960834,29064538418955,29064538419011,16,23.0536,6.01276,0.00088,1.67242,0.36815,10.4176,4.58121
616,1,0,1e+08,29064539640390,29064540189526,29064540189586,29064540268558,29064540285778,29064540853020,29064541654455,29064541654531,16,20.1414,5.49136,0.0006,0.78972,0.1722,5.67242,8.01435
617,1,0,1e+08,29064543416447,29064543818016,29064543818084,29064543890328,29064543905516,29064544339867,29064544923351,29064544923439,16,15.0699,4.01569,0.00068,0.72244,0.15188,4.34351,5.83484
618,1,0,1e+08,29064546117032,29064547269076,29064547269236,29064547337456,29064547353880,29064547715540,29064548024628,29064548024660,16,19.0763,11.5204,0.0016,0.6822,0.16424,3.6166,3.09088
619,1,0,1e+08,29064549404484,29064549798808,29064549798860,29064549866904,29064549881580,29064550396772,29064551300236,29064551300328,16,18.9584,3.94324,0.00052,0.68044,0.14676,5.15192,9.03464
620,1,0,1e+08,29064553040627,29064554039846,29064554040026,29064554213665,29064554250020,29064554930537,29064555313681,29064555313717,16,22.7309,9.99219,0.0018,1.73639,0.36355,6.80517,3.83144
621,1,0,1e+08,29064556622772,29064557453197,29064557453293,29064557614872,29064557633047,29064558092104,29064558430464,29064558430504,16,18.0773,8.30425,0.00096,1.61579,0.18175,4.59057,3.3836
622,1,0,1e+08,29064559581266,29064560195151,29064560195247,29064560361158,29064560377354,29064560949363,29064561270339,29064561270371,16,16.891,6.13885,0.00096,1.65911,0.16196,5.72009,3.20976
623,1,0,1e+08,29064562645298,29064562972471,29064562972515,29064563035331,29064563049775,29064563420144,29064563757724,29064563757760,16,11.1246,3.27173,0.00044,0.62816,0.14444,3.70369,3.3758
624,1,0,1e+08,29064565054285,29064565406126,29064565406182,29064565479447,29064565495091,29064565854775,29064566272791,29064566272819,16,12.1853,3.51841,0.00056,0.73265,0.15644,3.59684,4.18016
625,1,0,1e+08,29064567557874,29064568459494,29064568459586,29064568546744,29064568565256,29064569023136,29064569348712,29064569348752,16,17.9088,9.0162,0.00092,0.87158,0.18512,4.5788,3.25576
626,1,0,1e+08,29064570830140,29064572117461,29064572117631,29064572292707,29064572304555,29064573021255,29064573959892,29064573959964,16,31.2982,12.8732,0.0017,1.75076,0.11848,7.167,9.38637
627,1,0,1e+08,29064575831605,29064576714602,29064576714694,29064576790927,29064576891676,29064577270109,29064577590797,29064577590837,16,17.5923,8.82997,0.00092,0.76233,1.00749,3.78433,3.20688
628,1,0,1e+08,29064578964342,29064579690823,29064579691023,29064579854850,29064579886174,29064580423331,29064580777287,29064580777323,16,18.1298,7.26481,0.002,1.63827,0.31324,5.37157,3.53956
629,1,0,1e+08,29064582406962,29064582877458,29064582877546,29064582969493,29064582988869,29064583755416,29064584114852,29064584114896,16,17.0793,4.70496,0.00088,0.91947,0.19376,7.66547,3.59436
630,1,0,1e+08,29064585361492,29064586308898,29064586308994,29064586395224,29064586431892,29064586865769,29064587187733,29064587187765,16,18.2627,9.47406,0.00096,0.8623,0.36668,4.33877,3.21964
631,1,0,1e+08,29064588538112,29064588927598,29064588927658,29064589011570,29064589029258,29064589439851,29064589924591,29064589924651,16,13.8654,3.89486,0.0006,0.83912,0.17688,4.10593,4.8474
632,1,0,1e+08,29064591281528,29064591660298,29064591660450,29064591737299,29064591753619,29064592134052,29064592440900,29064592440936,16,11.5941,3.7877,0.00152,0.76849,0.1632,3.80433,3.06848
633,1,0,1e+08,29064593656337,29064594452180,29064594452280,29064594546795,29064594570127,29064595086500,29064595442692,29064595442728,16,17.8639,7.95843,0.001,0.94515,0.23332,5.16373,3.56192
634,1,0,1e+08,29064596605538,29064597488654,29064597488742,29064597632325,29064597652673,29064598239389,29064598585038,29064598585066,16,19.7953,8.83116,0.00088,1.43583,0.20348,5.86716,3.45649
635,1,0,1e+08,29064599790256,29064600123432,29064600123480,29064600214948,29064600229452,29064600617571,29064600933763,29064600933795,16,11.4354,3.33176,0.00048,0.91468,0.14504,3.88119,3.16192
636,1,0,1e+08,29064603519631,29064603980214,29064603980384,29064604154821,29064604215381,29064605061472,29064605484805,29064605484841,16,19.6521,4.60583,0.0017,1.74437,0.6056,8.46091,4.23333
637,1,0,1e+08,29064608368164,29064608652245,29064608652305,29064608719133,29064608733302,29064609562649,29064610484815,29064610484883,16,21.1672,2.84081,0.0006,0.66828,0.14169,8.29347,9.22166
638,1,0,1e+08,29064611996618,29064613036828,29064613036998,29064613212340,29064613241197,29064613914479,29064614315659,29064614315703,16,23.1908,10.4021,0.0017,1.75342,0.28857,6.73282,4.0118
639,1,0,1e+08,29064615608254,29064616081125,29064616081300,29064616177351,29064616192407,29064616499059,29064616864547,29064616864607,16,12.5635,4.72871,0.00175,0.96051,0.15056,3.06652,3.65488
640,1,0,1e+08,29064617897949,29064618687572,29064618687672,29064618778628,29064618800772,29064619232066,29064619582618,29064619582650,16,16.847,7.89623,0.001,0.90956,0.22144,4.31294,3.50552
641,1,0,1e+08,29064621192431,29064622452465,29064622452553,29064622542502,29064622561558,29064623315985,29064624270125,29064624270185,16,30.7775,12.6003,0.00088,0.89949,0.19056,7.54427,9.5414
642,1,0,1e+08,29064626212918,29064626936312,29064626936376,29064627027316,29064627070856,29064627429008,29064627727836,29064627727864,16,15.1495,7.23394,0.00064,0.9094,0.4354,3.58152,2.98828
643,1,0,1e+08,29064628998674,29064629361233,29064629361289,29064629444665,29064629464009,29064629986626,29064631012888,29064631012980,16,20.1431,3.62559,0.00056,0.83376,0.19344,5.22617,10.2626
644,1,0,1e+08,29064632824538,29064633695738,29064633695834,29064633791402,29064633824826,29064634315941,29064634646545,29064634646577,16,18.2204,8.712,0.00096,0.95568,0.33424,4.91115,3.30604
645,1,0,1e+08,29064635807402,29064636535141,29064636535233,29064636631258,29064636651450,29064637460166,29064638406958,29064638407050,16,25.9965,7.27739,0.00092,0.96025,0.20192,8.08716,9.46792
646,1,0,1e+08,29064640050209,29064640893296,29064640893388,29064640988879,29064641009439,29064641492593,29064641830097,29064641830129,16,17.7992,8.43087,0.00092,0.95491,0.2056,4.83154,3.37504
647,1,0,1e+08,29064643305847,29064644164771,29064644164966,29064644351942,29064644373162,29064644864856,29064645218200,29064645218244,16,19.124,8.58924,0.00195,1.86976,0.2122,4.91694,3.53344
648,1,0,1e+08,29064646650783,29064647629821,29064647629991,29064647959288,29064647996863,29064648476306,29064648770806,29064648770838,16,21.2005,9.79038,0.0017,3.29297,0.37575,4.79443,2.945
649,1,0,1e+08,29064650124930,29064650516964,29064650517028,29064650597785,29064650614853,29064651172009,29064651540081,29064651540121,16,14.1519,3.92034,0.00064,0.80757,0.17068,5.57156,3.68072
650,1,0,1e+08,29064653030509,29064653890078,29064653890170,29064653990201,29064654023048,29064654528566,29064654877702,29064654877734,16,18.4722,8.59569,0.00092,1.00031,0.32847,5.05518,3.49136
651,1,0,1e+08,29064656229994,29064656877913,29064656877977,29064657021549,29064657097871,29064657615459,29064658448108,29064658448172,16,22.1818,6.47919,0.00064,1.43572,0.76322,5.17588,8.32649
652,1,0,1e+08,29064659970581,29064660774406,29064660774606,29064660900338,29064660944330,29064661478639,29064661819979,29064661820011,16,18.4943,8.03825,0.002,1.25732,0.43992,5.34309,3.4134
653,1,0,1e+08,29064663797574,29064664193122,29064664193170,29064664278846,29064664319178,29064664604242,29064664873722,29064664873762,16,10.7619,3.95548,0.00048,0.85676,0.40332,2.85064,2.6948
654,1,0,1e+08,29064666091680,29064666730246,29064666730302,29064666807014,29064666824662,29064667849709,29064668321067,29064668321111,16,22.2943,6.38566,0.00056,0.76712,0.17648,10.2505,4.71358
655,1,0,1e+08,29064669945092,29064671039354,29064671039446,29064671170344,29064671185072,29064671617992,29064671950612,29064671950704,16,20.0561,10.9426,0.00092,1.30898,0.14728,4.3292,3.3262
656,1,0,1e+08,29064674358264,29064674683028,29064674683092,29064674815363,29064674853708,29064676006549,29064677035499,29064677035551,16,26.7729,3.24764,0.00064,1.32271,0.38345,11.5284,10.2895
657,1,0,1e+08,29064678718498,29064679567143,29064679567235,29064679666765,29064679690853,29064680136543,29064680505763,29064680505807,16,17.8731,8.48645,0.00092,0.9953,0.24088,4.4569,3.6922
658,1,0,1e+08,29064681952710,29064682653463,29064682653523,29064682729796,29064682744828,29064683175157,29064683441741,29064683441769,16,14.8906,7.00753,0.0006,0.76273,0.15032,4.30329,2.66584
659,1,0,1e+08,29064684663907,29064685020856,29064685020908,29064685074272,29064685086912,29064685367556,29064685665572,29064685665608,16,10.017,3.56949,0.00052,0.53364,0.1264,2.80644,2.98016
660,1,0,1e+08,29064687063418,29064687851652,29064687851748,29064687949948,29064687993272,29064688473255,29064688819411,29064688819443,16,17.5602,7.88234,0.00096,0.982,0.43324,4.79983,3.46156
661,1,0,1e+08,29064690327219,29064690667009,29064690667057,29064690743053,29064690758733,29064691319202,29064691605578,29064691605610,16,12.7839,3.3979,0.00048,0.75996,0.1568,5.60469,2.86376
662,1,0,1e+08,29064692790190,29064693273257,29064693273305,29064693341149,29064693355569,29064693673321,29064694084290,29064694084334,16,12.9414,4.83067,0.00048,0.67844,0.1442,3.17752,4.10969
663,1,0,1e+08,29064696464734,29064696734978,29064696735042,29064696803026,29064696819018,29064697207651,29064697598363,29064697598399,16,11.3367,2.70244,0.00064,0.67984,0.15992,3.88633,3.90712
664,1,0,1e+08,29064698716217,29064699059903,29064699059955,29064699117299,29064699129063,29064699436879,29064699807263,29064699807295,16,10.9108,3.43686,0.00052,0.57344,0.11764,3.07816,3.70384
665,1,0,1e+08,29064701125451,29064701395811,29064701395967,29064701454415,29064701467395,29064702227138,29064702778388,29064702778444,16,16.5299,2.7036,0.00156,0.58448,0.1298,7.59743,5.5125
666,1,0,1e+08,29064704441036,29064705456494,29064705456669,29064705630665,29064705747476,29064706632132,29064707048581,29064707048613,16,26.0758,10.1546,0.00175,1.73996,1.16811,8.84656,4.16449
667,1,0,1e+08,29064708569444,29064709058105,29064709058153,29064709141801,29064709163449,29064710135443,29064710607596,29064710607652,16,20.3821,4.88661,0.00048,0.83648,0.21648,9.71994,4.72153
668,1,0,1e+08,29064713461905,29064713763353,29064713763389,29064713832813,29064713847801,29064715024269,29064715581905,29064715581949,16,21.2004,3.01448,0.00036,0.69424,0.14988,11.7647,5.57636
669,1,0,1e+08,29064718064966,29064718435027,29064718435075,29064718522023,29064718537083,29064718790795,29064719078831,29064719078875,16,10.1391,3.70061,0.00048,0.86948,0.1506,2.53712,2.88036
670,1,0,1e+08,29064720751530,29064721773060,29064721773124,29064723920161,29064723958854,29064724526244,29064724909068,29064724909104,16,41.5757,10.2153,0.00064,21.4704,0.38693,5.6739,3.82824
671,1,0,1e+08,29064726196770,29064726652675,29064726652763,29064726737904,29064726749244,29064727101393,29064727425557,29064727425593,16,12.2882,4.55905,0.00088,0.85141,0.1134,3.52149,3.24164
672,1,0,1e+08,29064728536146,29064729285382,29064729285582,29064729401321,29064729443698,29064729897794,29064730257386,29064730257418,16,17.2127,7.49236,0.002,1.15739,0.42377,4.54096,3.59592
673,1,0,1e+08,29064731497179,29064731793113,29064731793161,29064731851289,29064731863841,29064732183001,29064732501953,29064732502009,16,10.0483,2.95934,0.00048,0.58128,0.12552,3.1916,3.18952
674,1,0,1e+08,29064733664480,29064734489639,29064734489735,29064734581470,29064734631829,29064735049758,29064735402226,29064735402258,16,17.3778,8.25159,0.00096,0.91735,0.50359,4.17929,3.52468
675,1,0,1e+08,29064736578588,29064736895729,29064736895781,29064736956757,29064736970781,29064737341069,29064737683569,29064737683613,16,11.0503,3.17141,0.00052,0.60976,0.14024,3.70288,3.425
676,1,0,1e+08,29064739872022,29064740151091,29064740151123,29064740209203,29064740273315,29064740467663,29064740872055,29064740872099,16,10.0008,2.79069,0.00032,0.5808,0.64112,1.94348,4.04392
677,1,0,1e+08,29064741827257,29064742086968,29064742087158,29064742264907,29064742304437,29064743099178,29064743518067,29064743518115,16,16.9086,2.59711,0.0019,1.77749,0.3953,7.94741,4.18889
678,1,0,1e+08,29064744785325,29064745035277,29064745035325,29064745093413,29064745105341,29064745444705,29064745777097,29064745777137,16,9.91812,2.49952,0.00048,0.58088,0.11928,3.39364,3.32392
679,1,0,1e+08,29064746784295,29064747560346,29064747560438,29064747650945,29064747685186,29064748129708,29064748486156,29064748486196,16,17.019,7.76051,0.00092,0.90507,0.34241,4.44522,3.56448
680,1,0,1e+08,29064749747873,29064750036825,29064750036865,29064750091265,29064750103197,29064750392677,29064750727301,29064750727337,16,9.79464,2.88952,0.0004,0.544,0.11932,2.8948,3.34624
681,1,0,1e+08,29064751932966,29064752955228,29064752955292,29064753027112,29064753046134,29064753469532,29064753806900,29064753806936,16,18.7397,10.2226,0.00064,0.7182,0.19022,4.23398,3.37368
682,1,0,1e+08,29064755207976,29064755573662,29064755573726,29064755647723,29064755663275,29064756050471,29064756914440,29064756914512,16,17.0654,3.65686,0.00064,0.73997,0.15552,3.87196,8.63969
683,1,0,1e+08,29064758698254,29064759557156,29064759557248,29064759646938,29064759670774,29064760122872,29064760469076,29064760469116,16,17.7086,8.58902,0.00092,0.8969,0.23836,4.52098,3.46204
684,1,0,1e+08,29064762131307,29064763104032,29064763104096,29064763191573,29064763225285,29064763618154,29064763952762,29064763952794,16,18.2149,9.72725,0.00064,0.87477,0.33712,3.92869,3.34608
685,1,0,1e+08,29064766680230,29064767273398,29064767273573,29064767445470,29064767481805,29064768665879,29064769124655,29064769124707,16,24.4448,5.93168,0.00175,1.71897,0.36335,11.8407,4.58776
686,1,0,1e+08,29064771553915,29064771910915,29064771910955,29064771969343,29064771983247,29064772230687,29064772791682,29064772791812,16,12.379,3.57,0.0004,0.58388,0.13904,2.4744,5.60995
687,1,0,1e+08,29064774060322,29064775337590,29064775337760,29064775672054,29064775710524,29064776777814,29064778217958,29064778218128,16,41.5781,12.7727,0.0017,3.34294,0.3847,10.6729,14.4014
688,1,0,1e+08,29064779592843,29064779914431,29064779914487,29064779978579,29064779993303,29064780299692,29064780641332,29064780641364,16,10.4852,3.21588,0.00056,0.64092,0.14724,3.06389,3.4164
689,1,0,1e+08,29064781998849,29064782384811,29064782384863,29064782452115,29064782466735,29064782944695,29064783391255,29064783391299,16,13.9245,3.85962,0.00052,0.67252,0.1462,4.7796,4.4656
690,1,0,1e+08,29064784691852,29064785034522,29064785034570,29064785196959,29064785233474,29064786485122,29064787007744,29064787007788,16,23.1594,3.4267,0.00048,1.62389,0.36515,12.5165,5.22622
691,1,0,1e+08,29064788743246,29064789536937,29064789537029,29064789625385,29064789644057,29064790131481,29064790771991,29064790772171,16,20.2893,7.93691,0.00092,0.88356,0.18672,4.87424,6.4051
692,1,0,1e+08,29064793021673,29064793890654,29064793890754,29064793979522,29064794000246,29064794490836,29064794852792,29064794852828,16,18.3116,8.68981,0.001,0.88768,0.20724,4.9059,3.61956
693,1,0,1e+08,29064796085111,29064796707272,29064796707328,29064796790002,29064796808966,29064797229296,29064797617780,29064797617832,16,15.3272,6.22161,0.00056,0.82674,0.18964,4.2033,3.88484
694,1,0,1e+08,29064798783935,29064799572856,29064799572956,29064799664072,29064799685544,29064800171652,29064800541884,29064800541916,16,17.5798,7.88921,0.001,0.91116,0.21472,4.86108,3.70232
695,1,0,1e+08,29064801981098,29064802309408,29064802309464,29064802386712,29064802401388,29064802737264,29064803155536,29064803155580,16,11.7448,3.2831,0.00056,0.77248,0.14676,3.35876,4.18272
696,1,0,1e+08,29064804708519,29064805051782,29064805051830,29064805117438,29064805132014,29064805474786,29064805737922,29064805737950,16,10.2943,3.43263,0.00048,0.65608,0.14576,3.42772,2.63136
697,1,0,1e+08,29064806746547,29064807479333,29064807479528,29064807652708,29064807674312,29064808120101,29064808478061,29064808478101,16,17.3155,7.32786,0.00195,1.7318,0.21604,4.45789,3.5796
698,1,0,1e+08,29064809661780,29064810532361,29064810532551,29064810632651,29064810656922,29064811107616,29064811457812,29064811457844,16,17.9606,8.70581,0.0019,1.001,0.24271,4.50694,3.50196
699,1,0,1e+08,29064812654408,29064812950568,29064812950616,29064813003672,29064813016500,29064813313624,29064813999496,29064813999686,16,13.4528,2.9616,0.00048,0.53056,0.12828,2.97124,6.85872
700,1,0,1e+08,29064815818814,29064816100414,29064816100474,29064816170710,29064816185882,29064816565382,29064816912486,29064816912526,16,10.9371,2.816,0.0006,0.70236,0.15172,3.795,3.47104
701,1,0,1e+08,29064818171344,29064818428085,29064818428117,29064818484333,29064818496733,29064818749137,29064819088709,29064819088745,16,9.17401,2.56741,0.00032,0.56216,0.124,2.52404,3.39572
702,1,0,1e+08,29064820154680,29064820515456,29064820515508,29064820571084,29064820585776,29064820891060,29064821226424,29064821226456,16,10.7178,3.60776,0.00052,0.55576,0.14692,3.05284,3.35364
703,1,0,1e+08,29064822396248,29064822590512,29064822590536,29064822639540,29064822650492,29064822902724,29064823180692,29064823180728,16,7.8448,1.94264,0.00024,0.49004,0.10952,2.52232,2.77968
704,1,0,1e+08,29064824364321,29064825260291,29064825260359,29064825327051,29064825351088,29064825744220,29064826075072,29064826075100,16,17.1078,8.9597,0.00068,0.66692,0.24037,3.93132,3.30852
705,1,0,1e+08,29064827300389,29064828202155,29064828202247,29064828280684,29064828374013,29064828789097,29064829127649,29064829127689,16,18.273,9.01766,0.00092,0.78437,0.93329,4.15084,3.38552
706,1,0,1e+08,29064830260748,29064831001025,29064831001220,29064831165702,29064831222210,29064831731780,29064832082752,29064832082784,16,18.2204,7.40277,0.00195,1.64482,0.56508,5.0957,3.50972
707,1,0,1e+08,29064833253759,29064833527209,29064833527245,29064833579613,29064833590337,29064833847161,29064834147093,29064834147129,16,8.9337,2.7345,0.00036,0.52368,0.10724,2.56824,2.99932
708,1,0,1e+08,29064835246243,29064835552857,29064835552901,29064835616097,29064835632281,29064835934805,29064836283365,29064836283397,16,10.3715,3.06614,0.00044,0.63196,0.16184,3.02524,3.4856
709,1,0,1e+08,29064837586462,29064838205495,29064838205690,29064838465660,29064838490312,29064838970526,29064839344474,29064839344510,16,17.5805,6.19033,0.00195,2.5997,0.24652,4.80214,3.73948
710,1,0,1e+08,29064840642595,29064840976795,29064840976855,29064841084578,29064841157920,29064841661731,29064842195202,29064842195246,16,15.5265,3.342,0.0006,1.07723,0.73342,5.03811,5.33471
711,1,0,1e+08,29064843502002,29064843791950,29064843791994,29064843858930,29064843873366,29064844197794,29064844631346,29064844631398,16,11.294,2.89948,0.00044,0.66936,0.14436,3.24428,4.33552
712,1,0,1e+08,29064845910836,29064846695111,29064846695207,29064846788020,29064846809200,29064847235740,29064847578340,29064847578372,16,16.6754,7.84275,0.00096,0.92813,0.2118,4.2654,3.426
713,1,0,1e+08,29064848960081,29064849319598,29064849319650,29064849406742,29064849426594,29064849929886,29064850469824,29064850469876,16,15.098,3.59517,0.00052,0.87092,0.19852,5.03292,5.39938
714,1,0,1e+08,29064852199727,29064852573519,29064852573579,29064852666535,29064852687147,29064853186338,29064853587990,29064853588030,16,13.883,3.73792,0.0006,0.92956,0.20612,4.99191,4.01652
715,1,0,1e+08,29064855295740,29064856225268,29064856225360,29064856336864,29064856359796,29064856772347,29064857134103,29064857134143,16,18.384,9.29528,0.00092,1.11504,0.22932,4.12551,3.61756
716,1,0,1e+08,29064858487103,29064858930484,29064858930674,29064859108324,29064859270270,29064859892752,29064860288996,29064860289032,16,18.0193,4.43381,0.0019,1.7765,1.61946,6.22482,3.96244
717,1,0,1e+08,29064861985686,29064862628538,29064862628590,29064862716619,29064862736423,29064863190869,29064863526585,29064863526633,16,15.4095,6.42852,0.00052,0.88029,0.19804,4.54446,3.35716
718,1,0,1e+08,29064864791483,29064865739004,29064865739068,29064865813356,29064865830944,29064866240776,29064866570400,29064866570432,16,17.7895,9.47521,0.00064,0.74288,0.17588,4.09832,3.29624
719,1,0,1e+08,29064868201470,29064869452108,29064869452283,29064869781047,29064869802287,29064870801922,29064871241736,29064871241856,16,30.4039,12.5064,0.00175,3.28764,0.2124,9.99635,4.39814
720,1,0,1e+08,29064872549040,29064872951582,29064872951642,29064873055203,29064873074075,29064873474356,29064873906768,29064873906812,16,13.5777,4.02542,0.0006,1.03561,0.18872,4.00281,4.32412
721,1,0,1e+08,29064875371804,29064876137893,29064876138088,29064876242490,29064876275162,29064876757088,29064877126168,29064877126212,16,17.5441,7.66089,0.00195,1.04402,0.32672,4.81926,3.6908
722,1,0,1e+08,29064878472757,29064878789731,29064878789791,29064878853915,29064878867315,29064879244607,29064879717894,29064879717926,16,12.4517,3.16974,0.0006,0.64124,0.134,3.77292,4.73287
723,1,0,1e+08,29064880817932,29064881216239,29064881216303,29064881275135,29064881286963,29064881638652,29064882519003,29064882519063,16,17.0113,3.98307,0.00064,0.58832,0.11828,3.51689,8.80351
724,1,0,1e+08,29064884133816,29064884589570,29064884589634,29064884668122,29064884684178,29064885075215,29064885382035,29064885382067,16,12.4825,4.55754,0.00064,0.78488,0.16056,3.91037,3.0682
725,1,0,1e+08,29064886647792,29064887454910,29064887455006,29064887549614,29064887580842,29064888102903,29064888461255,29064888461291,16,18.135,8.07118,0.00096,0.94608,0.31228,5.22061,3.58352
726,1,0,1e+08,29064890046133,29064890543771,29064890543835,29064890653300,29064890695384,29064891025256,29064891319788,29064891319820,16,12.7369,4.97638,0.00064,1.09465,0.42084,3.29872,2.94532
727,1,0,1e+08,29064892372433,29064893232413,29064893232598,29064893335855,29064893370395,29064893870589,29064894213609,29064894213645,16,18.4121,8.5998,0.00185,1.03257,0.3454,5.00194,3.4302
728,1,0,1e+08,29064895509534,29064896247712,29064896247892,29064896388420,29064896408520,29064897268514,29064897649835,29064897649867,16,21.4033,7.38178,0.0018,1.40528,0.201,8.59994,3.81321
729,1,0,1e+08,29064900213863,29064900817389,29064900817964,29064900995549,29064901073984,29064901750753,29064902159558,29064902159606,16,19.4574,6.03526,0.00575,1.77585,0.78435,6.76769,4.08805
730,1,0,1e+08,29064903608275,29064904336047,29064904336247,29064904436258,29064904460331,29064904907719,29064905261303,29064905261335,16,16.5306,7.27772,0.002,1.00011,0.24073,4.47388,3.53584
731,1,0,1e+08,29064906432038,29064907283611,29064907283707,29064907458473,29064907480205,29064907940130,29064908292494,29064908292534,16,18.605,8.51573,0.00096,1.74766,0.21732,4.59925,3.52364
732,1,0,1e+08,29064909771359,29064910564580,29064910564676,29064910761649,29064910780922,29064911186167,29064911529307,29064911529343,16,17.5798,7.93221,0.00096,1.96973,0.19273,4.05245,3.4314
733,1,0,1e+08,29064912674198,29064913537480,29064913537675,29064913639151,29064913748456,29064914197626,29064914531550,29064914531590,16,18.5739,8.63282,0.00195,1.01476,1.09305,4.4917,3.33924
734,1,0,1e+08,29064915945072,29064916777013,29064916777109,29064916871893,29064916896593,29064917390191,29064917749211,29064917749243,16,18.0417,8.31941,0.00096,0.94784,0.247,4.93598,3.5902
735,1,0,1e+08,29064918921833,29064919299971,29064919300027,29064919369207,29064919384115,29064919745447,29064920110327,29064920110371,16,11.8854,3.78138,0.00056,0.6918,0.14908,3.61332,3.6488
736,1,0,1e+08,29064923624281,29064924043628,29064924043676,29064924104092,29064924116460,29064924428580,29064924696024,29064924696052,16,10.7177,4.19347,0.00048,0.60416,0.12368,3.1212,2.67444
737,1,0,1e+08,29064925744244,29064926302692,29064926302752,29064926364992,29064926376692,29064926695620,29064927145610,29064927145654,16,14.0141,5.58448,0.0006,0.6224,0.117,3.18928,4.4999
738,1,0,1e+08,29064928211900,29064928618086,29064928618122,29064928709962,29064928723950,29064929080346,29064929372054,29064929372082,16,11.6018,4.06186,0.00036,0.9184,0.13988,3.56396,2.91708
739,1,0,1e+08,29064930660604,29064931391333,29064931391533,29064931520493,29064931540521,29064932160258,29064932538518,29064932538558,16,18.7795,7.30729,0.002,1.2896,0.20028,6.19737,3.7826
740,1,0,1e+08,29064933802417,29064934152002,29064934152058,29064934217238,29064934231566,29064934522310,29064934847082,29064934847114,16,10.447,3.49585,0.00056,0.6518,0.14328,2.90744,3.24772
741,1,0,1e+08,29064936036945,29064936364043,29064936364091,29064936415407,29064936426515,29064936669947,29064937042879,29064937042915,16,10.0597,3.27098,0.00048,0.51316,0.11108,2.43432,3.72932
742,1,0,1e+08,29064938127178,29064938958389,29064938958481,29064939109554,29064939129822,29064939552566,29064939908946,29064939908978,16,17.818,8.31211,0.00092,1.51073,0.20268,4.22744,3.5638
743,1,0,1e+08,29064941069577,29064941444816,29064941444880,29064941523288,29064941543784,29064942256728,29064942513616,29064942513648,16,14.4407,3.75239,0.00064,0.78408,0.20496,7.12944,2.56888
744,1,0,1e+08,29064943693760,29064944177734,29064944177934,29064944355467,29064944409977,29064944995224,29064945379233,29064945379269,16,16.8551,4.83974,0.002,1.77533,0.5451,5.85247,3.84009
745,1,0,1e+08,29064946559252,29064946891060,29064946891184,29064946952352,29064946977248,29064947294608,29064947655856,29064947655896,16,10.9664,3.31808,0.00124,0.61168,0.24896,3.1736,3.61248
746,1,0,1e+08,29064948760548,29064949141822,29064949141882,29064949194138,29064949206970,29064949464506,29064949809278,29064949809310,16,10.4876,3.81274,0.0006,0.52256,0.12832,2.57536,3.44772
747,1,0,1e+08,29064950750908,29064951709284,29064951709376,29064951872033,29064951888349,29064952274890,29064952604902,29064952604938,16,18.5403,9.58376,0.00092,1.62657,0.16316,3.86541,3.30012
748,1,0,1e+08,29064953773096,29064954588378,29064954588474,29064954681734,29064954712598,29064955191135,29064955548607,29064955548639,16,17.7554,8.15282,0.00096,0.9326,0.30864,4.78537,3.57472
749,1,0,1e+08,29064956724579,29064957045437,29064957045477,29064957267471,29064957313851,29064958035875,29064958446667,29064958446715,16,17.2214,3.20858,0.0004,2.21994,0.4638,7.22024,4.10792
750,1,0,1e+08,29064959898150,29064960186527,29064960186591,29064960266459,29064960283875,29064960709584,29064961060644,29064961060672,16,11.6252,2.88377,0.00064,0.79868,0.17416,4.25709,3.5106
751,1,0,1e+08,29064962170683,29064962428003,29064962428047,29064962496155,29064962507567,29064962849047,29064963172275,29064963172311,16,10.0163,2.5732,0.00044,0.68108,0.11412,3.4148,3.23228
752,1,0,1e+08,29064964411125,29064964688742,29064964688786,29064964744634,29064964755270,29064965037722,29064965380238,29064965380266,16,9.69141,2.77617,0.00044,0.55848,0.10636,2.82452,3.42516
753,1,0,1e+08,29064966380461,29064967308262,29064967308354,29064967388209,29064967403441,29064967815854,29064968153266,29064968153302,16,17.7284,9.27801,0.00092,0.79855,0.15232,4.12413,3.37412
754,1,0,1e+08,29064969557566,29064969927373,29064969927461,29064970020766,29064970070370,29064970578664,29064970863884,29064970863912,16,13.0635,3.69807,0.00088,0.93305,0.49604,5.08294,2.8522
755,1,0,1e+08,29064971840016,29064972831612,29064972831676,29064973025136,29064973040892,29064973385876,29064973682780,29064973682812,16,18.428,9.91596,0.00064,1.9346,0.15756,3.44984,2.96904
756,1,0,1e+08,29064975080986,29064975418904,29064975418956,29064975492176,29064975506100,29064975806976,29064976137012,29064976137044,16,10.5606,3.37918,0.00052,0.7322,0.13924,3.00876,3.30036
757,1,0,1e+08,29064977136945,29064977957299,29064977957407,29064978049414,29064978083474,29064978599684,29064978963404,29064978963440,16,18.2649,8.20354,0.00108,0.92007,0.3406,5.1621,3.6372
758,1,0,1e+08,29064980164002,29064981084239,29064981084339,29064981176673,29064981201037,29064981630320,29064981977144,29064981977176,16,18.1317,9.20237,0.001,0.92334,0.24364,4.29283,3.46824
759,1,0,1e+08,29064983148398,29064983469490,29064983469690,29064983644996,29064983699411,29064984425308,29064984835558,29064984835606,16,16.8721,3.21092,0.002,1.75306,0.54415,7.25897,4.1025
760,1,0,1e+08,29064986082095,29064986388831,29064986388891,29064986455315,29064986469447,29064986796707,29064987123487,29064987123519,16,10.4142,3.06736,0.0006,0.66424,0.14132,3.2726,3.2678
761,1,0,1e+08,29064988144907,29064989133069,29064989133133,29064989213005,29064989230625,29064989675389,29064989974825,29064989974857,16,18.2995,9.88162,0.00064,0.79872,0.1762,4.44764,2.99436
762,1,0,1e+08,29064991032648,29064991335726,29064991335770,29064991390406,29064991401882,29064991761796,29064992122104,29064992122136,16,10.8949,3.03078,0.00044,0.54636,0.11476,3.59914,3.60308
763,1,0,1e+08,29064993263826,29064993766385,29064993766585,29064993943063,29064993997433,29064994668075,29064995094796,29064995094840,16,18.3101,5.02559,0.002,1.76478,0.5437,6.70642,4.26721
764,1,0,1e+08,29064996429164,29064996792666,29064996792718,29064996859230,29064996873550,29064997205014,29064997596006,29064997596054,16,11.6689,3.63502,0.00052,0.66512,0.1432,3.31464,3.90992
765,1,0,1e+08,29064998620172,29064999609559,29064999609623,29064999684287,29064999699955,29065000125584,29065000435296,29065000435332,16,18.1516,9.89387,0.00064,0.74664,0.15668,4.25629,3.09712
766,1,0,1e+08,29065001867186,29065002654845,29065002655040,29065002835328,29065002914171,29065003515983,29065003875607,29065003875635,16,20.0845,7.87659,0.00195,1.80288,0.78843,6.01812,3.59624
767,1,0,1e+08,29065005258824,29065006161357,29065006161453,29065006255576,29065006330776,29065006773610,29065007117462,29065007117502,16,18.5868,9.02533,0.00096,0.94123,0.752,4.42834,3.43852
768,1,0,1e+08,29065008629115,29065009896061,29065009896251,29065010131312,29065010157660,29065010616216,29065010966852,29065010966880,16,23.3776,12.6695,0.0019,2.35061,0.26348,4.58556,3.50636
769,1,0,1e+08,29065012288117,29065012643670,29065012643714,29065012729544,29065012773844,29065013325318,29065013635070,29065013635106,16,13.4699,3.55553,0.00044,0.8583,0.443,5.51474,3.09752
770,1,0,1e+08,29065014832481,29065015181425,29065015181481,29065015239497,29065015251953,29065015532621,29065015849881,29065015849909,16,10.1743,3.48944,0.00056,0.58016,0.12456,2.80668,3.1726
771,1,0,1e+08,29065016855461,29065017178017,29065017178061,29065017232997,29065017244961,29065017487969,29065017786489,29065017786525,16,9.31064,3.22556,0.00044,0.54936,0.11964,2.43008,2.9852
772,1,0,1e+08,29065018825666,29065019091800,29065019091864,29065019157408,29065019171796,29065019545449,29065019863701,29065019863733,16,10.3807,2.66134,0.00064,0.65544,0.14388,3.73653,3.18252
773,1,0,1e+08,29065020946069,29065021846652,29065021846936,29065021981992,29065021996612,29065022408859,29065022749715,29065022749751,16,18.0368,9.00583,0.00284,1.35056,0.1462,4.12247,3.40856
774,1,0,1e+08,29065023844248,29065024226359,29065024226549,29065024405501,29065024461111,29065025200064,29065025629936,29065025629972,16,17.8572,3.82111,0.0019,1.78952,0.5561,7.38953,4.29872
775,1,0,1e+08,29065027135385,29065027410151,29065027410199,29065027466607,29065027478791,29065027869696,29065028206752,29065028206792,16,10.7141,2.74766,0.00048,0.56408,0.12184,3.90905,3.37056
776,1,0,1e+08,29065029353884,29065029544368,29065029544404,29065029596312,29065029607372,29065029829848,29065030109376,29065030109404,16,7.5552,1.90484,0.00036,0.51908,0.1106,2.22476,2.79528
777,1,0,1e+08,29065031180844,29065031393788,29065031393824,29065031444676,29065031455776,29065031687200,29065031974164,29065031974200,16,7.93356,2.12944,0.00036,0.50852,0.111,2.31424,2.86964
778,1,0,1e+08,29065033039075,29065034897726,29065034898311,29065035078139,29065035139627,29065035815860,29065036226884,29065036226920,16,31.8785,18.5865,0.00585,1.79828,0.61488,6.76233,4.11024
779,1,0,1e+08,29065037367681,29065037701146,29065037701198,29065037786714,29065037800054,29065038172058,29065038484638,29065038484678,16,11.17,3.33465,0.00052,0.85516,0.1334,3.72004,3.1258
780,1,0,1e+08,29065039719161,29065040742996,29065040743060,29065040818812,29065040835716,29065041204261,29065041512161,29065041512189,16,17.9303,10.2384,0.00064,0.75752,0.16904,3.68545,3.079
781,1,0,1e+08,29065042696650,29065043356955,29065043357155,29065043496161,29065043530457,29065044034058,29065044409546,29065044409590,16,17.1294,6.60305,0.002,1.39006,0.34296,5.03601,3.75488
782,1,0,1e+08,29065045524712,29065046368633,29065046368733,29065046517798,29065046538446,29065046982693,29065047346889,29065047346917,16,18.222,8.43921,0.001,1.49065,0.20648,4.44247,3.64196
783,1,0,1e+08,29065048410633,29065049033550,29065049033745,29065049210438,29065049271544,29065049886924,29065050230804,29065050230920,16,18.2029,6.22917,0.00195,1.76693,0.61106,6.1538,3.4388
784,1,0,1e+08,29065051453187,29065052255050,29065052255162,29065052350729,29065052381717,29065052851008,29065053191292,29065053191324,16,17.3814,8.01863,0.00112,0.95567,0.30988,4.69291,3.40284
785,1,0,1e+08,29065054575558,29065054867394,29065054867438,29065054931034,29065054944522,29065055215102,29065055521170,29065055521206,16,9.45648,2.91836,0.00044,0.63596,0.13488,2.7058,3.06068
786,1,0,1e+08,29065056767709,29065057035881,29065057035921,29065057085725,29065057096581,29065057390421,29065057751845,29065057751873,16,9.84164,2.68172,0.0004,0.49804,0.10856,2.9384,3.61424
787,1,0,1e+08,29065058769274,29065059619116,29065059619208,29065059761661,29065059794541,29065060208176,29065060550160,29065060550200,16,17.8093,8.49842,0.00092,1.42453,0.3288,4.13635,3.41984
788,1,0,1e+08,29065061846490,29065062331349,29065062331549,29065062511204,29065062567121,29065063348752,29065063727956,29065063727992,16,18.815,4.84859,0.002,1.79655,0.55917,7.81631,3.79204
789,1,0,1e+08,29065064988360,29065065777410,29065065777510,29065065872549,29065065906981,29065066413616,29065066770188,29065066770224,16,17.8186,7.8905,0.001,0.95039,0.34432,5.06635,3.56572
790,1,0,1e+08,29065068068087,29065069429117,29065069429642,29065069601896,29065069638746,29065070244784,29065070614836,29065070614864,16,25.4678,13.6103,0.00525,1.72254,0.3685,6.06038,3.70052
791,1,0,1e+08,29065071722734,29065072876101,29065072876297,29065072957981,29065072980037,29065073358913,29065073667577,29065073667617,16,19.4488,11.5337,0.00196,0.81684,0.22056,3.78876,3.08664
792,1,0,1e+08,29065075054343,29065075975797,29065075975893,29065076081046,29065076114402,29065076594543,29065076940335,29065076940371,16,18.8603,9.21454,0.00096,1.05153,0.33356,4.80141,3.45792
793,1,0,1e+08,29065079370784,29065079695525,29065079695565,29065079757113,29065079772701,29065080403333,29065081826246,29065081826416,16,24.5563,3.24741,0.0004,0.61548,0.15588,6.30632,14.2291
794,1,0,1e+08,29065084231324,29065084647748,29065084647923,29065084821493,29065084858134,29065085830532,29065086275863,29065086275903,16,20.4458,4.16424,0.00175,1.7357,0.36641,9.72398,4.45331
795,1,0,1e+08,29065087862275,29065088755515,29065088755579,29065088831587,29065088847568,29065089225996,29065089534212,29065089534252,16,16.7198,8.9324,0.00064,0.76008,0.15981,3.78428,3.08216
796,1,0,1e+08,29065091058387,29065091521235,29065091521327,29065091675921,29065091712191,29065092734781,29065093104613,29065093104653,16,20.4627,4.62848,0.00092,1.54594,0.3627,10.2259,3.69832
797,1,0,1e+08,29065094370271,29065095178373,29065095178465,29065095271713,29065095294405,29065095749020,29065096097160,29065096097200,16,17.2693,8.08102,0.00092,0.93248,0.22692,4.54615,3.4814
798,1,0,1e+08,29065097578437,29065098368267,29065098368359,29065098460953,29065098496829,29065098999436,29065099393632,29065099393668,16,18.1523,7.8983,0.00092,0.92594,0.35876,5.02607,3.94196
799,1,0,1e+08,29065100965817,29065102247207,29065102247382,29065102420981,29065102457941,29065103088184,29065103388740,29065103388776,16,24.2296,12.8139,0.00175,1.73599,0.3696,6.30243,3.00556
800,1,0,1e+08,29065104695930,29065105008618,29065105008666,29065105063094,29065105074794,29065105412058,29065105744666,29065105744694,16,10.4876,3.12688,0.00048,0.54428,0.117,3.37264,3.32608
801,1,0,1e+08,29065107042363,29065107617488,29065107617576,29065107760601,29065107784325,29065108826116,29065109273108,29065109273156,16,22.3079,5.75125,0.00088,1.43025,0.23724,10.4179,4.46992
802,1,0,1e+08,29065110773072,29065111954077,29065111954125,29065112066009,29065112078673,29065112313017,29065112958000,29065112958048,16,21.8498,11.8101,0.00048,1.11884,0.12664,2.34344,6.44983
803,1,0,1e+08,29065114231196,29065115246808,29065115246872,29065115317548,29065115333360,29065115704561,29065116019185,29065116019225,16,17.8803,10.1561,0.00064,0.70676,0.15812,3.71201,3.14624
804,1,0,1e+08,29065117234364,29065117587701,29065117587765,29065117650997,29065117664017,29065118129986,29065118439414,29065118439446,16,12.0508,3.53337,0.00064,0.63232,0.1302,4.65969,3.09428
805,1,0,1e+08,29065119522682,29065120281645,29065120281741,29065120371552,29065120434032,29065120902706,29065121277750,29065121277790,16,17.5511,7.58963,0.00096,0.89811,0.6248,4.68674,3.75044
806,1,0,1e+08,29065122455745,29065123051040,29065123051128,29065123204790,29065123242866,29065123899254,29065124628219,29065124628369,16,21.7262,5.95295,0.00088,1.53662,0.38076,6.56388,7.28965
807,1,0,1e+08,29065126615709,29065127300667,29065127300867,29065127467557,29065127498153,29065128057408,29065128402592,29065128402632,16,17.8692,6.84958,0.002,1.6669,0.30596,5.59255,3.45184
808,1,0,1e+08,29065129500554,29065130328201,29065130328401,29065130440259,29065130474139,29065130963617,29065131335593,29065131335633,16,18.3508,8.27647,0.002,1.11858,0.3388,4.89478,3.71976
809,1,0,1e+08,29065132623816,29065133379337,29065133379433,29065133470704,29065133492020,29065133937465,29065134290557,29065134290601,16,16.6679,7.55521,0.00096,0.91271,0.21316,4.45445,3.53092
810,1,0,1e+08,29065135531968,29065136515822,29065136515886,29065136589103,29065136651484,29065137031816,29065137347076,29065137347108,16,18.1514,9.83854,0.00064,0.73217,0.62381,3.80332,3.1526
811,1,0,1e+08,29065138506891,29065138813791,29065138813835,29065138867227,29065138881083,29065139442541,29065139771285,29065139771321,16,12.6443,3.069,0.00044,0.53392,0.13856,5.61458,3.28744
812,1,0,1e+08,29065140823282,29065141826657,29065141826721,29065141963684,29065141979292,29065142372696,29065142671764,29065142671792,16,18.4851,10.0337,0.00064,1.36963,0.15608,3.93404,2.99068
813,1,0,1e+08,29065143803194,29065144104559,29065144104607,29065144156963,29065144168011,29065144470915,29065144789995,29065144790035,16,9.86841,3.01365,0.00048,0.52356,0.11048,3.02904,3.1908
814,1,0,1e+08,29065145958031,29065146242896,29065146242932,29065146295772,29065146308308,29065146543856,29065146844472,29065146844504,16,8.86473,2.84865,0.00036,0.5284,0.12536,2.35548,3.00616
815,1,0,1e+08,29065147972169,29065148248697,29065148248741,29065148301373,29065148312857,29065148605453,29065148921317,29065148921353,16,9.49184,2.76528,0.00044,0.52632,0.11484,2.92596,3.15864
816,1,0,1e+08,29065150102483,29065151199088,29065151199248,29065151264128,29065151280012,29065151652188,29065151975264,29065151975292,16,18.7281,10.966,0.0016,0.6488,0.15884,3.72176,3.23076
817,1,0,1e+08,29065153102485,29065153425515,29065153425575,29065153489031,29065153502167,29065153918183,29065154290059,29065154290095,16,11.8761,3.2303,0.0006,0.63456,0.13136,4.16016,3.71876
818,1,0,1e+08,29065155420234,29065156158478,29065156158590,29065156254370,29065156297650,29065156780444,29065157148140,29065157148172,16,17.2794,7.38244,0.00112,0.9578,0.4328,4.82794,3.67696
819,1,0,1e+08,29065158256093,29065159079843,29065159079935,29065159230678,29065159251832,29065159668552,29065160012640,29065160012676,16,17.5658,8.2375,0.00092,1.50743,0.21154,4.1672,3.44088
820,1,0,1e+08,29065161082691,29065161379808,29065161379840,29065161512637,29065161567554,29065162462712,29065162898280,29065162898316,16,18.1562,2.97117,0.00032,1.32797,0.54917,8.95158,4.35568
821,1,0,1e+08,29065164256179,29065164702312,29065164702372,29065164773012,29065164787244,29065165167320,29065165487602,29065165487787,16,12.3161,4.46133,0.0006,0.7064,0.14232,3.80076,3.20282
822,1,0,1e+08,29065167985835,29065168869601,29065168869693,29065169008035,29065169025527,29065169491952,29065169810064,29065169810092,16,18.2426,8.83766,0.00092,1.38342,0.17492,4.66425,3.18112
823,1,0,1e+08,29065172043671,29065172346167,29065172346203,29065172424139,29065172439179,29065172670731,29065172902147,29065172902179,16,8.58508,3.02496,0.00036,0.77936,0.1504,2.31552,2.31416
824,1,0,1e+08,29065173968513,29065174776511,29065174776731,29065174910330,29065174953729,29065175415212,29065175776752,29065175776788,16,18.0828,8.07998,0.0022,1.33599,0.43399,4.61483,3.6154
825,1,0,1e+08,29065177027351,29065177338471,29065177338523,29065177394527,29065177407863,29065177865416,29065178759994,29065178760058,16,17.3271,3.1112,0.00052,0.56004,0.13336,4.57553,8.94578
826,1,0,1e+08,29065180210005,29065180452711,29065180452763,29065180517335,29065180531579,29065180964828,29065181331352,29065181331384,16,11.2138,2.42706,0.00052,0.64572,0.14244,4.33249,3.66524
827,1,0,1e+08,29065182418696,29065182883584,29065182883779,29065183059046,29065183096056,29065183697000,29065184087796,29065184087836,16,16.6914,4.64888,0.00195,1.75267,0.3701,6.00944,3.90796
828,1,0,1e+08,29065185232516,29065185919043,29065185919238,29065186083226,29065186126122,29065186677714,29065187047058,29065187047090,16,18.1457,6.86527,0.00195,1.63988,0.42896,5.51592,3.69344
829,1,0,1e+08,29065188211093,29065188865965,29065188866165,29065189049886,29065189087980,29065189607420,29065189968512,29065189968552,16,17.5746,6.54872,0.002,1.83721,0.38094,5.1944,3.61092
830,1,0,1e+08,29065191266736,29065192132468,29065192132668,29065192250574,29065192282066,29065192856157,29065193202029,29065193202061,16,19.3532,8.65732,0.002,1.17906,0.31492,5.74091,3.45872
831,1,0,1e+08,29065194360924,29065194687060,29065194687116,29065194747316,29065194760848,29065195059560,29065195403556,29065195403604,16,10.4268,3.26136,0.00056,0.602,0.13532,2.98712,3.43996
832,1,0,1e+08,29065196368670,29065196717465,29065196717505,29065196782249,29065196797677,29065197066093,29065197378697,29065197378729,16,10.1006,3.48795,0.0004,0.64744,0.15428,2.68416,3.12604
833,1,0,1e+08,29065198370366,29065198643739,29065198643771,29065198695851,29065198706979,29065198991767,29065199317399,29065199317443,16,9.47077,2.73373,0.00032,0.5208,0.11128,2.84788,3.25632
834,1,0,1e+08,29065200554773,29065201114924,29065201115119,29065201457768,29065201485406,29065202005407,29065202406760,29065202406792,16,18.5202,5.60151,0.00195,3.42649,0.27638,5.20001,4.01353
835,1,0,1e+08,29065203793052,29065204282624,29065204282672,29065204347172,29065204361200,29065205209403,29065205727227,29065205727283,16,19.3423,4.89572,0.00048,0.645,0.14028,8.48203,5.17824
836,1,0,1e+08,29065206965006,29065207785174,29065207785266,29065207878835,29065207909767,29065208394708,29065208733352,29065208733384,16,17.6838,8.20168,0.00092,0.93569,0.30932,4.84941,3.38644
837,1,0,1e+08,29065209820163,29065210580366,29065210580466,29065210673434,29065210716166,29065211189156,29065211556576,29065211556616,16,17.3645,7.60203,0.001,0.92968,0.42732,4.7299,3.6742
838,1,0,1e+08,29065212783472,29065213144668,29065213144720,29065213208928,29065213223852,29065213530012,29065214382889,29065214382961,16,15.9949,3.61196,0.00052,0.64208,0.14924,3.0616,8.52877
839,1,0,1e+08,29065216103563,29065216613692,29065216613892,29065216791504,29065216847475,29065217429512,29065217813633,29065217813673,16,17.1011,5.10129,0.002,1.77612,0.55971,5.82037,3.84121
840,1,0,1e+08,29065219207508,29065219554140,29065219554200,29065219624216,29065219639452,29065219923288,29065220208992,29065220209016,16,10.0151,3.46632,0.0006,0.70016,0.15236,2.83836,2.85704
841,1,0,1e+08,29065221315265,29065221690124,29065221690324,29065221866985,29065221922195,29065222586579,29065222979619,29065222979659,16,16.6439,3.74859,0.002,1.76661,0.5521,6.64384,3.9304
842,1,0,1e+08,29065224126748,29065226440652,29065226440936,29065226531345,29065226551329,29065226861345,29065227307278,29065227307314,16,31.8057,23.139,0.00284,0.90409,0.19984,3.10016,4.45933
843,1,0,1e+08,29065228354311,29065228890450,29065228890640,29065229077697,29065229134227,29065229733627,29065230124384,29065230124428,16,17.7012,5.36139,0.0019,1.87057,0.5653,5.994,3.90757
844,1,0,1e+08,29065231337254,29065231714553,29065231714617,29065231777033,29065231789601,29065232282928,29065232636044,29065232636076,16,12.9882,3.77299,0.00064,0.62416,0.12568,4.93327,3.53116
845,1,0,1e+08,29065233640055,29065234657603,29065234657667,29065234795296,29065234811288,29065235174160,29065235505092,29065235505124,16,18.6507,10.1755,0.00064,1.37629,0.15992,3.62872,3.30932
846,1,0,1e+08,29065236886261,29065237182601,29065237182649,29065237254589,29065237273769,29065237618213,29065237947529,29065237947553,16,10.6129,2.9634,0.00048,0.7194,0.1918,3.44444,3.29316
847,1,0,1e+08,29065239084874,29065239476933,29065239476973,29065239536581,29065239549929,29065239808237,29065240110253,29065240110357,16,10.2548,3.92059,0.0004,0.59608,0.13348,2.58308,3.02016
848,1,0,1e+08,29065242348836,29065242626972,29065242627028,29065242693316,29065242707044,29065243002044,29065243309360,29065243309392,16,9.60556,2.78136,0.00056,0.66288,0.13728,2.95,3.07316
849,1,0,1e+08,29065244297313,29065244592045,29065244592085,29065244646277,29065244658049,29065244903221,29065245291689,29065245291733,16,9.9442,2.94732,0.0004,0.54192,0.11772,2.45172,3.88468
850,1,0,1e+08,29065246492498,29065246861391,29065246861439,29065246923751,29065246936723,29065247196035,29065247503939,29065247503967,16,10.1147,3.68893,0.00048,0.62312,0.12972,2.59312,3.07904
851,1,0,1e+08,29065248565753,29065249178404,29065249178604,29065249355336,29065249380562,29065249867792,29065250254556,29065250254596,16,16.8884,6.12651,0.002,1.76732,0.25226,4.8723,3.86764
852,1,0,1e+08,29065251752759,29065252168074,29065252168130,29065252237886,29065252255114,29065252676790,29065253117015,29065253117043,16,13.6428,4.15315,0.00056,0.69756,0.17228,4.21676,4.40225
853,1,0,1e+08,29065254116468,29065254454800,29065254454852,29065254515120,29065254527944,29065254843588,29065255148532,29065255148568,16,10.321,3.38332,0.00052,0.60268,0.12824,3.15644,3.04944
854,1,0,1e+08,29065256239572,29065256658702,29065256658794,29065256748182,29065256763169,29065257059961,29065257357161,29065257357189,16,11.1762,4.1913,0.00092,0.89388,0.14987,2.96792,2.972
855,1,0,1e+08,29065258552892,29065259375022,29065259375114,29065259463722,29065259507302,29065259992191,29065260363315,29065260363351,16,18.1046,8.2213,0.00092,0.88608,0.4358,4.84889,3.71124
856,1,0,1e+08,29065261684574,29065261897522,29065261897562,29065261958878,29065261980314,29065262417334,29065262896506,29065262896546,16,12.1197,2.12948,0.0004,0.61316,0.21436,4.3702,4.79172
857,1,0,1e+08,29065264074104,29065264348233,29065264348269,29065264396621,29065264407325,29065264639429,29065264946761,29065264946797,16,8.72693,2.74129,0.00036,0.48352,0.10704,2.32104,3.07332
858,1,0,1e+08,29065266095750,29065266933433,29065266933623,29065267040959,29065267072322,29065267541084,29065267901484,29065267901516,16,18.0577,8.37683,0.0019,1.07336,0.31363,4.68762,3.604
859,1,0,1e+08,29065269403032,29065270156114,29065270156174,29065270228423,29065270242223,29065270589307,29065270838091,29065270838119,16,14.3509,7.53082,0.0006,0.72249,0.138,3.47084,2.48784
860,1,0,1e+08,29065271928973,29065272183242,29065272183282,29065272235650,29065272247134,29065272454542,29065272744466,29065272744494,16,8.15521,2.54269,0.0004,0.52368,0.11484,2.07408,2.89924
861,1,0,1e+08,29065273778164,29065274565448,29065274565552,29065274657104,29065274687944,29065275138244,29065275496796,29065275496836,16,17.1867,7.87284,0.00104,0.91552,0.3084,4.503,3.58552
862,1,0,1e+08,29065276583531,29065276877463,29065276877515,29065276934855,29065276946907,29065277225879,29065277543799,29065277543831,16,9.603,2.93932,0.00052,0.5734,0.12052,2.78972,3.1792
863,1,0,1e+08,29065278684633,29065279154975,29065279155175,29065279337006,29065279444478,29065280060391,29065280446763,29065280446811,16,17.6218,4.70342,0.002,1.81831,1.07472,6.15913,3.86372
864,1,0,1e+08,29065281674219,29065282464608,29065282464798,29065282606672,29065282640848,29065283100816,29065283458008,29065283458040,16,17.8382,7.90389,0.0019,1.41874,0.34176,4.59968,3.57192
865,1,0,1e+08,29065284694435,29065284995165,29065284995285,29065285058789,29065285072277,29065285392029,29065285712149,29065285712185,16,10.1775,3.0073,0.0012,0.63504,0.13488,3.19752,3.2012
866,1,0,1e+08,29065286740248,29065287470972,29065287471162,29065287607842,29065287641634,29065288160376,29065288512512,29065288512540,16,17.7229,7.30724,0.0019,1.3668,0.33792,5.18742,3.52136
867,1,0,1e+08,29065289640229,29065290630580,29065290630644,29065290779004,29065290795572,29065291150193,29065291456117,29065291456149,16,18.1592,9.90351,0.00064,1.4836,0.16568,3.54621,3.05924
868,1,0,1e+08,29065292549236,29065292799270,29065292799306,29065292851234,29065292913598,29065293374834,29065294283391,29065294283439,16,17.342,2.50034,0.00036,0.51928,0.62364,4.61236,9.08557
869,1,0,1e+08,29065295767903,29065296534397,29065296534587,29065296638505,29065296681001,29065297123960,29065297481520,29065297481556,16,17.1365,7.66494,0.0019,1.03918,0.42496,4.42959,3.5756
870,1,0,1e+08,29065298880102,29065299785138,29065299785234,29065299881338,29065299908470,29065300404508,29065300743004,29065300743036,16,18.6293,9.05036,0.00096,0.96104,0.27132,4.96038,3.38496
871,1,0,1e+08,29065302487738,29065302996184,29065302996320,29065303070648,29065303088300,29065303417492,29065303693648,29065303693680,16,12.0594,5.08446,0.00136,0.74328,0.17652,3.29192,2.76156
872,1,0,1e+08,29065304902965,29065305669482,29065305669598,29065305768686,29065305800886,29065306242035,29065306604207,29065306604247,16,17.0128,7.66517,0.00116,0.99088,0.322,4.41149,3.62172
873,1,0,1e+08,29065308071597,29065308715719,29065308715914,29065308896098,29065308957383,29065309505312,29065309867896,29065309867932,16,17.9633,6.44122,0.00195,1.80184,0.61285,5.47929,3.62584
874,1,0,1e+08,29065311258746,29065312036403,29065312036603,29065312148367,29065312179619,29065312696824,29065313061216,29065313061248,16,18.025,7.77657,0.002,1.11764,0.31252,5.17205,3.64392
875,1,0,1e+08,29065314268772,29065314565420,29065314565472,29065314621228,29065314633204,29065315039850,29065315411978,29065315412018,16,11.4325,2.96648,0.00052,0.55756,0.11976,4.06646,3.72128
876,1,0,1e+08,29065316592032,29065317572851,29065317572915,29065317695292,29065317712120,29065318068696,29065318385988,29065318386016,16,17.9398,9.80819,0.00064,1.22377,0.16828,3.56576,3.17292
877,1,0,1e+08,29065319512876,29065319883189,29065319883249,29065319950473,29065319965889,29065320328217,29065320683873,29065320683909,16,11.7103,3.70313,0.0006,0.67224,0.15416,3.62328,3.55656
878,1,0,1e+08,29065321897088,29065322197522,29065322197562,29065322250146,29065322263082,29065322477974,29065322784018,29065322784046,16,8.86958,3.00434,0.0004,0.52584,0.12936,2.14892,3.06044
879,1,0,1e+08,29065323852890,29065324172263,29065324172327,29065324250819,29065324339031,29065324739308,29065325021468,29065325021500,16,11.6861,3.19373,0.00064,0.78492,0.88212,4.00277,2.8216
880,1,0,1e+08,29065326023804,29065327042580,29065327042648,29065327112985,29065327134301,29065327585719,29065327888807,29065327888835,16,18.6503,10.1878,0.00068,0.70337,0.21316,4.51418,3.03088
881,1,0,1e+08,29065329155189,29065329641956,29065329642146,29065329823208,29065329902765,29065330512564,29065330904041,29065330904081,16,17.4889,4.86767,0.0019,1.81062,0.79557,6.09799,3.91477
882,1,0,1e+08,29065332126409,29065332829307,29065332829507,29065332992194,29065333036118,29065333514888,29065333875244,29065333875276,16,17.4887,7.02898,0.002,1.62687,0.43924,4.7877,3.60356
883,1,0,1e+08,29065335154792,29065335950037,29065335950232,29065336050941,29065336082282,29065336535155,29065336885403,29065336885439,16,17.3065,7.95245,0.00195,1.00709,0.31341,4.52873,3.50248
884,1,0,1e+08,29065338387963,29065339469494,29065339469558,29065339545918,29065339572195,29065339968147,29065340290367,29065340290399,16,19.0244,10.8153,0.00064,0.7636,0.26277,3.95952,3.2222
885,1,0,1e+08,29065342750755,29065343072680,29065343072768,29065343156652,29065343167968,29065344179947,29065344784971,29065344785027,16,20.3427,3.21925,0.00088,0.83884,0.11316,10.1198,6.05024
886,1,0,1e+08,29065346189077,29065347456148,29065347456616,29065347634188,29065347680393,29065348634763,29065349026431,29065349026467,16,28.3739,12.6707,0.00468,1.77572,0.46205,9.5437,3.91668
887,1,0,1e+08,29065350380269,29065351522968,29065351523204,29065351607538,29065351624174,29065352025816,29065352364700,29065352364740,16,19.8447,11.427,0.00236,0.84334,0.16636,4.01642,3.38884
888,1,0,1e+08,29065353897196,29065355165423,29065355165618,29065355302038,29065355344850,29065355820700,29065356178112,29065356178148,16,22.8095,12.6823,0.00195,1.3642,0.42812,4.7585,3.57412
889,1,0,1e+08,29065358658557,29065358952689,29065358952729,29065359018029,29065359032229,29065359385601,29065360473337,29065360473522,16,18.1497,2.94132,0.0004,0.653,0.142,3.53372,10.8774
890,1,0,1e+08,29065362696118,29065363478908,29065363479083,29065363652448,29065363689310,29065364958257,29065365362660,29065365362696,16,26.6658,7.8279,0.00175,1.73365,0.36862,12.6895,4.04403
891,1,0,1e+08,29065366458431,29065367535325,29065367535481,29065367613514,29065367631370,29065368011502,29065368333634,29065368333670,16,18.7524,10.7689,0.00156,0.78033,0.17856,3.80132,3.22132
892,1,0,1e+08,29065369696101,29065370691364,29065370691452,29065370833005,29065370853521,29065371199326,29065371560270,29065371560302,16,18.642,9.95263,0.00088,1.41553,0.20516,3.45805,3.60944
893,1,0,1e+08,29065372763155,29065373687237,29065373687301,29065373802029,29065373817357,29065374227525,29065374556609,29065374556645,16,17.9349,9.24082,0.00064,1.14728,0.15328,4.10168,3.29084
894,1,0,1e+08,29065375724128,29065376032669,29065376032721,29065376109857,29065376123469,29065376583671,29065377409089,29065377409157,16,16.8503,3.08541,0.00052,0.77136,0.13612,4.60202,8.25418
895,1,0,1e+08,29065378755571,29065379139459,29065379139551,29065379222656,29065379239712,29065379618608,29065379955888,29065379955932,16,12.0036,3.83888,0.00092,0.83105,0.17056,3.78896,3.3728
896,1,0,1e+08,29065381189560,29065382079394,29065382079486,29065382169132,29065382186852,29065382602236,29065382934112,29065382934144,16,17.4458,8.89834,0.00092,0.89646,0.1772,4.15384,3.31876
897,1,0,1e+08,29065384422852,29065385698321,29065385698491,29065385871107,29065385907802,29065387067440,29065387528112,29065387528164,16,31.0531,12.7547,0.0017,1.72616,0.36695,11.5964,4.60672
898,1,0,1e+08,29065389068765,29065390352046,29065390352236,29065390448092,29065390482102,29065390967839,29065391318023,29065391318059,16,22.4929,12.8328,0.0019,0.95856,0.3401,4.85737,3.50184
899,1,0,1e+08,29065392722279,29065394148326,29065394148901,29065394298924,29065394341896,29065394807903,29065395175639,29065395175679,16,24.534,14.2605,0.00575,1.50023,0.42972,4.66007,3.67736
900,1,0,1e+08,29065397520617,29065397856009,29065397856049,29065397920061,29065397932125,29065398167737,29065398443269,29065398443305,16,9.22688,3.35392,0.0004,0.64012,0.12064,2.35612,2.75532
901,1,0,1e+08,29065399691217,29065400058454,29065400058514,29065400140366,29065400161588,29065401152621,29065401598370,29065401598418,16,19.072,3.67237,0.0006,0.81852,0.21222,9.91033,4.45749
902,1,0,1e+08,29065402977202,29065403892052,29065403892148,29065404037312,29065404060508,29065404485176,29065404832532,29065404832568,16,18.5537,9.1485,0.00096,1.45164,0.23196,4.24668,3.47356
903,1,0,1e+08,29065406254496,29065406915207,29065406915271,29065407047684,29065407212598,29065407635826,29065407965811,29065407965855,16,17.1136,6.60711,0.00064,1.32413,1.64914,4.23228,3.29985
904,1,0,1e+08,29065409398181,29065409786207,29065409786267,29065409907015,29065409922823,29065410390796,29065410850858,29065410850898,16,14.5272,3.88026,0.0006,1.20748,0.15808,4.67973,4.60062
905,1,0,1e+08,29065412215666,29065412996716,29065412996812,29065413092179,29065413124767,29065413664686,29065414017362,29065414017402,16,18.0174,7.8105,0.00096,0.95367,0.32588,5.39919,3.52676
906,1,0,1e+08,29065415698819,29065416129568,29065416129628,29065416251000,29065416280126,29065416785536,29065417131156,29065417131192,16,14.3237,4.30749,0.0006,1.21372,0.29126,5.0541,3.4562
907,1,0,1e+08,29065418455676,29065418906717,29065418906777,29065418980993,29065418997305,29065419433134,29065419876403,29065419876447,16,14.2077,4.51041,0.0006,0.74216,0.16312,4.35829,4.43269
908,1,0,1e+08,29065420982044,29065421806765,29065421806857,29065421899481,29065421933789,29065422362464,29065422713656,29065422713688,16,17.3164,8.24721,0.00092,0.92624,0.34308,4.28675,3.51192
909,1,0,1e+08,29065423893966,29065424235929,29065424235989,29065424308362,29065424323694,29065424711042,29065425112202,29065425112258,16,12.1829,3.41963,0.0006,0.72373,0.15332,3.87348,4.0116
910,1,0,1e+08,29065426196215,29065427092811,29065427092907,29065427189587,29065427234059,29065427695814,29065428037206,29065428037238,16,18.4102,8.96596,0.00096,0.9668,0.44472,4.61755,3.41392
911,1,0,1e+08,29065429171015,29065429621207,29065429621259,29065429724095,29065429740979,29065430123079,29065430536683,29065430536839,16,13.6582,4.50192,0.00052,1.02836,0.16884,3.821,4.13604
912,1,0,1e+08,29065431680502,29065432308507,29065432308707,29065432481244,29065432524604,29065433007424,29065433367720,29065433367752,16,16.8725,6.28005,0.002,1.72537,0.4336,4.8282,3.60296
913,1,0,1e+08,29065434571179,29065435340369,29065435340569,29065435498872,29065435525944,29065436002482,29065436362894,29065436362934,16,17.9176,7.6919,0.002,1.58303,0.27072,4.76538,3.60412
914,1,0,1e+08,29065437590571,29065437972735,29065437972799,29065438050707,29065438068163,29065438678183,29065439581453,29065439581537,16,19.9097,3.82164,0.00064,0.77908,0.17456,6.1002,9.0327
915,1,0,1e+08,29065441269686,29065441873214,29065441873414,29065442054125,29065442099230,29065442643904,29065443023313,29065443023361,16,17.5368,6.03528,0.002,1.80711,0.45105,5.44674,3.79409
916,1,0,1e+08,29065444339993,29065444692678,29065444692742,29065444762110,29065444776107,29065445107803,29065445504668,29065445504700,16,11.6471,3.52685,0.00064,0.69368,0.13997,3.31696,3.96865
917,1,0,1e+08,29065446465956,29065447273438,29065447273578,29065447365381,29065447410469,29065447919707,29065448303891,29065448303931,16,18.3798,8.07482,0.0014,0.91803,0.45088,5.09238,3.84184
918,1,0,1e+08,29065449449311,29065449741493,29065449741541,29065449800133,29065449812573,29065450223161,29065450652753,29065450652797,16,12.0349,2.92182,0.00048,0.58592,0.1244,4.10588,4.29592
919,1,0,1e+08,29065451704379,29065452522037,29065452522137,29065452619045,29065452653589,29065453126008,29065453484680,29065453484720,16,17.8034,8.17658,0.001,0.96908,0.34544,4.72419,3.58672
920,1,0,1e+08,29065454777684,29065455560399,29065455560599,29065455663823,29065455690291,29065456135539,29065456482795,29065456482827,16,17.0514,7.82715,0.002,1.03224,0.26468,4.45248,3.47256
921,1,0,1e+08,29065457665657,29065458147802,29065458147894,29065458227696,29065458243916,29065458630160,29065459264132,29065459264317,16,15.9866,4.82145,0.00092,0.79802,0.1622,3.86244,6.33972
922,1,0,1e+08,29065461257415,29065462291452,29065462291516,29065462359388,29065462378088,29065462821088,29065463135388,29065463135420,16,18.78,10.3404,0.00064,0.67872,0.187,4.43,3.143
923,1,0,1e+08,29065464443961,29065464730637,29065464730681,29065464818049,29065464832233,29065465128321,29065465444277,29065465444317,16,10.0036,2.86676,0.00044,0.87368,0.14184,2.96088,3.15956
924,1,0,1e+08,29065466509051,29065467120738,29065467120928,29065467298728,29065467373856,29065467903956,29065468305704,29065468305740,16,17.9669,6.11687,0.0019,1.778,0.75128,5.301,4.01748
925,1,0,1e+08,29065469588720,29065470015355,29065470015443,29065470147161,29065470174466,29065471273936,29065471532976,29065471533012,16,19.4429,4.26635,0.00088,1.31718,0.27305,10.9947,2.5904
926,1,0,1e+08,29065472696734,29065473003131,29065473003167,29065473055907,29065473069467,29065473347543,29065473714824,29065473714856,16,10.1812,3.06397,0.00036,0.5274,0.1356,2.78076,3.67281
927,1,0,1e+08,29065474803146,29065475078968,29065475079008,29065475135412,29065475147100,29065475402944,29065475691848,29065475691884,16,8.88738,2.75822,0.0004,0.56404,0.11688,2.55844,2.88904
928,1,0,1e+08,29065476786638,29065477584464,29065477584556,29065477707896,29065477727416,29065478158467,29065478515139,29065478515171,16,17.2853,7.97826,0.00092,1.2334,0.1952,4.31051,3.56672
929,1,0,1e+08,29065479616692,29065480132594,29065480132784,29065480309786,29065480351558,29065480958669,29065481339793,29065481339837,16,17.2314,5.15902,0.0019,1.77002,0.41772,6.07111,3.81124
930,1,0,1e+08,29065482744144,29065483228300,29065483228364,29065483309232,29065483325088,29065483729400,29065484063644,29065484063680,16,13.1954,4.84156,0.00064,0.80868,0.15856,4.04312,3.34244
931,1,0,1e+08,29065484978091,29065485777512,29065485777616,29065485867214,29065485888130,29065486344000,29065486699048,29065486699088,16,17.21,7.99421,0.00104,0.89598,0.20916,4.5587,3.55048
932,1,0,1e+08,29065487859222,29065488236661,29065488236861,29065488413362,29065488468116,29065489276747,29065489680063,29065489680095,16,18.2087,3.77439,0.002,1.76501,0.54754,8.08631,4.03316
933,1,0,1e+08,29065490782558,29065491486420,29065491486620,29065491619793,29065491653693,29065492186521,29065492528265,29065492528305,16,17.4575,7.03862,0.002,1.33173,0.339,5.32828,3.41744
934,1,0,1e+08,29065493702553,29065494180328,29065494180528,29065494356881,29065494411455,29065495120494,29065495536504,29065495536536,16,18.3398,4.77775,0.002,1.76353,0.54574,7.09039,4.1601
935,1,0,1e+08,29065496680291,29065496964447,29065496964495,29065497018795,29065497030071,29065497358855,29065497673051,29065497673087,16,9.92796,2.84156,0.00048,0.543,0.11276,3.28784,3.14196
936,1,0,1e+08,29065499006273,29065499261265,29065499261301,29065499308565,29065499320225,29065499670184,29065500543396,29065500543448,16,15.3718,2.54992,0.00036,0.47264,0.1166,3.49959,8.73212
937,1,0,1e+08,29065502060304,29065502906422,29065502906514,29065503000086,29065503043150,29065503519691,29065503881047,29065503881083,16,18.2078,8.46118,0.00092,0.93572,0.43064,4.76541,3.61356
938,1,0,1e+08,29065505121709,29065505382181,29065505382225,29065505436957,29065505449937,29065505810777,29065506141213,29065506141241,16,10.1953,2.60472,0.00044,0.54732,0.1298,3.6084,3.30436
939,1,0,1e+08,29065507195840,29065507759840,29065507760040,29065507935350,29065507974830,29065508520786,29065508913454,29065508913498,16,17.1766,5.64,0.002,1.7531,0.3948,5.45956,3.92668
940,1,0,1e+08,29065510168180,29065510465193,29065510465229,29065510546081,29065510562033,29065510927745,29065511262925,29065511262953,16,10.9477,2.97013,0.00036,0.80852,0.15952,3.65712,3.3518
941,1,0,1e+08,29065512234385,29065512665810,29065512666005,29065512844406,29065512884023,29065513504268,29065513909564,29065513909604,16,16.7522,4.31425,0.00195,1.78401,0.39617,6.20245,4.05296
942,1,0,1e+08,29065515045164,29065516035554,29065516035618,29065516171016,29065516187436,29065516558444,29065516865344,29065516865372,16,18.2021,9.9039,0.00064,1.35398,0.1642,3.71008,3.069
943,1,0,1e+08,29065517843025,29065518609570,29065518609666,29065518699074,29065518730614,29065519259431,29065519610423,29065519610463,16,17.6744,7.66545,0.00096,0.89408,0.3154,5.28817,3.50992
944,1,0,1e+08,29065520768147,29065521050387,29065521050423,29065521105731,29065521116167,29065521392563,29065521709455,29065521709487,16,9.4134,2.8224,0.00036,0.55308,0.10436,2.76396,3.16892
945,1,0,1e+08,29065522662121,29065522948096,29065522948128,29065523000420,29065523011152,29065523206676,29065523478972,29065523479008,16,8.16887,2.85975,0.00032,0.52292,0.10732,1.95524,2.72296
946,1,0,1e+08,29065524462258,29065524751623,29065524751659,29065524809927,29065524820883,29065525127331,29065525404343,29065525404367,16,9.42109,2.89365,0.00036,0.58268,0.10956,3.06448,2.77012
947,1,0,1e+08,29065526455879,29065526727107,29065526727139,29065526796771,29065526810547,29065527045475,29065527344239,29065527344275,16,8.88396,2.71228,0.00032,0.69632,0.13776,2.34928,2.98764
948,1,0,1e+08,29065528435968,29065529228637,29065529228729,29065529381372,29065529398016,29065529814440,29065530158404,29065530158444,16,17.2248,7.92669,0.00092,1.52643,0.16644,4.16424,3.43964
949,1,0,1e+08,29065531264306,29065531553510,29065531553542,29065531628838,29065531641210,29065531941826,29065532804538,29065532804630,16,15.4032,2.89204,0.00032,0.75296,0.12372,3.00616,8.62712
950,1,0,1e+08,29065534305328,29065534555213,29065534555241,29065534608117,29065534619769,29065534931113,29065535222745,29065535222777,16,9.17449,2.49885,0.00028,0.52876,0.11652,3.11344,2.91632
951,1,0,1e+08,29065536261876,29065536533204,29065536533248,29065536591820,29065536604116,29065536882696,29065537217040,29065537217080,16,9.55204,2.71328,0.00044,0.58572,0.12296,2.7858,3.34344
952,1,0,1e+08,29065538222721,29065540650746,29065540651216,29065540785482,29065540805478,29065541241357,29065541589657,29065541589685,16,33.6696,24.2802,0.0047,1.34266,0.19996,4.35879,3.483
953,1,0,1e+08,29065542777649,29065543073457,29065543073497,29065543125809,29065543141493,29065543466149,29065543820705,29065543820749,16,10.431,2.95808,0.0004,0.52312,0.15684,3.24656,3.54556
954,1,0,1e+08,29065544958781,29065545762962,29065545763058,29065545855950,29065545876220,29065546293238,29065546633798,29065546633830,16,16.7505,8.04181,0.00096,0.92892,0.2027,4.17018,3.4056
955,1,0,1e+08,29065547770008,29065548054284,29065548054320,29065548108420,29065548119740,29065548433348,29065548807304,29065548807344,16,10.3734,2.84276,0.00036,0.541,0.1132,3.13608,3.73956
956,1,0,1e+08,29065549966812,29065551000860,29065551000924,29065551076592,29065551095608,29065551495809,29065551809417,29065551809445,16,18.4263,10.3405,0.00064,0.75668,0.19016,4.00201,3.13608
957,1,0,1e+08,29065552895020,29065553741350,29065553741446,29065553909134,29065553929810,29065554374580,29065554721188,29065554721228,16,18.2621,8.4633,0.00096,1.67688,0.20676,4.4477,3.46608
958,1,0,1e+08,29065556031901,29065556377241,29065556377297,29065556461273,29065556476901,29065556792729,29065557109353,29065557109381,16,10.7748,3.4534,0.00056,0.83976,0.15628,3.15828,3.16624
959,1,0,1e+08,29065558057849,29065558359839,29065558359883,29065558452435,29065558466671,29065559161105,29065559786412,29065559786468,16,17.2862,3.0199,0.00044,0.92552,0.14236,6.94434,6.25307
960,1,0,1e+08,29065561167924,29065562155344,29065562155408,29065562235640,29065562254192,29065562623068,29065562932648,29065562932676,16,17.6475,9.8742,0.00064,0.80232,0.18552,3.68876,3.0958
961,1,0,1e+08,29065564917411,29065565343983,29065565344035,29065565410115,29065565423391,29065565743715,29065566003551,29065566003583,16,10.8617,4.26572,0.00052,0.6608,0.13276,3.20324,2.59836
962,1,0,1e+08,29065567216625,29065568788166,29065568788746,29065568920942,29065568951086,29065569449459,29065569829603,29065569829635,16,26.1301,15.7154,0.0058,1.32196,0.30144,4.98373,3.80144
963,1,0,1e+08,29065571245828,29065571717880,29065571717936,29065571787704,29065571801616,29065572347585,29065573173140,29065573173204,16,19.2738,4.72052,0.00056,0.69768,0.13912,5.45969,8.25555
964,1,0,1e+08,29065574614253,29065575369912,29065575370067,29065575465456,29065575492688,29065576020477,29065576412741,29065576412777,16,17.9852,7.55659,0.00155,0.95389,0.27232,5.27789,3.92264
965,1,0,1e+08,29065577598388,29065578376710,29065578376900,29065578519036,29065578553944,29065579102950,29065579451222,29065579451262,16,18.5287,7.78322,0.0019,1.42136,0.34908,5.49006,3.48272
966,1,0,1e+08,29065580784618,29065581586240,29065581586440,29065581721938,29065581765746,29065582220390,29065582606462,29065582606502,16,18.2188,8.01622,0.002,1.35498,0.43808,4.54644,3.86072
967,1,0,1e+08,29065583763564,29065584174376,29065584174432,29065584240064,29065584254872,29065584584524,29065584914628,29065584914668,16,11.511,4.10812,0.00056,0.65632,0.14808,3.29652,3.30104
968,1,0,1e+08,29065585937224,29065586555680,29065586555870,29065586708628,29065586752836,29065587236901,29065587593001,29065587593033,16,16.5581,6.18456,0.0019,1.52758,0.44208,4.84065,3.561
969,1,0,1e+08,29065588791678,29065589636322,29065589636522,29065589760002,29065589795182,29065590342834,29065590695738,29065590695778,16,19.041,8.44644,0.002,1.2348,0.3518,5.47652,3.52904
970,1,0,1e+08,29065591933648,29065592213484,29065592213532,29065592270524,29065592285948,29065592584980,29065592917028,29065592917060,16,9.83412,2.79836,0.00048,0.56992,0.15424,2.99032,3.32048
971,1,0,1e+08,29065593817113,29065594072741,29065594072785,29065594126033,29065594137533,29065594404197,29065594724397,29065594724433,16,9.0732,2.55628,0.00044,0.53248,0.115,2.66664,3.202
972,1,0,1e+08,29065595829142,29065596606422,29065596606514,29065596697284,29065596720528,29065597179333,29065597538777,29065597538809,16,17.0967,7.7728,0.00092,0.9077,0.23244,4.58805,3.59444
973,1,0,1e+08,29065598721711,29065598995984,29065598996032,29065599059444,29065599072020,29065599347564,29065599857256,29065599857312,16,11.356,2.74273,0.00048,0.63412,0.12576,2.75544,5.09692
974,1,0,1e+08,29065600888988,29065601775532,29065601775640,29065601866218,29065601892742,29065602425851,29065602790327,29065602790359,16,19.0137,8.86544,0.00108,0.90578,0.26524,5.33109,3.64476
975,1,0,1e+08,29065603891745,29065604184321,29065604184369,29065604241857,29065604253965,29065604543221,29065604912369,29065604912509,16,10.2076,2.92576,0.00048,0.57488,0.12108,2.89256,3.69148
976,1,0,1e+08,29065605881497,29065606702536,29065606702736,29065606869949,29065606889137,29065607379962,29065607753854,29065607753886,16,18.7239,8.21039,0.002,1.67213,0.19188,4.90825,3.73892
977,1,0,1e+08,29065608952867,29065609215368,29065609215408,29065609265800,29065609276084,29065609555244,29065609884200,29065609884240,16,9.31373,2.62501,0.0004,0.50392,0.10284,2.7916,3.28956
978,1,0,1e+08,29065610900235,29065611234701,29065611234741,29065611315205,29065611327921,29065611580405,29065612560346,29065612560394,16,16.6016,3.34466,0.0004,0.80464,0.12716,2.52484,9.79941
979,1,0,1e+08,29065614062131,29065614350775,29065614350831,29065614419491,29065614434475,29065615039465,29065615403409,29065615403445,16,13.4131,2.88644,0.00056,0.6866,0.14984,6.0499,3.63944
980,1,0,1e+08,29065616393168,29065616868068,29065616868273,29065617048385,29065617094170,29065617712440,29065618109705,29065618109741,16,17.1657,4.749,0.00205,1.80112,0.45785,6.1827,3.97265
981,1,0,1e+08,29065619207886,29065619514088,29065619514132,29065619586972,29065619598744,29065619879616,29065620195920,29065620195956,16,9.8807,3.06202,0.00044,0.7284,0.11772,2.80872,3.16304
982,1,0,1e+08,29065621230170,29065621754693,29065621754893,29065621933726,29065621989263,29065622618818,29065623013318,29065623013354,16,17.8318,5.24523,0.002,1.78833,0.55537,6.29555,3.945
983,1,0,1e+08,29065624152764,29065625173108,29065625173172,29065625247136,29065625264532,29065625687912,29065625989276,29065625989312,16,18.3655,10.2034,0.00064,0.73964,0.17396,4.2338,3.01364
984,1,0,1e+08,29065627143992,29065627397688,29065627397728,29065627450300,29065627462900,29065627706692,29065628005744,29065628005772,16,8.6178,2.53696,0.0004,0.52572,0.126,2.43792,2.99052
985,1,0,1e+08,29065629034742,29065629633675,29065629633870,29065629862422,29065629892228,29065630411440,29065630785040,29065630785080,16,17.5034,5.98933,0.00195,2.28552,0.29806,5.19212,3.736
986,1,0,1e+08,29065631897749,29065632594813,29065632595013,29065632723174,29065632756934,29065633295189,29065633666249,29065633666281,16,17.6853,6.97064,0.002,1.28161,0.3376,5.38255,3.7106
987,1,0,1e+08,29065634827466,29065635089590,29065635089638,29065635143790,29065635156234,29065635439382,29065635782590,29065635782630,16,9.55164,2.62124,0.00048,0.54152,0.12444,2.83148,3.43208
988,1,0,1e+08,29065636742386,29065637082572,29065637082772,29065637261314,29065637339974,29065638002325,29065638408697,29065638408729,16,16.6634,3.40186,0.002,1.78542,0.7866,6.62351,4.06372
989,1,0,1e+08,29065639644343,29065640470548,29065640470644,29065640561031,29065640581799,29065640998144,29065641335432,29065641335472,16,16.9113,8.26205,0.00096,0.90387,0.20768,4.16345,3.37288
990,1,0,1e+08,29065642705523,29065643499901,29065643499997,29065643593030,29065643615002,29065644053470,29065644402394,29065644402426,16,16.969,7.94378,0.00096,0.93033,0.21972,4.38468,3.48924
991,1,0,1e+08,29065645554033,29065645883206,29065645883254,29065645957490,29065645971250,29065646313346,29065646645862,29065646645902,16,10.9187,3.29173,0.00048,0.74236,0.1376,3.42096,3.32516
992,1,0,1e+08,29065647807824,29065648532437,29065648532627,29065648659714,29065648691482,29065649223080,29065649579364,29065649579396,16,17.7157,7.24613,0.0019,1.27087,0.31768,5.31598,3.56284
993,1,0,1e+08,29065650828550,29065651717744,29065651717840,29065651861131,29065651876547,29065652268385,29065652591545,29065652591581,16,17.6303,8.89194,0.00096,1.43291,0.15416,3.91838,3.2316
994,1,0,1e+08,29065653691026,29065653965946,29065653965978,29065654016838,29065654027326,29065654864913,29065655375660,29065655375700,16,16.8467,2.7492,0.00032,0.5086,0.10488,8.37587,5.10747
995,1,0,1e+08,29065656684578,29065656982656,29065656982696,29065657047936,29065657061460,29065657399292,29065657725964,29065657726004,16,10.4143,2.98078,0.0004,0.6524,0.13524,3.37832,3.26672
996,1,0,1e+08,29065659083497,29065659786990,29065659787190,29065659968983,29065659989207,29065660473589,29065660851001,29065660851037,16,17.6754,7.03493,0.002,1.81793,0.20224,4.84382,3.77412
997,1,0,1e+08,29065662132948,29065662683427,29065662683579,29065662764883,29065662779423,29065663132379,29065663410615,29065663410647,16,12.777,5.50479,0.00152,0.81304,0.1454,3.52956,2.78236
998,1,0,1e+08,29065664480537,29065665327858,29065665327954,29065665420796,29065665442476,29065665902728,29065666245288,29065666245320,16,17.6478,8.47321,0.00096,0.92842,0.2168,4.60252,3.4256
999,1,0,1e+08,29065667626243,29065668172971,29065668173096,29065668291650,29065668312578,29065668692902,29065669085720,29065669085752,16,14.5951,5.46728,0.00125,1.18554,0.20928,3.80324,3.92818
1000,1,0,1e+08,29065670115438,29065670386631,29065670386671,29065670441347,29065670452947,29065671286528,29065671778218,29065671778258,16,16.6282,2.71193,0.0004,0.54676,0.116,8.33581,4.9169
1001,1,0,1e+08,29065673112081,29065673994834,29065673994930,29065674086214,29065674107366,29065674556552,29065674904752,29065674904792,16,17.9271,8.82753,0.00096,0.91284,0.21152,4.49186,3.482
1002,1,0,1e+08,29065676209698,29065676988763,29065676988875,29065677082799,29065677112911,29065677601876,29065677964068,29065677964100,16,17.544,7.79065,0.00112,0.93924,0.30112,4.88965,3.62192
1003,1,0,1e+08,29065679463427,29065679841159,29065679841223,29065679918492,29065679934040,29065680313596,29065680613424,29065680613464,16,11.5004,3.77732,0.00064,0.77269,0.15548,3.79556,2.99828
1004,1,0,1e+08,29065681944433,29065682245038,29065682245102,29065682318538,29065682333762,29065682631254,29065682911462,29065682911490,16,9.67057,3.00605,0.00064,0.73436,0.15224,2.97492,2.80208
1005,1,0,1e+08,29065683899468,29065684185958,29065684186002,29065684239182,29065684251742,29065684501614,29065684812542,29065684812574,16,9.13106,2.8649,0.00044,0.5318,0.1256,2.49872,3.10928
1006,1,0,1e+08,29065685826109,29065686128461,29065686128501,29065686191360,29065686210732,29065686569863,29065686861979,29065686862003,16,10.3589,3.02352,0.0004,0.62859,0.19372,3.59131,2.92116
1007,1,0,1e+08,29065688006906,29065688485111,29065688485301,29065688665760,29065688721310,29065689388241,29065689799413,29065689799453,16,17.9255,4.78205,0.0019,1.80459,0.5555,6.66931,4.11172
1008,1,0,1e+08,29065691223674,29065692279426,29065692279490,29065692389355,29065692407267,29065692792216,29065693106120,29065693106148,16,18.8247,10.5575,0.00064,1.09865,0.17912,3.84949,3.13904
1009,1,0,1e+08,29065694366530,29065694690930,29065694690982,29065694755878,29065694769810,29065695065206,29065695431838,29065695431882,16,10.6535,3.244,0.00052,0.64896,0.13932,2.95396,3.66632
1010,1,0,1e+08,29065696506524,29065696778506,29065696778542,29065696860354,29065696921194,29065697785619,29065698215272,29065698215308,16,17.0878,2.71982,0.00036,0.81812,0.6084,8.64425,4.29653
1011,1,0,1e+08,29065699451065,29065699779879,29065699779939,29065699851843,29065699867255,29065700227899,29065700537847,29065700537883,16,10.8682,3.28814,0.0006,0.71904,0.15412,3.60644,3.09948
1012,1,0,1e+08,29065701788883,29065702682412,29065702682504,29065702792122,29065702808354,29065703223452,29065703559096,29065703559128,16,17.7025,8.93529,0.00092,1.09618,0.16232,4.15098,3.35644
1013,1,0,1e+08,29065704581637,29065704945180,29065704945220,29065705004640,29065705016428,29065705334092,29065705656016,29065705656056,16,10.7442,3.63543,0.0004,0.5942,0.11788,3.17664,3.21924
1014,1,0,1e+08,29065706618247,29065707656584,29065707656652,29065707757116,29065707773648,29065708154636,29065708490296,29065708490324,16,18.7208,10.3834,0.00068,1.00464,0.16532,3.80988,3.3566
1015,1,0,1e+08,29065709754769,29065710039551,29065710039591,29065710101091,29065710113959,29065710363435,29065710654427,29065710654463,16,8.99694,2.84782,0.0004,0.615,0.12868,2.49476,2.90992
1016,1,0,1e+08,29065711655959,29065711919287,29065711919327,29065711984707,29065711996215,29065712285571,29065712570023,29065712570051,16,9.14092,2.63328,0.0004,0.6538,0.11508,2.89356,2.84452
1017,1,0,1e+08,29065713549682,29065713787856,29065713787892,29065713840968,29065713852112,29065714138940,29065715055841,29065715055933,16,15.0625,2.38174,0.00036,0.53076,0.11144,2.86828,9.16901
1018,1,0,1e+08,29065716750829,29065717061567,29065717061631,29065717124395,29065717137531,29065717475107,29065717817499,29065717817531,16,10.667,3.10738,0.00064,0.62764,0.13136,3.37576,3.42392
1019,1,0,1e+08,29065718907594,29065719728979,29065719729075,29065719817915,29065719842799,29065720269692,29065720622496,29065720622536,16,17.1494,8.21385,0.00096,0.8884,0.24884,4.26893,3.52804
1020,1,0,1e+08,29065721921785,29065722563937,29065722564112,29065722641826,29065722657094,29065723057339,29065723321151,29065723321179,16,13.9939,6.42152,0.00175,0.77714,0.15268,4.00245,2.63812
1021,1,0,1e+08,29065724254068,29065724474196,29065724474228,29065724524592,29065724535688,29065724794664,29065725211820,29065725211860,16,9.57792,2.20128,0.00032,0.50364,0.11096,2.58976,4.17156
1022,1,0,1e+08,29065726197099,29065726572410,29065726572470,29065726634422,29065726647130,29065727957255,29065729095368,29065729095416,16,28.9832,3.75311,0.0006,0.61952,0.12708,13.1013,11.3811
1023,1,0,1e+08,29065730446435,29065730696140,29065730696196,29065730764052,29065730778396,29065731133860,29065731482060,29065731482096,16,10.3566,2.49705,0.00056,0.67856,0.14344,3.55464,3.482
1024,1,0,1e+08,29065732549510,29065732772799,29065732772831,29065732827667,29065732891011,29065733133779,29065733482627,29065733482663,16,9.33153,2.23289,0.00032,0.54836,0.63344,2.42768,3.48848
1025,1,0,1e+08,29065735072320,29065736066199,29065736066263,29065736177471,29065736194463,29065736568379,29065736874143,29065736874179,16,18.0186,9.93879,0.00064,1.11208,0.16992,3.73916,3.05764
1026,1,0,1e+08,29065738235060,29065738611852,29065738611916,29065738691609,29065738706969,29065739083509,29065739393697,29065739393729,16,11.5867,3.76792,0.00064,0.79693,0.1536,3.7654,3.10188
1027,1,0,1e+08,29065740358781,29065740673559,29065740673611,29065740738147,29065740755771,29065741092436,29065741434432,29065741434472,16,10.7569,3.14778,0.00052,0.64536,0.17624,3.36665,3.41996
1028,1,0,1e+08,29065742617649,29065743421678,29065743421873,29065743545753,29065743588953,29065744042173,29065744404013,29065744404045,16,17.864,8.04029,0.00195,1.2388,0.432,4.5322,3.6184
1029,1,0,1e+08,29065745620298,29065745958923,29065745958975,29065746029227,29065746044107,29065746477195,29065746796915,29065746796959,16,11.7666,3.38625,0.00052,0.70252,0.1488,4.33088,3.1972
1030,1,0,1e+08,29065748068425,29065748517218,29065748517278,29065748619286,29065748635586,29065749356368,29065749767648,29065749767684,16,16.9926,4.48793,0.0006,1.02008,0.163,7.20782,4.1128
1031,1,0,1e+08,29065751066338,29065751376691,29065751376735,29065751440311,29065751454463,29065751759683,29065752074443,29065752074479,16,10.0814,3.10353,0.00044,0.63576,0.14152,3.0522,3.1476
1032,1,0,1e+08,29065753131480,29065753988597,29065753988693,29065754121038,29065754149206,29065754581256,29065754926636,29065754926668,16,17.9519,8.57117,0.00096,1.32345,0.28168,4.3205,3.4538
1033,1,0,1e+08,29065756369560,29065757273276,29065757273340,29065757357808,29065757376832,29065757788776,29065758090068,29065758090100,16,17.2054,9.03716,0.00064,0.84468,0.19024,4.11944,3.01292
1034,1,0,1e+08,29065759279349,29065759917721,29065759917916,29065760094007,29065760139012,29065760671044,29065761045100,29065761045136,16,17.6579,6.38372,0.00195,1.76091,0.45005,5.32032,3.74056
1035,1,0,1e+08,29065762497424,29065763329279,29065763329379,29065763428115,29065763447779,29065763931217,29065764294933,29065764294969,16,17.9755,8.31855,0.001,0.98736,0.19664,4.83438,3.63716
1036,1,0,1e+08,29065765561575,29065766367408,29065766367608,29065766494421,29065766514581,29065766953227,29065767307195,29065767307227,16,17.4565,8.05833,0.002,1.26813,0.2016,4.38646,3.53968
1037,1,0,1e+08,29065768685298,29065769022311,29065769022347,29065769102803,29065769115959,29065769435515,29065769716603,29065769716643,16,10.3134,3.37013,0.00036,0.80456,0.13156,3.19556,2.81088
1038,1,0,1e+08,29065770742547,29065770999943,29065770999987,29065771053671,29065771065131,29065771282831,29065771604127,29065771604155,16,8.61608,2.57396,0.00044,0.53684,0.1146,2.177,3.21296
1039,1,0,1e+08,29065772638799,29065773214319,29065773214519,29065773393494,29065773454884,29065774036803,29065774426207,29065774426319,16,17.8752,5.7552,0.002,1.78975,0.6139,5.81919,3.89404
1040,1,0,1e+08,29065775598843,29065775888283,29065775888331,29065775945099,29065775957339,29065776249387,29065776573007,29065776573039,16,9.74196,2.8944,0.00048,0.56768,0.1224,2.92048,3.2362
1041,1,0,1e+08,29065777521903,29065777766952,29065777766984,29065777818540,29065777830908,29065778086372,29065778368808,29065778368844,16,8.46941,2.45049,0.00032,0.51556,0.12368,2.55464,2.82436
1042,1,0,1e+08,29065779270548,29065779536060,29065779536100,29065779589556,29065779601364,29065779945088,29065780258316,29065780258348,16,9.878,2.65512,0.0004,0.53456,0.11808,3.43724,3.13228
1043,1,0,1e+08,29065781369946,29065781644979,29065781645119,29065781744911,29065781757999,29065782049799,29065782300191,29065782300227,16,9.30281,2.75033,0.0014,0.99792,0.13088,2.918,2.50392
1044,1,0,1e+08,29065783401604,29065783682318,29065783682362,29065783740202,29065783753466,29065784158888,29065784453904,29065784453932,16,10.5233,2.80714,0.00044,0.5784,0.13264,4.05422,2.95016
1045,1,0,1e+08,29065785470915,29065785744445,29065785744485,29065785798681,29065785811409,29065786092437,29065786390873,29065786390905,16,9.1999,2.7353,0.0004,0.54196,0.12728,2.81028,2.98436
1046,1,0,1e+08,29065787443344,29065787890444,29065787890634,29065788067228,29065788109428,29065788816176,29065789249284,29065789249320,16,18.0598,4.471,0.0019,1.76594,0.422,7.06748,4.33108
1047,1,0,1e+08,29065790423282,29065791291780,29065791291872,29065791438945,29065791456933,29065791864982,29065792196930,29065792196966,16,17.7368,8.68498,0.00092,1.47073,0.17988,4.08049,3.31948
1048,1,0,1e+08,29065793290237,29065793580513,29065793580561,29065793643769,29065793661297,29065794067725,29065794447221,29065794447257,16,11.5702,2.90276,0.00048,0.63208,0.17528,4.06428,3.79496
1049,1,0,1e+08,29065795463086,29065795748967,29065795749015,29065795804167,29065795816971,29065796090675,29065796380847,29065796380879,16,9.17793,2.85881,0.00048,0.55152,0.12804,2.73704,2.90172
1050,1,0,1e+08,29065797784685,29065798612543,29065798612635,29065798754347,29065798774823,29065799247050,29065799606798,29065799606830,16,18.2215,8.27858,0.00092,1.41712,0.20476,4.72227,3.59748
1051,1,0,1e+08,29065800832691,29065801713810,29065801713906,29065801806610,29065801865922,29065802282210,29065802628382,29065802628422,16,17.9573,8.81119,0.00096,0.92704,0.59312,4.16288,3.46172
1052,1,0,1e+08,29065803871035,29065804185317,29065804185373,29065804250481,29065804263997,29065804698468,29065805734296,29065805734364,16,18.6333,3.14282,0.00056,0.65108,0.13516,4.34471,10.3583
1053,1,0,1e+08,29065807359025,29065807798461,29065807798636,29065807988195,29065808025575,29065808343465,29065808620793,29065808620825,16,12.618,4.39436,0.00175,1.89559,0.3738,3.1789,2.77328
1054,1,0,1e+08,29065809779800,29065810095562,29065810095610,29065810148538,29065810161306,29065810437418,29065810742078,29065810742106,16,9.62306,3.15762,0.00048,0.52928,0.12768,2.76112,3.0466
1055,1,0,1e+08,29065812004317,29065812723932,29065812724122,29065812895740,29065812938762,29065813450283,29065813835955,29065813835999,16,18.3168,7.19615,0.0019,1.71618,0.43022,5.11521,3.85672
1056,1,0,1e+08,29065814979846,29065815579795,29065815579990,29065815755196,29065815809870,29065816387012,29065816785344,29065816785380,16,18.0553,5.99949,0.00195,1.75206,0.54674,5.77142,3.98332
1057,1,0,1e+08,29065818253989,29065818599199,29065818599263,29065818675679,29065818691675,29065819334572,29065819589120,29065819589156,16,13.3517,3.4521,0.00064,0.76416,0.15996,6.42897,2.54548
1058,1,0,1e+08,29065820622283,29065821407884,29065821407976,29065821500602,29065821540974,29065821974891,29065822326963,29065822326995,16,17.0471,7.85601,0.00092,0.92626,0.40372,4.33917,3.52072
1059,1,0,1e+08,29065823486745,29065823798085,29065823798137,29065823852557,29065823864285,29065824419294,29065824781290,29065824781326,16,12.9458,3.1134,0.00052,0.5442,0.11728,5.55009,3.61996
1060,1,0,1e+08,29065825752342,29065826080471,29065826080515,29065826138343,29065826150515,29065826429266,29065827407720,29065827407772,16,16.5543,3.28129,0.00044,0.57828,0.12172,2.78751,9.78454
1061,1,0,1e+08,29065828668513,29065828974382,29065828974442,29065829062359,29065829083721,29065829805553,29065830459523,29065830459571,16,17.9106,3.05869,0.0006,0.87917,0.21362,7.21832,6.5397
1062,1,0,1e+08,29065831450105,29065831778918,29065831778974,29065831840430,29065831853390,29065832240170,29065832610178,29065832610206,16,11.601,3.28813,0.00056,0.61456,0.1296,3.8678,3.70008
1063,1,0,1e+08,29065833505186,29065833772666,29065833772714,29065833830046,29065833842290,29065834351300,29065835191128,29065835191192,16,16.8601,2.6748,0.00048,0.57332,0.12244,5.0901,8.39828
1064,1,0,1e+08,29065836695949,29065837164857,29065837164921,29065837304584,29065837341199,29065837903447,29065838750335,29065838750407,16,20.5446,4.68908,0.00064,1.39663,0.36615,5.62248,8.46888
1065,1,0,1e+08,29065840199352,29065840782815,29065840782891,29065840875032,29065840892432,29065841847882,29065842367236,29065842367292,16,21.6794,5.83463,0.00076,0.92141,0.174,9.5545,5.19354
1066,1,0,1e+08,29065843638873,29065844417124,29065844417216,29065844545447,29065844565399,29065845028456,29065845394176,29065845394216,16,17.5534,7.78251,0.00092,1.28231,0.19952,4.63057,3.6572
1067,1,0,1e+08,29065846494070,29065846870762,29065846870818,29065846930898,29065846943238,29065847375103,29065847753639,29065847753687,16,12.5962,3.76692,0.00056,0.6008,0.1234,4.31865,3.78536
1068,1,0,1e+08,29065848627951,29065849435919,29065849436119,29065849554907,29065849596899,29065850092246,29065850475586,29065850475622,16,18.4767,8.07968,0.002,1.18788,0.41992,4.95347,3.8334
1069,1,0,1e+08,29065851712563,29065852612014,29065852612106,29065852699333,29065852719517,29065853142729,29065853473709,29065853473745,16,17.6118,8.99451,0.00092,0.87227,0.20184,4.23212,3.3098
1070,1,0,1e+08,29065854735886,29065854985374,29065854985426,29065855038222,29065855049694,29065855383666,29065855940833,29065855940983,16,12.051,2.49488,0.00052,0.52796,0.11472,3.33972,5.57167
1071,1,0,1e+08,29065857987272,29065858323697,29065858323749,29065858389121,29065858404505,29065858783490,29065859296262,29065859296322,16,13.0905,3.36425,0.00052,0.65372,0.15384,3.78985,5.12772
1072,1,0,1e+08,29065860202517,29065860638102,29065860638166,29065860754514,29065860766186,29065861065290,29065861337098,29065861337126,16,11.3461,4.35585,0.00064,1.16348,0.11672,2.99104,2.71808
1073,1,0,1e+08,29065862422894,29065863250281,29065863250471,29065863360953,29065863386038,29065863857782,29065864221826,29065864221866,16,17.9897,8.27387,0.0019,1.10482,0.25085,4.71744,3.64044
1074,1,0,1e+08,29065865454966,29065866410404,29065866410472,29065866494128,29065866512136,29065866897305,29065867213097,29065867213125,16,17.5816,9.55438,0.00068,0.83656,0.18008,3.85169,3.15792
1075,1,0,1e+08,29065868445303,29065869002584,29065869002644,29065869073868,29065869089164,29065869405132,29065869776404,29065869776448,16,13.3115,5.57281,0.0006,0.71224,0.15296,3.15968,3.71272
1076,1,0,1e+08,29065870950827,29065871709075,29065871709275,29065871877418,29065871897886,29065872414784,29065872780580,29065872780612,16,18.2979,7.58248,0.002,1.68143,0.20468,5.16898,3.65796
1077,1,0,1e+08,29065873961031,29065874275705,29065874275757,29065874343533,29065874357649,29065874672529,29065875002973,29065875003013,16,10.4198,3.14674,0.00052,0.67776,0.14116,3.1488,3.30444
1078,1,0,1e+08,29065876007181,29065876758229,29065876758429,29065876865136,29065876896326,29065877384058,29065877737802,29065877737830,16,17.3065,7.51048,0.002,1.06707,0.3119,4.87732,3.53744
1079,1,0,1e+08,29065878729405,29065879596611,29065879596707,29065879688790,29065879716494,29065880159250,29065880513662,29065880513702,16,17.843,8.67206,0.00096,0.92083,0.27704,4.42756,3.54412
1080,1,0,1e+08,29065881935503,29065882904646,29065882904710,29065882981999,29065883004783,29065883458296,29065883769080,29065883769108,16,18.3361,9.69143,0.00064,0.77289,0.22784,4.53513,3.10784
1081,1,0,1e+08,29065885716720,29065886201433,29065886201489,29065886274733,29065886290033,29065886606065,29065886890521,29065886890553,16,11.7383,4.84713,0.00056,0.73244,0.153,3.16032,2.84456
1082,1,0,1e+08,29065887922598,29065888539711,29065888539911,29065888716722,29065888789608,29065889320930,29065889692438,29065889692470,16,17.6987,6.17113,0.002,1.76811,0.72886,5.31322,3.71508
1083,1,0,1e+08,29065890823595,29065891104675,29065891104707,29065891234103,29065891271038,29065892118685,29065892540686,29065892540730,16,17.1713,2.8108,0.00032,1.29396,0.36935,8.47647,4.22001
1084,1,0,1e+08,29065893738899,29065894024709,29065894024757,29065894081153,29065894094229,29065894429834,29065894764394,29065894764426,16,10.2553,2.8581,0.00048,0.56396,0.13076,3.35605,3.3456
1085,1,0,1e+08,29065895934206,29065896276209,29065896276257,29065896326049,29065896336637,29065896610849,29065896929133,29065896929173,16,9.94967,3.42003,0.00048,0.49792,0.10588,2.74212,3.18284
1086,1,0,1e+08,29065897918247,29065898254625,29065898254669,29065898338393,29065898351341,29065898639853,29065898947041,29065898947073,16,10.2883,3.36378,0.00044,0.83724,0.12948,2.88512,3.07188
1087,1,0,1e+08,29065900251649,29065900551990,29065900552034,29065900677590,29065900720390,29065901540599,29065901967700,29065901967748,16,17.161,3.00341,0.00044,1.25556,0.428,8.20209,4.27101
1088,1,0,1e+08,29065903369883,29065903649107,29065903649155,29065903720939,29065903739971,29065904039991,29065904344331,29065904344363,16,9.7448,2.79224,0.00048,0.71784,0.19032,3.0002,3.0434
1089,1,0,1e+08,29065905643808,29065906568504,29065906568600,29065906663788,29065906684140,29065907157768,29065907510284,29065907510320,16,18.6651,9.24696,0.00096,0.95188,0.20352,4.73628,3.52516
1090,1,0,1e+08,29065908905232,29065909336972,29065909337016,29065909400992,29065909414784,29065909786592,29065910720744,29065910720832,16,18.156,4.3174,0.00044,0.63976,0.13792,3.71808,9.34152
1091,1,0,1e+08,29065912332798,29065912650554,29065912650618,29065912736200,29065912755828,29065913657319,29065913945135,29065913945175,16,16.1238,3.17756,0.00064,0.85582,0.19628,9.01491,2.87816
1092,1,0,1e+08,29065915332951,29065916038642,29065916038842,29065916169590,29065916203898,29065916716567,29065917090643,29065917090679,16,17.5773,7.05691,0.002,1.30748,0.34308,5.12669,3.74076
1093,1,0,1e+08,29065918496551,29065918870682,29065918870746,29065918952746,29065918969638,29065919453050,29065919867010,29065919867070,16,13.7052,3.74131,0.00064,0.82,0.16892,4.83412,4.1396
1094,1,0,1e+08,29065921117021,29065921998990,29065921999086,29065922094006,29065922125782,29065922635886,29065923010418,29065923010454,16,18.9343,8.81969,0.00096,0.9492,0.31776,5.10104,3.74532
1095,1,0,1e+08,29065924394486,29065925191108,29065925191220,29065925284464,29065925319016,29065925797221,29065926163273,29065926163313,16,17.6883,7.96622,0.00112,0.93244,0.34552,4.78205,3.66052
1096,1,0,1e+08,29065927775886,29065928342661,29065928342861,29065929317000,29065929336964,29065929667644,29065929944764,29065929944788,16,21.689,5.66775,0.002,9.74139,0.19964,3.3068,2.7712
1097,1,0,1e+08,29065931166651,29065932190443,29065932190511,29065932265115,29065932280787,29065932650399,29065932962259,29065932962299,16,17.9565,10.2379,0.00068,0.74604,0.15672,3.69612,3.1186
1098,1,0,1e+08,29065934195220,29065935013412,29065935013512,29065935105752,29065935136704,29065935625013,29065935989377,29065935989413,16,17.9419,8.18192,0.001,0.9224,0.30952,4.88309,3.64364
1099,1,0,1e+08,29065937272810,29065937633076,29065937633128,29065937712880,29065937733060,29065938194373,29065938504185,29065938504225,16,12.3141,3.60266,0.00052,0.79752,0.2018,4.61313,3.09812
1100,1,0,1e+08,29065940058501,29065940492773,29065940492833,29065940591769,29065940613341,29065941002794,29065941347718,29065941347758,16,12.8926,4.34272,0.0006,0.98936,0.21572,3.89453,3.44924
1101,1,0,1e+08,29065942917393,29065943910960,29065943911252,29065944083010,29065944097503,29065944520509,29065944844645,29065944844681,16,19.2729,9.93567,0.00292,1.71758,0.14493,4.23006,3.24136
1102,1,0,1e+08,29065946518663,29065946849983,29065946850039,29065946930715,29065946945727,29065947298595,29065947582135,29065947582171,16,10.6351,3.3132,0.00056,0.80676,0.15012,3.52868,2.8354
1103,1,0,1e+08,29065949009255,29065949724333,29065949724528,29065949856847,29065949902366,29065950420276,29065950764064,29065950764180,16,17.5492,7.15078,0.00195,1.32319,0.45519,5.1791,3.43788
1104,1,0,1e+08,29065952026290,29065952484668,29065952484756,29065952577948,29065952596497,29065953172524,29065953605487,29065953605519,16,15.7923,4.58378,0.00088,0.93192,0.18549,5.76027,4.32963
1105,1,0,1e+08,29065954737082,29065955118569,29065955118621,29065955185477,29065955199089,29065955467241,29065955898133,29065955898169,16,11.6109,3.81487,0.00052,0.66856,0.13612,2.68152,4.30892
1106,1,0,1e+08,29065957474207,29065958461536,29065958461600,29065958549848,29065958579936,29065958964852,29065959297316,29065959297344,16,18.2314,9.87329,0.00064,0.88248,0.30088,3.84916,3.32464
1107,1,0,1e+08,29065960781451,29065961885096,29065961885160,29065961956493,29065961971109,29065962611942,29065963315725,29065963315765,16,25.3431,11.0365,0.00064,0.71333,0.14616,6.40833,7.03783
1108,1,0,1e+08,29065964381002,29065965425858,29065965425922,29065965499371,29065965514667,29065965911245,29065966232373,29065966232405,16,18.514,10.4486,0.00064,0.73449,0.15296,3.96578,3.21128
1109,1,0,1e+08,29065968754354,29065969112707,29065969112795,29065969262713,29065969301543,29065970420357,29065970878155,29065970878203,16,21.2385,3.58353,0.00088,1.49918,0.3883,11.1881,4.57798
1110,1,0,1e+08,29065973596165,29065973862909,29065973862945,29065973923801,29065973936537,29065974204497,29065974772250,29065974772322,16,11.7616,2.66744,0.00036,0.60856,0.12736,2.6796,5.67753
1111,1,0,1e+08,29065975909879,29065976804878,29065976804970,29065976891764,29065976907664,29065977338020,29065977678288,29065977678328,16,17.6845,8.94999,0.00092,0.86794,0.159,4.30356,3.40268
1112,1,0,1e+08,29065978906715,29065979679227,29065979679412,29065979778994,29065979798262,29065980273620,29065980622232,29065980622268,16,17.1555,7.72512,0.00185,0.99582,0.19268,4.75358,3.48612
1113,1,0,1e+08,29065981892826,29065982285824,29065982285868,29065982402488,29065982417968,29065982819600,29065983185832,29065983185872,16,12.9305,3.92998,0.00044,1.1662,0.1548,4.01632,3.66232
1114,1,0,1e+08,29065984507704,29065984847955,29065984848023,29065984917519,29065984932743,29065985275780,29065985645760,29065985645788,16,11.3808,3.40251,0.00068,0.69496,0.15224,3.43037,3.6998
