frame,surf_acquire,vp_total,vp_setup,vp_create_view,vp_set_stream,vp_setter_fmt,vp_setter_src_rect,vp_setter_dst_rect,vp_blt,vp_submit_window,vp_range_pass,clear_prev_above,vp_chart_blend,chart_flush,vp_gauge_blend,gauge_flush,map_resample,vp_map_blend,map_flush1,map_flush2,above_blend,above_flush,flush_total,vp_hud_compute,vp_release_view,amf_create_surface,amf_submit_input,amf_query,amf_packet_write,process_frame_total,pool_index,decoder_tex_id,vp_out_tex_id,array_index,setters_skipped,state_sig,amf_submitted,amf_received,amf_query_calls,amf_outputs,retries,submit_result,query_result,decoder_copy
0,0.0578,28.7972,0.0177,0.003,0.0143,0.0116,0.0013,0.0009,12.4099,28.7613,0.0358,0.0005,0.1099,15.6809,0.0236,0.052,0.0254,0.0125,0.0633,0.052,0.0026,0.0418,15.89,0.0067,0.0172,0.0201,12.1324,0.0158,0,41.0286,0,1994856992,1135714720,0,0,116476604,1,0,1,0,0,0,24,0
1,0.051,1.6963,0.909,0.0034,0.905,0.8956,0.0072,0.0007,0.2946,0.7646,0.0089,0.0062,0.0057,0.142,0.0076,0.0946,0.0051,0.004,0.0603,0.044,0.0039,0.0652,0.4061,0.0044,0.021,0.0282,30.6479,1.958,1.8061,37.9736,1,1994856992,1135718944,1,0,116476604,2,1,1,1,0,0,0,0
2,0.0667,1.7726,0.8995,0.005,0.894,0.8796,0.01,0.0024,0.3526,0.8476,0.0101,0.0058,0.0128,0.1201,0.007,0.0795,0.0075,0.0055,0.0802,0.0663,0.003,0.0689,0.415,0.0078,0.0239,0.0231,0.4064,0.4165,0.6093,3.7361,2,1994856992,1135714016,2,0,116476604,3,2,1,1,0,0,0,0
3,0.0588,2.2388,0.9897,0.0049,0.9845,0.9701,0.0116,0.0013,0.3744,1.23,0.03,0.0162,0.0146,0.4085,0.0104,0.086,0.0051,0.0082,0.0852,0.081,0.0036,0.0718,0.7325,0.0061,0.0179,0.0237,0.7623,0.014,0,3.1019,3,1994856992,1135721056,0,0,116476604,4,2,1,0,0,0,24,0
4,0.0701,5.7017,1.3222,0.0038,1.3176,1.254,0.0502,0.0068,1.5759,4.3187,0.0431,0.0281,0.0564,0.6394,0.0458,0.3778,0.0368,0.0407,0.4094,0.4226,0.0342,0.4848,2.334,0.0354,0.0574,0.078,3.4005,1.0576,0.9662,11.9714,4,1994856992,1135709088,1,0,116476604,5,3,1,1,0,0,0,0
5,0.1092,3.6308,1.043,0.0052,1.0372,1.0265,0.0067,0.0023,0.3216,2.57,0.0123,0.0092,0.0077,0.1189,0.0038,0.0548,0.0064,0.0179,1.2382,0.3899,0.006,0.3517,2.1535,0.0085,0.0163,0.0248,0.6374,0.3462,0.5896,5.7861,5,1994856992,1135710496,2,0,116476604,6,4,1,1,0,0,0,0
6,0.1965,7.7768,3.3974,0.019,3.3775,3.3286,0.0412,0.0035,1.712,4.3599,0.0196,0.0114,0.0179,0.7182,0.0127,0.298,0.0067,0.0095,0.4171,0.6467,0.0156,0.4319,2.5119,0.0098,0.0177,0.0257,13.2328,0.0105,0,21.2485,6,1994856992,1135720352,0,0,116476604,7,4,1,0,0,0,24,0
7,0.0698,1.9702,1.0673,0.0033,1.0632,1.0491,0.0109,0.0014,0.423,0.8847,0.011,0.0058,0.0063,0.1201,0.015,0.0825,0.0028,0.0029,0.0616,0.064,0.0046,0.0594,0.3876,0.0054,0.0165,0.0242,27.6171,0.8461,0.5267,31.4958,7,1994856992,1135721760,1,0,116476604,8,5,1,1,0,0,0,0
8,0.0599,1.461,0.7986,0.0025,0.7957,0.7892,0.0045,0.0013,0.249,0.6481,0.0103,0.0059,0.0059,0.0995,0.0032,0.0599,0.003,0.0124,0.0554,0.0652,0.0017,0.0561,0.3361,0.0039,0.0133,0.0218,0.8132,0.0102,0,2.3697,0,1994856992,1135714720,2,0,116476604,9,5,1,0,0,0,24,0
9,0.0647,3.471,2.1377,0.0043,2.133,2.1148,0.0126,0.0028,0.8288,1.3177,0.0337,0.0075,0.0077,0.1664,0.0086,0.0745,0.0043,0.0043,0.0385,0.0334,0.0029,0.0392,0.352,0.0039,0.0142,0.0248,0.804,0.3807,0.5765,5.7405,1,1994856992,1135718944,0,0,116476604,10,6,1,1,0,0,0,0
10,0.1409,2.5601,1.5944,0.0113,1.582,1.5676,0.0096,0.0019,0.4092,0.9453,0.0151,0.0082,0.0159,0.1598,0.0056,0.0849,0.004,0.0041,0.0759,0.0658,0.0035,0.0582,0.4446,0.0043,0.017,0.0463,0.5883,0.4004,0.8385,5.0247,2,1994856992,1135714016,1,0,116476604,11,7,1,1,0,0,0,0
11,0.0663,1.7632,0.9388,0.0043,0.9341,0.9246,0.0073,0.0012,0.3028,0.8159,0.0111,0.006,0.0083,0.147,0.0045,0.0865,0.0037,0.0041,0.0775,0.069,0.0028,0.0707,0.4507,0.0035,0.0078,0.0206,0.5154,0.4013,0.6745,3.7959,3,1994856992,1135721056,2,0,116476604,12,8,1,1,0,0,0,0
12,0.0438,1.5357,0.834,0.0368,0.7968,0.7888,0.0061,0.0011,0.2842,0.6884,0.0111,0.0052,0.0069,0.1133,0.0043,0.0525,0.0045,0.0039,0.0699,0.0505,0.002,0.061,0.3472,0.0029,0.0116,0.0437,0.3491,0.5162,1.8859,5.0523,4,1994856992,1135709088,0,0,116476604,13,9,1,1,0,0,0,0
13,0.0464,1.2048,0.7063,0.0033,0.7027,0.6973,0.0041,0.0008,0.1794,0.4913,0.008,0.0037,0.0061,0.0704,0.0025,0.0335,0.0019,0.0036,0.0532,0.0611,0.0024,0.051,0.2692,0.0025,0.0061,0.0377,0.3284,0.3605,3.1688,6.7882,5,1994856992,1135710496,1,0,116476604,14,10,1,1,0,0,0,0
14,0.0439,1.3699,0.6693,0.0029,0.666,0.6592,0.0051,0.0011,0.1993,0.6811,0.0084,0.0405,0.0087,0.1321,0.011,0.071,0.0049,0.0042,0.0659,0.0523,0.0027,0.059,0.3803,0.0055,0.0178,0.035,0.2765,0.3038,1.8672,4.413,6,1994856992,1135720352,2,0,116476604,15,11,1,1,0,0,0,0
15,0.0425,1.4859,0.7696,0.0025,0.7669,0.7557,0.0082,0.0016,0.2465,0.7013,0.0088,0.005,0.0056,0.1327,0.0155,0.0796,0.0047,0.0071,0.0719,0.0528,0.0025,0.0501,0.3871,0.0037,0.014,0.0268,0.3646,0.3251,1.9081,4.7831,7,1994856992,1135721760,0,0,116476604,16,12,1,1,0,0,0,0
16,0.0457,1.6546,0.7119,0.0023,0.7094,0.7032,0.0047,0.001,0.2782,0.9062,0.0092,0.005,0.0049,0.1657,0.0222,0.0851,0.0139,0.0084,0.103,0.1296,0.0075,0.0551,0.5385,0.0023,0.0134,0.0381,0.4183,0.418,0.4447,3.4032,0,1994856992,1135714720,1,0,116476604,17,13,1,1,0,0,0,0
17,0.0477,1.4602,0.7088,0.0026,0.7057,0.6977,0.006,0.0009,0.2198,0.68,0.0118,0.0058,0.0056,0.1047,0.0048,0.0561,0.0041,0.0164,0.1119,0.0676,0.0027,0.0442,0.3845,0.0102,0.0367,0.1114,0.4278,0.3854,2.9055,6.3668,1,1994856992,1135718944,2,0,116476604,18,14,1,1,0,0,0,0
18,0.045,1.4414,0.6753,0.0023,0.6727,0.6686,0.003,0.0008,0.1744,0.7297,0.0067,0.0036,0.0126,0.0724,0.0063,0.0735,0.0066,0.02,0.1129,0.1302,0.004,0.08,0.469,0.009,0.0155,0.0381,0.3917,0.4696,2.8592,5.6655,2,1994856992,1135714016,0,0,116476604,19,15,1,1,0,0,0,0
19,0.0427,1.1976,0.6536,0.0026,0.6505,0.6433,0.0053,0.0007,0.2083,0.516,0.0076,0.0053,0.0048,0.0704,0.004,0.0353,0.004,0.0026,0.0601,0.047,0.0021,0.0483,0.2611,0.0033,0.0133,0.0377,0.2594,0.2825,1.4269,3.6811,3,1994856992,1135721056,1,0,116476604,20,16,1,1,0,0,0,0
20,0.0483,1.6329,0.8746,0.0026,0.8718,0.8564,0.0113,0.0021,0.2911,0.7192,0.0112,0.0063,0.007,0.0838,0.0034,0.0808,0.0035,0.0043,0.0883,0.0505,0.0022,0.057,0.3604,0.0099,0.0176,0.0358,0.4718,1.1513,4.0078,8.778,4,1994856992,1135709088,2,0,116476604,21,17,1,1,0,0,0,0
21,0.0556,1.6537,0.7616,0.0032,0.7581,0.7497,0.0064,0.0009,0.212,0.8547,0.0111,0.0053,0.0065,0.1237,0.0103,0.1264,0.0078,0.0061,0.1093,0.1259,0.0018,0.0841,0.5694,0.0042,0.0234,0.017,0.3445,0.3938,1.7512,4.5537,5,1994856992,1135710496,0,0,116476604,22,18,1,1,0,0,0,0
22,0.0416,1.4831,0.7444,0.0029,0.7412,0.7361,0.0038,0.0009,0.2457,0.7112,0.0101,0.0045,0.0054,0.1296,0.0065,0.0895,0.0052,0.0034,0.072,0.0585,0.0018,0.0595,0.4091,0.0027,0.0093,0.0217,0.2788,0.42,0.513,3.1417,6,1994856992,1135720352,1,0,116476604,23,19,1,1,0,0,0,0
23,0.0432,1.4065,0.7432,0.0024,0.7405,0.7342,0.0046,0.0009,0.1899,0.6376,0.0089,0.0059,0.0057,0.1243,0.0071,0.0686,0.0052,0.0036,0.0815,0.0615,0.002,0.056,0.3919,0.0025,0.0058,0.0395,1.4499,1.653,2.2921,8.0151,7,1994856992,1135721760,2,0,116476604,24,20,1,1,0,0,0,0
24,0.0476,1.3985,0.6346,0.0028,0.6316,0.6264,0.0038,0.0007,0.2661,0.7394,0.0198,0.0036,0.0051,0.085,0.0037,0.0603,0.0073,0.0036,0.1075,0.0787,0.0041,0.0721,0.4036,0.0034,0.0066,0.0262,0.2973,0.4885,0.3708,3.0008,0,1994856992,1135714720,0,0,116476604,25,21,1,1,0,0,0,0
25,0.0533,2.0052,0.8598,0.0045,0.855,0.844,0.008,0.0014,0.3421,1.1188,0.0128,0.0056,0.0087,0.2114,0.0104,0.1498,0.0058,0.0036,0.1415,0.1134,0.0036,0.0874,0.7035,0.0037,0.0171,0.0283,0.6073,0.4402,0.555,3.9994,1,1994856992,1135718944,1,0,116476604,26,22,1,1,0,0,0,0
26,0.0425,1.3294,0.8191,0.0037,0.8149,0.8069,0.0058,0.001,0.201,0.4801,0.0077,0.0066,0.0054,0.0627,0.0026,0.0326,0.004,0.0024,0.0593,0.0397,0.0021,0.0393,0.2336,0.0028,0.0135,0.0417,0.356,0.5072,2.555,6.0534,2,1994856992,1135714016,2,0,116476604,27,23,1,1,0,0,0,0
27,0.0452,1.5079,0.7841,0.0022,0.7817,0.7759,0.0042,0.0011,0.2354,0.6614,0.01,0.0046,0.0075,0.0863,0.0247,0.0623,0.0078,0.0028,0.0709,0.0608,0.0026,0.0584,0.3387,0.0087,0.0403,0.0563,0.3198,0.9297,2.6071,6.9613,3,1994856992,1135721056,0,0,116476604,28,24,1,1,0,0,0,0
28,0.0585,1.6185,0.8068,0.004,0.8026,0.7893,0.0095,0.0019,0.3383,0.7478,0.0068,0.0041,0.0053,0.0676,0.0026,0.031,0.0022,0.0091,0.0684,0.094,0.0043,0.0815,0.3425,0.0079,0.0353,0.0616,0.4426,0.26,0.3886,3.0952,4,1994856992,1135709088,1,0,116476604,29,25,1,1,0,0,0,0
29,0.0496,2.4997,1.001,0.0027,0.998,0.9879,0.0072,0.0013,0.3282,1.4117,0.0115,0.0075,0.0113,0.1109,0.0057,0.0586,0.0126,0.0224,0.2723,0.3019,0.0136,0.2099,0.9536,0.0177,0.0573,0.0657,1.3494,1.5027,2.3512,8.9281,5,1994856992,1135710496,2,0,116476604,30,26,1,1,0,0,0,0
30,0.132,3.9812,1.6251,0.0139,1.6107,1.5884,0.0172,0.0028,0.5167,2.3234,0.0288,0.0197,0.0247,0.8354,0.0224,0.1937,0.0221,0.0151,0.1853,0.2395,0.0103,0.1595,1.6134,0.0073,0.0208,0.0312,0.5518,0.4529,0.5549,6.122,6,1994856992,1135720352,0,0,116476604,31,27,1,1,0,0,0,0
31,0.0433,1.3164,0.6942,0.0023,0.6916,0.6859,0.0041,0.001,0.2225,0.5879,0.0094,0.0056,0.0053,0.0857,0.0037,0.0412,0.0032,0.0028,0.063,0.0784,0.0024,0.0489,0.3172,0.0043,0.0217,0.0266,0.2835,0.2422,0.4333,2.5874,7,1994856992,1135721760,1,0,116476604,32,28,1,1,0,0,0,0
32,0.0456,1.4666,0.9241,0.0023,0.9216,0.9042,0.013,0.0025,0.196,0.4983,0.0069,0.0043,0.0054,0.0767,0.0103,0.0354,0.0045,0.004,0.0566,0.0404,0.0022,0.0388,0.2479,0.0043,0.0191,0.0332,0.3194,0.2543,0.3551,2.6647,0,1994856992,1135714720,2,0,116476604,33,29,1,1,0,0,0,0
33,0.0438,5.3105,0.6991,0.0025,0.6959,0.6876,0.0054,0.0017,0.2322,4.4922,0.0102,0.0059,0.0073,2.0025,0.0658,0.6224,0.0392,0.0207,0.4115,0.5217,0.0191,0.4654,4.0235,0.0283,0.0785,0.0875,2.6173,0.9639,1.5627,11.6175,1,1994856992,1135718944,0,0,116476604,34,30,1,1,0,0,0,0
34,0.0464,1.5708,0.7885,0.0025,0.7857,0.781,0.0033,0.001,0.2638,0.7566,0.0141,0.0064,0.007,0.1316,0.0091,0.073,0.0058,0.0043,0.0831,0.0671,0.0025,0.0664,0.4212,0.0043,0.0123,0.0252,0.2676,0.3057,2.4433,5.5838,2,1994856992,1135714016,1,0,116476604,35,31,1,1,0,0,0,0
35,0.0752,1.5631,0.9295,0.0029,0.926,0.9193,0.005,0.0009,0.212,0.6042,0.0098,0.0048,0.0069,0.0881,0.0062,0.057,0.0055,0.0052,0.0733,0.0569,0.0024,0.0554,0.3307,0.004,0.0113,0.0367,0.3629,0.3219,1.0076,3.7693,3,1994856992,1135721056,2,0,116476604,36,32,1,1,0,0,0,0
36,0.0431,1.1334,0.626,0.0045,0.6212,0.6164,0.0036,0.0008,0.1752,0.4867,0.0086,0.0038,0.0061,0.0665,0.0031,0.0392,0.0035,0.0042,0.0655,0.0474,0.0027,0.0446,0.2632,0.0039,0.0062,0.0376,0.3856,0.3946,0.8833,3.2039,4,1994856992,1135709088,0,0,116476604,37,33,1,1,0,0,0,0
37,0.0447,1.2099,0.7308,0.0022,0.7284,0.7221,0.0049,0.0008,0.1945,0.4628,0.0091,0.0037,0.0061,0.0685,0.0031,0.0341,0.0028,0.0017,0.0436,0.0329,0.0015,0.0478,0.2269,0.0025,0.0028,0.0262,0.3086,0.2642,0.3979,2.4242,5,1994856992,1135710496,1,0,116476604,38,34,1,1,0,0,0,0
38,0.0461,1.4229,0.6929,0.0025,0.6902,0.6758,0.0112,0.0015,0.3361,0.7096,0.0103,0.0052,0.0063,0.1087,0.005,0.0396,0.0022,0.0019,0.0485,0.0473,0.0016,0.0796,0.3237,0.0025,0.011,0.0222,0.3161,0.1977,0.3638,2.5555,6,1994856992,1135720352,2,0,116476604,39,35,1,1,0,0,0,0
39,0.0612,1.7634,0.8497,0.0048,0.8443,0.8364,0.0055,0.0013,0.301,0.8849,0.0103,0.0056,0.0087,0.1467,0.0048,0.0881,0.0028,0.0029,0.0759,0.1187,0.0124,0.0788,0.5082,0.0087,0.0181,0.0265,0.4464,0.3036,0.4728,3.4639,7,1994856992,1135721760,0,0,116476604,40,36,1,1,0,0,0,0
40,0.049,1.5205,0.7308,0.0028,0.7275,0.719,0.0065,0.001,0.2271,0.7677,0.0111,0.0056,0.0053,0.1611,0.0212,0.0928,0.0083,0.0026,0.0899,0.0606,0.0017,0.0608,0.4652,0.0026,0.0153,0.0672,0.3519,0.3148,0.3506,2.9251,0,1994856992,1135714720,1,0,116476604,41,37,1,1,0,0,0,0
41,0.0427,1.4242,0.6717,0.0033,0.6681,0.6602,0.0059,0.0009,0.1778,0.7379,0.0074,0.004,0.0051,0.1479,0.0094,0.0889,0.0053,0.0036,0.1002,0.0938,0.0018,0.0771,0.5079,0.0022,0.0074,0.0149,0.3007,0.3226,1.3393,4.4707,1,1994856992,1135718944,2,0,116476604,42,38,1,1,0,0,0,0
42,0.0429,1.5387,0.749,0.0021,0.7466,0.7339,0.0094,0.0017,0.2637,0.7692,0.0102,0.0065,0.01,0.153,0.0095,0.0761,0.0055,0.0042,0.0819,0.0698,0.003,0.0531,0.4339,0.0039,0.0126,0.0178,0.3579,0.2729,0.562,3.1781,2,1994856992,1135714016,0,0,116476604,43,39,1,1,0,0,0,0
43,0.0424,1.2811,0.6427,0.0023,0.6401,0.6319,0.0057,0.0012,0.1788,0.6104,0.0074,0.0038,0.0049,0.0943,0.0083,0.0928,0.0048,0.0045,0.0783,0.0569,0.0029,0.0561,0.3784,0.004,0.0167,0.0304,0.4009,0.2808,0.7489,3.1281,3,1994856992,1135721056,1,0,116476604,44,40,1,1,0,0,0,0
44,0.0888,2.0303,0.8142,0.0074,0.8064,0.7942,0.0097,0.0014,0.3444,1.1929,0.0122,0.0065,0.0124,0.2056,0.0178,0.0886,0.004,0.0092,0.1269,0.1707,0.012,0.1498,0.7416,0.0077,0.0146,0.0239,0.4572,0.3081,0.3569,3.535,4,1994856992,1135709088,2,0,116476604,45,41,1,1,0,0,0,0
45,0.0426,1.3708,0.6998,0.0028,0.6967,0.6898,0.005,0.0009,0.1912,0.6441,0.0071,0.0044,0.0056,0.1275,0.0084,0.0704,0.0047,0.0036,0.0793,0.0668,0.002,0.0548,0.3988,0.0035,0.0153,0.0302,0.505,0.3623,0.2737,2.8178,5,1994856992,1135710496,0,0,116476604,46,42,1,1,0,0,0,0
46,0.0836,2.5479,1.0608,0.0096,1.0508,1.0335,0.0125,0.0023,0.4425,1.4572,0.0164,0.0139,0.0165,0.2495,0.0134,0.1662,0.0051,0.0069,0.1921,0.18,0.004,0.1197,0.9075,0.0059,0.0171,0.0299,0.6479,0.4334,0.569,4.745,6,1994856992,1135720352,1,0,116476604,47,43,1,1,0,0,0,0
47,0.0838,1.5154,0.6872,0.0031,0.6838,0.6734,0.0073,0.0016,0.1988,0.8072,0.0089,0.0049,0.0056,0.0948,0.0099,0.1196,0.0051,0.0166,0.0958,0.0735,0.0079,0.1443,0.528,0.0052,0.0115,0.0216,0.3492,0.3456,0.4374,3.0775,7,1994856992,1135721760,2,0,116476604,48,44,1,1,0,0,0,0
48,0.0424,1.3038,0.7188,0.0025,0.7161,0.7067,0.0072,0.0011,0.1949,0.5322,0.0095,0.0054,0.005,0.0659,0.0043,0.0371,0.0059,0.0024,0.0631,0.061,0.0016,0.0496,0.2767,0.0129,0.0248,0.0352,0.4537,0.4223,0.2765,2.9512,0,1994856992,1135714720,0,0,116476604,49,45,1,1,0,0,0,0
49,0.0506,1.531,0.8374,0.0025,0.8345,0.8282,0.0039,0.0009,0.2411,0.6614,0.009,0.0045,0.0052,0.0902,0.0186,0.0964,0.0063,0.0044,0.0667,0.0485,0.0023,0.0492,0.351,0.0047,0.0173,0.0279,0.3199,0.2416,0.3051,2.8146,1,1994856992,1135718944,1,0,116476604,50,46,1,1,0,0,0,0
50,0.0383,1.4853,0.6782,0.0023,0.6753,0.6673,0.0062,0.0008,0.2552,0.7755,0.0102,0.0058,0.0098,0.1488,0.008,0.0797,0.0049,0.0029,0.0731,0.0899,0.0014,0.0654,0.4569,0.0031,0.0162,0.0271,1.6152,1.0357,1.1999,6.1744,2,1994856992,1135714016,2,0,116476604,51,47,1,1,0,0,0,0
51,0.0595,1.7487,0.722,0.0027,0.719,0.7041,0.0116,0.0015,0.3175,0.9986,0.0106,0.0062,0.0089,0.1921,0.0199,0.1,0.0061,0.0058,0.1401,0.0843,0.0072,0.0737,0.5902,0.0066,0.0166,0.0257,0.5323,0.2557,0.2505,3.1267,3,1994856992,1135721056,0,0,116476604,52,48,1,1,0,0,0,0
52,0.0436,1.4059,0.6835,0.0026,0.6807,0.6694,0.0089,0.0014,0.2304,0.6878,0.0088,0.0055,0.0066,0.147,0.0072,0.0847,0.0149,0.0046,0.0729,0.0433,0.0049,0.0347,0.3826,0.0056,0.0186,0.0326,0.2823,0.2802,0.2977,2.6151,4,1994856992,1135709088,1,0,116476604,53,49,1,1,0,0,0,0
53,0.0471,1.6362,0.7715,0.0044,0.7668,0.7548,0.0093,0.0012,0.2329,0.8454,0.0084,0.0055,0.0076,0.0912,0.0043,0.1005,0.0159,0.005,0.158,0.0925,0.0081,0.0938,0.536,0.0037,0.0119,0.018,0.3356,0.265,0.4118,2.9322,5,1994856992,1135710496,2,0,116476604,54,50,1,1,0,0,0,0
54,0.0407,1.5136,0.8076,0.0023,0.8049,0.7917,0.0102,0.0012,0.266,0.6732,0.0103,0.0062,0.0097,0.1021,0.0085,0.0549,0.0052,0.0163,0.0729,0.045,0.0084,0.0426,0.3175,0.0057,0.0181,0.0394,0.3324,0.316,0.2214,2.7358,6,1994856992,1135720352,0,0,116476604,55,51,1,1,0,0,0,0
55,0.0406,1.7231,0.7294,0.0031,0.726,0.7167,0.0072,0.0011,0.2696,0.9643,0.012,0.0069,0.0114,0.1658,0.0094,0.082,0.0049,0.009,0.1014,0.0745,0.0875,0.0973,0.521,0.0122,0.0183,0.0228,0.4493,0.2957,0.1923,2.8878,7,1994856992,1135721760,1,0,116476604,56,52,1,1,0,0,0,0
56,0.0434,1.4238,0.7282,0.0023,0.7257,0.7151,0.0087,0.0009,0.2014,0.6354,0.0078,0.0048,0.005,0.1231,0.0081,0.0631,0.0059,0.0032,0.0735,0.0589,0.0015,0.0614,0.38,0.0042,0.0458,0.033,0.4055,0.3246,0.3041,2.8166,0,1994856992,1135714720,2,0,116476604,57,53,1,1,0,0,0,0
57,0.0591,1.838,0.8101,0.0057,0.804,0.7907,0.009,0.002,0.3023,1.0008,0.011,0.0062,0.0103,0.1724,0.0184,0.1229,0.006,0.0044,0.1351,0.0993,0.0033,0.0839,0.6136,0.0042,0.0156,0.0225,0.4927,0.3084,0.2859,3.2464,1,1994856992,1135718944,0,0,116476604,58,54,1,1,0,0,0,0
58,0.048,1.8608,0.7083,0.0026,0.7053,0.6931,0.0081,0.0017,0.3398,1.1177,0.0089,0.006,0.0079,0.2027,0.0118,0.1605,0.0171,0.0062,0.1397,0.0805,0.0041,0.1052,0.6886,0.0091,0.0226,0.0327,0.473,0.2297,1.6195,5.3097,2,1994856992,1135714016,1,0,116476604,59,55,1,1,0,0,0,0
59,0.0427,1.4066,0.6762,0.0023,0.6737,0.6621,0.0091,0.0012,0.2065,0.6988,0.0084,0.0034,0.0052,0.0994,0.0126,0.0979,0.0051,0.0054,0.0914,0.0609,0.0065,0.0774,0.427,0.0031,0.0198,0.0288,0.3497,0.2686,0.2753,2.6282,3,1994856992,1135721056,2,0,116476604,60,56,1,1,0,0,0,0
60,0.2344,7.1699,3.751,0.0282,3.7216,3.6559,0.0523,0.0067,1.6488,3.3729,0.0323,0.0213,0.2077,0.5208,0.0378,0.1904,0.016,0.0212,0.2266,0.2506,0.0071,0.1152,1.3036,0.0102,0.0277,0.0454,0.7609,0.4415,0.4212,9.4219,4,1994856992,1135709088,0,0,116476604,61,57,1,1,0,0,0,0
61,0.0473,1.4094,0.6522,0.0023,0.6495,0.6442,0.0038,0.001,0.2606,0.6961,0.0259,0.0102,0.0106,0.1463,0.0068,0.0481,0.0049,0.0039,0.0352,0.0296,0.0015,0.0635,0.3227,0.0179,0.0371,0.062,1.2452,1.1473,1.5269,6.5371,5,1994856992,1135710496,1,0,116476604,62,58,1,1,0,0,0,0
62,0.0465,1.5228,0.8844,0.0023,0.8819,0.8704,0.0092,0.0014,0.2296,0.6053,0.0086,0.006,0.0173,0.0938,0.0044,0.0454,0.0054,0.0029,0.0423,0.0484,0.0118,0.0666,0.2965,0.005,0.0199,0.0304,0.3158,0.2371,0.744,3.1828,6,1994856992,1135720352,2,0,116476604,63,59,1,1,0,0,0,0
63,0.0567,2.2606,1.3194,0.0057,1.3133,1.3016,0.009,0.0012,0.2574,0.9126,0.0286,0.0181,0.0116,0.2303,0.0188,0.0624,0.007,0.0053,0.0773,0.0808,0.003,0.0755,0.5263,0.0048,0.0164,0.0271,0.4441,0.2656,0.2713,3.5401,7,1994856992,1135721760,0,0,116476604,64,60,1,1,0,0,0,0
64,0.052,1.6528,0.9969,0.003,0.9932,0.9821,0.0087,0.001,0.2558,0.6249,0.0107,0.006,0.0056,0.0796,0.0058,0.0677,0.0047,0.0032,0.0359,0.0397,0.0124,0.0738,0.2967,0.0067,0.0199,0.0321,0.2528,0.1956,0.3927,2.8141,0,1994856992,1135714720,1,0,116476604,65,61,1,1,0,0,0,0
65,0.0641,1.91,0.7107,0.0044,0.7056,0.6973,0.0057,0.0017,0.2362,1.1722,0.0112,0.007,0.0116,0.3411,0.0098,0.1028,0.0074,0.0089,0.1983,0.1133,0.0106,0.0865,0.842,0.0066,0.0167,0.0232,0.4242,0.2942,0.2554,3.1471,1,1994856992,1135718944,2,0,116476604,66,62,1,1,0,0,0,0
66,0.0679,1.4386,0.7108,0.003,0.7072,0.6965,0.0082,0.0011,0.2001,0.7031,0.0097,0.0046,0.0068,0.1241,0.0039,0.0906,0.0125,0.0067,0.0844,0.076,0.0048,0.0577,0.4328,0.0053,0.0153,0.0189,0.3228,0.2505,0.3841,2.7091,2,1994856992,1135714016,0,0,116476604,67,63,1,1,0,0,0,0
67,0.0408,1.628,0.6856,0.0022,0.6832,0.6708,0.0097,0.0012,0.2997,0.917,0.0092,0.0053,0.0095,0.1725,0.0055,0.0539,0.0059,0.0171,0.0951,0.1233,0.0068,0.0908,0.5356,0.0042,0.0142,0.0192,0.3156,0.1985,1.2222,3.716,3,1994856992,1135721056,1,0,116476604,68,64,1,1,0,0,0,0
68,0.0463,1.485,0.7089,0.0028,0.7058,0.6969,0.0069,0.0008,0.2875,0.7474,0.0079,0.0038,0.0052,0.0938,0.0069,0.0622,0.0191,0.0036,0.1289,0.0558,0.0019,0.0555,0.3962,0.0024,0.0176,0.0272,0.3138,0.2,1.4852,4.0271,4,1994856992,1135709088,2,0,116476604,69,65,1,1,0,0,0,0
69,0.0405,1.7758,0.762,0.0023,0.7595,0.7486,0.0086,0.0015,0.4107,0.9939,0.0217,0.0129,0.013,0.1738,0.0065,0.0743,0.0087,0.0079,0.0877,0.0773,0.0035,0.065,0.4781,0.0036,0.011,0.0225,0.2829,0.2842,0.4105,3.1493,5,1994856992,1135710496,0,0,116476604,70,66,1,1,0,0,0,0
70,0.0483,1.5941,0.8051,0.003,0.8016,0.7903,0.0084,0.0015,0.3111,0.7705,0.0221,0.013,0.0089,0.1369,0.014,0.0644,0.0077,0.0067,0.0584,0.0415,0.0012,0.0576,0.3588,0.0039,0.0119,0.0169,0.3128,0.2606,0.678,3.2808,6,1994856992,1135720352,1,0,116476604,71,67,1,1,0,0,0,0
71,0.0456,1.841,0.7216,0.0022,0.7191,0.704,0.0111,0.0026,0.3481,1.0915,0.0165,0.0088,0.0138,0.345,0.0073,0.1126,0.0093,0.0069,0.0782,0.0443,0.0022,0.0635,0.6436,0.009,0.0165,0.0274,0.366,0.2819,1.0196,4.0535,7,1994856992,1135721760,2,0,116476604,72,68,1,1,0,0,0,0
72,0.0478,1.7398,0.7698,0.0026,0.7669,0.756,0.0087,0.0011,0.2995,0.9235,0.0129,0.0073,0.011,0.1968,0.0188,0.087,0.0057,0.0118,0.0689,0.087,0.005,0.0828,0.5225,0.0077,0.0237,0.0711,1.7667,0.9687,1.3987,7.1328,0,1994856992,1135714720,0,0,116476604,73,69,1,1,0,0,0,0
73,0.0597,2.3471,0.9689,0.0071,0.9614,0.9411,0.0159,0.002,0.4978,1.342,0.0272,0.0137,0.0157,0.2988,0.0107,0.1325,0.0085,0.0084,0.0865,0.0758,0.0071,0.1114,0.705,0.015,0.0227,0.0291,0.5767,0.3393,0.3964,4.0698,1,1994856992,1135718944,1,0,116476604,74,70,1,1,0,0,0,0
74,0.1948,3.931,2.1467,0.0251,2.1205,2.0759,0.0271,0.014,0.706,1.7551,0.0231,0.0159,0.024,0.2956,0.0133,0.1982,0.0169,0.0218,0.1372,0.1241,0.0073,0.1106,0.8657,0.0104,0.0149,0.0329,0.5698,0.4328,0.5018,6.0837,2,1994856992,1135714016,2,0,116476604,75,71,1,1,0,0,0,0
75,0.0478,1.5369,0.7926,0.0038,0.7885,0.7769,0.0087,0.0015,0.2719,0.7221,0.0104,0.0064,0.0113,0.1549,0.0098,0.0833,0.0051,0.0033,0.0496,0.044,0.0034,0.0465,0.3783,0.0045,0.0117,0.0157,0.3409,0.3301,0.3198,2.8392,3,1994856992,1135721056,0,0,116476604,76,72,1,1,0,0,0,0
76,0.0444,1.3605,0.6865,0.0024,0.6838,0.678,0.0045,0.0008,0.2442,0.6546,0.009,0.0052,0.009,0.1725,0.0066,0.0517,0.0036,0.0035,0.0428,0.0391,0.0031,0.0428,0.3489,0.0039,0.006,0.028,0.2855,0.2412,0.3654,2.6035,4,1994856992,1135709088,1,0,116476604,77,73,1,1,0,0,0,0
77,0.0536,1.413,0.7848,0.0029,0.7814,0.7687,0.0092,0.0022,0.2667,0.5972,0.0099,0.006,0.0103,0.0934,0.0063,0.046,0.0046,0.005,0.0423,0.0397,0.0037,0.0393,0.2607,0.0047,0.0156,0.0284,0.3397,0.4415,1.403,4.4287,5,1994856992,1135710496,2,0,116476604,78,74,1,1,0,0,0,0
78,0.0425,1.4772,0.686,0.0022,0.6835,0.6706,0.0097,0.0012,0.2806,0.7551,0.0108,0.006,0.0094,0.0874,0.0172,0.1578,0.0105,0.0069,0.061,0.0293,0.0015,0.05,0.3855,0.0064,0.0216,0.0174,0.2928,0.2786,0.3065,2.6686,6,1994856992,1135720352,0,0,116476604,79,75,1,1,0,0,0,0
79,0.0436,1.615,0.7945,0.0022,0.7919,0.7809,0.0088,0.0013,0.3134,0.806,0.009,0.0047,0.0093,0.1245,0.0069,0.0964,0.0148,0.0094,0.0589,0.0496,0.0039,0.0835,0.4129,0.0031,0.0031,0.0339,1.5879,1.5496,1.9934,8.4931,7,1994856992,1135721760,1,0,116476604,80,76,1,1,0,0,0,0
80,0.0522,1.8197,0.7707,0.0039,0.7665,0.7545,0.0092,0.0014,0.28,0.9862,0.0092,0.0056,0.008,0.1354,0.0078,0.1583,0.0155,0.0093,0.1284,0.0683,0.0071,0.1256,0.616,0.0076,0.0144,0.0226,0.4776,0.4039,0.4828,3.5498,0,1994856992,1135714720,2,0,116476604,81,77,1,1,0,0,0,0
81,0.0542,1.6248,0.9555,0.0024,0.9525,0.9442,0.0066,0.0007,0.2496,0.6516,0.0091,0.0057,0.0073,0.0784,0.0053,0.0335,0.002,0.0042,0.1012,0.0589,0.01,0.0633,0.3353,0.0042,0.0104,0.0157,0.5186,0.2565,0.4953,3.3965,1,1994856992,1135718944,0,0,116476604,82,78,1,1,0,0,0,0
82,0.0445,1.2923,0.6263,0.0024,0.6236,0.6173,0.0049,0.0008,0.2064,0.6367,0.0087,0.0042,0.0061,0.1016,0.0045,0.0705,0.014,0.0088,0.0811,0.0549,0.0028,0.0541,0.3622,0.003,0.0153,0.027,0.2957,0.2839,0.3256,2.6798,2,1994856992,1135714016,1,0,116476604,83,79,1,1,0,0,0,0
83,0.0421,1.4242,0.7049,0.0022,0.7025,0.6903,0.0092,0.0013,0.2441,0.6772,0.016,0.0054,0.0051,0.0874,0.0082,0.1059,0.0035,0.0022,0.06,0.0548,0.0018,0.0532,0.3613,0.0156,0.0263,0.0336,0.3508,0.2319,0.4604,2.7797,3,1994856992,1135721056,2,0,116476604,84,80,1,1,0,0,0,0
84,0.0411,1.4272,0.7105,0.0021,0.7081,0.7003,0.0058,0.0007,0.1802,0.6831,0.0085,0.0037,0.0055,0.0877,0.0044,0.0441,0.0018,0.021,0.0667,0.1469,0.0073,0.0837,0.4291,0.0059,0.0192,0.0363,0.3926,0.3637,0.2959,2.798,4,1994856992,1135709088,0,0,116476604,85,81,1,1,0,0,0,0
85,0.042,1.5378,0.7574,0.0024,0.7546,0.7421,0.0099,0.0012,0.2575,0.7577,0.0102,0.0063,0.0117,0.1461,0.0107,0.0698,0.0044,0.0036,0.0624,0.0795,0.0023,0.0682,0.426,0.006,0.0101,0.0344,0.5112,0.225,0.9293,3.5398,5,1994856992,1135710496,1,0,116476604,86,82,1,1,0,0,0,0
86,0.0425,1.3549,0.7171,0.0025,0.7143,0.7075,0.0055,0.0008,0.1905,0.606,0.0066,0.0038,0.0052,0.112,0.0122,0.0591,0.0064,0.0038,0.0515,0.0775,0.0081,0.0462,0.3463,0.0079,0.0171,0.0444,0.3374,0.2959,0.4497,2.8843,6,1994856992,1135720352,2,0,116476604,87,83,1,1,0,0,0,0
87,0.0845,1.988,1.11,0.004,1.1056,1.0916,0.0108,0.0018,0.3167,0.8267,0.0141,0.007,0.0093,0.1411,0.0224,0.1283,0.0098,0.004,0.0617,0.0385,0.0046,0.0406,0.4102,0.0051,0.0335,0.0519,0.645,1.2899,1.8129,7.1428,7,1994856992,1135721760,0,0,116476604,88,84,1,1,0,0,0,0
88,0.0424,1.2346,0.6108,0.0025,0.6081,0.6023,0.0044,0.0008,0.1971,0.603,0.0098,0.0048,0.0055,0.0979,0.0173,0.1057,0.0055,0.0039,0.0531,0.0409,0.0015,0.0408,0.3384,0.0029,0.0072,0.0306,0.2767,0.2414,1.4458,3.5951,0,1994856992,1135714720,1,0,116476604,89,85,1,1,0,0,0,0
89,0.0711,2.2173,1.038,0.0061,1.0313,1.0156,0.0122,0.0014,0.3191,1.1442,0.0112,0.0065,0.0101,0.2005,0.0116,0.1547,0.0089,0.0089,0.1161,0.1311,0.0156,0.1166,0.719,0.0097,0.0227,0.0304,0.6759,0.3759,0.5267,4.3879,1,1994856992,1135718944,2,0,116476604,90,86,1,1,0,0,0,0
90,0.0628,2.5849,1.1227,0.006,1.1163,1.1003,0.0124,0.002,0.6007,1.4327,0.0306,0.0157,0.0157,0.2335,0.0097,0.1281,0.0157,0.0099,0.1388,0.0815,0.0066,0.101,0.6829,0.0056,0.0177,0.0267,0.4268,0.3389,0.468,4.323,2,1994856992,1135714016,0,0,116476604,91,87,1,1,0,0,0,0
91,0.0418,1.1957,0.6629,0.0023,0.6604,0.6555,0.0032,0.0011,0.2411,0.508,0.0087,0.0046,0.0051,0.0865,0.0041,0.0354,0.003,0.0033,0.0356,0.0311,0.0016,0.0331,0.2217,0.0025,0.0107,0.0333,0.3271,0.2219,0.351,2.4202,3,1994856992,1135721056,1,0,116476604,92,88,1,1,0,0,0,0
92,0.0443,1.5714,0.6566,0.0035,0.6528,0.647,0.0042,0.0011,0.205,0.886,0.0247,0.0119,0.0108,0.2033,0.0116,0.0619,0.0036,0.0031,0.0406,0.1006,0.0021,0.0453,0.4517,0.0064,0.0168,0.0252,0.3705,0.2881,0.4452,2.9944,4,1994856992,1135709088,2,0,116476604,93,89,1,1,0,0,0,0
93,0.0447,1.3469,0.8168,0.0023,0.8142,0.8084,0.0043,0.001,0.1962,0.5103,0.0071,0.0037,0.0057,0.079,0.0031,0.0776,0.0072,0.004,0.0492,0.03,0.002,0.0296,0.2654,0.0034,0.0094,0.0325,0.3142,0.3526,0.3366,2.6873,5,1994856992,1135710496,0,0,116476604,94,90,1,1,0,0,0,0
94,0.0592,1.642,0.8413,0.0053,0.8356,0.823,0.0093,0.0015,0.3269,0.7808,0.0115,0.0068,0.0097,0.1444,0.0059,0.0764,0.005,0.0049,0.058,0.0546,0.0036,0.052,0.3854,0.0031,0.0114,0.0186,0.3888,0.5009,0.6454,3.7994,6,1994856992,1135720352,1,0,116476604,95,91,1,1,0,0,0,0
95,0.0429,1.4039,0.7235,0.003,0.7201,0.7099,0.0077,0.0011,0.1937,0.6511,0.009,0.004,0.0061,0.1106,0.0053,0.0832,0.0058,0.0032,0.0593,0.0616,0.0028,0.091,0.4057,0.0032,0.016,0.0281,0.4108,0.3046,0.2994,2.7785,7,1994856992,1135721760,2,0,116476604,96,92,1,1,0,0,0,0
96,0.0493,3.1247,0.6632,0.0029,0.6599,0.6491,0.0079,0.0012,0.2715,2.3718,0.0089,0.0063,0.009,0.3564,0.0154,0.1558,0.0218,0.0148,0.5074,0.4471,0.0694,0.4292,1.8959,0.0233,0.0596,0.0748,1.7722,1.1822,1.526,8.7022,0,1994856992,1135714720,0,0,116476604,97,93,1,1,0,0,0,0
97,0.0413,1.3113,0.7009,0.0024,0.6982,0.6863,0.0082,0.0018,0.2326,0.5794,0.0084,0.0055,0.0053,0.0802,0.0026,0.0592,0.0036,0.0037,0.0574,0.045,0.0016,0.0574,0.2992,0.0032,0.0185,0.0347,0.3016,0.2823,0.4812,2.946,1,1994856992,1135718944,1,0,116476604,98,94,1,1,0,0,0,0
98,0.0425,1.4909,0.712,0.0027,0.7091,0.6962,0.0099,0.0014,0.2342,0.7516,0.0079,0.0046,0.0053,0.1083,0.005,0.0766,0.0077,0.0089,0.0845,0.0983,0.0145,0.0737,0.4414,0.0062,0.0202,0.017,0.3052,0.2338,0.3875,2.6825,2,1994856992,1135714016,2,0,116476604,99,95,1,1,0,0,0,0
99,0.0486,1.846,0.7276,0.0034,0.724,0.7098,0.011,0.0016,0.3041,1.0808,0.0119,0.0064,0.0102,0.1904,0.0067,0.1427,0.0163,0.0095,0.1344,0.1336,0.008,0.0754,0.6765,0.0082,0.0254,0.0354,0.4421,0.2856,0.3027,3.1553,3,1994856992,1135721056,0,0,116476604,100,96,1,1,0,0,0,0
100,0.0818,2.1484,1.083,0.008,1.0745,1.0592,0.0124,0.0012,0.3356,1.0363,0.0114,0.0069,0.0092,0.1465,0.0065,0.1653,0.0049,0.0041,0.1169,0.0805,0.0022,0.1199,0.6291,0.0067,0.02,0.0217,0.4891,0.3501,0.4958,3.9962,4,1994856992,1135709088,1,0,116476604,101,97,1,1,0,0,0,0
101,0.051,1.7412,0.8419,0.0038,0.8377,0.8265,0.0084,0.0014,0.2584,0.881,0.0083,0.0056,0.0073,0.1981,0.0207,0.0902,0.0058,0.0033,0.0923,0.0804,0.0024,0.0878,0.5488,0.0026,0.0109,0.0183,0.4356,0.5093,0.3489,3.375,5,1994856992,1135710496,2,0,116476604,102,98,1,1,0,0,0,0
102,0.0432,1.4786,0.7118,0.0025,0.7091,0.6958,0.0106,0.0013,0.2634,0.7437,0.0102,0.0062,0.0087,0.1087,0.005,0.0749,0.0041,0.0047,0.1077,0.0635,0.0036,0.0609,0.4157,0.0041,0.0151,0.0188,0.39,0.894,1.8915,5.8926,6,1994856992,1135720352,0,0,116476604,103,99,1,1,0,0,0,0
103,0.0391,1.4044,0.6673,0.0027,0.6644,0.6562,0.0059,0.0008,0.2245,0.7138,0.0076,0.005,0.006,0.1341,0.0155,0.113,0.0042,0.0041,0.0622,0.0596,0.0033,0.0561,0.425,0.0038,0.0119,0.0258,0.4391,0.348,0.2974,2.744,7,1994856992,1135721760,1,0,116476604,104,100,1,1,0,0,0,0
104,0.051,1.6131,0.8251,0.0041,0.8206,0.8102,0.0077,0.0013,0.2302,0.7662,0.0094,0.0064,0.0079,0.1265,0.0119,0.0934,0.0061,0.0032,0.086,0.0832,0.0033,0.0804,0.4695,0.0034,0.0144,0.0186,0.3799,0.3097,0.336,2.9831,0,1994856992,1135714720,2,0,116476604,105,101,1,1,0,0,0,0
105,0.0435,1.5777,0.7729,0.0026,0.77,0.7608,0.007,0.001,0.2037,0.7857,0.0079,0.0041,0.0057,0.1538,0.019,0.1268,0.0137,0.0054,0.0746,0.0821,0.0034,0.0671,0.5044,0.0027,0.009,0.0255,0.4016,0.2856,1.1192,3.743,1,1994856992,1135718944,0,0,116476604,106,102,1,1,0,0,0,0
106,0.0687,2.1052,0.8902,0.0064,0.8835,0.8703,0.0094,0.0017,0.389,1.187,0.0123,0.0072,0.0127,0.2348,0.02,0.1428,0.007,0.0042,0.1248,0.0929,0.0035,0.1035,0.6988,0.0046,0.0164,0.0233,0.5024,0.3823,0.4552,3.8439,2,1994856992,1135714016,1,0,116476604,107,103,1,1,0,0,0,0
107,0.0441,1.2017,0.608,0.0021,0.6056,0.5987,0.0053,0.0011,0.1803,0.5734,0.0073,0.0035,0.0054,0.1201,0.0044,0.0667,0.0085,0.0037,0.0683,0.0453,0.0016,0.0431,0.3435,0.0025,0.0025,0.0351,0.2994,0.2841,1.906,4.6137,3,1994856992,1135721056,2,0,116476604,108,104,1,1,0,0,0,0
108,0.0416,1.3524,0.7472,0.0028,0.7442,0.7366,0.0054,0.0009,0.1892,0.5728,0.0086,0.0046,0.0053,0.0978,0.0048,0.0586,0.004,0.0043,0.0595,0.0575,0.0034,0.0569,0.3303,0.0042,0.0192,0.0327,0.3637,0.3136,0.4296,2.8089,4,1994856992,1135709088,0,0,116476604,109,105,1,1,0,0,0,0
109,0.049,1.5406,0.7795,0.0024,0.7768,0.7634,0.0106,0.0012,0.2549,0.7443,0.0105,0.0061,0.0103,0.149,0.0131,0.0978,0.003,0.0032,0.0598,0.057,0.0014,0.0568,0.4204,0.003,0.0102,0.0171,0.2905,0.3513,0.372,2.8406,5,1994856992,1135710496,1,0,116476604,110,106,1,1,0,0,0,0
110,0.0402,1.5093,0.697,0.0024,0.6942,0.6828,0.0079,0.002,0.3058,0.7948,0.0096,0.006,0.0095,0.1088,0.0052,0.0784,0.0039,0.004,0.1028,0.0783,0.0015,0.0612,0.4295,0.0022,0.0085,0.0135,0.2353,0.217,0.3886,2.5919,6,1994856992,1135720352,2,0,116476604,111,107,1,1,0,0,0,0
111,0.0409,1.6448,0.7338,0.0032,0.7304,0.7177,0.0099,0.0013,0.2937,0.896,0.01,0.0052,0.0094,0.1272,0.0061,0.0855,0.0122,0.0091,0.0971,0.09,0.0067,0.1208,0.5206,0.0026,0.0083,0.0171,0.3053,0.3742,0.2983,3.0664,7,1994856992,1135721760,0,0,116476604,112,108,1,1,0,0,0,0
112,0.0407,1.9337,0.7182,0.0023,0.7154,0.7017,0.0104,0.0019,0.2923,1.141,0.0121,0.0079,0.0097,0.2066,0.0093,0.1492,0.0176,0.0077,0.13,0.1274,0.0047,0.1193,0.7325,0.0202,0.0471,0.0666,2.142,1.7131,1.5276,8.4472,0,1994856992,1135714720,1,0,116476604,113,109,1,1,0,0,0,0
113,0.0587,1.6239,0.7,0.0026,0.6971,0.6903,0.0048,0.0013,0.2443,0.8971,0.0081,0.0048,0.0048,0.2076,0.0104,0.1044,0.0093,0.0048,0.0908,0.1112,0.0053,0.0716,0.5856,0.0029,0.0161,0.0201,0.3503,0.7713,1.5992,5.6271,1,1994856992,1135718944,2,0,116476604,114,110,1,1,0,0,0,0
114,0.176,3.6677,1.7307,0.019,1.7107,1.6883,0.0171,0.0027,0.5984,1.9027,0.0223,0.0149,0.0206,0.4588,0.03,0.1785,0.0059,0.0106,0.1849,0.1458,0.0045,0.1822,1.1502,0.0064,0.0198,0.0326,0.6197,0.3583,0.4066,5.5245,2,1994856992,1135714016,0,0,116476604,115,111,1,1,0,0,0,0
115,0.0459,1.5957,0.7124,0.0029,0.7093,0.696,0.0105,0.0012,0.2258,0.7783,0.0083,0.005,0.0056,0.1148,0.0167,0.119,0.0045,0.0028,0.0874,0.0719,0.0022,0.0962,0.4893,0.0034,0.0121,0.0279,0.4457,0.2311,1.1154,3.7786,3,1994856992,1135721056,1,0,116476604,116,112,1,1,0,0,0,0
116,0.0473,1.5233,0.7518,0.0028,0.7485,0.7389,0.007,0.0009,0.2355,0.7565,0.0076,0.0042,0.0055,0.1504,0.0088,0.1029,0.0036,0.0031,0.0826,0.0565,0.0017,0.0788,0.4712,0.002,0.0081,0.0153,0.3029,0.2149,0.3153,2.6563,4,1994856992,1135709088,2,0,116476604,117,113,1,1,0,0,0,0
117,0.0432,1.4366,0.7016,0.0024,0.6989,0.6893,0.0072,0.001,0.2082,0.705,0.0104,0.0057,0.0065,0.1988,0.0126,0.0653,0.0054,0.0036,0.0601,0.0572,0.0019,0.0501,0.4315,0.004,0.0194,0.018,0.2795,0.1797,0.277,2.4253,5,1994856992,1135710496,0,0,116476604,118,114,1,1,0,0,0,0
118,0.0504,1.5002,0.7084,0.0032,0.7047,0.6928,0.0095,0.0012,0.2525,0.772,0.0108,0.0054,0.0092,0.1403,0.0171,0.0826,0.0039,0.0083,0.0701,0.0574,0.0018,0.0905,0.4409,0.0031,0.0119,0.019,0.3678,0.2927,0.5648,3.1671,6,1994856992,1135720352,1,0,116476604,119,115,1,1,0,0,0,0
119,0.0438,1.6905,0.7139,0.0029,0.7108,0.7003,0.007,0.002,0.3284,0.9527,0.01,0.0061,0.0102,0.1842,0.0119,0.1189,0.0055,0.0038,0.0954,0.0727,0.0036,0.0794,0.5506,0.0042,0.0147,0.0224,0.4029,0.3113,1.2707,4.0499,7,1994856992,1135721760,2,0,116476604,120,116,1,1,0,0,0,0
120,0.0407,1.7981,0.6609,0.0022,0.6584,0.6508,0.0044,0.0016,0.2451,1.1071,0.0086,0.0056,0.0383,0.382,0.0204,0.139,0.0072,0.0052,0.0948,0.0809,0.0024,0.0586,0.7553,0.0041,0.0194,0.0233,0.3299,0.2385,0.2367,2.9092,0,1994856992,1135714720,0,0,116476604,121,117,1,1,0,0,0,0
121,0.0508,1.9215,0.8803,0.0026,0.8773,0.8632,0.0105,0.0018,0.299,0.9649,0.0109,0.008,0.0098,0.1617,0.0051,0.1022,0.0141,0.0057,0.1132,0.0843,0.0047,0.121,0.5824,0.0044,0.0671,0.0224,0.6676,0.2825,0.3763,3.5313,1,1994856992,1135718944,1,0,116476604,122,118,1,1,0,0,0,0
122,0.2915,6.9215,4.8513,0.0697,4.78,4.7432,0.0281,0.0042,0.64,2.0341,0.0196,0.0128,0.0271,0.2682,0.0176,0.2627,0.0214,0.0156,0.2216,0.1534,0.0118,0.3047,1.2106,0.0174,0.0223,0.0324,0.8602,0.4376,0.4901,9.4665,2,1994856992,1135714016,2,0,116476604,123,119,1,1,0,0,0,0
123,0.045,1.6987,0.7431,0.0029,0.7398,0.7338,0.0045,0.0008,0.2731,0.9324,0.0097,0.0057,0.0098,0.1577,0.0063,0.1284,0.0039,0.0046,0.12,0.0989,0.0047,0.0853,0.5903,0.0049,0.0135,0.0209,0.3878,0.3972,0.3121,3.2146,3,1994856992,1135721056,0,0,116476604,124,120,1,1,0,0,0,0
124,0.0553,2.281,0.9051,0.0031,0.9018,0.8958,0.0048,0.0007,0.2725,1.295,0.0095,0.0056,0.009,0.1776,0.0191,0.1148,0.0091,0.0084,0.092,0.1286,0.031,0.3551,0.8681,0.0329,0.0537,0.073,1.5423,1.1698,2.1282,8.7035,4,1994856992,1135709088,1,0,116476604,125,121,1,1,0,0,0,0
125,0.049,1.7637,0.7988,0.0038,0.7948,0.7826,0.0097,0.0012,0.2552,0.9427,0.0105,0.0075,0.0108,0.1419,0.0062,0.0968,0.0161,0.0104,0.127,0.0838,0.0077,0.145,0.5945,0.0048,0.0126,0.0226,0.4276,0.3497,0.3294,3.2766,5,1994856992,1135710496,2,0,116476604,126,122,1,1,0,0,0,0
126,0.047,1.7732,0.7522,0.003,0.7487,0.7395,0.0074,0.0011,0.3174,0.9192,0.0119,0.008,0.0087,0.1461,0.0074,0.075,0.0212,0.0109,0.1327,0.0829,0.0074,0.0635,0.5002,0.005,0.085,0.0354,0.6255,1.1693,1.9174,6.7697,6,1994856992,1135720352,0,0,116476604,127,123,1,1,0,0,0,0
127,0.0423,1.3743,0.6394,0.0023,0.6368,0.6307,0.0043,0.0012,0.1714,0.71,0.0079,0.0041,0.0048,0.1493,0.0188,0.0964,0.008,0.0047,0.0811,0.0883,0.002,0.0522,0.4673,0.0027,0.0118,0.0265,1.709,1.1791,1.7163,6.9981,7,1994856992,1135721760,1,0,116476604,128,124,1,1,0,0,0,0
128,0.0667,1.8929,0.8544,0.0064,0.8477,0.833,0.0111,0.0018,0.3114,1.0095,0.0116,0.0066,0.0105,0.1776,0.0067,0.1075,0.0109,0.0046,0.1227,0.1016,0.0034,0.1117,0.6211,0.005,0.017,0.0237,0.49,0.3953,0.5076,3.7358,0,1994856992,1135714720,2,0,116476604,129,125,1,1,0,0,0,0
129,0.0432,1.4454,0.6799,0.0033,0.6764,0.6653,0.0082,0.0011,0.2653,0.7307,0.0082,0.0052,0.0059,0.1329,0.0102,0.1065,0.0039,0.004,0.0577,0.0552,0.0036,0.054,0.4063,0.0043,0.0228,0.02,0.4075,0.3007,0.4448,3.1133,1,1994856992,1135718944,0,0,116476604,130,126,1,1,0,0,0,0
130,0.0421,1.5207,0.7963,0.0024,0.7937,0.7811,0.0096,0.0015,0.2086,0.6747,0.0072,0.0048,0.0058,0.1125,0.0054,0.0783,0.0055,0.0063,0.0868,0.0643,0.002,0.0539,0.3958,0.018,0.0325,0.0278,0.3331,0.3313,1.9021,4.8865,2,1994856992,1135714016,1,0,116476604,131,127,1,1,0,0,0,0
131,0.0811,1.7967,1.0126,0.0035,1.0078,0.9943,0.0099,0.002,0.3302,0.744,0.0126,0.006,0.0066,0.0946,0.0104,0.0645,0.0043,0.0048,0.0572,0.0544,0.0026,0.0688,0.3395,0.0058,0.0263,0.0393,0.607,1.4895,1.6062,6.7741,3,1994856992,1135721056,2,0,116476604,132,128,1,1,0,0,0,0
132,0.0431,1.5804,0.7303,0.0025,0.7276,0.7193,0.0064,0.0008,0.2115,0.8245,0.0077,0.0042,0.0054,0.0784,0.0063,0.0577,0.0058,0.0171,0.1246,0.1396,0.0082,0.1334,0.5337,0.0077,0.0171,0.0215,0.4406,0.3036,0.333,3.1142,4,1994856992,1135709088,0,0,116476604,133,129,1,1,0,0,0,0
133,0.0612,3.0422,1.2728,0.005,1.2675,1.2505,0.0128,0.0019,0.3708,1.6871,0.014,0.0085,0.0536,0.4918,0.0187,0.2572,0.0083,0.0123,0.1237,0.1466,0.0056,0.1239,1.1432,0.0191,0.0494,0.0615,0.992,0.4181,0.4435,5.4253,5,1994856992,1135710496,1,0,116476604,134,130,1,1,0,0,0,0
134,0.074,1.8164,0.926,0.0028,0.9229,0.915,0.0048,0.0017,0.397,0.8623,0.0119,0.0126,0.0187,0.1877,0.0109,0.0692,0.008,0.0036,0.0452,0.0355,0.0017,0.0322,0.3698,0.0049,0.0171,0.026,0.3653,0.2848,0.5188,3.3559,6,1994856992,1135720352,2,0,116476604,135,131,1,1,0,0,0,0
135,0.1064,2.745,1.2102,0.0125,1.1972,1.1704,0.0212,0.0025,0.486,1.5072,0.0146,0.0094,0.0161,0.3108,0.0171,0.2027,0.0057,0.0066,0.1415,0.1438,0.0176,0.0945,0.8933,0.0118,0.0138,0.031,0.6804,0.3761,0.4795,4.7114,7,1994856992,1135721760,0,0,116476604,136,132,1,1,0,0,0,0
136,0.0498,1.6488,0.8515,0.0033,0.8479,0.8369,0.0077,0.0015,0.2717,0.7737,0.0098,0.0074,0.01,0.1113,0.005,0.0847,0.0041,0.0186,0.0866,0.0649,0.0041,0.0717,0.4192,0.0048,0.0147,0.0191,0.3583,0.3404,0.2998,2.9891,0,1994856992,1135714720,1,0,116476604,137,133,1,1,0,0,0,0
137,0.0422,1.3144,0.6516,0.0023,0.6491,0.6442,0.0038,0.0008,0.1703,0.636,0.0067,0.0035,0.005,0.0905,0.0092,0.073,0.0065,0.0044,0.083,0.0764,0.0045,0.0821,0.405,0.0059,0.0081,0.0417,0.3692,0.3063,0.5187,2.8706,1,1994856992,1135718944,2,0,116476604,138,134,1,1,0,0,0,0
138,0.0442,1.3689,0.6353,0.0023,0.6328,0.6246,0.0065,0.0007,0.2746,0.718,0.0118,0.0068,0.0098,0.1466,0.0064,0.0668,0.0035,0.003,0.0576,0.0555,0.0015,0.0552,0.3817,0.0019,0.0093,0.0152,0.2561,0.2599,0.3039,2.5502,2,1994856992,1135714016,0,0,116476604,139,135,1,1,0,0,0,0
139,0.0418,1.4678,0.7088,0.0023,0.7062,0.6941,0.0093,0.0013,0.2229,0.7341,0.0078,0.0041,0.0054,0.1232,0.0197,0.1101,0.0055,0.0101,0.0556,0.0726,0.0037,0.0706,0.4321,0.0077,0.0138,0.033,0.511,0.2557,1.5112,4.2535,3,1994856992,1135721056,1,0,116476604,140,136,1,1,0,0,0,0
140,0.0528,1.5097,0.7944,0.0025,0.7916,0.7806,0.0079,0.0014,0.2642,0.6814,0.0098,0.006,0.0093,0.1029,0.0066,0.0543,0.0103,0.0094,0.0617,0.0638,0.0062,0.0447,0.3274,0.0116,0.0195,0.033,0.3244,0.3375,0.4583,2.9857,4,1994856992,1135709088,2,0,116476604,141,137,1,1,0,0,0,0
141,0.0414,1.5151,0.7121,0.0022,0.7096,0.697,0.01,0.0012,0.2807,0.7754,0.0105,0.0067,0.0109,0.1109,0.0056,0.0505,0.0117,0.0105,0.0673,0.0795,0.0134,0.0899,0.3981,0.0061,0.019,0.0205,0.3984,0.3547,0.6367,3.3069,5,1994856992,1135710496,0,0,116476604,142,138,1,1,0,0,0,0
142,0.0483,4.3526,1.0643,0.0031,1.061,1.0492,0.0087,0.0018,0.2521,3.1865,0.009,0.0074,0.0088,0.1787,0.0539,0.4502,0.0159,0.038,1.0695,0.5328,0.0461,0.4521,2.6833,0.0294,0.0553,0.0838,1.8962,1.0245,0.881,9.0193,6,1994856992,1135720352,1,0,116476604,143,139,1,1,0,0,0,0
143,0.0484,1.8098,0.7731,0.0034,0.7694,0.7571,0.0101,0.0013,0.2314,1.0085,0.0088,0.0049,0.0069,0.1597,0.0187,0.1021,0.0065,0.0061,0.0898,0.1202,0.0082,0.2192,0.691,0.0084,0.0169,0.0223,0.4693,0.2535,0.3938,3.2441,7,1994856992,1135721760,2,0,116476604,144,140,1,1,0,0,0,0
144,0.0418,1.7229,0.7394,0.0029,0.7363,0.727,0.0069,0.0012,0.3115,0.874,0.0108,0.0077,0.0103,0.1797,0.0165,0.1029,0.0042,0.0082,0.0617,0.0912,0.0026,0.0443,0.4798,0.004,0.0115,0.0265,0.4324,0.2549,0.2784,2.9448,0,1994856992,1135714720,0,0,116476604,145,141,1,1,0,0,0,0
145,0.0423,1.5047,0.6753,0.0022,0.6728,0.6668,0.0047,0.0007,0.1861,0.8026,0.0079,0.0053,0.0054,0.1188,0.0031,0.1064,0.0041,0.0052,0.0909,0.147,0.0082,0.087,0.5501,0.0119,0.0169,0.0249,0.4425,0.4567,2.1252,5.7897,1,1994856992,1135718944,1,0,116476604,146,142,1,1,0,0,0,0
146,0.1694,6.3236,2.493,0.0256,2.4665,2.4262,0.0282,0.0062,1.2517,3.7792,0.0419,0.0279,0.0469,0.4968,0.0213,0.4703,0.0147,0.0183,0.5884,0.4128,0.0087,0.2959,2.2642,0.0106,0.0304,0.0428,0.9153,0.5361,0.5894,9.2377,2,1994856992,1135714016,2,0,116476604,147,143,1,1,0,0,0,0
147,0.0636,1.9028,0.8154,0.005,0.8101,0.7986,0.0089,0.0015,0.3279,1.0655,0.0106,0.0062,0.01,0.1995,0.0103,0.1504,0.0057,0.0037,0.1095,0.1054,0.0078,0.093,0.6578,0.0053,0.0119,0.0273,0.4395,0.3057,0.4571,3.4936,3,1994856992,1135721056,0,0,116476604,148,144,1,1,0,0,0,0
148,0.0494,1.5805,0.7684,0.0035,0.7646,0.7545,0.0074,0.0012,0.2567,0.7712,0.0094,0.0055,0.0071,0.1334,0.0145,0.1372,0.0043,0.0037,0.0638,0.0564,0.0024,0.0553,0.4461,0.0049,0.0238,0.0241,0.5124,0.3942,0.3331,3.2008,4,1994856992,1135709088,1,0,116476604,149,145,1,1,0,0,0,0
149,0.0455,1.5092,0.7256,0.003,0.7223,0.7107,0.0074,0.0018,0.2578,0.7513,0.0088,0.0053,0.0073,0.0985,0.0156,0.0973,0.0057,0.0038,0.0735,0.0649,0.0025,0.0902,0.4244,0.0035,0.0193,0.0327,0.3202,0.3807,0.4252,3.2695,5,1994856992,1135710496,2,0,116476604,150,146,1,1,0,0,0,0
150,0.0465,1.4964,0.7266,0.0033,0.723,0.7132,0.0066,0.002,0.2264,0.7379,0.0078,0.0048,0.006,0.1359,0.0095,0.0788,0.0056,0.0046,0.1025,0.0661,0.0032,0.0669,0.4502,0.0051,0.0183,0.0269,0.4869,0.3477,1.6636,4.3652,6,1994856992,1135720352,0,0,116476604,151,147,1,1,0,0,0,0
151,0.0389,1.2975,0.6507,0.0024,0.648,0.6396,0.0061,0.0012,0.1901,0.6156,0.0076,0.0034,0.0051,0.1235,0.0086,0.0918,0.0053,0.0043,0.0557,0.0504,0.0028,0.0503,0.3717,0.0044,0.0171,0.0303,0.3428,0.215,1.6387,3.9037,7,1994856992,1135721760,1,0,116476604,152,148,1,1,0,0,0,0
152,0.0548,1.7405,0.8749,0.0045,0.8699,0.8556,0.0109,0.0017,0.2684,0.8471,0.0106,0.0067,0.0086,0.1619,0.0175,0.0617,0.006,0.0044,0.0935,0.0905,0.0031,0.0918,0.4994,0.003,0.0105,0.0161,0.4077,0.3252,0.4577,3.2865,0,1994856992,1135714720,2,0,116476604,153,149,1,1,0,0,0,0
153,0.0696,1.4716,0.8183,0.0062,0.8118,0.8016,0.0071,0.0012,0.2557,0.6178,0.0123,0.0066,0.0068,0.0993,0.0103,0.0672,0.0021,0.0027,0.0297,0.0262,0.0016,0.0696,0.292,0.0059,0.0224,0.0371,0.4551,0.2732,0.4277,2.9568,1,1994856992,1135718944,0,0,116476604,154,150,1,1,0,0,0,0
154,0.0828,1.9264,0.8733,0.0055,0.8675,0.8551,0.01,0.0014,0.3044,1.0238,0.0111,0.0073,0.011,0.1636,0.0058,0.1099,0.02,0.0111,0.1358,0.1178,0.0093,0.0844,0.6115,0.0092,0.0188,0.0255,0.478,0.5823,0.8696,4.6786,2,1994856992,1135714016,1,0,116476604,155,151,1,1,0,0,0,0
155,0.0896,2.3476,0.9811,0.011,0.9695,0.9538,0.0117,0.0019,0.3539,1.3334,0.0131,0.0072,0.0141,0.2854,0.0088,0.1286,0.0112,0.026,0.159,0.163,0.0057,0.1262,0.8622,0.0062,0.0198,0.0307,0.5583,0.3905,0.5932,4.3626,3,1994856992,1135721056,2,0,116476604,156,152,1,1,0,0,0,0
156,0.0412,1.4258,0.6655,0.003,0.6623,0.6539,0.0065,0.0008,0.2185,0.7399,0.0088,0.0048,0.0056,0.149,0.0049,0.0761,0.0044,0.0035,0.0665,0.0675,0.0077,0.104,0.4631,0.0047,0.0125,0.0261,0.5042,0.3626,0.3108,2.9144,4,1994856992,1135709088,0,0,116476604,157,153,1,1,0,0,0,0
157,0.0412,1.2906,0.6794,0.002,0.6772,0.6684,0.0059,0.001,0.1762,0.5816,0.0073,0.0041,0.0056,0.1174,0.0024,0.0666,0.0029,0.0028,0.0432,0.0563,0.0051,0.0763,0.3598,0.0024,0.0191,0.0334,0.3028,0.4031,0.3739,2.7545,5,1994856992,1135710496,1,0,116476604,158,154,1,1,0,0,0,0
158,0.0423,1.3289,0.7017,0.0024,0.6991,0.6886,0.0071,0.0014,0.1852,0.5954,0.0081,0.004,0.0054,0.108,0.0088,0.0882,0.0039,0.0051,0.0568,0.0518,0.0029,0.0492,0.354,0.0043,0.0189,0.0349,0.516,1.0893,1.4906,5.4622,6,1994856992,1135720352,2,0,116476604,159,155,1,1,0,0,0,0
159,0.0511,1.4806,0.6821,0.0033,0.6786,0.6701,0.0062,0.001,0.2283,0.7699,0.0086,0.0062,0.0063,0.1678,0.008,0.0797,0.006,0.0028,0.1029,0.0659,0.0021,0.063,0.4793,0.0033,0.0169,0.0261,0.3714,0.2494,0.3014,2.7088,7,1994856992,1135721760,0,0,116476604,160,156,1,1,0,0,0,0
160,0.0474,1.5185,0.85,0.0025,0.8471,0.8354,0.0088,0.0012,0.2283,0.6323,0.0106,0.0069,0.006,0.1065,0.006,0.0707,0.0066,0.0024,0.0589,0.0437,0.0016,0.0598,0.3396,0.0057,0.0223,0.035,0.3638,0.3065,0.5043,3.1229,0,1994856992,1135714720,1,0,116476604,161,157,1,1,0,0,0,0
161,0.0578,1.7662,0.9519,0.0031,0.9485,0.9361,0.0093,0.0015,0.2688,0.7902,0.0133,0.0082,0.0091,0.1277,0.0083,0.0617,0.0055,0.0151,0.1077,0.0679,0.0048,0.066,0.431,0.0078,0.0143,0.0213,0.3249,0.3016,0.368,3.1023,1,1994856992,1135718944,2,0,116476604,162,158,1,1,0,0,0,0
162,0.0563,1.9083,0.9567,0.0046,0.9519,0.9379,0.0102,0.0017,0.3,0.8996,0.0083,0.0047,0.0069,0.1367,0.0069,0.0965,0.024,0.0093,0.129,0.0745,0.0058,0.0647,0.5014,0.011,0.0391,0.0209,0.4596,0.363,1.3448,4.4698,2,1994856992,1135714016,0,0,116476604,163,159,1,1,0,0,0,0
163,0.0407,1.284,0.6778,0.0028,0.6747,0.6634,0.0088,0.0011,0.1895,0.5782,0.0093,0.0056,0.0063,0.0957,0.0059,0.0632,0.0036,0.0027,0.0601,0.0593,0.002,0.0594,0.3377,0.0028,0.0162,0.0253,0.3162,0.2742,0.3275,2.531,3,1994856992,1135721056,1,0,116476604,164,160,1,1,0,0,0,0
164,0.0516,1.348,0.7111,0.0035,0.7072,0.7011,0.0047,0.0008,0.1853,0.6069,0.0092,0.0041,0.0049,0.1012,0.0072,0.0664,0.0033,0.003,0.063,0.0832,0.0025,0.0553,0.3691,0.0037,0.0159,0.0403,0.4463,0.3864,0.6834,3.4039,4,1994856992,1135709088,2,0,116476604,165,161,1,1,0,0,0,0
165,0.042,1.3228,0.6928,0.0029,0.6896,0.6814,0.0059,0.0012,0.2039,0.599,0.0074,0.0047,0.0058,0.1073,0.0054,0.0623,0.0057,0.0036,0.0619,0.058,0.0018,0.0538,0.3433,0.0029,0.0163,0.0267,0.2844,0.2324,0.3476,2.5528,5,1994856992,1135710496,0,0,116476604,166,162,1,1,0,0,0,0
166,0.0551,1.4294,0.8114,0.0023,0.8084,0.801,0.0051,0.0014,0.1921,0.5824,0.0085,0.0046,0.0054,0.0725,0.0027,0.0662,0.005,0.0044,0.074,0.0689,0.0019,0.06,0.3416,0.0032,0.0184,0.0359,0.6125,1.1231,1.9519,6.6686,6,1994856992,1135720352,1,0,116476604,167,163,1,1,0,0,0,0
167,0.0488,1.3837,0.8031,0.0022,0.8004,0.7916,0.0062,0.0013,0.1909,0.5476,0.0091,0.0042,0.005,0.0843,0.0049,0.0512,0.0049,0.0025,0.0601,0.058,0.0017,0.0546,0.3082,0.0033,0.0185,0.0347,0.3138,0.2759,0.2603,2.7066,7,1994856992,1135721760,2,0,116476604,168,164,1,1,0,0,0,0
168,0.0405,1.3023,0.674,0.0027,0.671,0.6619,0.0062,0.0014,0.209,0.5866,0.0103,0.0049,0.0059,0.0801,0.0043,0.0535,0.0031,0.0029,0.0472,0.0655,0.0021,0.0661,0.3124,0.016,0.0261,0.0394,0.5677,0.3542,1.1902,3.91,0,1994856992,1135714720,0,0,116476604,169,165,1,1,0,0,0,0
169,0.0444,3.8061,0.9855,0.0033,0.9818,0.9698,0.0092,0.0013,0.2685,2.7437,0.0229,0.0168,0.0109,0.1752,0.0539,0.4917,0.0336,0.0348,0.6395,0.4987,0.0314,0.3915,2.1966,0.0171,0.0476,0.0701,1.595,1.0322,1.0875,8.7009,1,1994856992,1135718944,1,0,116476604,170,166,1,1,0,0,0,0
170,0.0446,1.6309,0.7584,0.0027,0.7553,0.7423,0.0102,0.0013,0.2293,0.834,0.0083,0.006,0.0062,0.1522,0.011,0.1107,0.019,0.0041,0.0886,0.0857,0.0046,0.0849,0.5221,0.0054,0.0247,0.0274,0.3834,0.2235,0.2167,2.7544,2,1994856992,1135714016,2,0,116476604,171,167,1,1,0,0,0,0
171,0.0416,1.4977,0.7187,0.0027,0.7157,0.7032,0.0096,0.0016,0.2539,0.7627,0.0075,0.0042,0.0052,0.1689,0.0064,0.1141,0.0052,0.003,0.0531,0.0821,0.002,0.04,0.4582,0.0028,0.0102,0.013,0.3096,0.1965,0.356,2.6457,3,1994856992,1135721056,0,0,116476604,172,168,1,1,0,0,0,0
172,0.0392,1.2371,0.6777,0.0027,0.6748,0.6673,0.0055,0.0008,0.1811,0.5302,0.0082,0.0041,0.005,0.0819,0.0042,0.054,0.0052,0.0029,0.0574,0.0563,0.0021,0.0519,0.3015,0.0031,0.0165,0.0283,0.3113,0.1833,0.2516,2.2332,4,1994856992,1135709088,1,0,116476604,173,169,1,1,0,0,0,0
173,0.045,1.7152,0.7342,0.003,0.731,0.7182,0.0102,0.0012,0.2929,0.9557,0.0105,0.0064,0.0125,0.1717,0.0063,0.1446,0.0086,0.0024,0.0895,0.0947,0.0077,0.0854,0.5859,0.0036,0.0162,0.0195,0.3467,0.2725,0.2336,2.824,5,1994856992,1135710496,2,0,116476604,174,170,1,1,0,0,0,0
174,0.0579,2.1981,1.2698,0.0023,1.2671,1.2525,0.0101,0.0017,0.3485,0.8673,0.0119,0.0076,0.0063,0.1185,0.0125,0.0664,0.0088,0.0053,0.0886,0.0742,0.0061,0.0788,0.4265,0.009,0.0353,0.0509,0.6093,0.3925,0.4139,4.2197,6,1994856992,1135720352,0,0,116476604,175,171,1,1,0,0,0,0
175,0.0441,1.6193,0.7248,0.0032,0.7213,0.712,0.0075,0.0008,0.2345,0.8754,0.0118,0.0071,0.0105,0.1258,0.007,0.0883,0.0119,0.0088,0.0883,0.0903,0.0059,0.1587,0.5514,0.005,0.0108,0.0244,0.3378,0.2389,0.266,2.7869,7,1994856992,1135721760,1,0,116476604,176,172,1,1,0,0,0,0
176,0.041,1.605,0.7016,0.0024,0.699,0.6878,0.0081,0.0013,0.2869,0.8369,0.0124,0.0067,0.0093,0.1398,0.0084,0.1132,0.016,0.0035,0.0715,0.0657,0.0018,0.0811,0.4713,0.0033,0.0591,0.016,0.4041,0.4285,0.2287,3.0054,0,1994856992,1135714720,2,0,116476604,177,173,1,1,0,0,0,0
177,0.0444,1.313,0.6648,0.0022,0.6623,0.6544,0.0055,0.0013,0.2009,0.6151,0.0071,0.0041,0.005,0.089,0.0047,0.0635,0.0048,0.0026,0.0526,0.065,0.0016,0.0997,0.3698,0.0036,0.0186,0.0321,0.4887,0.7456,1.7401,5.1767,1,1994856992,1135718944,0,0,116476604,178,174,1,1,0,0,0,0
178,0.0614,1.9614,0.9036,0.0042,0.8991,0.8867,0.0098,0.0013,0.2837,1.0347,0.0106,0.0106,0.0092,0.1455,0.0091,0.1046,0.0044,0.0045,0.1117,0.1029,0.0144,0.1953,0.66,0.0066,0.0142,0.0177,0.4484,0.2798,0.2807,3.2969,2,1994856992,1135714016,1,0,116476604,179,175,1,1,0,0,0,0
179,0.0474,1.1635,0.6402,0.0025,0.6374,0.6328,0.0033,0.0009,0.1714,0.5029,0.0068,0.0033,0.0047,0.096,0.0045,0.0462,0.005,0.0033,0.0627,0.0417,0.0019,0.0391,0.2857,0.004,0.0057,0.0265,0.3169,0.2715,0.281,2.3366,3,1994856992,1135721056,2,0,116476604,180,176,1,1,0,0,0,0
180,0.0464,1.5071,0.7166,0.0023,0.714,0.7041,0.0072,0.0016,0.3007,0.773,0.013,0.0057,0.0094,0.1809,0.0065,0.0838,0.0057,0.0041,0.0541,0.0429,0.0019,0.0432,0.4049,0.0028,0.01,0.0142,0.5874,0.9208,1.1269,4.9286,4,1994856992,1135709088,0,0,116476604,181,177,1,1,0,0,0,0
181,0.038,1.4029,0.7317,0.0021,0.7293,0.7247,0.0034,0.0009,0.1718,0.6476,0.0079,0.0038,0.0056,0.133,0.007,0.0981,0.0039,0.0032,0.0823,0.0719,0.0017,0.0374,0.4227,0.0072,0.0146,0.0772,0.3533,0.2403,0.3305,2.6764,5,1994856992,1135710496,1,0,116476604,182,178,1,1,0,0,0,0
182,0.0498,1.6355,0.7956,0.0024,0.7929,0.7819,0.0086,0.0014,0.2426,0.7967,0.0086,0.0044,0.009,0.1141,0.0088,0.0881,0.0064,0.0045,0.084,0.0904,0.0034,0.0803,0.4569,0.032,0.0293,0.0227,1.4493,1.2301,2.0494,7.4015,6,1994856992,1135720352,2,0,116476604,183,179,1,1,0,0,0,0
183,0.0449,1.3515,0.6288,0.0034,0.6251,0.6179,0.0056,0.001,0.2391,0.7009,0.0102,0.0042,0.0074,0.1108,0.0075,0.0774,0.0046,0.0041,0.0722,0.0702,0.0027,0.0705,0.4011,0.0039,0.0044,0.0182,0.425,0.3069,0.2456,2.5733,7,1994856992,1135721760,0,0,116476604,184,180,1,1,0,0,0,0
184,0.0595,5.2384,1.1884,0.0031,1.185,1.1729,0.0076,0.0014,0.8569,3.9266,0.0496,0.0335,0.0602,0.9935,0.0699,0.576,0.0379,0.0324,0.3858,0.3571,0.0348,0.3046,2.617,0.033,0.0832,0.0875,2.69,1.0973,1.0569,10.909,0,1994856992,1135714720,1,0,116476604,185,181,1,1,0,0,0,0
185,0.0414,1.4229,0.7965,0.003,0.7932,0.7858,0.0052,0.0011,0.204,0.5782,0.0084,0.0046,0.0061,0.0844,0.006,0.0766,0.0033,0.0029,0.0583,0.0527,0.0018,0.052,0.324,0.0029,0.0242,0.0351,0.3906,0.2002,1.1965,3.7884,1,1994856992,1135718944,2,0,116476604,186,182,1,1,0,0,0,0
186,0.0425,2.2916,0.8062,0.0027,0.8032,0.7851,0.0137,0.0023,0.4304,1.4049,0.0338,0.0184,0.0211,0.1912,0.0101,0.0643,0.016,0.0081,0.1059,0.1498,0.0324,0.2391,0.7503,0.0275,0.0545,0.076,1.8039,1.3333,1.255,7.691,2,1994856992,1135714016,0,0,116476604,187,183,1,1,0,0,0,0
187,0.0424,1.9118,0.7382,0.0021,0.7359,0.7294,0.0052,0.0007,0.193,1.1107,0.0069,0.0046,0.0048,0.2702,0.0081,0.1363,0.0264,0.0095,0.1487,0.1351,0.0073,0.1312,0.8215,0.0091,0.0225,0.0393,0.4969,0.1762,0.201,3.0223,3,1994856992,1135721056,1,0,116476604,188,184,1,1,0,0,0,0
188,0.041,1.3397,0.7097,0.0025,0.7067,0.6987,0.006,0.0008,0.1969,0.5837,0.0088,0.0053,0.0049,0.0872,0.0049,0.0546,0.0061,0.003,0.0613,0.0559,0.0014,0.0621,0.3211,0.0157,0.0271,0.0426,0.4398,0.4102,0.5002,3.1199,4,1994856992,1135709088,2,0,116476604,189,185,1,1,0,0,0,0
189,0.0444,1.2921,0.6601,0.0024,0.6575,0.6484,0.0061,0.0011,0.2094,0.6015,0.0095,0.0042,0.0055,0.0821,0.0046,0.0618,0.0027,0.0025,0.0464,0.0615,0.0016,0.0915,0.3433,0.0037,0.0194,0.0329,0.268,0.189,0.8986,3.0722,5,1994856992,1135710496,0,0,116476604,190,186,1,1,0,0,0,0
190,0.0428,1.6437,0.7742,0.0025,0.7712,0.7629,0.0065,0.0008,0.2691,0.8366,0.0231,0.0157,0.0097,0.1636,0.0147,0.0923,0.0069,0.0033,0.0777,0.0589,0.0019,0.0608,0.4533,0.0049,0.0192,0.0268,1.4764,0.9972,1.2172,6.1739,6,1994856992,1135720352,1,0,116476604,191,187,1,1,0,0,0,0
191,0.0716,2.332,1.0936,0.006,1.0872,1.0685,0.0147,0.0016,0.3398,1.2001,0.0143,0.0077,0.0113,0.254,0.0123,0.1674,0.0213,0.0094,0.1038,0.1213,0.0087,0.0921,0.7386,0.008,0.0244,0.0311,0.6028,0.374,0.4127,4.0916,7,1994856992,1135721760,2,0,116476604,192,188,1,1,0,0,0,0
192,0.0504,1.384,0.7012,0.0029,0.6981,0.6926,0.004,0.0011,0.2349,0.6475,0.0076,0.0039,0.0053,0.1001,0.0116,0.0846,0.004,0.0051,0.0524,0.064,0.0019,0.0553,0.3564,0.0025,0.0172,0.0255,0.3398,0.2785,0.3027,2.6593,0,1994856992,1135714720,0,0,116476604,193,189,1,1,0,0,0,0
193,0.0382,1.4757,0.6902,0.0023,0.6877,0.6794,0.0062,0.0008,0.2814,0.7482,0.0094,0.0049,0.0052,0.1212,0.0189,0.0848,0.0049,0.0091,0.0693,0.0388,0.0034,0.071,0.3851,0.0069,0.0236,0.0392,0.3914,0.2232,0.299,2.8567,1,1994856992,1135718944,1,0,116476604,194,190,1,1,0,0,0,0
194,0.0391,1.4086,0.734,0.0022,0.7316,0.7242,0.0051,0.0012,0.1761,0.6477,0.0074,0.0042,0.0064,0.1034,0.0046,0.1023,0.004,0.0027,0.095,0.0476,0.0021,0.0762,0.4245,0.0037,0.0161,0.0256,0.2585,0.2071,0.4782,2.6941,2,1994856992,1135714016,2,0,116476604,195,191,1,1,0,0,0,0
195,0.0445,3.375,0.7891,0.0021,0.7867,0.7685,0.0142,0.0021,0.3308,2.4619,0.0228,0.0147,0.0095,0.2292,0.0068,0.1354,0.0231,0.0077,0.1004,0.1045,0.0078,1.3788,1.9483,0.0536,0.0746,0.0998,3.2079,1.4095,1.2098,10.8918,3,1994856992,1135721056,0,0,116476604,196,192,1,1,0,0,0,0
196,0.0867,2.0831,0.9149,0.0083,0.9062,0.8902,0.0112,0.0027,0.3392,1.1411,0.0122,0.0069,0.012,0.2117,0.0079,0.1203,0.0123,0.0048,0.1342,0.131,0.005,0.1178,0.715,0.0054,0.0159,0.0249,0.4949,0.3286,0.3718,3.6724,4,1994856992,1135709088,1,0,116476604,197,193,1,1,0,0,0,0
197,0.043,1.4309,0.7057,0.0026,0.7029,0.689,0.0107,0.0016,0.2284,0.6876,0.0087,0.0044,0.0061,0.1306,0.0145,0.0835,0.0044,0.0041,0.0854,0.0433,0.0023,0.0495,0.3923,0.0085,0.0224,0.0356,0.4232,0.5047,0.643,3.5205,5,1994856992,1135710496,2,0,116476604,198,194,1,1,0,0,0,0
198,0.0457,1.7055,0.7206,0.0032,0.7171,0.7035,0.0106,0.0016,0.253,0.9494,0.0085,0.0055,0.0067,0.1568,0.0168,0.1097,0.0123,0.0099,0.1511,0.1186,0.0071,0.0693,0.6055,0.0068,0.0224,0.0322,0.5394,0.3275,0.5103,3.4655,6,1994856992,1135720352,0,0,116476604,199,195,1,1,0,0,0,0
199,0.0666,1.429,0.7932,0.004,0.7888,0.7796,0.0063,0.0015,0.2088,0.6175,0.0175,0.0064,0.0083,0.1115,0.0069,0.0734,0.0047,0.0024,0.0605,0.0524,0.0062,0.0393,0.3371,0.0033,0.0123,0.018,1.6085,1.0986,1.8046,6.9595,7,1994856992,1135721760,1,0,116476604,200,196,1,1,0,0,0,0
200,0.0452,1.4081,0.608,0.0028,0.605,0.5987,0.0047,0.0011,0.1975,0.7876,0.0089,0.0069,0.0064,0.1963,0.0182,0.1098,0.0071,0.0028,0.0833,0.064,0.0031,0.0637,0.5171,0.0024,0.0061,0.0177,0.2724,0.216,0.7336,3.0963,0,1994856992,1135714720,2,0,116476604,201,197,1,1,0,0,0,0
201,0.0402,1.3501,0.6732,0.0026,0.6704,0.6604,0.0072,0.0015,0.2788,0.6441,0.0108,0.0107,0.0135,0.1053,0.0061,0.0402,0.007,0.0036,0.0443,0.0462,0.0031,0.0451,0.2811,0.0037,0.0168,0.0191,0.3245,0.2982,1.1111,3.6637,1,1994856992,1135718944,0,0,116476604,202,198,1,1,0,0,0,0
202,0.0418,1.3847,0.6605,0.0023,0.6579,0.646,0.0086,0.0017,0.2494,0.6979,0.0126,0.0117,0.0144,0.1282,0.0054,0.0441,0.0056,0.0041,0.0407,0.0484,0.0157,0.094,0.3554,0.0045,0.0141,0.0269,1.429,1.118,1.6203,7.0682,2,1994856992,1135714016,1,0,116476604,203,199,1,1,0,0,0,0
203,0.0456,1.4425,0.7909,0.0024,0.7882,0.7801,0.0064,0.001,0.1936,0.6145,0.0082,0.0046,0.0051,0.1116,0.0138,0.0654,0.0054,0.01,0.0503,0.0636,0.004,0.0573,0.3482,0.0059,0.0228,0.0365,0.4987,1.5624,1.648,6.3014,3,1994856992,1135721056,2,0,116476604,204,200,1,1,0,0,0,0
204,0.0409,1.2988,0.6165,0.0025,0.6138,0.6046,0.0069,0.0012,0.2693,0.6551,0.0094,0.005,0.0093,0.0894,0.0053,0.0572,0.0039,0.0051,0.0568,0.0637,0.0033,0.0563,0.3234,0.005,0.0116,0.0362,0.3341,0.4461,0.874,3.4649,4,1994856992,1135709088,0,0,116476604,205,201,1,1,0,0,0,0
205,0.0401,1.4744,0.6679,0.0023,0.6654,0.6561,0.0066,0.0013,0.2683,0.7782,0.0096,0.0057,0.0107,0.1685,0.01,0.1121,0.0055,0.0037,0.0633,0.0496,0.0029,0.0463,0.4398,0.0038,0.0168,0.0295,1.4791,1.1711,1.554,7.4152,5,1994856992,1135710496,1,0,116476604,206,202,1,1,0,0,0,0
206,0.0449,1.3836,0.7235,0.002,0.7213,0.7072,0.0109,0.0012,0.2249,0.629,0.0091,0.0043,0.0054,0.0885,0.0085,0.1013,0.0039,0.0041,0.0566,0.0521,0.0029,0.0494,0.3479,0.004,0.0191,0.036,0.4144,0.9861,1.5819,6.0816,6,1994856992,1135720352,2,0,116476604,207,203,1,1,0,0,0,0
207,0.0426,1.5238,0.7194,0.0031,0.716,0.7053,0.0078,0.0013,0.2331,0.7863,0.0076,0.0042,0.0059,0.1531,0.0171,0.1222,0.0046,0.0028,0.0992,0.0615,0.0018,0.0515,0.4875,0.0068,0.0108,0.019,0.3603,0.2526,0.3333,2.9504,7,1994856992,1135721760,0,0,116476604,208,204,1,1,0,0,0,0
208,0.0507,1.3333,0.6623,0.0022,0.6598,0.6489,0.008,0.0016,0.2133,0.6393,0.0076,0.0043,0.005,0.1169,0.0093,0.0911,0.0042,0.0065,0.0566,0.0517,0.0031,0.0521,0.3684,0.0042,0.018,0.025,0.3326,0.2349,0.4005,2.6292,0,1994856992,1135714720,1,0,116476604,209,205,1,1,0,0,0,0
209,0.0436,1.3189,0.6767,0.0027,0.6738,0.6623,0.008,0.0016,0.2054,0.6084,0.0086,0.004,0.0051,0.0809,0.0081,0.1055,0.0052,0.0039,0.0561,0.0535,0.0029,0.0514,0.3474,0.0052,0.0189,0.0287,0.4644,0.4303,0.7874,3.4495,1,1994856992,1135718944,2,0,116476604,210,206,1,1,0,0,0,0
210,0.0478,1.4782,0.7111,0.0025,0.7081,0.6945,0.0111,0.0014,0.2877,0.7328,0.0105,0.0074,0.0101,0.139,0.0142,0.0593,0.004,0.0034,0.0764,0.0474,0.0015,0.0479,0.37,0.0045,0.02,0.0196,0.3312,0.3561,1.2888,3.8982,2,1994856992,1135714016,0,0,116476604,211,207,1,1,0,0,0,0
211,0.0408,1.2499,0.6386,0.0024,0.6358,0.6256,0.0077,0.0013,0.1818,0.5715,0.0072,0.0036,0.005,0.0897,0.0026,0.0647,0.008,0.0034,0.0859,0.0511,0.0028,0.0497,0.3411,0.0047,0.0238,0.0316,0.4952,0.264,0.7785,3.2551,3,1994856992,1135721056,1,0,116476604,212,208,1,1,0,0,0,0
212,0.0598,1.6275,0.8235,0.0032,0.8199,0.8118,0.006,0.0012,0.2643,0.7767,0.0142,0.0098,0.0086,0.1196,0.0072,0.1002,0.004,0.0089,0.0596,0.0661,0.0045,0.0728,0.4183,0.0048,0.0171,0.019,0.2857,0.2812,0.329,2.9703,4,1994856992,1135709088,2,0,116476604,213,209,1,1,0,0,0,0
213,0.0419,1.2543,0.6549,0.0026,0.6522,0.6452,0.0043,0.0012,0.1835,0.568,0.0079,0.0046,0.0062,0.1075,0.0052,0.0585,0.0036,0.0034,0.0593,0.0561,0.0025,0.0535,0.3349,0.0029,0.02,0.0266,0.3261,0.357,0.3046,2.5877,5,1994856992,1135710496,0,0,116476604,214,210,1,1,0,0,0,0
214,0.0389,1.5569,0.7151,0.0022,0.7127,0.7001,0.0097,0.0011,0.2209,0.8159,0.0078,0.004,0.0052,0.1491,0.0088,0.0981,0.0052,0.0038,0.085,0.0967,0.0136,0.0977,0.5266,0.0052,0.0157,0.0207,0.323,0.4088,2.5696,5.9483,6,1994856992,1135720352,1,0,116476604,215,211,1,1,0,0,0,0
215,0.2002,5.6304,3.26,0.0247,3.2341,3.1915,0.0333,0.0042,0.7177,2.3263,0.0398,0.0229,0.032,0.4675,0.0205,0.2674,0.0168,0.0246,0.2031,0.2443,0.0148,0.1805,1.3628,0.0188,0.0281,0.0372,0.6773,0.4076,0.5404,8.0652,7,1994856992,1135721760,2,0,116476604,216,212,1,1,0,0,0,0
216,0.0418,1.9036,0.7465,0.0022,0.7441,0.7321,0.0094,0.0013,0.2971,1.1282,0.0095,0.0065,0.009,0.1431,0.0085,0.1625,0.0326,0.012,0.1532,0.1946,0.0073,0.063,0.7164,0.0055,0.0176,0.0332,0.5781,1.6243,2.2594,8.4379,0,1994856992,1135714720,0,0,116476604,217,213,1,1,0,0,0,0
217,0.0614,1.8581,0.8721,0.0052,0.8665,0.8506,0.0114,0.0022,0.2865,0.9626,0.0103,0.0063,0.0088,0.1477,0.009,0.116,0.0177,0.0049,0.1403,0.1018,0.0074,0.0803,0.5861,0.0062,0.0138,0.0215,0.4645,0.3824,0.4016,3.6043,1,1994856992,1135718944,1,0,116476604,218,214,1,1,0,0,0,0
218,0.0441,1.5867,0.6881,0.0026,0.6853,0.6724,0.0098,0.0015,0.29,0.8694,0.0128,0.007,0.0106,0.1827,0.0074,0.1174,0.0062,0.0039,0.0921,0.0491,0.002,0.0657,0.507,0.0041,0.0173,0.0279,1.439,1.2112,1.7766,7.3679,2,1994856992,1135714016,2,0,116476604,219,215,1,1,0,0,0,0
219,0.0407,1.3374,0.7533,0.0024,0.7506,0.7444,0.0045,0.0012,0.198,0.5642,0.0074,0.0048,0.0075,0.0981,0.0089,0.0511,0.0046,0.003,0.0483,0.0483,0.0019,0.0657,0.3115,0.0031,0.0072,0.028,0.4655,0.532,1.3516,4.3682,3,1994856992,1135721056,0,0,116476604,220,216,1,1,0,0,0,0
220,0.0446,1.319,0.6097,0.0026,0.6069,0.5988,0.0057,0.0012,0.1706,0.6795,0.0079,0.0048,0.005,0.1508,0.0058,0.0875,0.0047,0.0026,0.05,0.1085,0.0015,0.063,0.4598,0.0034,0.018,0.0228,0.3394,1.0109,1.9198,6.4146,4,1994856992,1135709088,1,0,116476604,221,217,1,1,0,0,0,0
221,0.0744,2.7994,1.3668,0.0068,1.3596,1.3427,0.0134,0.0016,0.4423,1.4011,0.0167,0.0091,0.0146,0.2419,0.0136,0.1765,0.0104,0.0165,0.1862,0.1493,0.0069,0.0817,0.8356,0.0061,0.0225,0.0266,0.526,0.4915,0.5177,5.0172,5,1994856992,1135710496,2,0,116476604,222,218,1,1,0,0,0,0
222,0.0402,1.3514,0.6575,0.0022,0.6551,0.6449,0.0077,0.0012,0.1865,0.6687,0.0075,0.0048,0.0051,0.1384,0.0091,0.1067,0.0053,0.0037,0.0542,0.0518,0.003,0.0731,0.4242,0.0056,0.0136,0.0256,0.37,1.3331,2.0655,6.8927,6,1994856992,1135720352,0,0,116476604,223,219,1,1,0,0,0,0
223,0.0662,2.1961,1.175,0.0059,1.1688,1.1532,0.0104,0.0027,0.2667,0.9911,0.0555,0.0107,0.0125,0.1663,0.0099,0.124,0.0081,0.0043,0.0951,0.0872,0.0028,0.1193,0.5919,0.0047,0.0172,0.0307,0.6229,0.4349,0.5367,4.3665,7,1994856992,1135721760,1,0,116476604,224,220,1,1,0,0,0,0
224,0.0408,1.6309,0.7409,0.0026,0.7381,0.7237,0.0094,0.0025,0.3146,0.8592,0.0111,0.007,0.0094,0.1318,0.0053,0.1305,0.0054,0.0041,0.0842,0.0557,0.0074,0.0697,0.4719,0.0046,0.0197,0.0198,0.6351,0.4362,1.8097,5.2318,0,1994856992,1135714720,2,0,116476604,225,221,1,1,0,0,0,0
225,0.0421,1.5418,0.7002,0.0021,0.6978,0.6848,0.0096,0.0014,0.3053,0.8209,0.01,0.0061,0.009,0.1577,0.0098,0.0839,0.0129,0.0085,0.0508,0.0722,0.0029,0.0656,0.4302,0.0071,0.0135,0.0211,0.3908,1.2111,1.9038,6.1037,1,1994856992,1135718944,0,0,116476604,226,222,1,1,0,0,0,0
226,0.0476,1.5604,0.7479,0.0031,0.7446,0.7347,0.0077,0.0011,0.2104,0.7886,0.0091,0.006,0.0072,0.143,0.0062,0.0953,0.0049,0.0151,0.1111,0.0684,0.0093,0.0803,0.4981,0.0053,0.0138,0.0336,0.4573,0.4389,0.3725,3.1756,2,1994856992,1135714016,1,0,116476604,227,223,1,1,0,0,0,0
227,0.052,4.3329,0.811,0.0027,0.8079,0.7928,0.0116,0.0016,0.3186,3.4259,0.0383,0.0287,0.0584,0.7848,0.0471,0.6238,0.0193,0.0192,0.4337,0.3045,0.0311,0.6048,2.7516,0.0493,0.0618,0.0792,2.0268,1.66,1.1546,9.9851,3,1994856992,1135721056,2,0,116476604,228,224,1,1,0,0,0,0
228,0.0511,1.6659,0.8544,0.0035,0.8504,0.8436,0.0048,0.001,0.2228,0.7805,0.0085,0.0047,0.0063,0.184,0.0191,0.0956,0.0079,0.0035,0.1131,0.0511,0.0079,0.0304,0.4742,0.0053,0.019,0.0342,0.4265,0.3267,0.3933,3.1623,4,1994856992,1135709088,0,0,116476604,229,225,1,1,0,0,0,0
229,0.0406,1.3439,0.7325,0.0025,0.7297,0.7208,0.0064,0.001,0.2091,0.5893,0.0076,0.0042,0.006,0.0849,0.0096,0.0693,0.0024,0.0064,0.0588,0.0596,0.0018,0.0529,0.3255,0.0032,0.0121,0.0197,0.323,0.4299,2.1262,5.5196,5,1994856992,1135710496,1,0,116476604,230,226,1,1,0,0,0,0
230,0.0484,1.4292,0.6868,0.0023,0.6842,0.6727,0.0088,0.0012,0.2741,0.7082,0.0139,0.0066,0.0094,0.1169,0.0105,0.069,0.0052,0.0048,0.0587,0.0555,0.0033,0.053,0.3531,0.0057,0.0209,0.0344,0.3556,0.3669,0.4405,2.9901,6,1994856992,1135720352,2,0,116476604,231,227,1,1,0,0,0,0
231,0.0415,1.2094,0.6491,0.0025,0.6462,0.6396,0.0048,0.0012,0.2048,0.5313,0.0083,0.0054,0.0066,0.0737,0.003,0.0315,0.0027,0.0032,0.054,0.0708,0.0022,0.0507,0.2807,0.0031,0.0166,0.0297,0.3023,0.3191,0.7773,3.1375,7,1994856992,1135721760,0,0,116476604,232,228,1,1,0,0,0,0
232,0.0549,2.0716,0.8706,0.0051,0.8651,0.8508,0.0115,0.0012,0.3222,1.1623,0.0109,0.0071,0.0101,0.2279,0.011,0.1656,0.0364,0.0052,0.1229,0.0817,0.0082,0.1228,0.7209,0.0066,0.0228,0.0399,0.5229,0.4358,0.454,3.8845,0,1994856992,1135714720,1,0,116476604,233,229,1,1,0,0,0,0
233,0.1725,4.3442,2.3104,0.0177,2.2917,2.2601,0.0232,0.004,0.7111,1.9954,0.0241,0.0154,0.0269,0.3517,0.021,0.232,0.01,0.008,0.1976,0.1951,0.0055,0.1508,1.1272,0.0071,0.024,0.0319,0.72,0.6154,0.7894,7.1014,1,1994856992,1135718944,2,0,116476604,234,230,1,1,0,0,0,0
234,0.0452,1.3684,0.7152,0.0028,0.7121,0.7047,0.0053,0.0011,0.2609,0.6236,0.0096,0.0047,0.0061,0.0985,0.0077,0.052,0.0076,0.0025,0.0466,0.0551,0.0021,0.0555,0.3077,0.0025,0.0168,0.0242,0.2496,0.2333,0.7526,3.1603,2,1994856992,1135714016,0,0,116476604,235,231,1,1,0,0,0,0
235,0.0401,1.4217,0.7034,0.0024,0.7008,0.6886,0.0085,0.0019,0.259,0.6872,0.0097,0.0061,0.0091,0.0977,0.0049,0.0815,0.0045,0.0085,0.067,0.06,0.0029,0.0544,0.3606,0.0049,0.017,0.0237,0.3786,0.5355,1.3754,4.2808,3,1994856992,1135721056,1,0,116476604,236,232,1,1,0,0,0,0
236,0.0441,1.6963,0.7489,0.0023,0.7463,0.7343,0.0095,0.0014,0.2504,0.9189,0.0096,0.0056,0.0101,0.1902,0.0187,0.1176,0.0092,0.0044,0.099,0.1065,0.0076,0.0651,0.5784,0.0042,0.0135,0.024,0.3605,0.3156,1.1895,3.9464,4,1994856992,1135709088,2,0,116476604,237,233,1,1,0,0,0,0
237,0.0394,1.5834,0.7163,0.0021,0.7139,0.7014,0.01,0.0011,0.305,0.8531,0.0095,0.0057,0.0096,0.132,0.0048,0.0851,0.0078,0.0035,0.0741,0.089,0.0065,0.1008,0.481,0.0021,0.0076,0.0132,0.3302,1.4812,2.742,8.9718,5,1994856992,1135710496,0,0,116476604,238,234,1,1,0,0,0,0
238,0.0441,1.3548,0.7491,0.0026,0.7462,0.7391,0.0049,0.0012,0.2,0.5712,0.009,0.0056,0.0055,0.0984,0.005,0.0656,0.0039,0.0025,0.058,0.0505,0.0016,0.0483,0.3208,0.0033,0.0186,0.0349,0.3236,0.3164,0.5088,2.8498,6,1994856992,1135720352,1,0,116476604,239,235,1,1,0,0,0,0
239,0.0407,1.5439,0.8094,0.0028,0.8063,0.7895,0.0135,0.0019,0.2384,0.707,0.0101,0.0054,0.0051,0.1353,0.0059,0.0715,0.005,0.0028,0.103,0.0463,0.0017,0.059,0.4151,0.003,0.0116,0.0214,0.2483,0.3585,1.4799,4.1529,7,1994856992,1135721760,2,0,116476604,240,236,1,1,0,0,0,0
240,0.0437,2.4123,0.5962,0.0027,0.5931,0.5836,0.0065,0.0015,0.2358,1.7447,0.0089,0.0051,0.0052,0.1423,0.0053,0.0547,0.0335,0.0152,0.4169,0.264,0.0121,0.5066,1.3845,0.0173,0.0423,0.0613,1.5751,1.497,1.5866,8.9621,0,1994856992,1135714720,0,0,116476604,241,237,1,1,0,0,0,0
241,0.0402,1.225,0.6085,0.0024,0.6059,0.5985,0.0049,0.001,0.1919,0.5882,0.0064,0.0042,0.0054,0.0853,0.0112,0.0724,0.0059,0.0027,0.0786,0.0606,0.0019,0.0445,0.3414,0.0033,0.0163,0.0277,0.2753,0.2957,0.4381,2.7126,1,1994856992,1135718944,1,0,116476604,242,238,1,1,0,0,0,0
242,0.0626,1.851,0.9416,0.0041,0.9372,0.9227,0.0114,0.0013,0.3048,0.889,0.0116,0.0064,0.0113,0.1556,0.0094,0.1061,0.0061,0.0049,0.0838,0.0668,0.0033,0.0951,0.5074,0.0046,0.0127,0.0182,0.4021,0.4387,0.474,3.5164,2,1994856992,1135714016,2,0,116476604,243,239,1,1,0,0,0,0
243,0.045,1.5244,0.7181,0.0022,0.7155,0.7024,0.0101,0.0015,0.2479,0.7894,0.0076,0.0038,0.005,0.0984,0.0153,0.1253,0.004,0.0028,0.1075,0.0745,0.0025,0.0769,0.4826,0.0042,0.0104,0.0192,0.6256,1.4414,3.0889,7.9162,3,1994856992,1135721056,0,0,116476604,244,240,1,1,0,0,0,0
244,0.0427,1.6073,0.8097,0.0028,0.8066,0.7946,0.0094,0.0013,0.2617,0.7555,0.0105,0.0063,0.0096,0.1461,0.0065,0.0761,0.0097,0.0178,0.0805,0.0568,0.0023,0.0463,0.4058,0.006,0.0232,0.0201,0.623,3.167,1.4295,10.8492,4,1994856992,1135709088,1,0,116476604,245,241,1,1,0,0,0,0
245,0.0538,1.4739,0.8115,0.0022,0.8091,0.8007,0.005,0.0019,0.2509,0.619,0.0098,0.0047,0.0058,0.096,0.0049,0.0486,0.0078,0.0039,0.0605,0.0516,0.0015,0.053,0.3097,0.0038,0.0271,0.0388,0.3011,0.5396,2.6795,8.5495,5,1994856992,1135710496,2,0,116476604,246,242,1,1,0,0,0,0
246,0.0631,2.1678,1.0002,0.0066,0.9933,0.9795,0.0107,0.0016,0.489,1.1331,0.0229,0.0137,0.0139,0.2182,0.0123,0.1,0.0081,0.0062,0.0909,0.0604,0.003,0.0579,0.5274,0.0062,0.0185,0.028,0.4769,0.5326,0.3828,4.3224,6,1994856992,1135720352,0,0,116476604,247,243,1,1,0,0,0,0
247,0.0589,1.6083,0.852,0.0028,0.8487,0.7541,0.0888,0.0035,0.3134,0.721,0.0107,0.0073,0.008,0.1431,0.0065,0.0494,0.0032,0.0047,0.0487,0.0471,0.0025,0.0442,0.3325,0.005,0.0215,0.032,0.2663,0.3789,0.269,3.0572,7,1994856992,1135721760,1,0,116476604,248,244,1,1,0,0,0,0
248,0.0596,2.324,1.0921,0.003,1.0885,1.0769,0.0089,0.0015,0.3657,1.1939,0.0135,0.0073,0.0278,0.2287,0.0098,0.1119,0.0069,0.0063,0.0805,0.2346,0.0047,0.061,0.7167,0.0072,0.0241,0.0381,1.3287,2.3093,1.6374,9.824,0,1994856992,1135714720,2,0,116476604,249,245,1,1,0,0,0,0
249,0.0624,1.6789,0.856,0.0057,0.8499,0.8376,0.0085,0.0016,0.3121,0.8029,0.0116,0.0077,0.0109,0.1856,0.0106,0.0671,0.0047,0.0042,0.0561,0.0535,0.0044,0.0517,0.414,0.0035,0.011,0.0192,0.3622,0.4121,0.4042,3.4411,1,1994856992,1135718944,0,0,116476604,250,246,1,1,0,0,0,0
250,0.049,1.4195,0.7738,0.0025,0.771,0.763,0.0059,0.0011,0.2129,0.6065,0.007,0.0053,0.0059,0.107,0.0065,0.0628,0.0047,0.0032,0.0609,0.0602,0.002,0.0517,0.3426,0.0038,0.0209,0.0333,0.3272,0.4257,0.3351,2.8152,2,1994856992,1135714016,1,0,116476604,251,247,1,1,0,0,0,0
251,0.0483,1.6478,0.7973,0.0026,0.7944,0.7818,0.0093,0.0019,0.2248,0.8225,0.0103,0.0044,0.0053,0.1672,0.0086,0.1382,0.0047,0.0026,0.0586,0.0861,0.0016,0.0926,0.5427,0.0026,0.0167,0.0194,0.2518,0.3164,0.2668,2.8018,3,1994856992,1135721056,2,0,116476604,252,248,1,1,0,0,0,0
252,0.0565,1.819,0.8853,0.0044,0.8806,0.872,0.0068,0.001,0.2066,0.8767,0.009,0.0052,0.0065,0.1117,0.0031,0.1175,0.0063,0.0095,0.1161,0.1161,0.0053,0.1424,0.6038,0.0058,0.0133,0.0407,0.6154,0.8973,0.405,4.291,4,1994856992,1135709088,0,0,116476604,253,249,1,1,0,0,0,0
253,0.0517,1.395,0.8142,0.0025,0.8115,0.8059,0.0036,0.0015,0.2431,0.5689,0.0091,0.0043,0.0063,0.0829,0.0033,0.0522,0.0024,0.0025,0.0502,0.048,0.0015,0.048,0.2813,0.0025,0.0044,0.0176,0.2936,0.2742,0.3381,2.6699,5,1994856992,1135710496,1,0,116476604,254,250,1,1,0,0,0,0
254,0.173,5.6797,2.3399,0.018,2.3207,2.2688,0.0406,0.0054,1.3232,3.3019,0.0245,0.0161,0.0346,0.5483,0.0393,0.2528,0.0152,0.018,0.4453,0.268,0.0155,0.2383,1.7527,0.0137,0.0234,0.0328,0.9832,0.9752,0.6389,9.2487,6,1994856992,1135720352,2,0,116476604,255,251,1,1,0,0,0,0
255,0.0448,1.5485,0.707,0.0023,0.7044,0.6945,0.0077,0.0013,0.2646,0.827,0.0109,0.0057,0.0097,0.1278,0.013,0.0933,0.0057,0.0046,0.0909,0.0899,0.0033,0.0855,0.4874,0.0036,0.0062,0.0198,0.4026,0.6598,1.689,5.4883,7,1994856992,1135721760,0,0,116476604,256,252,1,1,0,0,0,0
256,0.0495,1.5338,0.7817,0.0029,0.7785,0.77,0.0055,0.0016,0.2264,0.7222,0.0084,0.0058,0.006,0.1002,0.0075,0.1152,0.0059,0.0025,0.0755,0.0616,0.0025,0.0857,0.4382,0.0046,0.0223,0.0161,0.409,0.4011,0.3095,2.9692,0,1994856992,1135714720,1,0,116476604,257,253,1,1,0,0,0,0
257,0.0775,2.1932,1.0827,0.0062,1.0762,1.0614,0.0111,0.0016,0.2909,1.0817,0.0128,0.0065,0.0089,0.1493,0.0066,0.2713,0.0103,0.005,0.1294,0.104,0.0034,0.0581,0.7121,0.0053,0.0182,0.026,0.5848,0.502,0.6987,4.406,1,1994856992,1135718944,2,0,116476604,258,254,1,1,0,0,0,0
258,0.0412,1.3587,0.7038,0.0025,0.7011,0.6926,0.0062,0.0015,0.1735,0.621,0.008,0.0046,0.0059,0.1032,0.0026,0.0583,0.0087,0.0028,0.0999,0.0809,0.0016,0.0554,0.3977,0.0028,0.0194,0.0293,0.3029,0.31,0.4342,2.7298,2,1994856992,1135714016,0,0,116476604,259,255,1,1,0,0,0,0
259,0.0476,1.4487,0.682,0.0025,0.6792,0.6684,0.0076,0.0016,0.2219,0.7411,0.0088,0.006,0.0054,0.1641,0.007,0.1071,0.0084,0.0046,0.0795,0.0532,0.0036,0.0538,0.4577,0.0041,0.0141,0.0306,0.4728,0.4055,1.2258,4.0971,3,1994856992,1135721056,1,0,116476604,260,256,1,1,0,0,0,0
260,0.0426,1.338,0.6838,0.0022,0.6812,0.6686,0.0098,0.0015,0.2126,0.6171,0.0095,0.0044,0.0052,0.0868,0.0087,0.0787,0.004,0.0032,0.0628,0.0574,0.0018,0.0536,0.3393,0.0135,0.0211,0.0331,0.353,0.4282,2.1265,4.9272,4,1994856992,1135709088,2,0,116476604,261,257,1,1,0,0,0,0
261,0.04,1.5495,0.7362,0.0023,0.7337,0.7215,0.0095,0.0012,0.2431,0.794,0.0096,0.0059,0.0105,0.1261,0.006,0.0855,0.0167,0.0088,0.0927,0.08,0.0026,0.0816,0.4659,0.0059,0.0112,0.0182,0.3199,0.3718,1.4392,4.101,5,1994856992,1135710496,0,0,116476604,262,258,1,1,0,0,0,0
262,0.0447,1.7982,0.7298,0.0029,0.7266,0.7122,0.011,0.0013,0.3265,1.0472,0.011,0.0066,0.0106,0.1701,0.0186,0.1022,0.0044,0.0064,0.0737,0.183,0.0077,0.1,0.629,0.0048,0.0133,0.0206,0.2966,0.3658,0.2884,3.1015,6,1994856992,1135720352,1,0,116476604,263,259,1,1,0,0,0,0
263,0.0414,1.5081,0.7366,0.0023,0.734,0.727,0.0053,0.0011,0.2413,0.7471,0.0092,0.0065,0.0099,0.1627,0.0055,0.0873,0.0057,0.0033,0.0659,0.0643,0.0031,0.0623,0.4425,0.0042,0.0118,0.0249,0.4196,1.1474,1.7533,6.2075,7,1994856992,1135721760,2,0,116476604,264,260,1,1,0,0,0,0
264,0.0397,1.5399,0.7469,0.0029,0.7438,0.7316,0.0096,0.0012,0.2154,0.7781,0.0075,0.0045,0.0049,0.1451,0.0092,0.1386,0.0064,0.0154,0.0717,0.0882,0.0022,0.0519,0.4955,0.0023,0.0091,0.0142,0.3337,0.7468,2.1214,5.9809,0,1994856992,1135714720,0,0,116476604,265,261,1,1,0,0,0,0
265,0.0419,1.8528,0.7424,0.0022,0.74,0.7265,0.0106,0.0013,0.5437,1.0806,0.0247,0.0118,0.0148,0.1632,0.0116,0.0607,0.0055,0.0037,0.0782,0.0674,0.003,0.0513,0.4208,0.0082,0.0175,0.0258,0.4402,1.6911,2.2085,8.5958,1,1994856992,1135718944,1,0,116476604,266,262,1,1,0,0,0,0
266,0.0552,1.6274,0.7878,0.0055,0.782,0.7701,0.0091,0.0013,0.2904,0.8111,0.0099,0.0067,0.0104,0.1234,0.0101,0.1466,0.0151,0.0037,0.0835,0.0427,0.0033,0.0389,0.4351,0.006,0.0164,0.0282,0.4682,0.5309,0.3417,3.3651,2,1994856992,1135714016,2,0,116476604,267,263,1,1,0,0,0,0
267,0.0425,1.4309,0.6934,0.0027,0.6905,0.6793,0.008,0.0017,0.2251,0.706,0.0081,0.0041,0.0051,0.1227,0.0091,0.0848,0.0107,0.0047,0.0828,0.0641,0.0033,0.0625,0.4169,0.0046,0.0189,0.0325,0.3662,0.4328,1.5948,4.2023,3,1994856992,1135721056,0,0,116476604,268,264,1,1,0,0,0,0
268,0.04,1.3371,0.6722,0.0025,0.6695,0.662,0.0056,0.0008,0.2138,0.6319,0.0083,0.0047,0.0048,0.0942,0.0097,0.0851,0.0046,0.0054,0.0611,0.0621,0.0019,0.0548,0.3573,0.0049,0.0206,0.0367,0.3871,0.4924,1.0002,3.7266,4,1994856992,1135709088,1,0,116476604,269,265,1,1,0,0,0,0
269,0.0423,1.427,0.6705,0.0027,0.6671,0.6601,0.0056,0.0008,0.1797,0.739,0.0072,0.0038,0.0065,0.1218,0.0055,0.0997,0.0052,0.0046,0.0987,0.0937,0.0034,0.0917,0.5056,0.0041,0.0091,0.0186,0.4256,0.4277,0.4256,3.1374,5,1994856992,1135710496,2,0,116476604,270,266,1,1,0,0,0,0
270,0.0807,2.496,1.3274,0.0077,1.3192,1.3004,0.0142,0.0019,0.3893,1.1373,0.0152,0.009,0.0114,0.1788,0.006,0.1299,0.0233,0.0088,0.132,0.0965,0.0043,0.097,0.6342,0.0046,0.0171,0.0336,0.6057,0.4835,0.4565,4.5122,6,1994856992,1135720352,0,0,116476604,271,267,1,1,0,0,0,0
271,0.0411,1.5221,0.7476,0.0024,0.745,0.735,0.0072,0.0014,0.2994,0.7504,0.0112,0.006,0.0113,0.1418,0.0093,0.0695,0.0029,0.0034,0.058,0.0621,0.002,0.0534,0.3848,0.0024,0.0131,0.0312,0.3741,0.3618,1.6173,4.32,7,1994856992,1135721760,1,0,116476604,272,268,1,1,0,0,0,0
272,0.0444,1.5975,0.8232,0.0022,0.8207,0.8081,0.0095,0.0013,0.2738,0.6735,0.0122,0.0074,0.0094,0.0874,0.0052,0.0634,0.0106,0.0048,0.0581,0.0557,0.0033,0.057,0.3216,0.0046,0.0195,0.0183,0.3488,0.5739,0.2706,3.1413,0,1994856992,1135714720,2,0,116476604,273,269,1,1,0,0,0,0
273,0.0408,1.3656,0.7393,0.0023,0.7368,0.7256,0.0084,0.001,0.2265,0.5948,0.0091,0.0062,0.0059,0.1005,0.003,0.0539,0.0021,0.0086,0.0527,0.056,0.0022,0.0508,0.3139,0.0038,0.0192,0.038,0.4416,0.461,0.3622,3.2441,1,1994856992,1135718944,0,0,116476604,274,270,1,1,0,0,0,0
274,0.0396,1.3958,0.6574,0.0031,0.6541,0.6469,0.0056,0.0008,0.2707,0.7062,0.0104,0.0063,0.0074,0.1106,0.0074,0.0689,0.0034,0.0032,0.0652,0.0642,0.0023,0.0679,0.3768,0.0048,0.0233,0.0168,0.366,0.4968,0.3549,3.0859,2,1994856992,1135714016,1,0,116476604,275,271,1,1,0,0,0,0
275,0.0532,1.6587,0.7478,0.0049,0.7426,0.7316,0.008,0.0014,0.277,0.8908,0.0104,0.0053,0.0092,0.1462,0.0052,0.0971,0.0119,0.0227,0.0958,0.1231,0.0038,0.062,0.5242,0.0046,0.0116,0.0201,0.4243,0.4392,0.3114,3.393,3,1994856992,1135721056,2,0,116476604,276,272,1,1,0,0,0,0
276,0.0639,2.2181,0.7471,0.0033,0.7433,0.7346,0.0068,0.0009,0.2002,1.3843,0.0102,0.0052,0.0054,0.1787,0.0158,0.091,0.0063,0.0145,0.0971,0.3752,0.0322,0.3116,1.0536,0.0165,0.047,0.0823,1.615,1.5589,1.5374,8.2892,4,1994856992,1135709088,0,0,116476604,277,273,1,1,0,0,0,0
277,0.0444,1.4052,0.6705,0.0025,0.6676,0.6583,0.0062,0.0015,0.2182,0.7084,0.0077,0.0041,0.0065,0.1172,0.0046,0.071,0.0037,0.0022,0.0791,0.0604,0.0016,0.1136,0.4413,0.0069,0.0176,0.0177,0.3601,0.3602,1.0933,3.7739,5,1994856992,1135710496,1,0,116476604,278,274,1,1,0,0,0,0
278,0.0446,1.7497,0.7394,0.0021,0.7368,0.7241,0.0098,0.0012,0.2764,0.9785,0.0124,0.0075,0.0097,0.1728,0.0163,0.1191,0.0089,0.0129,0.1047,0.1083,0.0069,0.0926,0.5975,0.0076,0.0217,0.0264,0.4069,0.3313,0.4032,3.2996,6,1994856992,1135720352,2,0,116476604,279,275,1,1,0,0,0,0
279,0.0442,1.9489,0.8017,0.0027,0.7988,0.7844,0.0106,0.0016,0.2633,1.1105,0.012,0.0057,0.0068,0.1419,0.0122,0.1172,0.0065,0.0078,0.0919,0.272,0.0101,0.1358,0.7588,0.0063,0.0231,0.0288,0.9826,1.5062,1.7913,7.8705,7,1994856992,1135721760,0,0,116476604,280,276,1,1,0,0,0,0
280,0.0711,2.1792,0.9521,0.0204,0.9314,0.9158,0.0113,0.0018,0.3695,1.1966,0.0143,0.0125,0.0138,0.2129,0.0128,0.1371,0.006,0.0068,0.1212,0.1375,0.0054,0.1203,0.729,0.0056,0.0187,0.0287,0.5438,0.4749,0.4127,4.0357,0,1994856992,1135714720,1,0,116476604,281,277,1,1,0,0,0,0
281,0.045,1.7722,0.6849,0.0026,0.682,0.6683,0.0093,0.0026,0.318,1.05,0.0095,0.005,0.0059,0.2035,0.0061,0.2134,0.0099,0.0038,0.0968,0.0768,0.0085,0.0668,0.6573,0.0055,0.0213,0.0291,0.4561,0.8051,1.6764,6.1391,1,1994856992,1135718944,2,0,116476604,282,278,1,1,0,0,0,0
282,0.0436,1.4831,0.6898,0.0025,0.687,0.679,0.0059,0.0013,0.2153,0.7777,0.0219,0.0134,0.0109,0.1647,0.0065,0.0798,0.0136,0.003,0.0661,0.0659,0.0069,0.0816,0.4581,0.0035,0.0102,0.015,0.2675,0.2474,0.2451,2.5118,2,1994856992,1135714016,0,0,116476604,283,279,1,1,0,0,0,0
283,0.0629,2.0402,0.9483,0.0028,0.945,0.9277,0.013,0.0023,0.3801,1.0666,0.015,0.0083,0.0147,0.1734,0.005,0.1237,0.0038,0.004,0.1248,0.1102,0.0031,0.0733,0.6054,0.004,0.0148,0.0252,0.4959,0.5896,0.3009,3.8072,3,1994856992,1135721056,1,0,116476604,284,280,1,1,0,0,0,0
284,0.0617,1.7873,0.9148,0.0046,0.9097,0.8982,0.0086,0.0013,0.3036,0.818,0.0134,0.0082,0.0107,0.1581,0.0079,0.0798,0.0048,0.0054,0.069,0.061,0.0027,0.0663,0.4342,0.0051,0.0321,0.057,0.6055,0.7747,0.608,4.3805,4,1994856992,1135709088,2,0,116476604,285,281,1,1,0,0,0,0
285,0.04,3.5857,0.7087,0.0024,0.7058,0.6935,0.0098,0.0012,0.4279,2.8012,0.0098,0.0063,0.0102,0.2003,0.0095,0.3565,0.0353,0.0218,0.6538,0.4905,0.0563,0.4537,2.1548,0.0305,0.0496,0.0692,1.6662,1.4112,1.1248,8.8589,5,1994856992,1135710496,0,0,116476604,286,282,1,1,0,0,0,0
286,0.0397,1.6394,0.7325,0.0021,0.73,0.7177,0.0093,0.0013,0.2907,0.8827,0.0096,0.0063,0.0091,0.1436,0.0169,0.0758,0.005,0.0093,0.101,0.0838,0.0068,0.0985,0.5027,0.0068,0.0145,0.021,0.3844,0.268,0.2147,2.793,6,1994856992,1135720352,1,0,116476604,287,283,1,1,0,0,0,0
287,0.0458,1.5978,0.774,0.0031,0.7706,0.7614,0.0071,0.0009,0.2435,0.7952,0.0199,0.0114,0.0097,0.1644,0.0197,0.068,0.0052,0.0043,0.0703,0.0702,0.0019,0.0746,0.4475,0.004,0.0163,0.0257,0.3907,0.2818,0.2373,2.7899,7,1994856992,1135721760,2,0,116476604,288,284,1,1,0,0,0,0
288,0.0511,1.7908,0.8136,0.0023,0.811,0.8033,0.0057,0.0013,0.347,0.9532,0.0231,0.0135,0.0126,0.1305,0.0055,0.0646,0.0039,0.005,0.1016,0.1053,0.0032,0.0969,0.4989,0.0043,0.0125,0.0275,0.3838,0.4108,0.514,3.5154,0,1994856992,1135714720,0,0,116476604,289,285,1,1,0,0,0,0
289,0.0485,1.4108,0.6769,0.0032,0.6733,0.6644,0.0063,0.0015,0.2164,0.694,0.0084,0.0052,0.0052,0.0988,0.0072,0.1055,0.0065,0.0056,0.0786,0.0645,0.0021,0.0573,0.4047,0.0169,0.0244,0.0229,0.3376,1.0381,1.957,6.2452,1,1994856992,1135718944,1,0,116476604,290,286,1,1,0,0,0,0
290,0.0455,3.4787,0.7013,0.0031,0.6979,0.6896,0.0058,0.0011,0.1928,2.6716,0.008,0.0052,0.0057,0.0676,0.0038,0.1084,0.0089,0.0413,0.5927,0.4841,0.0658,1.0107,2.2635,0.041,0.0666,0.0852,2.0084,2.0532,1.2844,10.012,2,1994856992,1135714016,2,0,116476604,291,287,1,1,0,0,0,0
291,0.0463,1.5979,0.7087,0.0025,0.7059,0.6985,0.0049,0.0009,0.1943,0.8587,0.0082,0.0045,0.0056,0.2199,0.0251,0.1361,0.0043,0.0128,0.078,0.096,0.0061,0.0444,0.5744,0.005,0.0198,0.0357,1.5034,1.6601,1.6003,7.5747,3,1994856992,1135721056,0,0,116476604,292,288,1,1,0,0,0,0
292,0.0546,1.1914,0.7527,0.0034,0.7491,0.7415,0.0055,0.0011,0.1976,0.4172,0.0087,0.0052,0.005,0.0628,0.0026,0.0299,0.0021,0.0017,0.0297,0.0285,0.0015,0.0278,0.1787,0.0023,0.0119,0.0217,0.3331,0.3674,0.6838,3.1288,4,1994856992,1135709088,1,0,116476604,293,289,1,1,0,0,0,0
293,0.0615,1.7477,0.9252,0.0047,0.9203,0.911,0.0064,0.0015,0.2198,0.7955,0.01,0.0068,0.0069,0.158,0.0198,0.133,0.0098,0.0064,0.0884,0.0604,0.004,0.0474,0.4872,0.0061,0.0186,0.018,0.3262,0.5046,1.7135,4.9226,5,1994856992,1135710496,2,0,116476604,294,290,1,1,0,0,0,0
294,0.0543,1.8271,0.7977,0.0044,0.793,0.781,0.0093,0.0016,0.327,0.9954,0.0124,0.0105,0.0147,0.2157,0.019,0.092,0.0046,0.0119,0.0903,0.0626,0.0038,0.0967,0.5573,0.0104,0.0212,0.0307,0.5291,0.5686,0.6079,4.0016,6,1994856992,1135720352,0,0,116476604,295,291,1,1,0,0,0,0
295,0.0479,1.4034,0.7828,0.0027,0.7798,0.7699,0.0072,0.0013,0.2477,0.5919,0.01,0.0054,0.0091,0.0812,0.0119,0.0434,0.0039,0.0041,0.0667,0.0434,0.0028,0.0422,0.2769,0.0038,0.0133,0.0304,0.2586,0.2566,0.3051,2.5044,7,1994856992,1135721760,1,0,116476604,296,292,1,1,0,0,0,0
296,0.0421,1.2304,0.6085,0.0024,0.6058,0.6001,0.0042,0.001,0.2463,0.5839,0.0122,0.0059,0.0073,0.0831,0.0091,0.0522,0.005,0.004,0.0483,0.047,0.0025,0.0407,0.2713,0.0027,0.0211,0.0408,0.312,1.165,1.9566,5.9356,0,1994856992,1135714720,2,0,116476604,297,293,1,1,0,0,0,0
297,0.045,1.3148,0.6577,0.0025,0.6548,0.6465,0.0061,0.0015,0.2452,0.6287,0.0086,0.0051,0.0057,0.1037,0.005,0.0652,0.0046,0.0036,0.055,0.0471,0.002,0.0532,0.3242,0.0031,0.0118,0.047,0.3293,0.453,1.8475,4.474,1,1994856992,1135718944,0,0,116476604,298,294,1,1,0,0,0,0
298,0.0741,1.9181,1.1259,0.0068,1.1184,1.1023,0.012,0.0019,0.2843,0.7555,0.0144,0.0079,0.0097,0.1325,0.007,0.0718,0.0044,0.0036,0.0557,0.0752,0.003,0.0589,0.3941,0.0034,0.0207,0.0209,0.3478,0.4212,0.3145,3.4304,2,1994856992,1135714016,1,0,116476604,299,295,1,1,0,0,0,0
299,0.0467,1.2796,0.6595,0.0026,0.6567,0.6505,0.0049,0.0007,0.1774,0.5811,0.0086,0.0052,0.0057,0.0782,0.0055,0.049,0.0055,0.0048,0.061,0.1107,0.0024,0.0493,0.3482,0.0046,0.0239,0.0336,0.2895,0.5191,0.8845,3.5991,3,1994856992,1135721056,2,0,116476604,300,296,1,1,0,0,0,0
300,0.0571,1.5879,0.8378,0.0026,0.8347,0.8264,0.0061,0.0011,0.2577,0.7299,0.0097,0.0059,0.0081,0.1523,0.0092,0.0981,0.0062,0.0026,0.0592,0.0536,0.002,0.0446,0.4078,0.0041,0.0119,0.0173,0.3269,0.3745,0.4202,3.1883,4,1994856992,1135709088,0,0,116476604,301,297,1,1,0,0,0,0
301,0.0706,1.9362,0.8508,0.0072,0.843,0.8289,0.0106,0.0017,0.3741,1.056,0.0146,0.008,0.0156,0.2216,0.0134,0.0697,0.0049,0.0072,0.0639,0.1329,0.0045,0.0969,0.585,0.0072,0.0189,0.027,0.4498,0.5057,0.5134,4.1163,5,1994856992,1135710496,1,0,116476604,302,298,1,1,0,0,0,0
302,0.0418,1.2306,0.6493,0.003,0.6461,0.64,0.0048,0.0008,0.2213,0.5446,0.0088,0.0049,0.0055,0.0815,0.0056,0.0422,0.0038,0.0044,0.0449,0.0608,0.0018,0.0403,0.2697,0.0033,0.0209,0.0356,0.302,0.3103,0.2731,2.4776,6,1994856992,1135720352,2,0,116476604,303,299,1,1,0,0,0,0
303,0.0474,1.4395,0.7365,0.0035,0.7328,0.7231,0.0071,0.0012,0.2152,0.6757,0.0085,0.0054,0.0064,0.1113,0.0086,0.0923,0.0049,0.0031,0.0806,0.0398,0.0024,0.0763,0.4003,0.0056,0.0134,0.0275,0.3279,0.4296,0.345,3.0371,7,1994856992,1135721760,0,0,116476604,304,300,1,1,0,0,0,0
304,0.0868,2.2284,1.1781,0.0081,1.1692,1.1529,0.0121,0.0023,0.3542,1.0152,0.0136,0.0107,0.0172,0.2525,0.0082,0.0452,0.0074,0.005,0.0484,0.0752,0.0069,0.135,0.5563,0.0094,0.0209,0.0294,0.6738,0.7114,0.7273,5.2142,0,1994856992,1135714720,1,0,116476604,305,301,1,1,0,0,0,0
305,0.11,2.6796,1.2685,0.0116,1.2565,1.2326,0.0187,0.0023,0.505,1.3776,0.0191,0.0125,0.0152,0.262,0.0177,0.1416,0.007,0.0089,0.1009,0.08,0.0047,0.1701,0.7546,0.0053,0.0206,0.0329,0.7092,0.5666,0.7022,5.1863,1,1994856992,1135718944,2,0,116476604,306,302,1,1,0,0,0,0
306,0.053,1.4761,0.7387,0.0028,0.7356,0.7275,0.0061,0.0011,0.2175,0.6908,0.0094,0.0056,0.007,0.1023,0.0077,0.0873,0.0051,0.007,0.0818,0.0711,0.0021,0.0679,0.4104,0.0051,0.0244,0.0225,0.3815,0.4966,1.6701,4.3664,2,1994856992,1135714016,0,0,116476604,307,303,1,1,0,0,0,0
307,0.0689,2.516,1.2667,0.0043,1.2621,1.2469,0.0104,0.003,0.3599,1.2002,0.0179,0.0078,0.0095,0.1623,0.0094,0.1616,0.0107,0.0099,0.1541,0.1022,0.0041,0.1478,0.728,0.0111,0.0283,0.0361,0.5943,0.9544,2.2424,7.7024,3,1994856992,1135721056,1,0,116476604,308,304,1,1,0,0,0,0
308,0.0515,1.1686,0.6155,0.0021,0.6129,0.6075,0.0036,0.0012,0.2042,0.5381,0.0072,0.0038,0.0052,0.0796,0.0094,0.0441,0.003,0.0023,0.0527,0.0594,0.0017,0.0509,0.2867,0.0028,0.0081,0.0173,0.3118,0.3832,0.3384,2.5439,4,1994856992,1135709088,2,0,116476604,309,305,1,1,0,0,0,0
309,0.0399,1.1878,0.659,0.0023,0.6562,0.6496,0.0043,0.0015,0.2098,0.5142,0.0072,0.0036,0.0057,0.0869,0.0045,0.0535,0.0024,0.0024,0.0497,0.0381,0.0016,0.0337,0.2619,0.0034,0.0059,0.0209,0.2821,1.3191,1.7322,5.846,5,1994856992,1135710496,0,0,116476604,310,306,1,1,0,0,0,0
310,0.0429,1.2139,0.6149,0.0029,0.6118,0.6068,0.0037,0.0008,0.1813,0.5729,0.0081,0.0039,0.006,0.0952,0.0061,0.062,0.0052,0.0032,0.0632,0.0614,0.0024,0.0595,0.3413,0.0031,0.0129,0.0262,0.3379,0.3439,0.3981,2.7265,6,1994856992,1135720352,1,0,116476604,311,307,1,1,0,0,0,0
311,0.0498,1.6521,0.771,0.0039,0.7669,0.7532,0.0105,0.0017,0.3007,0.8622,0.0096,0.0053,0.0073,0.1793,0.0194,0.0707,0.0055,0.0036,0.0987,0.0773,0.0026,0.0653,0.4913,0.0028,0.011,0.0158,0.3631,0.3976,0.3922,3.3396,7,1994856992,1135721760,2,0,116476604,312,308,1,1,0,0,0,0
312,0.044,4.7275,1.6127,0.0026,1.6099,1.5654,0.0312,0.0068,1.0364,3.0354,0.0359,0.0246,0.041,0.5023,0.022,0.4791,0.0137,0.0588,0.3174,0.2097,0.0125,0.1903,1.6988,0.0224,0.0481,0.0707,1.2622,1.5119,1.0557,10.0746,0,1994856992,1135714720,0,0,116476604,313,309,1,1,0,0,0,0
313,0.0439,1.3875,0.7226,0.0024,0.7195,0.7142,0.0039,0.0008,0.189,0.6343,0.0076,0.0044,0.0059,0.1351,0.0033,0.0837,0.0108,0.0045,0.065,0.0507,0.0032,0.0504,0.3849,0.0059,0.0174,0.0332,0.4387,0.3279,0.3349,2.9482,1,1994856992,1135718944,1,0,116476604,314,310,1,1,0,0,0,0
314,0.0721,2.2458,0.9576,0.0078,0.9495,0.9393,0.0072,0.0018,0.3879,1.2626,0.0114,0.008,0.013,0.2528,0.0129,0.1615,0.0067,0.0043,0.133,0.1501,0.0167,0.0753,0.7727,0.0055,0.0141,0.0279,0.534,0.5604,0.4577,4.2637,2,1994856992,1135714016,2,0,116476604,315,311,1,1,0,0,0,0
315,0.0429,1.3885,0.7509,0.0026,0.7481,0.7406,0.0054,0.0015,0.1858,0.6126,0.0076,0.0042,0.0055,0.0753,0.0027,0.1034,0.002,0.0039,0.0909,0.0494,0.0018,0.0657,0.3847,0.0028,0.0119,0.0337,0.4921,0.5076,0.2692,2.9663,3,1994856992,1135721056,0,0,116476604,316,312,1,1,0,0,0,0
316,0.0575,4.4505,0.6744,0.0029,0.6713,0.6663,0.0038,0.0008,0.7107,3.7146,0.033,0.0188,0.0388,0.6664,0.0625,0.538,0.0318,0.0346,0.4901,0.6074,0.0305,0.3512,2.6531,0.0297,0.034,0.0637,1.9821,1.4472,0.9327,9.6081,4,1994856992,1135709088,1,0,116476604,317,313,1,1,0,0,0,0
317,0.0678,3.2422,1.4036,0.007,1.3963,1.3801,0.0121,0.0018,0.6345,1.7874,0.0325,0.0262,0.0184,0.5114,0.0094,0.1304,0.0074,0.009,0.0826,0.201,0.0049,0.071,0.9964,0.013,0.0312,0.0359,0.7508,2.205,1.9671,9.784,5,1994856992,1135710496,2,0,116476604,318,314,1,1,0,0,0,0
318,0.0509,1.6075,0.7765,0.0043,0.7719,0.7618,0.0073,0.0012,0.2475,0.8137,0.0106,0.0057,0.0084,0.1243,0.015,0.1132,0.0048,0.0039,0.0906,0.0833,0.0031,0.0826,0.494,0.0033,0.0101,0.0163,0.3844,0.3836,0.3602,3.087,6,1994856992,1135720352,0,0,116476604,319,315,1,1,0,0,0,0
319,0.0466,1.5192,0.7268,0.0033,0.7233,0.7117,0.0092,0.0015,0.2598,0.769,0.0113,0.0058,0.0098,0.13,0.0074,0.0837,0.0097,0.0198,0.0793,0.0392,0.0056,0.079,0.4112,0.0095,0.0154,0.022,0.4151,0.4869,0.3627,3.1131,7,1994856992,1135721760,1,0,116476604,320,316,1,1,0,0,0,0
320,0.0487,1.8855,0.7829,0.0028,0.7798,0.7679,0.0085,0.0015,0.3242,1.0699,0.0146,0.0148,0.0138,0.1929,0.0072,0.1125,0.0055,0.0035,0.1652,0.1101,0.0044,0.0748,0.6555,0.0058,0.0188,0.0312,0.4801,0.3572,0.4065,3.7587,0,1994856992,1135714720,2,0,116476604,321,317,1,1,0,0,0,0
321,0.0454,1.5348,0.7587,0.0027,0.7558,0.7417,0.0109,0.0014,0.223,0.7454,0.0083,0.0045,0.0054,0.0992,0.0144,0.1343,0.0085,0.0034,0.0949,0.0632,0.002,0.0658,0.4574,0.004,0.0134,0.0294,0.404,0.4194,0.3498,3.0763,1,1994856992,1135718944,0,0,116476604,322,318,1,1,0,0,0,0
322,0.038,1.459,0.7154,0.0021,0.713,0.7009,0.0095,0.0012,0.2111,0.7218,0.0076,0.0037,0.0055,0.1118,0.0135,0.0908,0.0045,0.0025,0.0981,0.072,0.0014,0.0823,0.455,0.0038,0.0133,0.0276,0.2897,0.2834,1.1032,3.7838,2,1994856992,1135714016,1,0,116476604,323,319,1,1,0,0,0,0
323,0.0444,1.7749,0.7157,0.0024,0.7131,0.7,0.01,0.0016,0.2923,1.0209,0.011,0.0069,0.0071,0.2116,0.0292,0.1736,0.0105,0.0054,0.1334,0.0503,0.0018,0.0554,0.6243,0.01,0.0228,0.0297,0.4929,1.1636,1.9209,6.7366,3,1994856992,1135721056,2,0,116476604,324,320,1,1,0,0,0,0
324,0.0414,1.4922,0.7365,0.0025,0.7338,0.7238,0.0083,0.0008,0.1975,0.7225,0.0091,0.0061,0.006,0.1368,0.0079,0.1094,0.0124,0.004,0.0945,0.0539,0.0046,0.0588,0.4534,0.0056,0.0188,0.0332,0.4461,0.3968,0.3612,3.0136,4,1994856992,1135709088,0,0,116476604,325,321,1,1,0,0,0,0
325,0.0454,1.3038,0.6441,0.0023,0.6415,0.6361,0.0037,0.0011,0.1759,0.6291,0.0076,0.0048,0.0059,0.1157,0.0098,0.0663,0.0069,0.0059,0.0805,0.0682,0.0024,0.0609,0.3916,0.0041,0.0191,0.029,0.2922,0.2991,1.7699,4.2517,5,1994856992,1135710496,1,0,116476604,326,322,1,1,0,0,0,0
326,0.0468,1.6289,0.6629,0.0029,0.6596,0.6501,0.0069,0.001,0.2434,0.9442,0.0079,0.0045,0.006,0.2268,0.0154,0.1079,0.0064,0.0023,0.0943,0.1103,0.0023,0.0988,0.6381,0.004,0.0134,0.0196,0.3253,0.3882,0.365,3.1661,6,1994856992,1135720352,2,0,116476604,327,323,1,1,0,0,0,0
327,0.0376,1.2649,0.6187,0.0022,0.6162,0.6113,0.0039,0.0007,0.1969,0.6241,0.007,0.0035,0.0049,0.1298,0.0089,0.0908,0.0046,0.0034,0.0537,0.0503,0.0031,0.0512,0.3758,0.004,0.0081,0.0308,0.2922,1.8149,1.8313,7.4479,7,1994856992,1135721760,0,0,116476604,328,324,1,1,0,0,0,0
328,0.0586,1.6656,0.8661,0.0049,0.861,0.8479,0.0098,0.0016,0.2722,0.7727,0.01,0.0068,0.0095,0.1368,0.006,0.0608,0.0056,0.0034,0.0589,0.1015,0.0031,0.0745,0.4325,0.006,0.019,0.0182,0.3028,0.4068,1.9308,5.4582,0,1994856992,1135714720,1,0,116476604,329,325,1,1,0,0,0,0
329,0.0557,1.2928,0.6328,0.0024,0.6301,0.6221,0.0056,0.001,0.1771,0.6288,0.0079,0.005,0.0057,0.1549,0.0063,0.0677,0.0072,0.004,0.064,0.0549,0.0017,0.053,0.3945,0.0026,0.0177,0.0308,0.3764,0.3139,0.2365,2.5244,1,1994856992,1135718944,2,0,116476604,330,326,1,1,0,0,0,0
330,0.0758,2.0325,0.9674,0.0081,0.9588,0.9457,0.0096,0.0017,0.4398,1.0324,0.0138,0.0112,0.02,0.2027,0.0077,0.0942,0.0044,0.0043,0.0739,0.063,0.004,0.0662,0.5,0.0042,0.0168,0.0318,0.5622,0.6538,0.6049,4.5426,2,1994856992,1135714016,0,0,116476604,331,327,1,1,0,0,0,0
331,0.0408,1.2653,0.6468,0.0021,0.6445,0.632,0.0098,0.0014,0.203,0.5951,0.008,0.0047,0.0054,0.0845,0.0099,0.0538,0.0039,0.0092,0.0681,0.0742,0.0019,0.0541,0.3347,0.0029,0.0133,0.029,0.297,0.2743,0.5264,2.6695,3,1994856992,1135721056,1,0,116476604,332,328,1,1,0,0,0,0
332,0.0384,1.5782,0.6776,0.0024,0.675,0.662,0.0102,0.0012,0.2092,0.8783,0.0071,0.0035,0.0056,0.1181,0.0079,0.1428,0.0123,0.0099,0.1219,0.115,0.0042,0.0969,0.5947,0.0074,0.0137,0.0218,0.4551,0.4109,0.2621,3.1025,4,1994856992,1135709088,2,0,116476604,333,329,1,1,0,0,0,0
333,0.0389,1.6187,0.708,0.0025,0.7052,0.6922,0.0099,0.0012,0.2814,0.8851,0.0108,0.0062,0.011,0.2115,0.0073,0.0664,0.0085,0.0041,0.0801,0.0782,0.0128,0.0818,0.518,0.0047,0.0175,0.0239,0.3504,0.4492,0.3194,3.0502,5,1994856992,1135710496,0,0,116476604,334,330,1,1,0,0,0,0
334,0.0404,1.4417,0.8509,0.0022,0.8485,0.8363,0.0099,0.0011,0.208,0.5625,0.0077,0.0039,0.0054,0.0648,0.0022,0.0591,0.008,0.0029,0.0691,0.0452,0.0042,0.0619,0.3001,0.0055,0.0155,0.0314,0.3135,0.3558,0.496,3.1617,6,1994856992,1135720352,1,0,116476604,335,331,1,1,0,0,0,0
335,0.0392,1.5687,0.6994,0.0021,0.697,0.688,0.0074,0.0009,0.1718,0.8463,0.0074,0.0037,0.0051,0.2016,0.0053,0.0957,0.0028,0.0022,0.0445,0.1413,0.0159,0.1265,0.6096,0.0078,0.0154,0.0238,0.3899,0.3795,0.8449,3.5517,7,1994856992,1135721760,2,0,116476604,336,332,1,1,0,0,0,0
336,0.0439,1.5538,0.71,0.0022,0.7076,0.6942,0.0109,0.0012,0.285,0.8278,0.0092,0.0067,0.0099,0.1373,0.0107,0.1186,0.0138,0.0037,0.0725,0.0456,0.0078,0.084,0.458,0.0039,0.0096,0.0186,0.3926,1.149,1.6694,5.96,0,1994856992,1135714720,0,0,116476604,337,333,1,1,0,0,0,0
337,0.0595,2.1862,1.016,0.0044,1.0113,0.9975,0.0111,0.0015,0.3212,1.1381,0.0137,0.0085,0.014,0.258,0.0217,0.1386,0.01,0.0076,0.1166,0.0874,0.0055,0.0989,0.6995,0.0085,0.0194,0.0277,0.4943,0.4183,0.319,3.7585,1,1994856992,1135718944,1,0,116476604,338,334,1,1,0,0,0,0
338,0.0451,1.6996,0.7233,0.0027,0.7203,0.7071,0.0103,0.0012,0.2768,0.9488,0.01,0.0061,0.0103,0.1573,0.0064,0.1223,0.0156,0.0093,0.145,0.1018,0.0047,0.0607,0.5871,0.0024,0.0164,0.0219,0.3487,0.3742,0.3064,3.0542,2,1994856992,1135714016,2,0,116476604,339,335,1,1,0,0,0,0
339,0.0414,1.3905,0.6577,0.0027,0.6547,0.649,0.0045,0.0008,0.215,0.7135,0.007,0.004,0.0047,0.098,0.0087,0.0988,0.0058,0.0047,0.114,0.0904,0.0019,0.043,0.4442,0.0045,0.0109,0.0878,1.3582,2.5551,1.979,8.5939,3,1994856992,1135721056,0,0,116476604,340,336,1,1,0,0,0,0
340,0.0431,3.652,0.9059,0.003,0.9026,0.8932,0.0072,0.0008,0.3554,2.6375,0.0136,0.0081,0.0134,0.4646,0.0841,0.4953,0.019,0.0228,0.368,0.4251,0.0172,0.2806,2.0336,0.0244,0.0693,0.0878,1.8119,1.8452,0.953,9.6043,4,1994856992,1135709088,1,0,116476604,341,337,1,1,0,0,0,0
341,0.0412,1.4618,0.7226,0.0021,0.7202,0.7099,0.0073,0.0016,0.2725,0.7063,0.0097,0.0062,0.01,0.1133,0.0062,0.0566,0.0067,0.0042,0.0661,0.0711,0.0031,0.0592,0.3663,0.0042,0.018,0.0304,0.3928,1.5876,1.8754,6.842,5,1994856992,1135710496,2,0,116476604,342,338,1,1,0,0,0,0
342,0.0497,1.3765,0.7442,0.0035,0.7404,0.7339,0.0043,0.0011,0.2119,0.6021,0.0079,0.0045,0.005,0.1144,0.0086,0.0869,0.0042,0.0044,0.0472,0.0461,0.0017,0.043,0.3376,0.0019,0.0164,0.026,0.2728,0.3313,0.4221,2.7998,6,1994856992,1135720352,0,0,116476604,343,339,1,1,0,0,0,0
343,0.0503,1.3909,0.7126,0.0031,0.7092,0.701,0.0057,0.0013,0.207,0.6554,0.0086,0.005,0.0068,0.1098,0.014,0.0746,0.0051,0.0032,0.0698,0.0651,0.0022,0.0655,0.3848,0.0031,0.0136,0.015,0.3081,0.3396,0.3764,2.8691,7,1994856992,1135721760,1,0,116476604,344,340,1,1,0,0,0,0
344,0.0452,1.3882,0.6773,0.0026,0.6744,0.6668,0.0051,0.0014,0.2078,0.6829,0.0074,0.0049,0.0055,0.1443,0.0034,0.0958,0.0094,0.004,0.0676,0.0567,0.0022,0.0579,0.4223,0.0034,0.015,0.029,0.2611,0.3638,0.853,3.4489,0,1994856992,1135714720,2,0,116476604,345,341,1,1,0,0,0,0
345,0.0489,1.5227,0.784,0.0035,0.7802,0.7733,0.0049,0.0012,0.2616,0.7161,0.0083,0.0045,0.0072,0.107,0.0162,0.0632,0.0051,0.0066,0.086,0.0647,0.0042,0.0606,0.3815,0.0034,0.012,0.0341,0.3757,0.4029,0.398,3.1456,1,1994856992,1135718944,0,0,116476604,346,342,1,1,0,0,0,0
346,0.0416,1.2467,0.6542,0.0024,0.6515,0.6463,0.0041,0.0007,0.1838,0.5626,0.0096,0.0059,0.0058,0.1014,0.0047,0.0618,0.0029,0.0025,0.0568,0.0637,0.0015,0.046,0.3297,0.003,0.0163,0.0343,0.4708,0.5605,1.032,3.8414,2,1994856992,1135714016,1,0,116476604,347,343,1,1,0,0,0,0
347,0.0416,1.8646,0.9466,0.0029,0.9433,0.9322,0.007,0.002,0.2796,0.8977,0.0116,0.0062,0.0052,0.109,0.0243,0.0769,0.0053,0.0089,0.0623,0.1715,0.0065,0.1025,0.5222,0.0049,0.0129,0.0166,0.8036,1.7372,1.7129,7.3037,3,1994856992,1135721056,2,0,116476604,348,344,1,1,0,0,0,0
348,0.0435,1.8115,0.703,0.0024,0.7003,0.6881,0.0097,0.0011,0.3644,1.0737,0.0205,0.0117,0.011,0.2035,0.0257,0.1081,0.0082,0.0064,0.1356,0.0686,0.0047,0.066,0.5818,0.0077,0.0195,0.0297,1.354,1.7396,2.2382,9.3128,4,1994856992,1135709088,0,0,116476604,349,345,1,1,0,0,0,0
349,0.0391,1.3577,0.6676,0.0026,0.6647,0.6571,0.0053,0.0008,0.208,0.6678,0.0101,0.0065,0.0128,0.1317,0.007,0.0623,0.0049,0.0063,0.0668,0.0675,0.0022,0.0618,0.3901,0.0037,0.0144,0.0262,0.405,0.3668,0.2587,2.7912,5,1994856992,1135710496,1,0,116476604,350,346,1,1,0,0,0,0
350,0.0421,1.3383,0.7014,0.0022,0.699,0.688,0.0077,0.0016,0.1915,0.6067,0.0079,0.0042,0.005,0.0961,0.0087,0.0994,0.0048,0.0037,0.0597,0.0535,0.003,0.0519,0.3606,0.0038,0.0181,0.027,0.5468,0.4668,2.025,5.1407,6,1994856992,1135720352,2,0,116476604,351,347,1,1,0,0,0,0
351,0.042,1.6541,0.6859,0.0026,0.683,0.6735,0.0067,0.0014,0.2347,0.9432,0.0098,0.0057,0.0063,0.169,0.0073,0.0931,0.0105,0.0058,0.1527,0.0761,0.0045,0.144,0.6349,0.0045,0.0149,0.0204,0.3858,0.5649,1.8921,5.068,7,1994856992,1135721760,0,0,116476604,352,348,1,1,0,0,0,0
352,0.0435,1.3152,0.7061,0.0028,0.703,0.6914,0.008,0.0017,0.1928,0.5755,0.0093,0.0053,0.005,0.1016,0.012,0.074,0.0049,0.0026,0.0522,0.0517,0.0021,0.0432,0.3227,0.0032,0.0209,0.034,0.3453,0.3343,0.461,2.9532,0,1994856992,1135714720,1,0,116476604,353,349,1,1,0,0,0,0
353,0.0454,1.3575,0.6949,0.0024,0.6921,0.6825,0.0072,0.0013,0.1909,0.6289,0.0095,0.005,0.005,0.0795,0.0044,0.0595,0.0044,0.0029,0.0871,0.0476,0.0069,0.1106,0.3843,0.0028,0.0201,0.0345,0.3273,1.2365,1.9589,7.0594,1,1994856992,1135718944,2,0,116476604,354,350,1,1,0,0,0,0
354,0.0426,1.6768,0.7388,0.0029,0.7354,0.7226,0.01,0.0012,0.3057,0.913,0.0109,0.0076,0.011,0.18,0.0179,0.091,0.0064,0.005,0.1026,0.0854,0.003,0.0582,0.5172,0.0084,0.0173,0.0236,0.385,0.6231,2.0971,6.2249,2,1994856992,1135714016,0,0,116476604,355,351,1,1,0,0,0,0
355,0.0526,1.417,0.772,0.0039,0.7678,0.7537,0.0103,0.0016,0.2369,0.6268,0.0076,0.0055,0.0067,0.0772,0.0047,0.0646,0.01,0.0038,0.0641,0.066,0.002,0.0561,0.328,0.0031,0.0111,0.0193,0.3854,0.6369,0.9745,4.2124,3,1994856992,1135721056,1,0,116476604,356,352,1,1,0,0,0,0
356,0.0668,2.0657,0.9178,0.0054,0.912,0.8962,0.0127,0.0016,0.3274,1.1228,0.0117,0.0064,0.0107,0.187,0.011,0.1268,0.0165,0.009,0.1447,0.1165,0.0063,0.1165,0.6915,0.0084,0.0156,0.0227,0.636,0.5398,0.4625,4.1046,4,1994856992,1135709088,2,0,116476604,357,353,1,1,0,0,0,0
357,0.0626,1.96,0.8562,0.0049,0.851,0.8384,0.0099,0.0013,0.302,1.0722,0.0103,0.0063,0.0096,0.1745,0.0227,0.1544,0.0088,0.0084,0.1112,0.104,0.0076,0.1225,0.6666,0.0072,0.0192,0.0295,0.4996,0.4639,0.4281,3.7409,5,1994856992,1135710496,0,0,116476604,358,354,1,1,0,0,0,0
358,0.0465,1.5189,0.7311,0.0031,0.7278,0.7141,0.0105,0.0014,0.2246,0.7594,0.0083,0.0048,0.0058,0.0885,0.0032,0.0526,0.0089,0.0034,0.1227,0.0941,0.0139,0.1112,0.4691,0.0028,0.0158,0.0175,0.363,0.4732,0.3633,3.2368,6,1994856992,1135720352,1,0,116476604,359,355,1,1,0,0,0,0
359,0.0439,1.4021,0.7077,0.0025,0.7049,0.6923,0.0094,0.0018,0.2205,0.6611,0.0083,0.0049,0.0048,0.096,0.008,0.0927,0.0045,0.003,0.0826,0.0582,0.0016,0.0612,0.3907,0.0023,0.0142,0.0509,1.213,2.2121,2.0341,9.2289,7,1994856992,1135721760,2,0,116476604,360,356,1,1,0,0,0,0
360,0.0475,7.2036,1.8467,0.0026,1.8439,1.7884,0.0439,0.0068,2.1649,5.3011,0.0421,0.0311,0.0583,1.1317,0.0507,0.5142,0.0322,0.0502,0.3707,0.3342,0.0102,0.1935,2.5443,0.2288,0.0363,0.0412,1.1029,0.8781,0.6071,10.5294,0,1994856992,1135714720,0,0,116476604,361,357,1,1,0,0,0,0
361,0.0392,1.278,0.6394,0.0022,0.637,0.6277,0.0063,0.0013,0.2497,0.6113,0.0105,0.0062,0.0092,0.0983,0.0057,0.0515,0.0032,0.0024,0.0593,0.0478,0.0016,0.0469,0.3038,0.0025,0.0147,0.0304,0.2637,0.3123,0.8978,3.2025,1,1994856992,1135718944,1,0,116476604,362,358,1,1,0,0,0,0
362,0.0432,1.7163,0.6933,0.0025,0.6905,0.6788,0.009,0.0012,0.4333,0.9999,0.0195,0.0118,0.0129,0.1486,0.0069,0.1032,0.0133,0.0023,0.0867,0.0695,0.0018,0.0581,0.4661,0.0045,0.0143,0.0199,0.3181,0.2882,0.306,2.9348,2,1994856992,1135714016,2,0,116476604,363,359,1,1,0,0,0,0
363,0.0494,1.47,0.6539,0.0034,0.6502,0.6362,0.0112,0.0013,0.31,0.7911,0.0104,0.0059,0.01,0.1411,0.0061,0.085,0.0029,0.0134,0.0631,0.0689,0.0019,0.0438,0.4019,0.0105,0.0156,0.0228,0.5144,0.4704,0.3653,3.2269,3,1994856992,1135721056,0,0,116476604,364,360,1,1,0,0,0,0
364,0.041,1.6693,0.7032,0.0027,0.7003,0.6873,0.0104,0.0012,0.2715,0.9442,0.0106,0.0061,0.0092,0.1207,0.005,0.1257,0.004,0.0156,0.1158,0.089,0.0069,0.142,0.5932,0.005,0.0135,0.0248,0.3888,0.5896,2.4517,7.8098,4,1994856992,1135709088,1,0,116476604,365,361,1,1,0,0,0,0
365,0.0405,1.4397,0.6652,0.0024,0.6623,0.6505,0.009,0.0012,0.2719,0.7475,0.0097,0.0056,0.0096,0.1025,0.005,0.0779,0.0042,0.0078,0.0635,0.0748,0.0124,0.0784,0.3971,0.0055,0.0182,0.0228,0.3326,0.301,0.3098,2.6848,5,1994856992,1135710496,2,0,116476604,366,362,1,1,0,0,0,0
366,0.04,1.3569,0.6454,0.0023,0.6429,0.6361,0.0047,0.001,0.1987,0.6964,0.0072,0.0041,0.0049,0.0933,0.0053,0.0567,0.0034,0.0176,0.0654,0.1391,0.0083,0.0748,0.4293,0.0032,0.0087,0.014,0.3611,0.4596,1.8517,5.4712,6,1994856992,1135720352,0,0,116476604,367,363,1,1,0,0,0,0
367,0.0478,1.2515,0.6982,0.003,0.6948,0.6892,0.0042,0.0009,0.1682,0.5333,0.0072,0.0038,0.0052,0.1078,0.0082,0.077,0.0059,0.0023,0.0469,0.0369,0.0018,0.0471,0.3157,0.0022,0.006,0.0275,0.3009,0.3716,0.3104,2.6833,7,1994856992,1135721760,1,0,116476604,368,364,1,1,0,0,0,0
368,0.0389,1.6852,0.6596,0.0026,0.6568,0.6491,0.0051,0.0012,0.4118,1.0078,0.0195,0.0147,0.0105,0.1806,0.0355,0.0661,0.0042,0.0127,0.0709,0.0739,0.0033,0.078,0.4695,0.0028,0.0105,0.0171,0.3674,0.5599,0.3341,3.4615,0,1994856992,1135714720,2,0,116476604,369,365,1,1,0,0,0,0
369,0.0404,1.3554,0.6909,0.0027,0.688,0.6756,0.0099,0.0012,0.2377,0.6369,0.0076,0.0041,0.0051,0.0829,0.0025,0.0957,0.0041,0.0028,0.08,0.0446,0.0015,0.0545,0.3577,0.0021,0.0142,0.0278,0.2877,0.2657,0.3151,2.6748,1,1994856992,1135718944,0,0,116476604,370,366,1,1,0,0,0,0
370,0.0473,1.4302,0.7472,0.0044,0.7425,0.734,0.0063,0.001,0.1876,0.6537,0.007,0.0038,0.0063,0.12,0.0153,0.0718,0.0067,0.0043,0.0658,0.0619,0.0043,0.0783,0.3978,0.0034,0.0151,0.0161,0.3153,0.5212,0.4129,3.0324,2,1994856992,1135714016,1,0,116476604,371,367,1,1,0,0,0,0
371,0.0399,1.1816,0.6268,0.0023,0.624,0.6183,0.0044,0.0009,0.1651,0.5377,0.0063,0.0038,0.0049,0.0944,0.0094,0.0471,0.0054,0.0025,0.0598,0.0644,0.002,0.0552,0.3209,0.0029,0.0043,0.0283,0.4202,0.574,0.2892,2.951,3,1994856992,1135721056,2,0,116476604,372,368,1,1,0,0,0,0
372,0.0411,1.3848,0.6862,0.0024,0.6836,0.6713,0.0098,0.0012,0.206,0.6737,0.0072,0.0038,0.0048,0.0898,0.0085,0.1058,0.0051,0.0026,0.0761,0.0635,0.0027,0.082,0.4172,0.0028,0.0132,0.0299,0.3615,0.2766,0.3786,2.7249,4,1994856992,1135709088,0,0,116476604,373,369,1,1,0,0,0,0
373,0.0526,1.3923,0.6485,0.0025,0.6458,0.6351,0.0079,0.0014,0.2605,0.7247,0.0107,0.0063,0.0106,0.1291,0.0063,0.0761,0.011,0.0051,0.0659,0.0604,0.0036,0.0562,0.3877,0.0034,0.0114,0.0185,0.3741,0.3948,0.4902,3.081,5,1994856992,1135710496,1,0,116476604,374,370,1,1,0,0,0,0
374,0.0424,1.5157,0.647,0.0023,0.6445,0.6317,0.0101,0.0013,0.2528,0.8504,0.0097,0.0059,0.0087,0.1497,0.0162,0.0912,0.0063,0.0042,0.1088,0.0881,0.0033,0.0832,0.521,0.0033,0.0107,0.018,0.4324,0.3557,0.2886,2.9451,6,1994856992,1135720352,2,0,116476604,375,371,1,1,0,0,0,0
375,0.0563,1.9182,0.7713,0.0029,0.7681,0.7513,0.0124,0.0019,0.3212,1.1181,0.0169,0.0107,0.0168,0.2961,0.0111,0.186,0.0059,0.0065,0.0812,0.0706,0.0038,0.063,0.6969,0.0057,0.0168,0.0314,0.3363,0.5748,2.3592,5.8356,7,1994856992,1135721760,0,0,116476604,376,372,1,1,0,0,0,0
376,0.0412,1.7128,0.7345,0.0024,0.7318,0.7203,0.0093,0.0011,0.2825,0.9544,0.0105,0.0067,0.0101,0.182,0.0189,0.1043,0.011,0.009,0.0841,0.0812,0.0069,0.1143,0.5659,0.007,0.0137,0.0223,0.3885,0.4696,1.5507,4.5727,0,1994856992,1135714720,1,0,116476604,377,373,1,1,0,0,0,0
377,0.0427,1.4511,0.7466,0.0027,0.7436,0.7322,0.0089,0.0012,0.2123,0.6723,0.0087,0.0048,0.0053,0.1246,0.0084,0.0557,0.0041,0.0038,0.0892,0.0558,0.0016,0.0814,0.4067,0.0026,0.0181,0.0293,0.6176,1.4518,1.5864,6.1111,1,1994856992,1135718944,2,0,116476604,378,374,1,1,0,0,0,0
378,0.0695,1.8811,0.9728,0.0036,0.9689,0.962,0.0049,0.0013,0.3425,0.8895,0.0108,0.0078,0.0116,0.1999,0.0117,0.0811,0.0073,0.007,0.063,0.0597,0.0027,0.0604,0.4641,0.003,0.0044,0.024,0.3119,0.2931,0.3213,3.2878,2,1994856992,1135714016,0,0,116476604,379,375,1,1,0,0,0,0
379,0.0431,3.592,0.8391,0.0022,0.8366,0.8229,0.0108,0.0013,0.283,2.6537,0.0109,0.0059,0.0055,0.1595,0.0152,0.4436,0.0635,0.0413,0.546,0.4812,0.0374,0.4816,2.1119,0.0346,0.0594,0.0888,2.4394,1.6239,0.7588,9.851,3,1994856992,1135721056,1,0,116476604,380,376,1,1,0,0,0,0
380,0.0489,1.5335,0.7378,0.0023,0.7352,0.7253,0.0067,0.0016,0.2101,0.7569,0.0078,0.0056,0.0054,0.0959,0.0101,0.1759,0.0043,0.0064,0.069,0.0892,0.0028,0.0544,0.4844,0.0049,0.0245,0.1243,1.3903,1.8073,1.4742,7.9409,4,1994856992,1135709088,2,0,116476604,381,377,1,1,0,0,0,0
381,0.1025,1.9235,1.0254,0.0062,1.0185,1.0101,0.0055,0.0014,0.2659,0.8656,0.0122,0.0074,0.0083,0.2169,0.0087,0.1369,0.0045,0.0024,0.0617,0.0526,0.0043,0.059,0.5271,0.0038,0.0203,0.0295,0.3906,0.3733,0.4389,3.915,5,1994856992,1135710496,0,0,116476604,382,378,1,1,0,0,0,0
382,0.0716,2.1127,0.9225,0.0037,0.9185,0.9064,0.0084,0.0017,0.4409,1.1455,0.0213,0.0123,0.0126,0.1855,0.0075,0.1283,0.018,0.0026,0.1048,0.102,0.0022,0.0638,0.5844,0.0096,0.0283,0.0408,0.5206,0.3516,1.8358,5.2606,6,1994856992,1135720352,1,0,116476604,383,379,1,1,0,0,0,0
383,0.0561,5.5686,0.8917,0.0027,0.8883,0.8785,0.0064,0.0014,1.3209,4.5875,0.2078,0.1866,0.0606,0.8268,0.0463,0.5018,0.0344,0.0322,0.5429,0.4278,0.0144,0.2615,2.5608,0.0217,0.0541,0.0792,1.8673,1.3179,0.9926,10.4545,7,1994856992,1135721760,2,0,116476604,384,380,1,1,0,0,0,0
384,0.0739,2.0795,1.0615,0.0034,1.0576,1.0435,0.0108,0.0015,0.3193,0.9793,0.0127,0.0082,0.0099,0.1571,0.0095,0.1305,0.006,0.0038,0.1096,0.0737,0.0019,0.1083,0.5792,0.0043,0.0235,0.0271,0.4842,0.4275,0.6568,4.0711,0,1994856992,1135714720,0,0,116476604,385,381,1,1,0,0,0,0
385,0.1723,6.3084,2.4645,0.019,2.4445,2.401,0.0335,0.0056,0.9837,3.7557,0.035,0.0207,0.0379,0.5828,0.0207,0.4001,0.0134,0.0148,0.4101,0.419,0.0164,0.6877,2.4997,0.0455,0.0557,0.0588,1.2644,0.9248,0.6966,10.0259,1,1994856992,1135718944,1,0,116476604,386,382,1,1,0,0,0,0
386,0.0697,1.7428,0.8368,0.0032,0.8332,0.8202,0.0096,0.0016,0.3607,0.8807,0.013,0.0087,0.0142,0.1691,0.0088,0.0695,0.0056,0.005,0.0658,0.0679,0.0032,0.0583,0.4306,0.0046,0.0147,0.0252,0.5915,1.889,2.0361,7.7387,2,1994856992,1135714016,2,0,116476604,387,383,1,1,0,0,0,0
387,0.044,1.7774,0.7964,0.0026,0.7936,0.7849,0.0068,0.0008,0.2601,0.9531,0.0142,0.0078,0.0077,0.1678,0.0099,0.1412,0.0306,0.0081,0.1209,0.0874,0.005,0.064,0.5813,0.005,0.0172,0.0294,0.5376,0.5757,1.8059,5.6077,3,1994856992,1135721056,0,0,116476604,388,384,1,1,0,0,0,0
388,0.0587,2.0066,1.1659,0.0032,1.1624,1.1458,0.0119,0.0022,0.3926,0.8046,0.0174,0.0086,0.0169,0.1288,0.0065,0.0581,0.0091,0.0044,0.0516,0.0359,0.0033,0.0407,0.3151,0.0048,0.018,0.0359,0.3223,0.2776,0.5028,3.6159,4,1994856992,1135709088,1,0,116476604,389,385,1,1,0,0,0,0
389,0.0737,1.9449,1.1452,0.0036,1.1412,1.1295,0.0084,0.0015,0.2975,0.7562,0.0114,0.0092,0.0102,0.0935,0.0064,0.0538,0.0069,0.012,0.0519,0.0414,0.0041,0.1199,0.3605,0.0161,0.0249,0.0641,2.1878,1.4905,1.6342,8.449,5,1994856992,1135710496,2,0,116476604,390,386,1,1,0,0,0,0
390,0.072,2.8105,1.003,0.0061,0.9965,0.9795,0.0132,0.0024,0.8519,1.7688,0.0286,0.0159,0.0182,0.2909,0.0122,0.1268,0.0103,0.0179,0.1322,0.1224,0.0078,0.0816,0.7539,0.0091,0.0232,0.0314,0.5456,0.3528,0.4142,4.6533,6,1994856992,1135720352,0,0,116476604,391,387,1,1,0,0,0,0
391,0.0564,1.8557,0.9307,0.0029,0.9275,0.9097,0.0145,0.0016,0.3028,0.7917,0.0138,0.0104,0.0149,0.1506,0.0095,0.0529,0.0082,0.0047,0.0468,0.081,0.0037,0.0635,0.3948,0.0049,0.0144,0.0287,0.5379,0.4288,0.5085,3.9762,7,1994856992,1135721760,1,0,116476604,392,388,1,1,0,0,0,0
392,0.0621,1.7876,0.8515,0.0031,0.8479,0.8405,0.0042,0.0021,0.2175,0.9188,0.0113,0.0052,0.0057,0.2629,0.0061,0.1254,0.0047,0.0056,0.1267,0.0715,0.0031,0.0515,0.638,0.0031,0.0087,0.0164,0.3325,0.4029,0.3862,3.5896,0,1994856992,1135714720,2,0,116476604,393,389,1,1,0,0,0,0
393,0.0951,2.5379,1.5766,0.0041,1.5717,1.5535,0.0129,0.0028,0.4904,0.9281,0.0187,0.0112,0.013,0.1394,0.0058,0.0716,0.0096,0.0041,0.055,0.0423,0.0015,0.0319,0.3402,0.0027,0.0178,0.0308,0.4806,0.3565,0.6727,4.6434,1,1994856992,1135718944,0,0,116476604,394,390,1,1,0,0,0,0
394,0.2098,4.54,2.4591,0.0278,2.4302,2.4004,0.0239,0.0021,0.6785,2.0247,0.0274,0.0184,0.2258,0.4097,0.0335,0.2091,0.0153,0.0111,0.1252,0.1082,0.0059,0.0919,0.9441,0.0089,0.0311,0.0374,0.8534,0.6193,0.764,7.9515,2,1994856992,1135714016,1,0,116476604,395,391,1,1,0,0,0,0
395,0.0508,1.2242,0.7743,0.0032,0.7707,0.7644,0.0044,0.0011,0.2,0.4371,0.0086,0.0052,0.0052,0.0707,0.0032,0.0335,0.0031,0.0018,0.0332,0.0286,0.0014,0.0282,0.1942,0.0017,0.006,0.0172,0.2631,0.2868,0.2733,2.3277,3,1994856992,1135721056,2,0,116476604,396,392,1,1,0,0,0,0
396,0.101,1.6751,1.1105,0.0037,1.1058,1.0982,0.0055,0.001,0.2115,0.551,0.0074,0.0046,0.006,0.1004,0.0038,0.0491,0.0025,0.0023,0.0497,0.0481,0.0019,0.0481,0.2954,0.0022,0.0054,0.0157,0.3223,0.4454,0.569,3.7121,4,1994856992,1135709088,0,0,116476604,397,393,1,1,0,0,0,0
397,0.0975,2.9314,1.5329,0.0093,1.523,1.5049,0.0144,0.0019,0.4221,1.3611,0.0226,0.0081,0.0184,0.281,0.0169,0.1703,0.0195,0.0057,0.1375,0.0821,0.0043,0.1263,0.7972,0.0109,0.0226,0.0341,0.5958,0.4428,0.4602,5.0341,5,1994856992,1135710496,1,0,116476604,398,394,1,1,0,0,0,0
398,0.0498,1.2268,0.7084,0.0047,0.7034,0.6914,0.0091,0.0017,0.2107,0.4824,0.0092,0.0055,0.0059,0.0738,0.0051,0.0418,0.0051,0.0065,0.0388,0.0346,0.0013,0.0263,0.2153,0.0029,0.0229,0.0388,0.4378,0.3481,1.5235,4.6603,6,1994856992,1135720352,2,0,116476604,399,395,1,1,0,0,0,0
399,0.0504,1.5641,0.7136,0.0029,0.7103,0.7049,0.0039,0.001,0.2698,0.8299,0.0076,0.0044,0.0056,0.1356,0.0044,0.1231,0.0108,0.0131,0.0914,0.1101,0.0026,0.0346,0.4948,0.0047,0.0124,0.0188,0.3093,0.3334,1.4179,4.3894,7,1994856992,1135721760,0,0,116476604,400,396,1,1,0,0,0,0
400,0.0578,2.3644,0.7176,0.0043,0.7129,0.7039,0.0065,0.0014,0.2104,1.5675,0.0233,0.0117,0.0091,0.1946,0.0169,0.1509,0.0058,0.0066,0.108,0.392,0.0284,0.3512,1.1967,0.0294,0.0512,0.0705,1.3129,1.4801,1.3306,8.0126,0,1994856992,1135714720,1,0,116476604,401,397,1,1,0,0,0,0
401,0.0478,1.365,0.7707,0.0027,0.7677,0.7591,0.0059,0.0014,0.1852,0.5235,0.0077,0.0046,0.006,0.0814,0.0031,0.0537,0.0153,0.0026,0.0481,0.06,0.0021,0.0326,0.2758,0.0045,0.0209,0.054,0.3355,0.2602,1.0467,3.4129,1,1994856992,1135718944,2,0,116476604,402,398,1,1,0,0,0,0
402,0.0462,1.3518,0.681,0.0028,0.6776,0.6717,0.004,0.0013,0.1973,0.6463,0.0088,0.0057,0.0058,0.1192,0.0155,0.0825,0.0086,0.0037,0.0827,0.049,0.002,0.0475,0.3809,0.0029,0.0111,0.0302,0.3359,0.2267,0.3435,2.5662,2,1994856992,1135714016,0,0,116476604,403,399,1,1,0,0,0,0
403,0.0515,1.7113,0.975,0.0027,0.972,0.961,0.008,0.0011,0.2298,0.7032,0.0097,0.0051,0.0059,0.1012,0.0149,0.1039,0.0043,0.0034,0.0698,0.0682,0.0019,0.0631,0.4062,0.004,0.0197,0.0313,0.4982,0.396,0.3001,3.1918,3,1994856992,1135721056,1,0,116476604,404,400,1,1,0,0,0,0
404,0.0477,1.4496,0.7008,0.0038,0.6968,0.6884,0.0061,0.001,0.2514,0.7264,0.0087,0.0057,0.0069,0.1235,0.0114,0.0964,0.0047,0.0042,0.0653,0.0621,0.0033,0.0625,0.4098,0.0047,0.0139,0.0187,0.3701,0.2435,0.4335,2.8445,4,1994856992,1135709088,2,0,116476604,405,401,1,1,0,0,0,0
405,0.0397,1.2747,0.6601,0.0022,0.6576,0.6523,0.0041,0.0007,0.174,0.5891,0.0081,0.0039,0.0058,0.1135,0.0033,0.0671,0.0076,0.0039,0.0623,0.0612,0.0028,0.0591,0.3632,0.0044,0.0115,0.0278,0.3206,0.303,0.2632,2.4758,5,1994856992,1135710496,0,0,116476604,406,402,1,1,0,0,0,0
406,0.067,1.5805,0.7236,0.0048,0.7185,0.7118,0.0049,0.0013,0.2352,0.8371,0.0098,0.0049,0.0086,0.1366,0.0059,0.1353,0.0038,0.0057,0.0864,0.1009,0.0068,0.0748,0.534,0.0063,0.0085,0.0261,0.4079,0.4018,0.3603,3.077,6,1994856992,1135720352,1,0,116476604,407,403,1,1,0,0,0,0
407,0.0418,1.9133,0.895,0.0027,0.892,0.881,0.0089,0.0011,0.2807,0.9867,0.0091,0.0052,0.0092,0.1196,0.0113,0.1083,0.0216,0.0091,0.1038,0.1926,0.0086,0.0792,0.6035,0.0075,0.0175,0.0388,1.5986,1.1248,1.2539,6.9159,7,1994856992,1135721760,2,0,116476604,408,404,1,1,0,0,0,0
408,0.0577,1.5329,0.6836,0.0027,0.6807,0.6682,0.0101,0.0012,0.2689,0.7723,0.0106,0.0071,0.0099,0.1477,0.0112,0.0614,0.0046,0.0134,0.0764,0.0752,0.0028,0.0596,0.4203,0.0042,0.0107,0.0182,0.3406,0.2275,0.362,2.7887,0,1994856992,1135714720,0,0,116476604,409,405,1,1,0,0,0,0
409,0.0415,1.4308,0.6787,0.0022,0.6762,0.6687,0.0057,0.0008,0.2816,0.728,0.0092,0.0052,0.009,0.1592,0.0128,0.0622,0.0052,0.005,0.0553,0.0492,0.002,0.0519,0.3778,0.0039,0.0163,0.0159,0.4232,0.4079,0.613,3.2447,1,1994856992,1135718944,1,0,116476604,410,406,1,1,0,0,0,0
410,0.0418,1.6592,0.6675,0.0023,0.6649,0.6569,0.006,0.0009,0.2894,0.9694,0.0096,0.0059,0.0067,0.1659,0.019,0.1017,0.0057,0.0078,0.1034,0.131,0.008,0.0961,0.5981,0.0037,0.013,0.0189,0.3434,1.05,1.3513,5.3962,2,1994856992,1135714016,2,0,116476604,411,407,1,1,0,0,0,0
411,0.047,1.3825,0.7919,0.0032,0.7883,0.7799,0.0063,0.0011,0.2139,0.5722,0.0076,0.0043,0.0053,0.1025,0.0059,0.0761,0.0112,0.0019,0.0503,0.0346,0.0016,0.0402,0.3037,0.0038,0.0101,0.0183,1.3138,1.1044,1.0976,5.767,3,1994856992,1135721056,0,0,116476604,412,408,1,1,0,0,0,0
412,0.0437,2.1873,0.7012,0.0021,0.6989,0.6903,0.0065,0.0012,0.1807,1.4072,0.007,0.0036,0.005,0.1612,0.0141,0.0702,0.0078,0.0052,0.1125,0.2967,0.0293,0.4589,1.0995,0.032,0.0513,0.062,1.814,1.0991,1.1493,7.1459,4,1994856992,1135709088,1,0,116476604,413,409,1,1,0,0,0,0
413,0.0404,1.2048,0.6045,0.0023,0.602,0.5956,0.005,0.0007,0.1678,0.5698,0.0071,0.0036,0.006,0.0957,0.0094,0.0609,0.006,0.0056,0.0427,0.0663,0.0067,0.073,0.3386,0.0059,0.0148,0.0357,0.4301,0.3105,0.4886,2.7212,5,1994856992,1135710496,2,0,116476604,414,410,1,1,0,0,0,0
414,0.0427,1.5312,0.6737,0.0024,0.671,0.6583,0.0097,0.0014,0.301,0.829,0.0094,0.0058,0.0091,0.166,0.0184,0.0838,0.0054,0.0055,0.081,0.0606,0.003,0.0566,0.448,0.0048,0.0167,0.0338,0.4409,0.2894,0.2236,2.7131,6,1994856992,1135720352,0,0,116476604,415,411,1,1,0,0,0,0
415,0.0391,1.6375,0.6955,0.0021,0.6931,0.6804,0.0101,0.0012,0.2464,0.9198,0.0104,0.0055,0.0094,0.1432,0.0167,0.1269,0.0092,0.0115,0.0995,0.1089,0.0068,0.1,0.5785,0.0065,0.0132,0.0209,0.4129,0.3232,0.4034,3.1199,7,1994856992,1135721760,1,0,116476604,416,412,1,1,0,0,0,0
416,0.04,1.3619,0.7158,0.0023,0.7133,0.7076,0.0041,0.0009,0.1821,0.6244,0.0079,0.0041,0.0051,0.0799,0.0027,0.0474,0.0134,0.0043,0.1283,0.0834,0.0015,0.0437,0.3827,0.0065,0.0087,0.0335,0.4781,1.146,1.2312,5.2616,0,1994856992,1135714720,2,0,116476604,417,413,1,1,0,0,0,0
417,0.043,1.3521,0.6381,0.003,0.6349,0.6288,0.0042,0.001,0.2341,0.7017,0.0072,0.0037,0.005,0.1015,0.0128,0.0588,0.0057,0.0041,0.1011,0.0956,0.0022,0.053,0.41,0.0029,0.0064,0.0132,0.2546,0.1929,0.2473,2.2707,1,1994856992,1135718944,0,0,116476604,418,414,1,1,0,0,0,0
418,0.0417,1.5512,0.676,0.0025,0.6732,0.6601,0.0098,0.0017,0.2679,0.8449,0.0093,0.0059,0.0099,0.1534,0.0171,0.0903,0.006,0.0046,0.1091,0.0833,0.003,0.0619,0.498,0.0035,0.0168,0.0317,0.4753,0.2615,0.1951,2.7301,2,1994856992,1135714016,1,0,116476604,419,415,1,1,0,0,0,0
419,0.0487,1.2953,0.6312,0.0022,0.6282,0.6235,0.0037,0.0008,0.1621,0.6492,0.0077,0.0037,0.005,0.1324,0.008,0.0685,0.0043,0.0029,0.1045,0.0599,0.0017,0.0742,0.4395,0.0025,0.0037,0.0259,0.3047,0.208,0.2161,2.2508,3,1994856992,1135721056,2,0,116476604,420,416,1,1,0,0,0,0
420,0.044,1.3002,0.6965,0.0026,0.6936,0.6853,0.0056,0.0013,0.2139,0.5686,0.008,0.0047,0.0056,0.0833,0.004,0.0545,0.0066,0.0027,0.0676,0.0566,0.0016,0.0454,0.3074,0.0034,0.0186,0.0304,0.2882,0.3075,0.3314,2.5845,4,1994856992,1135709088,0,0,116476604,421,417,1,1,0,0,0,0
421,0.0676,5.4334,2.1922,0.0061,2.1857,2.1695,0.0125,0.0017,1.5342,3.209,0.0289,0.0186,0.0232,1.1314,0.0183,0.1504,0.0075,0.0156,0.0863,0.0703,0.0063,0.0726,1.511,0.0077,0.02,0.0253,0.6076,0.2799,0.3506,7.0055,5,1994856992,1135710496,1,0,116476604,422,418,1,1,0,0,0,0
422,0.0647,2.1037,0.9933,0.0087,0.9841,0.9712,0.0091,0.002,0.412,1.0739,0.0272,0.0134,0.0176,0.217,0.0215,0.0818,0.0055,0.0047,0.0689,0.0854,0.0037,0.073,0.5261,0.0069,0.022,0.0275,0.5804,0.3998,0.2695,3.6866,6,1994856992,1135720352,2,0,116476604,423,419,1,1,0,0,0,0
423,0.0733,2.5367,1.1225,0.0093,1.1128,1.0936,0.0151,0.002,0.4021,1.3758,0.0139,0.0087,0.0148,0.3531,0.0198,0.1894,0.0186,0.0091,0.1585,0.0765,0.0041,0.0713,0.8488,0.0079,0.0239,0.0332,0.58,0.343,0.2418,4.0606,7,1994856992,1135721760,0,0,116476604,424,420,1,1,0,0,0,0
424,0.0544,1.3315,0.9108,0.0025,0.9074,0.8983,0.006,0.0017,0.2183,0.4073,0.0093,0.0058,0.0059,0.0572,0.0028,0.0227,0.002,0.0019,0.0226,0.0218,0.0013,0.0209,0.1452,0.0019,0.0065,0.0182,0.245,0.252,0.3031,2.3946,0,1994856992,1135714720,1,0,116476604,425,421,1,1,0,0,0,0
425,0.4286,9.8761,1.8317,0.0088,1.822,1.8008,0.0157,0.0024,0.4796,7.9631,0.0171,0.01,0.0146,6.9344,0.0223,0.1127,0.0075,0.0111,0.089,0.1119,0.0078,0.0976,7.3456,0.0139,0.0546,0.0619,1.2694,1.2408,1.1825,14.861,1,1994856992,1135718944,2,0,116476604,426,422,1,1,0,0,0,0
426,0.04,1.2973,0.7338,0.0022,0.7313,0.7267,0.0035,0.0008,0.1772,0.5444,0.0084,0.004,0.006,0.102,0.0092,0.0633,0.0036,0.0033,0.0574,0.0472,0.002,0.0451,0.315,0.0032,0.0072,0.0333,0.3088,0.2079,0.37,2.5449,2,1994856992,1135714016,0,0,116476604,427,423,1,1,0,0,0,0
427,0.0418,1.4827,0.7174,0.0022,0.7149,0.7058,0.0071,0.0012,0.233,0.7523,0.0088,0.0048,0.0093,0.141,0.0068,0.0981,0.0053,0.0052,0.095,0.0869,0.0016,0.0375,0.4585,0.0024,0.0028,0.0249,1.1832,1.1357,1.0374,5.7029,3,1994856992,1135721056,1,0,116476604,428,424,1,1,0,0,0,0
428,0.0504,1.3002,0.7077,0.0027,0.7045,0.6965,0.0057,0.0011,0.2367,0.5663,0.008,0.0042,0.005,0.0721,0.0049,0.0436,0.0052,0.0033,0.045,0.0405,0.0018,0.0803,0.2815,0.0025,0.0111,0.0304,1.5113,1.2553,1.0979,6.1207,4,1994856992,1135709088,2,0,116476604,429,425,1,1,0,0,0,0
429,0.0536,1.507,0.7868,0.0055,0.781,0.7636,0.0142,0.0015,0.304,0.6931,0.0108,0.0058,0.0094,0.122,0.0049,0.0536,0.0045,0.0038,0.0504,0.0498,0.003,0.05,0.3258,0.0048,0.0142,0.0314,0.4248,0.1949,0.2779,2.7266,5,1994856992,1135710496,0,0,116476604,430,426,1,1,0,0,0,0
430,0.0503,1.3585,0.6408,0.0032,0.6372,0.6281,0.0071,0.0011,0.185,0.6978,0.0082,0.0051,0.0051,0.1161,0.0091,0.083,0.0059,0.0062,0.0844,0.083,0.0031,0.0844,0.4509,0.0037,0.0112,0.0183,0.3913,0.2443,0.324,2.762,6,1994856992,1135720352,1,0,116476604,431,427,1,1,0,0,0,0
431,0.0412,1.2435,0.6815,0.0024,0.6789,0.6719,0.0052,0.0006,0.1925,0.5388,0.0103,0.0056,0.0052,0.0905,0.009,0.0521,0.0022,0.0018,0.0482,0.0511,0.0017,0.0517,0.2936,0.0029,0.013,0.0208,0.3914,0.1902,0.2676,2.4182,7,1994856992,1135721760,2,0,116476604,432,428,1,1,0,0,0,0
432,0.0472,1.5118,0.7569,0.0044,0.7522,0.7412,0.0089,0.0009,0.2171,0.7259,0.0106,0.0065,0.0066,0.1671,0.0073,0.0756,0.0034,0.0042,0.0707,0.067,0.0018,0.0656,0.446,0.0056,0.0157,0.0647,0.3991,0.1904,0.1882,2.6196,0,1994856992,1135714720,0,0,116476604,433,429,1,1,0,0,0,0
433,0.0531,1.674,0.9099,0.0024,0.9072,0.8983,0.0067,0.0014,0.2849,0.741,0.0103,0.0064,0.01,0.1419,0.0097,0.0623,0.0039,0.0045,0.0608,0.0596,0.0031,0.0593,0.3839,0.0041,0.0123,0.0227,0.3587,0.192,0.2236,2.802,1,1994856992,1135718944,1,0,116476604,434,430,1,1,0,0,0,0
434,0.0528,1.6148,0.9293,0.0035,0.9255,0.9136,0.0092,0.0012,0.2412,0.6688,0.0074,0.0055,0.0086,0.1101,0.0054,0.0883,0.004,0.0039,0.0588,0.0663,0.0018,0.0508,0.3743,0.0037,0.0106,0.0169,0.3681,0.2794,0.4356,2.9294,2,1994856992,1135714016,2,0,116476604,435,431,1,1,0,0,0,0
435,0.0498,1.4549,0.8113,0.0025,0.8085,0.7977,0.0083,0.0012,0.2029,0.6104,0.0095,0.0041,0.006,0.1019,0.0056,0.0663,0.0047,0.0038,0.0626,0.0588,0.0023,0.0611,0.3507,0.0067,0.0176,0.0313,0.3183,0.1535,0.1718,2.3095,3,1994856992,1135721056,0,0,116476604,436,432,1,1,0,0,0,0
436,0.0392,1.2821,0.6599,0.0022,0.6574,0.6504,0.0048,0.001,0.2394,0.5932,0.0081,0.0043,0.0049,0.1176,0.0045,0.051,0.0035,0.0028,0.049,0.0458,0.0023,0.0434,0.3068,0.0043,0.0173,0.0315,0.2817,0.1612,0.192,2.1375,4,1994856992,1135709088,1,0,116476604,437,433,1,1,0,0,0,0
437,0.0411,1.467,0.7055,0.0025,0.7027,0.697,0.0045,0.0007,0.238,0.7449,0.0091,0.0054,0.0097,0.1252,0.016,0.0504,0.0058,0.0038,0.0877,0.0845,0.0032,0.0834,0.4312,0.0034,0.0088,0.0189,0.3834,0.2943,0.7337,3.2892,5,1994856992,1135710496,2,0,116476604,438,434,1,1,0,0,0,0
438,0.0411,1.6711,0.7059,0.0024,0.703,0.6903,0.0098,0.0015,0.2751,0.943,0.0089,0.0048,0.0062,0.1338,0.017,0.1156,0.0097,0.0092,0.1263,0.0744,0.0068,0.1316,0.5817,0.0069,0.0134,0.0226,0.4343,0.1954,0.2355,2.8218,6,1994856992,1135720352,0,0,116476604,439,435,1,1,0,0,0,0
439,0.0385,1.5188,0.6707,0.0024,0.668,0.6555,0.0101,0.0013,0.2132,0.8336,0.0082,0.0044,0.0055,0.092,0.0167,0.1358,0.0086,0.006,0.1206,0.1164,0.0081,0.0787,0.5435,0.0031,0.0083,0.0143,0.4304,0.8322,0.8519,4.2696,7,1994856992,1135721760,1,0,116476604,440,436,1,1,0,0,0,0
440,0.0378,1.3608,0.7185,0.0026,0.7157,0.7042,0.0088,0.0013,0.2176,0.6111,0.0076,0.0054,0.0049,0.0595,0.0021,0.0732,0.002,0.0031,0.0536,0.053,0.0147,0.098,0.3373,0.0037,0.0176,0.0372,0.3064,0.1736,0.1872,2.3072,0,1994856992,1135714720,2,0,116476604,441,437,1,1,0,0,0,0
441,0.0419,1.6385,0.7375,0.0022,0.735,0.7207,0.0115,0.0013,0.2773,0.8823,0.0093,0.0062,0.0097,0.1653,0.0042,0.1002,0.0205,0.009,0.1234,0.0828,0.0035,0.0504,0.5221,0.0025,0.0116,0.0171,0.3003,0.1664,0.1347,2.4561,1,1994856992,1135718944,0,0,116476604,442,438,1,1,0,0,0,0
442,0.0416,1.4025,0.7004,0.0021,0.6981,0.6854,0.0099,0.0015,0.2413,0.6749,0.007,0.004,0.0053,0.0887,0.0082,0.1131,0.0082,0.0034,0.0755,0.0447,0.0017,0.0592,0.3812,0.0027,0.0134,0.0284,0.5165,0.2861,0.166,2.6045,2,1994856992,1135714016,1,0,116476604,443,439,1,1,0,0,0,0
443,0.0421,1.3709,0.6921,0.0021,0.6898,0.6788,0.0078,0.0018,0.2411,0.6465,0.0096,0.0065,0.0089,0.0929,0.0069,0.0565,0.0059,0.0054,0.0485,0.046,0.0034,0.0947,0.3386,0.0037,0.0189,0.0331,0.5265,0.9628,0.8404,4.3774,3,1994856992,1135721056,2,0,116476604,444,440,1,1,0,0,0,0
444,0.0392,1.7246,0.6592,0.0022,0.6568,0.6449,0.0082,0.0021,0.2731,1.0441,0.0108,0.0061,0.0089,0.1584,0.0221,0.0746,0.0069,0.0054,0.2637,0.0823,0.0065,0.0975,0.6765,0.0046,0.0128,0.0214,0.3914,0.8607,1.0129,5.1528,4,1994856992,1135709088,0,0,116476604,445,441,1,1,0,0,0,0
445,0.0423,1.6559,0.7915,0.0026,0.7887,0.7769,0.0093,0.0012,0.3007,0.8454,0.0107,0.0059,0.0105,0.1639,0.0088,0.101,0.0041,0.012,0.0752,0.0704,0.0038,0.0553,0.4658,0.004,0.0127,0.0165,0.3027,0.1753,0.2967,2.6408,5,1994856992,1135710496,1,0,116476604,446,442,1,1,0,0,0,0
446,0.0415,1.2277,0.5959,0.0024,0.5932,0.5892,0.0027,0.0008,0.182,0.6128,0.0089,0.0035,0.0053,0.0643,0.0025,0.0609,0.007,0.0028,0.1025,0.084,0.0017,0.0695,0.3812,0.0049,0.0069,0.0302,0.4229,0.5004,0.691,3.5593,6,1994856992,1135720352,2,0,116476604,447,443,1,1,0,0,0,0
447,0.0602,1.6985,0.9459,0.0026,0.943,0.9324,0.0078,0.0011,0.2471,0.7306,0.0081,0.0057,0.007,0.1196,0.0164,0.0959,0.0092,0.0085,0.065,0.0536,0.0058,0.0638,0.3979,0.0066,0.0141,0.0168,0.2717,0.5688,0.8735,4.134,7,1994856992,1135721760,0,0,116476604,448,444,1,1,0,0,0,0
448,0.0836,3.0407,1.1159,0.0094,1.1061,1.089,0.0124,0.0021,0.6393,1.8856,0.0228,0.014,0.0163,0.4008,0.0137,0.2838,0.0098,0.011,0.1447,0.1209,0.0042,0.1308,1.081,0.0168,0.0232,0.0309,0.6062,0.3889,0.3257,4.6972,0,1994856992,1135714720,1,0,116476604,449,445,1,1,0,0,0,0
449,0.0434,1.3182,0.5961,0.0024,0.5934,0.5874,0.0044,0.0007,0.2666,0.7046,0.0085,0.0033,0.0056,0.111,0.0069,0.0719,0.0042,0.0027,0.0726,0.0669,0.0016,0.0645,0.3869,0.0029,0.0039,0.0306,0.332,0.2311,0.1893,2.3484,1,1994856992,1135718944,2,0,116476604,450,446,1,1,0,0,0,0
450,0.0404,1.4812,0.7107,0.0027,0.7077,0.6956,0.0095,0.0013,0.2551,0.7353,0.0087,0.0046,0.0057,0.1055,0.0137,0.0911,0.007,0.0027,0.0799,0.0575,0.0018,0.0869,0.4209,0.0024,0.0203,0.034,0.2464,0.1767,0.2488,2.3954,2,1994856992,1135714016,0,0,116476604,451,447,1,1,0,0,0,0
451,0.0399,1.6349,0.6399,0.0024,0.6372,0.6248,0.0093,0.0012,0.281,0.9391,0.0093,0.0052,0.0087,0.1312,0.0054,0.1928,0.005,0.0057,0.1151,0.0837,0.0039,0.0637,0.5865,0.0112,0.0342,0.0582,1.5868,1.2839,0.9126,6.3752,3,1994856992,1135721056,1,0,116476604,452,448,1,1,0,0,0,0
452,0.0404,1.344,0.7402,0.0026,0.7373,0.7316,0.0044,0.0008,0.1781,0.5816,0.0066,0.004,0.0054,0.1005,0.0029,0.0619,0.0026,0.0027,0.0871,0.0559,0.0021,0.0585,0.3639,0.0022,0.0105,0.0279,0.3062,0.1783,0.1874,2.2334,4,1994856992,1135709088,2,0,116476604,453,449,1,1,0,0,0,0
453,0.0418,1.7662,0.7583,0.0021,0.7559,0.7441,0.0087,0.0012,0.2192,0.9836,0.0074,0.0044,0.0091,0.1764,0.0131,0.1034,0.0187,0.0105,0.142,0.1078,0.0078,0.1392,0.6688,0.0076,0.0143,0.0233,0.3597,0.2767,0.8637,3.7345,5,1994856992,1135710496,0,0,116476604,454,450,1,1,0,0,0,0
454,0.0406,2.1288,0.7483,0.0024,0.7456,0.7312,0.0115,0.0012,0.3943,1.3443,0.0165,0.0126,0.0157,0.4503,0.0156,0.1445,0.0123,0.0063,0.1071,0.061,0.0074,0.0711,0.834,0.0072,0.0232,0.0344,1.7225,1.1033,1.1746,7.8688,6,1994856992,1135720352,1,0,116476604,455,451,1,1,0,0,0,0
455,0.0461,1.4925,0.7383,0.0024,0.7356,0.7279,0.0057,0.0007,0.2047,0.7249,0.0186,0.0123,0.0097,0.1408,0.0066,0.0622,0.023,0.0055,0.0828,0.0677,0.0047,0.053,0.4065,0.004,0.0186,0.0296,1.7564,0.9394,0.7632,5.7158,7,1994856992,1135721760,2,0,116476604,456,452,1,1,0,0,0,0
456,0.0387,1.4179,0.678,0.0025,0.6753,0.6664,0.0066,0.0012,0.1797,0.7148,0.0075,0.004,0.0051,0.1896,0.0041,0.1129,0.0033,0.0032,0.054,0.0866,0.0025,0.0482,0.4913,0.0026,0.0146,0.0165,0.4369,0.3219,0.7668,3.4035,0,1994856992,1135714720,0,0,116476604,457,453,1,1,0,0,0,0
457,0.05,1.6132,0.7849,0.0034,0.7812,0.7669,0.0115,0.0014,0.2838,0.8012,0.0099,0.0053,0.0074,0.1511,0.0175,0.102,0.0054,0.0043,0.0759,0.0701,0.0023,0.0407,0.4398,0.0067,0.0164,0.0276,0.4141,0.2226,0.185,2.7312,1,1994856992,1135718944,1,0,116476604,458,454,1,1,0,0,0,0
458,0.0428,1.3434,0.6937,0.0022,0.6911,0.685,0.0049,0.0007,0.1886,0.6247,0.0066,0.0041,0.0062,0.1068,0.0091,0.0691,0.0079,0.004,0.0689,0.0653,0.0022,0.0693,0.3794,0.0038,0.009,0.0297,0.3786,0.7177,0.7919,4.2134,2,1994856992,1135714016,2,0,116476604,459,455,1,1,0,0,0,0
459,0.0422,1.6226,0.7604,0.0025,0.7577,0.7466,0.0089,0.0014,0.2432,0.8399,0.0106,0.0051,0.0089,0.1565,0.0062,0.0726,0.003,0.0182,0.1104,0.0711,0.0052,0.1084,0.519,0.0034,0.0092,0.0268,0.381,0.7341,1.0366,4.4586,3,1994856992,1135721056,0,0,116476604,460,456,1,1,0,0,0,0
460,0.0407,1.5971,0.6907,0.0022,0.6883,0.6785,0.0065,0.0013,0.2901,0.8848,0.0093,0.0054,0.0089,0.16,0.0059,0.0845,0.0083,0.0092,0.0957,0.0915,0.0063,0.0877,0.5194,0.0045,0.0117,0.0232,1.1474,0.8785,0.8353,5.1184,4,1994856992,1135709088,1,0,116476604,461,457,1,1,0,0,0,0
461,0.108,1.3795,0.6793,0.0051,0.674,0.6642,0.0076,0.0012,0.1948,0.6735,0.0089,0.0043,0.0057,0.1311,0.0084,0.0875,0.0056,0.0152,0.0749,0.0612,0.0038,0.0492,0.4039,0.0073,0.016,0.0197,0.3068,0.6919,0.9701,4.1403,5,1994856992,1135710496,2,0,116476604,462,458,1,1,0,0,0,0
462,0.0388,1.005,0.5441,0.0025,0.5413,0.5361,0.0036,0.001,0.1703,0.4452,0.0087,0.0037,0.0052,0.0655,0.0026,0.0244,0.0019,0.0066,0.0394,0.0597,0.0019,0.0409,0.2299,0.0026,0.0043,0.0273,0.2988,0.1245,0.3455,2.0195,6,1994856992,1135720352,0,0,116476604,463,459,1,1,0,0,0,0
463,0.0599,1.9716,0.9355,0.0056,0.9295,0.9168,0.0095,0.0014,0.3447,1.0136,0.011,0.0079,0.0095,0.2005,0.0278,0.0829,0.0084,0.0045,0.0621,0.127,0.0083,0.0855,0.558,0.0068,0.0116,0.023,0.4698,0.2878,0.2131,3.2497,7,1994856992,1135721760,1,0,116476604,464,460,1,1,0,0,0,0
464,0.0493,1.3994,0.7698,0.0024,0.7672,0.7593,0.0056,0.0011,0.2111,0.5947,0.0091,0.0046,0.0055,0.096,0.0051,0.0556,0.0055,0.0029,0.0598,0.0609,0.0021,0.0605,0.3328,0.0025,0.0173,0.0336,0.3221,0.1917,0.1813,2.3758,0,1994856992,1135714720,2,0,116476604,465,461,1,1,0,0,0,0
465,0.042,1.3218,0.6985,0.0023,0.6959,0.687,0.0071,0.001,0.189,0.5918,0.0068,0.0041,0.0056,0.0827,0.0024,0.0973,0.0028,0.0156,0.0521,0.0765,0.0029,0.0348,0.3434,0.0067,0.0196,0.03,0.347,0.2164,0.3104,2.4703,1,1994856992,1135718944,0,0,116476604,466,462,1,1,0,0,0,0
466,0.0509,1.6585,0.8934,0.0044,0.8887,0.8779,0.0087,0.0011,0.2821,0.7327,0.0098,0.0055,0.0082,0.127,0.011,0.0661,0.005,0.0038,0.0639,0.0649,0.0033,0.0606,0.3825,0.0049,0.0136,0.0821,0.4059,0.267,0.238,2.9071,2,1994856992,1135714016,1,0,116476604,467,463,1,1,0,0,0,0
467,0.1118,3.6004,1.7202,0.0128,1.7069,1.6804,0.0209,0.0029,0.5728,1.8379,0.0167,0.0131,0.0243,0.3005,0.0133,0.2141,0.0099,0.0085,0.1202,0.2861,0.0129,0.2002,1.1211,0.0116,0.0273,0.0335,0.891,0.3022,0.372,5.5787,3,1994856992,1135721056,2,0,116476604,468,464,1,1,0,0,0,0
468,0.0522,2.5903,0.8584,0.0035,0.8545,0.8383,0.013,0.0017,0.4038,1.6339,0.024,0.1534,0.0115,0.1699,0.0128,0.0601,0.0081,0.0035,0.0486,0.1112,0.0168,0.5493,0.9391,0.0227,0.0593,0.0781,1.9394,0.8193,0.6769,6.6953,4,1994856992,1135709088,0,0,116476604,469,465,1,1,0,0,0,0
469,0.0683,2.4453,1.2159,0.0041,1.2115,1.1955,0.0123,0.0019,0.7036,1.2056,0.0242,0.0142,0.017,0.1341,0.0064,0.0717,0.0052,0.0074,0.0819,0.0596,0.0038,0.0374,0.3847,0.0047,0.0132,0.0216,0.4345,0.522,0.7237,4.8425,5,1994856992,1135710496,1,0,116476604,470,466,1,1,0,0,0,0
470,0.0522,2.0487,1.0923,0.0028,1.0891,1.0754,0.011,0.0012,0.325,0.9267,0.025,0.0136,0.016,0.1696,0.008,0.0777,0.006,0.018,0.1035,0.0647,0.004,0.0523,0.4678,0.0077,0.0176,0.034,0.4871,0.211,0.1867,3.1777,6,1994856992,1135720352,2,0,116476604,471,467,1,1,0,0,0,0
471,0.0401,1.6092,0.8529,0.0024,0.8503,0.8391,0.0093,0.001,0.2261,0.7403,0.0083,0.0059,0.0067,0.1141,0.0156,0.1068,0.0065,0.009,0.0915,0.0727,0.0031,0.053,0.4381,0.0049,0.0105,0.0137,0.2978,0.1653,0.2401,2.6284,7,1994856992,1135721760,0,0,116476604,472,468,1,1,0,0,0,0
472,0.0553,1.6345,0.816,0.004,0.8114,0.7968,0.0108,0.0018,0.2905,0.8001,0.0104,0.0076,0.0131,0.1528,0.0059,0.052,0.0085,0.0042,0.0858,0.0557,0.0076,0.0831,0.4294,0.0028,0.0097,0.016,0.4588,0.2094,0.1371,2.6292,0,1994856992,1135714720,1,0,116476604,473,469,1,1,0,0,0,0
473,0.0415,5.2657,0.8421,0.0025,0.8393,0.7945,0.0344,0.0065,1.101,4.3331,0.0398,0.0263,0.0423,0.7058,0.0818,1.0249,0.0233,0.0206,0.5077,0.3352,0.0176,0.2861,2.8597,0.0263,0.0624,0.0751,1.8148,0.8208,0.5751,8.9554,1,1994856992,1135718944,2,0,116476604,474,470,1,1,0,0,0,0
474,0.0595,2.4576,1.1392,0.0049,1.1339,1.1156,0.0143,0.0019,0.4423,1.2785,0.0279,0.0183,0.0193,0.2822,0.0152,0.1014,0.0089,0.0104,0.1239,0.0891,0.0082,0.0737,0.6703,0.0095,0.0257,0.0314,0.5979,0.3418,0.6924,4.539,2,1994856992,1135714016,0,0,116476604,475,471,1,1,0,0,0,0
475,0.0471,1.276,0.771,0.0029,0.7678,0.7594,0.0064,0.0011,0.2168,0.4719,0.0087,0.0044,0.0053,0.0644,0.0033,0.0351,0.0045,0.0037,0.0372,0.0334,0.0021,0.0337,0.2038,0.0038,0.0206,0.0296,0.4297,0.2067,0.3187,2.474,3,1994856992,1135721056,1,0,116476604,476,472,1,1,0,0,0,0
476,0.1904,5.717,2.6978,0.0237,2.6728,2.6404,0.0245,0.0044,0.8468,2.9626,0.0261,0.0172,0.0377,0.3183,0.0172,0.1754,0.0111,0.0286,0.8621,0.3917,0.0175,0.1494,1.8969,0.0139,0.0341,0.0468,1.0064,0.4086,0.2942,8.0222,4,1994856992,1135709088,2,0,116476604,477,473,1,1,0,0,0,0
477,0.0611,2.5279,0.9508,0.0055,0.9449,0.9341,0.0069,0.0023,0.3701,1.53,0.0145,0.01,0.0118,0.2572,0.0208,0.4128,0.0099,0.0081,0.1789,0.1125,0.0059,0.0848,1.0462,0.0089,0.0322,0.0471,0.5992,0.2093,0.177,3.8274,5,1994856992,1135710496,0,0,116476604,478,474,1,1,0,0,0,0
478,0.0675,2.6888,1.1483,0.0105,1.1373,1.1228,0.0111,0.0012,0.7006,1.4467,0.0203,0.0176,0.0134,0.1867,0.0085,0.1293,0.0086,0.0344,0.1193,0.0814,0.006,0.0822,0.5989,0.0098,0.0601,0.037,0.5605,0.2214,0.1893,4.0551,6,1994856992,1135720352,1,0,116476604,479,475,1,1,0,0,0,0
479,0.0533,2.9408,1.162,0.006,1.1554,1.1402,0.0116,0.0016,0.7022,1.6944,0.0273,0.0163,0.0184,0.3599,0.0426,0.1886,0.0101,0.0182,0.0999,0.082,0.0061,0.0724,0.8028,0.0083,0.0286,0.0408,0.8709,0.225,0.1721,4.5048,7,1994856992,1135721760,2,0,116476604,480,476,1,1,0,0,0,0
480,0.0594,6.0165,2.0236,0.0071,2.0162,2.0031,0.0093,0.0016,0.8709,3.9637,0.019,0.0079,0.0088,0.9146,0.0388,0.6683,0.0225,0.0176,0.3952,0.4563,0.0174,0.4655,2.8999,0.0145,0.0197,0.0246,1.0698,0.2144,1.1713,8.8918,0,1994856992,1135714720,0,0,116476604,481,477,1,1,0,0,0,0
481,0.0678,3.4582,0.9022,0.0054,0.8963,0.884,0.0099,0.0012,0.3343,2.5207,0.0324,0.0196,0.0164,0.2653,0.0096,0.837,0.0307,0.0153,0.4512,0.187,0.0083,0.1864,1.9269,0.0085,0.0235,0.0267,1.0347,0.1985,0.1668,5.1949,1,1994856992,1135718944,1,0,116476604,482,478,1,1,0,0,0,0
482,0.0676,3.1003,1.5161,0.0048,1.5104,1.4882,0.0159,0.0025,0.585,1.5262,0.0267,0.0179,0.012,0.3628,0.0302,0.0864,0.0047,0.0066,0.0806,0.0513,0.0038,0.2015,0.7826,0.0142,0.0396,0.0487,1.2225,1.1417,0.9083,7.8503,2,1994856992,1135714016,2,0,116476604,483,479,1,1,0,0,0,0
483,0.0652,2.9962,1.0391,0.0061,1.0324,1.019,0.0105,0.0012,0.6958,1.9286,0.0246,0.016,0.0103,0.2583,0.0195,0.1678,0.0078,0.0088,0.1348,0.3481,0.008,0.1012,1.0102,0.0071,0.018,0.0231,0.6373,0.3157,0.1846,4.5063,3,1994856992,1135721056,0,0,116476604,484,480,1,1,0,0,0,0
484,0.1932,4.5224,2.4057,0.0277,2.3769,2.3006,0.0204,0.0517,0.914,2.0702,0.053,0.0214,0.0262,0.3131,0.0847,0.126,0.0135,0.0097,0.1636,0.1349,0.0122,0.1286,0.8662,0.015,0.0294,0.0394,0.8184,0.4229,0.6046,7.168,4,1994856992,1135709088,1,0,116476604,485,481,1,1,0,0,0,0
485,0.0444,3.4278,0.8645,0.0024,0.8618,0.8519,0.0078,0.0009,0.2671,2.4803,0.0107,0.0061,0.0149,0.4888,0.026,0.248,0.0177,0.0181,0.2365,0.5879,0.0599,0.4245,1.9857,0.0362,0.0543,0.0711,1.9554,0.8582,0.8042,7.7955,5,1994856992,1135710496,2,0,116476604,486,482,1,1,0,0,0,0
486,0.0546,1.7308,0.887,0.0045,0.8821,0.8688,0.0102,0.0014,0.2907,0.8121,0.0148,0.0181,0.0138,0.174,0.0074,0.0632,0.0063,0.0065,0.0779,0.0477,0.0037,0.0617,0.4245,0.0054,0.0189,0.0304,0.4625,0.2074,0.1744,2.8389,6,1994856992,1135720352,0,0,116476604,487,483,1,1,0,0,0,0
487,0.0644,2.8041,1.3714,0.0059,1.3651,1.3454,0.0156,0.0018,0.5939,1.3785,0.0224,0.0142,0.0176,0.2115,0.0114,0.1007,0.0063,0.0062,0.1114,0.0877,0.0052,0.1417,0.653,0.0107,0.0313,0.0544,1.0749,0.2858,0.2346,4.7824,7,1994856992,1135721760,1,0,116476604,488,484,1,1,0,0,0,0
488,0.0875,10.9596,1.0398,0.0036,1.036,1.0275,0.0059,0.0013,1.5738,9.8714,0.0516,0.0359,0.059,2.6848,0.0801,3.4345,0.0359,0.0308,1.1543,0.2879,0.0155,0.3039,7.8654,0.0148,0.0305,0.0368,0.9918,0.5869,0.4224,13.6915,0,1994856992,1135714720,2,0,116476604,489,485,1,1,0,0,0,0
489,0.0844,2.1952,1.2042,0.012,1.1918,1.18,0.0088,0.0014,0.3809,0.9642,0.0133,0.0088,0.0108,0.212,0.0229,0.0704,0.006,0.0114,0.0795,0.062,0.0034,0.0489,0.4728,0.0056,0.0164,0.0235,0.6415,0.3122,0.2046,3.6824,1,1994856992,1135718944,0,0,116476604,490,486,1,1,0,0,0,0
490,0.1317,2.7828,1.5961,0.0057,1.5895,1.5737,0.0079,0.0056,0.4147,1.1487,0.016,0.0115,0.012,0.2463,0.0391,0.1097,0.0092,0.0106,0.0901,0.076,0.0039,0.0721,0.5942,0.0071,0.0229,0.0347,0.5265,0.2116,0.276,4.1567,2,1994856992,1135714016,1,0,116476604,491,487,1,1,0,0,0,0
491,0.0856,3.1386,1.732,0.0051,1.7263,1.6932,0.0268,0.0033,0.8873,1.3752,0.0544,0.0259,0.018,0.1183,0.0069,0.0528,0.0066,0.0039,0.0508,0.048,0.0021,0.0477,0.3176,0.0052,0.0193,0.0313,0.5584,0.2678,1.1064,6.0457,3,1994856992,1135721056,2,0,116476604,492,488,1,1,0,0,0,0
492,0.0775,2.1553,1.0503,0.0088,1.0411,1.023,0.0141,0.0019,0.4383,1.0735,0.0272,0.0157,0.0175,0.1665,0.0093,0.0617,0.0051,0.0199,0.0985,0.0846,0.0053,0.0792,0.4905,0.0073,0.0161,0.0234,0.5581,0.3848,0.3772,3.8529,4,1994856992,1135709088,0,0,116476604,493,489,1,1,0,0,0,0
493,0.0498,1.6043,0.765,0.0035,0.7612,0.7525,0.0061,0.0012,0.2476,0.7946,0.0171,0.007,0.0069,0.0946,0.0081,0.0797,0.0107,0.0082,0.0631,0.089,0.005,0.1292,0.4556,0.0076,0.032,0.0229,0.4483,0.2189,0.1713,2.7296,5,1994856992,1135710496,1,0,116476604,494,490,1,1,0,0,0,0
494,0.0498,3.086,0.7177,0.0024,0.7151,0.7073,0.0056,0.0009,0.258,2.264,0.0144,0.0081,0.0078,0.3605,0.084,0.5101,0.0224,0.0201,0.324,0.289,0.0171,0.2754,1.759,0.0248,0.0638,0.0871,1.7189,1.048,0.856,7.5124,6,1994856992,1135720352,2,0,116476604,495,491,1,1,0,0,0,0
495,0.0648,2.1501,1.0364,0.0081,1.0278,1.0098,0.0144,0.0015,0.4675,1.086,0.0201,0.0132,0.0146,0.2076,0.0131,0.0947,0.0076,0.0057,0.0715,0.0644,0.0043,0.0646,0.5028,0.0059,0.0158,0.0268,0.461,0.2957,0.1803,3.3853,7,1994856992,1135721760,0,0,116476604,496,492,1,1,0,0,0,0
496,0.0528,1.3568,0.7946,0.004,0.7904,0.784,0.0051,0.0007,0.2116,0.5351,0.0087,0.005,0.0057,0.0953,0.004,0.0546,0.0041,0.0037,0.0455,0.0416,0.0017,0.0382,0.2752,0.003,0.0128,0.0302,0.3316,0.1948,0.1828,2.3067,0,1994856992,1135714720,1,0,116476604,497,493,1,1,0,0,0,0
497,0.0477,1.445,0.8141,0.0027,0.8112,0.8031,0.0065,0.001,0.2316,0.597,0.009,0.0054,0.0074,0.0889,0.0052,0.0564,0.004,0.0035,0.0581,0.0533,0.0033,0.0518,0.3085,0.0033,0.0177,0.043,0.6576,0.2629,0.1971,2.8062,1,1994856992,1135718944,2,0,116476604,498,494,1,1,0,0,0,0
498,0.0484,1.8821,0.8266,0.0036,0.8228,0.8103,0.0097,0.0012,0.5973,1.0279,0.0272,0.0139,0.0126,0.147,0.0057,0.0672,0.0047,0.0027,0.0433,0.0377,0.0016,0.0377,0.3329,0.003,0.0164,0.023,0.3068,0.1365,0.1466,2.6754,2,1994856992,1135714016,0,0,116476604,499,495,1,1,0,0,0,0
499,0.048,1.5583,0.8213,0.0032,0.8178,0.8068,0.0086,0.001,0.3134,0.697,0.0133,0.0133,0.0159,0.1222,0.0067,0.0431,0.0082,0.005,0.0496,0.0427,0.0021,0.0361,0.2937,0.0058,0.0261,0.02,0.313,0.1528,0.7482,3.4209,3,1994856992,1135721056,1,0,116476604,500,496,1,1,0,0,0,0
500,0.0473,1.3401,0.7109,0.0038,0.7068,0.699,0.0057,0.0009,0.1947,0.5953,0.0096,0.004,0.0054,0.1349,0.0059,0.078,0.0048,0.0067,0.0619,0.0334,0.0025,0.0317,0.3399,0.0049,0.0156,0.0332,0.3302,0.164,0.1658,2.2313,4,1994856992,1135709088,2,0,116476604,501,497,1,1,0,0,0,0
501,0.0498,1.5716,0.7537,0.0034,0.75,0.7414,0.0058,0.0016,0.3325,0.7975,0.0117,0.0086,0.0134,0.1454,0.0078,0.0588,0.007,0.0059,0.0604,0.0569,0.0043,0.0545,0.376,0.0048,0.0114,0.0186,0.3174,0.166,0.2179,2.5655,5,1994856992,1135710496,0,0,116476604,502,498,1,1,0,0,0,0
502,0.0523,1.5793,0.9996,0.0034,0.9957,0.9867,0.0064,0.0011,0.1892,0.5373,0.0086,0.0054,0.0068,0.1183,0.0058,0.0676,0.0037,0.0029,0.0396,0.0345,0.0024,0.0337,0.2937,0.0029,0.0254,0.039,0.3336,0.1683,0.3137,2.6695,6,1994856992,1135720352,1,0,116476604,503,499,1,1,0,0,0,0
503,0.0993,2.9933,1.3963,0.0142,1.3815,1.3607,0.016,0.0033,0.4948,1.5548,0.0242,0.0177,0.024,0.2399,0.0119,0.1044,0.0075,0.0164,0.3607,0.111,0.0055,0.0875,0.9035,0.0084,0.0238,0.0398,0.8106,0.3087,0.2893,4.7966,7,1994856992,1135721760,2,0,116476604,504,500,1,1,0,0,0,0
504,0.0456,1.3548,0.808,0.0033,0.8044,0.7963,0.0055,0.0014,0.2447,0.5119,0.0077,0.0058,0.0075,0.0733,0.0069,0.0325,0.0049,0.0049,0.0402,0.0317,0.0022,0.0317,0.2094,0.0032,0.0161,0.0323,0.3044,0.1603,0.205,2.2937,0,1994856992,1135714720,0,0,116476604,505,501,1,1,0,0,0,0
505,0.0566,1.4211,0.8438,0.0036,0.8399,0.8316,0.0059,0.0011,0.2098,0.5516,0.0193,0.0093,0.0091,0.1155,0.0053,0.0393,0.0052,0.0049,0.0396,0.0349,0.0026,0.0342,0.2635,0.0036,0.0148,0.0199,1.5948,0.8186,0.901,5.391,1,1994856992,1135718944,1,0,116476604,506,502,1,1,0,0,0,0
506,0.0678,5.6946,1.8752,0.0044,1.8701,1.7937,0.0623,0.007,1.2851,3.7159,0.0444,0.0317,0.0463,0.9442,0.0374,0.2883,0.0314,0.0143,0.2323,0.2179,0.0117,0.3884,2.0711,0.0544,0.0629,0.0843,1.7047,0.5345,0.7063,9.1869,2,1994856992,1135714016,2,0,116476604,507,503,1,1,0,0,0,0
507,0.056,1.5817,1.017,0.0053,1.011,1.0009,0.0064,0.0021,0.273,0.5348,0.0095,0.0055,0.007,0.0766,0.0031,0.0316,0.0034,0.0035,0.0377,0.0328,0.0017,0.031,0.2097,0.0033,0.0189,0.0306,0.3291,0.19,0.1541,2.4959,3,1994856992,1135721056,0,0,116476604,508,504,1,1,0,0,0,0
508,0.1766,4.2782,2.3996,0.0186,2.3801,2.353,0.0198,0.0035,0.5257,1.8309,0.0209,0.0112,0.0277,0.3291,0.0089,0.155,0.0066,0.0172,0.1766,0.2558,0.0239,0.221,1.1375,0.0122,0.0276,0.0329,0.6488,0.3078,0.276,6.0211,4,1994856992,1135709088,1,0,116476604,509,505,1,1,0,0,0,0
509,0.0685,1.6688,0.6724,0.006,0.6659,0.6557,0.0076,0.0013,0.2467,0.9598,0.0228,0.0099,0.0123,0.1435,0.006,0.187,0.0226,0.0069,0.1348,0.0522,0.0034,0.0725,0.59,0.0054,0.0188,0.0378,0.4906,0.1749,0.1899,2.7761,5,1994856992,1135710496,2,0,116476604,510,506,1,1,0,0,0,0
510,0.0519,1.8539,0.8733,0.0049,0.8682,0.8557,0.0098,0.0013,0.3199,0.9542,0.0254,0.0168,0.0134,0.1881,0.0172,0.0967,0.007,0.0046,0.0962,0.0738,0.0024,0.0531,0.5079,0.0061,0.0171,0.0239,0.4797,0.2428,0.1926,3.1354,6,1994856992,1135720352,0,0,116476604,511,507,1,1,0,0,0,0
511,0.0656,1.4671,0.9171,0.004,0.9128,0.9015,0.0083,0.0013,0.2617,0.5285,0.0121,0.0069,0.0072,0.0674,0.0041,0.0316,0.0111,0.006,0.0334,0.0316,0.0021,0.0309,0.1949,0.0033,0.0119,0.0222,0.2927,0.226,0.3212,2.6111,7,1994856992,1135721760,1,0,116476604,512,508,1,1,0,0,0,0
512,0.0594,2.246,0.8762,0.0093,0.8665,0.855,0.008,0.0025,0.3216,1.3338,0.0107,0.0074,0.0137,0.5783,0.0073,0.0716,0.0046,0.0046,0.071,0.1139,0.0155,0.0842,0.919,0.0073,0.0175,0.0321,0.6182,0.2743,0.2318,3.6806,0,1994856992,1135714720,2,0,116476604,513,509,1,1,0,0,0,0
513,0.0553,1.4535,0.8665,0.003,0.8632,0.8554,0.0057,0.0013,0.251,0.5699,0.011,0.005,0.0077,0.0844,0.0041,0.0435,0.0038,0.0032,0.0439,0.0438,0.0021,0.0454,0.261,0.0037,0.0049,0.0203,0.4029,0.2997,0.2278,2.7504,1,1994856992,1135718944,0,0,116476604,514,510,1,1,0,0,0,0
514,0.0488,1.2671,0.6806,0.0039,0.6765,0.6701,0.0046,0.0012,0.2405,0.5612,0.0083,0.0045,0.0081,0.0883,0.0048,0.046,0.0039,0.0031,0.0461,0.0436,0.0024,0.044,0.268,0.0035,0.0093,0.0279,0.2979,0.2465,0.3545,2.5059,2,1994856992,1135714016,1,0,116476604,515,511,1,1,0,0,0,0
515,0.0467,1.6093,0.8658,0.0033,0.8622,0.8522,0.008,0.001,0.2702,0.7105,0.014,0.0067,0.0069,0.1922,0.0147,0.0509,0.0038,0.0044,0.0447,0.0358,0.0024,0.0354,0.359,0.0069,0.0205,0.0202,0.3546,0.206,0.2778,2.71,3,1994856992,1135721056,2,0,116476604,516,512,1,1,0,0,0,0
516,0.0585,2.2945,1.1666,0.0052,1.1611,1.1499,0.0074,0.0015,0.4452,1.0905,0.0239,0.0154,0.0135,0.2074,0.0084,0.0999,0.0054,0.005,0.091,0.0777,0.0029,0.0531,0.5291,0.0054,0.0252,0.0308,0.7268,0.2452,0.1958,3.8096,4,1994856992,1135709088,0,0,116476604,517,513,1,1,0,0,0,0
517,0.063,2.3284,1.0731,0.0058,1.066,1.0537,0.0087,0.0015,0.3509,1.2023,0.0133,0.0101,0.0149,0.2015,0.0394,0.0834,0.01,0.0138,0.1841,0.1655,0.0099,0.0626,0.6971,0.0074,0.024,0.0343,0.5733,0.2847,0.2465,3.7507,5,1994856992,1135710496,1,0,116476604,518,514,1,1,0,0,0,0
518,0.0518,1.645,0.861,0.0036,0.8569,0.8453,0.0089,0.0013,0.3293,0.7422,0.0129,0.0097,0.0106,0.1136,0.0066,0.053,0.0047,0.0048,0.0519,0.0673,0.0032,0.0486,0.3344,0.004,0.0223,0.0363,1.1444,1.2248,1.1754,6.2027,6,1994856992,1135720352,2,0,116476604,519,515,1,1,0,0,0,0
519,0.1887,5.7068,2.578,0.025,2.5518,2.5014,0.0363,0.0061,1.3363,3.0796,0.0502,0.0356,0.0445,0.6066,0.0533,0.2376,0.013,0.0128,0.1895,0.1799,0.0107,0.2018,1.4154,0.0176,0.0311,0.0376,0.8881,0.4068,0.4898,7.9778,7,1994856992,1135721760,0,0,116476604,520,516,1,1,0,0,0,0
520,0.194,4.3348,2.5265,0.0195,2.506,2.4617,0.035,0.005,0.6919,1.7687,0.0246,0.017,0.0211,0.3667,0.0145,0.1471,0.0062,0.0271,0.1545,0.121,0.0081,0.1168,0.9061,0.0116,0.0225,0.0417,0.7308,0.4246,0.4311,6.4691,0,1994856992,1135714720,1,0,116476604,521,517,1,1,0,0,0,0
521,0.0443,1.3925,0.8281,0.0029,0.825,0.8161,0.0069,0.0012,0.2325,0.5404,0.0094,0.0057,0.0074,0.1031,0.0062,0.055,0.0033,0.004,0.0335,0.0288,0.0022,0.0308,0.2512,0.0025,0.0138,0.0227,0.4525,0.2081,0.2313,2.5132,1,1994856992,1135718944,2,0,116476604,522,518,1,1,0,0,0,0
522,0.0521,1.5238,0.8525,0.0037,0.8485,0.8366,0.0069,0.001,0.2269,0.6457,0.0094,0.0061,0.008,0.1433,0.0081,0.0528,0.0057,0.0048,0.0964,0.0341,0.0024,0.0277,0.3543,0.0034,0.0148,0.0254,2.35,0.8722,1.1263,7.0824,2,1994856992,1135714016,0,0,116476604,523,519,1,1,0,0,0,0
523,0.0799,2.5127,1.2253,0.0123,1.2123,1.1922,0.0157,0.0022,0.4444,1.2471,0.0273,0.0122,0.013,0.224,0.0249,0.1968,0.011,0.0058,0.0754,0.0805,0.0063,0.0818,0.6585,0.0083,0.0243,0.0351,0.69,0.3211,0.2452,4.1344,3,1994856992,1135721056,1,0,116476604,524,520,1,1,0,0,0,0
524,0.0766,2.2504,1.1996,0.0088,1.1904,1.1759,0.0111,0.0018,0.4077,1.0155,0.0188,0.0123,0.0172,0.183,0.0245,0.1123,0.0097,0.0056,0.0692,0.055,0.0037,0.0546,0.4741,0.0054,0.0194,0.033,0.519,0.3053,0.2538,3.6394,4,1994856992,1135709088,2,0,116476604,525,521,1,1,0,0,0,0
525,0.0469,3.287,0.8692,0.0027,0.8662,0.8561,0.0073,0.0016,0.2504,2.3136,0.0105,0.0061,0.0101,0.2954,0.0638,0.4401,0.0608,0.0258,0.2796,0.32,0.035,0.4231,1.7582,0.0364,0.0631,0.0805,2.4314,1.1986,0.8321,8.9419,5,1994856992,1135710496,0,0,116476604,526,522,1,1,0,0,0,0
526,0.048,1.3493,0.786,0.0028,0.7825,0.7756,0.0048,0.0011,0.2487,0.5385,0.0097,0.0059,0.005,0.0763,0.0055,0.0328,0.0023,0.0022,0.0461,0.0411,0.0017,0.0418,0.2381,0.003,0.0149,0.0282,0.3776,1.0944,1.1361,5.0133,6,1994856992,1135720352,1,0,116476604,527,523,1,1,0,0,0,0
527,0.0454,1.547,0.7227,0.0031,0.7194,0.7082,0.0088,0.0011,0.228,0.8034,0.0215,0.0146,0.0138,0.1806,0.0183,0.1246,0.0082,0.0056,0.0912,0.0419,0.002,0.0306,0.4689,0.0027,0.013,0.0212,0.2689,0.1842,0.3106,2.5441,7,1994856992,1135721760,2,0,116476604,528,524,1,1,0,0,0,0
528,0.0547,3.0791,0.7898,0.0034,0.786,0.7746,0.0084,0.0011,0.2318,1.9548,0.0184,0.0175,0.0123,0.1471,0.0059,0.1844,0.0171,0.0198,0.4592,0.4493,0.0354,0.3042,1.5442,0.0214,0.0521,0.0735,1.6403,1.0232,0.834,7.2532,0,1994856992,1135714720,0,0,116476604,529,525,1,1,0,0,0,0
529,0.0487,1.7647,0.8506,0.0034,0.8466,0.8373,0.0072,0.0009,0.2815,0.8837,0.0101,0.0057,0.0094,0.1985,0.0192,0.1023,0.0067,0.0045,0.0594,0.0528,0.0055,0.1047,0.5177,0.0064,0.0193,0.028,0.4597,0.2887,0.3422,3.1427,1,1994856992,1135718944,1,0,116476604,530,526,1,1,0,0,0,0
530,0.0506,1.6871,0.8938,0.0029,0.8906,0.8804,0.008,0.0011,0.2583,0.7746,0.0126,0.0058,0.0108,0.16,0.0086,0.0487,0.0058,0.0086,0.1202,0.0686,0.0037,0.0429,0.4404,0.003,0.0106,0.0184,0.3011,0.1778,0.1649,2.5534,2,1994856992,1135714016,2,0,116476604,531,527,1,1,0,0,0,0
531,0.0424,1.6406,0.8652,0.0028,0.8621,0.8493,0.01,0.0013,0.2426,0.7588,0.0103,0.0053,0.0092,0.1037,0.0063,0.0946,0.0059,0.0042,0.0671,0.0594,0.0072,0.1211,0.4459,0.004,0.0098,0.0178,0.4857,0.3039,0.2326,2.9358,3,1994856992,1135721056,0,0,116476604,532,528,1,1,0,0,0,0
532,0.085,2.742,1.2433,0.012,1.2308,1.2129,0.0142,0.0018,0.5159,1.458,0.0272,0.0148,0.0235,0.268,0.0279,0.1044,0.0067,0.0181,0.1784,0.125,0.0104,0.0854,0.7612,0.0081,0.0247,0.0337,0.647,0.2693,0.2539,4.287,4,1994856992,1135709088,1,0,116476604,533,529,1,1,0,0,0,0
533,0.0431,1.3572,0.7432,0.0108,0.7321,0.724,0.0066,0.0009,0.223,0.5899,0.009,0.0049,0.009,0.0946,0.0062,0.0521,0.0035,0.006,0.0533,0.0512,0.0029,0.0527,0.3039,0.0054,0.0126,0.0315,0.3351,0.1778,0.1531,2.2346,5,1994856992,1135710496,2,0,116476604,534,530,1,1,0,0,0,0
534,0.0449,1.9888,0.7736,0.0028,0.7706,0.7618,0.0064,0.001,0.2721,1.1782,0.012,0.0064,0.0092,0.2885,0.0145,0.2157,0.0102,0.0056,0.0936,0.1325,0.0112,0.0726,0.8029,0.0116,0.0253,0.0342,0.818,0.3321,1.4141,5.2157,6,1994856992,1135720352,0,0,116476604,535,531,1,1,0,0,0,0
535,0.0429,1.7728,0.8032,0.0032,0.7997,0.7876,0.01,0.0011,0.388,0.9446,0.0142,0.0069,0.0128,0.2639,0.0194,0.0803,0.0074,0.0036,0.0511,0.0317,0.0019,0.0337,0.4607,0.0044,0.0142,0.0274,0.3263,0.1663,0.1626,2.6263,7,1994856992,1135721760,1,0,116476604,536,532,1,1,0,0,0,0
536,0.0446,1.7173,0.8615,0.0025,0.8586,0.8467,0.0095,0.0013,0.2536,0.8302,0.0099,0.0065,0.0094,0.1475,0.0189,0.1038,0.0113,0.004,0.0703,0.0721,0.0052,0.0892,0.4829,0.0039,0.0137,0.0229,0.3663,0.1997,0.3905,2.9032,0,1994856992,1135714720,2,0,116476604,537,533,1,1,0,0,0,0
537,0.0448,2.0689,0.8249,0.003,0.8215,0.8031,0.015,0.0017,0.4336,1.2181,0.0269,0.0148,0.0108,0.2429,0.0205,0.1128,0.0056,0.0108,0.16,0.0608,0.0074,0.0736,0.6501,0.0055,0.0163,0.0246,0.3912,0.2254,0.2467,3.2144,1,1994856992,1135718944,0,0,116476604,538,534,1,1,0,0,0,0
538,0.0458,1.5871,0.8839,0.0035,0.8801,0.8664,0.0106,0.0014,0.241,0.6673,0.0098,0.0056,0.011,0.1333,0.0092,0.0552,0.0041,0.0067,0.0724,0.0492,0.0066,0.0395,0.3496,0.0052,0.0223,0.0283,0.3011,0.1826,0.2303,2.5174,2,1994856992,1135714016,1,0,116476604,539,535,1,1,0,0,0,0
539,0.0589,1.7412,0.7571,0.0061,0.7505,0.7394,0.0083,0.0017,0.3093,0.9689,0.0107,0.0062,0.0129,0.2091,0.0086,0.0971,0.0068,0.0063,0.1231,0.0703,0.0125,0.0684,0.568,0.0057,0.0065,0.0306,0.4035,0.302,0.22,2.9618,3,1994856992,1135721056,2,0,116476604,540,536,1,1,0,0,0,0
540,0.0425,1.7367,0.7536,0.0026,0.7505,0.7379,0.0106,0.001,0.3623,0.959,0.0125,0.008,0.014,0.2165,0.0092,0.0759,0.0053,0.011,0.0632,0.0956,0.0025,0.0575,0.5087,0.0046,0.0146,0.0213,0.8435,1.0222,0.8204,5.0982,4,1994856992,1135709088,0,0,116476604,541,537,1,1,0,0,0,0
541,0.044,1.4713,0.7992,0.0034,0.7956,0.7841,0.0088,0.0014,0.2364,0.6218,0.0093,0.0054,0.0106,0.0878,0.0081,0.0435,0.0041,0.0034,0.0402,0.0423,0.0068,0.0894,0.3032,0.0165,0.0306,0.0425,0.4227,0.7985,0.7727,4.1031,5,1994856992,1135710496,1,0,116476604,542,538,1,1,0,0,0,0
542,0.0505,1.383,0.6461,0.0033,0.6426,0.6359,0.0052,0.001,0.2149,0.7171,0.0075,0.0047,0.0071,0.1004,0.0047,0.1014,0.0048,0.0043,0.0713,0.0674,0.0023,0.1093,0.4498,0.0034,0.0092,0.0157,0.2881,0.1545,0.174,2.1919,6,1994856992,1135720352,2,0,116476604,543,539,1,1,0,0,0,0
543,0.0439,1.5062,0.7174,0.0027,0.7144,0.7061,0.0062,0.001,0.3289,0.7719,0.0205,0.0123,0.0115,0.1641,0.0222,0.0608,0.0067,0.0059,0.0384,0.0324,0.0029,0.0356,0.3313,0.0036,0.0102,0.0148,0.2511,0.2282,0.2366,2.6444,7,1994856992,1135721760,0,0,116476604,544,540,1,1,0,0,0,0
544,0.0454,1.3977,0.8186,0.0027,0.8157,0.805,0.0083,0.0013,0.2178,0.5465,0.0086,0.0054,0.0071,0.076,0.003,0.0485,0.0039,0.0035,0.0552,0.0461,0.0047,0.0498,0.2756,0.0035,0.016,0.035,0.3808,0.7725,1.0746,4.5201,0,1994856992,1135714720,1,0,116476604,545,541,1,1,0,0,0,0
545,0.0593,1.6844,0.8823,0.0039,0.8781,0.8654,0.0097,0.0016,0.3084,0.7205,0.0119,0.006,0.0079,0.0892,0.0045,0.0452,0.0038,0.0038,0.0476,0.0439,0.0076,0.1009,0.3268,0.0174,0.0485,0.0664,1.6527,0.9892,0.8456,6.3034,1,1994856992,1135718944,2,0,116476604,546,542,1,1,0,0,0,0
546,0.0514,1.2965,0.6956,0.0031,0.6923,0.6854,0.0053,0.0009,0.2125,0.5769,0.0087,0.0043,0.0085,0.1089,0.0088,0.0577,0.0077,0.0077,0.0535,0.0411,0.0028,0.0345,0.2957,0.0047,0.011,0.0369,0.3104,0.1889,0.6465,2.9167,2,1994856992,1135714016,0,0,116476604,547,543,1,1,0,0,0,0
547,0.0435,1.5433,0.8222,0.0031,0.8188,0.803,0.0111,0.0029,0.2376,0.6933,0.0092,0.0053,0.0093,0.1067,0.0088,0.0463,0.0079,0.0059,0.0821,0.07,0.0025,0.0725,0.3776,0.0119,0.018,0.0214,0.3366,0.2249,0.1982,2.5671,3,1994856992,1135721056,1,0,116476604,548,544,1,1,0,0,0,0
548,0.0417,1.448,0.8205,0.0021,0.8181,0.8095,0.0066,0.0011,0.2094,0.5926,0.0074,0.005,0.0049,0.0864,0.0065,0.0801,0.006,0.0055,0.0558,0.0406,0.0033,0.0627,0.3256,0.005,0.0194,0.0307,0.2805,0.2114,0.2696,2.4794,4,1994856992,1135709088,2,0,116476604,549,545,1,1,0,0,0,0
549,0.0546,1.9903,1.0887,0.0032,1.085,1.0761,0.0056,0.0023,0.3353,0.8645,0.016,0.0075,0.0135,0.1743,0.0078,0.0916,0.0059,0.0048,0.0716,0.0458,0.0072,0.049,0.4323,0.0064,0.0169,0.0374,0.5152,0.2586,0.239,3.3158,5,1994856992,1135710496,0,0,116476604,550,546,1,1,0,0,0,0
550,0.0428,1.327,0.8081,0.0035,0.8044,0.7966,0.0053,0.0013,0.1932,0.492,0.0084,0.0048,0.0048,0.0859,0.0055,0.0575,0.0051,0.0034,0.0404,0.0324,0.0023,0.0309,0.2471,0.0041,0.0144,0.0273,0.2878,0.1229,0.1592,2.0863,6,1994856992,1135720352,1,0,116476604,551,547,1,1,0,0,0,0
551,0.0394,1.572,0.7757,0.0026,0.7728,0.7645,0.0065,0.0008,0.2305,0.768,0.0109,0.0056,0.0067,0.1583,0.0157,0.0819,0.0103,0.0092,0.0757,0.0733,0.0026,0.0615,0.4507,0.0051,0.0158,0.0299,1.4574,0.971,1.145,5.8463,7,1994856992,1135721760,2,0,116476604,552,548,1,1,0,0,0,0
552,0.0421,1.5155,0.7918,0.0041,0.7875,0.7798,0.0054,0.0009,0.2935,0.708,0.0097,0.0062,0.0094,0.1529,0.0084,0.0686,0.0058,0.0037,0.0588,0.0346,0.0023,0.0329,0.3478,0.0034,0.0102,0.0156,0.5435,0.2573,0.2074,2.7643,0,1994856992,1135714720,0,0,116476604,553,549,1,1,0,0,0,0
553,0.0514,1.4009,0.6329,0.0038,0.6288,0.621,0.0055,0.0013,0.2314,0.7468,0.008,0.0067,0.0082,0.0853,0.0065,0.0885,0.0175,0.0083,0.1219,0.0692,0.0064,0.0659,0.4308,0.0047,0.0133,0.0179,0.307,0.1476,0.1794,2.288,1,1994856992,1135718944,1,0,116476604,554,550,1,1,0,0,0,0
554,0.0874,2.6606,1.2792,0.0097,1.2691,1.2478,0.016,0.0025,0.4386,1.3485,0.0388,0.0178,0.0199,0.2857,0.0214,0.0941,0.0068,0.0143,0.132,0.1283,0.01,0.087,0.7271,0.0114,0.0201,0.034,0.6427,0.2326,0.1638,3.9492,2,1994856992,1135714016,2,0,116476604,555,551,1,1,0,0,0,0
555,0.0689,2.4665,1.1962,0.0095,1.1863,1.1712,0.0105,0.0025,0.4195,1.2319,0.0122,0.011,0.0193,0.1906,0.0126,0.1055,0.007,0.0154,0.1137,0.1641,0.0076,0.1162,0.6901,0.01,0.023,0.0328,0.6389,0.269,0.1892,3.8025,3,1994856992,1135721056,0,0,116476604,556,552,1,1,0,0,0,0
556,0.1242,3.19,1.5344,0.018,1.5156,1.4912,0.0191,0.0026,0.5162,1.6099,0.0253,0.0191,0.0272,0.2964,0.0152,0.1226,0.0074,0.0068,0.1112,0.1963,0.0127,0.1914,0.9179,0.021,0.0273,0.0364,0.7203,0.3264,0.3341,4.9525,4,1994856992,1135709088,1,0,116476604,557,553,1,1,0,0,0,0
557,0.0515,2.8447,0.7569,0.0031,0.7535,0.7441,0.0064,0.0015,0.2211,1.9827,0.0105,0.0068,0.0084,0.12,0.0228,0.2358,0.0404,0.0259,0.435,0.2846,0.0191,0.4818,1.5572,0.0347,0.0645,0.088,2.3927,1.1636,0.7788,7.9423,5,1994856992,1135710496,2,0,116476604,558,554,1,1,0,0,0,0
558,0.0735,1.7883,1.0352,0.006,1.0288,1.0125,0.0127,0.0013,0.2833,0.7166,0.0083,0.0058,0.0121,0.1466,0.0082,0.0578,0.0051,0.0048,0.0561,0.05,0.0036,0.0503,0.3608,0.0048,0.0238,0.0207,0.3628,0.2386,0.3798,3.095,6,1994856992,1135720352,0,0,116476604,559,555,1,1,0,0,0,0
559,0.0488,1.4288,0.8282,0.0036,0.8244,0.8131,0.0082,0.0015,0.2544,0.57,0.0101,0.006,0.0093,0.0918,0.0056,0.0437,0.0035,0.0039,0.0444,0.038,0.0033,0.0361,0.254,0.0025,0.0172,0.0248,0.4412,0.6963,1.0512,4.2751,7,1994856992,1135721760,1,0,116476604,560,556,1,1,0,0,0,0
560,0.0539,1.6898,0.9666,0.0043,0.9619,0.9496,0.0101,0.0012,0.338,0.6949,0.0078,0.0052,0.0061,0.0706,0.0807,0.0464,0.0047,0.0037,0.0361,0.0347,0.0026,0.0374,0.2252,0.0044,0.0177,0.0334,0.3089,0.1465,0.2343,2.6119,0,1994856992,1135714720,2,0,116476604,561,557,1,1,0,0,0,0
561,0.0443,1.4932,0.6728,0.0037,0.6688,0.6619,0.0052,0.001,0.2394,0.7933,0.0166,0.0101,0.0132,0.1431,0.0106,0.0461,0.0044,0.004,0.0427,0.0395,0.0029,0.193,0.4644,0.0083,0.0136,0.0282,0.5085,0.2714,0.2086,2.7813,1,1994856992,1135718944,0,0,116476604,562,558,1,1,0,0,0,0
562,0.0461,1.4854,0.6761,0.0037,0.6721,0.6641,0.0064,0.0011,0.2342,0.7902,0.0088,0.0049,0.0087,0.1434,0.023,0.1047,0.0095,0.0119,0.0775,0.0762,0.004,0.0624,0.4642,0.0041,0.0097,0.0197,0.4026,0.3131,0.3811,2.8768,2,1994856992,1135714016,1,0,116476604,563,559,1,1,0,0,0,0
563,0.0453,1.8615,1.0449,0.0032,1.0413,1.0281,0.0099,0.0017,0.3287,0.7974,0.0103,0.007,0.0135,0.1522,0.0094,0.0638,0.0074,0.0049,0.0572,0.0565,0.0047,0.0549,0.3846,0.0048,0.0112,0.0211,0.3519,0.2226,0.2413,2.8895,3,1994856992,1135721056,2,0,116476604,564,560,1,1,0,0,0,0
564,0.057,1.7743,0.8306,0.0042,0.8261,0.8162,0.0063,0.0017,0.3018,0.9079,0.0102,0.0063,0.0106,0.1477,0.0166,0.1052,0.0085,0.0076,0.1181,0.0889,0.0031,0.0583,0.5182,0.0042,0.0193,0.0355,0.4722,0.234,0.2712,3.0363,4,1994856992,1135709088,0,0,116476604,565,561,1,1,0,0,0,0
565,0.0514,1.6638,0.8436,0.0026,0.8404,0.8303,0.0071,0.0013,0.356,0.7955,0.0134,0.0081,0.0114,0.1242,0.0068,0.0592,0.0056,0.0051,0.0593,0.0561,0.0044,0.0567,0.3555,0.0052,0.0144,0.0229,0.3333,0.2185,0.3394,2.8618,5,1994856992,1135710496,1,0,116476604,566,562,1,1,0,0,0,0
566,0.0555,1.6861,0.8243,0.0043,0.8197,0.8099,0.0074,0.0016,0.3199,0.8458,0.0097,0.0057,0.0094,0.1555,0.0183,0.1184,0.0071,0.0039,0.0768,0.0449,0.007,0.0432,0.4388,0.0043,0.0073,0.0189,0.3264,0.2273,0.2492,2.7426,6,1994856992,1135720352,2,0,116476604,567,563,1,1,0,0,0,0
567,0.0432,1.3987,0.823,0.0036,0.8191,0.8106,0.0069,0.0006,0.1742,0.5428,0.0073,0.0036,0.0052,0.088,0.0047,0.069,0.004,0.0029,0.0594,0.0433,0.0066,0.0543,0.314,0.0061,0.0172,0.0312,0.3064,0.1969,0.1941,2.329,7,1994856992,1135721760,0,0,116476604,568,564,1,1,0,0,0,0
568,0.0433,1.5503,0.6611,0.0036,0.6572,0.6447,0.0096,0.0019,0.2173,0.8477,0.0092,0.0055,0.0068,0.2267,0.0115,0.1334,0.0077,0.0052,0.097,0.0442,0.003,0.0552,0.5565,0.0076,0.0255,0.0413,1.8938,0.955,0.9176,6.3114,0,1994856992,1135714720,1,0,116476604,569,565,1,1,0,0,0,0
569,0.0418,1.6126,0.8474,0.0037,0.8435,0.8308,0.0097,0.0015,0.2732,0.7444,0.0089,0.0058,0.0091,0.1227,0.0057,0.07,0.0046,0.0122,0.0747,0.08,0.0033,0.0496,0.397,0.0064,0.0121,0.0166,0.3133,0.2053,0.2396,2.6175,1,1994856992,1135718944,2,0,116476604,570,566,1,1,0,0,0,0
570,0.0508,2.1244,0.939,0.0045,0.9342,0.914,0.0159,0.0023,0.3561,1.1544,0.0135,0.0081,0.0157,0.1853,0.0092,0.1318,0.0065,0.0166,0.153,0.1152,0.007,0.1037,0.689,0.008,0.0193,0.0335,0.4778,0.1872,0.2385,3.2649,2,1994856992,1135714016,0,0,116476604,571,567,1,1,0,0,0,0
571,0.0582,2.2077,1.0325,0.0075,1.0246,1.0057,0.0154,0.0017,0.3281,1.1371,0.0106,0.0066,0.0094,0.2378,0.0116,0.1135,0.0099,0.0054,0.0714,0.1504,0.0139,0.1377,0.7108,0.0091,0.0227,0.0307,0.6186,0.2675,0.1703,3.5108,3,1994856992,1135721056,1,0,116476604,572,568,1,1,0,0,0,0
572,0.0524,1.5831,0.877,0.0032,0.8734,0.8593,0.0111,0.0018,0.2857,0.6836,0.0078,0.0057,0.0103,0.098,0.005,0.0636,0.0087,0.0174,0.0584,0.0432,0.0037,0.0532,0.3164,0.0051,0.0134,0.0142,0.2541,0.1244,0.2733,2.428,4,1994856992,1135709088,2,0,116476604,573,569,1,1,0,0,0,0
573,0.0469,1.2117,0.7579,0.0039,0.7537,0.7449,0.0063,0.0012,0.2021,0.4308,0.0088,0.0042,0.0056,0.0682,0.004,0.0289,0.0027,0.0025,0.0293,0.0279,0.0023,0.0286,0.1829,0.0025,0.013,0.0249,0.2962,0.1529,0.1604,2.0421,5,1994856992,1135710496,0,0,116476604,574,570,1,1,0,0,0,0
574,0.0644,1.5874,0.8838,0.005,0.8782,0.8641,0.0106,0.0018,0.3076,0.6855,0.021,0.0108,0.0101,0.125,0.0116,0.0415,0.0039,0.0028,0.0443,0.034,0.0017,0.0329,0.2777,0.0036,0.0103,0.0179,0.2557,0.1814,0.3129,2.5923,6,1994856992,1135720352,1,0,116476604,575,571,1,1,0,0,0,0
575,0.0772,1.5561,0.8389,0.0027,0.8359,0.8254,0.008,0.001,0.2088,0.7001,0.0077,0.0044,0.0059,0.0924,0.0073,0.1199,0.0055,0.0102,0.0636,0.069,0.0114,0.0756,0.4205,0.0038,0.0097,0.0154,0.3656,0.2319,0.1376,2.5944,7,1994856992,1135721760,2,0,116476604,576,572,1,1,0,0,0,0
576,0.0431,1.5013,0.8407,0.0037,0.8367,0.8236,0.0103,0.0014,0.2376,0.6258,0.0097,0.0056,0.0096,0.111,0.0058,0.0661,0.0034,0.0036,0.0585,0.041,0.0064,0.0449,0.3215,0.0058,0.0195,0.0304,0.3004,0.1837,0.1465,2.3597,0,1994856992,1135714720,0,0,116476604,577,573,1,1,0,0,0,0
577,0.0428,1.1272,0.6816,0.0024,0.679,0.6713,0.0054,0.0008,0.1839,0.4204,0.0076,0.0045,0.0049,0.0599,0.0034,0.0314,0.0028,0.0031,0.0364,0.0335,0.0025,0.0301,0.1913,0.0032,0.0148,0.0308,0.3183,0.1752,0.2331,2.1057,1,1994856992,1135718944,1,0,116476604,578,574,1,1,0,0,0,0
578,0.0442,1.8045,0.8975,0.0041,0.8931,0.8763,0.0124,0.0024,0.2535,0.8835,0.0082,0.0045,0.0082,0.163,0.02,0.0965,0.0054,0.0036,0.1092,0.0961,0.0025,0.0906,0.5554,0.0028,0.0118,0.0177,0.3873,0.1548,0.1933,2.8375,2,1994856992,1135714016,2,0,116476604,579,575,1,1,0,0,0,0
579,0.0437,3.6535,0.6533,0.0032,0.6498,0.6416,0.0062,0.0011,0.239,2.9012,0.0111,0.0074,0.0074,0.2427,0.0474,0.7146,0.0574,0.0401,0.4735,0.4434,0.0379,0.4941,2.3683,0.0365,0.0607,0.0806,1.7421,0.9655,0.6259,7.7011,3,1994856992,1135721056,0,0,116476604,580,576,1,1,0,0,0,0
580,0.0534,1.3053,0.7302,0.0038,0.7261,0.717,0.0074,0.0009,0.2375,0.5423,0.0079,0.005,0.0068,0.078,0.0043,0.0465,0.003,0.0029,0.0483,0.0397,0.0026,0.0439,0.2564,0.003,0.0204,0.0242,0.3331,0.1782,0.1648,2.2329,4,1994856992,1135709088,1,0,116476604,581,577,1,1,0,0,0,0
581,0.0437,1.1575,0.6306,0.0028,0.6273,0.6213,0.0044,0.001,0.2106,0.5038,0.0092,0.0047,0.0086,0.1044,0.0055,0.04,0.0049,0.0028,0.0352,0.0308,0.0021,0.0287,0.2391,0.0034,0.0115,0.024,0.2904,0.1303,0.1498,1.9339,5,1994856992,1135710496,2,0,116476604,582,578,1,1,0,0,0,0
582,0.0438,1.5737,0.8361,0.0035,0.8324,0.8186,0.0107,0.0014,0.2796,0.7168,0.0096,0.0058,0.0093,0.1273,0.0058,0.0625,0.0082,0.0051,0.069,0.0604,0.0065,0.0446,0.3638,0.0044,0.0122,0.018,0.2992,0.1445,0.3381,2.6266,6,1994856992,1135720352,0,0,116476604,583,579,1,1,0,0,0,0
583,0.053,2.5871,0.7948,0.0042,0.7903,0.7817,0.0069,0.0008,0.2833,1.7097,0.0102,0.0066,0.0104,0.1599,0.0075,0.0876,0.0064,0.0214,0.1848,0.5035,0.0197,0.3283,1.2641,0.0524,0.0562,0.0791,1.3402,0.8616,0.8559,6.4911,7,1994856992,1135721760,1,0,116476604,584,580,1,1,0,0,0,0
584,0.0463,1.5706,0.8618,0.0037,0.8578,0.8458,0.0098,0.0011,0.2489,0.6755,0.0102,0.006,0.0093,0.1072,0.008,0.0851,0.0063,0.0094,0.0578,0.0418,0.0059,0.0558,0.3477,0.0049,0.0183,0.0329,0.2723,0.1542,0.2291,2.4795,0,1994856992,1135714720,2,0,116476604,585,581,1,1,0,0,0,0
585,0.0463,1.9396,0.8584,0.0035,0.8546,0.8443,0.0077,0.0014,0.3602,1.0512,0.012,0.0071,0.0144,0.2057,0.0174,0.0938,0.0061,0.0081,0.0905,0.1303,0.0062,0.0647,0.585,0.0083,0.0181,0.0286,0.5042,0.1914,0.1601,3.0106,1,1994856992,1135718944,0,0,116476604,586,582,1,1,0,0,0,0
586,0.0495,1.3479,0.6015,0.0031,0.5981,0.5918,0.0043,0.0014,0.2386,0.7191,0.0077,0.004,0.0085,0.1801,0.0102,0.0445,0.0089,0.0085,0.0585,0.0634,0.0146,0.0492,0.3957,0.0036,0.0065,0.0672,1.9803,0.9221,0.6193,5.5714,2,1994856992,1135714016,1,0,116476604,587,583,1,1,0,0,0,0
587,0.0425,1.526,0.8454,0.0029,0.8422,0.829,0.0106,0.0013,0.2374,0.6506,0.0093,0.0054,0.0093,0.0969,0.0065,0.0862,0.0046,0.0087,0.0578,0.0427,0.0058,0.0597,0.3433,0.0043,0.0169,0.0278,0.3614,0.1508,0.2092,2.4634,3,1994856992,1135721056,2,0,116476604,588,584,1,1,0,0,0,0
588,0.0438,1.9301,0.8819,0.0036,0.878,0.8651,0.0101,0.0013,0.2442,1.0006,0.0094,0.006,0.0094,0.2016,0.0103,0.1459,0.0061,0.0064,0.1039,0.0854,0.0188,0.1153,0.6521,0.0136,0.0276,0.0393,1.3912,0.7758,0.5738,5.3117,4,1994856992,1135709088,0,0,116476604,589,585,1,1,0,0,0,0
589,0.0436,1.577,0.8729,0.0036,0.8691,0.8557,0.0104,0.0013,0.2791,0.6661,0.0102,0.0056,0.011,0.1552,0.0089,0.0498,0.0038,0.0036,0.0421,0.0342,0.0028,0.0367,0.318,0.0044,0.0195,0.0224,0.6445,0.5038,0.6686,4.0493,5,1994856992,1135710496,1,0,116476604,590,586,1,1,0,0,0,0
590,0.0482,2,0.9028,0.0039,0.8987,0.8841,0.0112,0.0019,0.3088,1.0701,0.0212,0.0138,0.0097,0.1692,0.0215,0.1087,0.0081,0.0093,0.1001,0.1295,0.0079,0.1147,0.6222,0.0093,0.0171,0.0273,0.4371,0.2475,0.2361,3.2567,6,1994856992,1135720352,2,0,116476604,591,587,1,1,0,0,0,0
591,0.0447,1.3019,0.661,0.0033,0.657,0.6506,0.0044,0.0012,0.2082,0.6171,0.0082,0.0045,0.0072,0.1062,0.0038,0.0841,0.0038,0.0095,0.0494,0.0504,0.0058,0.0559,0.346,0.0043,0.0078,0.0347,0.3916,0.1907,0.2017,2.3259,7,1994856992,1135721760,0,0,116476604,592,588,1,1,0,0,0,0
592,0.0458,1.7803,0.9387,0.0031,0.9354,0.9201,0.0117,0.0019,0.278,0.8223,0.0093,0.0054,0.0073,0.1681,0.0201,0.1202,0.0065,0.0081,0.0751,0.058,0.0022,0.0392,0.4606,0.0057,0.0119,0.0169,0.3125,0.1341,0.1644,2.5818,0,1994856992,1135714720,1,0,116476604,593,589,1,1,0,0,0,0
593,0.0456,1.5995,0.8807,0.0037,0.8768,0.8636,0.0103,0.0016,0.2446,0.689,0.0097,0.0059,0.0094,0.124,0.0093,0.0849,0.0066,0.0035,0.0671,0.0454,0.0068,0.0448,0.3662,0.008,0.0186,0.0323,0.3218,0.153,0.1735,2.5145,1,1994856992,1135718944,2,0,116476604,594,590,1,1,0,0,0,0
594,0.0482,1.2827,0.6904,0.0032,0.6867,0.6779,0.007,0.001,0.2083,0.5716,0.0285,0.0151,0.0115,0.1252,0.0053,0.036,0.0054,0.0053,0.0405,0.0344,0.0027,0.0328,0.2689,0.0027,0.011,0.0533,1.5338,0.9296,0.9541,5.3707,2,1994856992,1135714016,0,0,116476604,595,591,1,1,0,0,0,0
595,0.0491,1.58,0.677,0.0052,0.6715,0.6632,0.0062,0.0013,0.2893,0.889,0.0092,0.0048,0.0101,0.1686,0.0062,0.0938,0.0043,0.0052,0.1211,0.0822,0.004,0.0693,0.535,0.0043,0.0056,0.0217,0.4341,0.2139,0.136,2.6134,3,1994856992,1135721056,1,0,116476604,596,592,1,1,0,0,0,0
596,0.0451,1.5903,0.8838,0.003,0.8805,0.8613,0.0149,0.002,0.2518,0.6853,0.0104,0.0056,0.0091,0.1205,0.007,0.0791,0.0129,0.0043,0.0834,0.0402,0.0065,0.0308,0.354,0.0043,0.0138,0.0176,0.2925,0.1639,0.1627,2.4243,4,1994856992,1135709088,2,0,116476604,597,593,1,1,0,0,0,0
597,0.0445,1.4351,0.8284,0.0033,0.8248,0.8135,0.0086,0.0015,0.1877,0.5708,0.0085,0.0041,0.006,0.1107,0.0072,0.0627,0.0063,0.0049,0.0398,0.0528,0.0026,0.0586,0.3246,0.0047,0.0226,0.0316,0.2804,0.1367,0.159,2.2297,5,1994856992,1135710496,0,0,116476604,598,594,1,1,0,0,0,0
598,0.0467,1.7028,0.8885,0.003,0.8853,0.8697,0.0116,0.0023,0.3294,0.793,0.0102,0.0068,0.0103,0.161,0.0204,0.0538,0.0094,0.0041,0.0567,0.0409,0.007,0.0543,0.3667,0.0046,0.0131,0.0208,0.3107,0.1595,0.3823,2.7775,6,1994856992,1135720352,1,0,116476604,599,595,1,1,0,0,0,0
599,0.0493,1.601,0.8542,0.0037,0.8503,0.8363,0.0102,0.0018,0.2397,0.7256,0.0097,0.0058,0.0092,0.1122,0.0066,0.0538,0.008,0.0199,0.0836,0.0886,0.0035,0.065,0.4032,0.0032,0.0095,0.0155,0.2635,0.1515,0.1241,2.3394,7,1994856992,1135721760,2,0,116476604,600,596,1,1,0,0,0,0
600,0.0455,1.7784,1.1476,0.0035,1.1439,1.1308,0.0112,0.0011,0.2982,0.6099,0.0096,0.0059,0.009,0.0703,0.0043,0.0314,0.0032,0.0051,0.069,0.0531,0.0022,0.0292,0.253,0.0036,0.0133,0.019,0.2517,0.255,0.1107,2.5863,0,1994856992,1135714720,0,0,116476604,601,597,1,1,0,0,0,0
601,0.0398,1.2794,0.5832,0.0038,0.5792,0.5737,0.004,0.0009,0.2223,0.6723,0.0073,0.0036,0.0071,0.1151,0.0029,0.0797,0.0042,0.0095,0.0694,0.0573,0.0065,0.0692,0.3907,0.0047,0.0084,0.0384,1.8781,0.9182,0.5414,5.3405,1,1994856992,1135718944,1,0,116476604,602,598,1,1,0,0,0,0
602,0.0429,1.4058,0.7693,0.0037,0.7653,0.7525,0.01,0.0012,0.1961,0.5941,0.0092,0.005,0.0058,0.086,0.0039,0.0301,0.0024,0.0057,0.0595,0.108,0.0026,0.0576,0.3412,0.009,0.026,0.0362,0.4361,0.1577,0.1534,2.4109,2,1994856992,1135714016,2,0,116476604,603,599,1,1,0,0,0,0
603,0.0504,1.5831,0.8454,0.0033,0.8417,0.8297,0.0094,0.0014,0.3431,0.7025,0.0098,0.0052,0.0096,0.1132,0.0049,0.0471,0.0073,0.0042,0.0517,0.0321,0.003,0.0474,0.2915,0.0063,0.0198,0.0346,0.3978,0.1773,0.1637,2.711,3,1994856992,1135721056,0,0,116476604,604,600,1,1,0,0,0,0
604,0.0544,6.3342,0.9994,0.0023,0.9966,0.9856,0.0084,0.0012,1.2251,5.2238,0.0889,0.0334,0.0546,0.8209,0.0443,1.054,0.0847,0.0636,0.417,0.4795,0.0399,0.6587,3.4301,0.0394,0.068,0.0826,1.9175,0.6145,0.4852,9.9956,4,1994856992,1135709088,1,0,116476604,605,601,1,1,0,0,0,0
605,0.0542,1.4906,0.7893,0.0043,0.7847,0.7721,0.0101,0.0012,0.2417,0.6745,0.0099,0.0057,0.0102,0.1214,0.0062,0.0536,0.0078,0.004,0.0712,0.0656,0.0038,0.0499,0.3617,0.0068,0.0187,0.0185,0.2797,0.1118,0.181,2.2811,5,1994856992,1135710496,2,0,116476604,606,602,1,1,0,0,0,0
606,0.0589,1.642,0.8748,0.0038,0.8707,0.8562,0.0108,0.0015,0.255,0.7463,0.0096,0.0057,0.0105,0.1141,0.007,0.0578,0.0087,0.0049,0.0731,0.078,0.0122,0.0862,0.4092,0.0036,0.0107,0.0157,0.3429,0.2242,0.2064,2.6928,6,1994856992,1135720352,0,0,116476604,607,603,1,1,0,0,0,0
607,0.0416,1.2789,0.7342,0.0028,0.7312,0.7205,0.0078,0.0015,0.2324,0.5132,0.0118,0.0052,0.0081,0.0738,0.0054,0.0384,0.0049,0.0056,0.037,0.0355,0.0027,0.0314,0.2161,0.0037,0.0162,0.0292,0.3431,0.1284,0.2292,2.1679,7,1994856992,1135721760,1,0,116476604,608,604,1,1,0,0,0,0
608,0.0433,1.3259,0.7336,0.0037,0.7297,0.7229,0.0053,0.0009,0.2297,0.5756,0.007,0.0047,0.0068,0.089,0.0045,0.0498,0.0034,0.0042,0.0495,0.053,0.0023,0.055,0.2963,0.0026,0.0046,0.0329,0.3313,0.1734,0.1798,2.2872,0,1994856992,1135714720,2,0,116476604,609,605,1,1,0,0,0,0
609,0.0464,5.4215,0.936,0.0026,0.933,0.8762,0.0442,0.0064,1.1996,4.3823,0.0504,0.031,0.0585,0.6927,0.0255,0.6514,0.064,0.0451,0.4669,0.4614,0.019,0.4763,2.7487,0.0366,0.0649,0.0884,1.7516,0.4506,0.2965,8.3502,1,1994856992,1135718944,0,0,116476604,610,606,1,1,0,0,0,0
610,0.0638,1.7493,0.9433,0.0068,0.936,0.9261,0.0073,0.0016,0.2925,0.7838,0.0109,0.0071,0.0116,0.1497,0.0064,0.0706,0.0045,0.0049,0.0661,0.0657,0.004,0.0662,0.4183,0.0045,0.0111,0.0219,0.4889,0.1983,0.2153,2.9417,2,1994856992,1135714016,1,0,116476604,611,607,1,1,0,0,0,0
611,0.0509,1.3417,0.7715,0.0032,0.7679,0.7606,0.0053,0.001,0.2452,0.545,0.0108,0.006,0.0074,0.0874,0.0039,0.0387,0.0033,0.0029,0.0376,0.0392,0.0019,0.0391,0.242,0.0029,0.0122,0.0271,0.3617,0.1615,0.2281,2.3443,3,1994856992,1135721056,2,0,116476604,612,608,1,1,0,0,0,0
612,0.1963,4.9639,2.8484,0.027,2.8202,2.7711,0.0342,0.0109,0.8833,2.0718,0.031,0.0195,0.0292,0.3912,0.0138,0.2008,0.0088,0.0083,0.1388,0.122,0.0106,0.1505,1.0033,0.0154,0.0274,0.0385,0.7824,0.2782,0.225,6.736,4,1994856992,1135709088,0,0,116476604,613,609,1,1,0,0,0,0
613,0.0458,1.7719,1.0282,0.0032,1.0247,0.8888,0.0063,0.1288,0.2276,0.7224,0.0083,0.0052,0.0085,0.1516,0.0057,0.0775,0.0064,0.0098,0.0868,0.0797,0.0024,0.0313,0.4269,0.0034,0.0116,0.0234,0.3185,0.1529,0.1563,2.6075,5,1994856992,1135710496,1,0,116476604,614,610,1,1,0,0,0,0
614,0.1321,3.3561,1.8128,0.0177,1.7944,1.7656,0.0216,0.003,0.5927,1.5098,0.0181,0.0124,0.0203,0.2375,0.0153,0.1794,0.0085,0.0131,0.1242,0.0898,0.0084,0.1466,0.7775,0.0108,0.0207,0.0299,0.57,0.4128,0.2931,5.0658,6,1994856992,1135720352,2,0,116476604,615,611,1,1,0,0,0,0
615,0.0501,2.3223,1.3351,0.0039,1.3309,1.3196,0.0086,0.0011,0.2866,0.9484,0.012,0.0063,0.0086,0.1041,0.0069,0.0414,0.0055,0.0063,0.2156,0.151,0.0103,0.0666,0.5787,0.0078,0.0244,0.031,1.8973,0.8756,0.6131,6.427,7,1994856992,1135721760,0,0,116476604,616,612,1,1,0,0,0,0
616,0.0838,2.3583,1.2101,0.0103,1.1992,1.181,0.0131,0.0023,0.3792,1.124,0.0129,0.0081,0.0123,0.1567,0.01,0.1281,0.0193,0.0124,0.1044,0.1232,0.0123,0.1062,0.6186,0.0093,0.0138,0.0245,0.431,0.2272,0.4004,3.7969,0,1994856992,1135714720,1,0,116476604,617,613,1,1,0,0,0,0
617,0.0455,1.765,0.8253,0.0039,0.8209,0.8122,0.0061,0.0011,0.2784,0.9033,0.0106,0.0059,0.0096,0.1902,0.0072,0.115,0.0046,0.0182,0.0828,0.0645,0.003,0.083,0.5355,0.0099,0.022,0.037,1.9678,1.0346,0.6705,6.222,1,1994856992,1135718944,2,0,116476604,618,614,1,1,0,0,0,0
618,0.0474,1.5609,0.867,0.004,0.8628,0.8487,0.0111,0.0016,0.2551,0.6617,0.01,0.006,0.0108,0.1436,0.0096,0.0508,0.008,0.005,0.0485,0.0441,0.0038,0.0425,0.3295,0.0052,0.0197,0.0192,0.3348,0.1928,0.3734,2.7217,2,1994856992,1135714016,0,0,116476604,619,615,1,1,0,0,0,0
619,0.0578,1.9521,0.9379,0.0041,0.9335,0.9234,0.0074,0.0015,0.3313,0.9762,0.0235,0.0164,0.0159,0.1903,0.0099,0.1119,0.0106,0.0104,0.0797,0.0705,0.0051,0.0583,0.5107,0.0067,0.0223,0.0335,0.5779,0.1547,0.2265,3.1578,3,1994856992,1135721056,1,0,116476604,620,616,1,1,0,0,0,0
620,0.0444,1.6113,0.8285,0.0033,0.8249,0.8117,0.0103,0.0014,0.2994,0.745,0.01,0.0055,0.0093,0.1348,0.0086,0.0934,0.0053,0.0043,0.051,0.045,0.0021,0.054,0.3782,0.0038,0.022,0.0299,0.3867,0.1944,0.1569,2.5761,4,1994856992,1135709088,2,0,116476604,621,617,1,1,0,0,0,0
621,0.0521,1.6481,0.8337,0.0051,0.8283,0.8201,0.0055,0.0015,0.284,0.7929,0.011,0.0069,0.0117,0.1395,0.0086,0.0838,0.0085,0.0044,0.0983,0.0593,0.0026,0.0503,0.4312,0.0033,0.0129,0.0175,0.3695,0.1777,0.4225,2.8945,5,1994856992,1135710496,0,0,116476604,622,618,1,1,0,0,0,0
622,0.0425,1.4,0.8064,0.0022,0.804,0.7921,0.0091,0.0015,0.2981,0.569,0.0103,0.006,0.009,0.085,0.0047,0.031,0.0028,0.0026,0.0341,0.0322,0.0022,0.0315,0.2138,0.0029,0.0144,0.0201,0.3301,0.164,0.1087,2.1746,6,1994856992,1135720352,1,0,116476604,623,619,1,1,0,0,0,0
623,0.0502,1.4904,0.7213,0.0034,0.7177,0.7093,0.0067,0.001,0.2707,0.7419,0.0081,0.0054,0.0085,0.1498,0.0075,0.1193,0.0082,0.0043,0.071,0.0302,0.002,0.0326,0.4029,0.0029,0.0142,0.0279,0.3517,0.1842,0.1469,2.385,7,1994856992,1135721760,2,0,116476604,624,620,1,1,0,0,0,0
624,0.0457,1.3507,0.6545,0.0035,0.6508,0.6421,0.0064,0.0011,0.2752,0.6755,0.0101,0.0067,0.0102,0.1063,0.0063,0.0528,0.0062,0.0078,0.0705,0.0493,0.0032,0.0441,0.323,0.0047,0.0113,0.0205,0.4013,0.2243,0.1467,2.3466,0,1994856992,1135714720,0,0,116476604,625,621,1,1,0,0,0,0
625,0.0455,1.7663,0.8711,0.0033,0.8676,0.8527,0.0119,0.0013,0.3082,0.8763,0.0096,0.0067,0.0097,0.1764,0.0156,0.1375,0.0106,0.0075,0.0658,0.0586,0.0028,0.0411,0.4794,0.0063,0.0114,0.0163,0.3361,0.2414,0.1674,2.7545,1,1994856992,1135718944,1,0,116476604,626,622,1,1,0,0,0,0
626,0.0434,1.2987,0.6872,0.0027,0.6842,0.6779,0.0049,0.0007,0.2068,0.5919,0.0101,0.0044,0.0084,0.0794,0.003,0.0894,0.0049,0.0034,0.0601,0.0507,0.0027,0.0509,0.3305,0.0035,0.004,0.0349,0.4267,0.1772,0.2659,2.4273,2,1994856992,1135714016,2,0,116476604,627,623,1,1,0,0,0,0
627,0.0433,1.5362,0.7875,0.0037,0.7836,0.7777,0.0045,0.0009,0.2277,0.728,0.009,0.0043,0.0077,0.1061,0.0058,0.1169,0.0144,0.0068,0.0868,0.0538,0.0042,0.0608,0.4244,0.0043,0.0114,0.0168,0.8379,1.047,0.754,4.7636,3,1994856992,1135721056,0,0,116476604,628,624,1,1,0,0,0,0
628,0.0452,1.6301,0.8102,0.0042,0.8057,0.7911,0.0117,0.0014,0.2872,0.8,0.0096,0.0056,0.0101,0.1378,0.0067,0.0841,0.0149,0.0053,0.0896,0.0485,0.007,0.0685,0.4285,0.0055,0.0119,0.0177,0.3258,0.1768,0.2074,2.5671,4,1994856992,1135709088,1,0,116476604,629,625,1,1,0,0,0,0
629,0.0446,1.5478,0.8924,0.0035,0.8887,0.8777,0.0082,0.0015,0.1992,0.6247,0.0085,0.0043,0.0067,0.1182,0.0078,0.0686,0.0061,0.0044,0.0474,0.0766,0.0035,0.053,0.3638,0.0044,0.0174,0.0282,0.3489,0.229,0.1388,2.5417,5,1994856992,1135710496,2,0,116476604,630,626,1,1,0,0,0,0
630,0.0782,2.362,1.2477,0.0093,1.2379,1.2216,0.0133,0.0015,0.3557,1.0922,0.0133,0.0086,0.013,0.2295,0.0191,0.0899,0.0091,0.0046,0.0791,0.1377,0.0093,0.0892,0.6254,0.008,0.0113,0.0234,0.4953,0.2553,0.3015,3.747,6,1994856992,1135720352,0,0,116476604,631,627,1,1,0,0,0,0
631,0.0428,1.5441,0.7567,0.0035,0.753,0.7458,0.0056,0.0009,0.2607,0.7621,0.0261,0.0121,0.0087,0.1909,0.011,0.0486,0.0044,0.0033,0.0445,0.0415,0.0023,0.0747,0.4002,0.0088,0.0145,0.0265,0.547,0.8039,0.5997,4.2842,7,1994856992,1135721760,1,0,116476604,632,628,1,1,0,0,0,0
632,0.046,1.3125,0.7666,0.0036,0.7628,0.7535,0.007,0.0012,0.2256,0.5083,0.009,0.0056,0.0071,0.0814,0.0043,0.0547,0.0047,0.0031,0.036,0.0294,0.0021,0.0287,0.2302,0.0037,0.0184,0.0333,0.3344,0.1927,0.1721,2.2819,0,1994856992,1135714720,2,0,116476604,633,629,1,1,0,0,0,0
633,0.0514,2.1876,1.0363,0.0039,1.0319,1.0209,0.008,0.0013,0.3618,1.1104,0.0332,0.0177,0.0132,0.1928,0.0108,0.0934,0.0056,0.0164,0.1693,0.0729,0.0053,0.0724,0.6008,0.0073,0.0261,0.03,0.5374,0.2432,0.2618,3.482,1,1994856992,1135718944,0,0,116476604,634,630,1,1,0,0,0,0
634,0.0695,2.0132,1.5042,0.0045,1.4992,1.4824,0.0116,0.0023,0.2559,0.4904,0.0089,0.0052,0.0062,0.0698,0.0028,0.0301,0.0024,0.0018,0.0299,0.0303,0.0013,0.0291,0.1892,0.0021,0.01,0.0213,0.3622,0.7936,1.2262,5.6344,2,1994856992,1135714016,1,0,116476604,635,631,1,1,0,0,0,0
635,0.0445,1.4,0.8197,0.0038,0.8155,0.7996,0.0058,0.0013,0.2279,0.557,0.0096,0.0042,0.0076,0.0817,0.0057,0.0501,0.0036,0.0035,0.0492,0.0449,0.0029,0.0461,0.272,0.0038,0.0091,0.0314,0.3359,0.165,0.1452,2.2505,3,1994856992,1135721056,2,0,116476604,636,632,1,1,0,0,0,0
636,0.0583,1.6258,0.8447,0.0055,0.8389,0.8292,0.0065,0.0015,0.3403,0.7519,0.0101,0.005,0.0101,0.1386,0.0071,0.0582,0.0065,0.0065,0.0507,0.0452,0.0031,0.0445,0.3372,0.0053,0.0141,0.0216,0.2548,0.1255,0.1302,2.3324,4,1994856992,1135709088,0,0,116476604,637,633,1,1,0,0,0,0
637,0.2221,4.7174,2.9595,0.0292,2.9291,2.8962,0.0258,0.0033,0.6773,1.7179,0.0171,0.0104,0.0182,0.1968,0.013,0.2458,0.01,0.0162,0.1779,0.138,0.0231,0.1195,0.878,0.0107,0.0223,0.0338,0.6483,0.2702,0.2208,6.2954,5,1994856992,1135710496,1,0,116476604,638,634,1,1,0,0,0,0
638,0.0393,1.6057,0.9311,0.0035,0.9273,0.9192,0.0058,0.0014,0.2022,0.6381,0.008,0.0047,0.007,0.1127,0.0062,0.0742,0.0044,0.0065,0.1073,0.0383,0.002,0.0452,0.3777,0.0041,0.0231,0.0214,0.2821,0.1465,0.1698,2.4038,6,1994856992,1135720352,2,0,116476604,639,635,1,1,0,0,0,0
639,0.0451,1.3339,0.7312,0.0036,0.7272,0.7184,0.0065,0.0013,0.2285,0.5636,0.0093,0.0052,0.0073,0.0831,0.0054,0.0468,0.0051,0.0063,0.0491,0.0454,0.0035,0.0464,0.2708,0.0055,0.0231,0.0375,0.3308,0.1542,0.2284,2.2779,7,1994856992,1135721760,0,0,116476604,640,636,1,1,0,0,0,0
640,0.046,1.2692,0.7224,0.0029,0.7192,0.7118,0.0054,0.0011,0.2378,0.5199,0.0087,0.0053,0.0061,0.0788,0.0046,0.0401,0.0043,0.0048,0.0389,0.0344,0.0027,0.0352,0.2274,0.0031,0.016,0.0301,0.3138,0.1378,0.1777,2.0986,0,1994856992,1135714720,1,0,116476604,641,637,1,1,0,0,0,0
641,0.0476,1.4307,0.7461,0.0035,0.7423,0.7317,0.0077,0.0012,0.2902,0.6578,0.0116,0.0059,0.0099,0.1134,0.0079,0.052,0.0085,0.0085,0.0396,0.0426,0.0031,0.0385,0.2861,0.005,0.0159,0.0303,0.3433,0.152,0.1696,2.298,1,1994856992,1135718944,2,0,116476604,642,638,1,1,0,0,0,0
642,0.042,1.2002,0.6544,0.0024,0.6518,0.6451,0.0048,0.0009,0.2426,0.5217,0.0097,0.0053,0.0097,0.0873,0.006,0.0381,0.0041,0.004,0.0335,0.0293,0.0028,0.0288,0.217,0.0035,0.0142,0.0311,0.2557,0.1164,0.1383,1.8931,2,1994856992,1135714016,0,0,116476604,643,639,1,1,0,0,0,0
643,0.0393,1.1057,0.6556,0.0021,0.6533,0.6458,0.0056,0.0011,0.1726,0.4173,0.0088,0.0055,0.0055,0.0634,0.0046,0.0342,0.0048,0.0033,0.0353,0.0322,0.0022,0.0296,0.1947,0.0033,0.0199,0.029,0.2712,0.1195,0.1239,1.7988,3,1994856992,1135721056,1,0,116476604,644,640,1,1,0,0,0,0
644,0.0419,1.3201,0.7041,0.0028,0.7011,0.6935,0.0056,0.0011,0.2816,0.5933,0.0107,0.0053,0.0088,0.1041,0.006,0.0477,0.0049,0.0043,0.0378,0.0302,0.0028,0.0296,0.2494,0.0035,0.0126,0.0255,0.2452,0.1211,0.1273,1.9943,4,1994856992,1135709088,2,0,116476604,645,641,1,1,0,0,0,0
645,0.2376,7.8785,5.7134,0.0293,5.6828,5.6621,0.0143,0.0028,0.9551,2.118,0.0271,0.0178,0.0228,0.3366,0.0176,0.2179,0.0141,0.0124,0.1355,0.1662,0.0063,0.1321,0.9883,0.0089,0.0295,0.0457,0.8564,0.2824,0.4465,9.9818,5,1994856992,1135710496,0,0,116476604,646,642,1,1,0,0,0,0
646,0.0425,1.5046,0.7333,0.0031,0.73,0.722,0.0061,0.001,0.1746,0.7328,0.0068,0.0038,0.0049,0.1004,0.0048,0.0534,0.0056,0.004,0.0538,0.1866,0.0171,0.0955,0.4897,0.0067,0.0248,0.0387,1.1218,0.969,0.8,5.0375,6,1994856992,1135720352,1,0,116476604,647,643,1,1,0,0,0,0
647,0.0407,1.528,0.6501,0.0023,0.6476,0.6406,0.005,0.0009,0.4167,0.8494,0.0196,0.0094,0.0068,0.1479,0.0068,0.0764,0.0145,0.0047,0.0419,0.0318,0.003,0.0403,0.3383,0.0043,0.018,0.0276,0.3312,0.156,0.1289,2.3317,7,1994856992,1135721760,2,0,116476604,648,644,1,1,0,0,0,0
648,0.0457,1.3527,0.8161,0.0031,0.8128,0.8056,0.0049,0.0012,0.2465,0.5081,0.0094,0.0056,0.0091,0.0743,0.006,0.0364,0.0038,0.0033,0.0337,0.0297,0.0021,0.0281,0.2022,0.0032,0.0158,0.0276,0.263,0.1161,0.129,2.0506,0,1994856992,1135714720,0,0,116476604,649,645,1,1,0,0,0,0
649,0.041,1.24,0.6935,0.0023,0.691,0.6834,0.0052,0.0014,0.2441,0.5124,0.0095,0.0057,0.0087,0.0725,0.0072,0.0405,0.0039,0.0034,0.0335,0.0319,0.0022,0.0283,0.2067,0.0035,0.0175,0.0333,0.2644,0.1217,0.1521,1.9692,1,1994856992,1135718944,1,0,116476604,650,646,1,1,0,0,0,0
650,0.0409,1.3387,0.7123,0.0024,0.7097,0.7018,0.0057,0.0012,0.265,0.612,0.024,0.015,0.0169,0.1164,0.0054,0.0336,0.004,0.0035,0.0318,0.0323,0.0018,0.0264,0.2405,0.0027,0.0078,0.0148,0.4894,0.1433,0.1459,2.2979,2,1994856992,1135714016,2,0,116476604,651,647,1,1,0,0,0,0
651,0.0463,1.9471,1.0036,0.0029,1.0005,0.9841,0.0128,0.0017,0.3742,0.9236,0.0109,0.0077,0.0108,0.1967,0.0171,0.1086,0.0064,0.0056,0.0918,0.037,0.0022,0.0285,0.4626,0.0038,0.0117,0.015,0.2316,0.1041,0.2904,2.7572,3,1994856992,1135721056,0,0,116476604,652,648,1,1,0,0,0,0
652,0.0491,2.0789,0.9917,0.004,0.9874,0.9721,0.0121,0.0015,0.2964,1.0558,0.011,0.0076,0.0121,0.2615,0.0116,0.1952,0.0105,0.0042,0.0821,0.0786,0.0059,0.0519,0.6693,0.0067,0.0193,0.0902,0.5973,0.201,0.1759,3.3436,4,1994856992,1135709088,1,0,116476604,653,649,1,1,0,0,0,0
653,0.0427,1.482,0.7925,0.0029,0.7893,0.7764,0.0104,0.0012,0.2439,0.6578,0.0091,0.0055,0.0095,0.1271,0.006,0.0672,0.0038,0.0092,0.0468,0.0603,0.003,0.0419,0.3433,0.007,0.0198,0.0328,0.3144,0.1847,0.1757,2.3902,5,1994856992,1135710496,2,0,116476604,654,650,1,1,0,0,0,0
654,0.0518,1.3029,0.6737,0.0036,0.6698,0.6612,0.0068,0.0006,0.316,0.6044,0.0098,0.0074,0.0099,0.0971,0.0053,0.0357,0.0032,0.004,0.0325,0.031,0.0022,0.0298,0.2261,0.0032,0.0145,0.0268,0.3103,0.2028,0.2527,2.2933,6,1994856992,1135720352,0,0,116476604,655,651,1,1,0,0,0,0
655,0.0481,1.2573,0.7927,0.0036,0.7886,0.7776,0.0081,0.0013,0.204,0.4438,0.0072,0.0044,0.0049,0.0632,0.0058,0.0336,0.0036,0.0036,0.0344,0.0312,0.0028,0.0279,0.1903,0.0028,0.0112,0.0432,0.3499,0.1876,0.1487,2.2473,7,1994856992,1135721760,1,0,116476604,656,652,1,1,0,0,0,0
656,0.1176,1.7127,0.7434,0.006,0.737,0.7268,0.0076,0.0015,0.2661,0.9484,0.0101,0.0071,0.0116,0.1309,0.0098,0.1685,0.0145,0.0079,0.1197,0.0858,0.0118,0.0761,0.581,0.0056,0.0114,0.0242,0.5676,0.2158,0.1699,2.9655,0,1994856992,1135714720,2,0,116476604,657,653,1,1,0,0,0,0
657,0.0408,1.1184,0.6916,0.0022,0.6892,0.681,0.0059,0.0014,0.1746,0.3974,0.0081,0.0043,0.005,0.0587,0.0051,0.0301,0.0024,0.0026,0.0288,0.0295,0.0023,0.0298,0.1769,0.0032,0.0182,0.0265,0.3083,0.148,0.3021,2.1072,1,1994856992,1135718944,0,0,116476604,658,654,1,1,0,0,0,0
658,0.0401,1.3086,0.692,0.0022,0.6895,0.6824,0.0053,0.0009,0.276,0.5891,0.0098,0.0059,0.0097,0.0967,0.0058,0.0435,0.0071,0.0034,0.0384,0.0341,0.0048,0.034,0.2467,0.0032,0.0159,0.0268,0.2466,0.1326,0.258,2.1507,2,1994856992,1135714016,1,0,116476604,659,655,1,1,0,0,0,0
659,0.0414,1.1858,0.6659,0.0026,0.663,0.6556,0.0052,0.0013,0.246,0.4963,0.0102,0.0051,0.0092,0.0643,0.0051,0.0352,0.0044,0.0035,0.0319,0.0295,0.0022,0.0292,0.1901,0.0037,0.0145,0.0293,0.2844,0.1358,0.3647,2.1909,3,1994856992,1135721056,2,0,116476604,660,656,1,1,0,0,0,0
660,0.0432,1.8396,0.81,0.0032,0.8065,0.7933,0.0101,0.0016,0.2345,1.0012,0.0092,0.0057,0.0098,0.1826,0.0086,0.1832,0.0064,0.0104,0.1121,0.0663,0.0136,0.1319,0.6761,0.0076,0.0179,0.0263,0.3966,0.2968,0.1478,2.931,4,1994856992,1135709088,0,0,116476604,661,657,1,1,0,0,0,0
661,0.0416,1.1924,0.661,0.0028,0.658,0.6507,0.0051,0.0013,0.2226,0.5038,0.0074,0.0044,0.0063,0.0785,0.0079,0.0391,0.0043,0.004,0.04,0.0357,0.0027,0.0331,0.2264,0.0042,0.0166,0.0229,0.2822,0.1431,0.29,2.0983,5,1994856992,1135710496,1,0,116476604,662,658,1,1,0,0,0,0
662,0.0496,1.5334,0.8715,0.0032,0.868,0.8575,0.0074,0.0012,0.2864,0.6319,0.019,0.0121,0.0118,0.1186,0.0065,0.039,0.0076,0.0044,0.0309,0.0285,0.0034,0.0297,0.2467,0.0032,0.0163,0.0295,0.3986,0.1638,0.2154,2.5016,6,1994856992,1135720352,2,0,116476604,663,659,1,1,0,0,0,0
663,0.0405,1.5528,0.6774,0.0027,0.6744,0.666,0.0058,0.0014,0.3678,0.8579,0.0126,0.0084,0.0154,0.1541,0.0072,0.0462,0.0066,0.0046,0.0561,0.1188,0.0017,0.0363,0.4115,0.004,0.0104,0.0175,0.3192,0.1789,0.2477,2.5511,7,1994856992,1135721760,0,0,116476604,664,660,1,1,0,0,0,0
664,0.0529,2.1819,0.9783,0.0054,0.9726,0.9582,0.0112,0.0015,0.2632,1.1656,0.01,0.0073,0.01,0.217,0.012,0.223,0.0199,0.0105,0.1625,0.0898,0.0059,0.1033,0.7956,0.0075,0.0211,0.0303,0.5248,0.2657,0.3611,3.679,0,1994856992,1135714720,1,0,116476604,665,661,1,1,0,0,0,0
665,0.0456,1.45,0.797,0.0032,0.7935,0.7852,0.0065,0.0008,0.1926,0.6207,0.0069,0.0043,0.0058,0.12,0.0057,0.065,0.0076,0.0049,0.0743,0.0658,0.0026,0.0432,0.3683,0.007,0.0192,0.0278,0.3168,0.1717,0.1976,2.3706,1,1994856992,1135718944,2,0,116476604,666,662,1,1,0,0,0,0
666,0.0404,1.2425,0.6808,0.0023,0.678,0.6704,0.0055,0.001,0.2491,0.5342,0.0093,0.006,0.0106,0.0758,0.0057,0.0494,0.0042,0.0034,0.0339,0.0318,0.0026,0.0312,0.2221,0.0038,0.016,0.0349,0.2826,0.1967,0.2568,2.2416,2,1994856992,1135714016,0,0,116476604,667,663,1,1,0,0,0,0
667,0.0509,2.232,0.7896,0.0044,0.7849,0.7712,0.0108,0.0014,0.3509,1.2958,0.0105,0.0057,0.0086,0.2541,0.0108,0.1454,0.0076,0.005,0.0579,0.2775,0.0079,0.1221,0.857,0.0105,0.1311,0.0698,0.5468,0.2106,0.4154,3.7026,3,1994856992,1135721056,1,0,116476604,668,664,1,1,0,0,0,0
668,0.0402,1.2166,0.6675,0.0023,0.665,0.6572,0.0058,0.0009,0.2475,0.526,0.0091,0.0055,0.009,0.0811,0.0057,0.0364,0.0043,0.004,0.0372,0.0304,0.0028,0.0311,0.2162,0.0036,0.0142,0.0309,0.2597,0.2578,0.4287,2.4033,4,1994856992,1135709088,2,0,116476604,669,665,1,1,0,0,0,0
669,0.1017,3.1625,1.174,0.0133,1.1602,1.1326,0.0223,0.0029,0.9201,1.9532,0.0265,0.0109,0.0264,0.2218,0.026,0.2269,0.0121,0.012,0.1571,0.1287,0.0132,0.1179,0.8524,0.0093,0.0229,0.0333,0.523,0.2559,0.2352,4.5146,5,1994856992,1135710496,0,0,116476604,670,666,1,1,0,0,0,0
670,0.0406,1.126,0.6686,0.0023,0.6661,0.6583,0.0058,0.0011,0.1795,0.4289,0.0083,0.0045,0.0052,0.0674,0.0047,0.0361,0.0048,0.0034,0.0358,0.0319,0.0023,0.0289,0.2001,0.0033,0.0187,0.0249,0.2758,0.134,0.1817,1.9074,6,1994856992,1135720352,1,0,116476604,671,667,1,1,0,0,0,0
671,0.0548,2.0566,0.9244,0.0039,0.9202,0.911,0.0055,0.0015,0.3331,1.0903,0.0299,0.007,0.0078,0.2458,0.018,0.1349,0.0099,0.0049,0.0996,0.0861,0.0047,0.0794,0.6458,0.0092,0.0266,0.0396,0.3568,0.1619,0.1916,3.0172,7,1994856992,1135721760,2,0,116476604,672,668,1,1,0,0,0,0
672,0.0602,1.7391,0.8927,0.0057,0.8867,0.8717,0.0113,0.0018,0.3478,0.8273,0.0101,0.0069,0.0099,0.1462,0.0115,0.0711,0.0062,0.0062,0.0643,0.0595,0.0048,0.0578,0.3989,0.0052,0.0117,0.019,0.3901,0.2092,0.2765,2.8937,0,1994856992,1135714720,0,0,116476604,673,669,1,1,0,0,0,0
673,0.0426,1.3025,0.7143,0.0029,0.7111,0.7029,0.0061,0.001,0.2169,0.5552,0.0094,0.0053,0.0081,0.0852,0.0074,0.0451,0.0065,0.0071,0.0493,0.0554,0.003,0.0361,0.2711,0.0041,0.0207,0.0259,0.3863,0.2169,0.2403,2.4059,1,1994856992,1135718944,1,0,116476604,674,670,1,1,0,0,0,0
674,0.0386,1.2844,0.6238,0.0023,0.6213,0.6136,0.0054,0.0013,0.2544,0.6349,0.0272,0.0115,0.0139,0.1418,0.0096,0.0408,0.0053,0.0037,0.0323,0.027,0.0022,0.0292,0.2711,0.0031,0.0146,0.0253,0.3076,0.2054,0.1645,2.1551,2,1994856992,1135714016,2,0,116476604,675,671,1,1,0,0,0,0
675,0.0393,1.2153,0.6779,0.0022,0.6754,0.6679,0.0055,0.001,0.2441,0.5126,0.0093,0.0055,0.0091,0.0711,0.0084,0.0398,0.0034,0.0039,0.0328,0.0311,0.0023,0.0314,0.2062,0.003,0.0153,0.0289,0.2768,0.1363,0.2799,2.1056,3,1994856992,1135721056,0,0,116476604,676,672,1,1,0,0,0,0
676,0.0419,1.2672,0.6725,0.0022,0.6701,0.662,0.0061,0.001,0.2769,0.5681,0.0099,0.0051,0.0088,0.0971,0.0057,0.038,0.0042,0.0052,0.0332,0.0302,0.002,0.0309,0.2294,0.004,0.0161,0.0322,0.2389,0.2411,0.2888,2.3043,4,1994856992,1135709088,1,0,116476604,677,673,1,1,0,0,0,0
677,0.0396,1.2433,0.65,0.0024,0.6472,0.6384,0.0066,0.001,0.277,0.5664,0.01,0.0061,0.0099,0.0996,0.0055,0.0381,0.0045,0.0032,0.0317,0.0296,0.0026,0.028,0.227,0.0049,0.0145,0.0268,0.24,0.1312,0.217,2.0626,5,1994856992,1135710496,2,0,116476604,678,674,1,1,0,0,0,0
678,0.0539,1.3163,0.7947,0.0037,0.7908,0.7831,0.0054,0.0009,0.1971,0.4804,0.0099,0.0051,0.0054,0.0778,0.0069,0.0511,0.0048,0.0036,0.0367,0.0325,0.0023,0.0307,0.2288,0.0038,0.0247,0.038,0.3855,0.1659,0.1543,2.2644,6,1994856992,1135720352,0,0,116476604,679,675,1,1,0,0,0,0
679,0.0399,1.4614,0.6906,0.0026,0.6877,0.6794,0.0062,0.0008,0.3103,0.7409,0.0279,0.0165,0.0132,0.1639,0.0042,0.0452,0.0045,0.0042,0.0335,0.0303,0.0021,0.0471,0.32,0.0036,0.0188,0.0238,0.3397,0.1502,0.1636,2.301,7,1994856992,1135721760,1,0,116476604,680,676,1,1,0,0,0,0
680,0.0775,2.2317,1.0071,0.0078,0.9989,0.9809,0.0133,0.0023,0.4566,1.1836,0.0131,0.0096,0.0144,0.2085,0.0162,0.1025,0.0094,0.0075,0.0874,0.0801,0.0067,0.1361,0.6146,0.0082,0.0278,0.0271,0.4588,0.2805,0.2868,3.5988,0,1994856992,1135714720,2,0,116476604,681,677,1,1,0,0,0,0
681,0.0406,1.4711,0.7873,0.0033,0.7838,0.7766,0.0052,0.0011,0.2547,0.6481,0.0113,0.0062,0.0123,0.1028,0.0069,0.0418,0.0066,0.006,0.0668,0.0433,0.0066,0.0581,0.3128,0.005,0.0228,0.0292,0.4585,0.248,0.3199,2.792,1,1994856992,1135718944,0,0,116476604,682,678,1,1,0,0,0,0
682,0.042,1.281,0.6851,0.0026,0.6822,0.6754,0.0052,0.001,0.2812,0.5693,0.0098,0.0061,0.0103,0.0908,0.006,0.0387,0.0046,0.0044,0.0352,0.0307,0.0021,0.0296,0.225,0.0039,0.0145,0.0289,0.2515,0.1356,0.2936,2.1552,2,1994856992,1135714016,1,0,116476604,683,679,1,1,0,0,0,0
683,0.039,1.1171,0.6743,0.0023,0.6718,0.6646,0.0056,0.0008,0.1742,0.4106,0.0073,0.0057,0.0052,0.0645,0.0045,0.0307,0.0029,0.0036,0.032,0.0311,0.0023,0.0282,0.1865,0.0041,0.0198,0.032,0.2896,0.1379,0.2159,1.9568,3,1994856992,1135721056,2,0,116476604,684,680,1,1,0,0,0,0
684,0.0445,1.5451,0.8193,0.0037,0.8152,0.8031,0.0095,0.0013,0.2362,0.6955,0.0096,0.006,0.0095,0.1155,0.0066,0.113,0.0043,0.0047,0.0645,0.0592,0.0028,0.04,0.3922,0.007,0.0189,0.031,0.3146,0.1907,0.254,2.5751,4,1994856992,1135709088,0,0,116476604,685,681,1,1,0,0,0,0
685,0.046,1.426,0.6783,0.0029,0.6751,0.6672,0.0062,0.001,0.2547,0.7242,0.0095,0.0047,0.0082,0.1163,0.0135,0.0608,0.0039,0.0058,0.0446,0.1011,0.0052,0.0755,0.3983,0.0042,0.0088,0.0169,0.3496,0.1885,0.2229,2.406,5,1994856992,1135710496,1,0,116476604,686,682,1,1,0,0,0,0
686,0.0493,1.3386,0.8012,0.0025,0.7984,0.7906,0.0056,0.0011,0.1954,0.5047,0.0072,0.0036,0.006,0.1053,0.0081,0.037,0.0055,0.0076,0.0374,0.0361,0.0023,0.0334,0.2492,0.0046,0.0185,0.0274,0.2251,0.1494,0.1643,2.0967,6,1994856992,1135720352,2,0,116476604,687,683,1,1,0,0,0,0
687,0.041,1.2144,0.6751,0.0022,0.6727,0.6655,0.0051,0.0011,0.2496,0.5147,0.0097,0.0053,0.0091,0.0653,0.0076,0.0411,0.0051,0.004,0.036,0.0299,0.002,0.029,0.2013,0.0036,0.0135,0.0271,0.266,0.1229,0.2206,2.0479,7,1994856992,1135721760,0,0,116476604,688,684,1,1,0,0,0,0
688,0.0391,1.1156,0.6796,0.0023,0.677,0.6692,0.0058,0.0011,0.1744,0.4122,0.0079,0.0043,0.0052,0.0657,0.0047,0.0304,0.0032,0.0048,0.0336,0.0304,0.002,0.0279,0.188,0.0035,0.0138,0.0245,0.3792,0.203,0.229,2.1666,0,1994856992,1135714720,1,0,116476604,689,685,1,1,0,0,0,0
689,0.0418,1.2972,0.7819,0.0026,0.779,0.7697,0.007,0.0013,0.2443,0.4907,0.0075,0.0041,0.0051,0.0807,0.0059,0.0331,0.0031,0.0039,0.0287,0.0291,0.0019,0.027,0.1986,0.0034,0.0148,0.0251,0.2689,0.1226,0.1631,2.0339,1,1994856992,1135718944,2,0,116476604,690,686,1,1,0,0,0,0
690,0.0432,1.3062,0.699,0.0026,0.6962,0.689,0.0048,0.0016,0.1957,0.5729,0.0113,0.005,0.0058,0.1118,0.0184,0.0824,0.0039,0.005,0.0408,0.0347,0.0022,0.0312,0.3009,0.0057,0.0217,0.0283,0.4678,0.2887,0.1957,2.4813,2,1994856992,1135714016,0,0,116476604,691,687,1,1,0,0,0,0
691,0.043,1.2171,0.645,0.0024,0.642,0.6346,0.0058,0.0008,0.2441,0.5484,0.0097,0.005,0.0089,0.0687,0.0073,0.0788,0.0044,0.0037,0.039,0.0288,0.002,0.0295,0.2448,0.0031,0.0138,0.0254,0.2426,0.1245,0.1646,1.9347,3,1994856992,1135721056,1,0,116476604,692,688,1,1,0,0,0,0
692,0.0392,1.2893,0.6918,0.0021,0.6895,0.6821,0.0052,0.0011,0.2778,0.5719,0.0105,0.0059,0.0095,0.0873,0.0055,0.0372,0.0066,0.0046,0.0415,0.0316,0.0023,0.0298,0.2274,0.004,0.0146,0.0249,0.238,0.1258,0.233,2.0937,4,1994856992,1135709088,2,0,116476604,693,689,1,1,0,0,0,0
693,0.0576,1.3751,0.8142,0.0039,0.8101,0.8022,0.0058,0.0008,0.2426,0.5293,0.0089,0.0058,0.01,0.0644,0.0057,0.0391,0.0085,0.0041,0.0424,0.0325,0.0023,0.0436,0.222,0.0029,0.0183,0.0321,0.2714,0.1305,0.2379,2.2486,5,1994856992,1135710496,0,0,116476604,694,690,1,1,0,0,0,0
694,0.0483,1.8286,0.9286,0.0036,0.9245,0.9132,0.0085,0.0015,0.3326,0.8811,0.0123,0.0081,0.0129,0.1895,0.0109,0.1184,0.011,0.0057,0.0645,0.0426,0.0034,0.041,0.456,0.0049,0.0127,0.0171,0.3078,0.2126,0.3954,3.0277,6,1994856992,1135720352,1,0,116476604,695,691,1,1,0,0,0,0
695,0.0397,1.2295,0.6727,0.0026,0.6699,0.6618,0.0062,0.0009,0.2416,0.5309,0.0093,0.0052,0.0096,0.078,0.0058,0.0495,0.0046,0.0051,0.0385,0.0313,0.0023,0.0314,0.2287,0.0029,0.0157,0.0313,0.2576,0.139,0.2103,2.0349,7,1994856992,1135721760,2,0,116476604,696,692,1,1,0,0,0,0
696,0.0416,1.149,0.6566,0.0023,0.654,0.646,0.0056,0.0014,0.2275,0.4668,0.0073,0.0041,0.0052,0.0633,0.0049,0.0355,0.0039,0.0038,0.0337,0.029,0.0024,0.0303,0.1918,0.0037,0.0151,0.0285,0.2828,0.1223,0.3623,2.166,0,1994856992,1135714720,0,0,116476604,697,693,1,1,0,0,0,0
697,0.0593,1.5032,0.6781,0.0025,0.6754,0.6678,0.0053,0.0009,0.2502,0.8085,0.0092,0.0052,0.009,0.0794,0.0067,0.183,0.0099,0.0065,0.1134,0.0673,0.0018,0.0464,0.4895,0.0037,0.0089,0.0222,0.399,0.2101,0.2557,2.6166,1,1994856992,1135718944,1,0,116476604,698,694,1,1,0,0,0,0
698,0.0402,1.6907,0.8147,0.0022,0.812,0.8007,0.0078,0.0019,0.4044,0.8516,0.0137,0.0071,0.0097,0.1725,0.0068,0.054,0.0082,0.0036,0.0568,0.0395,0.0064,0.0394,0.3622,0.0066,0.0171,0.0183,0.3119,0.1633,0.2508,2.623,2,1994856992,1135714016,2,0,116476604,699,695,1,1,0,0,0,0
699,0.0404,1.2404,0.6992,0.0021,0.6969,0.6892,0.0056,0.0012,0.2453,0.513,0.0102,0.0055,0.0091,0.0712,0.0055,0.0361,0.0057,0.0029,0.0371,0.0329,0.0022,0.0294,0.2067,0.0028,0.0189,0.0252,0.2641,0.1383,0.1593,1.9905,3,1994856992,1135721056,0,0,116476604,700,696,1,1,0,0,0,0
700,0.04,1.5209,0.7561,0.0022,0.7536,0.7423,0.0089,0.001,0.219,0.7434,0.0073,0.0051,0.0072,0.1154,0.0486,0.0862,0.007,0.0079,0.0592,0.0633,0.0039,0.0871,0.4112,0.01,0.0139,0.0194,0.3583,0.1537,0.208,2.4483,4,1994856992,1135709088,1,0,116476604,701,697,1,1,0,0,0,0
701,0.0448,1.3024,0.7481,0.0031,0.7444,0.7371,0.0054,0.0008,0.2436,0.5234,0.0101,0.0057,0.0098,0.0833,0.0068,0.0365,0.0076,0.0055,0.0311,0.0338,0.0022,0.0286,0.2133,0.0028,0.0149,0.0286,0.2736,0.1354,0.2152,2.1146,5,1994856992,1135710496,2,0,116476604,702,698,1,1,0,0,0,0
702,0.042,1.4544,0.7971,0.0037,0.7932,0.7808,0.0098,0.0012,0.2333,0.6273,0.0098,0.0057,0.0091,0.1124,0.0084,0.0474,0.0072,0.0052,0.0635,0.0395,0.0063,0.0555,0.3183,0.0063,0.0174,0.0309,0.3147,0.801,0.7225,3.9424,6,1994856992,1135720352,0,0,116476604,703,699,1,1,0,0,0,0
703,0.0474,1.5143,0.7939,0.0036,0.79,0.7776,0.0098,0.0011,0.2745,0.6964,0.0097,0.0055,0.0094,0.1172,0.0057,0.0746,0.0064,0.0053,0.0589,0.041,0.0066,0.0587,0.3504,0.0037,0.0149,0.017,0.2911,0.1935,0.2187,2.419,7,1994856992,1135721760,1,0,116476604,704,700,1,1,0,0,0,0
704,0.0386,1.1264,0.6584,0.0023,0.6558,0.6486,0.0053,0.0009,0.1943,0.4381,0.0083,0.0046,0.0063,0.0584,0.0036,0.0341,0.0057,0.0033,0.0346,0.0315,0.002,0.0322,0.1908,0.0036,0.0176,0.0324,0.2936,0.1172,0.1671,1.8923,0,1994856992,1135714720,2,0,116476604,705,701,1,1,0,0,0,0
705,0.0416,1.2833,0.7082,0.0025,0.7054,0.6981,0.0053,0.0009,0.2625,0.5472,0.0108,0.0065,0.0097,0.0804,0.0056,0.0427,0.0036,0.0034,0.037,0.031,0.0025,0.0306,0.2217,0.0035,0.0164,0.0285,0.2586,0.1285,0.1846,2.0457,1,1994856992,1135718944,0,0,116476604,706,702,1,1,0,0,0,0
706,0.0437,1.5636,0.8091,0.0034,0.8054,0.7976,0.0054,0.0011,0.3329,0.7336,0.0095,0.0089,0.0111,0.169,0.0098,0.047,0.0041,0.0104,0.0426,0.0353,0.0023,0.031,0.3249,0.0044,0.015,0.0141,0.2704,0.1685,0.2053,2.4143,2,1994856992,1135714016,1,0,116476604,707,703,1,1,0,0,0,0
707,0.0545,1.403,0.7854,0.003,0.782,0.7747,0.0055,0.0009,0.2064,0.5752,0.0109,0.006,0.0074,0.1289,0.0059,0.0568,0.0077,0.0054,0.047,0.0358,0.0026,0.036,0.3045,0.005,0.0244,0.0345,0.3368,0.1702,0.632,3.3392,3,1994856992,1135721056,2,0,116476604,708,704,1,1,0,0,0,0
708,0.0418,1.3441,0.6933,0.0024,0.6905,0.6828,0.0051,0.001,0.2537,0.6261,0.0103,0.0072,0.0096,0.1291,0.0083,0.0414,0.0048,0.0066,0.0618,0.0378,0.0022,0.0324,0.3025,0.0038,0.016,0.0296,0.3583,0.2334,0.1961,2.2884,4,1994856992,1135709088,0,0,116476604,709,705,1,1,0,0,0,0
709,0.0407,1.2921,0.6758,0.0025,0.6731,0.6659,0.005,0.0015,0.2876,0.5899,0.0101,0.0068,0.012,0.1007,0.0081,0.0403,0.0038,0.0033,0.0324,0.0328,0.0024,0.0279,0.2341,0.0035,0.0151,0.0282,0.2339,0.1281,0.1453,1.9931,5,1994856992,1135710496,1,0,116476604,710,706,1,1,0,0,0,0
710,0.0421,1.2772,0.6881,0.0023,0.6855,0.6781,0.0057,0.0007,0.2541,0.558,0.0095,0.0056,0.0091,0.0886,0.0077,0.0437,0.0085,0.0071,0.0329,0.0361,0.0024,0.0299,0.2312,0.0039,0.0198,0.0282,0.2497,0.137,0.1639,2.0224,6,1994856992,1135720352,2,0,116476604,711,707,1,1,0,0,0,0
711,0.0443,1.1747,0.674,0.003,0.6707,0.6613,0.0068,0.0013,0.2023,0.4651,0.009,0.0044,0.0083,0.0629,0.0068,0.0389,0.0035,0.0033,0.0345,0.0334,0.0033,0.0339,0.2036,0.0053,0.0218,0.0406,0.3234,0.2539,0.1224,2.1156,7,1994856992,1135721760,0,0,116476604,712,708,1,1,0,0,0,0
712,0.0423,1.3238,0.6849,0.0025,0.6821,0.6741,0.0059,0.0013,0.2729,0.6147,0.0114,0.0067,0.0106,0.0979,0.0067,0.0412,0.0095,0.006,0.0534,0.0397,0.003,0.0342,0.2664,0.0034,0.0134,0.0287,0.3055,0.255,0.2073,2.3182,0,1994856992,1135714720,1,0,116476604,713,709,1,1,0,0,0,0
713,0.1137,2.8301,1.4862,0.0167,1.4686,1.44,0.0218,0.0033,0.5448,1.3129,0.0325,0.021,0.0274,0.2274,0.0131,0.1182,0.009,0.0082,0.0876,0.0849,0.0064,0.0858,0.6039,0.0069,0.0194,0.0274,0.5177,0.2821,0.2443,4.2173,1,1994856992,1135718944,2,0,116476604,714,710,1,1,0,0,0,0
714,0.0418,1.3162,0.7549,0.0031,0.7512,0.7451,0.0045,0.001,0.212,0.5431,0.0069,0.004,0.0072,0.0954,0.0035,0.0665,0.0032,0.0031,0.0627,0.0328,0.0041,0.0274,0.2848,0.0027,0.0052,0.0261,0.3729,0.1946,0.1844,2.3001,2,1994856992,1135714016,0,0,116476604,715,711,1,1,0,0,0,0
715,0.0525,1.6404,0.871,0.0032,0.8675,0.8553,0.0099,0.0013,0.2722,0.7373,0.0193,0.0104,0.0114,0.1405,0.0084,0.0743,0.0056,0.0039,0.0594,0.0391,0.0063,0.0561,0.3694,0.0052,0.0183,0.0352,0.4305,0.1532,0.1282,2.5718,3,1994856992,1135721056,1,0,116476604,716,712,1,1,0,0,0,0
716,0.083,1.5809,0.8763,0.0056,0.8703,0.8601,0.0075,0.0014,0.2926,0.6746,0.0117,0.0064,0.0117,0.1087,0.0084,0.0556,0.0052,0.0049,0.0485,0.046,0.0038,0.0456,0.3044,0.0062,0.0175,0.0312,0.4066,0.1892,0.2519,2.7328,4,1994856992,1135709088,2,0,116476604,717,713,1,1,0,0,0,0
717,0.0402,1.3,0.6451,0.0027,0.6422,0.6335,0.0058,0.0015,0.2609,0.6251,0.0293,0.0139,0.0158,0.1286,0.0069,0.0375,0.004,0.0029,0.0269,0.0301,0.0019,0.028,0.2511,0.0033,0.0185,0.0259,0.3322,0.1777,0.129,2.121,5,1994856992,1135710496,0,0,116476604,718,714,1,1,0,0,0,0
718,0.0452,1.4249,0.7556,0.0029,0.7524,0.7453,0.0054,0.0008,0.3734,0.6449,0.0095,0.0059,0.01,0.083,0.0052,0.0354,0.004,0.0035,0.0326,0.0286,0.0026,0.0315,0.2111,0.0036,0.0148,0.0274,0.2587,0.1537,0.2475,2.3244,6,1994856992,1135720352,1,0,116476604,719,715,1,1,0,0,0,0
719,0.0408,1.2168,0.6716,0.0023,0.6688,0.6609,0.006,0.0009,0.2608,0.5199,0.0095,0.0058,0.0093,0.0663,0.0074,0.0369,0.0032,0.0039,0.033,0.0293,0.0022,0.0319,0.1974,0.0037,0.0139,0.0289,0.2827,0.1335,0.2358,2.1073,7,1994856992,1135721760,2,0,116476604,720,716,1,1,0,0,0,0
720,0.042,1.6569,0.8309,0.0031,0.8275,0.8175,0.0079,0.001,0.2934,0.8091,0.0169,0.0083,0.0112,0.1834,0.0082,0.0909,0.0038,0.0042,0.0894,0.0392,0.0017,0.0382,0.4411,0.0025,0.0095,0.0301,1.4018,0.8769,0.6448,5.2315,0,1994856992,1135714720,0,0,116476604,721,717,1,1,0,0,0,0
721,0.04,1.4115,0.7898,0.0031,0.7864,0.7739,0.0098,0.0012,0.247,0.5926,0.0094,0.0054,0.0097,0.1022,0.0087,0.042,0.0041,0.0075,0.0387,0.0343,0.0038,0.0589,0.2761,0.0051,0.0163,0.0289,0.3231,0.132,0.1802,2.3192,1,1994856992,1135718944,1,0,116476604,722,718,1,1,0,0,0,0
722,0.0429,1.6458,0.8175,0.0033,0.8138,0.8055,0.0051,0.0015,0.2273,0.8078,0.0089,0.0053,0.0079,0.1671,0.0083,0.119,0.0049,0.0042,0.0907,0.0835,0.0023,0.0597,0.52,0.0032,0.012,0.018,0.4057,0.1936,0.2529,2.7673,2,1994856992,1135714016,2,0,116476604,723,719,1,1,0,0,0,0
723,0.0409,1.5591,0.847,0.0035,0.8432,0.8305,0.0098,0.0014,0.2839,0.6813,0.0094,0.0064,0.0173,0.1299,0.0084,0.0473,0.0072,0.0066,0.041,0.0397,0.0037,0.0566,0.3145,0.0056,0.0144,0.0168,0.3232,0.1474,0.1945,2.4172,3,1994856992,1135721056,0,0,116476604,724,720,1,1,0,0,0,0
724,0.0426,1.4883,0.7924,0.0027,0.7893,0.7752,0.0119,0.001,0.2688,0.6619,0.0095,0.0055,0.0104,0.1271,0.0086,0.0551,0.0072,0.0044,0.0444,0.0364,0.0028,0.0598,0.3228,0.0043,0.0213,0.0174,0.3398,0.2005,0.2074,2.4803,4,1994856992,1135709088,1,0,116476604,725,721,1,1,0,0,0,0
725,0.0494,1.5124,0.8132,0.0021,0.8109,0.7972,0.0107,0.0013,0.2424,0.6691,0.0092,0.0055,0.0102,0.1228,0.0093,0.0764,0.0053,0.0033,0.0646,0.0406,0.0065,0.0515,0.3559,0.0039,0.0156,0.0239,0.3179,0.1702,0.6747,3.1661,5,1994856992,1135710496,2,0,116476604,726,722,1,1,0,0,0,0
726,0.0445,1.6201,0.806,0.0031,0.8024,0.7901,0.0096,0.0013,0.2858,0.7972,0.0103,0.0064,0.0108,0.1459,0.0065,0.0819,0.0143,0.0042,0.079,0.0587,0.002,0.0683,0.4338,0.0033,0.0092,0.0176,0.377,0.1622,0.3205,2.7005,6,1994856992,1135720352,0,0,116476604,727,723,1,1,0,0,0,0
727,0.0449,1.7328,0.9697,0.0028,0.9665,0.9579,0.007,0.0009,0.221,0.7446,0.009,0.0053,0.0073,0.1192,0.024,0.1745,0.0068,0.0037,0.0615,0.0503,0.0024,0.0365,0.442,0.0029,0.0106,0.0154,0.3167,0.1347,0.1519,2.5367,7,1994856992,1135721760,1,0,116476604,728,724,1,1,0,0,0,0
728,0.0408,2.06,0.8412,0.0034,0.8374,0.8247,0.0101,0.0013,0.2565,1.1805,0.0085,0.0058,0.0101,0.1244,0.0055,0.4211,0.0135,0.0105,0.1141,0.1088,0.0046,0.0726,0.841,0.0058,0.0211,0.0305,0.404,0.1565,0.1365,2.9493,0,1994856992,1135714720,2,0,116476604,729,725,1,1,0,0,0,0
729,0.0468,1.4213,0.785,0.0032,0.7815,0.7685,0.01,0.0014,0.285,0.6041,0.0096,0.0062,0.0093,0.0796,0.0058,0.0414,0.0038,0.0039,0.0379,0.0587,0.0052,0.0354,0.253,0.005,0.0203,0.031,0.319,0.1282,0.2023,2.3298,1,1994856992,1135718944,0,0,116476604,730,726,1,1,0,0,0,0
730,0.0521,1.5854,0.7236,0.0034,0.7198,0.7129,0.0049,0.001,0.3054,0.84,0.0109,0.007,0.0148,0.1978,0.0184,0.0651,0.007,0.0066,0.0609,0.0609,0.0037,0.055,0.4397,0.0056,0.0136,0.0227,0.3686,0.182,0.2226,2.5996,2,1994856992,1135714016,1,0,116476604,731,727,1,1,0,0,0,0
731,0.0445,1.3791,0.7266,0.0079,0.7185,0.7105,0.0064,0.0008,0.2176,0.627,0.0076,0.0047,0.007,0.1282,0.0046,0.0648,0.0052,0.0037,0.0661,0.0556,0.002,0.0389,0.3536,0.0062,0.0117,0.0304,0.3427,0.1511,0.1474,2.227,3,1994856992,1135721056,2,0,116476604,732,728,1,1,0,0,0,0
732,0.0409,1.4287,0.7103,0.0032,0.7068,0.6998,0.0053,0.0009,0.2338,0.702,0.0069,0.0046,0.0066,0.1173,0.0065,0.0758,0.0051,0.0062,0.0848,0.0634,0.0023,0.0696,0.4109,0.0028,0.0088,0.0164,0.3104,0.1873,0.1704,2.3031,4,1994856992,1135709088,0,0,116476604,733,729,1,1,0,0,0,0
733,0.0462,1.5799,0.8027,0.0026,0.7998,0.7849,0.0099,0.0034,0.2518,0.7558,0.0099,0.0056,0.011,0.1293,0.0082,0.0546,0.0074,0.0059,0.0768,0.0827,0.0148,0.0749,0.4183,0.0034,0.0126,0.0156,0.3041,0.1792,0.2036,2.5167,5,1994856992,1135710496,1,0,116476604,734,730,1,1,0,0,0,0
734,0.0615,1.5102,0.8784,0.0072,0.8701,0.8609,0.0061,0.0013,0.2373,0.5944,0.0085,0.005,0.0059,0.1366,0.0058,0.0388,0.0051,0.0054,0.0396,0.0463,0.0024,0.0378,0.2991,0.0033,0.0196,0.0167,0.3367,0.1686,0.2405,2.5276,6,1994856992,1135720352,2,0,116476604,735,731,1,1,0,0,0,0
735,0.0412,1.9337,1.2932,0.0032,1.2898,1.2732,0.0132,0.0016,0.2712,0.6157,0.0085,0.0065,0.0068,0.0982,0.0063,0.075,0.0059,0.0034,0.053,0.0318,0.0025,0.0291,0.2871,0.0037,0.0155,0.0265,0.2388,0.1217,0.1204,2.6479,7,1994856992,1135721760,0,0,116476604,736,732,1,1,0,0,0,0
736,0.0421,1.352,0.7627,0.0034,0.759,0.7453,0.0121,0.0007,0.185,0.5661,0.0082,0.0049,0.0068,0.1062,0.0061,0.0575,0.0058,0.0035,0.0619,0.0596,0.0027,0.0388,0.324,0.0039,0.0098,0.0291,0.355,1.1126,0.7474,4.2921,0,1994856992,1135714720,1,0,116476604,737,733,1,1,0,0,0,0
737,0.0464,1.4138,0.7065,0.0027,0.7034,0.6972,0.0049,0.0007,0.2281,0.6876,0.0087,0.0049,0.0072,0.0719,0.0033,0.0935,0.0063,0.015,0.071,0.0866,0.0046,0.0668,0.3898,0.003,0.0083,0.0285,0.5053,0.2354,0.1427,2.5773,1,1994856992,1135718944,2,0,116476604,738,734,1,1,0,0,0,0
738,0.0446,1.4568,0.8104,0.0031,0.8071,0.7938,0.0108,0.0011,0.2812,0.6097,0.0097,0.0061,0.0101,0.1041,0.0048,0.0411,0.0075,0.0081,0.0453,0.0358,0.0034,0.0337,0.26,0.0039,0.0196,0.0282,0.2943,0.1877,0.2472,2.445,2,1994856992,1135714016,0,0,116476604,739,735,1,1,0,0,0,0
739,0.0832,6.2114,1.1402,0.0045,1.1351,1.1207,0.0113,0.0017,1.193,5.0021,0.0407,0.0248,0.0536,0.9713,0.0451,0.6863,0.0461,0.0498,0.7254,0.7276,0.0319,0.2989,3.4095,0.0208,0.0446,0.1654,1.8246,0.5122,0.5425,9.6832,3,1994856992,1135721056,1,0,116476604,740,736,1,1,0,0,0,0
740,0.0474,1.7948,0.7943,0.0037,0.7903,0.7766,0.0106,0.0014,0.3152,0.9682,0.0118,0.0075,0.0132,0.2368,0.0072,0.0863,0.017,0.005,0.0828,0.0729,0.0088,0.0713,0.5501,0.0053,0.019,0.0308,0.4594,0.1496,0.1659,2.7742,4,1994856992,1135709088,2,0,116476604,741,737,1,1,0,0,0,0
741,0.0427,1.4932,0.8128,0.0035,0.809,0.8004,0.0066,0.0009,0.2441,0.6487,0.0101,0.0054,0.0102,0.1198,0.0083,0.0405,0.0044,0.0039,0.0403,0.0681,0.0053,0.0646,0.3333,0.0037,0.0176,0.0223,0.3056,0.1889,0.4703,2.8078,5,1994856992,1135710496,0,0,116476604,742,738,1,1,0,0,0,0
742,0.0451,1.498,0.8516,0.0037,0.8477,0.8301,0.0143,0.0014,0.2475,0.6122,0.0131,0.0072,0.009,0.0967,0.0093,0.0422,0.0035,0.0057,0.059,0.0399,0.0065,0.0518,0.2896,0.0036,0.0204,0.0275,0.2697,0.1174,0.122,2.1991,6,1994856992,1135720352,1,0,116476604,743,739,1,1,0,0,0,0
743,0.0565,1.557,0.7792,0.0039,0.7749,0.7667,0.0067,0.001,0.2325,0.7516,0.0082,0.0063,0.0068,0.1581,0.0064,0.1136,0.0073,0.0037,0.0862,0.0414,0.0021,0.0609,0.4602,0.0025,0.0139,0.0257,0.3907,0.1754,0.1696,2.5433,7,1994856992,1135721760,2,0,116476604,744,740,1,1,0,0,0,0
744,0.0977,2.4362,1.1903,0.0088,1.1809,1.1645,0.0126,0.0018,0.4085,1.2158,0.026,0.0149,0.0135,0.1696,0.0067,0.1868,0.0112,0.0062,0.1789,0.091,0.0049,0.0625,0.6888,0.0044,0.0183,0.0297,0.5172,0.2681,0.3107,3.8776,0,1994856992,1135714720,0,0,116476604,745,741,1,1,0,0,0,0
745,0.0433,1.2693,0.7681,0.0033,0.7646,0.7569,0.0055,0.0012,0.1858,0.4605,0.0096,0.0043,0.0049,0.0919,0.0056,0.0448,0.0055,0.0022,0.0329,0.0275,0.0017,0.027,0.2241,0.0029,0.0251,0.0308,0.3539,0.2118,0.1666,2.2642,1,1994856992,1135718944,1,0,116476604,746,742,1,1,0,0,0,0
746,0.0484,1.6302,0.8789,0.0032,0.8755,0.8679,0.0056,0.0012,0.2108,0.7185,0.0079,0.0048,0.0076,0.1441,0.0051,0.0941,0.0029,0.0054,0.0945,0.0822,0.0029,0.0367,0.4516,0.0043,0.0171,0.0323,0.3134,0.2182,0.1909,2.6266,2,1994856992,1135714016,2,0,116476604,747,743,1,1,0,0,0,0
747,0.043,1.2945,0.6171,0.0031,0.6135,0.6074,0.0044,0.0011,0.2329,0.6548,0.0081,0.0046,0.0065,0.1375,0.0057,0.1,0.0089,0.0022,0.0669,0.0312,0.0016,0.0322,0.3678,0.0029,0.0098,0.027,0.2692,0.2053,0.2557,2.3019,3,1994856992,1135721056,0,0,116476604,748,744,1,1,0,0,0,0
748,0.0462,1.3888,0.7484,0.003,0.7451,0.7335,0.009,0.0012,0.2508,0.6167,0.0109,0.006,0.0101,0.1372,0.0095,0.0432,0.0033,0.0078,0.0422,0.0419,0.0032,0.0276,0.2921,0.0023,0.0123,0.0287,0.3681,0.2584,0.1905,2.4287,4,1994856992,1135709088,1,0,116476604,749,745,1,1,0,0,0,0
749,0.0787,2.088,1.1434,0.0045,1.1384,1.1272,0.0081,0.0019,0.3724,0.9113,0.0243,0.0141,0.0137,0.1763,0.0036,0.0975,0.0047,0.0038,0.069,0.0504,0.0042,0.0386,0.4318,0.0055,0.0194,0.0331,0.4524,0.1518,0.8646,3.8589,5,1994856992,1135710496,2,0,116476604,750,746,1,1,0,0,0,0
750,0.0508,1.3238,0.7152,0.0029,0.7117,0.7058,0.0046,0.0008,0.2433,0.5849,0.0092,0.0057,0.0064,0.0864,0.0045,0.0493,0.0049,0.0052,0.0492,0.0481,0.0037,0.0502,0.2832,0.0049,0.0072,0.0386,0.4265,0.2894,0.185,2.4883,6,1994856992,1135720352,0,0,116476604,751,747,1,1,0,0,0,0
751,0.1915,5.4354,2.7147,0.0243,2.6891,2.6436,0.0345,0.0056,0.9974,2.6699,0.036,0.0222,0.0386,0.4359,0.0194,0.3662,0.0135,0.0137,0.2316,0.2231,0.0121,0.1893,1.4461,0.0095,0.0297,0.0474,0.9835,0.9798,0.4666,8.6209,7,1994856992,1135721760,1,0,116476604,752,748,1,1,0,0,0,0
752,0.0439,1.3553,0.6093,0.0028,0.6063,0.5983,0.0058,0.0011,0.1925,0.7085,0.0079,0.0048,0.0055,0.2665,0.0116,0.075,0.007,0.0028,0.0464,0.0326,0.0028,0.0324,0.4529,0.0048,0.0243,0.0397,0.5137,0.2073,0.3253,2.638,0,1994856992,1135714720,2,0,116476604,753,749,1,1,0,0,0,0
753,0.0379,1.0473,0.6615,0.0025,0.6588,0.6514,0.0052,0.0009,0.165,0.3731,0.0078,0.0035,0.0048,0.0553,0.0044,0.0286,0.0028,0.0025,0.0278,0.0269,0.0022,0.0281,0.1667,0.0024,0.0071,0.0127,0.1915,0.1184,0.1091,1.6075,1,1994856992,1135718944,0,0,116476604,754,750,1,1,0,0,0,0
754,0.0769,3.9431,1.1172,0.0026,1.114,1.1042,0.007,0.0012,0.2558,2.7279,0.0107,0.0077,0.0205,0.202,0.0943,0.6468,0.0337,0.0718,0.5184,0.4074,0.0241,0.3436,2.1182,0.0318,0.0629,0.0902,2.0241,1.2378,1.08,9.5005,2,1994856992,1135714016,1,0,116476604,755,751,1,1,0,0,0,0
755,0.0612,1.6993,0.756,0.0024,0.7533,0.7433,0.006,0.0023,0.4004,0.9035,0.0125,0.0076,0.0124,0.081,0.0058,0.035,0.0028,0.0086,0.0754,0.1554,0.0032,0.0761,0.4229,0.0063,0.0249,0.0345,0.9806,1.005,0.7316,5.0354,3,1994856992,1135721056,2,0,116476604,756,752,1,1,0,0,0,0
756,0.0395,1.1439,0.6931,0.0021,0.6908,0.6836,0.0055,0.0007,0.1783,0.4271,0.0081,0.0039,0.0051,0.0662,0.0047,0.0348,0.0046,0.004,0.035,0.0298,0.0022,0.0325,0.1983,0.0037,0.0146,0.0282,0.306,0.1349,0.3633,2.152,4,1994856992,1135709088,0,0,116476604,757,753,1,1,0,0,0,0
757,0.0409,1.2953,0.6679,0.0022,0.6655,0.6571,0.006,0.0014,0.282,0.5992,0.011,0.0056,0.0102,0.1008,0.0059,0.0489,0.0084,0.0045,0.0372,0.0322,0.0023,0.0288,0.2479,0.0031,0.0165,0.0261,0.2688,0.1342,0.1389,2.0219,5,1994856992,1135710496,1,0,116476604,758,754,1,1,0,0,0,0
758,0.0538,1.6088,0.8707,0.0062,0.8642,0.8536,0.0073,0.0014,0.2934,0.7173,0.0108,0.0071,0.013,0.1555,0.0078,0.0493,0.0065,0.005,0.0488,0.0448,0.0037,0.0451,0.3435,0.0038,0.0121,0.0211,0.4221,0.2788,0.1482,2.7028,6,1994856992,1135720352,2,0,116476604,759,755,1,1,0,0,0,0
759,0.0442,1.6872,0.9357,0.0036,0.9318,0.9185,0.01,0.0014,0.3095,0.7102,0.0102,0.0061,0.009,0.1075,0.0085,0.0459,0.0076,0.0048,0.0458,0.036,0.0027,0.0863,0.3215,0.012,0.0269,0.0435,0.3866,0.1827,0.1772,2.68,7,1994856992,1135721760,0,0,116476604,760,756,1,1,0,0,0,0
760,0.0383,1.1987,0.6931,0.0032,0.6897,0.6827,0.0052,0.0009,0.2188,0.4765,0.0096,0.0058,0.0091,0.071,0.0057,0.0353,0.0046,0.003,0.0329,0.0284,0.0021,0.0317,0.1993,0.0033,0.0157,0.0294,0.4646,0.2999,0.2265,2.4533,0,1994856992,1135714720,1,0,116476604,761,757,1,1,0,0,0,0
761,0.0466,1.4883,0.6995,0.0029,0.6963,0.6889,0.0054,0.0009,0.3044,0.7677,0.0096,0.0052,0.0066,0.1425,0.0077,0.0731,0.0173,0.005,0.0722,0.05,0.0044,0.0478,0.3856,0.0039,0.014,0.0178,0.3438,0.1836,0.1938,2.4739,1,1994856992,1135718944,2,0,116476604,762,758,1,1,0,0,0,0
762,0.0477,1.7772,0.8941,0.0042,0.8895,0.8745,0.0119,0.0016,0.2655,0.849,0.0095,0.006,0.0115,0.1581,0.0078,0.1035,0.0046,0.0042,0.0833,0.0762,0.0127,0.0808,0.5019,0.0051,0.021,0.0345,0.399,0.2114,0.2051,2.8771,2,1994856992,1135714016,0,0,116476604,763,759,1,1,0,0,0,0
763,0.0657,1.9985,0.9939,0.0038,0.9896,0.9712,0.0139,0.0028,0.292,0.9767,0.0124,0.0081,0.0118,0.1585,0.0106,0.0603,0.0062,0.0061,0.0585,0.1426,0.0058,0.1762,0.5961,0.005,0.016,0.0334,0.4807,0.2643,0.241,3.2866,3,1994856992,1135721056,1,0,116476604,764,760,1,1,0,0,0,0
764,0.0543,1.7878,0.9232,0.0031,0.9199,0.9034,0.0123,0.0023,0.3049,0.8323,0.0087,0.0056,0.0066,0.1092,0.0049,0.0893,0.0055,0.0045,0.0784,0.0982,0.0024,0.0826,0.4577,0.0143,0.021,0.0276,0.3947,0.2142,0.7118,3.4976,4,1994856992,1135709088,2,0,116476604,765,761,1,1,0,0,0,0
765,0.0419,1.5343,0.8181,0.0029,0.8149,0.802,0.0103,0.0012,0.2192,0.6856,0.008,0.0045,0.0074,0.1527,0.0166,0.1186,0.0063,0.011,0.0465,0.0309,0.0023,0.0364,0.3851,0.0061,0.0174,0.0273,0.3653,0.1542,0.1833,2.4562,5,1994856992,1135710496,0,0,116476604,766,762,1,1,0,0,0,0
766,0.0545,2.0383,1.022,0.0034,1.0183,1.0064,0.009,0.001,0.3081,0.9618,0.02,0.0065,0.0142,0.1108,0.0102,0.106,0.0093,0.0093,0.0928,0.1305,0.0102,0.0962,0.5363,0.008,0.0345,0.0461,0.4869,0.2233,0.1938,3.221,6,1994856992,1135720352,1,0,116476604,767,763,1,1,0,0,0,0
767,0.1043,3.7369,2.0982,0.0145,2.0831,2.0549,0.0219,0.0034,0.6715,1.5399,0.0246,0.0151,0.02,0.2588,0.0094,0.1356,0.0227,0.0077,0.0966,0.0905,0.0052,0.1227,0.7042,0.0176,0.0655,0.0986,0.7868,0.5325,0.3476,5.9586,7,1994856992,1135721760,2,0,116476604,768,764,1,1,0,0,0,0
768,0.0602,2.3858,1.2969,0.0026,1.2938,1.2686,0.02,0.0023,0.3929,1.0475,0.0169,0.0126,0.0111,0.1863,0.0074,0.1458,0.0151,0.0043,0.0882,0.0623,0.0043,0.0636,0.5462,0.0082,0.026,0.0391,0.4115,0.2035,0.1384,3.3933,0,1994856992,1135714720,0,0,116476604,769,765,1,1,0,0,0,0
769,0.0817,2.3323,1.1447,0.0137,1.1301,1.1121,0.0136,0.0019,0.39,1.1517,0.015,0.0137,0.017,0.2001,0.0117,0.0918,0.0085,0.0218,0.1206,0.1338,0.0077,0.0789,0.6252,0.0095,0.0226,0.0327,0.5195,0.2482,0.2151,3.6395,1,1994856992,1135718944,1,0,116476604,770,766,1,1,0,0,0,0
770,0.0467,1.4854,0.6812,0.0025,0.6782,0.6678,0.007,0.0014,0.2411,0.77,0.0178,0.0133,0.0126,0.1323,0.0053,0.0339,0.0055,0.0047,0.0389,0.0256,0.0015,0.1895,0.4202,0.012,0.0198,0.0271,0.4651,0.2418,0.2319,2.6583,2,1994856992,1135714016,2,0,116476604,771,767,1,1,0,0,0,0
771,0.0515,2.0013,0.8484,0.0028,0.8453,0.8336,0.0084,0.0015,0.2547,1.1102,0.0112,0.0057,0.0069,0.2351,0.0104,0.1242,0.0122,0.0054,0.1385,0.1481,0.0161,0.11,0.7559,0.0095,0.0282,0.0394,0.5026,0.2494,0.2433,3.3241,3,1994856992,1135721056,0,0,116476604,772,768,1,1,0,0,0,0
772,0.0987,4.2228,1.2321,0.0052,1.2264,1.2082,0.0143,0.0016,0.3719,2.8796,0.0168,0.0099,0.0126,0.5913,0.0693,0.5349,0.0185,0.018,0.3312,0.4011,0.049,0.3642,2.2227,0.0344,0.0694,0.0835,1.9546,1.3951,0.4966,8.8471,4,1994856992,1135709088,1,0,116476604,773,769,1,1,0,0,0,0
773,0.128,2.5489,1.6698,0.0052,1.6638,1.6441,0.0155,0.0018,0.4193,0.8255,0.0134,0.0106,0.01,0.1293,0.0057,0.0489,0.0052,0.0066,0.0516,0.0454,0.0036,0.0432,0.3184,0.0046,0.0347,0.0372,0.4905,0.1734,0.2001,3.8182,5,1994856992,1135710496,2,0,116476604,774,770,1,1,0,0,0,0
774,0.068,2.7078,1.1418,0.0057,1.1357,1.125,0.008,0.0016,0.4491,1.5311,0.0195,0.0147,0.0199,0.3397,0.0149,0.1475,0.0123,0.0061,0.0747,0.1713,0.0062,0.2101,0.9433,0.0076,0.0202,0.042,0.7716,0.4129,0.3692,4.6844,6,1994856992,1135720352,0,0,116476604,775,771,1,1,0,0,0,0
775,0.0612,1.5202,0.975,0.0029,0.9717,0.959,0.0092,0.0013,0.2606,0.5236,0.0112,0.007,0.0066,0.0756,0.0043,0.0324,0.0033,0.0044,0.0315,0.0326,0.002,0.0305,0.2026,0.0033,0.0128,0.0207,0.2843,0.1995,0.2264,2.511,7,1994856992,1135721760,1,0,116476604,776,772,1,1,0,0,0,0
776,0.0877,2.7491,1.8254,0.0047,1.8198,1.8073,0.0091,0.0011,0.3207,0.8895,0.0234,0.0151,0.013,0.1946,0.0057,0.0559,0.0039,0.0044,0.0478,0.0613,0.0026,0.1024,0.462,0.0045,0.0179,0.034,0.4464,0.1547,0.154,3.7668,0,1994856992,1135714720,2,0,116476604,777,773,1,1,0,0,0,0
777,0.062,1.2641,0.7012,0.0034,0.6976,0.6892,0.0061,0.0007,0.1825,0.5487,0.022,0.0127,0.0099,0.1048,0.0054,0.0391,0.0068,0.0059,0.0599,0.0389,0.0027,0.0365,0.2792,0.0033,0.0082,0.0159,0.3149,0.1492,0.2033,2.1728,1,1994856992,1135718944,0,0,116476604,778,774,1,1,0,0,0,0
778,0.0673,2.6696,1.1348,0.0056,1.1287,1.1142,0.0102,0.0021,0.363,1.4897,0.0163,0.0079,0.013,0.4425,0.006,0.144,0.0178,0.009,0.1245,0.1053,0.0159,0.1899,1.0062,0.0076,0.0253,0.0716,2.5843,1.045,0.776,7.9898,2,1994856992,1135714016,1,0,116476604,779,775,1,1,0,0,0,0
779,0.0686,2.5156,1.2581,0.0038,1.2538,1.244,0.0078,0.0013,0.4408,1.2168,0.0178,0.0076,0.015,0.2694,0.021,0.1782,0.0037,0.0026,0.0663,0.0653,0.0021,0.0906,0.6698,0.0102,0.0246,0.0288,0.9658,0.2238,0.151,4.0967,3,1994856992,1135721056,2,0,116476604,780,776,1,1,0,0,0,0
780,0.0435,1.3437,0.6707,0.0031,0.6673,0.6578,0.0075,0.001,0.2112,0.6317,0.009,0.0047,0.0079,0.1162,0.0222,0.0622,0.0049,0.006,0.0548,0.0512,0.003,0.0525,0.3369,0.0062,0.0298,0.0336,0.339,0.1237,0.1209,2.1114,4,1994856992,1135709088,0,0,116476604,781,777,1,1,0,0,0,0
781,0.0777,2.2313,1.3414,0.0051,1.3355,1.3242,0.0085,0.0009,0.4318,0.8607,0.0141,0.0082,0.018,0.1217,0.0064,0.039,0.0063,0.0043,0.0503,0.0341,0.0047,0.0896,0.3347,0.0051,0.0153,0.0263,0.4193,0.1782,0.2128,3.3339,5,1994856992,1135710496,1,0,116476604,782,778,1,1,0,0,0,0
782,0.0501,2.0396,0.8972,0.0035,0.8933,0.877,0.0128,0.0022,0.3284,1.1098,0.0106,0.0069,0.0077,0.2699,0.0217,0.1272,0.006,0.0051,0.081,0.0652,0.004,0.1448,0.6881,0.0089,0.0198,0.0278,0.5707,0.2451,0.1408,3.2045,6,1994856992,1135720352,2,0,116476604,783,779,1,1,0,0,0,0
783,0.0476,1.438,0.6952,0.0022,0.6925,0.6855,0.0052,0.001,0.2844,0.7129,0.0097,0.006,0.0089,0.126,0.0071,0.0595,0.0051,0.0053,0.0578,0.0565,0.0042,0.055,0.3548,0.006,0.0181,0.0195,0.2742,0.1994,0.1622,2.3745,7,1994856992,1135721760,0,0,116476604,784,780,1,1,0,0,0,0
784,0.0431,1.7471,0.8217,0.0031,0.8183,0.8081,0.0079,0.0009,0.2453,0.9006,0.0094,0.0061,0.0069,0.1269,0.0168,0.109,0.0062,0.0087,0.154,0.1056,0.0026,0.0804,0.5759,0.0051,0.0156,0.021,0.5046,0.3846,0.3237,3.2935,0,1994856992,1135714720,1,0,116476604,785,781,1,1,0,0,0,0
785,0.0506,1.5155,0.8188,0.004,0.8143,0.8071,0.0056,0.001,0.2529,0.6661,0.0088,0.007,0.0083,0.1405,0.0059,0.0531,0.0049,0.0191,0.0545,0.0425,0.0028,0.045,0.3356,0.0045,0.0166,0.0166,0.2932,0.1717,0.1416,2.3586,1,1994856992,1135718944,2,0,116476604,786,782,1,1,0,0,0,0
786,0.047,1.4679,0.6705,0.0038,0.6664,0.6597,0.005,0.001,0.2361,0.773,0.0085,0.0067,0.0085,0.1164,0.0173,0.15,0.0082,0.0058,0.068,0.0642,0.0026,0.0594,0.458,0.0038,0.008,0.0193,0.3197,0.1688,0.2427,2.4131,2,1994856992,1135714016,0,0,116476604,787,783,1,1,0,0,0,0
787,0.0586,1.5512,0.7157,0.003,0.7124,0.7065,0.0041,0.0012,0.2501,0.8057,0.0096,0.005,0.0102,0.1107,0.0065,0.1307,0.005,0.004,0.0745,0.0707,0.0028,0.0941,0.4807,0.0115,0.0177,0.0425,0.6721,0.1817,0.1629,2.8128,3,1994856992,1135721056,1,0,116476604,788,784,1,1,0,0,0,0
788,0.0425,1.6125,0.8313,0.0033,0.8277,0.8151,0.01,0.0013,0.2734,0.7611,0.0095,0.0054,0.0098,0.143,0.0072,0.0667,0.0047,0.0149,0.0706,0.0743,0.0027,0.0597,0.4143,0.0028,0.0096,0.0153,0.291,0.1856,0.1619,2.4991,4,1994856992,1135709088,2,0,116476604,789,785,1,1,0,0,0,0
789,0.0865,2.2198,0.9831,0.0098,0.9728,0.959,0.0104,0.002,0.3948,1.2107,0.0145,0.0114,0.0206,0.2575,0.0111,0.1705,0.0069,0.0072,0.1146,0.0779,0.0053,0.0832,0.7037,0.0079,0.0154,0.0266,0.6317,0.2663,0.2177,3.6399,5,1994856992,1135710496,0,0,116476604,790,786,1,1,0,0,0,0
790,0.0396,1.778,0.7591,0.0025,0.7564,0.7493,0.0053,0.0009,0.3232,0.9868,0.0186,0.0118,0.0123,0.1041,0.0148,0.0595,0.008,0.0107,0.1123,0.1816,0.0044,0.0955,0.553,0.0049,0.019,0.0309,0.381,0.2153,0.8331,3.7106,6,1994856992,1135720352,1,0,116476604,791,787,1,1,0,0,0,0
791,0.0417,1.296,0.6981,0.0024,0.6954,0.6876,0.0059,0.0008,0.2811,0.5731,0.0104,0.0055,0.0098,0.0955,0.0069,0.041,0.003,0.0035,0.0326,0.0321,0.0026,0.0288,0.23,0.0038,0.0136,0.0271,0.2503,0.1801,0.7131,2.8153,7,1994856992,1135721760,2,0,116476604,792,788,1,1,0,0,0,0
792,0.0423,1.6673,0.7138,0.0021,0.7115,0.7047,0.0047,0.0011,0.251,0.9347,0.0099,0.0087,0.0124,0.2924,0.0176,0.1282,0.008,0.004,0.059,0.0637,0.0022,0.0516,0.5949,0.0059,0.0114,0.0182,0.2536,0.1172,0.2564,2.4894,0,1994856992,1135714720,0,0,116476604,793,789,1,1,0,0,0,0
793,0.0405,1.2473,0.6683,0.0022,0.6659,0.6579,0.0061,0.001,0.2477,0.554,0.0098,0.0059,0.0092,0.0835,0.0064,0.045,0.0041,0.0051,0.0459,0.037,0.003,0.0317,0.2431,0.0033,0.0138,0.0257,0.2313,0.1378,0.1517,1.9558,1,1994856992,1135718944,1,0,116476604,794,790,1,1,0,0,0,0
794,0.0393,1.2949,0.6803,0.0019,0.678,0.6712,0.0046,0.0009,0.2542,0.5855,0.0101,0.0064,0.0099,0.0812,0.006,0.0573,0.0079,0.0054,0.0398,0.0449,0.0032,0.0379,0.2611,0.004,0.018,0.0312,0.2384,0.1337,0.205,2.1029,2,1994856992,1135714016,2,0,116476604,795,791,1,1,0,0,0,0
795,0.0444,1.4507,0.8109,0.0024,0.8082,0.7956,0.01,0.0012,0.2353,0.6172,0.0098,0.0054,0.0088,0.0955,0.0078,0.0354,0.0042,0.007,0.0622,0.0376,0.0032,0.0697,0.3004,0.016,0.0148,0.025,0.3737,0.2325,0.1692,2.4244,3,1994856992,1135721056,0,0,116476604,796,792,1,1,0,0,0,0
796,0.0398,1.2607,0.6709,0.0021,0.6686,0.6604,0.0059,0.0012,0.2473,0.5635,0.0101,0.0059,0.0091,0.0907,0.006,0.0504,0.0071,0.0038,0.0399,0.032,0.0039,0.0363,0.2493,0.0033,0.015,0.0264,0.2458,0.2261,0.1689,2.1046,4,1994856992,1135709088,1,0,116476604,797,793,1,1,0,0,0,0
797,0.0427,1.4315,0.7977,0.0031,0.7944,0.7865,0.0056,0.0013,0.1825,0.6029,0.0076,0.0039,0.0061,0.0836,0.0051,0.1277,0.0042,0.004,0.063,0.0553,0.0022,0.0404,0.37,0.0038,0.0177,0.0299,0.3392,0.5534,0.8323,4.1392,5,1994856992,1135710496,2,0,116476604,798,794,1,1,0,0,0,0
798,0.043,1.5985,0.8269,0.0036,0.823,0.8098,0.0104,0.0013,0.2707,0.7465,0.0108,0.0054,0.0094,0.1244,0.0056,0.0576,0.0075,0.0039,0.0629,0.0925,0.0142,0.0561,0.3935,0.0051,0.0151,0.0219,0.3515,0.229,0.2791,2.7381,6,1994856992,1135720352,0,0,116476604,799,795,1,1,0,0,0,0
799,0.0448,1.345,0.6656,0.0019,0.6634,0.6528,0.0082,0.001,0.2194,0.6476,0.0087,0.0045,0.0066,0.0892,0.004,0.0831,0.0049,0.0048,0.0644,0.0794,0.0029,0.0586,0.3747,0.0032,0.0189,0.034,0.3228,0.2164,0.1803,2.3596,7,1994856992,1135721760,1,0,116476604,800,796,1,1,0,0,0,0
800,0.0494,1.0634,0.6278,0.0024,0.6251,0.6175,0.0056,0.0009,0.1736,0.4125,0.0092,0.004,0.005,0.0612,0.0048,0.0342,0.0047,0.0028,0.0306,0.034,0.0023,0.0309,0.1909,0.0025,0.014,0.0359,0.3743,0.2502,0.1793,2.1183,0,1994856992,1135714720,2,0,116476604,801,797,1,1,0,0,0,0
801,0.0387,1.0701,0.6338,0.0025,0.6311,0.6238,0.0051,0.0011,0.1719,0.4062,0.0073,0.0037,0.0053,0.0637,0.005,0.0298,0.0027,0.0027,0.0308,0.0342,0.0022,0.0305,0.189,0.0041,0.0189,0.0312,0.2878,0.1308,0.152,1.8353,1,1994856992,1135718944,0,0,116476604,802,798,1,1,0,0,0,0
802,0.0412,1.4708,0.6757,0.0029,0.6726,0.6661,0.0047,0.0009,0.2514,0.7765,0.0109,0.0059,0.0103,0.0828,0.0067,0.0765,0.004,0.0182,0.0644,0.1005,0.0047,0.115,0.4392,0.0084,0.0107,0.0179,0.3324,0.2452,0.2122,2.536,2,1994856992,1135714016,1,0,116476604,803,799,1,1,0,0,0,0
803,0.0374,1.3066,0.7008,0.0024,0.6982,0.6838,0.0116,0.0013,0.2965,0.5774,0.0098,0.006,0.0092,0.0703,0.0062,0.0413,0.0031,0.0036,0.0345,0.0314,0.0022,0.0439,0.2214,0.0034,0.0171,0.0272,0.2652,0.1409,0.2119,2.1235,3,1994856992,1135721056,2,0,116476604,804,800,1,1,0,0,0,0
804,0.0397,1.2388,0.6478,0.0024,0.6451,0.6389,0.0045,0.0008,0.2441,0.5562,0.0091,0.0246,0.0064,0.0966,0.0048,0.0437,0.0054,0.0037,0.0363,0.029,0.0028,0.0296,0.2352,0.0039,0.0198,0.0285,0.2257,0.1348,0.2139,2.0038,4,1994856992,1135709088,0,0,116476604,805,801,1,1,0,0,0,0
805,0.0382,1.1769,0.669,0.0022,0.6666,0.6592,0.0053,0.001,0.2043,0.4821,0.0272,0.0049,0.0057,0.0704,0.0061,0.0405,0.0064,0.0028,0.035,0.0307,0.0021,0.0302,0.2068,0.0035,0.0146,0.0244,0.262,0.1437,0.2307,2.0013,5,1994856992,1135710496,1,0,116476604,806,802,1,1,0,0,0,0
806,0.0412,1.5272,0.7306,0.0022,0.7282,0.7112,0.0136,0.002,0.4157,0.7656,0.0115,0.0065,0.0097,0.1228,0.0145,0.0534,0.0051,0.0035,0.0363,0.0285,0.0021,0.0288,0.2698,0.0048,0.0189,0.0289,0.2473,0.1445,0.1649,2.2846,6,1994856992,1135720352,2,0,116476604,807,803,1,1,0,0,0,0
807,0.0519,1.2432,0.66,0.0027,0.657,0.6496,0.0054,0.0009,0.1791,0.5629,0.0073,0.0038,0.0049,0.1235,0.0066,0.038,0.0052,0.0041,0.0377,0.0319,0.0024,0.0263,0.2574,0.0025,0.0109,0.0253,0.3075,0.2089,0.1487,2.1322,7,1994856992,1135721760,0,0,116476604,808,804,1,1,0,0,0,0
808,0.0537,2.0716,0.7373,0.0063,0.7307,0.7179,0.0101,0.0016,0.4425,1.3039,0.0211,0.0141,0.0158,0.2247,0.0188,0.2031,0.0114,0.0093,0.1398,0.1074,0.0065,0.0534,0.7284,0.0069,0.0194,0.0276,0.4783,0.2472,0.2743,3.3315,0,1994856992,1135714720,1,0,116476604,809,805,1,1,0,0,0,0
809,0.0459,1.3111,0.7027,0.0021,0.7004,0.6918,0.0063,0.0011,0.2838,0.5819,0.0103,0.005,0.0095,0.0939,0.0065,0.0362,0.0035,0.0034,0.0303,0.0378,0.0039,0.0354,0.2336,0.0037,0.0154,0.0269,0.2402,0.1302,0.2678,2.2083,1,1994856992,1135718944,2,0,116476604,810,806,1,1,0,0,0,0
810,0.042,1.5573,0.8909,0.0031,0.8876,0.8758,0.0095,0.0012,0.248,0.633,0.0098,0.0052,0.0095,0.1033,0.0055,0.048,0.0083,0.0042,0.0694,0.0445,0.0065,0.0501,0.3153,0.0035,0.0176,0.0295,0.344,0.2061,0.7797,3.3391,2,1994856992,1135714016,0,0,116476604,811,807,1,1,0,0,0,0
811,0.0406,1.0973,0.6586,0.0027,0.6557,0.6472,0.0065,0.0008,0.1694,0.4104,0.0077,0.0042,0.0052,0.0608,0.0051,0.0324,0.0046,0.0038,0.0329,0.032,0.0022,0.0341,0.1922,0.0036,0.0178,0.0323,0.2657,0.1333,0.2089,1.9065,3,1994856992,1135721056,1,0,116476604,812,808,1,1,0,0,0,0
812,0.0419,1.5502,0.649,0.0024,0.6464,0.6392,0.0049,0.0014,0.4173,0.8721,0.0264,0.0118,0.0126,0.1884,0.0063,0.0564,0.0046,0.0046,0.0359,0.0359,0.0023,0.0327,0.3493,0.0055,0.0154,0.0277,0.325,0.1413,0.147,2.3634,4,1994856992,1135709088,2,0,116476604,813,809,1,1,0,0,0,0
813,0.0414,1.2979,0.6749,0.0025,0.6722,0.6642,0.0061,0.001,0.3049,0.5917,0.0083,0.0047,0.0061,0.0972,0.0071,0.0366,0.0039,0.0031,0.0345,0.0317,0.0031,0.0305,0.2305,0.0039,0.0162,0.0286,0.2467,0.1539,0.2499,2.1893,5,1994856992,1135710496,0,0,116476604,814,810,1,1,0,0,0,0
814,0.0398,1.2986,0.683,0.0023,0.6804,0.6728,0.0055,0.0012,0.2538,0.5834,0.0093,0.0058,0.0088,0.077,0.0065,0.0803,0.0084,0.006,0.0336,0.0328,0.003,0.0338,0.2575,0.0057,0.0206,0.0262,0.2295,0.1874,0.2829,2.2869,6,1994856992,1135720352,1,0,116476604,815,811,1,1,0,0,0,0
815,0.0419,1.9934,0.8151,0.0034,0.8114,0.798,0.0104,0.0015,0.3511,1.1461,0.0162,0.0178,0.015,0.2653,0.0214,0.111,0.0079,0.0124,0.1403,0.1018,0.0046,0.0482,0.6666,0.0071,0.0218,0.0233,0.3934,0.24,0.1829,3.1079,7,1994856992,1135721760,2,0,116476604,816,812,1,1,0,0,0,0
816,0.0424,1.4352,0.7974,0.003,0.7941,0.7851,0.0068,0.0008,0.2009,0.6021,0.011,0.0057,0.0069,0.119,0.0074,0.0576,0.0048,0.0137,0.054,0.043,0.0044,0.0501,0.3237,0.0052,0.0196,0.0318,0.4267,0.8884,1.0047,4.9632,0,1994856992,1135714720,0,0,116476604,817,813,1,1,0,0,0,0
817,0.0434,1.8376,0.7951,0.003,0.7918,0.7791,0.0095,0.0017,0.3297,1.0135,0.0143,0.0127,0.0159,0.1913,0.0069,0.1482,0.0094,0.0107,0.0982,0.0656,0.0041,0.0739,0.5772,0.0102,0.0165,0.0258,0.4256,0.2994,0.2533,3.0813,1,1994856992,1135718944,1,0,116476604,818,814,1,1,0,0,0,0
818,0.0499,1.5458,0.7929,0.0042,0.7884,0.7764,0.0082,0.0021,0.3168,0.7337,0.0096,0.0061,0.0107,0.138,0.0096,0.0569,0.0062,0.0045,0.0524,0.0478,0.0037,0.0475,0.3426,0.0048,0.0115,0.0183,0.3327,0.2284,0.3074,2.6997,2,1994856992,1135714016,2,0,116476604,819,815,1,1,0,0,0,0
819,0.059,1.4822,0.7958,0.004,0.7916,0.7848,0.0045,0.0013,0.2607,0.6452,0.011,0.0068,0.0143,0.0746,0.0068,0.0353,0.0038,0.0031,0.0598,0.0332,0.0021,0.102,0.3049,0.0115,0.0255,0.0323,0.328,0.8058,2.4995,6.6309,3,1994856992,1135721056,0,0,116476604,820,816,1,1,0,0,0,0
820,0.0387,1.1489,0.6779,0.0022,0.675,0.6632,0.0093,0.0015,0.209,0.4435,0.0075,0.0042,0.0075,0.0609,0.0034,0.0342,0.0041,0.0032,0.0296,0.0307,0.0022,0.0287,0.1841,0.0039,0.0161,0.0306,0.3025,0.1438,0.242,2.0479,4,1994856992,1135709088,1,0,116476604,821,817,1,1,0,0,0,0
821,0.0485,1.4201,0.7648,0.0034,0.7612,0.7536,0.0054,0.0009,0.2795,0.625,0.0106,0.0062,0.0111,0.1022,0.0149,0.0418,0.0096,0.0061,0.052,0.0344,0.0028,0.0302,0.2606,0.0046,0.0161,0.0188,0.2715,0.2112,0.216,2.4119,5,1994856992,1135710496,2,0,116476604,822,818,1,1,0,0,0,0
822,0.0412,1.1253,0.6575,0.0025,0.6548,0.6477,0.0052,0.0012,0.2024,0.4416,0.0076,0.0043,0.0049,0.0626,0.0051,0.034,0.0042,0.0041,0.0324,0.0319,0.0023,0.03,0.1909,0.0039,0.0147,0.0257,0.2981,0.1458,0.2707,2.0695,6,1994856992,1135720352,0,0,116476604,823,819,1,1,0,0,0,0
823,0.0429,1.4108,0.688,0.0029,0.6848,0.6736,0.0088,0.0014,0.2262,0.6997,0.0093,0.005,0.009,0.1235,0.0057,0.0574,0.005,0.0048,0.0768,0.0899,0.0022,0.0645,0.4121,0.0063,0.0147,0.018,0.3305,0.2236,0.2877,2.508,7,1994856992,1135721760,1,0,116476604,824,820,1,1,0,0,0,0
824,0.0465,1.2073,0.7121,0.0032,0.7083,0.6999,0.006,0.0015,0.1857,0.4554,0.0071,0.0053,0.0052,0.0655,0.0071,0.0428,0.0057,0.0031,0.0374,0.0337,0.0027,0.0348,0.2142,0.0044,0.024,0.0451,0.3333,0.2419,0.1843,2.1995,0,1994856992,1135714720,2,0,116476604,825,821,1,1,0,0,0,0
825,0.0491,1.4129,0.8025,0.0037,0.7985,0.7868,0.0086,0.0015,0.2191,0.5795,0.0094,0.0054,0.0075,0.1041,0.0092,0.0522,0.0048,0.006,0.0483,0.0458,0.0039,0.0423,0.2927,0.0043,0.0191,0.0278,0.3069,0.2014,0.4231,2.627,1,1994856992,1135718944,0,0,116476604,826,822,1,1,0,0,0,0
826,0.0421,1.5149,0.7886,0.0024,0.7857,0.778,0.0059,0.0009,0.2085,0.6903,0.0081,0.0043,0.0054,0.1031,0.0127,0.1181,0.0121,0.0074,0.0803,0.0576,0.0034,0.048,0.4071,0.0063,0.0208,0.0198,0.3504,0.2639,0.1901,2.5564,2,1994856992,1135714016,1,0,116476604,827,823,1,1,0,0,0,0
827,0.0444,1.2548,0.6927,0.0024,0.6901,0.6817,0.0059,0.0009,0.2497,0.5355,0.0104,0.0055,0.0092,0.0916,0.007,0.0383,0.0044,0.0031,0.0331,0.0297,0.003,0.0303,0.223,0.0038,0.0145,0.0287,0.2503,0.1665,0.2224,2.1232,3,1994856992,1135721056,2,0,116476604,828,824,1,1,0,0,0,0
828,0.0399,1.4036,0.6659,0.0022,0.6635,0.6551,0.0058,0.0014,0.1786,0.694,0.007,0.0054,0.0129,0.1254,0.0078,0.0345,0.0062,0.0059,0.1465,0.0521,0.0025,0.07,0.4285,0.0201,0.0274,0.0454,1.4484,0.888,1.0629,5.55,4,1994856992,1135709088,0,0,116476604,829,825,1,1,0,0,0,0
829,0.0418,1.5672,0.7632,0.0028,0.7601,0.7529,0.0051,0.001,0.3414,0.7682,0.0134,0.0086,0.0153,0.1723,0.0126,0.0636,0.0056,0.0039,0.0385,0.0304,0.0025,0.0327,0.3375,0.005,0.021,0.0193,0.46,0.8677,1.0395,4.8633,5,1994856992,1135710496,1,0,116476604,830,826,1,1,0,0,0,0
830,0.0404,1.828,0.75,0.0023,0.7473,0.7407,0.0047,0.001,0.2797,0.9964,0.01,0.0054,0.01,0.0934,0.0052,0.115,0.0053,0.0267,0.1054,0.1337,0.0095,0.1539,0.6014,0.0244,0.0438,0.0698,1.4351,1.0795,1.1147,6.3882,6,1994856992,1135720352,2,0,116476604,831,827,1,1,0,0,0,0
831,0.042,1.7213,0.8138,0.0027,0.8109,0.7985,0.0097,0.0013,0.3051,0.8848,0.0089,0.0049,0.007,0.1725,0.0055,0.0913,0.0055,0.0038,0.0985,0.0711,0.0115,0.0789,0.5123,0.0042,0.011,0.0216,0.3584,0.3211,0.4225,3.1965,7,1994856992,1135721760,0,0,116476604,832,828,1,1,0,0,0,0
832,0.0463,1.3365,0.7321,0.0038,0.728,0.7196,0.0062,0.0011,0.197,0.5787,0.0075,0.0049,0.0073,0.1172,0.0058,0.0577,0.0053,0.0082,0.0463,0.0445,0.0057,0.0534,0.3191,0.003,0.0117,0.0289,0.3274,0.2829,0.4427,2.8271,0,1994856992,1135714720,1,0,116476604,833,829,1,1,0,0,0,0
833,0.0379,1.2974,0.6668,0.0023,0.6642,0.6573,0.005,0.0009,0.2263,0.6081,0.0255,0.0119,0.0085,0.1327,0.0099,0.051,0.0054,0.0043,0.0384,0.0295,0.0021,0.0291,0.2807,0.0037,0.0127,0.0248,0.3239,0.2701,0.2198,2.3502,1,1994856992,1135718944,2,0,116476604,834,830,1,1,0,0,0,0
834,0.038,1.1985,0.6781,0.0022,0.6757,0.6677,0.0052,0.0014,0.1779,0.4891,0.0072,0.0043,0.0065,0.0809,0.0049,0.0539,0.0076,0.0045,0.042,0.0349,0.0028,0.0432,0.2549,0.0029,0.0176,0.0358,0.3813,0.1727,0.3871,2.4334,2,1994856992,1135714016,0,0,116476604,835,831,1,1,0,0,0,0
835,0.0428,1.3762,0.714,0.0028,0.7109,0.7016,0.0075,0.001,0.1818,0.6314,0.0078,0.0035,0.005,0.1308,0.0093,0.0872,0.0065,0.0129,0.0616,0.0611,0.0045,0.0377,0.3784,0.0065,0.0193,0.0257,0.2873,0.2641,0.335,2.5516,3,1994856992,1135721056,1,0,116476604,836,832,1,1,0,0,0,0
836,0.0402,1.2203,0.6442,0.0021,0.6415,0.6343,0.0053,0.001,0.2494,0.5491,0.0106,0.0064,0.0093,0.0713,0.0068,0.0403,0.0036,0.0049,0.034,0.0522,0.0064,0.0296,0.2274,0.0067,0.0159,0.0254,0.2895,0.2221,0.4786,2.5165,4,1994856992,1135709088,2,0,116476604,837,833,1,1,0,0,0,0
837,0.0396,1.2674,0.6739,0.0025,0.6712,0.6643,0.0052,0.0009,0.2759,0.5668,0.0108,0.0058,0.0114,0.0922,0.0055,0.0374,0.0078,0.003,0.0388,0.0283,0.002,0.0282,0.2249,0.0033,0.0147,0.0287,0.2338,0.172,0.2329,2.1306,5,1994856992,1135710496,0,0,116476604,838,834,1,1,0,0,0,0
838,0.0453,1.5074,0.7997,0.0037,0.7954,0.7892,0.0045,0.0011,0.228,0.676,0.0089,0.0044,0.007,0.1304,0.0073,0.0599,0.0052,0.0046,0.0596,0.0503,0.0023,0.0786,0.3788,0.0111,0.0193,0.0229,0.3289,0.2723,0.3454,2.7816,6,1994856992,1135720352,1,0,116476604,839,835,1,1,0,0,0,0
839,0.0403,1.386,0.6505,0.0028,0.6474,0.6409,0.0048,0.0011,0.2179,0.7168,0.0084,0.0048,0.0065,0.1266,0.0044,0.0958,0.0045,0.016,0.0725,0.0701,0.004,0.0656,0.4306,0.0039,0.007,0.033,0.3533,0.3055,0.2195,2.5241,7,1994856992,1135721760,2,0,116476604,840,836,1,1,0,0,0,0
840,0.0796,2.2887,1.2217,0.0037,1.2176,1.2039,0.0103,0.0015,0.2917,1.0284,0.0139,0.0078,0.0075,0.3152,0.0113,0.1677,0.0089,0.0039,0.0908,0.0383,0.0028,0.0404,0.6524,0.0061,0.0205,0.0322,0.4409,0.343,0.3566,3.8135,0,1994856992,1135714720,0,0,116476604,841,837,1,1,0,0,0,0
841,0.0422,1.3005,0.6664,0.0029,0.6631,0.6554,0.0054,0.0014,0.2702,0.6102,0.0104,0.0062,0.0102,0.0941,0.0071,0.0494,0.0053,0.0046,0.044,0.0441,0.0033,0.0395,0.2711,0.0034,0.0147,0.0236,0.2744,0.2162,0.3359,2.4083,1,1994856992,1135718944,1,0,116476604,842,838,1,1,0,0,0,0
842,0.0368,1.1716,0.6224,0.0024,0.6197,0.6123,0.0053,0.0009,0.1719,0.5308,0.0075,0.0039,0.0055,0.1265,0.0085,0.0595,0.0087,0.0059,0.0419,0.0377,0.0027,0.0335,0.2991,0.0038,0.0123,0.0631,0.2985,0.2251,0.2079,2.1728,2,1994856992,1135714016,2,0,116476604,843,839,1,1,0,0,0,0
843,0.056,1.7164,0.8431,0.0052,0.8376,0.8258,0.0086,0.0017,0.3696,0.8526,0.0162,0.0088,0.0137,0.1373,0.0097,0.0702,0.0063,0.0064,0.0638,0.0587,0.0046,0.059,0.389,0.005,0.0117,0.0208,0.3768,0.402,0.3095,3.1268,3,1994856992,1135721056,0,0,116476604,844,840,1,1,0,0,0,0
844,0.0475,1.2663,0.6956,0.0027,0.6926,0.6841,0.0065,0.0011,0.2133,0.5315,0.0093,0.0051,0.0093,0.0872,0.0106,0.0552,0.0053,0.0045,0.0372,0.0398,0.0022,0.0326,0.252,0.0055,0.0242,0.0412,0.4054,0.2634,0.8224,3.3172,4,1994856992,1135709088,1,0,116476604,845,841,1,1,0,0,0,0
845,0.0391,1.6141,0.6649,0.0022,0.6625,0.6548,0.0058,0.0011,0.2985,0.9263,0.0223,0.0121,0.0158,0.2624,0.01,0.0804,0.0078,0.0059,0.083,0.0507,0.0082,0.0418,0.5183,0.0049,0.0141,0.0213,0.3096,0.2712,1.0182,3.6566,5,1994856992,1135710496,2,0,116476604,846,842,1,1,0,0,0,0
846,0.042,1.5025,0.8362,0.0028,0.8331,0.8204,0.0098,0.0014,0.2359,0.6268,0.0093,0.0053,0.0092,0.1114,0.0068,0.0506,0.0074,0.004,0.0611,0.0406,0.0063,0.054,0.3177,0.0062,0.0233,0.0391,0.404,0.2204,0.2845,2.6803,6,1994856992,1135720352,0,0,116476604,847,843,1,1,0,0,0,0
847,0.0451,1.3171,0.6882,0.0039,0.684,0.6758,0.0061,0.0012,0.2479,0.6058,0.0101,0.0053,0.0107,0.1007,0.0074,0.0553,0.0057,0.0051,0.0486,0.0422,0.0033,0.0406,0.2874,0.004,0.0124,0.0361,0.3148,0.2254,0.2668,2.4052,7,1994856992,1135721760,1,0,116476604,848,844,1,1,0,0,0,0
848,0.0385,1.1657,0.6983,0.0023,0.6957,0.6887,0.0049,0.001,0.1795,0.4347,0.0085,0.0056,0.0053,0.076,0.0037,0.0296,0.0026,0.0042,0.0314,0.0347,0.0025,0.0333,0.205,0.0038,0.0184,0.032,0.4982,0.1691,0.3278,2.4309,0,1994856992,1135714720,2,0,116476604,849,845,1,1,0,0,0,0
849,0.0411,1.2769,0.6523,0.0024,0.6496,0.6424,0.0049,0.0012,0.2496,0.5982,0.0103,0.0058,0.0095,0.0701,0.0053,0.036,0.0039,0.0069,0.113,0.0374,0.003,0.0277,0.2842,0.0035,0.0157,0.03,0.2684,0.1706,0.2366,2.1725,1,1994856992,1135718944,0,0,116476604,850,846,1,1,0,0,0,0
850,0.0393,1.1695,0.6652,0.0021,0.6629,0.6551,0.0055,0.001,0.2287,0.4773,0.0073,0.0043,0.0056,0.0665,0.0068,0.0338,0.0034,0.0046,0.0325,0.0329,0.0023,0.0314,0.1971,0.0038,0.0165,0.0262,0.2698,0.1585,0.2224,2.0697,2,1994856992,1135714016,1,0,116476604,851,847,1,1,0,0,0,0
851,0.039,1.2348,0.6899,0.0021,0.6875,0.6809,0.0048,0.001,0.2534,0.5166,0.0097,0.0055,0.0095,0.071,0.0061,0.038,0.0036,0.0036,0.0315,0.0313,0.0029,0.0303,0.2021,0.0042,0.0161,0.0336,0.2592,0.1723,0.2878,2.1825,3,1994856992,1135721056,2,0,116476604,852,848,1,1,0,0,0,0
852,0.0426,1.2698,0.6943,0.0021,0.6919,0.684,0.0058,0.0009,0.244,0.5396,0.009,0.0052,0.0092,0.077,0.0077,0.0489,0.0079,0.0066,0.0373,0.0308,0.0021,0.0326,0.2266,0.004,0.0201,0.0606,0.6615,0.9671,1.2993,5.1881,4,1994856992,1135709088,0,0,116476604,853,849,1,1,0,0,0,0
853,0.0407,1.2454,0.6914,0.002,0.689,0.6809,0.0056,0.0017,0.2491,0.53,0.0097,0.0061,0.0097,0.0784,0.0058,0.0366,0.004,0.0029,0.033,0.034,0.004,0.037,0.219,0.0034,0.0133,0.0314,0.4419,0.2598,0.2425,2.5119,5,1994856992,1135710496,1,0,116476604,854,850,1,1,0,0,0,0
854,0.0505,1.5276,0.79,0.0038,0.7859,0.7741,0.0089,0.0015,0.3156,0.707,0.0112,0.0074,0.0124,0.1227,0.0083,0.0512,0.0054,0.0045,0.0494,0.0458,0.0034,0.0444,0.3135,0.0045,0.0192,0.0187,0.4476,0.3306,0.2946,2.9587,6,1994856992,1135720352,2,0,116476604,855,851,1,1,0,0,0,0
855,0.0419,1.5726,0.8354,0.0038,0.831,0.818,0.0102,0.0014,0.2383,0.7181,0.0097,0.0061,0.0095,0.1297,0.0099,0.1112,0.0085,0.0059,0.066,0.0584,0.002,0.0389,0.4042,0.0061,0.0117,0.0175,0.3326,0.2101,0.3443,2.7774,7,1994856992,1135721760,0,0,116476604,856,852,1,1,0,0,0,0
856,0.039,1.258,0.6778,0.0025,0.675,0.6679,0.0049,0.0015,0.2535,0.5535,0.0104,0.0061,0.009,0.0808,0.0072,0.0557,0.0079,0.0068,0.034,0.0311,0.0022,0.0281,0.2297,0.0039,0.0151,0.0291,0.2401,0.1672,0.3007,2.1831,0,1994856992,1135714720,1,0,116476604,857,853,1,1,0,0,0,0
857,0.0451,1.2333,0.6741,0.0027,0.6711,0.6634,0.0058,0.0012,0.2556,0.5339,0.0105,0.0056,0.009,0.0763,0.0058,0.0424,0.0049,0.0034,0.0386,0.0296,0.002,0.0304,0.2173,0.0035,0.0156,0.0272,0.2602,0.1721,0.2307,2.121,1,1994856992,1135718944,2,0,116476604,858,854,1,1,0,0,0,0
858,0.0411,1.1571,0.6857,0.0027,0.6828,0.6745,0.006,0.0012,0.1978,0.4409,0.0077,0.0042,0.0054,0.064,0.0055,0.0343,0.0036,0.0037,0.0326,0.0328,0.0022,0.0317,0.1954,0.0033,0.0187,0.0322,0.2755,0.2279,0.2762,2.2237,2,1994856992,1135714016,0,0,116476604,859,855,1,1,0,0,0,0
859,0.0406,1.1518,0.6647,0.0024,0.662,0.6547,0.0055,0.0009,0.2192,0.4623,0.0071,0.0041,0.005,0.066,0.0058,0.0362,0.0035,0.0034,0.0359,0.0302,0.0021,0.0278,0.1961,0.0029,0.0145,0.0276,0.2715,0.1603,0.2346,2.0364,3,1994856992,1135721056,1,0,116476604,860,856,1,1,0,0,0,0
860,0.0473,1.3845,0.7992,0.0035,0.7954,0.7806,0.0116,0.0016,0.2071,0.5479,0.0091,0.0047,0.0056,0.0743,0.0046,0.0323,0.0036,0.0033,0.0335,0.0295,0.0022,0.1188,0.2884,0.0055,0.0225,0.037,0.3785,0.1913,1.1508,3.5051,4,1994856992,1135709088,2,0,116476604,861,857,1,1,0,0,0,0
861,0.0522,1.4505,0.7472,0.0025,0.7444,0.7377,0.0045,0.0011,0.2495,0.6661,0.012,0.0055,0.0084,0.1234,0.006,0.0755,0.0142,0.0071,0.0493,0.0382,0.0031,0.0335,0.3199,0.0056,0.023,0.0338,1.1429,0.9864,1.5979,7.1567,5,1994856992,1135710496,0,0,116476604,862,858,1,1,0,0,0,0
862,0.0416,1.357,0.6876,0.0031,0.6842,0.6776,0.0054,0.0009,0.2008,0.6411,0.0119,0.0061,0.0103,0.1482,0.0069,0.0584,0.0042,0.0082,0.0415,0.0475,0.003,0.0728,0.3684,0.0047,0.0168,0.0187,0.2983,0.1719,0.2981,2.4078,6,1994856992,1135720352,1,0,116476604,863,859,1,1,0,0,0,0
863,0.0513,1.1967,0.6654,0.0023,0.6629,0.656,0.0053,0.0008,0.2488,0.5049,0.0087,0.005,0.0091,0.069,0.006,0.0387,0.0056,0.0041,0.032,0.0274,0.0019,0.0302,0.1973,0.0029,0.0141,0.0258,0.2696,0.1839,0.3254,2.2072,7,1994856992,1135721760,2,0,116476604,864,860,1,1,0,0,0,0
864,0.0514,1.7688,0.7858,0.0037,0.7819,0.7631,0.015,0.0021,0.3229,0.9609,0.0361,0.0118,0.0109,0.1976,0.0195,0.0656,0.0112,0.0051,0.1227,0.0693,0.007,0.0499,0.5051,0.0069,0.0132,0.0234,0.3326,0.2682,0.2165,2.9504,0,1994856992,1135714720,0,0,116476604,865,861,1,1,0,0,0,0
865,0.0451,1.5243,0.8192,0.0031,0.8159,0.8028,0.0104,0.0014,0.2366,0.6887,0.0091,0.0054,0.0094,0.1399,0.0092,0.0813,0.0065,0.0095,0.0584,0.0426,0.0057,0.0544,0.3766,0.0033,0.0092,0.0159,0.3047,0.253,0.3085,2.6556,1,1994856992,1135718944,1,0,116476604,866,862,1,1,0,0,0,0
866,0.04,1.4721,0.6754,0.0025,0.6726,0.6664,0.0043,0.001,0.2914,0.7571,0.0115,0.007,0.0106,0.1302,0.0209,0.0613,0.0076,0.0046,0.0474,0.0666,0.0041,0.0641,0.3696,0.0073,0.0261,0.0251,0.4726,0.9316,1.2578,5.2894,2,1994856992,1135714016,2,0,116476604,867,863,1,1,0,0,0,0
867,0.0407,1.2625,0.7521,0.0023,0.7493,0.7403,0.0068,0.0009,0.2206,0.4848,0.0094,0.0052,0.0095,0.0749,0.0059,0.0394,0.0038,0.0026,0.0325,0.0292,0.0021,0.0303,0.2063,0.0027,0.0129,0.0273,0.3326,0.2205,0.2968,2.3683,3,1994856992,1135721056,0,0,116476604,868,864,1,1,0,0,0,0
868,0.0378,1.1053,0.6795,0.0022,0.6771,0.6696,0.0054,0.0013,0.1764,0.3997,0.0081,0.0037,0.0053,0.0629,0.0047,0.0294,0.0026,0.0029,0.0272,0.03,0.0021,0.0293,0.1788,0.0023,0.0165,0.0289,0.3141,0.1586,0.3354,2.1535,4,1994856992,1135709088,1,0,116476604,869,865,1,1,0,0,0,0
869,0.1408,1.3578,0.7526,0.0027,0.7496,0.741,0.006,0.0015,0.2884,0.5863,0.0105,0.0056,0.0106,0.0901,0.0126,0.0397,0.0046,0.0036,0.0329,0.0314,0.0021,0.0295,0.2236,0.0057,0.0065,0.0297,0.363,0.1723,0.2293,2.4496,5,1994856992,1135710496,2,0,116476604,870,866,1,1,0,0,0,0
870,0.0451,1.4958,0.7963,0.0028,0.7932,0.7811,0.0097,0.0012,0.2692,0.6687,0.0089,0.0054,0.0091,0.1073,0.0061,0.0838,0.0046,0.0092,0.0444,0.0558,0.003,0.0387,0.33,0.0064,0.0186,0.0271,0.3006,0.2067,0.3338,2.636,6,1994856992,1135720352,0,0,116476604,871,867,1,1,0,0,0,0
871,0.0466,1.1138,0.6897,0.003,0.6863,0.6789,0.0054,0.0008,0.1714,0.3992,0.0075,0.0043,0.0049,0.0606,0.0049,0.0304,0.003,0.003,0.0324,0.0302,0.0019,0.0289,0.1825,0.0033,0.0155,0.0243,0.4012,0.1643,0.2146,2.1091,7,1994856992,1135721760,1,0,116476604,872,868,1,1,0,0,0,0
872,0.0394,1.2411,0.6796,0.0023,0.6771,0.6692,0.0059,0.0009,0.2518,0.5365,0.0096,0.0063,0.0089,0.0833,0.0065,0.0414,0.004,0.004,0.0348,0.0327,0.0022,0.0302,0.2224,0.0041,0.0145,0.0312,0.2573,0.1622,0.3402,2.2592,0,1994856992,1135714720,2,0,116476604,873,869,1,1,0,0,0,0
873,0.0399,1.3364,0.7277,0.002,0.7252,0.718,0.0052,0.0009,0.2838,0.5798,0.0107,0.0062,0.0101,0.0985,0.0061,0.0413,0.0042,0.0034,0.0318,0.0314,0.0023,0.0276,0.2306,0.0036,0.0154,0.0233,0.2378,0.2248,0.2862,2.351,1,1994856992,1135718944,0,0,116476604,874,870,1,1,0,0,0,0
874,0.043,1.4718,0.6387,0.0036,0.6349,0.6276,0.0057,0.0009,0.3055,0.8149,0.0116,0.0063,0.0105,0.1681,0.0208,0.0838,0.0061,0.0058,0.0643,0.0534,0.0028,0.0517,0.4213,0.0041,0.0098,0.0176,0.3016,0.2636,1.2187,3.6229,2,1994856992,1135714016,1,0,116476604,875,871,1,1,0,0,0,0
875,0.0391,1.4456,0.6866,0.0026,0.6838,0.6762,0.0057,0.0008,0.2529,0.7425,0.0098,0.0071,0.0094,0.0807,0.0071,0.0398,0.0043,0.0059,0.0418,0.0416,0.0028,0.2168,0.4207,0.0036,0.0089,0.0185,0.3187,0.1711,0.2235,2.3721,3,1994856992,1135721056,2,0,116476604,876,872,1,1,0,0,0,0
876,0.0395,1.0692,0.6284,0.0023,0.6259,0.6188,0.0044,0.0014,0.1775,0.4158,0.0077,0.0037,0.0052,0.062,0.0051,0.0308,0.0029,0.0031,0.0321,0.0352,0.0035,0.0308,0.1909,0.0032,0.0156,0.0295,0.3264,0.1719,0.3044,2.1407,4,1994856992,1135709088,0,0,116476604,877,873,1,1,0,0,0,0
877,0.0566,1.7841,0.9163,0.0042,0.9117,0.8987,0.0101,0.0014,0.2932,0.8448,0.0102,0.0061,0.0093,0.1309,0.0058,0.0907,0.018,0.0069,0.1312,0.0607,0.0033,0.0534,0.4669,0.0046,0.0143,0.019,0.3757,0.3481,0.8333,3.7252,5,1994856992,1135710496,1,0,116476604,878,874,1,1,0,0,0,0
878,0.068,2.1188,0.9803,0.0077,0.9722,0.9483,0.0194,0.0023,0.3781,1.1038,0.0121,0.0072,0.0118,0.1707,0.0064,0.089,0.0046,0.0053,0.0892,0.1083,0.0056,0.185,0.6422,0.0093,0.0208,0.0314,0.6232,0.4307,0.3332,3.9171,6,1994856992,1135720352,2,0,116476604,879,875,1,1,0,0,0,0
879,0.0421,1.3626,0.8515,0.0029,0.8483,0.84,0.006,0.001,0.2308,0.4773,0.008,0.0045,0.007,0.0718,0.0035,0.0346,0.0041,0.0028,0.0319,0.0306,0.0019,0.0301,0.199,0.0028,0.0177,0.0258,0.3434,0.1986,0.2092,2.3471,7,1994856992,1135721760,0,0,116476604,880,876,1,1,0,0,0,0
880,0.0394,1.0878,0.6561,0.0022,0.6537,0.6465,0.0055,0.0008,0.1802,0.402,0.0078,0.0049,0.0049,0.0556,0.0036,0.03,0.004,0.004,0.0306,0.0305,0.0021,0.0279,0.1746,0.0029,0.019,0.0269,0.2991,0.2251,0.6009,2.6881,0,1994856992,1135714720,1,0,116476604,881,877,1,1,0,0,0,0
881,0.0412,1.1381,0.6888,0.0023,0.6862,0.678,0.0062,0.0009,0.1827,0.4189,0.0078,0.0035,0.0049,0.0596,0.0064,0.0319,0.0046,0.0037,0.0337,0.0304,0.002,0.0301,0.1857,0.0025,0.0205,0.0238,0.3384,0.2242,0.2316,2.2169,1,1994856992,1135718944,2,0,116476604,882,878,1,1,0,0,0,0
882,0.0392,1.3165,0.7029,0.0024,0.7002,0.6913,0.0066,0.0012,0.2609,0.5862,0.0104,0.0057,0.0102,0.0899,0.0075,0.0474,0.0086,0.0089,0.0417,0.0381,0.0027,0.033,0.2501,0.0029,0.0152,0.0302,0.2252,0.1559,0.1898,2.1058,2,1994856992,1135714016,0,0,116476604,883,879,1,1,0,0,0,0
883,0.0402,1.5797,0.6726,0.0021,0.6703,0.6614,0.0067,0.0013,0.2485,0.8849,0.0103,0.0055,0.009,0.0705,0.0056,0.0622,0.0058,0.0199,0.1533,0.1539,0.0043,0.1128,0.5527,0.0045,0.0131,0.0223,0.4017,0.3084,0.2489,2.8308,3,1994856992,1135721056,1,0,116476604,884,880,1,1,0,0,0,0
884,0.0405,1.213,0.6667,0.0022,0.6643,0.6577,0.0049,0.001,0.2546,0.5206,0.0104,0.0054,0.0093,0.0737,0.0064,0.0366,0.0048,0.0027,0.033,0.0299,0.0027,0.0302,0.2034,0.0037,0.0137,0.0257,0.2607,0.1502,0.281,2.1308,4,1994856992,1135709088,2,0,116476604,885,881,1,1,0,0,0,0
885,0.0406,1.3692,0.6788,0.0026,0.676,0.6679,0.0059,0.0013,0.2505,0.6571,0.009,0.0056,0.0097,0.0742,0.0057,0.0349,0.0039,0.0038,0.0538,0.039,0.0023,0.1429,0.3448,0.0036,0.0221,0.0181,0.241,0.236,0.2094,2.2702,5,1994856992,1135710496,0,0,116476604,886,882,1,1,0,0,0,0
886,0.0564,1.4021,0.7705,0.0036,0.7665,0.7567,0.0068,0.0015,0.2382,0.611,0.0264,0.012,0.0097,0.1111,0.0064,0.0525,0.0073,0.0046,0.045,0.0383,0.0029,0.0321,0.279,0.0033,0.0098,0.0247,0.3361,0.2432,0.1809,2.3884,6,1994856992,1135720352,1,0,116476604,887,883,1,1,0,0,0,0
887,0.0718,2.1931,1.0181,0.0076,1.0102,0.9901,0.0152,0.0023,0.4243,1.1467,0.0136,0.008,0.0168,0.1996,0.0113,0.101,0.0081,0.0079,0.0918,0.0775,0.0058,0.1474,0.6173,0.0103,0.0168,0.0293,0.4807,0.2875,0.3556,3.6725,7,1994856992,1135721760,2,0,116476604,888,884,1,1,0,0,0,0
888,0.0462,1.55,0.7038,0.0035,0.7001,0.6872,0.0107,0.0012,0.2301,0.8192,0.0091,0.0062,0.007,0.1365,0.01,0.0887,0.0138,0.0088,0.0836,0.1027,0.0104,0.0886,0.5001,0.0055,0.0179,0.0206,0.3604,0.1773,0.1885,2.5171,0,1994856992,1135714720,0,0,116476604,889,885,1,1,0,0,0,0
889,0.0446,1.4876,0.798,0.0035,0.7942,0.7847,0.0072,0.0009,0.1753,0.6554,0.0077,0.004,0.0052,0.1552,0.0096,0.0862,0.0046,0.0091,0.0766,0.0522,0.0031,0.0428,0.413,0.0068,0.0203,0.0302,1.4918,0.9969,0.9432,5.754,1,1994856992,1135718944,1,0,116476604,890,886,1,1,0,0,0,0
890,0.0426,1.2826,0.6392,0.0029,0.6361,0.6271,0.0064,0.0013,0.2706,0.62,0.027,0.0126,0.0114,0.1221,0.0072,0.0357,0.0047,0.0037,0.0284,0.0292,0.0022,0.0298,0.2452,0.0033,0.0114,0.0288,0.3303,0.2289,1.0399,3.6311,2,1994856992,1135714016,2,0,116476604,891,887,1,1,0,0,0,0
891,0.0397,1.1023,0.6773,0.0024,0.6741,0.6667,0.0055,0.001,0.1746,0.4021,0.0076,0.0046,0.0053,0.0593,0.0048,0.0309,0.0032,0.0047,0.0308,0.03,0.0022,0.028,0.179,0.0028,0.0124,0.0267,0.3028,0.5686,1.0016,3.7976,3,1994856992,1135721056,0,0,116476604,892,888,1,1,0,0,0,0
892,0.0388,1.5632,0.6854,0.0022,0.683,0.6763,0.0044,0.0009,0.2515,0.8315,0.0102,0.0056,0.0092,0.0883,0.0066,0.0383,0.0047,0.0272,0.0923,0.1805,0.0039,0.0839,0.4833,0.0123,0.0253,0.0388,1.7546,1.2504,1.2388,6.6813,4,1994856992,1135709088,1,0,116476604,893,889,1,1,0,0,0,0
893,0.0384,1.1537,0.7007,0.0026,0.6976,0.6852,0.0098,0.0015,0.1912,0.4275,0.0089,0.0032,0.0058,0.065,0.0042,0.0332,0.0027,0.0032,0.0317,0.03,0.0026,0.032,0.1919,0.0026,0.0142,0.0284,0.2968,0.1458,0.2397,2.0853,5,1994856992,1135710496,2,0,116476604,894,890,1,1,0,0,0,0
894,0.0404,1.1387,0.6835,0.0021,0.6812,0.6736,0.0053,0.0015,0.1815,0.4294,0.0074,0.0047,0.0049,0.063,0.0048,0.038,0.0042,0.0049,0.0357,0.0318,0.0021,0.0298,0.1983,0.0032,0.015,0.0285,0.3385,0.2073,0.2185,2.1613,6,1994856992,1135720352,0,0,116476604,895,891,1,1,0,0,0,0
895,0.0402,1.1546,0.7047,0.0024,0.702,0.6952,0.0045,0.0012,0.1761,0.4166,0.0073,0.0035,0.005,0.0633,0.0061,0.0318,0.0044,0.0042,0.033,0.0303,0.0023,0.0318,0.1902,0.0028,0.0187,0.0333,0.2822,0.1426,0.1919,1.9796,7,1994856992,1135721760,1,0,116476604,896,892,1,1,0,0,0,0
896,0.0405,1.2436,0.6893,0.0022,0.6869,0.6795,0.0052,0.0012,0.2481,0.5306,0.0094,0.0059,0.009,0.075,0.0067,0.0398,0.0036,0.0027,0.034,0.0368,0.0036,0.0351,0.2207,0.0038,0.0123,0.0271,0.2705,0.1442,0.2752,2.2093,0,1994856992,1135714720,2,0,116476604,897,893,1,1,0,0,0,0
897,0.0465,1.4056,0.7943,0.004,0.7901,0.7806,0.0066,0.0013,0.2348,0.5802,0.0089,0.0051,0.0066,0.0961,0.0045,0.0555,0.003,0.0037,0.0509,0.0444,0.0025,0.0461,0.293,0.0043,0.0183,0.0305,0.3186,0.1769,0.2603,2.3941,1,1994856992,1135718944,0,0,116476604,898,894,1,1,0,0,0,0
898,0.0808,2.8376,1.2523,0.0104,1.2409,1.2185,0.0176,0.0024,0.5328,1.5462,0.0249,0.0153,0.0213,0.3174,0.0144,0.2196,0.0112,0.0091,0.1209,0.0695,0.0053,0.1354,0.8628,0.0118,0.0245,0.0345,0.6233,0.2607,0.2412,4.2916,2,1994856992,1135714016,1,0,116476604,899,895,1,1,0,0,0,0
899,0.0477,1.2459,0.7085,0.0028,0.7054,0.6966,0.0071,0.0009,0.2292,0.5035,0.0081,0.0044,0.0056,0.071,0.0048,0.0404,0.0038,0.0039,0.0381,0.0368,0.0025,0.0358,0.2221,0.0029,0.0186,0.0344,0.4588,0.2073,0.4125,2.6218,3,1994856992,1135721056,2,0,116476604,900,896,1,1,0,0,0,0
900,0.0534,1.5815,1.0414,0.0024,1.0386,1.0309,0.0062,0.001,0.2254,0.5212,0.011,0.0057,0.0079,0.0859,0.0044,0.0399,0.0028,0.0028,0.037,0.0386,0.0019,0.0386,0.24,0.0037,0.009,0.0203,0.4536,0.2838,0.1898,2.7207,4,1994856992,1135709088,0,0,116476604,901,897,1,1,0,0,0,0
