frame,ready,disjoint,freq,begin_ts,blt_ts,range_ts,charts_ts,gauge_ts,map_ts,hud_ts,end_ts,read_latency,span_ms,vp_ms,range_ms,charts_ms,gauge_ms,map_ms,hud_ms
0,1,0,1e+08,23239429515734,23239431000311,23239439577262,23239447833195,23239447848927,23239448116591,23239448283140,23239448283200,16,187.675,14.8458,85.7695,82.5593,0.15732,2.67664,1.66549
1,1,0,1e+08,23239451780668,23239453390898,23239453897654,23239453970214,23239453988406,23239454197082,23239454346662,23239454346698,16,25.6603,16.1023,5.06756,0.7256,0.18192,2.08676,1.4958
2,1,0,1e+08,23239455265022,23239458560786,23239464975964,23239468728716,23239468750702,23239469786549,23239469994622,23239469994678,16,147.297,32.9576,64.1518,37.5275,0.21986,10.3585,2.08073
3,1,0,1e+08,23239472466569,23239474068211,23239480717524,23239487997492,23239488021012,23239488848556,23239489254758,23239489254822,16,167.883,16.0164,66.4931,72.7997,0.2352,8.27544,4.06202
4,1,0,1e+08,23239490224044,23239493244908,23239499304346,23239505008399,23239505052945,23239506203217,23239506384989,23239506385025,16,161.61,30.2086,60.5944,57.0405,0.44546,11.5027,1.81772
5,1,0,1e+08,23239507484578,23239509866973,23239514478410,23239518362903,23239518380247,23239519183990,23239519438853,23239519438921,16,119.543,23.8239,46.1144,38.8449,0.17344,8.03743,2.54863
6,1,0,1e+08,23239521774776,23239523884830,23239529619040,23239535360005,23239535404325,23239536364359,23239536580497,23239536580553,16,148.058,21.1005,57.3421,57.4096,0.4432,9.60034,2.16138
7,1,0,1e+08,23239537443673,23239540408564,23239547644121,23239555029500,23239555074273,23239556349900,23239556800394,23239556800722,16,193.57,29.6489,72.3556,73.8538,0.44773,12.7563,4.50494
8,1,0,1e+08,23239558556669,23239559371630,23239565167120,23239569463440,23239569481852,23239570130766,23239570487876,23239570488076,16,119.314,8.14961,57.9549,42.9632,0.18412,6.48914,3.5711
9,1,0,1e+08,23239573108153,23239573404353,23239579432053,23239584962757,23239584992349,23239586081999,23239586401429,23239586401521,16,132.934,2.962,60.277,55.307,0.29592,10.8965,3.1943
10,1,0,1e+08,23239587302807,23239588300589,23239588949959,23239589016807,23239589087615,23239589317767,23239589488623,23239589488651,16,21.8584,9.97782,6.4937,0.66848,0.70808,2.30152,1.70856
11,1,0,1e+08,23239590939080,23239591840616,23239592558371,23239592662915,23239592681375,23239592928539,23239593084635,23239593084787,16,21.4571,9.01536,7.17755,1.04544,0.1846,2.47164,1.56096
12,1,0,1e+08,23239594801158,23239595825713,23239596462449,23239596557233,23239596585549,23239596838789,23239597052989,23239597053017,16,22.5186,10.2456,6.36736,0.94784,0.28316,2.5324,2.142
13,1,0,1e+08,23239598204330,23239598943554,23239599786877,23239599900645,23239599920893,23239600176137,23239600342525,23239600342557,16,21.3823,7.39224,8.43323,1.13768,0.20248,2.55244,1.66388
14,1,0,1e+08,23239601824292,23239602827236,23239603463210,23239603555718,23239603576686,23239603831778,23239604037882,23239604037910,16,22.1362,10.0294,6.35974,0.92508,0.20968,2.55092,2.06104
15,1,0,1e+08,23239605220065,23239605986326,23239606792195,23239606884675,23239606945383,23239607198631,23239607349091,23239607349191,16,21.2913,7.66261,8.05869,0.9248,0.60708,2.53248,1.5046
16,1,0,1e+08,23239610608503,23239610897665,23239612125277,23239612239038,23239612259902,23239612623382,23239612764850,23239612764890,16,21.5639,2.89162,12.2761,1.13761,0.20864,3.6348,1.41468
17,1,0,1e+08,23239614215356,23239614563782,23239615353755,23239615435643,23239615452547,23239615697659,23239615839123,23239615839159,16,16.238,3.48426,7.89973,0.81888,0.16904,2.45112,1.41464
18,1,0,1e+08,23239616783969,23239617541880,23239618385525,23239618526637,23239618549945,23239618801565,23239618952225,23239618952257,16,21.6829,7.57911,8.43645,1.41112,0.23308,2.5162,1.5066
19,1,0,1e+08,23239620305936,23239621000454,23239621880358,23239621997238,23239622019146,23239622275370,23239622420274,23239622420310,16,21.1437,6.94518,8.79904,1.1688,0.21908,2.56224,1.44904
20,1,0,1e+08,23239623797474,23239624062094,23239624589298,23239624678998,23239624707366,23239625612310,23239625808800,23239625808860,16,20.1139,2.6462,5.27204,0.897,0.28368,9.04944,1.9649
21,1,0,1e+08,23239627520232,23239628515992,23239629165954,23239629249878,23239629290450,23239629524330,23239629672978,23239629673102,16,21.5287,9.9576,6.49962,0.83924,0.40572,2.3388,1.48648
22,1,0,1e+08,23239631223114,23239631537195,23239639347926,23239644114614,23239644138298,23239644966857,23239645226930,23239645226994,16,140.039,3.14081,78.1073,47.6669,0.23684,8.28559,2.60073
23,1,0,1e+08,23239647321043,23239647842419,23239648833898,23239648938746,23239648956614,23239649235738,23239649372038,23239649372074,16,20.5103,5.21376,9.91479,1.04848,0.17868,2.79124,1.363
24,1,0,1e+08,23239650847783,23239651751155,23239652508386,23239652606150,23239652622530,23239652892958,23239653049894,23239653050022,16,22.0224,9.03372,7.57231,0.97764,0.1638,2.70428,1.56936
25,1,0,1e+08,23239654379322,23239654738982,23239660089519,23239665974989,23239666021864,23239666794170,23239667009976,23239667010160,16,126.308,3.5966,53.5054,58.8547,0.46875,7.72306,2.15806
26,1,0,1e+08,23239669388625,23239670360569,23239670983010,23239671080014,23239671114302,23239671394382,23239671599282,23239671599310,16,22.1069,9.71944,6.22441,0.97004,0.34288,2.8008,2.049
27,1,0,1e+08,23239672872112,23239673315359,23239673791198,23239673858454,23239673917258,23239674107254,23239674238410,23239674238442,16,13.6633,4.43247,4.75839,0.67256,0.58804,1.89996,1.31156
28,1,0,1e+08,23239675274373,23239675913743,23239676856400,23239676922556,23239676957392,23239677249040,23239677403460,23239677403596,16,21.2922,6.3937,9.42657,0.66156,0.34836,2.91648,1.5442
29,1,0,1e+08,23239678946230,23239679210454,23239680351465,23239680472701,23239680492349,23239680815889,23239680986517,23239680986553,16,20.4032,2.64224,11.4101,1.21236,0.19648,3.2354,1.70628
30,1,0,1e+08,23239683353533,23239683855477,23239690083112,23239694449505,23239694469653,23239694754777,23239694946409,23239694946465,16,115.929,5.01944,62.2764,43.6639,0.20148,2.85124,1.91632
31,1,0,1e+08,23239696319353,23239697328202,23239698001690,23239698080102,23239698115518,23239698407762,23239698587314,23239698587398,16,22.6805,10.0885,6.73488,0.78412,0.35416,2.92244,1.79552
32,1,0,1e+08,23239699894673,23239700570652,23239701390952,23239701453980,23239701495544,23239701763220,23239701958760,23239701958860,16,20.6419,6.75979,8.203,0.63028,0.41564,2.67676,1.9554
33,1,0,1e+08,23239703398714,23239703666131,23239704041843,23239704104203,23239704176915,23239704384055,23239704531219,23239704531251,16,11.3254,2.67417,3.75712,0.6236,0.72712,2.0714,1.47164
34,1,0,1e+08,23239705608957,23239705947494,23239706436234,23239706516770,23239706556258,23239706830318,23239706983010,23239706983134,16,13.7418,3.38537,4.8874,0.80536,0.39488,2.7406,1.52692
35,1,0,1e+08,23239707983862,23239708861130,23239709619178,23239709718914,23239709738726,23239710017086,23239710177506,23239710177602,16,21.9374,8.77268,7.58048,0.99736,0.19812,2.7836,1.6042
36,1,0,1e+08,23239711526357,23239712411118,23239713089653,23239713191581,23239713210397,23239713473837,23239713625517,23239713625597,16,20.9924,8.84761,6.78535,1.01928,0.18816,2.6344,1.5168
37,1,0,1e+08,23239714944721,23239715825365,23239716600125,23239716696169,23239716712485,23239716986853,23239717173477,23239717173509,16,22.2879,8.80644,7.7476,0.96044,0.16316,2.74368,1.86624
38,1,0,1e+08,23239718340270,23239718596963,23239719069167,23239719152447,23239719213035,23239719439979,23239719636323,23239719636355,16,12.9608,2.56693,4.72204,0.8328,0.60588,2.26944,1.96344
39,1,0,1e+08,23239721083744,23239721911245,23239722755510,23239722858682,23239722876346,23239723143190,23239723310710,23239723310802,16,22.2706,8.27501,8.44265,1.03172,0.17664,2.66844,1.6752
40,1,0,1e+08,23239724318498,23239725369637,23239726026629,23239726147105,23239726162969,23239726423013,23239726547453,23239726547481,16,22.2898,10.5114,6.56992,1.20476,0.15864,2.60044,1.2444
41,1,0,1e+08,23239727840897,23239728852304,23239729487509,23239729602417,23239729619017,23239729855081,23239729991109,23239729991141,16,21.5024,10.1141,6.35205,1.14908,0.166,2.36064,1.36028
42,1,0,1e+08,23239731860024,23239732318522,23239732852154,23239732940730,23239732977546,23239733200202,23239733343826,23239733343858,16,14.8383,4.58498,5.33632,0.88576,0.36816,2.22656,1.43624
43,1,0,1e+08,23239736468012,23239737364580,23239738031224,23239738136864,23239738174784,23239738416012,23239738545936,23239738545968,16,20.7796,8.96568,6.66644,1.0564,0.3792,2.41228,1.29924
44,1,0,1e+08,23239741342425,23239741990328,23239743024317,23239743123053,23239743140185,23239743410789,23239743569701,23239743569833,16,22.2741,6.47903,10.3399,0.98736,0.17132,2.70604,1.58912
45,1,0,1e+08,23239744746502,23239745316856,23239754923660,23239764373303,23239764401727,23239765399612,23239765637489,23239765637625,16,208.911,5.70354,96.068,94.4964,0.28424,9.97885,2.37877
46,1,0,1e+08,23239767585298,23239768253311,23239769166690,23239769225862,23239769264898,23239769528602,23239769691314,23239769691350,16,21.0605,6.68013,9.13379,0.59172,0.39036,2.63704,1.62712
47,1,0,1e+08,23239770996348,23239771624735,23239772561836,23239772699456,23239772729624,23239772990772,23239773133200,23239773133236,16,21.3689,6.28387,9.37101,1.3762,0.30168,2.61148,1.42428
48,1,0,1e+08,23239774372012,23239775122663,23239775904166,23239776021634,23239776042894,23239776320958,23239776499410,23239776499438,16,21.2743,7.50651,7.81503,1.17468,0.2126,2.78064,1.78452
49,1,0,1e+08,23239777744164,23239778283873,23239779398435,23239779498207,23239779521143,23239779806991,23239779947207,23239779947239,16,22.0308,5.39709,11.1456,0.99772,0.22936,2.85848,1.40216
50,1,0,1e+08,23239781279132,23239781669610,23239789348138,23239794181138,23239794199926,23239794488374,23239794732990,23239794733138,16,134.54,3.90478,76.7853,48.33,0.18788,2.88448,2.44616
51,1,0,1e+08,23239796314495,23239797224885,23239797904494,23239798063886,23239798091154,23239798415190,23239798568838,23239798568938,16,22.5444,9.1039,6.79609,1.59392,0.27268,3.24036,1.53648
52,1,0,1e+08,23239799614547,23239800480109,23239801232555,23239801421439,23239801446775,23239801706111,23239801862451,23239801862551,16,22.48,8.65562,7.52446,1.88884,0.25336,2.59336,1.5634
53,1,0,1e+08,23239802931379,23239803206115,23239803698807,23239803768755,23239803856127,23239804096331,23239804247551,23239804247587,16,13.1621,2.74736,4.92692,0.69948,0.87372,2.40204,1.5122
54,1,0,1e+08,23239805245459,23239806090744,23239806831905,23239806915993,23239806962189,23239807234825,23239807431585,23239807431617,16,21.8616,8.45285,7.41161,0.84088,0.46196,2.72636,1.9676
55,1,0,1e+08,23239808630927,23239809408413,23239810262284,23239810397464,23239810426268,23239810693756,23239810836996,23239810837104,16,22.0618,7.77486,8.53871,1.3518,0.28804,2.67488,1.4324
56,1,0,1e+08,23239812038244,23239812305982,23239812909686,23239813070298,23239813092314,23239813301090,23239813438946,23239813439038,16,14.0079,2.67738,6.03704,1.60612,0.22016,2.08776,1.37856
57,1,0,1e+08,23239814145865,23239814383217,23239814769117,23239814837105,23239814877205,23239815079985,23239815252529,23239815252557,16,11.0669,2.37352,3.859,0.67988,0.401,2.0278,1.72544
58,1,0,1e+08,23239816464252,23239817007674,23239818033081,23239818146321,23239818174789,23239818444525,23239818615361,23239818615393,16,21.5114,5.43422,10.2541,1.1324,0.28468,2.69736,1.70836
59,1,0,1e+08,23239822161773,23239822661085,23239823215821,23239823303469,23239823374305,23239823588717,23239823744533,23239823744645,16,15.8287,4.99312,5.54736,0.87648,0.70836,2.14412,1.55816
60,1,0,1e+08,23239825284636,23239826145774,23239826931040,23239826997548,23239827048460,23239827316456,23239827462640,23239827462732,16,21.781,8.61138,7.85266,0.66508,0.50912,2.67996,1.46184
61,1,0,1e+08,23239828921677,23239829151631,23239829515571,23239829593211,23239829613419,23239830031598,23239830528617,23239830528845,16,16.0717,2.29954,3.6394,0.7764,0.20208,4.18179,4.97019
62,1,0,1e+08,23239832570567,23239833361048,23239834126498,23239834263162,23239834279470,23239834529766,23239834685446,23239834685482,16,21.1491,7.90481,7.6545,1.36664,0.16308,2.50296,1.5568
63,1,0,1e+08,23239837248861,23239837494233,23239837866693,23239837951533,23239838006229,23239838680725,23239839059101,23239839059265,16,18.104,2.45372,3.7246,0.8484,0.54696,6.74496,3.78376
64,1,0,1e+08,23239840885039,23239841831103,23239842472104,23239842604712,23239842637644,23239842864596,23239843006904,23239843006936,16,21.219,9.46064,6.41001,1.32608,0.32932,2.26952,1.42308
65,1,0,1e+08,23239844116294,23239844400724,23239844921680,23239844997892,23239845063144,23239845275272,23239845451100,23239845451128,16,13.3483,2.8443,5.20956,0.76212,0.65252,2.12128,1.75828
66,1,0,1e+08,23239846359099,23239847165905,23239847927489,23239848037185,23239848057909,23239848312997,23239848486713,23239848486741,16,21.2764,8.06806,7.61584,1.09696,0.20724,2.55088,1.73716
67,1,0,1e+08,23239849948843,23239850169839,23239855064440,23239862510152,23239862533960,23239863384080,23239863655729,23239863655977,16,137.071,2.20996,48.946,74.4571,0.23808,8.5012,2.71649
68,1,0,1e+08,23239865641920,23239866053694,23239866578986,23239866655066,23239866694438,23239867024978,23239867175078,23239867175206,16,15.3329,4.11774,5.25292,0.7608,0.39372,3.3054,1.501
69,1,0,1e+08,23239869520156,23239869810624,23239870484760,23239870567100,23239870626740,23239871050050,23239871219938,23239871219966,16,16.9981,2.90468,6.74136,0.8234,0.5964,4.2331,1.69888
70,1,0,1e+08,23239871840846,23239872419861,23239873363851,23239873506063,23239873524963,23239873781631,23239873943219,23239873943387,16,21.0254,5.79015,9.4399,1.42212,0.189,2.56668,1.61588
71,1,0,1e+08,23239875452752,23239875802337,23239876440161,23239876506445,23239876563805,23239876834993,23239877028645,23239877028677,16,15.7592,3.49585,6.37824,0.66284,0.5736,2.71188,1.93652
72,1,0,1e+08,23239877880188,23239878529703,23239879462031,23239879563867,23239879606939,23239879905439,23239880064103,23239880064131,16,21.8394,6.49515,9.32328,1.01836,0.43072,2.985,1.58664
73,1,0,1e+08,23239881713231,23239882612854,23239883233851,23239883338239,23239883451267,23239883675991,23239883808579,23239883808603,16,20.9537,8.99623,6.20997,1.04388,1.13028,2.24724,1.32588
74,1,0,1e+08,23239885394893,23239886277849,23239887034604,23239887157736,23239887181068,23239887430468,23239887578808,23239887578956,16,21.8406,8.82956,7.56755,1.23132,0.23332,2.494,1.4834
75,1,0,1e+08,23239888824583,23239889468627,23239896174233,23239900992102,23239901021226,23239901880434,23239902126228,23239902126292,16,133.017,6.44044,67.0561,48.1787,0.29124,8.59208,2.45794
76,1,0,1e+08,23239904304859,23239904777769,23239905826561,23239905959113,23239905981941,23239906262513,23239906415913,23239906415949,16,21.1109,4.7291,10.4879,1.32552,0.22828,2.80572,1.534
77,1,0,1e+08,23239907801157,23239908740331,23239909466543,23239909599703,23239909625295,23239909893851,23239910032727,23239910032759,16,22.316,9.39174,7.26212,1.3316,0.25592,2.68556,1.38876
78,1,0,1e+08,23239911376847,23239912215207,23239912950080,23239913045448,23239913061128,23239913328508,23239913519720,23239913519748,16,21.429,8.3836,7.34873,0.95368,0.1568,2.6738,1.91212
79,1,0,1e+08,23239914817193,23239915080858,23239915577078,23239915642490,23239915686074,23239915919750,23239916095374,23239916095454,16,12.7826,2.63665,4.9622,0.65412,0.43584,2.33676,1.75624
80,1,0,1e+08,23239917088499,23239918037692,23239918665392,23239918780136,23239918800940,23239919041624,23239919229632,23239919229660,16,21.4116,9.49193,6.277,1.14744,0.20804,2.40684,1.88008
81,1,0,1e+08,23239920496055,23239921493111,23239922111729,23239922223733,23239922261141,23239922510957,23239922657829,23239922657929,16,21.6187,9.97056,6.18618,1.12004,0.37408,2.49816,1.46872
82,1,0,1e+08,23239923871270,23239924759872,23239925528009,23239925631849,23239925651125,23239925927597,23239926075953,23239926076061,16,22.0479,8.88602,7.68137,1.0384,0.19276,2.76472,1.48356
83,1,0,1e+08,23239927115557,23239927365309,23239927791109,23239927867765,23239927898685,23239928193325,23239928408757,23239928408793,16,12.9324,2.49752,4.258,0.76656,0.3092,2.9464,2.15432
84,1,0,1e+08,23239929496683,23239929755727,23239930930129,23239931030677,23239931077145,23239931471286,23239931619826,23239931619866,16,21.2318,2.59044,11.744,1.00548,0.46468,3.94141,1.4854
85,1,0,1e+08,23239933141822,23239934014354,23239934456210,23239934537398,23239934569834,23239934939778,23239935116742,23239935116898,16,19.7508,8.72532,4.41856,0.81188,0.32436,3.69944,1.76964
86,1,0,1e+08,23239935351330,23239936137183,23239936914191,23239937038031,23239937059219,23239937314431,23239937491763,23239937491795,16,21.4047,7.85853,7.77008,1.2384,0.21188,2.55212,1.77332
87,1,0,1e+08,23239938984770,23239939725736,23239940513422,23239940656482,23239940692558,23239940938986,23239941080642,23239941080762,16,20.9599,7.40966,7.87686,1.4306,0.36076,2.46428,1.41656
88,1,0,1e+08,23239942265535,23239942813237,23239943829707,23239943949463,23239943970099,23239944235327,23239944384375,23239944384507,16,21.1897,5.47702,10.1647,1.19756,0.20636,2.65228,1.49048
89,1,0,1e+08,23239945811632,23239946651342,23239953801366,23239962519293,23239962546653,23239962922151,23239963236190,23239963236350,16,174.247,8.3971,71.5002,87.1793,0.2736,3.75498,3.14039
90,1,0,1e+08,23239966552696,23239967324785,23239967983545,23239968157989,23239968192605,23239968468781,23239968698961,23239968699005,16,21.4631,7.72089,6.5876,1.74444,0.34616,2.76176,2.3018
91,1,0,1e+08,23239972012697,23239973003957,23239973877410,23239974051946,23239974084886,23239974349982,23239974577322,23239974577374,16,25.6468,9.9126,8.73453,1.74536,0.3294,2.65096,2.2734
92,1,0,1e+08,23239977864443,23239978763473,23239979428482,23239979598658,23239979631886,23239979913342,23239980126531,23239980126579,16,22.6214,8.9903,6.65009,1.70176,0.33228,2.81456,2.13189
93,1,0,1e+08,23239983098760,23239984038616,23239984682921,23239984823217,23239984850161,23239985092486,23239985326401,23239985326461,16,22.277,9.39856,6.44305,1.40296,0.26944,2.42325,2.33915
94,1,0,1e+08,23239988840315,23239989327981,23239989883569,23239989984933,23239990116429,23239990403823,23239990793543,23239990793708,16,19.5339,4.87666,5.55588,1.01364,1.31496,2.87394,3.8972
95,1,0,1e+08,23239993056761,23239994207292,23239994990206,23239995091574,23239995146338,23239995389330,23239995597538,23239995597582,16,25.4082,11.5053,7.82914,1.01368,0.54764,2.42992,2.08208
96,1,0,1e+08,23239999468949,23240000628170,23240001339286,23240001437178,23240001475966,23240001717950,23240001933966,23240001934018,16,24.6507,11.5922,7.11116,0.97892,0.38788,2.41984,2.16016
97,1,0,1e+08,23240005277627,23240006208964,23240006932517,23240007094709,23240007125637,23240007390717,23240007584333,23240007584373,16,23.0675,9.31337,7.23553,1.62192,0.30928,2.6508,1.93616
98,1,0,1e+08,23240008884202,23240009968844,23240010642192,23240010800044,23240010833584,23240011104440,23240011337436,23240011337484,16,24.5328,10.8464,6.73348,1.57852,0.3354,2.70856,2.32996
99,1,0,1e+08,23240014682141,23240015442725,23240026027556,23240033320015,23240033363891,23240034046756,23240034585299,23240034585391,16,199.032,7.60584,105.848,72.9246,0.43876,6.82865,5.38543
100,1,0,1e+08,23240035496042,23240036283282,23240037107160,23240037244964,23240037266280,23240037533984,23240037695052,23240037695084,16,21.9904,7.8724,8.23878,1.37804,0.21316,2.67704,1.61068
101,1,0,1e+08,23240039545631,23240040053737,23240040682928,23240040761712,23240040800956,23240041214497,23240041433370,23240041433402,16,18.8777,5.08106,6.29191,0.78784,0.39244,4.13541,2.18873
102,1,0,1e+08,23240041770572,23240042386067,23240043361556,23240043458024,23240043475232,23240043747580,23240043890200,23240043890236,16,21.1966,6.15495,9.75489,0.96468,0.17208,2.72348,1.4262
103,1,0,1e+08,23240045247838,23240046068834,23240046832158,23240046906654,23240046980606,23240047231378,23240047394810,23240047394842,16,21.47,8.20996,7.63324,0.74496,0.73952,2.50772,1.63432
104,1,0,1e+08,23240048607312,23240048895910,23240049457226,23240049526910,23240049556194,23240049887913,23240050072826,23240050072870,16,14.6556,2.88598,5.61316,0.69684,0.29284,3.31719,1.84913
105,1,0,1e+08,23240050699600,23240052544066,23240053042398,23240053111046,23240053129758,23240053653638,23240054065912,23240054066072,16,33.6647,18.4447,4.98332,0.68648,0.18712,5.2388,4.12274
106,1,0,1e+08,23240054161060,23240056366890,23240057235211,23240057370873,23240057393669,23240057753397,23240057969403,23240057969535,16,38.0847,22.0583,8.68321,1.35662,0.22796,3.59728,2.16006
107,1,0,1e+08,23240058000931,23240058273639,23240058774539,23240058896815,23240058920551,23240059683007,23240059961920,23240059961984,16,19.6105,2.72708,5.009,1.22276,0.23736,7.62456,2.78913
108,1,0,1e+08,23240060009680,23240060583384,23240061034492,23240061127076,23240061144656,23240061332084,23240061486800,23240061486884,16,14.772,5.73704,4.51108,0.92584,0.1758,1.87428,1.54716
109,1,0,1e+08,23240064106341,23240064368473,23240064778929,23240064854761,23240064893941,23240065755081,23240065996537,23240065996601,16,18.9026,2.62132,4.10456,0.75832,0.3918,8.6114,2.41456
110,1,0,1e+08,23240067789887,23240068455951,23240069375800,23240069441080,23240069482664,23240069756116,23240069899260,23240069899292,16,21.094,6.66064,9.19849,0.6528,0.41584,2.73452,1.43144
111,1,0,1e+08,23240071313768,23240071619524,23240072102936,23240072172000,23240072212676,23240072439328,23240072581924,23240072581956,16,12.6819,3.05756,4.83412,0.69064,0.40676,2.26652,1.42596
112,1,0,1e+08,23240073562511,23240074070114,23240075046393,23240075111889,23240075145085,23240075414685,23240075568365,23240075568481,16,20.0597,5.07603,9.76279,0.65496,0.33196,2.696,1.5368
113,1,0,1e+08,23240077022001,23240077361029,23240078387376,23240078513328,23240078536444,23240078919432,23240079079776,23240079079812,16,20.5781,3.39028,10.2635,1.25952,0.23116,3.82988,1.60344
114,1,0,1e+08,23240080830755,23240081475079,23240082042927,23240082177295,23240082204579,23240082427971,23240082620335,23240082620411,16,17.8966,6.44324,5.67848,1.34368,0.27284,2.23392,1.92364
115,1,0,1e+08,23240083279898,23240084081507,23240084836852,23240085014532,23240085036444,23240085314072,23240085484436,23240085484464,16,22.0457,8.01609,7.55345,1.7768,0.21912,2.77628,1.70364
116,1,0,1e+08,23240086624691,23240087276154,23240088111012,23240088183004,23240088228244,23240088497212,23240088667200,23240088667232,16,20.4254,6.51463,8.34858,0.71992,0.4524,2.68968,1.69988
117,1,0,1e+08,23240092433274,23240092867253,23240093394541,23240093515449,23240093537389,23240094371230,23240094606236,23240094606300,16,21.7303,4.33979,5.27288,1.20908,0.2194,8.33841,2.35006
118,1,0,1e+08,23240096482312,23240097232592,23240098021242,23240098132526,23240098152114,23240098420238,23240098556010,23240098556042,16,20.7373,7.5028,7.8865,1.11284,0.19588,2.68124,1.35772
119,1,0,1e+08,23240099800387,23240100188000,23240100688108,23240100790164,23240100820844,23240101179577,23240101725088,23240101725320,16,19.2493,3.87613,5.00108,1.02056,0.3068,3.58733,5.45511
120,1,0,1e+08,23240103447579,23240103675407,23240104957157,23240105051505,23240105083021,23240105389125,23240105548545,23240105548673,16,21.0109,2.27828,12.8175,0.94348,0.31516,3.06104,1.5942
121,1,0,1e+08,23240107032431,23240107869929,23240108583909,23240108716917,23240108742893,23240108983133,23240109132313,23240109132441,16,21.0001,8.37498,7.1398,1.33008,0.25976,2.4024,1.4918
122,1,0,1e+08,23240110488408,23240111405914,23240112064874,23240112189998,23240112213698,23240112445122,23240112599586,23240112599702,16,21.1129,9.17506,6.5896,1.25124,0.237,2.31424,1.54464
123,1,0,1e+08,23240113870486,23240114668675,23240115443454,23240115550502,23240115585518,23240115873986,23240116028994,23240116029122,16,21.5864,7.98189,7.74779,1.07048,0.35016,2.88468,1.55008
124,1,0,1e+08,23240117298038,23240118170436,23240118890061,23240118965985,23240119010689,23240119277609,23240119442217,23240119442253,16,21.4422,8.72398,7.19625,0.75924,0.44704,2.6692,1.64608
125,1,0,1e+08,23240121100240,23240122046678,23240122697488,23240122813352,23240122864584,23240123105896,23240123238052,23240123238084,16,21.3784,9.46438,6.5081,1.15864,0.51232,2.41312,1.32156
126,1,0,1e+08,23240124602914,23240125591105,23240126212642,23240126315642,23240126385446,23240126613318,23240126742822,23240126742850,16,21.3994,9.88191,6.21537,1.03,0.69804,2.27872,1.29504
127,1,0,1e+08,23240127996546,23240128312266,23240128823798,23240128923366,23240128950738,23240129173062,23240129358414,23240129358442,16,13.619,3.1572,5.11532,0.99568,0.27372,2.22324,1.85352
128,1,0,1e+08,23240130078693,23240130869497,23240131628290,23240131757790,23240131784130,23240132060418,23240132201162,23240132201190,16,21.225,7.90804,7.58793,1.295,0.2634,2.76288,1.40744
129,1,0,1e+08,23240133872370,23240134640685,23240135427517,23240135486725,23240135516777,23240135833301,23240135987505,23240135987625,16,21.1525,7.68315,7.86832,0.59208,0.30052,3.16524,1.54204
130,1,0,1e+08,23240137005581,23240137257381,23240137713557,23240137787821,23240137807113,23240138012009,23240138238097,23240138238221,16,12.3264,2.518,4.56176,0.74264,0.19292,2.04896,2.26088
131,1,0,1e+08,23240139238416,23240139685770,23240140784462,23240140913022,23240140936438,23240141216218,23240141350178,23240141350214,16,21.118,4.47354,10.9869,1.2856,0.23416,2.7978,1.3396
132,1,0,1e+08,23240142576521,23240143369295,23240144135009,23240144221273,23240144243525,23240144513233,23240144643253,23240144643285,16,20.6676,7.92774,7.65714,0.86264,0.22252,2.69708,1.3002
133,1,0,1e+08,23240145682892,23240146574857,23240147345718,23240147438066,23240147480106,23240147763906,23240147906194,23240147906298,16,22.2341,8.91965,7.70861,0.92348,0.4204,2.838,1.42288
134,1,0,1e+08,23240149865666,23240150240890,23240150720026,23240150817430,23240150858942,23240151363059,23240151800960,23240151801056,16,19.3539,3.75224,4.79136,0.97404,0.41512,5.04117,4.37901
135,1,0,1e+08,23240154396750,23240154936046,23240155504966,23240155640306,23240155667314,23240155895038,23240156052574,23240156052610,16,16.5586,5.39296,5.6892,1.3534,0.27008,2.27724,1.57536
136,1,0,1e+08,23240158524547,23240158757855,23240159341487,23240159483620,23240159515428,23240160434346,23240160766872,23240160766936,16,22.4239,2.33308,5.83632,1.42133,0.31808,9.18918,3.32526
137,1,0,1e+08,23240162249077,23240163019543,23240163899742,23240164001586,23240164021762,23240164293118,23240164444738,23240164444774,16,21.957,7.70466,8.80199,1.01844,0.20176,2.71356,1.5162
138,1,0,1e+08,23240166944400,23240167213132,23240168538896,23240168753450,23240168799570,23240169827771,23240170267884,23240170268064,16,33.2366,2.68732,13.2576,2.14554,0.4612,10.282,4.40113
139,1,0,1e+08,23240170343114,23240171043602,23240171616939,23240171695439,23240171726919,23240171944991,23240172093799,23240172093827,16,17.5071,7.00488,5.73337,0.785,0.3148,2.18072,1.48808
140,1,0,1e+08,23240173262941,23240173508369,23240173908757,23240173978245,23240174006813,23240174774823,23240175097398,23240175097606,16,18.3467,2.45428,4.00388,0.69488,0.28568,7.6801,3.22575
141,1,0,1e+08,23240176897364,23240177697537,23240178448718,23240178579930,23240178612758,23240178855566,23240178983638,23240178983666,16,20.863,8.00173,7.51181,1.31212,0.32828,2.42808,1.28072
142,1,0,1e+08,23240180246687,23240180496605,23240180840785,23240180916873,23240180936201,23240181723677,23240181999461,23240181999657,16,17.5297,2.49918,3.4418,0.76088,0.19328,7.87476,2.75784
143,1,0,1e+08,23240184926927,23240185265639,23240185719947,23240185809131,23240185847051,23240186038167,23240186175959,23240186176059,16,12.4913,3.38712,4.54308,0.89184,0.3792,1.91116,1.37792
144,1,0,1e+08,23240187768015,23240188582949,23240189336883,23240189399667,23240189464215,23240189733083,23240189876775,23240189876815,16,21.088,8.14934,7.53934,0.62784,0.64548,2.68868,1.43692
145,1,0,1e+08,23240191002378,23240191904890,23240192601340,23240192757612,23240192781424,23240193027312,23240193165672,23240193165704,16,21.6333,9.02512,6.9645,1.56272,0.23812,2.45888,1.3836
146,1,0,1e+08,23240194343711,23240195194552,23240195840377,23240196005561,23240196038205,23240196545104,23240197014950,23240197015242,16,26.7153,8.50841,6.45825,1.65184,0.32644,5.06899,4.69846
147,1,0,1e+08,23240199580750,23240200377589,23240201141178,23240201267734,23240201297486,23240201552082,23240201737742,23240201737774,16,21.5702,7.96839,7.63589,1.26556,0.29752,2.54596,1.8566
148,1,0,1e+08,23240204517611,23240204889389,23240206159521,23240206309465,23240206331365,23240206610069,23240206770629,23240206770665,16,22.5305,3.71778,12.7013,1.49944,0.219,2.78704,1.6056
149,1,0,1e+08,23240209727287,23240210605947,23240211375901,23240211506017,23240211568829,23240211806057,23240211955673,23240211955705,16,22.2842,8.7866,7.69954,1.30116,0.62812,2.37228,1.49616
150,1,0,1e+08,23240213435170,23240214324028,23240214984693,23240215164333,23240215196409,23240215423329,23240215581961,23240215582001,16,21.4683,8.88858,6.60665,1.7964,0.32076,2.2692,1.58632
151,1,0,1e+08,23240218835463,23240219491648,23240220080008,23240220193556,23240220230468,23240220615921,23240220823025,23240220823089,16,19.8763,6.56185,5.8836,1.13548,0.36912,3.85453,2.07104
152,1,0,1e+08,23240223598369,23240224541514,23240225183888,23240225334644,23240225370732,23240225616428,23240225780028,23240225780064,16,21.817,9.43145,6.42374,1.50756,0.36088,2.45696,1.636
153,1,0,1e+08,23240229954341,23240230295882,23240230753866,23240230881658,23240230920338,23240231812718,23240232058393,23240232058629,16,21.0429,3.41541,4.57984,1.27792,0.3868,8.9238,2.45675
154,1,0,1e+08,23240235649993,23240236502754,23240237258923,23240237538439,23240237575363,23240237900794,23240238241919,23240238242089,16,25.921,8.52761,7.56169,2.79516,0.36924,3.25431,3.41125
155,1,0,1e+08,23240242329634,23240242627651,23240244008010,23240244097153,23240244172573,23240244592561,23240244762201,23240244762249,16,24.3262,2.98017,13.8036,0.89143,0.7542,4.19988,1.6964
156,1,0,1e+08,23240247615787,23240247908432,23240249472704,23240249615412,23240249634200,23240249958240,23240250122796,23240250122836,16,25.0705,2.92645,15.6427,1.42708,0.18788,3.2404,1.64556
157,1,0,1e+08,23240251525194,23240252396620,23240253012476,23240253100292,23240253193144,23240253449520,23240253749916,23240253750000,16,22.2481,8.71426,6.15856,0.87816,0.92852,2.56376,3.00396
158,1,0,1e+08,23240255193493,23240255984029,23240256744451,23240256861331,23240256890583,23240257152191,23240257393111,23240257393143,16,21.9965,7.90536,7.60422,1.1688,0.29252,2.61608,2.4092
159,1,0,1e+08,23240259166353,23240259445049,23240260030582,23240260126482,23240260144942,23240260379563,23240260509375,23240260509411,16,13.4306,2.78696,5.85533,0.959,0.1846,2.34621,1.29812
160,1,0,1e+08,23240261370977,23240261713229,23240262167665,23240262231337,23240262262381,23240262494265,23240262721540,23240262721725,16,13.5075,3.42252,4.54436,0.63672,0.31044,2.31884,2.27275
161,1,0,1e+08,23240264673695,23240264920271,23240265487543,23240265556515,23240265586275,23240265869387,23240266018691,23240266018727,16,13.4503,2.46576,5.67272,0.68972,0.2976,2.83112,1.49304
162,1,0,1e+08,23240266706389,23240267471170,23240268309934,23240268375238,23240268409398,23240268690438,23240268848362,23240268848394,16,21.42,7.64781,8.38764,0.65304,0.3416,2.8104,1.57924
163,1,0,1e+08,23240270180624,23240271106815,23240271857008,23240271991968,23240272018840,23240272282876,23240272438120,23240272438152,16,22.5753,9.26191,7.50193,1.3496,0.26872,2.64036,1.55244
164,1,0,1e+08,23240273860826,23240274093872,23240274493892,23240274585576,23240274618688,23240274872072,23240275053020,23240275053052,16,11.9223,2.33046,4.0002,0.91684,0.33112,2.53384,1.80948
165,1,0,1e+08,23240276019750,23240276264650,23240276769503,23240276947113,23240277011856,23240277707925,23240277914473,23240277914521,16,18.9477,2.449,5.04853,1.7761,0.64743,6.96069,2.06548
166,1,0,1e+08,23240279480078,23240279882460,23240281049246,23240281141014,23240281166430,23240281478762,23240281621678,23240281621714,16,21.4164,4.02382,11.6679,0.91768,0.25416,3.12332,1.42916
167,1,0,1e+08,23240282985926,23240283788026,23240284548241,23240284663993,23240284680789,23240284930793,23240285069941,23240285069973,16,20.8405,8.021,7.60215,1.15752,0.16796,2.50004,1.39148
168,1,0,1e+08,23240286234443,23240286998759,23240287751941,23240287865137,23240287886517,23240288134865,23240288281481,23240288281609,16,20.4717,7.64316,7.53182,1.13196,0.2138,2.48348,1.46616
169,1,0,1e+08,23240289408035,23240289637713,23240290872798,23240290972022,23240291009522,23240291320818,23240291469918,23240291470046,16,20.6201,2.29678,12.3508,0.99224,0.375,3.11296,1.491
170,1,0,1e+08,23240292718530,23240293331804,23240294278554,23240294396746,23240294423622,23240294695186,23240294827906,23240294827942,16,21.0941,6.13274,9.4675,1.18192,0.26876,2.71564,1.3272
171,1,0,1e+08,23240296101979,23240297002418,23240297754902,23240297841306,23240297871830,23240298146894,23240298294986,23240298295090,16,21.9311,9.00439,7.52484,0.86404,0.30524,2.75064,1.48092
172,1,0,1e+08,23240299443661,23240300123538,23240300928204,23240301009936,23240301061644,23240301318024,23240301467836,23240301467872,16,20.2421,6.79877,8.04666,0.81732,0.51708,2.5638,1.49812
173,1,0,1e+08,23240302602736,23240303402994,23240304206468,23240304285864,23240304303452,23240304568604,23240304720652,23240304720688,16,21.1795,8.00258,8.03474,0.79396,0.17588,2.65152,1.52048
174,1,0,1e+08,23240306164399,23240307206242,23240307830766,23240307913746,23240307948686,23240308186210,23240308322530,23240308322562,16,21.5816,10.4184,6.24524,0.8298,0.3494,2.37524,1.3632
175,1,0,1e+08,23240309384727,23240310189039,23240310948813,23240311027933,23240311064993,23240311343525,23240311494397,23240311494493,16,21.0977,8.04312,7.59774,0.7912,0.3706,2.78532,1.50872
176,1,0,1e+08,23240312726746,23240312961810,23240313265426,23240313342218,23240313363518,23240313526302,23240313700458,23240313700486,16,9.7374,2.35064,3.03616,0.76792,0.213,1.62784,1.74156
177,1,0,1e+08,23240314968939,23240315808885,23240316557850,23240316642486,23240316681918,23240316944586,23240317092378,23240317092410,16,21.2347,8.39946,7.48965,0.84636,0.39432,2.62668,1.47792
178,1,0,1e+08,23240318164844,23240318941192,23240319728712,23240319831956,23240319854608,23240320135328,23240320276564,23240320276600,16,21.1176,7.76348,7.8752,1.03244,0.22652,2.8072,1.41236
179,1,0,1e+08,23240321576377,23240322373009,23240323139095,23240323224555,23240323240711,23240323507119,23240323647231,23240323647263,16,20.7089,7.96632,7.66086,0.8546,0.16156,2.66408,1.40112
180,1,0,1e+08,23240324725019,23240325687064,23240326319313,23240326454965,23240326478633,23240326701881,23240326850833,23240326850973,16,21.2595,9.62045,6.32249,1.35652,0.23668,2.23248,1.48952
181,1,0,1e+08,23240327920728,23240328821257,23240329511446,23240329650130,23240329673390,23240329928422,23240330064882,23240330064914,16,21.4419,9.00529,6.90189,1.38684,0.2326,2.55032,1.3646
182,1,0,1e+08,23240331072115,23240331935242,23240332619725,23240332744245,23240332768545,23240333004917,23240333147777,23240333147809,16,20.7569,8.63127,6.84483,1.2452,0.243,2.36372,1.4286
183,1,0,1e+08,23240334706236,23240335485559,23240336247397,23240336372353,23240336391517,23240336646157,23240336800241,23240336800381,16,20.9414,7.79323,7.61838,1.24956,0.19164,2.5464,1.54084
184,1,0,1e+08,23240337980625,23240338890059,23240339643644,23240339734180,23240339750816,23240340007672,23240340145172,23240340145208,16,21.6458,9.09434,7.53585,0.90536,0.16636,2.56856,1.375
185,1,0,1e+08,23240341388357,23240342162446,23240343066490,23240343153634,23240343170306,23240343444934,23240343580462,23240343580498,16,21.9214,7.74089,9.04044,0.87144,0.16672,2.74628,1.35528
186,1,0,1e+08,23240344750342,23240345242669,23240346256341,23240346372869,23240346395849,23240346667429,23240346801533,23240346801569,16,20.5123,4.92327,10.1367,1.16528,0.2298,2.7158,1.34104
187,1,0,1e+08,23240348559847,23240349072126,23240349634994,23240349738338,23240349772886,23240349995010,23240350129334,23240350129366,16,15.6952,5.12279,5.62868,1.03344,0.34548,2.22124,1.34324
188,1,0,1e+08,23240351229201,23240351796890,23240352823809,23240352919141,23240352934989,23240353220745,23240353357201,23240353357241,16,21.2804,5.67689,10.2692,0.95332,0.15848,2.85756,1.36456
189,1,0,1e+08,23240354802250,23240355576359,23240356341880,23240356456448,23240356479564,23240356747752,23240356893552,23240356893656,16,20.9141,7.74109,7.65521,1.14568,0.23116,2.68188,1.458
190,1,0,1e+08,23240357950473,23240358177381,23240358492497,23240358548113,23240358570225,23240358730681,23240358920297,23240358920365,16,9.69892,2.26908,3.15116,0.55616,0.22112,1.60456,1.89616
191,1,0,1e+08,23240360044574,23240360645713,23240361577677,23240361696585,23240361722629,23240362013721,23240362151721,23240362151753,16,21.0718,6.01139,9.31964,1.18908,0.26044,2.91092,1.38
192,1,0,1e+08,23240364582015,23240364881151,23240365249963,23240365332031,23240365367279,23240365932664,23240366369643,23240366369839,16,17.8782,2.99136,3.68812,0.82068,0.35248,5.65385,4.36979
193,1,0,1e+08,23240367907506,23240368203332,23240369396337,23240369494113,23240369511821,23240369834049,23240369979681,23240369979717,16,20.7221,2.95826,11.93,0.97776,0.17708,3.22228,1.45632
194,1,0,1e+08,23240371069488,23240371337988,23240371848572,23240371928320,23240371965608,23240372204764,23240372390984,23240372391016,16,13.2153,2.685,5.10584,0.79748,0.37288,2.39156,1.8622
195,1,0,1e+08,23240373206553,23240373841759,23240374782206,23240374900030,23240374923658,23240375188274,23240375333146,23240375333278,16,21.2673,6.35206,9.40447,1.17824,0.23628,2.64616,1.44872
196,1,0,1e+08,23240376512056,23240377428741,23240378117017,23240378201913,23240378223877,23240378481417,23240378634061,23240378634181,16,21.2213,9.16685,6.88276,0.84896,0.21964,2.5754,1.52644
197,1,0,1e+08,23240379638030,23240380164776,23240381212098,23240381318582,23240381338026,23240381621126,23240381766526,23240381766638,16,21.2861,5.26746,10.4732,1.06484,0.19444,2.831,1.454
198,1,0,1e+08,23240383158503,23240384183320,23240384811104,23240384953012,23240384979732,23240385226988,23240385361320,23240385361352,16,22.0285,10.2482,6.27784,1.41908,0.2672,2.47256,1.34332
199,1,0,1e+08,23240386671161,23240387543820,23240388379984,23240388475896,23240388517376,23240388794612,23240388931504,23240388931536,16,22.6037,8.72659,8.36164,0.95912,0.4148,2.77236,1.36892
200,1,0,1e+08,23240390057971,23240390668915,23240391636625,23240391763561,23240391781917,23240392047437,23240392204073,23240392204225,16,21.4625,6.10944,9.6771,1.26936,0.18356,2.6552,1.56636
201,1,0,1e+08,23240393241748,23240393487300,23240393796752,23240393852876,23240393868840,23240394045232,23240394223644,23240394223732,16,9.81984,2.45552,3.09452,0.56124,0.15964,1.76392,1.78412
202,1,0,1e+08,23240395642261,23240396423824,23240397230715,23240397334243,23240397350655,23240397617339,23240397756231,23240397756267,16,21.1401,7.81563,8.06891,1.03528,0.16412,2.66684,1.38892
203,1,0,1e+08,23240398940318,23240399183678,23240399866120,23240400044777,23240400202508,23240400716160,23240400907724,23240400907772,16,19.6745,2.4336,6.82442,1.78657,1.57731,5.13652,1.91564
204,1,0,1e+08,23240402251199,23240402478829,23240403524616,23240403619340,23240403680557,23240404045137,23240404214189,23240404214317,16,19.6312,2.2763,10.4579,0.94724,0.61217,3.6458,1.69052
205,1,0,1e+08,23240405649847,23240406386902,23240407149937,23240407220321,23240407293321,23240407569825,23240407706177,23240407706213,16,20.5637,7.37055,7.63035,0.70384,0.73,2.76504,1.36352
206,1,0,1e+08,23240408912518,23240409315796,23240410424373,23240410512281,23240410528529,23240410811305,23240410953253,23240410953289,16,20.4077,4.03278,11.0858,0.87908,0.16248,2.82776,1.41948
207,1,0,1e+08,23240412115959,23240412882954,23240413719452,23240413797064,23240413815020,23240414075928,23240414224240,23240414224368,16,21.0841,7.66995,8.36498,0.77612,0.17956,2.60908,1.48312
208,1,0,1e+08,23240415497922,23240415715662,23240416871053,23240416943801,23240416977573,23240417317157,23240417467781,23240417467913,16,19.6999,2.1774,11.5539,0.72748,0.33772,3.39584,1.50624
209,1,0,1e+08,23240418892319,23240419702844,23240420508213,23240420573281,23240420621257,23240420912477,23240421061977,23240421062013,16,21.6969,8.10525,8.05369,0.65068,0.47976,2.9122,1.495
210,1,0,1e+08,23240422158818,23240422656191,23240423710674,23240423802134,23240423852466,23240424128930,23240424277774,23240424277806,16,21.1899,4.97373,10.5448,0.9146,0.50332,2.76464,1.48844
211,1,0,1e+08,23240425533260,23240426028432,23240427056295,23240427117199,23240427165907,23240427433895,23240427600763,23240427600911,16,20.6765,4.95172,10.2786,0.60904,0.48708,2.67988,1.66868
212,1,0,1e+08,23240428921330,23240429718039,23240430465367,23240430584787,23240430616055,23240430876399,23240431006475,23240431006511,16,20.8518,7.96709,7.47328,1.1942,0.31268,2.60344,1.30076
213,1,0,1e+08,23240432686914,23240433495866,23240434253032,23240434365172,23240434388980,23240434645228,23240434810996,23240434811176,16,21.2426,8.08952,7.57166,1.1214,0.23808,2.56248,1.65768
214,1,0,1e+08,23240436097844,23240436905043,23240437656837,23240437714909,23240437762249,23240438017309,23240438159017,23240438159053,16,20.6121,8.07199,7.51794,0.58072,0.4734,2.5506,1.41708
215,1,0,1e+08,23240439405363,23240440205238,23240440955946,23240441045006,23240441067602,23240441328318,23240441463490,23240441463522,16,20.5816,7.99875,7.50708,0.8906,0.22596,2.60716,1.35172
216,1,0,1e+08,23240443005041,23240443625772,23240444573185,23240444724477,23240444753861,23240445008117,23240445150949,23240445151137,16,21.461,6.20731,9.47413,1.51292,0.29384,2.54256,1.42832
217,1,0,1e+08,23240446540906,23240447172257,23240448095986,23240448232758,23240448257586,23240448520062,23240448652218,23240448652254,16,21.1135,6.31351,9.23729,1.36772,0.24828,2.62476,1.32156
218,1,0,1e+08,23240450041146,23240450730441,23240451610288,23240451698152,23240451714488,23240452004520,23240452144048,23240452144084,16,21.0294,6.89295,8.79847,0.87864,0.16336,2.90032,1.39528
219,1,0,1e+08,23240453820433,23240454616887,23240455365175,23240455501143,23240455521791,23240455776511,23240455914671,23240455914703,16,20.9427,7.96454,7.48288,1.35968,0.20648,2.5472,1.3816
220,1,0,1e+08,23240457892741,23240458337659,23240458846223,23240458955999,23240458979523,23240459191695,23240459328103,23240459328135,16,14.3539,4.44918,5.08564,1.09776,0.23524,2.12172,1.36408
221,1,0,1e+08,23240460512426,23240460787083,23240461228671,23240461302735,23240461326907,23240461541887,23240461742971,23240461743007,16,12.3058,2.74657,4.41588,0.74064,0.24172,2.1498,2.01084
222,1,0,1e+08,23240462657228,23240462923908,23240463379436,23240463483116,23240463518440,23240463750972,23240463927908,23240463927936,16,12.7071,2.6668,4.55528,1.0368,0.35324,2.32532,1.76936
223,1,0,1e+08,23240464726556,23240464998094,23240466242743,23240466381655,23240466403219,23240466720239,23240466906299,23240466906331,16,21.7978,2.71538,12.4465,1.38912,0.21564,3.1702,1.8606
224,1,0,1e+08,23240467969440,23240468705967,23240469452477,23240469533645,23240469598181,23240469843957,23240469985773,23240469985869,16,20.1643,7.36527,7.4651,0.81168,0.64536,2.45776,1.41816
225,1,0,1e+08,23240471056196,23240471305580,23240477451181,23240484750773,23240484781039,23240485086711,23240485270119,23240485270151,16,142.14,2.49384,61.456,72.9959,0.30266,3.05672,1.83408
226,1,0,1e+08,23240486500739,23240486789971,23240487807804,23240487896558,23240487973402,23240488378204,23240488555948,23240488556072,16,20.5533,2.89232,10.1783,0.88754,0.76844,4.04802,1.77744
227,1,0,1e+08,23240489747020,23240490045688,23240490638293,23240490739241,23240490761885,23240490992425,23240491168429,23240491168465,16,14.2144,2.98668,5.92605,1.00948,0.22644,2.3054,1.76004
228,1,0,1e+08,23240492076131,23240492375867,23240492795603,23240492858547,23240492888739,23240493110743,23240493272635,23240493272667,16,11.9654,2.99736,4.19736,0.62944,0.30192,2.22004,1.61892
229,1,0,1e+08,23240495517857,23240495776413,23240496409416,23240496499562,23240496522944,23240496858104,23240497051632,23240497051664,16,15.3381,2.58556,6.33003,0.90146,0.23382,3.3516,1.93528
230,1,0,1e+08,23240497701572,23240498507693,23240499263826,23240499389046,23240499412578,23240499672842,23240499907390,23240499907418,16,22.0585,8.06121,7.56133,1.2522,0.23532,2.60264,2.34548
231,1,0,1e+08,23240502064420,23240502301730,23240502676462,23240502760182,23240502800122,23240503444326,23240503788304,23240503788364,16,17.2394,2.3731,3.74732,0.8372,0.3994,6.44204,3.43978
232,1,0,1e+08,23240505510532,23240506283262,23240507036342,23240507101938,23240507137010,23240507395134,23240507529198,23240507529230,16,20.187,7.7273,7.5308,0.65596,0.35072,2.58124,1.34064
233,1,0,1e+08,23240508770142,23240509751168,23240510380998,23240510494562,23240510516142,23240510759110,23240510896582,23240510896618,16,21.2648,9.81026,6.2983,1.13564,0.2158,2.42968,1.37472
234,1,0,1e+08,23240512020551,23240512840693,23240513690053,23240513809741,23240513833797,23240514128577,23240514275253,23240514275289,16,22.5474,8.20142,8.4936,1.19688,0.24056,2.9478,1.46676
235,1,0,1e+08,23240515282512,23240515664206,23240516814912,23240516931912,23240516953200,23240517246284,23240517390680,23240517390716,16,21.082,3.81694,11.5071,1.17,0.21288,2.93084,1.44396
236,1,0,1e+08,23240518628941,23240518853145,23240519256405,23240519328385,23240519361569,23240519574993,23240519778781,23240519778873,16,11.4993,2.24204,4.0326,0.7198,0.33184,2.13424,2.03788
237,1,0,1e+08,23240520711861,23240521171989,23240522248109,23240522326589,23240522365481,23240522646777,23240522806789,23240522806877,16,20.9502,4.60128,10.7612,0.7848,0.38892,2.81296,1.60012
238,1,0,1e+08,23240524025225,23240524894055,23240525651402,23240525738734,23240525761106,23240526035786,23240526172302,23240526172330,16,21.471,8.6883,7.57347,0.87332,0.22372,2.7468,1.36516
239,1,0,1e+08,23240527367954,23240528249074,23240528929213,23240529028701,23240529060889,23240529314801,23240529451785,23240529451817,16,20.8386,8.8112,6.80139,0.99488,0.32188,2.53912,1.36984
240,1,0,1e+08,23240530989705,23240531816861,23240532503338,23240532589022,23240532626102,23240532895758,23240533038482,23240533038518,16,20.4881,8.27156,6.86477,0.85684,0.3708,2.69656,1.42724
241,1,0,1e+08,23240534252900,23240535267903,23240535891931,23240536038003,23240536057959,23240536319819,23240536450639,23240536450671,16,21.9777,10.15,6.24028,1.46072,0.19956,2.6186,1.3082
242,1,0,1e+08,23240537492510,23240538297063,23240539057224,23240539165604,23240539186244,23240539451436,23240539613792,23240539613904,16,21.2139,8.04553,7.60161,1.0838,0.2064,2.65192,1.62356
243,1,0,1e+08,23240540926582,23240541695995,23240542457434,23240542514582,23240542562310,23240542815474,23240542963266,23240542963426,16,20.3684,7.69413,7.61439,0.57148,0.47728,2.53164,1.47792
244,1,0,1e+08,23240544302173,23240545201157,23240545958679,23240546038579,23240546054819,23240546309303,23240546448447,23240546448483,16,21.4631,8.98984,7.57522,0.799,0.1624,2.54484,1.39144
245,1,0,1e+08,23240547551127,23240547779423,23240549012357,23240549129241,23240549150741,23240549455933,23240549632453,23240549632489,16,20.8136,2.28296,12.3293,1.16884,0.215,3.05192,1.7652
246,1,0,1e+08,23240551163310,23240551465142,23240551922138,23240551986718,23240552029782,23240552315786,23240552457626,23240552457658,16,12.9435,3.01832,4.56996,0.6458,0.43064,2.86004,1.4184
247,1,0,1e+08,23240553145099,23240553409511,23240553822419,23240553894679,23240553929067,23240554237502,23240554843621,23240554843877,16,16.9878,2.64412,4.12908,0.7226,0.34388,3.08435,6.06119
248,1,0,1e+08,23240556350087,23240556589960,23240557175780,23240557293024,23240557326604,23240558194332,23240558423281,23240558423441,16,20.7335,2.39873,5.8582,1.17244,0.3358,8.67728,2.28949
249,1,0,1e+08,23240559876299,23240560487971,23240561387234,23240561467202,23240561495230,23240561785302,23240561912042,23240561912078,16,20.3578,6.11672,8.99263,0.79968,0.28028,2.90072,1.2674
250,1,0,1e+08,23240563099281,23240563925949,23240564673910,23240564784318,23240564804130,23240565053394,23240565187986,23240565188022,16,20.8874,8.26668,7.47961,1.10408,0.19812,2.49264,1.34592
251,1,0,1e+08,23240566487485,23240567498968,23240568134997,23240568258169,23240568284033,23240568518281,23240568650785,23240568650817,16,21.6333,10.1148,6.36029,1.23172,0.25864,2.34248,1.32504
252,1,0,1e+08,23240569741693,23240570373990,23240571305077,23240571419469,23240571440445,23240571717905,23240571859597,23240571859633,16,21.1794,6.32297,9.31087,1.14392,0.20976,2.7746,1.41692
253,1,0,1e+08,23240573049335,23240573644270,23240574589770,23240574682274,23240574725998,23240575005142,23240575163634,23240575163762,16,21.1443,5.94935,9.455,0.92504,0.43724,2.79144,1.58492
254,1,0,1e+08,23240576184655,23240577028970,23240577838914,23240577953158,23240577976718,23240578247750,23240578384198,23240578384230,16,21.9958,8.44315,8.09944,1.14244,0.2356,2.71032,1.36448
255,1,0,1e+08,23240579578293,23240580298485,23240581132912,23240581222372,23240581239456,23240581497480,23240581631032,23240581631064,16,20.5277,7.20192,8.34427,0.8946,0.17084,2.58024,1.33552
256,1,0,1e+08,23240583083069,23240584071450,23240584697668,23240584816516,23240584838716,23240585066612,23240585207176,23240585207320,16,21.2425,9.88381,6.26218,1.18848,0.222,2.27896,1.40564
257,1,0,1e+08,23240586286088,23240587090793,23240587895250,23240587992330,23240588008334,23240588276522,23240588418454,23240588418490,16,21.324,8.04705,8.04457,0.9708,0.16004,2.68188,1.41932
258,1,0,1e+08,23240589503600,23240590252370,23240591092512,23240591177448,23240591203484,23240591499148,23240591647184,23240591647220,16,21.4362,7.4877,8.40142,0.84936,0.26036,2.95664,1.48036
259,1,0,1e+08,23240592666207,23240592920445,23240593897048,23240593979560,23240594033432,23240594410869,23240594568953,23240594568993,16,19.0279,2.54238,9.76603,0.82512,0.53872,3.77437,1.58084
260,1,0,1e+08,23240595853426,23240596107210,23240596636730,23240596725862,23240596771690,23240597036946,23240597214302,23240597214418,16,13.6099,2.53784,5.2952,0.89132,0.45828,2.65256,1.77356
261,1,0,1e+08,23240598002346,23240598926719,23240599672040,23240599786960,23240599809080,23240600074332,23240600210896,23240600210928,16,22.0858,9.24373,7.45321,1.1492,0.2212,2.65252,1.36564
262,1,0,1e+08,23240601190927,23240601722981,23240602758613,23240602873413,23240602893953,23240603159993,23240603297257,23240603297289,16,21.0636,5.32054,10.3563,1.148,0.2054,2.6604,1.37264
263,1,0,1e+08,23240604379612,23240604652900,23240605614918,23240605754984,23240605779529,23240606171473,23240606334781,23240606334929,16,19.5532,2.73288,9.62018,1.40066,0.24545,3.91944,1.63308
264,1,0,1e+08,23240607632443,23240607871599,23240608174699,23240608253291,23240608314111,23240608915150,23240609274932,23240609275016,16,16.4257,2.39156,3.031,0.78592,0.6082,6.01039,3.59782
265,1,0,1e+08,23240610920218,23240611117502,23240611537914,23240611614342,23240611647818,23240611927013,23240612474294,23240612474479,16,15.5426,1.97284,4.20412,0.76428,0.33476,2.79195,5.47281
266,1,0,1e+08,23240614228379,23240614824239,23240615784261,23240615881965,23240615902065,23240616177481,23240616311581,23240616311613,16,20.8323,5.9586,9.60022,0.97704,0.201,2.75416,1.341
267,1,0,1e+08,23240617454492,23240618097414,23240619005593,23240619112949,23240619134653,23240619417701,23240619557597,23240619557633,16,21.0314,6.42922,9.08179,1.07356,0.21704,2.83048,1.39896
268,1,0,1e+08,23240620702918,23240621355983,23240622292924,23240622404868,23240622422644,23240622690368,23240622863060,23240622863208,16,21.6029,6.53065,9.36941,1.11944,0.17776,2.67724,1.72692
269,1,0,1e+08,23240623975337,23240624193807,23240624500499,23240624564687,23240624587287,23240624748127,23240624928455,23240624928559,16,9.53222,2.1847,3.06692,0.64188,0.226,1.6084,1.80328
270,1,0,1e+08,23240626789937,23240627278245,23240628346624,23240628438980,23240628456768,23240628742828,23240628890312,23240628890348,16,21.0041,4.88308,10.6838,0.92356,0.17788,2.8606,1.47484
271,1,0,1e+08,23240629916466,23240630765086,23240631592384,23240631671428,23240631687600,23240631956128,23240632094172,23240632094280,16,21.7781,8.4862,8.27298,0.79044,0.16172,2.68528,1.38044
272,1,0,1e+08,23240633210132,23240633984867,23240634741177,23240634860493,23240634884033,23240635159537,23240635308053,23240635308085,16,20.9795,7.74735,7.5631,1.19316,0.2354,2.75504,1.48516
273,1,0,1e+08,23240637936042,23240638161370,23240639294261,23240639389549,23240639425477,23240639753989,23240639903709,23240639903749,16,19.6771,2.25328,11.3289,0.95288,0.35928,3.28512,1.4972
274,1,0,1e+08,23240641427102,23240642427541,23240643083666,23240643176074,23240643216154,23240643468362,23240643603530,23240643603562,16,21.7646,10.0044,6.56125,0.92408,0.4008,2.52208,1.35168
275,1,0,1e+08,23240645052113,23240646039744,23240646688306,23240646811198,23240646832626,23240647062990,23240647212582,23240647212702,16,21.6059,9.87631,6.48562,1.22892,0.21428,2.30364,1.49592
276,1,0,1e+08,23240648236899,23240648797899,23240649780090,23240649879946,23240649921170,23240650216614,23240650367910,23240650368078,16,21.3118,5.61,9.82191,0.99856,0.41224,2.95444,1.51296
277,1,0,1e+08,23240651424196,23240652051943,23240652991893,23240653103817,23240653125781,23240653399077,23240653533209,23240653533245,16,21.0905,6.27747,9.3995,1.11924,0.21964,2.73296,1.34132
278,1,0,1e+08,23240654994199,23240655886863,23240656699640,23240656791344,23240656817328,23240657098688,23240657232232,23240657232264,16,22.3806,8.92664,8.12777,0.91704,0.25984,2.8136,1.33544
279,1,0,1e+08,23240658736091,23240659049171,23240659568715,23240659653223,23240659685535,23240659902279,23240660035435,23240660035471,16,12.9938,3.1308,5.19544,0.84508,0.32312,2.16744,1.33156
280,1,0,1e+08,23240660835182,23240661168156,23240661606516,23240661665952,23240661683808,23240662378595,23240662706845,23240662706905,16,18.7172,3.32974,4.3836,0.59436,0.17856,6.94787,3.2825
281,1,0,1e+08,23240663861773,23240664096650,23240664447738,23240664537818,23240664554626,23240664758378,23240664952558,23240664952586,16,10.9081,2.34877,3.51088,0.9008,0.16808,2.03752,1.9418
282,1,0,1e+08,23240665957057,23240666165541,23240667361309,23240667445225,23240667498757,23240667858841,23240668046685,23240668046841,16,20.8978,2.08484,11.9577,0.83916,0.53532,3.60084,1.87844
283,1,0,1e+08,23240669230654,23240669508002,23240670703726,23240670791970,23240670808746,23240671129450,23240671292726,23240671292762,16,20.6211,2.77348,11.9572,0.88244,0.16776,3.20704,1.63276
284,1,0,1e+08,23240673664491,23240673957311,23240674424499,23240674529903,23240674569735,23240675538316,23240675749781,23240675749841,16,20.8535,2.9282,4.67188,1.05404,0.39832,9.68581,2.11465
285,1,0,1e+08,23240677811453,23240678429973,23240679018218,23240679157370,23240679184518,23240679457465,23240680029354,23240680029539,16,22.1809,6.1852,5.88245,1.39152,0.27148,2.72947,5.71889
286,1,0,1e+08,23240682125657,23240683066564,23240683712201,23240683848737,23240683877217,23240684105629,23240684248253,23240684248285,16,21.2263,9.40907,6.45637,1.36536,0.2848,2.28412,1.42624
287,1,0,1e+08,23240687532171,23240688342530,23240688962139,23240689074923,23240689124887,23240689366763,23240689612677,23240689612765,16,20.8059,8.10359,6.19609,1.12784,0.49964,2.41876,2.45914
288,1,0,1e+08,23240693232752,23240693633137,23240694144445,23240694249129,23240694290881,23240695262671,23240695667986,23240695668222,16,24.3547,4.00385,5.11308,1.04684,0.41752,9.7179,4.05315
289,1,0,1e+08,23240699023234,23240699432885,23240700809851,23240700915895,23240700937127,23240701250103,23240701390147,23240701390187,16,23.6695,4.09651,13.7697,1.06044,0.21232,3.12976,1.40044
290,1,0,1e+08,23240704167466,23240704587873,23240705940697,23240706075337,23240706096069,23240706395557,23240706867793,23240706867917,16,27.0045,4.20407,13.5282,1.3464,0.20732,2.99488,4.72236
291,1,0,1e+08,23240708903989,23240709349570,23240709943826,23240710092878,23240710124318,23240710897674,23240711162409,23240711162477,16,22.5849,4.45581,5.94256,1.49052,0.3144,7.73356,2.64735
292,1,0,1e+08,23240713101691,23240713920034,23240714670650,23240714777606,23240714798958,23240715049098,23240715188690,23240715188726,16,20.8703,8.18343,7.50616,1.06956,0.21352,2.5014,1.39592
293,1,0,1e+08,23240716240672,23240716897553,23240717803808,23240717867020,23240717909512,23240718191796,23240718377204,23240718377236,16,21.3656,6.56881,9.06255,0.63212,0.42492,2.82284,1.85408
294,1,0,1e+08,23240719567552,23240720426234,23240721124763,23240721212251,23240721252159,23240721502175,23240721682755,23240721682783,16,21.1523,8.58682,6.98529,0.87488,0.39908,2.50016,1.8058
295,1,0,1e+08,23240722955966,23240723284331,23240723941138,23240723998790,23240724018006,23240724252670,23240724430694,23240724430722,16,14.7476,3.28365,6.56807,0.57652,0.19216,2.34664,1.78024
296,1,0,1e+08,23240725178747,23240725445835,23240725890847,23240725956631,23240725983779,23240726234903,23240726374075,23240726374103,16,11.9536,2.67088,4.45012,0.65784,0.27148,2.51124,1.39172
297,1,0,1e+08,23240727363506,23240727585511,23240727994899,23240728058243,23240728089447,23240728365251,23240728511199,23240728511231,16,11.4772,2.22005,4.09388,0.63344,0.31204,2.75804,1.45948
298,1,0,1e+08,23240729371379,23240729656987,23240730110707,23240730174755,23240730212071,23240730465863,23240730617295,23240730617331,16,12.4595,2.85608,4.5372,0.64048,0.37316,2.53792,1.51432
299,1,0,1e+08,23240731609315,23240732516396,23240733214134,23240733314334,23240733332762,23240733599822,23240733775774,23240733775806,16,21.6649,9.07081,6.97738,1.002,0.18428,2.6706,1.75952
300,1,0,1e+08,23240735030737,23240735895246,23240736605462,23240736767170,23240736792066,23240737042154,23240737234422,23240737234450,16,22.0371,8.64509,7.10216,1.61708,0.24896,2.50088,1.92268
301,1,0,1e+08,23240738327546,23240738835704,23240739870098,23240739964130,23240739980206,23240740258014,23240740396514,23240740396546,16,20.69,5.08158,10.3439,0.94032,0.16076,2.77808,1.385
302,1,0,1e+08,23240741450908,23240742326085,23240743022131,23240743384811,23240743405359,23240743621043,23240743765559,23240743765587,16,23.1468,8.75177,6.96046,3.6268,0.20548,2.15684,1.44516
303,1,0,1e+08,23240745630138,23240745951018,23240746380010,23240746458418,23240746499442,23240746689934,23240746848338,23240746848362,16,12.1822,3.2088,4.28992,0.78408,0.41024,1.90492,1.58404
304,1,0,1e+08,23240747840734,23240748804810,23240749432710,23240749544778,23240749595062,23240749820022,23240749972734,23240749972766,16,21.3203,9.64076,6.279,1.12068,0.50284,2.2496,1.52712
305,1,0,1e+08,23240752760337,23240753372221,23240754288451,23240754458663,23240754482223,23240754755923,23240754906255,23240754906291,16,21.4595,6.11884,9.1623,1.70212,0.2356,2.737,1.50332
306,1,0,1e+08,23240756558046,23240757371127,23240758102302,23240758208686,23240758252282,23240758524014,23240758684582,23240758684614,16,21.2657,8.13081,7.31175,1.06384,0.43596,2.71732,1.60568
307,1,0,1e+08,23240760150082,23240761120697,23240761747462,23240761881606,23240761938838,23240762154534,23240762304262,23240762304294,16,21.5421,9.70615,6.26765,1.34144,0.57232,2.15696,1.49728
308,1,0,1e+08,23240763543449,23240763809758,23240764158298,23240764270142,23240764290922,23240764488478,23240764669474,23240764669502,16,11.2605,2.66309,3.4854,1.11844,0.2078,1.97556,1.80996
309,1,0,1e+08,23240765973874,23240766228074,23240766652294,23240766733002,23240766763650,23240766996762,23240767206830,23240767206858,16,12.3298,2.542,4.2422,0.80708,0.30648,2.33112,2.10068
310,1,0,1e+08,23240768087933,23240769063580,23240769701382,23240769814810,23240769839310,23240770071014,23240770212834,23240770212914,16,21.2498,9.75647,6.37802,1.13428,0.245,2.31704,1.4182
311,1,0,1e+08,23240771384165,23240771632661,23240772430791,23240772613347,23240772687282,23240773154167,23240773350539,23240773350583,16,19.6642,2.48496,7.9813,1.82556,0.73935,4.66885,1.96372
312,1,0,1e+08,23240774978854,23240775779885,23240776540052,23240776625352,23240776641744,23240776908160,23240777040824,23240777040856,16,20.62,8.01031,7.60167,0.853,0.16392,2.66416,1.32664
313,1,0,1e+08,23240778109214,23240778901320,23240779703680,23240779772736,23240779793796,23240780094448,23240780228404,23240780228440,16,21.1923,7.92106,8.0236,0.69056,0.2106,3.00652,1.33956
314,1,0,1e+08,23240781327921,23240782134055,23240782880680,23240782963668,23240782998124,23240783273484,23240783416676,23240783416768,16,20.8885,8.06134,7.46625,0.82988,0.34456,2.7536,1.43192
315,1,0,1e+08,23240784765477,23240785162593,23240785707717,23240785785529,23240785809529,23240786065701,23240786216949,23240786216989,16,14.5151,3.97116,5.45124,0.77812,0.24,2.56172,1.51248
316,1,0,1e+08,23240787466697,23240788121764,23240789017760,23240789133784,23240789156552,23240789411964,23240789544968,23240789545000,16,20.783,6.55067,8.95996,1.16024,0.22768,2.55412,1.33004
317,1,0,1e+08,23240791005267,23240791437838,23240792540608,23240792637468,23240792654128,23240792940508,23240793077964,23240793077996,16,20.7273,4.32571,11.0277,0.9686,0.1666,2.8638,1.37456
318,1,0,1e+08,23240794253868,23240794742899,23240795769484,23240795891648,23240795907716,23240796194732,23240796334940,23240796334980,16,20.8111,4.89031,10.2659,1.22164,0.16068,2.87016,1.40208
319,1,0,1e+08,23240797564872,23240797835453,23240798221833,23240798297825,23240798317985,23240798540253,23240798710377,23240798710401,16,11.4553,2.70581,3.8638,0.75992,0.2016,2.22268,1.70124
320,1,0,1e+08,23240799575190,23240799796546,23240801013001,23240801129369,23240801151337,23240801454973,23240801630153,23240801630273,16,20.5508,2.21356,12.1646,1.16368,0.21968,3.03636,1.7518
321,1,0,1e+08,23240802899437,23240803375418,23240804440928,23240804530368,23240804547276,23240804837736,23240804969772,23240804969808,16,20.7037,4.75981,10.6551,0.8944,0.16908,2.9046,1.32036
322,1,0,1e+08,23240806161186,23240806442276,23240807030409,23240807117709,23240807150061,23240807375177,23240807505841,23240807505869,16,13.4468,2.8109,5.88133,0.873,0.32352,2.25116,1.30664
323,1,0,1e+08,23240808267301,23240809197524,23240809861225,23240809973857,23240809995801,23240810231117,23240810374689,23240810374801,16,21.075,9.30223,6.63701,1.12632,0.21944,2.35316,1.43572
324,1,0,1e+08,23240811456587,23240812063542,23240813001364,23240813085480,23240813137352,23240813416728,23240813556028,23240813556060,16,20.9947,6.06955,9.37822,0.84116,0.51872,2.79376,1.393
325,1,0,1e+08,23240814652620,23240815344752,23240816220077,23240816345349,23240816368281,23240816629529,23240816779345,23240816779377,16,21.2676,6.92132,8.75325,1.25272,0.22932,2.61248,1.49816
326,1,0,1e+08,23240817981626,23240818219502,23240818545442,23240818621290,23240818656918,23240818819682,23240818988106,23240818988130,16,10.065,2.37876,3.2594,0.75848,0.35628,1.62764,1.68424
327,1,0,1e+08,23240820287836,23240820517268,23240821739629,23240821824817,23240821883049,23240822200545,23240822350977,23240822351101,16,20.6326,2.29432,12.2236,0.85188,0.58232,3.17496,1.50432
328,1,0,1e+08,23240823604117,23240824431678,23240825282404,23240825390524,23240825434376,23240825744112,23240825883828,23240825883860,16,22.7974,8.27561,8.50726,1.0812,0.43852,3.09736,1.39716
329,1,0,1e+08,23240827057565,23240827821162,23240828565369,23240828687013,23240828710521,23240828984145,23240829118117,23240829118153,16,20.6059,7.63597,7.44207,1.21644,0.23508,2.73624,1.33972
330,1,0,1e+08,23240830562498,23240831402447,23240832167618,23240832284950,23240832308162,23240832567666,23240832703670,23240832703702,16,21.412,8.39949,7.65171,1.17332,0.23212,2.59504,1.36004
331,1,0,1e+08,23240834263017,23240834520719,23240834936491,23240835050863,23240835070995,23240835288647,23240835470355,23240835470383,16,12.0737,2.57702,4.15772,1.14372,0.20132,2.17652,1.81708
332,1,0,1e+08,23240836394777,23240837244466,23240838038404,23240838175032,23240838198764,23240838447892,23240838588248,23240838588284,16,21.9351,8.49689,7.93938,1.36628,0.23732,2.49128,1.40356
333,1,0,1e+08,23240839804828,23240840033532,23240840441180,23240840524232,23240840557948,23240840803764,23240840995988,23240840996020,16,11.9119,2.28704,4.07648,0.83052,0.33716,2.45816,1.92224
334,1,0,1e+08,23240842029494,23240842282911,23240842676659,23240842747723,23240842778063,23240843680516,23240843900456,23240843900520,16,18.7103,2.53417,3.93748,0.71064,0.3034,9.02453,2.1994
335,1,0,1e+08,23240845340424,23240846115829,23240846917730,23240847009702,23240847025686,23240847329698,23240847466866,23240847466962,16,21.2654,7.75405,8.01901,0.91972,0.15984,3.04012,1.37168
336,1,0,1e+08,23240848622877,23240849263765,23240850239998,23240850338934,23240850381958,23240850683218,23240850819646,23240850819678,16,21.968,6.40888,9.76233,0.98936,0.43024,3.0126,1.36428
337,1,0,1e+08,23240852314918,23240853279240,23240853912989,23240854030717,23240854053281,23240854284789,23240854432969,23240854433085,16,21.1817,9.64322,6.33749,1.17728,0.22564,2.31508,1.4818
338,1,0,1e+08,23240855508159,23240856348495,23240857091585,23240857209929,23240857234465,23240857511517,23240857649201,23240857649237,16,21.4108,8.40336,7.4309,1.18344,0.24536,2.77052,1.37684
339,1,0,1e+08,23240859104421,23240859562920,23240860650826,23240860735722,23240860755454,23240861048502,23240861190458,23240861190494,16,20.8607,4.58499,10.8791,0.84896,0.19732,2.93048,1.41956
340,1,0,1e+08,23240862341519,23240862842696,23240863873926,23240863993810,23240864018238,23240864294890,23240864429410,23240864429442,16,20.8792,5.01177,10.3123,1.19884,0.24428,2.76652,1.3452
341,1,0,1e+08,23240865658129,23240865895257,23240866306233,23240866384489,23240866426189,23240866671521,23240866870721,23240866870753,16,12.1262,2.37128,4.10976,0.78256,0.417,2.45332,1.992
342,1,0,1e+08,23240867865064,23240868370098,23240869469784,23240869600196,23240869626012,23240869915604,23240870067176,23240870067304,16,22.0224,5.05034,10.9969,1.30412,0.25816,2.89592,1.51572
343,1,0,1e+08,23240871219178,23240872026121,23240872775646,23240872859566,23240872875922,23240873136318,23240873282790,23240873282822,16,20.6364,8.06943,7.49525,0.8392,0.16356,2.60396,1.46472
344,1,0,1e+08,23240874451431,23240874982122,23240876021136,23240876210216,23240876225552,23240876487188,23240876631340,23240876631512,16,21.8008,5.30691,10.3901,1.8908,0.15336,2.61636,1.44152
345,1,0,1e+08,23240877738421,23240877977759,23240879172961,23240879295989,23240879345233,23240879669497,23240879811309,23240879811349,16,20.7293,2.39338,11.952,1.23028,0.49244,3.24264,1.41812
346,1,0,1e+08,23240881266094,23240881957746,23240882804674,23240882911894,23240882928714,23240883195462,23240883347298,23240883347454,16,20.8136,6.91652,8.46928,1.0722,0.1682,2.66748,1.51836
347,1,0,1e+08,23240884652827,23240885402659,23240886169224,23240886296612,23240886319232,23240886577480,23240886712284,23240886712320,16,20.5949,7.49832,7.66565,1.27388,0.2262,2.58248,1.34804
348,1,0,1e+08,23240887855846,23240888127462,23240889338156,23240889458136,23240889474608,23240889767792,23240889920332,23240889920468,16,20.6462,2.71616,12.1069,1.1998,0.16472,2.93184,1.5254
349,1,0,1e+08,23240891242012,23240892264270,23240892911577,23240893030093,23240893052201,23240893281333,23240893474245,23240893474373,16,22.3236,10.2226,6.47307,1.18516,0.22108,2.29132,1.92912
350,1,0,1e+08,23240895024001,23240895906949,23240896670009,23240896760361,23240896777053,23240897030005,23240897179837,23240897179973,16,21.5597,8.82948,7.6306,0.90352,0.16692,2.52952,1.49832
351,1,0,1e+08,23240898299258,23240899227461,23240899923593,23240900018461,23240900040961,23240900321333,23240900470633,23240900470725,16,21.7147,9.28203,6.96132,0.94868,0.225,2.80372,1.493
352,1,0,1e+08,23240901881551,23240902341488,23240903360038,23240903440718,23240903481034,23240903767878,23240903900390,23240903900426,16,20.1887,4.59937,10.1855,0.8068,0.40316,2.86844,1.32512
353,1,0,1e+08,23240905253413,23240906124201,23240906820724,23240906989604,23240907016832,23240907280184,23240907426092,23240907426124,16,21.7271,8.70788,6.96523,1.6888,0.27228,2.63352,1.45908
354,1,0,1e+08,23240910154557,23240910391071,23240910887643,23240910966259,23240911066171,23240911389795,23240911533219,23240911533255,16,13.787,2.36514,4.96572,0.78616,0.99912,3.23624,1.43424
355,1,0,1e+08,23240912291395,23240913182246,23240914013225,23240914152317,23240914182277,23240914453557,23240914601253,23240914601289,16,23.0989,8.90851,8.30979,1.39092,0.2996,2.7128,1.47696
356,1,0,1e+08,23240915707169,23240916263082,23240917328321,23240917406801,23240917498233,23240917848037,23240917989305,23240917989341,16,22.8217,5.55913,10.6524,0.7848,0.91432,3.49804,1.41268
357,1,0,1e+08,23240919139856,23240919943789,23240920739662,23240920839914,23240920855634,23240921112370,23240921265754,23240921265846,16,21.2599,8.03933,7.95873,1.00252,0.1572,2.56736,1.53384
358,1,0,1e+08,23240922364814,23240922593480,23240922899792,23240922958684,23240922984092,23240923147488,23240923327652,23240923327720,16,9.62906,2.28666,3.06312,0.58892,0.25408,1.63396,1.80164
359,1,0,1e+08,23240924674202,23240925639221,23240926331073,23240926463061,23240926484797,23240926737481,23240926892997,23240926893025,16,22.1882,9.65019,6.91852,1.31988,0.21736,2.52684,1.55516
360,1,0,1e+08,23240927957629,23240928578015,23240929502565,23240929593409,23240929636781,23240929901809,23240930064837,23240930064953,16,21.0732,6.20386,9.2455,0.90844,0.43372,2.65028,1.63028
361,1,0,1e+08,23240931476806,23240932024742,23240932982894,23240933104058,23240933127634,23240933396830,23240933533542,23240933533578,16,20.5677,5.47936,9.58152,1.21164,0.23576,2.69196,1.36712
362,1,0,1e+08,23240934715794,23240935481611,23240936261488,23240936408088,23240936429844,23240936682552,23240936817192,23240936817228,16,21.0143,7.65817,7.79877,1.466,0.21756,2.52708,1.3464
363,1,0,1e+08,23240938087432,23240938320280,23240938629620,23240938710176,23240938732228,23240938894024,23240939098488,23240939098576,16,10.1114,2.32848,3.0934,0.80556,0.22052,1.61796,2.04464
364,1,0,1e+08,23240940301065,23240940859421,23240941927926,23240942044230,23240942066278,23240942338686,23240942486146,23240942486238,16,21.8517,5.58356,10.6851,1.16304,0.22048,2.72408,1.4746
365,1,0,1e+08,23240943694617,23240943916525,23240944240425,23240944319417,23240944348805,23240944532825,23240944707773,23240944707797,16,10.1318,2.21908,3.239,0.78992,0.29388,1.8402,1.74948
366,1,0,1e+08,23240945924745,23240946701101,23240947468612,23240947553764,23240947569540,23240947826588,23240947975400,23240947975512,16,20.5077,7.76356,7.67511,0.85152,0.15776,2.57048,1.48812
367,1,0,1e+08,23240949104965,23240949905718,23240950669053,23240950764929,23240950780525,23240951036481,23240951190285,23240951190369,16,20.854,8.00753,7.63335,0.95876,0.15596,2.55956,1.53804
368,1,0,1e+08,23240952375548,23240953386324,23240954013440,23240954122740,23240954142224,23240954391372,23240954518792,23240954518824,16,21.4328,10.1078,6.27116,1.093,0.19484,2.49148,1.2742
369,1,0,1e+08,23240955986987,23240956477329,23240957545803,23240957605439,23240957630375,23240957947519,23240958091555,23240958091659,16,21.0467,4.90342,10.6847,0.59636,0.24936,3.17144,1.44036
370,1,0,1e+08,23240959311850,23240960191032,23240960965234,23240961054558,23240961070762,23240961336142,23240961481302,23240961481338,16,21.6949,8.79182,7.74202,0.89324,0.16204,2.6538,1.4516
371,1,0,1e+08,23240962558187,23240963381637,23240964154791,23240964253359,23240964290215,23240964578063,23240964726199,23240964726295,16,21.6811,8.2345,7.73154,0.98568,0.36856,2.87848,1.48136
372,1,0,1e+08,23240966009595,23240966497707,23240967566173,23240967686925,23240967704173,23240967991905,23240968137641,23240968137753,16,21.2816,4.88112,10.6847,1.20752,0.17248,2.87732,1.45736
373,1,0,1e+08,23240969296487,23240969825968,23240970798672,23240970895004,23240970910544,23240971185912,23240971337688,23240971337724,16,20.4124,5.29481,9.72704,0.96332,0.1554,2.75368,1.51776
374,1,0,1e+08,23240972475558,23240972721294,23240973023806,23240973115658,23240973151330,23240973312410,23240973501766,23240973501846,16,10.2629,2.45736,3.02512,0.91852,0.35672,1.6108,1.89356
375,1,0,1e+08,23240974674666,23240975318916,23240976217269,23240976354477,23240976378105,23240976650377,23240976795069,23240976795181,16,21.2051,6.4425,8.98353,1.37208,0.23628,2.72272,1.44692
376,1,0,1e+08,23240977911679,23240978692944,23240979452884,23240979523288,23240979571444,23240979839384,23240979996688,23240979996804,16,20.8513,7.81265,7.5994,0.70404,0.48156,2.6794,1.57304
377,1,0,1e+08,23240981461845,23240982276547,23240982989194,23240983145318,23240983176798,23240983424158,23240983615998,23240983616078,16,21.5423,8.14702,7.12647,1.56124,0.3148,2.4736,1.9184
378,1,0,1e+08,23240985157720,23240985842046,23240986725132,23240986863396,23240986890548,23240987147204,23240987309024,23240987309160,16,21.5144,6.84326,8.83086,1.38264,0.27152,2.56656,1.6182
379,1,0,1e+08,23240989160425,23240989796265,23240990642516,23240990726208,23240990742496,23240991014952,23240991176256,23240991176292,16,20.1587,6.3584,8.46251,0.83692,0.16288,2.72456,1.61304
380,1,0,1e+08,23240991627601,23240992164586,23240993226272,23240993336328,23240993357876,23240993641228,23240993822192,23240993822228,16,21.9463,5.36985,10.6169,1.10056,0.21548,2.83352,1.80964
381,1,0,1e+08,23240995076577,23240995532896,23240996573861,23240996675045,23240996691369,23240996958841,23240997101813,23240997101901,16,20.2532,4.56319,10.4096,1.01184,0.16324,2.67472,1.42972
382,1,0,1e+08,23240998293709,23240998560093,23240998880781,23240998960941,23240998992229,23240999155973,23240999334453,23240999334477,16,10.4077,2.66384,3.20688,0.8016,0.31288,1.63744,1.7848
383,1,0,1e+08,23241002031634,23241002376554,23241002793750,23241002856430,23241002873338,23241003041374,23241003181362,23241003181450,16,11.4982,3.4492,4.17196,0.6268,0.16908,1.68036,1.39988
384,1,0,1e+08,23241003224646,23241003491506,23241004709004,23241004778668,23241004820768,23241005142952,23241005307680,23241005307712,16,20.8307,2.6686,12.175,0.69664,0.421,3.22184,1.64728
385,1,0,1e+08,23241006432858,23241007207155,23241007958983,23241008073519,23241008100603,23241008369511,23241008504371,23241008504403,16,20.7155,7.74297,7.51828,1.14536,0.27084,2.68908,1.3486
386,1,0,1e+08,23241009602900,23241010528176,23241011233958,23241011325186,23241011341126,23241011586358,23241011741938,23241011742078,16,21.3918,9.25276,7.05782,0.91228,0.1594,2.45232,1.5558
387,1,0,1e+08,23241012983441,23241013252521,23241013698853,23241013778861,23241013804757,23241014045321,23241014193337,23241014193365,16,12.0992,2.6908,4.46332,0.80008,0.25896,2.40564,1.48016
388,1,0,1e+08,23241015129837,23241015920783,23241016675361,23241016748021,23241016802385,23241017051277,23241017199933,23241017199961,16,20.7012,7.90946,7.54578,0.7266,0.54364,2.48892,1.48656
389,1,0,1e+08,23241018375073,23241018639857,23241019086677,23241019165309,23241019186769,23241019410753,23241019600557,23241019600589,16,12.2552,2.64784,4.4682,0.78632,0.2146,2.23984,1.89804
390,1,0,1e+08,23241020580137,23241021249866,23241022182409,23241023604723,23241023628519,23241024149211,23241024627100,23241024627188,16,40.4705,6.69729,9.32543,14.2231,0.23796,5.20692,4.77889
391,1,0,1e+08,23241024824879,23241025235280,23241025699604,23241025799560,23241025816472,23241026033528,23241026180536,23241026180564,16,13.5569,4.10401,4.64324,0.99956,0.16912,2.17056,1.47008
392,1,0,1e+08,23241027265670,23241027818565,23241028783192,23241028873892,23241028894492,23241029202612,23241029382988,23241029383024,16,21.1735,5.52895,9.64627,0.907,0.206,3.0812,1.80376
393,1,0,1e+08,23241030730997,23241031016011,23241031638524,23241031729820,23241031754944,23241032257500,23241032710000,23241032710092,16,19.791,2.85014,6.22513,0.91296,0.25124,5.02556,4.525
394,1,0,1e+08,23241034069916,23241034306908,23241035251441,23241035352045,23241035413356,23241035858097,23241036021101,23241036021141,16,19.5122,2.36992,9.44533,1.00604,0.61311,4.44741,1.63004
395,1,0,1e+08,23241037445486,23241037678966,23241038159510,23241038242634,23241038280770,23241038525134,23241038655114,23241038655150,16,12.0966,2.3348,4.80544,0.83124,0.38136,2.44364,1.2998
396,1,0,1e+08,23241039494328,23241039759182,23241040267266,23241040343786,23241040368450,23241040599114,23241040785718,23241040785750,16,12.9142,2.64854,5.08084,0.7652,0.24664,2.30664,1.86604
397,1,0,1e+08,23241041879319,23241042166173,23241043191914,23241043296020,23241043342752,23241043775340,23241043947172,23241043947212,16,20.6789,2.86854,10.2574,1.04106,0.46732,4.32588,1.71832
398,1,0,1e+08,23241045488533,23241045724123,23241046978862,23241047066270,23241047084310,23241047378086,23241047512758,23241047512794,16,20.2426,2.3559,12.5474,0.87408,0.1804,2.93776,1.34672
399,1,0,1e+08,23241049080770,23241049638188,23241050601032,23241050692852,23241050735396,23241051013384,23241051167996,23241051168132,16,20.8736,5.57418,9.62844,0.9182,0.42544,2.77988,1.54612
400,1,0,1e+08,23241052330520,23241052917411,23241053939981,23241054037309,23241054054525,23241054350513,23241054512757,23241054512909,16,21.8239,5.86891,10.2257,0.97328,0.17216,2.95988,1.62244
401,1,0,1e+08,23241055776886,23241056052263,23241056550235,23241056731280,23241056825158,23241057545738,23241057750890,23241057751082,16,19.742,2.75377,4.97972,1.81045,0.93878,7.2058,2.05152
402,1,0,1e+08,23241059070777,23241059732241,23241060678174,23241060785802,23241060801650,23241061068442,23241061220614,23241061220650,16,21.4987,6.61464,9.45933,1.07628,0.15848,2.66792,1.52172
403,1,0,1e+08,23241062367305,23241062589777,23241063740176,23241064190265,23241064205693,23241064465065,23241064665005,23241064665117,16,22.9781,2.22472,11.504,4.50089,0.15428,2.59372,1.9994
404,1,0,1e+08,23241065655307,23241066532486,23241067284345,23241067415517,23241067440745,23241067722845,23241067860661,23241067860697,16,22.0539,8.77179,7.51859,1.31172,0.25228,2.821,1.37816
405,1,0,1e+08,23241068962329,23241069809554,23241070622929,23241070711801,23241070728493,23241070997085,23241071151793,23241071151921,16,21.8959,8.47225,8.13375,0.88872,0.16692,2.68592,1.54708
406,1,0,1e+08,23241072243455,23241072489331,23241073698749,23241073820949,23241073847945,23241074172725,23241074322237,23241074322273,16,20.7882,2.45876,12.0942,1.222,0.26996,3.2478,1.49512
407,1,0,1e+08,23241075557793,23241076343109,23241077086528,23241077167960,23241077183736,23241077441448,23241077573220,23241077573252,16,20.1546,7.85316,7.43419,0.81432,0.15776,2.57712,1.31772
408,1,0,1e+08,23241078678468,23241079277560,23241080132230,23241080216882,23241080251418,23241080534682,23241080661138,23241080661174,16,19.8271,5.99092,8.5467,0.84652,0.34536,2.83264,1.26456
409,1,0,1e+08,23241082269254,23241083026047,23241083773110,23241083886478,23241083909594,23241084161286,23241084294158,23241084294190,16,20.2494,7.56793,7.47063,1.13368,0.23116,2.51692,1.32872
410,1,0,1e+08,23241085471945,23241086425674,23241087132993,23241087230393,23241087247177,23241087541701,23241087697065,23241087697097,16,22.2515,9.53729,7.07319,0.974,0.16784,2.94524,1.55364
411,1,0,1e+08,23241088725706,23241089510598,23241090280004,23241090371700,23241090411460,23241090689236,23241090852604,23241090852640,16,21.2693,7.84892,7.69406,0.91696,0.3976,2.77776,1.63368
412,1,0,1e+08,23241091884344,23241092471239,23241093422949,23241093558357,23241093581397,23241093837205,23241093991761,23241093991865,16,21.0752,5.86895,9.5171,1.35408,0.2304,2.55808,1.54556
413,1,0,1e+08,23241095168463,23241095412007,23241095732455,23241095809083,23241095850875,23241096013679,23241096203063,23241096203187,16,10.3472,2.43544,3.20448,0.76628,0.41792,1.62804,1.89384
414,1,0,1e+08,23241097474979,23241098313809,23241099072890,23241099133306,23241099181398,23241099461534,23241099598954,23241099598986,16,21.2401,8.3883,7.59081,0.60416,0.48092,2.80136,1.3742
415,1,0,1e+08,23241100723878,23241101623111,23241102374209,23241102458081,23241102473673,23241102730969,23241102886277,23241102886309,16,21.6243,8.99233,7.51098,0.83872,0.15592,2.57296,1.55308
416,1,0,1e+08,23241104368715,23241105202203,23241105956776,23241106031116,23241106046856,23241106314736,23241106486412,23241106486504,16,21.1779,8.33488,7.54573,0.7434,0.1574,2.6788,1.71676
417,1,0,1e+08,23241107661962,23241108214445,23241109185596,23241109267452,23241109332504,23241109605256,23241109735192,23241109735224,16,20.7326,5.52483,9.71151,0.81856,0.65052,2.72752,1.29936
418,1,0,1e+08,23241110934211,23241111848981,23241112535118,23241112652598,23241112675254,23241112925058,23241113083938,23241113083970,16,21.4976,9.1477,6.86137,1.1748,0.22656,2.49804,1.5888
419,1,0,1e+08,23241114477032,23241114727471,23241115034287,23241115114079,23241115154199,23241115345187,23241115527235,23241115527259,16,10.5023,2.50439,3.06816,0.79792,0.4012,1.90988,1.82048
420,1,0,1e+08,23241117162480,23241118115276,23241118834870,23241118940494,23241118972402,23241119232158,23241119381042,23241119381078,16,22.186,9.52796,7.19594,1.05624,0.31908,2.59756,1.48884
421,1,0,1e+08,23241120560159,23241121224204,23241122129567,23241122266119,23241122293419,23241122564227,23241122700239,23241122700275,16,21.4012,6.64045,9.05363,1.36552,0.273,2.70808,1.36012
422,1,0,1e+08,23241124048077,23241124639858,23241125602689,23241125723609,23241125745633,23241126047061,23241126188717,23241126188753,16,21.4068,5.91781,9.62831,1.2092,0.22024,3.01428,1.41656
423,1,0,1e+08,23241127373125,23241128148616,23241128891186,23241128986666,23241129003042,23241129279066,23241129415518,23241129415554,16,20.4243,7.75491,7.4257,0.9548,0.16376,2.76024,1.36452
424,1,0,1e+08,23241130623260,23241131383872,23241132233190,23241132333566,23241132355670,23241132625518,23241132764346,23241132764382,16,21.4112,7.60612,8.49318,1.00376,0.22104,2.69848,1.38828
425,1,0,1e+08,23241134209136,23241134995014,23241135810315,23241135868495,23241135918303,23241136183527,23241136324627,23241136324727,16,21.1559,7.85878,8.15301,0.5818,0.49808,2.65224,1.411
426,1,0,1e+08,23241137614818,23241137921026,23241139119342,23241139220470,23241139237486,23241139534278,23241139689498,23241139689610,16,20.7479,3.06208,11.9832,1.01128,0.17016,2.96792,1.5522
427,1,0,1e+08,23241140919814,23241141832733,23241142589001,23241143804817,23241143832569,23241144904457,23241145122785,23241145122925,16,42.0311,9.12919,7.56268,12.1582,0.27752,10.7189,2.18328
428,1,0,1e+08,23241145153833,23241145497365,23241145946365,23241146011809,23241146059453,23241146257829,23241146396717,23241146396741,16,12.4291,3.43532,4.49,0.65444,0.47644,1.98376,1.38888
429,1,0,1e+08,23241147628372,23241147844472,23241149098332,23241149172628,23241149209092,23241149540336,23241149724576,23241149724684,16,20.9631,2.161,12.5386,0.74296,0.36464,3.31244,1.8424
430,1,0,1e+08,23241150996012,23241151236958,23241151583743,23241151830913,23241151879528,23241152624931,23241152854024,23241152854080,16,18.5807,2.40946,3.46785,2.4717,0.48615,7.45403,2.29093
431,1,0,1e+08,23241154562305,23241155273875,23241156185840,23241156328096,23241156350568,23241156623900,23241156758332,23241156758364,16,21.9606,7.1157,9.11965,1.42256,0.22472,2.73332,1.34432
432,1,0,1e+08,23241157929144,23241158691935,23241159461492,23241159543324,23241159558928,23241159838200,23241159981272,23241159981304,16,20.5216,7.62791,7.69557,0.81832,0.15604,2.79272,1.43072
433,1,0,1e+08,23241161213303,23241161669890,23241162792736,23241162883996,23241162901084,23241163243368,23241163378392,23241163378428,16,21.6513,4.56587,11.2285,0.9126,0.17088,3.42284,1.35024
434,1,0,1e+08,23241164542056,23241165331807,23241166138150,23241166236030,23241166284434,23241166557394,23241166718014,23241166718114,16,21.7606,7.89751,8.06343,0.9788,0.48404,2.7296,1.6062
435,1,0,1e+08,23241167920905,23241168288393,23241169486457,23241169589837,23241169606333,23241169893641,23241170044745,23241170044845,16,21.2394,3.67488,11.9806,1.0338,0.16496,2.87308,1.51104
436,1,0,1e+08,23241171540975,23241171818908,23241172245764,23241172323500,23241172381416,23241172993211,23241173367020,23241173367248,16,18.2627,2.77933,4.26856,0.77736,0.57916,6.11795,3.73809
437,1,0,1e+08,23241175056191,23241175515045,23241176575232,23241176636720,23241176683920,23241176968440,23241177104640,23241177104672,16,20.4848,4.58854,10.6019,0.61488,0.472,2.8452,1.362
438,1,0,1e+08,23241178371917,23241178621441,23241179012657,23241179093117,23241179135733,23241179375809,23241179609193,23241179609297,16,12.3738,2.49524,3.91216,0.8046,0.42616,2.40076,2.33384
439,1,0,1e+08,23241182255079,23241183066743,23241183855845,23241183969613,23241183986233,23241184249961,23241184386337,23241184386373,16,21.3129,8.11664,7.89102,1.13768,0.1662,2.63728,1.36376
440,1,0,1e+08,23241185530432,23241186383520,23241187158141,23241187257089,23241187273045,23241187544821,23241187679117,23241187679153,16,21.4872,8.53088,7.74621,0.98948,0.15956,2.71776,1.34296
441,1,0,1e+08,23241189087077,23241189335349,23241189809233,23241189893525,23241189931885,23241190208277,23241190350825,23241190350861,16,12.6378,2.48272,4.73884,0.84292,0.3836,2.76392,1.42548
442,1,0,1e+08,23241191290553,23241191548602,23241191929966,23241191994070,23241192019678,23241192898892,23241193177112,23241193177280,16,18.8673,2.58049,3.81364,0.64104,0.25608,8.79214,2.7822
443,1,0,1e+08,23241194674193,23241194927657,23241195457409,23241195548709,23241195606121,23241195852233,23241195990237,23241195990273,16,13.1608,2.53464,5.29752,0.913,0.57412,2.46112,1.38004
444,1,0,1e+08,23241196824648,23241197349673,23241198430185,23241198554141,23241198576697,23241198854269,23241198991561,23241198991597,16,21.6695,5.25025,10.8051,1.23956,0.22556,2.77572,1.37292
445,1,0,1e+08,23241200131463,23241200409833,23241200899385,23241200995369,23241201037901,23241201378609,23241201533109,23241201533237,16,14.0177,2.7837,4.89552,0.95984,0.42532,3.40708,1.545
446,1,0,1e+08,23241202361879,23241202975242,23241203913841,23241204034253,23241204056857,23241204315089,23241204473033,23241204473141,16,21.1126,6.13363,9.38599,1.20412,0.22604,2.58232,1.57944
447,1,0,1e+08,23241208046777,23241208710466,23241209622126,23241209680946,23241209764778,23241210064390,23241210207846,23241210207882,16,21.611,6.63689,9.1166,0.5882,0.83832,2.99612,1.43456
448,1,0,1e+08,23241211334820,23241212306952,23241212924497,23241213021233,23241213039609,23241213283961,23241213449173,23241213449201,16,21.1438,9.72132,6.17545,0.96736,0.18376,2.44352,1.65212
449,1,0,1e+08,23241214549580,23241215320708,23241216144545,23241216235813,23241216254317,23241216553793,23241216691577,23241216691613,16,21.4203,7.71128,8.23837,0.91268,0.18504,2.99476,1.37784
450,1,0,1e+08,23241218019188,23241218931915,23241224994415,23241230507737,23241230533477,23241231487508,23241231723416,23241231723480,16,137.043,9.12727,60.625,55.1332,0.2574,9.54031,2.35908
451,1,0,1e+08,23241233772393,23241234144456,23241234729149,23241234844381,23241234869549,23241235113525,23241235255677,23241235255713,16,14.8332,3.72063,5.84693,1.15232,0.25168,2.43976,1.42152
452,1,0,1e+08,23241236111151,23241236777025,23241237719599,23241237830071,23241237851471,23241238122855,23241238326223,23241238326335,16,22.1518,6.65874,9.42574,1.10472,0.214,2.71384,2.03368
453,1,0,1e+08,23241239459412,23241240422810,23241241046438,23241241155022,23241241179134,23241241446842,23241241630190,23241241630218,16,21.7081,9.63398,6.23628,1.08584,0.24112,2.67708,1.83348
454,1,0,1e+08,23241242897074,23241243187630,23241244417437,23241244510878,23241244548506,23241244901494,23241245049026,23241245049062,16,21.5199,2.90556,12.2981,0.93441,0.37628,3.52988,1.47532
455,1,0,1e+08,23241246333768,23241247234805,23241247988525,23241248114961,23241248133477,23241248392425,23241248539909,23241248540017,16,22.0625,9.01037,7.5372,1.26436,0.18516,2.58948,1.47484
456,1,0,1e+08,23241249608974,23241249902426,23241251104742,23241251224518,23241251243482,23241251534598,23241251676886,23241251676922,16,20.6795,2.93452,12.0232,1.19776,0.18964,2.91116,1.42288
457,1,0,1e+08,23241253009495,23241253553406,23241254573125,23241254669497,23241254686213,23241254967045,23241255112129,23241255112165,16,21.0267,5.43911,10.1972,0.96372,0.16716,2.80832,1.45084
458,1,0,1e+08,23241256426637,23241256956645,23241258038545,23241258184989,23241258204829,23241258482425,23241258618677,23241258618709,16,21.9207,5.30008,10.819,1.46444,0.1984,2.77596,1.36252
459,1,0,1e+08,23241260838865,23241261783402,23241262430839,23241262551891,23241262574591,23241262816851,23241262982947,23241262983095,16,21.4423,9.44537,6.47437,1.21052,0.227,2.4226,1.66096
460,1,0,1e+08,23241264562962,23241265448164,23241266148102,23241266278838,23241266306206,23241266551162,23241266694382,23241266694418,16,21.3146,8.85202,6.99938,1.30736,0.27368,2.44956,1.4322
461,1,0,1e+08,23241268256457,23241268864169,23241269866237,23241270017637,23241270043289,23241270320765,23241270469245,23241270469281,16,22.1282,6.07712,10.0207,1.514,0.25652,2.77476,1.4848
462,1,0,1e+08,23241271865683,23241272129583,23241272560935,23241272636543,23241272659347,23241272895699,23241273119267,23241273119407,16,12.5372,2.639,4.31352,0.75608,0.22804,2.36352,2.23568
463,1,0,1e+08,23241274057194,23241274926035,23241275678517,23241275818929,23241275842497,23241276102689,23241276245365,23241276245469,16,21.8827,8.68841,7.52482,1.40412,0.23568,2.60192,1.42676
464,1,0,1e+08,23241277310227,23241278066910,23241278913806,23241279022566,23241279042026,23241279320962,23241279450518,23241279450550,16,21.4032,7.56683,8.46896,1.0876,0.1946,2.78936,1.29556
465,1,0,1e+08,23241280733203,23241281698318,23241282322622,23241282435998,23241282458394,23241282696746,23241282828690,23241282828718,16,20.9551,9.65115,6.24304,1.13376,0.22396,2.38352,1.31944
466,1,0,1e+08,23241284073656,23241284922638,23241285685642,23241285798742,23241285814318,23241286074154,23241286224166,23241286224198,16,21.5054,8.48982,7.63004,1.131,0.15576,2.59836,1.50012
467,1,0,1e+08,23241287319913,23241287585301,23241287969897,23241288044153,23241288106817,23241288384941,23241288589477,23241288589501,16,12.6959,2.65388,3.84596,0.74256,0.62664,2.78124,2.04536
468,1,0,1e+08,23241289614994,23241290416293,23241291182237,23241291265145,23241291312449,23241291581005,23241291713245,23241291713277,16,20.9828,8.01299,7.65944,0.82908,0.47304,2.68556,1.3224
469,1,0,1e+08,23241292801244,23241293020218,23241294162641,23241294286241,23241294310981,23241294627033,23241294783965,23241294784097,16,19.8285,2.18974,11.4242,1.236,0.2474,3.16052,1.56932
470,1,0,1e+08,23241296068628,23241296958970,23241297748584,23241298109552,23241298133414,23241298447026,23241298567694,23241298567722,16,24.9909,8.90342,7.89614,3.60968,0.23862,3.13612,1.20668
471,1,0,1e+08,23241299290280,23241300216364,23241300922323,23241301057143,23241301085395,23241301351679,23241301483891,23241301483927,16,21.9365,9.26084,7.05959,1.3482,0.28252,2.66284,1.32212
472,1,0,1e+08,23241302623316,23241303511441,23241304318501,23241304404557,23241304421081,23241304703961,23241304833505,23241304833541,16,22.1023,8.88125,8.0706,0.86056,0.16524,2.8288,1.29544
473,1,0,1e+08,23241305952455,23241306379000,23241307572324,23241307691192,23241307708252,23241308074072,23241308220592,23241308220628,16,22.6817,4.26545,11.9332,1.18868,0.1706,3.6582,1.4652
474,1,0,1e+08,23241309368747,23241310001584,23241310926745,23241311006049,23241311049645,23241311359613,23241311498249,23241311498281,16,21.2953,6.32837,9.25161,0.79304,0.43596,3.09968,1.38636
475,1,0,1e+08,23241312586998,23241312967369,23241314116466,23241314234638,23241314252414,23241314532890,23241314685326,23241314685478,16,20.9848,3.80371,11.491,1.18172,0.17776,2.80476,1.52436
476,1,0,1e+08,23241317219403,23241317504107,23241317858623,23241317935939,23241317974767,23241318802771,23241319069060,23241319069128,16,18.4973,2.84704,3.54516,0.77316,0.38828,8.28004,2.66289
477,1,0,1e+08,23241320604988,23241320876003,23241322110906,23241322263494,23241322280586,23241322574110,23241322714278,23241322714310,16,21.0932,2.71015,12.349,1.52588,0.17092,2.93524,1.40168
478,1,0,1e+08,23241323876592,23241324141226,23241324712118,23241324780634,23241324906474,23241325174462,23241325346578,23241325346606,16,14.7001,2.64634,5.70892,0.68516,1.2584,2.67988,1.72116
479,1,0,1e+08,23241326009326,23241326795719,23241327619689,23241327771565,23241327795917,23241328078149,23241328230189,23241328230221,16,22.209,7.86393,8.2397,1.51876,0.24352,2.82232,1.5204
480,1,0,1e+08,23241329508921,23241330359642,23241331036441,23241331152033,23241331175769,23241331444053,23241331572657,23241331572685,16,20.6376,8.50721,6.76799,1.15592,0.23736,2.68284,1.28604
481,1,0,1e+08,23241332872981,23241333538361,23241334423854,23241334567746,23241334590922,23241334866362,23241335005038,23241335005074,16,21.3209,6.6538,8.85493,1.43892,0.23176,2.7544,1.38676
482,1,0,1e+08,23241336173957,23241336701232,23241337701612,23241337767348,23241337812396,23241338103112,23241338251136,23241338251176,16,20.7722,5.27275,10.0038,0.65736,0.45048,2.90716,1.48024
483,1,0,1e+08,23241339414988,23241340284520,23241341125961,23241341186457,23241341269257,23241341556169,23241341697361,23241341697401,16,22.8241,8.69532,8.41441,0.60496,0.828,2.86912,1.41192
484,1,0,1e+08,23241342866436,23241343566134,23241344443872,23241344578220,23241344606964,23241344857176,23241345009548,23241345009656,16,21.4322,6.99698,8.77738,1.34348,0.28744,2.50212,1.52372
485,1,0,1e+08,23241346613367,23241347725274,23241348359578,23241348431330,23241348464122,23241348703782,23241348838478,23241348838510,16,22.2514,11.1191,6.34304,0.71752,0.32792,2.3966,1.34696
486,1,0,1e+08,23241351535679,23241352481082,23241353122406,23241353237538,23241353263342,23241353491386,23241353625254,23241353625286,16,20.8961,9.45403,6.41324,1.15132,0.25804,2.28044,1.33868
487,1,0,1e+08,23241356232388,23241356519296,23241357367499,23241357494127,23241357515304,23241358328297,23241358590601,23241358590665,16,23.5828,2.86908,8.48203,1.26628,0.21177,8.12993,2.62304
488,1,0,1e+08,23241359890039,23241360591070,23241361516974,23241361653098,23241361681694,23241361953602,23241362100586,23241362100622,16,22.1058,7.01031,9.25904,1.36124,0.28596,2.71908,1.46984
489,1,0,1e+08,23241365888793,23241366332158,23241366872218,23241366955314,23241366987374,23241367233118,23241367403550,23241367403586,16,15.1479,4.43365,5.4006,0.83096,0.3206,2.45744,1.70432
490,1,0,1e+08,23241368955883,23241370121546,23241370949978,23241371023610,23241371051886,23241371320166,23241371466306,23241371466342,16,25.1046,11.6566,8.28432,0.73632,0.28276,2.6828,1.4614
491,1,0,1e+08,23241372647760,23241372950837,23241373477917,23241373538609,23241373559825,23241373752921,23241373889813,23241373889845,16,12.4209,3.03077,5.2708,0.60692,0.21216,1.93096,1.36892
492,1,0,1e+08,23241374927665,23241375822274,23241376534062,23241376602914,23241376649198,23241376899222,23241377037322,23241377037354,16,21.0969,8.94609,7.11788,0.68852,0.46284,2.50024,1.381
493,1,0,1e+08,23241378358654,23241379057031,23241380006970,23241380074818,23241380094118,23241380418074,23241380570414,23241380570450,16,22.118,6.98377,9.49939,0.67848,0.193,3.23956,1.5234
494,1,0,1e+08,23241381990614,23241383055014,23241383705386,23241383808526,23241383833362,23241384085714,23241384270338,23241384270366,16,22.7975,10.644,6.50372,1.0314,0.24836,2.52352,1.84624
495,1,0,1e+08,23241385621557,23241386420638,23241387177079,23241387242851,23241387280531,23241387542091,23241387707067,23241387707099,16,20.8554,7.99081,7.56441,0.65772,0.3768,2.6156,1.64976
496,1,0,1e+08,23241388912704,23241389592014,23241390435782,23241390552526,23241390576814,23241390841998,23241391038562,23241391038646,16,21.2594,6.7931,8.43768,1.16744,0.24288,2.65184,1.96564
497,1,0,1e+08,23241392227017,23241392913160,23241393747918,23241393864882,23241393882962,23241394158686,23241394288814,23241394288850,16,20.6183,6.86143,8.34758,1.16964,0.1808,2.75724,1.30128
498,1,0,1e+08,23241395437862,23241395992831,23241397002308,23241397071560,23241397089088,23241397386540,23241397532660,23241397532752,16,20.9489,5.54969,10.0948,0.69252,0.17528,2.97452,1.4612
499,1,0,1e+08,23241398679894,23241399099625,23241400222770,23241400360322,23241400383194,23241400672154,23241400812494,23241400812526,16,21.3263,4.19731,11.2315,1.37552,0.22872,2.8896,1.4034
500,1,0,1e+08,23241402062732,23241402665624,23241403621400,23241403681664,23241403734576,23241404064168,23241404215444,23241404215480,16,21.5275,6.02892,9.55776,0.60264,0.52912,3.29592,1.51276
501,1,0,1e+08,23241405369542,23241405603642,23241405904030,23241405982706,23241406013654,23241406909358,23241407149799,23241407149967,16,17.8042,2.341,3.00388,0.78676,0.30948,8.95704,2.40441
502,1,0,1e+08,23241409050508,23241410010590,23241410675674,23241411038154,23241411074362,23241411295286,23241411435846,23241411435874,16,23.8537,9.60082,6.65084,3.6248,0.36208,2.20924,1.4056
503,1,0,1e+08,23241412468762,23241412755920,23241413932176,23241414015064,23241414068428,23241414385624,23241414527364,23241414527400,16,20.5864,2.87158,11.7626,0.82888,0.53364,3.17196,1.4174
504,1,0,1e+08,23241415794849,23241416403452,23241417320689,23241417472025,23241417497145,23241417769773,23241417895877,23241417895913,16,21.0106,6.08603,9.17237,1.51336,0.2512,2.72628,1.26104
505,1,0,1e+08,23241419093368,23241419828371,23241420630090,23241420775630,23241420792118,23241421084942,23241421217786,23241421217822,16,21.2445,7.35003,8.01719,1.4554,0.16488,2.92824,1.32844
506,1,0,1e+08,23241422381655,23241422704604,23241423129912,23241423209320,23241423251384,23241423518088,23241423709616,23241423709648,16,13.2799,3.22949,4.25308,0.79408,0.42064,2.66704,1.91528
507,1,0,1e+08,23241424706721,23241425499454,23241426223784,23241426382976,23241426403328,23241426664344,23241426798156,23241426798188,16,20.9147,7.92733,7.2433,1.59192,0.20352,2.61016,1.33812
508,1,0,1e+08,23241427813519,23241428564619,23241429366878,23241429473034,23241429496310,23241429766762,23241429946602,23241429946630,16,21.3311,7.511,8.02259,1.06156,0.23276,2.70452,1.7984
509,1,0,1e+08,23241431596607,23241432437721,23241433193158,23241433279482,23241433295418,23241433574890,23241433716406,23241433716434,16,21.1983,8.41114,7.55437,0.86324,0.15936,2.79472,1.41516
510,1,0,1e+08,23241434889973,23241435210847,23241436473039,23241436580247,23241436600015,23241436889299,23241437036187,23241437036223,16,21.4625,3.20874,12.6219,1.07208,0.19768,2.89284,1.46888
511,1,0,1e+08,23241438317457,23241438837189,23241439889356,23241439983068,23241440001560,23241440290156,23241440445700,23241440445736,16,21.2828,5.19732,10.5217,0.93712,0.18492,2.88596,1.55544
512,1,0,1e+08,23241441673132,23241442294987,23241443217060,23241443301416,23241443341600,23241443618108,23241443756676,23241443756712,16,20.8358,6.21855,9.22073,0.84356,0.40184,2.76508,1.38568
513,1,0,1e+08,23241445005752,23241446001408,23241446637229,23241446763629,23241446789449,23241447021793,23241447179853,23241447179885,16,21.7413,9.95656,6.35821,1.264,0.2582,2.32344,1.5806
514,1,0,1e+08,23241448529191,23241449161418,23241450097520,23241450258708,23241450282108,23241450565756,23241450709244,23241450709280,16,21.8009,6.32227,9.36102,1.61188,0.234,2.83648,1.43488
515,1,0,1e+08,23241453190718,23241453444067,23241453795263,23241453873667,23241453901571,23241454798118,23241455026701,23241455026917,16,18.362,2.53349,3.51196,0.78404,0.27904,8.96547,2.28583
516,1,0,1e+08,23241456594914,23241456826750,23241457270086,23241457351634,23241457415466,23241457712964,23241458289323,23241458289508,16,16.9459,2.31836,4.43336,0.81548,0.63832,2.97498,5.76359
517,1,0,1e+08,23241460189784,23241460775271,23241461723820,23241461874464,23241461897416,23241462170760,23241462308216,23241462308248,16,21.1846,5.85487,9.48549,1.50644,0.22952,2.73344,1.37456
518,1,0,1e+08,23241463449205,23241463807755,23241464950602,23241465096254,23241465119402,23241465434870,23241465589662,23241465589806,16,21.406,3.5855,11.4285,1.45652,0.23148,3.15468,1.54792
519,1,0,1e+08,23241467285006,23241468304872,23241468939776,23241469081472,23241469097108,23241469352260,23241469485688,23241469485720,16,22.0071,10.1987,6.34904,1.41696,0.15636,2.55152,1.33428
520,1,0,1e+08,23241470542265,23241470820307,23241471336131,23241471417351,23241471482095,23241471915800,23241472402144,23241472402236,16,18.5997,2.78042,5.15824,0.8122,0.64744,4.33705,4.86344
521,1,0,1e+08,23241473967072,23241474186384,23241474761308,23241474864696,23241474904768,23241475180464,23241475341300,23241475341332,16,13.7426,2.19312,5.74924,1.03388,0.40072,2.75696,1.60836
522,1,0,1e+08,23241476140896,23241477040888,23241477799119,23241477926827,23241477951747,23241478202575,23241478336539,23241478336567,16,21.9567,8.99992,7.58231,1.27708,0.2492,2.50828,1.33964
523,1,0,1e+08,23241479433775,23241479827320,23241480502030,23241480590174,23241480684582,23241481493473,23241481735232,23241481735296,16,23.0152,3.93545,6.7471,0.88144,0.94408,8.08891,2.41759
524,1,0,1e+08,23241483105534,23241483486930,23241484692229,23241484785329,23241484803765,23241485108805,23241485265877,23241485266001,16,21.6047,3.81396,12.053,0.931,0.18436,3.0504,1.57072
525,1,0,1e+08,23241486578907,23241487497972,23241488283013,23241488379945,23241488396185,23241488658797,23241488831205,23241488831385,16,22.5248,9.19065,7.85041,0.96932,0.1624,2.62612,1.72408
526,1,0,1e+08,23241490014514,23241490382591,23241491545228,23241491679872,23241491703836,23241491978416,23241492115616,23241492115652,16,21.0114,3.68077,11.6264,1.34644,0.23964,2.7458,1.372
527,1,0,1e+08,23241493419886,23241494445835,23241495100588,23241495222572,23241495246604,23241495485612,23241495622088,23241495622192,16,22.0231,10.2595,6.54753,1.21984,0.24032,2.39008,1.36476
528,1,0,1e+08,23241496743894,23241497608894,23241498378026,23241498479142,23241498496174,23241498773230,23241498916914,23241498916950,16,21.7306,8.65,7.69132,1.01116,0.17032,2.77056,1.43684
529,1,0,1e+08,23241500681160,23241501722332,23241502376961,23241502474101,23241502493281,23241502780909,23241502945381,23241502945413,16,22.6425,10.4117,6.54629,0.9714,0.1918,2.87628,1.64472
530,1,0,1e+08,23241504429490,23241505196041,23241506037722,23241506129894,23241506146898,23241506413270,23241506585454,23241506585650,16,21.5616,7.66551,8.41681,0.92172,0.17004,2.66372,1.72184
531,1,0,1e+08,23241507893569,23241508916712,23241509551068,23241509671244,23241509687232,23241509917224,23241510059256,23241510059292,16,21.6572,10.2314,6.34356,1.20176,0.15988,2.29992,1.42032
532,1,0,1e+08,23241511203859,23241512082156,23241512765764,23241512869040,23241512922500,23241513160444,23241513306612,23241513306772,16,21.0291,8.78297,6.83608,1.03276,0.5346,2.37944,1.46168
533,1,0,1e+08,23241514671886,23241515350157,23241516269788,23241516387840,23241516434692,23241516738540,23241516926288,23241516926444,16,22.5456,6.78271,9.19631,1.18052,0.46852,3.03848,1.87748
534,1,0,1e+08,23241518843827,23241519269335,23241520166020,23241520258948,23241520299404,23241520601700,23241520820968,23241520821128,16,19.773,4.25508,8.96685,0.92928,0.40456,3.02296,2.19268
535,1,0,1e+08,23241522700492,23241523707264,23241524404469,23241524588585,23241524624757,23241524850657,23241525052033,23241525052165,16,23.5167,10.0677,6.97205,1.84116,0.36172,2.259,2.01376
536,1,0,1e+08,23241526468119,23241526791361,23241527748519,23241527833687,23241527877739,23241528826145,23241529040266,23241529040330,16,25.7221,3.23242,9.57158,0.85168,0.44052,9.48406,2.14121
537,1,0,1e+08,23241529890132,23241530164525,23241531240882,23241531370020,23241531391888,23241531798565,23241532005881,23241532005921,16,21.1579,2.74393,10.7636,1.29138,0.21868,4.06677,2.07316
538,1,0,1e+08,23241533617228,23241534421908,23241535345530,23241535479170,23241535506290,23241535765982,23241535955318,23241535955354,16,23.3813,8.0468,9.23622,1.3364,0.2712,2.59692,1.89336
539,1,0,1e+08,23241538281474,23241538671070,23241539324950,23241539469154,23241539558998,23241540458894,23241540689788,23241540689852,16,24.0838,3.89596,6.5388,1.44204,0.89844,8.99896,2.30894
540,1,0,1e+08,23241544780883,23241545669856,23241546457243,23241546641699,23241546674255,23241546932779,23241547107931,23241547107963,16,23.2708,8.88973,7.87387,1.84456,0.32556,2.58524,1.75152
541,1,0,1e+08,23241549788889,23241550413993,23241551279142,23241551352034,23241551400314,23241551766007,23241551943743,23241551943791,16,21.549,6.25104,8.65149,0.72892,0.4828,3.65693,1.77736
542,1,0,1e+08,23241553127939,23241553937068,23241554709928,23241554820648,23241554840868,23241555107064,23241555296976,23241555297008,16,21.6907,8.09129,7.7286,1.1072,0.2022,2.66196,1.89912
543,1,0,1e+08,23241557209222,23241557580292,23241558224037,23241558354929,23241558379901,23241559107254,23241559445858,23241559446010,16,22.3679,3.7107,6.43745,1.30892,0.24972,7.27353,3.38604
544,1,0,1e+08,23241561445736,23241561959711,23241563038580,23241563179256,23241563201824,23241564019310,23241564239992,23241564240056,16,27.9432,5.13975,10.7887,1.40676,0.22568,8.17486,2.20682
545,1,0,1e+08,23241565680746,23241566542730,23241567241412,23241567365728,23241567396140,23241567638084,23241567799268,23241567799300,16,21.1855,8.61984,6.98682,1.24316,0.30412,2.41944,1.61184
546,1,0,1e+08,23241569141760,23241570046578,23241570748825,23241570867685,23241570895077,23241571135877,23241571280105,23241571280137,16,21.3838,9.04818,7.02247,1.1886,0.27392,2.408,1.44228
547,1,0,1e+08,23241573095399,23241573826022,23241575314976,23241575448869,23241575468437,23241575795333,23241575978269,23241575978381,16,28.8298,7.30623,14.8895,1.33893,0.19568,3.26896,1.82936
548,1,0,1e+08,23241576689770,23241577609754,23241578279756,23241578382180,23241578400608,23241578659092,23241578848756,23241578848784,16,21.5901,9.19984,6.70002,1.02424,0.18428,2.58484,1.89664
549,1,0,1e+08,23241580913228,23241581575437,23241582453850,23241582575482,23241582599478,23241582868210,23241583005390,23241583005426,16,20.922,6.62209,8.78413,1.21632,0.23996,2.68732,1.3718
550,1,0,1e+08,23241584499932,23241584941396,23241585598085,23241585710849,23241585756085,23241586034065,23241586195105,23241586195141,16,16.9521,4.41464,6.56689,1.12764,0.45236,2.7798,1.6104
551,1,0,1e+08,23241587500403,23241587992897,23241588537945,23241588675933,23241588701165,23241588944229,23241589126285,23241589126321,16,16.2592,4.92494,5.45048,1.37988,0.25232,2.43064,1.82056
552,1,0,1e+08,23241590825001,23241591692073,23241592414213,23241592529157,23241592545613,23241592811413,23241592939445,23241592939477,16,21.1448,8.67072,7.2214,1.14944,0.16456,2.658,1.28032
553,1,0,1e+08,23241594682599,23241594923459,23241595521095,23241595606083,23241595639987,23241595965295,23241596115387,23241596115419,16,14.3282,2.4086,5.97636,0.84988,0.33904,3.25308,1.50092
554,1,0,1e+08,23241597442953,23241598240443,23241598998792,23241599088412,23241599136820,23241599399076,23241599534168,23241599534200,16,20.9125,7.9749,7.58349,0.8962,0.48408,2.62256,1.35092
555,1,0,1e+08,23241600737891,23241601657136,23241602365833,23241602580181,23241602619125,23241602869185,23241603022593,23241603022629,16,22.8474,9.19245,7.08697,2.14348,0.38944,2.5006,1.53408
556,1,0,1e+08,23241606656942,23241607185545,23241608045684,23241608132460,23241608148608,23241608994530,23241609203780,23241609203840,16,25.469,5.28603,8.60139,0.86776,0.16148,8.45922,2.0925
557,1,0,1e+08,23241609241081,23241609638089,23241610095225,23241610164557,23241610181661,23241610377333,23241610515853,23241610515885,16,12.748,3.97008,4.57136,0.69332,0.17104,1.95672,1.3852
558,1,0,1e+08,23241611592154,23241612376777,23241613111666,23241613212130,23241613231846,23241613500834,23241613672298,23241613672326,16,20.8017,7.84623,7.34889,1.00464,0.19716,2.68988,1.71464
559,1,0,1e+08,23241615094310,23241615397174,23241616015602,23241616105414,23241616162506,23241616417354,23241616603778,23241616603818,16,15.0951,3.02864,6.18428,0.89812,0.57092,2.54848,1.86424
560,1,0,1e+08,23241617286728,23241617557282,23241618075122,23241618145694,23241618168274,23241618487718,23241618663870,23241618663902,16,13.7717,2.70554,5.1784,0.70572,0.2258,3.19444,1.76152
561,1,0,1e+08,23241619418929,23241620230273,23241621029332,23241621124528,23241621158600,23241621512204,23241621699016,23241621699104,16,22.8017,8.11344,7.99059,0.95196,0.34072,3.53604,1.86812
562,1,0,1e+08,23241623282158,23241623556370,23241624146302,23241624239226,23241624276810,23241624549361,23241625135031,23241625135123,16,18.5297,2.74212,5.89932,0.92924,0.37584,2.72551,5.8567
563,1,0,1e+08,23241626736782,23241627261717,23241628303849,23241628396585,23241628413925,23241628686233,23241628834213,23241628834245,16,20.9746,5.24935,10.4213,0.92736,0.1734,2.72308,1.4798
564,1,0,1e+08,23241630598986,23241631608228,23241632244144,23241632361888,23241632386092,23241632618824,23241632779096,23241632779192,16,21.8021,10.0924,6.35916,1.17744,0.24204,2.32732,1.60272
565,1,0,1e+08,23241634344723,23241635134225,23241635946638,23241636008790,23241636061310,23241636335766,23241636476966,23241636477002,16,21.3228,7.89502,8.12413,0.62152,0.5252,2.74456,1.412
566,1,0,1e+08,23241637670839,23241638209676,23241639212357,23241639306633,23241639324549,23241639619345,23241639767221,23241639767257,16,20.9642,5.38837,10.0268,0.94276,0.17916,2.94796,1.47876
567,1,0,1e+08,23241640921712,23241641732866,23241642498229,23241642589309,23241642605621,23241642861593,23241643004517,23241643004553,16,20.8284,8.11154,7.65363,0.9108,0.16312,2.55972,1.42924
568,1,0,1e+08,23241644573095,23241645114966,23241646097965,23241646205265,23241646224449,23241646500269,23241646654789,23241646654821,16,20.8173,5.41871,9.82999,1.073,0.19184,2.7582,1.5452
569,1,0,1e+08,23241647970644,23241648736154,23241649491562,23241649615830,23241649638942,23241649893754,23241650019106,23241650019138,16,20.4849,7.6551,7.55408,1.24268,0.23112,2.54812,1.25352
570,1,0,1e+08,23241651653194,23241651962878,23241652479390,23241652568338,23241652604082,23241652924950,23241653091706,23241653091750,16,14.3856,3.09684,5.16512,0.88948,0.35744,3.20868,1.66756
571,1,0,1e+08,23241654380119,23241654645743,23241655215023,23241655313495,23241655358279,23241655605059,23241655765855,23241655765887,16,13.8577,2.65624,5.6928,0.98472,0.44784,2.4678,1.60796
572,1,0,1e+08,23241656606933,23241657088896,23241658106309,23241658202177,23241658241849,23241658555241,23241658705473,23241658705561,16,20.9863,4.81963,10.1741,0.95868,0.39672,3.13392,1.50232
573,1,0,1e+08,23241660001495,23241660256203,23241660716003,23241660796851,23241660892455,23241661124963,23241661264527,23241661264559,16,12.6306,2.54708,4.598,0.80848,0.95604,2.32508,1.39564
574,1,0,1e+08,23241662401666,23241663301447,23241664080026,23241664172082,23241664189254,23241664454162,23241664588122,23241664588154,16,21.8649,8.99781,7.78579,0.92056,0.17172,2.64908,1.3396
575,1,0,1e+08,23241665702913,23241665962485,23241666423537,23241666504685,23241666601853,23241666908205,23241667073909,23241667073949,16,13.7104,2.59572,4.61052,0.81148,0.97168,3.06352,1.65704
576,1,0,1e+08,23241667887262,23241668736184,23241669488553,23241669640893,23241669665033,23241669966557,23241670100997,23241670101029,16,22.1377,8.48922,7.52369,1.5234,0.2414,3.01524,1.3444
577,1,0,1e+08,23241671272279,23241671836000,23241672809082,23241672935366,23241672960614,23241673224910,23241673350998,23241673351030,16,20.7875,5.63721,9.73082,1.26284,0.25248,2.64296,1.26088
578,1,0,1e+08,23241674726405,23241675727581,23241676359961,23241676446309,23241676482097,23241676712441,23241676872809,23241676872937,16,21.4653,10.0118,6.3238,0.86348,0.35788,2.30344,1.60368
579,1,0,1e+08,23241678469351,23241679474238,23241680123994,23241680246358,23241680272962,23241680515222,23241680648798,23241680648834,16,21.7948,10.0489,6.49756,1.22364,0.26604,2.4226,1.33576
580,1,0,1e+08,23241682384660,23241683178079,23241683919945,23241684008201,23241684064817,23241684311409,23241684466369,23241684466401,16,20.8174,7.93419,7.41866,0.88256,0.56616,2.46592,1.5496
581,1,0,1e+08,23241685732514,23241686560187,23241687310449,23241687491069,23241687515133,23241687761093,23241687915477,23241687915625,16,21.8311,8.27673,7.50262,1.8062,0.24064,2.4596,1.54384
582,1,0,1e+08,23241689091576,23241689544250,23241690763286,23241690875974,23241690899110,23241691206746,23241691352438,23241691352474,16,22.609,4.52674,12.1904,1.12688,0.23136,3.07636,1.45692
583,1,0,1e+08,23241692846997,23241693403990,23241694408522,23241694584734,23241694603766,23241694904510,23241695042430,23241695042466,16,21.9547,5.56993,10.0453,1.76212,0.19032,3.00744,1.3792
584,1,0,1e+08,23241696341616,23241697151367,23241697948298,23241698083482,23241698104294,23241698406102,23241698544910,23241698544946,16,22.0333,8.09751,7.96931,1.35184,0.20812,3.01808,1.38808
585,1,0,1e+08,23241699652398,23241700495299,23241701278230,23241701393946,23241701410518,23241701665906,23241701818134,23241701818170,16,21.6577,8.42901,7.82931,1.15716,0.16572,2.55388,1.52228
586,1,0,1e+08,23241703610735,23241703890243,23241704494419,23241704584939,23241704632435,23241705477380,23241705691426,23241705691490,16,20.8076,2.79508,6.04176,0.9052,0.47496,8.44945,2.14046
587,1,0,1e+08,23241707136332,23241707584292,23241708753198,23241708887382,23241708908662,23241709228446,23241709375218,23241709375258,16,22.3893,4.4796,11.6891,1.34184,0.2128,3.19784,1.46772
588,1,0,1e+08,23241710702929,23241711035409,23241711730426,23241711830958,23241711894270,23241712152722,23241712298802,23241712298834,16,15.959,3.3248,6.95017,1.00532,0.63312,2.58452,1.4608
589,1,0,1e+08,23241713001933,23241713317701,23241713933157,23241713995409,23241714031881,23241714329805,23241714502613,23241714502645,16,15.0071,3.15768,6.15456,0.62252,0.36472,2.97924,1.72808
590,1,0,1e+08,23241715364486,23241715636598,23241716321971,23241716395127,23241716427559,23241716701211,23241716923719,23241716923755,16,15.5927,2.72112,6.85373,0.73156,0.32432,2.73652,2.22508
591,1,0,1e+08,23241717603793,23241717892121,23241718480053,23241718549921,23241718582617,23241719391392,23241719680626,23241719680786,16,20.7699,2.88328,5.87932,0.69868,0.32696,8.08775,2.89234
592,1,0,1e+08,23241720952076,23241721237919,23241721965587,23241722052803,23241722110643,23241722593656,23241723064959,23241723065235,16,21.1316,2.85843,7.27668,0.87216,0.5784,4.83013,4.71303
593,1,0,1e+08,23241725606698,23241726011770,23241726524050,23241726617690,23241726671374,23241726886262,23241727077034,23241727077062,16,14.7036,4.05072,5.1228,0.9364,0.53684,2.14888,1.90772
594,1,0,1e+08,23241728304921,23241728601129,23241729518795,23241729663617,23241729690241,23241730076245,23241730246325,23241730246365,16,19.4144,2.96208,9.17666,1.44822,0.26624,3.86004,1.7008
595,1,0,1e+08,23241730952636,23241731756111,23241732556953,23241732674945,23241732699433,23241732966117,23241733152705,23241733152741,16,22.0011,8.03475,8.00842,1.17992,0.24488,2.66684,1.86588
596,1,0,1e+08,23241734384200,23241734812003,23241735888458,23241735950110,23241735998474,23241736282430,23241736416370,23241736416402,16,20.322,4.27803,10.7645,0.61652,0.48364,2.83956,1.3394
597,1,0,1e+08,23241737719712,23241738515263,23241739291217,23241739419657,23241739443245,23241739690589,23241739829813,23241739829845,16,21.1013,7.95551,7.75954,1.2844,0.23588,2.47344,1.39224
598,1,0,1e+08,23241741127938,23241741969095,23241742708713,23241742805129,23241742823177,23241743077501,23241743243801,23241743243829,16,21.1589,8.41157,7.39618,0.96416,0.18048,2.54324,1.663
599,1,0,1e+08,23241744484184,23241745108167,23241746039494,23241746171778,23241746196878,23241746455174,23241746600622,23241746600658,16,21.1647,6.23983,9.31327,1.32284,0.251,2.58296,1.45448
600,1,0,1e+08,23241748000690,23241748255916,23241749453504,23241749544180,23241749577620,23241749896232,23241750032340,23241750032376,16,20.3169,2.55226,11.9759,0.90676,0.3344,3.18612,1.36108
601,1,0,1e+08,23241751662719,23241752407172,23241753265586,23241753368546,23241753386030,23241753658982,23241753786618,23241753786654,16,21.2394,7.44453,8.58414,1.0296,0.17484,2.72952,1.27636
602,1,0,1e+08,23241755395512,23241755951534,23241756923861,23241757047005,23241757070529,23241757340053,23241757498897,23241757498933,16,21.0342,5.56022,9.72327,1.23144,0.23524,2.69524,1.58844
603,1,0,1e+08,23241758834425,23241759630353,23241760399505,23241760484865,23241760501145,23241760766981,23241760917921,23241760917957,16,20.8353,7.95928,7.69152,0.8536,0.1628,2.65836,1.5094
604,1,0,1e+08,23241762058691,23241762873309,23241763622525,23241763779841,23241763804413,23241764065709,23241764213397,23241764213429,16,21.5474,8.14618,7.49216,1.57316,0.24572,2.61296,1.47688
605,1,0,1e+08,23241765518991,23241765900896,23241767063300,23241767188676,23241767210152,23241767498232,23241767635176,23241767635212,16,21.1622,3.81905,11.624,1.25376,0.21476,2.8808,1.36944
606,1,0,1e+08,23241769280765,23241770142535,23241770907161,23241771001037,23241771017913,23241771270217,23241771423001,23241771423129,16,21.4236,8.6177,7.64626,0.93876,0.16876,2.52304,1.52784
607,1,0,1e+08,23241772734091,23241773540861,23241774351516,23241774475476,23241774492920,23241774774428,23241774908784,23241774908820,16,21.7473,8.0677,8.10655,1.2396,0.17444,2.81508,1.34356
608,1,0,1e+08,23241776614886,23241777618198,23241778242902,23241778379178,23241778404270,23241778634990,23241778765194,23241778765226,16,21.5034,10.0331,6.24704,1.36276,0.25092,2.3072,1.30204
609,1,0,1e+08,23241780859922,23241781616556,23241782435314,23241782561746,23241782578058,23241782862770,23241783010490,23241783010530,16,21.5061,7.56634,8.18758,1.26432,0.16312,2.84712,1.4772
610,1,0,1e+08,23241784678914,23241785502741,23241786345792,23241786434872,23241786451600,23241786742760,23241786882972,23241786883012,16,22.041,8.23827,8.43051,0.8908,0.16728,2.9116,1.40212
611,1,0,1e+08,23241788085135,23241788934507,23241789704702,23241789796150,23241789814186,23241790098906,23241790244926,23241790244962,16,21.5983,8.49372,7.70195,0.91448,0.18036,2.8472,1.4602
612,1,0,1e+08,23241792331865,23241792671541,23241793080409,23241793160897,23241793192145,23241793496141,23241793689609,23241793689657,16,13.5779,3.39676,4.08868,0.80488,0.31248,3.03996,1.93468
613,1,0,1e+08,23241794858885,23241795668959,23241796419870,23241796517466,23241796576758,23241796835590,23241796982638,23241796982674,16,21.2379,8.10074,7.50911,0.97596,0.59292,2.58832,1.47048
614,1,0,1e+08,23241800024442,23241800924828,23241801645302,23241801776726,23241801805598,23241802047882,23241802195230,23241802195262,16,21.7082,9.00386,7.20474,1.31424,0.28872,2.42284,1.47348
615,1,0,1e+08,23241804738848,23241805044088,23241806461854,23241806582114,23241806605318,23241806957470,23241807114974,23241807115014,16,23.7617,3.0524,14.1777,1.2026,0.23204,3.52152,1.57504
616,1,0,1e+08,23241808670120,23241809471615,23241810326362,23241810469042,23241810497366,23241810758486,23241810908702,23241810908734,16,22.3861,8.01495,8.54747,1.4268,0.28324,2.6112,1.50216
617,1,0,1e+08,23241813212644,23241814177812,23241814856381,23241815043817,23241815082413,23241815342137,23241815591384,23241815591444,16,23.788,9.65168,6.78569,1.87436,0.38596,2.59724,2.49247
618,1,0,1e+08,23241819426694,23241819754526,23241820254046,23241820375486,23241820423002,23241821374086,23241821608637,23241821608805,16,21.8211,3.27832,4.9952,1.2144,0.47516,9.51084,2.34551
619,1,0,1e+08,23241824091601,23241824513806,23241825035082,23241825183242,23241825214330,23241825684610,23241826266288,23241826266473,16,21.7487,4.22205,5.21276,1.4816,0.31088,4.7028,5.81678
620,1,0,1e+08,23241828516943,23241829363033,23241830118054,23241830234906,23241830258322,23241830506694,23241830649530,23241830649566,16,21.3262,8.4609,7.55021,1.16852,0.23416,2.48372,1.42836
621,1,0,1e+08,23241832090034,23241832386132,23241832899540,23241832979160,23241833018220,23241833266060,23241833403940,23241833403968,16,13.1393,2.96098,5.13408,0.7962,0.3906,2.4784,1.3788
622,1,0,1e+08,23241834346713,23241835144719,23241835902192,23241835997400,23241836015028,23241836271524,23241836422240,23241836422272,16,20.7556,7.98006,7.57473,0.95208,0.17628,2.56496,1.50716
623,1,0,1e+08,23241837513570,23241837786998,23241838242714,23241838316518,23241838351726,23241838624662,23241838782406,23241838782442,16,12.6887,2.73428,4.55716,0.73804,0.35208,2.72936,1.57744
624,1,0,1e+08,23241839762275,23241840501368,23241841327381,23241841421549,23241841438965,23241841721089,23241841853253,23241841853285,16,20.9101,7.39093,8.26013,0.94168,0.17416,2.82124,1.32164
625,1,0,1e+08,23241843120108,23241843482812,23241843948764,23241844037676,23241844055172,23241844294012,23241844435856,23241844435884,16,13.1578,3.62704,4.65952,0.88912,0.17496,2.3884,1.41844
626,1,0,1e+08,23241845266382,23241846078887,23241846822037,23241846893189,23241846929085,23241847203829,23241847358777,23241847358805,16,20.9242,8.12505,7.4315,0.71152,0.35896,2.74744,1.54948
627,1,0,1e+08,23241848771283,23241849308207,23241850316655,23241850415315,23241850433103,23241850716475,23241850885703,23241850885735,16,21.1445,5.36924,10.0845,0.9866,0.17788,2.83372,1.69228
628,1,0,1e+08,23241852090943,23241852673109,23241853555889,23241853648461,23241853666449,23241853976341,23241854139625,23241854139657,16,20.4871,5.82166,8.8278,0.92572,0.17988,3.09892,1.63284
629,1,0,1e+08,23241855401150,23241855864627,23241856904000,23241857036160,23241857055924,23241857340452,23241857601420,23241857601532,16,22.0038,4.63477,10.3937,1.3216,0.19764,2.84528,2.60968
630,1,0,1e+08,23241859776761,23241860248149,23241860790117,23241860896641,23241860951093,23241861165861,23241861331773,23241861331873,16,15.5511,4.71388,5.41968,1.06524,0.54452,2.14768,1.65912
631,1,0,1e+08,23241862509952,23241862753582,23241863989929,23241864108913,23241864125437,23241864412805,23241864563841,23241864563941,16,20.5399,2.4363,12.3635,1.18984,0.16524,2.87368,1.51036
632,1,0,1e+08,23241865813224,23241866022992,23241866319272,23241866393472,23241866421792,23241866598252,23241866768612,23241866768636,16,9.55412,2.09768,2.9628,0.742,0.2832,1.7646,1.7036
633,1,0,1e+08,23241868051183,23241868902481,23241869682747,23241869776635,23241869792451,23241870069971,23241870199491,23241870199523,16,21.4834,8.51298,7.80266,0.93888,0.15816,2.7752,1.2952
634,1,0,1e+08,23241871257019,23241872184369,23241872929157,23241873023453,23241873045565,23241873308041,23241873443197,23241873443225,16,21.8621,9.2735,7.44788,0.94296,0.22112,2.62476,1.35156
635,1,0,1e+08,23241874812155,23241875666791,23241876371485,23241876464065,23241876479801,23241876775557,23241876910745,23241876910777,16,20.9862,8.54636,7.04694,0.9258,0.15736,2.95756,1.35188
636,1,0,1e+08,23241878058868,23241878661206,23241879630358,23241879750798,23241879773994,23241880042918,23241880193406,23241880193506,16,21.3464,6.02338,9.69152,1.2044,0.23196,2.68924,1.50488
637,1,0,1e+08,23241881787976,23241882445832,23241883352021,23241883495445,23241883519249,23241883792305,23241883942989,23241883943025,16,21.5505,6.57856,9.06189,1.43424,0.23804,2.73056,1.50684
638,1,0,1e+08,23241885057143,23241885870606,23241886668761,23241886753849,23241886827701,23241887109137,23241887246981,23241887247017,16,21.8987,8.13463,7.98155,0.85088,0.73852,2.81436,1.37844
639,1,0,1e+08,23241888674167,23241889207111,23241890262570,23241890390346,23241890414550,23241890701006,23241890834790,23241890834826,16,21.6066,5.32944,10.5546,1.27776,0.24204,2.86456,1.33784
640,1,0,1e+08,23241892153497,23241892452787,23241893638181,23241893725825,23241893744625,23241894077561,23241894216713,23241894216757,16,20.6326,2.9929,11.8539,0.87644,0.188,3.32936,1.39152
641,1,0,1e+08,23241895453817,23241895783306,23241896151686,23241896229250,23241896312030,23241896540210,23241896779282,23241896779402,16,13.2558,3.29489,3.6838,0.77564,0.8278,2.2818,2.39072
642,1,0,1e+08,23241897565552,23241898450825,23241899258925,23241899386749,23241899410705,23241899686269,23241899819221,23241899819257,16,22.5371,8.85273,8.081,1.27824,0.23956,2.75564,1.32952
643,1,0,1e+08,23241900911480,23241901520213,23241902446637,23241902587769,23241902611725,23241902878025,23241903029801,23241903029929,16,21.1845,6.08733,9.26424,1.41132,0.23956,2.663,1.51776
644,1,0,1e+08,23241904583600,23241905420479,23241906253658,23241906386426,23241906407498,23241906697578,23241906839738,23241906839770,16,22.5617,8.36879,8.33179,1.32768,0.21072,2.9008,1.4216
645,1,0,1e+08,23241908028374,23241908490956,23241909518732,23241909689272,23241909711992,23241909967700,23241910107860,23241910107896,16,20.7952,4.62582,10.2778,1.7054,0.2272,2.55708,1.4016
646,1,0,1e+08,23241911304260,23241911919697,23241912903480,23241913021760,23241913045404,23241913319036,23241913455836,23241913455872,16,21.5161,6.15437,9.83783,1.1828,0.23644,2.73632,1.368
647,1,0,1e+08,23241915143852,23241915444018,23241915957558,23241916046030,23241916099946,23241916739818,23241917074405,23241917074613,16,19.3076,3.00166,5.1354,0.88472,0.53916,6.39872,3.34587
648,1,0,1e+08,23241918736589,23241919014674,23241919495762,23241919581450,23241919638450,23241919882026,23241920017114,23241920017150,16,12.8056,2.78085,4.81088,0.85688,0.57,2.43576,1.35088
649,1,0,1e+08,23241920824755,23241921563099,23241922352044,23241922475972,23241922499576,23241922773776,23241922930468,23241922930504,16,21.0575,7.38344,7.88945,1.23928,0.23604,2.742,1.56692
650,1,0,1e+08,23241924068669,23241924426099,23241925088316,23241925188556,23241925237288,23241925531024,23241925676628,23241925676660,16,16.0799,3.5743,6.62217,1.0024,0.48732,2.93736,1.45604
651,1,0,1e+08,23241926195490,23241926444227,23241926872295,23241926944867,23241927024843,23241927291107,23241927469535,23241927469563,16,12.7407,2.48737,4.28068,0.72572,0.79976,2.66264,1.78428
652,1,0,1e+08,23241928584725,23241929436158,23241930256480,23241930391832,23241930418352,23241930694428,23241930863040,23241930863072,16,22.7835,8.51433,8.20322,1.35352,0.2652,2.76076,1.68612
653,1,0,1e+08,23241932075950,23241932384774,23241932902494,23241933056838,23241933085298,23241933269726,23241933407470,23241933407498,16,13.3155,3.08824,5.1772,1.54344,0.2846,1.84428,1.37744
654,1,0,1e+08,23241934178417,23241934410493,23241934829433,23241934894717,23241934962021,23241935164721,23241935364621,23241935364761,16,11.8634,2.32076,4.1894,0.65284,0.67304,2.027,1.999
655,1,0,1e+08,23241936440448,23241936731770,23241937861352,23241937981568,23241938004148,23241938355700,23241938540208,23241938540308,16,20.9986,2.91322,11.2958,1.20216,0.2258,3.51552,1.84508
656,1,0,1e+08,23241939796180,23241940252561,23241941295297,23241941381165,23241941398053,23241941673213,23241941814821,23241941814961,16,20.1878,4.56381,10.4274,0.85868,0.16888,2.7516,1.41608
657,1,0,1e+08,23241942992555,23241943527191,23241944445733,23241944546909,23241944589189,23241944878953,23241945015689,23241945015805,16,20.2325,5.34636,9.18542,1.01176,0.4228,2.89764,1.36736
658,1,0,1e+08,23241946237326,23241947017118,23241947923738,23241948020514,23241948051930,23241948364614,23241948513018,23241948513054,16,22.7573,7.79792,9.0662,0.96776,0.31416,3.12684,1.48404
659,1,0,1e+08,23241949788753,23241950658861,23241951465628,23241951614852,23241951637588,23241951910632,23241952056868,23241952056900,16,22.6815,8.70108,8.06767,1.49224,0.22736,2.73044,1.46236
660,1,0,1e+08,23241953209820,23241954242908,23241954872862,23241954962978,23241954978390,23241955234138,23241955388154,23241955388186,16,21.7837,10.3309,6.29954,0.90116,0.15412,2.55748,1.54016
661,1,0,1e+08,23241956370584,23241957248118,23241958060613,23241958184653,23241958207205,23241958486509,23241958626681,23241958626713,16,22.5613,8.77534,8.12495,1.2404,0.22552,2.79304,1.40172
662,1,0,1e+08,23241959682483,23241960450621,23241961282826,23241961408318,23241961432222,23241961706854,23241961847122,23241961847158,16,21.6468,7.68138,8.32205,1.25492,0.23904,2.74632,1.40268
663,1,0,1e+08,23241962946861,23241963281850,23241963586866,23241963659254,23241963688250,23241963856158,23241964044854,23241964044970,16,10.9811,3.34989,3.05016,0.72388,0.28996,1.67908,1.88696
664,1,0,1e+08,23241965220391,23241965440279,23241966534769,23241966700425,23241966726305,23241967036605,23241967184349,23241967184477,16,19.6409,2.19888,10.9449,1.65656,0.2588,3.103,1.47744
665,1,0,1e+08,23241968654073,23241969457710,23241970326358,23241970383166,23241970441794,23241970722006,23241970851950,23241970851982,16,21.9791,8.03637,8.68648,0.56808,0.58628,2.80212,1.29944
666,1,0,1e+08,23241971998289,23241972747835,23241973512504,23241973610292,23241973626316,23241973878836,23241974016852,23241974016884,16,20.186,7.49546,7.64669,0.97788,0.16024,2.5252,1.38016
667,1,0,1e+08,23241975167651,23241975442267,23241976339578,23241976439634,23241976505230,23241976979793,23241977146693,23241977146741,16,19.7909,2.74616,8.97311,1.00056,0.65596,4.74563,1.669
668,1,0,1e+08,23241978829540,23241979845582,23241980474596,23241980609192,23241980633176,23241980857736,23241981004432,23241981004556,16,21.7502,10.1604,6.29014,1.34596,0.23984,2.2456,1.46696
669,1,0,1e+08,23241982389387,23241983141227,23241983960338,23241984077754,23241984096386,23241984383638,23241984522218,23241984522254,16,21.3287,7.5184,8.19111,1.17416,0.18632,2.87252,1.3858
670,1,0,1e+08,23241985677531,23241985913075,23241986334811,23241986404375,23241986432723,23241986653371,23241986852379,23241986852407,16,11.7488,2.35544,4.21736,0.69564,0.28348,2.20648,1.99008
671,1,0,1e+08,23241987789487,23241988571003,23241989317436,23241989435340,23241989459712,23241989716028,23241989867308,23241989867340,16,20.7785,7.81516,7.46433,1.17904,0.24372,2.56316,1.5128
672,1,0,1e+08,23241990991873,23241991383038,23241992479618,23241992591562,23241992643890,23241992920630,23241993050010,23241993050042,16,20.5817,3.91165,10.9658,1.11944,0.52328,2.7674,1.2938
673,1,0,1e+08,23241994301721,23241994566685,23241995772277,23241995924241,23241995955681,23241996295777,23241996458201,23241996458233,16,21.5651,2.64964,12.0559,1.51964,0.3144,3.40096,1.62424
674,1,0,1e+08,23241999791769,23242000330683,23242000883075,23242001031180,23242001080430,23242001912829,23242002116769,23242002116829,16,23.2506,5.38914,5.52392,1.48105,0.4925,8.32399,2.0394
675,1,0,1e+08,23242003202600,23242003437246,23242008312026,23242012812913,23242012835585,23242013408468,23242013821258,23242013821346,16,106.187,2.34646,48.7478,45.0089,0.22672,5.72883,4.1279
676,1,0,1e+08,23242015988070,23242016353846,23242016997784,23242017083296,23242017120256,23242017445360,23242017606896,23242017606928,16,16.1886,3.65776,6.43938,0.85512,0.3696,3.25104,1.61536
677,1,0,1e+08,23242018295755,23242018705716,23242019179941,23242019249793,23242019287625,23242019899317,23242020283356,23242020283448,16,19.8769,4.09961,4.74225,0.69852,0.37832,6.11692,3.84039
678,1,0,1e+08,23242021808913,23242022253574,23242023476628,23242023603157,23242023628225,23242024025038,23242024321843,23242024322033,16,25.1312,4.44661,12.2305,1.26529,0.25068,3.96813,2.96805
679,1,0,1e+08,23242024388428,23242025232589,23242025833666,23242025914874,23242025949506,23242026187310,23242026349414,23242026349442,16,19.6101,8.44161,6.01077,0.81208,0.34632,2.37804,1.62104
680,1,0,1e+08,23242027602643,23242028221024,23242029136642,23242029245538,23242029264666,23242029537310,23242029727766,23242029727798,16,21.2516,6.18381,9.15618,1.08896,0.19128,2.72644,1.90456
681,1,0,1e+08,23242031124523,23242032066120,23242032712242,23242032830070,23242032852602,23242033089838,23242033215670,23242033215702,16,20.9118,9.41597,6.46122,1.17828,0.22532,2.37236,1.25832
682,1,0,1e+08,23242034310784,23242034563148,23242035029040,23242035131072,23242035165008,23242036056750,23242036296253,23242036296413,16,19.8563,2.52364,4.65892,1.02032,0.33936,8.91742,2.39503
683,1,0,1e+08,23242037688055,23242037930669,23242038494741,23242038581401,23242038620109,23242038885785,23242039035993,23242039036025,16,13.4797,2.42614,5.64072,0.8666,0.38708,2.65676,1.50208
684,1,0,1e+08,23242039757169,23242040632080,23242041464997,23242041579265,23242041607437,23242041867789,23242042022729,23242042022829,16,22.6566,8.74911,8.32917,1.14268,0.28172,2.60352,1.5494
685,1,0,1e+08,23242043164173,23242043558111,23242044143632,23242044252220,23242044292156,23242044660674,23242045209033,23242045209257,16,20.4508,3.93938,5.85521,1.08588,0.39936,3.68518,5.48359
686,1,0,1e+08,23242046432970,23242046670366,23242047039990,23242047123374,23242047202494,23242047426026,23242047631566,23242047631598,16,11.9863,2.37396,3.69624,0.83384,0.7912,2.23532,2.0554
687,1,0,1e+08,23242048592368,23242048838500,23242049304108,23242049479939,23242049570626,23242050346596,23242050550968,23242050551100,16,19.5873,2.46132,4.65608,1.75831,0.90687,7.7597,2.04372
688,1,0,1e+08,23242052108129,23242052918029,23242053735954,23242053801682,23242053867346,23242054145522,23242054321346,23242054321458,16,22.1333,8.099,8.17925,0.65728,0.65664,2.78176,1.75824
689,1,0,1e+08,23242055748266,23242056514899,23242057291326,23242057400842,23242057418210,23242057693342,23242057826878,23242057826910,16,20.7864,7.66633,7.76427,1.09516,0.17368,2.75132,1.33536
690,1,0,1e+08,23242058964640,23242059765388,23242060644330,23242060737246,23242060755402,23242061095374,23242061248462,23242061248498,16,22.8386,8.00748,8.78942,0.92916,0.18156,3.39972,1.53088
691,1,0,1e+08,23242062314823,23242062526843,23242062927855,23242062999143,23242063066047,23242063618821,23242064034816,23242064034904,16,17.2008,2.1202,4.01012,0.71288,0.66904,5.52774,4.15995
692,1,0,1e+08,23242065574069,23242065833918,23242066443202,23242066608294,23242066633950,23242066887726,23242067040314,23242067040426,16,14.6636,2.59849,6.09284,1.65092,0.25656,2.53776,1.52588
693,1,0,1e+08,23242067746934,23242068667222,23242069472552,23242069606364,23242069629828,23242069889872,23242070043780,23242070043868,16,22.9693,9.20288,8.0533,1.33812,0.23464,2.60044,1.53908
694,1,0,1e+08,23242071086341,23242072051707,23242072682237,23242072791765,23242072841125,23242073065865,23242073194349,23242073194377,16,21.0804,9.65366,6.3053,1.09528,0.4936,2.2474,1.28484
695,1,0,1e+08,23242074259859,23242075081113,23242075829724,23242075929328,23242075945300,23242076208304,23242076339440,23242076339472,16,20.7961,8.21254,7.48611,0.99604,0.15972,2.63004,1.31136
696,1,0,1e+08,23242077476513,23242078290647,23242079024565,23242079150225,23242079174437,23242079435729,23242079559565,23242079559597,16,20.8308,8.14134,7.33918,1.2566,0.24212,2.61292,1.23836
697,1,0,1e+08,23242080885888,23242081712994,23242082490801,23242082609637,23242082626337,23242082878201,23242083026281,23242083026393,16,21.405,8.27106,7.77807,1.18836,0.167,2.51864,1.4808
698,1,0,1e+08,23242084115662,23242084543234,23242085612996,23242085734224,23242085794304,23242086074788,23242086241320,23242086241424,16,21.2576,4.27572,10.6976,1.21228,0.6008,2.80484,1.66532
699,1,0,1e+08,23242087703736,23242088257530,23242089240361,23242089329573,23242089398017,23242089669685,23242089805801,23242089805837,16,21.021,5.53794,9.82831,0.89212,0.68444,2.71668,1.36116
700,1,0,1e+08,23242090867563,23242091726519,23242092564591,23242092705195,23242092724879,23242092988383,23242093146291,23242093146419,16,22.7886,8.58956,8.38072,1.40604,0.19684,2.63504,1.57908
701,1,0,1e+08,23242094282257,23242095146177,23242095919204,23242096008060,23242096024412,23242096292500,23242096426036,23242096426076,16,21.4382,8.6392,7.73027,0.88856,0.16352,2.68088,1.33536
702,1,0,1e+08,23242097554745,23242098203477,23242099149925,23242099237529,23242099267509,23242099565165,23242099708041,23242099708077,16,21.5333,6.48732,9.46448,0.87604,0.2998,2.97656,1.42876
703,1,0,1e+08,23242101001940,23242101251774,23242101623570,23242101727718,23242101750698,23242101966938,23242102168626,23242102168654,16,11.6671,2.49834,3.71796,1.04148,0.2298,2.1624,2.01688
704,1,0,1e+08,23242103087767,23242103366785,23242103730529,23242103799637,23242103823005,23242104576722,23242104865631,23242104865827,16,17.7806,2.79018,3.63744,0.69108,0.23368,7.53717,2.88909
705,1,0,1e+08,23242106240336,23242106523712,23242107214126,23242108377479,23242108401023,23242109113785,23242109457056,23242109457116,16,32.1678,2.83376,6.90414,11.6335,0.23544,7.12762,3.43271
706,1,0,1e+08,23242109499332,23242109918577,23242110412305,23242110535533,23242110558381,23242110786997,23242110956041,23242110956181,16,14.5685,4.19245,4.93728,1.23228,0.22848,2.28616,1.69044
707,1,0,1e+08,23242111253222,23242112154871,23242112911040,23242113037944,23242113057056,23242113332828,23242113564776,23242113564904,16,23.1168,9.01649,7.56169,1.26904,0.19112,2.75772,2.31948
708,1,0,1e+08,23242114474776,23242115224878,23242116081689,23242116194461,23242116221401,23242116488749,23242116632553,23242116632585,16,21.5781,7.50102,8.56811,1.12772,0.2694,2.67348,1.43804
709,1,0,1e+08,23242117586968,23242118183391,23242119147306,23242119268550,23242119294618,23242119562278,23242119695042,23242119695074,16,21.0811,5.96423,9.63915,1.21244,0.26068,2.6766,1.32764
710,1,0,1e+08,23242120721103,23242120990803,23242121516447,23242121600651,23242121646607,23242121878943,23242122066651,23242122066679,16,13.4558,2.697,5.25644,0.84204,0.45956,2.32336,1.87708
711,1,0,1e+08,23242122749333,23242123563279,23242124388794,23242124467186,23242124498578,23242124785854,23242124921506,23242124921538,16,21.722,8.13946,8.25515,0.78392,0.31392,2.87276,1.35652
712,1,0,1e+08,23242126209196,23242126945001,23242127538117,23242127648361,23242127688557,23242127933897,23242128064733,23242128064761,16,18.5556,7.35805,5.93116,1.10244,0.40196,2.4534,1.30836
713,1,0,1e+08,23242130767326,23242131689026,23242132412337,23242132588041,23242132612701,23242132860933,23242133057529,23242133057569,16,22.9024,9.217,7.23311,1.75704,0.2466,2.48232,1.96596
714,1,0,1e+08,23242135966755,23242136909456,23242137552561,23242137669793,23242137698741,23242137936925,23242138101801,23242138101833,16,21.3508,9.42701,6.43105,1.17232,0.28948,2.38184,1.64876
715,1,0,1e+08,23242140415406,23242140653418,23242141194937,23242141362888,23242141407523,23242142123459,23242142303871,23242142303911,16,18.885,2.38012,5.41519,1.67951,0.44635,7.15936,1.80412
716,1,0,1e+08,23242142851942,23242143850456,23242144514450,23242144634818,23242144661918,23242144910214,23242145120526,23242145120558,16,22.6862,9.98514,6.63994,1.20368,0.271,2.48296,2.10312
717,1,0,1e+08,23242147620848,23242147858576,23242149135365,23242149263002,23242149284554,23242149619646,23242149767126,23242149767166,16,21.4632,2.37728,12.7679,1.27637,0.21552,3.35092,1.4748
718,1,0,1e+08,23242151111363,23242152082137,23242152772740,23242152875252,23242152898328,23242153152396,23242153305680,23242153305712,16,21.9435,9.70774,6.90603,1.02512,0.23076,2.54068,1.53284
719,1,0,1e+08,23242155257214,23242155727053,23242156254005,23242156343837,23242156369793,23242156585469,23242156736001,23242156736109,16,14.7889,4.69839,5.26952,0.89832,0.25956,2.15676,1.50532
720,1,0,1e+08,23242158202234,23242159080448,23242159778497,23242159904725,23242159928265,23242160172325,23242160307057,23242160307093,16,21.0486,8.78214,6.98049,1.26228,0.2354,2.4406,1.34732
721,1,0,1e+08,23242161433641,23242162427534,23242163054412,23242163153392,23242163194316,23242163460656,23242163649660,23242163649688,16,22.1605,9.93893,6.26878,0.9898,0.40924,2.6634,1.89004
722,1,0,1e+08,23242164622946,23242164924728,23242165513296,23242165586784,23242165625564,23242165894268,23242166105324,23242166105356,16,14.8241,3.01782,5.88568,0.73488,0.3878,2.68704,2.11056
723,1,0,1e+08,23242167250022,23242168065856,23242168876060,23242168975108,23242168991392,23242169283212,23242169415084,23242169415120,16,21.651,8.15834,8.10204,0.99048,0.16284,2.9182,1.31872
724,1,0,1e+08,23242170516395,23242170925497,23242172006704,23242172127940,23242172165632,23242172452328,23242172591252,23242172591288,16,20.7489,4.09102,10.8121,1.21236,0.37692,2.86696,1.38924
725,1,0,1e+08,23242173820562,23242174738901,23242175405208,23242175511084,23242175557324,23242175801240,23242175933632,23242175933664,16,21.131,9.18339,6.66307,1.05876,0.4624,2.43916,1.32392
726,1,0,1e+08,23242176995530,23242177910161,23242178593837,23242178740901,23242178766553,23242179003357,23242179159877,23242179159909,16,21.6438,9.14631,6.83676,1.47064,0.25652,2.36804,1.5652
727,1,0,1e+08,23242180417881,23242181370077,23242182023626,23242182154698,23242182180634,23242182415054,23242182555718,23242182555754,16,21.3787,9.52196,6.53549,1.31072,0.25936,2.3442,1.40664
728,1,0,1e+08,23242183538151,23242183782409,23242184229265,23242184295681,23242184335393,23242185153590,23242185412432,23242185412644,16,18.7449,2.44258,4.46856,0.66416,0.39712,8.18197,2.58842
729,1,0,1e+08,23242187370714,23242188205842,23242188933018,23242189282066,23242189312282,23242189549898,23242189675742,23242189675774,16,23.0506,8.35128,7.27176,3.49048,0.30216,2.37616,1.25844
730,1,0,1e+08,23242190638701,23242191504767,23242192243108,23242192409620,23242192438028,23242192682996,23242192824160,23242192824196,16,21.855,8.66066,7.38341,1.66512,0.28408,2.44968,1.41164
731,1,0,1e+08,23242194147917,23242195159701,23242195787002,23242195873962,23242195969002,23242196197934,23242196333146,23242196333178,16,21.8526,10.1178,6.27301,0.8696,0.9504,2.28932,1.35212
732,1,0,1e+08,23242197377020,23242198177387,23242198982041,23242199121265,23242199141613,23242199413549,23242199552341,23242199552381,16,21.7536,8.00367,8.04654,1.39224,0.20348,2.71936,1.38792
733,1,0,1e+08,23242200653905,23242201455308,23242202222140,23242202336520,23242202353632,23242202627768,23242202763344,23242202763376,16,21.0947,8.01403,7.66832,1.1438,0.17112,2.74136,1.35576
734,1,0,1e+08,23242203886706,23242204185744,23242204606364,23242204679172,23242204722592,23242205005876,23242205330529,23242205330709,16,14.44,2.99038,4.2062,0.72808,0.4342,2.83284,3.24653
735,1,0,1e+08,23242207222961,23242207451318,23242207845070,23242207929086,23242208008198,23242208350242,23242208892441,23242208892533,16,16.6957,2.28357,3.93752,0.84016,0.79112,3.42044,5.42199
736,1,0,1e+08,23242210528623,23242210737947,23242211286819,23242211368911,23242211410695,23242211731255,23242211859347,23242211859379,16,13.3076,2.09324,5.48872,0.82092,0.41784,3.2056,1.28092
737,1,0,1e+08,23242212613621,23242213193332,23242214137205,23242214302797,23242214324673,23242214602841,23242214748169,23242214748201,16,21.3458,5.79711,9.43873,1.65592,0.21876,2.78168,1.45328
738,1,0,1e+08,23242215821827,23242216599922,23242217341096,23242217419332,23242217455516,23242217710844,23242217848432,23242217848464,16,20.2664,7.78095,7.41174,0.78236,0.36184,2.55328,1.37588
739,1,0,1e+08,23242218903412,23242219726416,23242220511568,23242220662700,23242220681004,23242220954900,23242221090488,23242221090520,16,21.8711,8.23004,7.85152,1.51132,0.18304,2.73896,1.35588
740,1,0,1e+08,23242222089137,23242222979953,23242223737236,23242223840220,23242223856316,23242224111372,23242224246744,23242224246772,16,21.5764,8.90816,7.57283,1.02984,0.16096,2.55056,1.35372
741,1,0,1e+08,23242225289308,23242225772669,23242226828968,23242226930228,23242226965296,23242227257432,23242227402184,23242227402272,16,21.1296,4.83361,10.563,1.0126,0.35068,2.92136,1.44752
742,1,0,1e+08,23242228713882,23242229660160,23242230323918,23242230467502,23242230497318,23242230728934,23242230881638,23242230881738,16,21.6786,9.46278,6.63758,1.43584,0.29816,2.31616,1.52704
743,1,0,1e+08,23242232366091,23242232805153,23242233945192,23242234023652,23242234040452,23242234341348,23242234487868,23242234487972,16,21.2188,4.39062,11.4004,0.7846,0.168,3.00896,1.4652
744,1,0,1e+08,23242235771056,23242236629362,23242237399774,23242237517090,23242237541110,23242237800986,23242237936542,23242237936574,16,21.6552,8.58306,7.70412,1.17316,0.2402,2.59876,1.35556
745,1,0,1e+08,23242239070193,23242239575830,23242240607864,23242240695844,23242240750300,23242241037248,23242241175560,23242241175596,16,21.054,5.05637,10.3203,0.8798,0.54456,2.86948,1.38312
746,1,0,1e+08,23242242382176,23242243155583,23242243918702,23242244055122,23242244081162,23242244352974,23242244491622,23242244491658,16,21.0948,7.73407,7.63119,1.3642,0.2604,2.71812,1.38648
747,1,0,1e+08,23242245656000,23242246474346,23242247281872,23242247371344,23242247388008,23242247656928,23242247807460,23242247807564,16,21.5156,8.18346,8.07526,0.89472,0.16664,2.6892,1.50532
748,1,0,1e+08,23242249512657,23242250305091,23242251037350,23242251138418,23242251155654,23242251427530,23242251573706,23242251573738,16,20.6108,7.92434,7.32259,1.01068,0.17236,2.71876,1.46176
749,1,0,1e+08,23242252939773,23242253945800,23242254575416,23242254722644,23242254747248,23242254977612,23242255115476,23242255115508,16,21.7574,10.0603,6.29616,1.47228,0.24604,2.30364,1.37864
750,1,0,1e+08,23242256285561,23242257088129,23242257836918,23242257927634,23242257944846,23242258197006,23242258338082,23242258338118,16,20.5256,8.02568,7.48789,0.90716,0.17212,2.5216,1.41076
751,1,0,1e+08,23242259507322,23242260383057,23242261079390,23242261220210,23242261246290,23242261495926,23242261624402,23242261624434,16,21.1711,8.75735,6.96333,1.4082,0.2608,2.49636,1.28476
752,1,0,1e+08,23242262820371,23242263905208,23242264560520,23242264652264,23242264670304,23242264916792,23242265048872,23242265048904,16,22.2853,10.8484,6.55312,0.91744,0.1804,2.46488,1.3208
753,1,0,1e+08,23242266203268,23242266411784,23242266806420,23242266893260,23242266921416,23242267128332,23242267329108,23242267329224,16,11.2596,2.08516,3.94636,0.8684,0.28156,2.06916,2.00776
754,1,0,1e+08,23242269641018,23242269859802,23242270674595,23242270929215,23242270955832,23242271413391,23242271581639,23242271581687,16,19.4067,2.18784,8.14793,2.5462,0.26617,4.57559,1.68248
755,1,0,1e+08,23242273093095,23242273352413,23242273785079,23242274057228,23242274106498,23242274759500,23242274978041,23242274978197,16,18.851,2.59318,4.32666,2.72149,0.4927,6.53002,2.18541
756,1,0,1e+08,23242276376692,23242277177587,23242277932206,23242278017190,23242278074306,23242278328450,23242278485550,23242278485586,16,21.0889,8.00895,7.54619,0.84984,0.57116,2.54144,1.571
757,1,0,1e+08,23242279977657,23242280818282,23242281553768,23242281666484,23242281689012,23242281936676,23242282099500,23242282099596,16,21.2194,8.40625,7.35486,1.12716,0.22528,2.47664,1.62824
758,1,0,1e+08,23242283348661,23242283591234,23242284408691,23242284654138,23242284683162,23242285123957,23242285298613,23242285298661,16,19.5,2.42573,8.17457,2.45447,0.29024,4.40795,1.74656
759,1,0,1e+08,23242287081510,23242287866473,23242288623338,23242288720562,23242288737810,23242288992706,23242289136538,23242289136574,16,20.5506,7.84963,7.56865,0.97224,0.17248,2.54896,1.43832
760,1,0,1e+08,23242290260408,23242291053064,23242291884388,23242291970632,23242291986832,23242292260112,23242292397448,23242292397484,16,21.3708,7.92656,8.31324,0.86244,0.162,2.7328,1.37336
761,1,0,1e+08,23242293516897,23242293762799,23242294811598,23242294951994,23242294979382,23242295352406,23242295500962,23242295501006,16,19.8411,2.45902,10.488,1.40396,0.27388,3.73024,1.48556
762,1,0,1e+08,23242296899668,23242297642699,23242298493025,23242298578053,23242298594209,23242298856357,23242299003433,23242299003537,16,21.0387,7.43031,8.50326,0.85028,0.16156,2.62148,1.47076
763,1,0,1e+08,23242300097334,23242301102628,23242301761521,23242301900845,23242301927377,23242302159557,23242302293429,23242302293461,16,21.9613,10.0529,6.58893,1.39324,0.26532,2.3218,1.33872
764,1,0,1e+08,23242303704213,23242303902809,23242304209041,23242304280305,23242304317873,23242304483817,23242304662421,23242304662517,16,9.58304,1.98596,3.06232,0.71264,0.37568,1.65944,1.78604
765,1,0,1e+08,23242306097500,23242306877607,23242307754558,23242307893818,23242307916190,23242308172590,23242308316078,23242308316170,16,22.1867,7.80107,8.76951,1.3926,0.22372,2.564,1.43488
766,1,0,1e+08,23242309573963,23242309829924,23242310135480,23242310222800,23242310255208,23242310418536,23242310620556,23242310620660,16,10.467,2.55961,3.05556,0.8732,0.32408,1.63328,2.0202
767,1,0,1e+08,23242311851813,23242312704092,23242313505822,23242313562546,23242313624730,23242313894658,23242314049822,23242314049910,16,21.981,8.52279,8.0173,0.56724,0.62184,2.69928,1.55164
768,1,0,1e+08,23242315167072,23242315952595,23242316713502,23242316785838,23242316830854,23242317095322,23242317231326,23242317231358,16,20.6429,7.85523,7.60907,0.72336,0.45016,2.64468,1.36004
769,1,0,1e+08,23242318806151,23242319699050,23242320386853,23242320521505,23242320537829,23242320789261,23242320922261,23242320922293,16,21.1614,8.92899,6.87803,1.34652,0.16324,2.51432,1.33
770,1,0,1e+08,23242322461322,23242323333923,23242324064340,23242324155516,23242324178204,23242324428544,23242324581764,23242324581900,16,21.2058,8.72601,7.30417,0.91176,0.22688,2.5034,1.5322
771,1,0,1e+08,23242326070969,23242326871543,23242327686355,23242327779775,23242327795995,23242328059511,23242328222071,23242328222107,16,21.5114,8.00574,8.14812,0.9342,0.1622,2.63516,1.6256
772,1,0,1e+08,23242329633914,23242330699778,23242331326140,23242331385972,23242331403024,23242331632876,23242331781676,23242331781832,16,21.4792,10.6586,6.26362,0.59832,0.17052,2.29852,1.488
773,1,0,1e+08,23242332892574,23242333494765,23242334505779,23242334624827,23242334641035,23242334918215,23242335075367,23242335075503,16,21.8293,6.02191,10.1101,1.19048,0.16208,2.7718,1.57152
774,1,0,1e+08,23242336220275,23242336452895,23242337683116,23242337810592,23242337833748,23242338132648,23242338273688,23242338273728,16,20.5345,2.3262,12.3022,1.27476,0.23156,2.989,1.4104
775,1,0,1e+08,23242339554705,23242340069377,23242341165836,23242341260848,23242341277416,23242341588984,23242341728128,23242341728168,16,21.7346,5.14672,10.9646,0.95012,0.16568,3.11568,1.39144
776,1,0,1e+08,23242342994353,23242343216305,23242343672133,23242343764853,23242343802841,23242344115981,23242344255457,23242344255493,16,12.6114,2.21952,4.55828,0.9272,0.37988,3.1314,1.39476
777,1,0,1e+08,23242345119164,23242345640249,23242346629868,23242346755672,23242346780884,23242347047604,23242347179272,23242347179304,16,20.6014,5.21085,9.89619,1.25804,0.25212,2.6672,1.31668
778,1,0,1e+08,23242348364781,23242348639957,23242349128925,23242349191513,23242349261909,23242349504817,23242349648949,23242349648981,16,12.842,2.75176,4.88968,0.62588,0.70396,2.42908,1.44132
779,1,0,1e+08,23242350567971,23242350915045,23242351298849,23242351363249,23242351405497,23242352234340,23242352479417,23242352479477,16,19.1151,3.47074,3.83804,0.644,0.42248,8.28843,2.45077
780,1,0,1e+08,23242353910369,23242354557447,23242355473758,23242355607910,23242355623762,23242355897046,23242356027362,23242356027394,16,21.1703,6.47078,9.16311,1.34152,0.15852,2.73284,1.30316
781,1,0,1e+08,23242357202226,23242357436958,23242357929230,23242358012666,23242358069002,23242358295566,23242358442998,23242358443030,16,12.408,2.34732,4.92272,0.83436,0.56336,2.26564,1.47432
782,1,0,1e+08,23242359336797,23242360158908,23242360978104,23242361119500,23242361135640,23242361409304,23242361546756,23242361546788,16,22.0999,8.22111,8.19196,1.41396,0.1614,2.73664,1.37452
783,1,0,1e+08,23242362621277,23242362855713,23242363390121,23242363475189,23242363537173,23242363743685,23242363923549,23242363923653,16,13.0238,2.34436,5.34408,0.85068,0.61984,2.06512,1.79864
784,1,0,1e+08,23242364711912,23242364946184,23242366192090,23242366309790,23242366333534,23242366647070,23242366787830,23242366787866,16,20.7595,2.34272,12.4591,1.177,0.23744,3.13536,1.4076
785,1,0,1e+08,23242368072628,23242368849694,23242369607954,23242369687986,23242369703494,23242369964434,23242370096146,23242370096178,16,20.2355,7.77066,7.5826,0.80032,0.15508,2.6094,1.31712
786,1,0,1e+08,23242371203116,23242371996698,23242372807726,23242372925762,23242372973466,23242373245594,23242373391854,23242373391886,16,21.8877,7.93582,8.11028,1.18036,0.47704,2.72128,1.4626
787,1,0,1e+08,23242374688128,23242375574807,23242376286917,23242376390077,23242376422625,23242376685525,23242376826145,23242376826181,16,21.3805,8.86679,7.1211,1.0316,0.32548,2.629,1.4062
788,1,0,1e+08,23242378273931,23242379173759,23242379879370,23242379979974,23242380020098,23242380297874,23242380434902,23242380434934,16,21.61,8.99828,7.05611,1.00604,0.40124,2.77776,1.37028
789,1,0,1e+08,23242382140407,23242382384179,23242382819291,23242382902387,23242382939863,23242383257175,23242383466399,23242383466439,16,13.2603,2.43772,4.35112,0.83096,0.37476,3.17312,2.09224
790,1,0,1e+08,23242384462080,23242384816836,23242385234920,23242385298692,23242385330340,23242385637616,23242385840620,23242385840720,16,13.7864,3.54756,4.18084,0.63772,0.31648,3.07276,2.03004
791,1,0,1e+08,23242386724547,23242387482883,23242388227725,23242388376001,23242388401769,23242388656913,23242388880165,23242388880321,16,21.5577,7.58336,7.44842,1.48276,0.25768,2.55144,2.23252
792,1,0,1e+08,23242389970647,23242390252541,23242390688949,23242390788109,23242390828445,23242391090713,23242391294501,23242391294613,16,13.2397,2.81894,4.36408,0.9916,0.40336,2.62268,2.03788
793,1,0,1e+08,23242392202564,23242392764751,23242393782886,23242393908570,23242393932530,23242394225034,23242394351218,23242394351250,16,21.4869,5.62187,10.1814,1.25684,0.2396,2.92504,1.26184
794,1,0,1e+08,23242395520935,23242396283116,23242397159006,23242397296478,23242397312454,23242397592430,23242397734478,23242397734510,16,22.1357,7.62181,8.7589,1.37472,0.15976,2.79976,1.42048
795,1,0,1e+08,23242398939148,23242399691881,23242400446369,23242400510117,23242400550905,23242400826593,23242400957841,23242400957869,16,20.1872,7.52733,7.54488,0.63748,0.40788,2.75688,1.31248
796,1,0,1e+08,23242402007456,23242402606538,23242403582591,23242403717715,23242403741975,23242404012347,23242404171675,23242404171711,16,21.6425,5.99082,9.76053,1.35124,0.2426,2.70372,1.59328
797,1,0,1e+08,23242406582693,23242406860095,23242407197025,23242407480855,23242407527320,23242408279086,23242408497810,23242408498014,16,19.1532,2.77402,3.3693,2.8383,0.46465,7.51766,2.18724
798,1,0,1e+08,23242409947213,23242410163234,23242411426610,23242411599254,23242411623450,23242411938334,23242412153458,23242412153630,16,22.0642,2.16021,12.6338,1.72644,0.24196,3.14884,2.15124
799,1,0,1e+08,23242413332383,23242413712451,23242414803008,23242414886224,23242414948544,23242415230372,23242415382360,23242415382468,16,20.5008,3.80068,10.9056,0.83216,0.6232,2.81828,1.51988
800,1,0,1e+08,23242416489788,23242417293388,23242418096726,23242418209854,23242418225766,23242418502178,23242418633938,23242418633974,16,21.4419,8.036,8.03338,1.13128,0.15912,2.76412,1.3176
801,1,0,1e+08,23242419855249,23242420258029,23242421309037,23242421435265,23242421459121,23242421732637,23242421873165,23242421873277,16,20.1803,4.0278,10.5101,1.26228,0.23856,2.73516,1.40528
802,1,0,1e+08,23242423061719,23242423862140,23242424704128,23242424805744,23242424822568,23242425100912,23242425237492,23242425237528,16,21.7581,8.00421,8.41988,1.01616,0.16824,2.78344,1.3658
803,1,0,1e+08,23242426249114,23242427306697,23242427934878,23242428039010,23242428082462,23242428311266,23242428448314,23242428448346,16,21.9923,10.5758,6.28181,1.04132,0.43452,2.28804,1.37048
804,1,0,1e+08,23242429877331,23242430865649,23242431494371,23242431604927,23242431661087,23242431915755,23242432069043,23242432069131,16,21.918,9.88318,6.28722,1.10556,0.5616,2.54668,1.53288
805,1,0,1e+08,23242433043302,23242433618324,23242434570790,23242434676146,23242434698302,23242434991858,23242435140214,23242435140250,16,20.9695,5.75022,9.52466,1.05356,0.22156,2.93556,1.48356
806,1,0,1e+08,23242436190979,23242436951639,23242437773619,23242437849979,23242437892363,23242438172599,23242438332915,23242438333019,16,21.4204,7.6066,8.2198,0.7636,0.42384,2.80236,1.60316
807,1,0,1e+08,23242439424329,23242440077643,23242440957776,23242441081380,23242441097936,23242441387468,23242441523440,23242441523472,16,20.9914,6.53314,8.80133,1.23604,0.16556,2.89532,1.35972
808,1,0,1e+08,23242442594654,23242443134948,23242444128401,23242444194601,23242444228065,23242444515025,23242444666137,23242444666169,16,20.7152,5.40294,9.93453,0.662,0.33464,2.8696,1.51112
809,1,0,1e+08,23242445906141,23242446782081,23242447578228,23242447722804,23242447748360,23242448005720,23242448157844,23242448157992,16,22.5185,8.7594,7.96147,1.44576,0.25556,2.5736,1.52124
810,1,0,1e+08,23242449226371,23242449611818,23242450709182,23242450800702,23242450838830,23242451135382,23242451277670,23242451277702,16,20.5133,3.85447,10.9736,0.9152,0.38128,2.96552,1.42288
811,1,0,1e+08,23242452358319,23242453171123,23242453932925,23242454011089,23242454027921,23242454292925,23242454424373,23242454424405,16,20.6609,8.12804,7.61802,0.78164,0.16832,2.65004,1.31448
812,1,0,1e+08,23242455438467,23242456358500,23242457021218,23242457168510,23242457184498,23242457438874,23242457573842,23242457573870,16,21.354,9.20033,6.62718,1.47292,0.15988,2.54376,1.34968
813,1,0,1e+08,23242458506447,23242459371547,23242460132600,23242460285964,23242460301568,23242460563744,23242460701736,23242460701768,16,21.9532,8.651,7.61053,1.53364,0.15604,2.62176,1.37992
814,1,0,1e+08,23242461691442,23242461913374,23242463069246,23242463156623,23242463180607,23242463530387,23242463680259,23242463680295,16,19.8885,2.21932,11.5587,0.87377,0.23984,3.4978,1.49872
815,1,0,1e+08,23242464876077,23242465624134,23242466412928,23242466526648,23242466547976,23242466812628,23242466950632,23242466950688,16,20.7461,7.48057,7.88794,1.1372,0.21328,2.64652,1.38004
816,1,0,1e+08,23242468001402,23242468726519,23242469583576,23242469716812,23242469732708,23242469986816,23242470125184,23242470125272,16,21.2387,7.25117,8.57057,1.33236,0.15896,2.54108,1.38368
817,1,0,1e+08,23242471143324,23242471427369,23242471726277,23242471799785,23242471823445,23242471983613,23242472164933,23242472164997,16,10.2167,2.84045,2.98908,0.73508,0.2366,1.60168,1.8132
818,1,0,1e+08,23242473434924,23242473665010,23242474934134,23242475110575,23242475134143,23242475497095,23242475637375,23242475637411,16,22.0249,2.30086,12.6912,1.76441,0.23568,3.62952,1.4028
819,1,0,1e+08,23242477165286,23242477434146,23242478618817,23242478686509,23242478744213,23242479066593,23242479208297,23242479208329,16,20.4304,2.6886,11.8467,0.67692,0.57704,3.2238,1.41704
820,1,0,1e+08,23242480502658,23242481305979,23242482048884,23242482132808,23242482206452,23242482466020,23242482597888,23242482597920,16,20.9526,8.03321,7.42905,0.83924,0.73644,2.59568,1.31868
821,1,0,1e+08,23242483663780,23242484475843,23242485238833,23242485365353,23242485391985,23242485640337,23242485773997,23242485774033,16,21.1025,8.12063,7.6299,1.2652,0.26632,2.48352,1.3366
822,1,0,1e+08,23242487226625,23242487710868,23242488738422,23242488826234,23242488863646,23242489156678,23242489301618,23242489301750,16,20.7512,4.84243,10.2755,0.87812,0.37412,2.93032,1.4494
823,1,0,1e+08,23242490424921,23242490693082,23242491027406,23242491105170,23242491136838,23242491343238,23242491525718,23242491525746,16,11.0083,2.68161,3.34324,0.77764,0.31668,2.064,1.8248
824,1,0,1e+08,23242492605750,23242493384709,23242494126977,23242494256381,23242494279889,23242494536849,23242494679061,23242494679161,16,20.7341,7.78959,7.42268,1.29404,0.23508,2.5696,1.42212
825,1,0,1e+08,23242495897501,23242496193644,23242497411726,23242497540722,23242497570370,23242497902762,23242498046114,23242498046150,16,21.4865,2.96143,12.1808,1.28996,0.29648,3.32392,1.43352
826,1,0,1e+08,23242499436726,23242500281231,23242500982697,23242501110209,23242501141781,23242501396993,23242501529725,23242501529761,16,20.9304,8.44505,7.01466,1.27512,0.31572,2.55212,1.32732
827,1,0,1e+08,23242502669149,23242503474714,23242504359445,23242504449205,23242504465625,23242504752033,23242504890257,23242504890293,16,22.2114,8.05565,8.84731,0.8976,0.1642,2.86408,1.38224
828,1,0,1e+08,23242505983294,23242506556730,23242507558542,23242507655334,23242507695882,23242507988830,23242508139910,23242508140014,16,21.5672,5.73436,10.0181,0.96792,0.40548,2.92948,1.5108
829,1,0,1e+08,23242509285723,23242510158085,23242510976713,23242511060309,23242511075837,23242511353105,23242511484013,23242511484045,16,21.9832,8.72362,8.18628,0.83596,0.15528,2.77268,1.30908
830,1,0,1e+08,23242512513785,23242513186401,23242514133185,23242514215421,23242514264645,23242514608529,23242514753277,23242514753317,16,22.3953,6.72616,9.46784,0.82236,0.49224,3.43884,1.44748
831,1,0,1e+08,23242515895338,23242516686980,23242517436461,23242517518433,23242517612461,23242517866493,23242518000813,23242518000845,16,21.0551,7.91642,7.49481,0.81972,0.94028,2.54032,1.3432
832,1,0,1e+08,23242519027339,23242519475725,23242520518382,23242520643266,23242520667750,23242520946010,23242521087506,23242521087642,16,20.603,4.48386,10.4266,1.24884,0.24484,2.7826,1.41496
833,1,0,1e+08,23242522352816,23242523179937,23242523978720,23242524035972,23242524059368,23242524408316,23242524545928,23242524545964,16,21.9315,8.27121,7.98783,0.57252,0.23396,3.48948,1.37612
834,1,0,1e+08,23242525590161,23242525840605,23242526352661,23242526428053,23242526462905,23242526700185,23242526885345,23242526885377,16,12.9522,2.50444,5.12056,0.75392,0.34852,2.3728,1.8516
835,1,0,1e+08,23242527696801,23242528305191,23242529263574,23242529369278,23242529389438,23242529662022,23242529846058,23242529846090,16,21.4929,6.0839,9.58383,1.05704,0.2016,2.72584,1.84036
836,1,0,1e+08,23242531207686,23242531446786,23242531793882,23242531867058,23242531896950,23242532119582,23242532312194,23242532312222,16,11.0454,2.391,3.47096,0.73176,0.29892,2.22632,1.92612
837,1,0,1e+08,23242533306124,23242533560584,23242534595265,23242534716353,23242534739285,23242535099093,23242535246469,23242535246509,16,19.4038,2.5446,10.3468,1.21088,0.22932,3.59808,1.47376
838,1,0,1e+08,23242536588081,23242537012107,23242538106239,23242538200819,23242538219047,23242538496531,23242538658511,23242538658631,16,20.7055,4.24026,10.9413,0.9458,0.18228,2.77484,1.6198
839,1,0,1e+08,23242539899298,23242540886173,23242541535869,23242541713109,23242541746861,23242542027315,23242542592391,23242542592483,16,26.9319,9.86875,6.49696,1.7724,0.33752,2.80454,5.65076
840,1,0,1e+08,23242544679280,23242545556982,23242546319496,23242546414548,23242546432872,23242546698540,23242546838252,23242546838284,16,21.59,8.77702,7.62514,0.95052,0.18324,2.65668,1.39712
841,1,0,1e+08,23242547876139,23242548670499,23242549429206,23242549551886,23242549575010,23242549838726,23242549966750,23242549966786,16,20.9065,7.9436,7.58707,1.2268,0.23124,2.63716,1.28024
842,1,0,1e+08,23242551001555,23242551607562,23242552567838,23242552703526,23242552726922,23242552987702,23242553150154,23242553150298,16,21.4874,6.06007,9.60276,1.35688,0.23396,2.6078,1.62452
843,1,0,1e+08,23242554336872,23242555098211,23242555900533,23242555986061,23242556001721,23242556295441,23242556429809,23242556429841,16,20.9297,7.61339,8.02322,0.85528,0.1566,2.9372,1.34368
844,1,0,1e+08,23242557485653,23242558460970,23242559094650,23242559186342,23242559215862,23242559479574,23242559614602,23242559614634,16,21.2898,9.75317,6.3368,0.91692,0.2952,2.63712,1.35028
845,1,0,1e+08,23242560699629,23242560963289,23242561269101,23242561396913,23242561417241,23242561577901,23242561769229,23242561769333,16,10.697,2.6366,3.05812,1.27812,0.20328,1.6066,1.91328
846,1,0,1e+08,23242562905338,23242563873984,23242564499377,23242564613761,23242564636377,23242564861185,23242565010193,23242565010325,16,21.0499,9.68646,6.25393,1.14384,0.22616,2.24808,1.49008
847,1,0,1e+08,23242566057472,23242567000108,23242567744048,23242567917764,23242567935612,23242568194500,23242568330600,23242568330732,16,22.7326,9.42636,7.4394,1.73716,0.17848,2.58888,1.361
848,1,0,1e+08,23242569285992,23242570068687,23242570871085,23242570955169,23242571009649,23242571305765,23242571429785,23242571429817,16,21.4383,7.82695,8.02398,0.84084,0.5448,2.96116,1.2402
849,1,0,1e+08,23242572875860,23242573129320,23242573442096,23242573513456,23242573550860,23242573714416,23242573894028,23242573894052,16,10.1819,2.5346,3.12776,0.7136,0.37404,1.63556,1.79612
850,1,0,1e+08,23242575150969,23242575395286,23242576611064,23242576701217,23242576746517,23242577146649,23242577300997,23242577301121,16,21.5015,2.44317,12.1578,0.90153,0.453,4.00132,1.54348
851,1,0,1e+08,23242578770211,23242579762773,23242580407037,23242580552933,23242580577185,23242580802133,23242580931921,23242580931953,16,21.6174,9.92562,6.44264,1.45896,0.24252,2.24948,1.29788
852,1,0,1e+08,23242582314217,23242582603805,23242583790670,23242583893230,23242583939166,23242584264646,23242584412346,23242584412498,16,20.9828,2.89588,11.8686,1.0256,0.45936,3.2548,1.477
853,1,0,1e+08,23242585728090,23242585994438,23242586403942,23242586484010,23242586516238,23242586876547,23242587416297,23242587416385,16,16.883,2.66348,4.09504,0.80068,0.32228,3.60309,5.3975
854,1,0,1e+08,23242588973433,23242589241813,23242590493446,23242590610854,23242590628738,23242590926586,23242591084570,23242591084610,16,21.1118,2.6838,12.5163,1.17408,0.17884,2.97848,1.57984
855,1,0,1e+08,23242592224578,23242592804143,23242593760178,23242593847794,23242593911390,23242594179890,23242594319790,23242594319822,16,20.9524,5.79565,9.56035,0.87616,0.63596,2.685,1.399
856,1,0,1e+08,23242595532453,23242596374317,23242597076702,23242597209306,23242597233846,23242597478982,23242597623802,23242597623970,16,20.9152,8.41864,7.02385,1.32604,0.2454,2.45136,1.4482
857,1,0,1e+08,23242598809499,23242599588975,23242600335753,23242600462825,23242600492965,23242600743301,23242600871489,23242600871521,16,20.6202,7.79476,7.46778,1.27072,0.3014,2.50336,1.28188
858,1,0,1e+08,23242601974443,23242602763702,23242603532258,23242603650126,23242603703222,23242603975530,23242604126158,23242604126322,16,21.5188,7.89259,7.68556,1.17868,0.53096,2.72308,1.50628
859,1,0,1e+08,23242605289666,23242606098775,23242606902121,23242607027433,23242607043813,23242607316705,23242607456185,23242607456221,16,21.6655,8.09109,8.03346,1.25312,0.1638,2.72892,1.3948
860,1,0,1e+08,23242609243897,23242609860627,23242610787385,23242610884997,23242610905625,23242611201697,23242611348389,23242611348425,16,21.0453,6.1673,9.26758,0.97612,0.20628,2.96072,1.46692
861,1,0,1e+08,23242611942669,23242612197790,23242612585382,23242612650194,23242612686634,23242612929562,23242613095218,23242613095250,16,11.5258,2.55121,3.87592,0.64812,0.3644,2.42928,1.65656
862,1,0,1e+08,23242614040630,23242614283171,23242614726967,23242614791195,23242614855219,23242615143171,23242615286107,23242615286139,16,12.4551,2.42541,4.43796,0.64228,0.64024,2.87952,1.42936
863,1,0,1e+08,23242616068523,23242617148708,23242617781985,23242617846509,23242617881225,23242618130417,23242618278581,23242618278609,16,22.1009,10.8018,6.33277,0.64524,0.34716,2.49192,1.48164
864,1,0,1e+08,23242619417296,23242620233780,23242621058985,23242621207345,23242621229265,23242621514073,23242621706633,23242621706665,16,22.8937,8.16484,8.25205,1.4836,0.2192,2.84808,1.9256
865,1,0,1e+08,23242622695665,23242622939117,23242624164010,23242624293311,23242624316907,23242624637755,23242624784015,23242624784111,16,20.8845,2.43452,12.2489,1.29301,0.23596,3.20848,1.4626
866,1,0,1e+08,23242626100141,23242626875259,23242627638802,23242627723342,23242627740582,23242628001138,23242628132950,23242628132982,16,20.3284,7.75118,7.63543,0.8454,0.1724,2.60556,1.31812
867,1,0,1e+08,23242629550088,23242630598428,23242631257861,23242631378369,23242631401817,23242631634861,23242631795905,23242631796009,16,22.4592,10.4834,6.59433,1.20508,0.23448,2.33044,1.61044
868,1,0,1e+08,23242632893729,23242633498515,23242634462876,23242634584672,23242634607424,23242634873344,23242635026024,23242635026056,16,21.3233,6.04786,9.64361,1.21796,0.22752,2.6592,1.5268
869,1,0,1e+08,23242636380244,23242637244205,23242637974921,23242638126125,23242638153281,23242638415173,23242638560481,23242638560513,16,21.8027,8.63961,7.30716,1.51204,0.27156,2.61892,1.45308
870,1,0,1e+08,23242639939158,23242640189482,23242640621254,23242640699450,23242640733366,23242640954590,23242641171842,23242641171870,16,12.3271,2.50324,4.31772,0.78196,0.33916,2.21224,2.17252
871,1,0,1e+08,23242642144891,23242642382935,23242643611248,23242643768032,23242643792660,23242644117840,23242644252536,23242644252572,16,21.0768,2.38044,12.2831,1.56784,0.24628,3.2518,1.34696
872,1,0,1e+08,23242645532622,23242646194892,23242647080231,23242647155547,23242647217255,23242647475283,23242647615451,23242647615547,16,20.8293,6.6227,8.85339,0.75316,0.61708,2.58028,1.40168
873,1,0,1e+08,23242648860838,23242649087754,23242650238850,23242650380883,23242650407367,23242650760583,23242650912643,23242650912747,16,20.5191,2.26916,11.511,1.42033,0.26484,3.53216,1.5206
874,1,0,1e+08,23242652587481,23242653299350,23242654192429,23242654276661,23242654292529,23242654560865,23242654703073,23242654703109,16,21.1563,7.11869,8.93079,0.84232,0.15868,2.68336,1.42208
875,1,0,1e+08,23242655894813,23242656769558,23242657481334,23242657600578,23242657624054,23242657866666,23242658007438,23242658007470,16,21.1266,8.74745,7.11776,1.19244,0.23476,2.42612,1.40772
876,1,0,1e+08,23242659172140,23242659518340,23242660550188,23242660650232,23242660720869,23242661087457,23242661256517,23242661256633,16,20.8449,3.462,10.3185,1.00044,0.70637,3.66588,1.6906
877,1,0,1e+08,23242662509613,23242663499960,23242664155701,23242664249281,23242664265537,23242664529829,23242664670829,23242664670861,16,21.6125,9.90347,6.55741,0.9358,0.16256,2.64292,1.41
878,1,0,1e+08,23242665716653,23242666381958,23242667284422,23242667431178,23242667457714,23242667722086,23242667862142,23242667862178,16,21.4552,6.65305,9.02464,1.46756,0.26536,2.64372,1.40056
879,1,0,1e+08,23242669357824,23242669642494,23242670810080,23242670962068,23242670979436,23242671309468,23242671452632,23242671452672,16,20.9485,2.8467,11.6759,1.51988,0.17368,3.30032,1.43164
880,1,0,1e+08,23242672554359,23242672802832,23242673925453,23242674055982,23242674081098,23242674414770,23242674567958,23242674568070,16,20.1371,2.48473,11.2262,1.30529,0.25116,3.33672,1.53188
881,1,0,1e+08,23242676953922,23242677234102,23242677632634,23242677712150,23242677737078,23242678106187,23242678647853,23242678648077,16,16.9415,2.8018,3.98532,0.79516,0.24928,3.69109,5.41666
882,1,0,1e+08,23242680720515,23242681326254,23242682324089,23242682408469,23242682435313,23242682729669,23242682868825,23242682868861,16,21.4835,6.05739,9.97835,0.8438,0.26844,2.94356,1.39156
883,1,0,1e+08,23242684072531,23242684981979,23242685747558,23242685834210,23242685851778,23242686121654,23242686258962,23242686258994,16,21.8646,9.09448,7.65579,0.86652,0.17568,2.69876,1.37308
884,1,0,1e+08,23242687336958,23242688186797,23242688894253,23242689004745,23242689027965,23242689282901,23242689428117,23242689428209,16,20.9125,8.49839,7.07456,1.10492,0.2322,2.54936,1.45216
