frame,surf_acquire,vp_total,vp_setup,vp_create_view,vp_set_stream,vp_setter_fmt,vp_setter_src_rect,vp_setter_dst_rect,vp_blt,vp_submit_window,vp_range_pass,clear_prev_above,vp_chart_blend,chart_flush,vp_gauge_blend,gauge_flush,map_resample,vp_map_blend,map_flush1,map_flush2,above_blend,above_flush,flush_total,vp_hud_compute,vp_release_view,amf_create_surface,amf_submit_input,amf_query,amf_packet_write,process_frame_total,pool_index,decoder_tex_id,vp_out_tex_id,array_index,setters_skipped,state_sig,amf_submitted,amf_received,amf_query_calls,amf_outputs,retries,submit_result,query_result,decoder_copy
0,0.0656,16.9122,0.0174,0.0029,0.0142,0.011,0.0016,0.0011,5.3808,16.876,0.013,0,0.1342,10.2975,0.0238,0.0963,0.0094,0.0076,0.1184,0.1042,0.0047,0.3001,10.9165,0.0088,0.0173,0.0277,6.0211,0.0209,0,23.0548,0,1135717536,1994869664,0,0,116476604,1,0,1,0,0,0,24,0
1,0.0473,1.5826,0.7643,0.0032,0.7608,0.755,0.0044,0.0009,0.2599,0.8063,0.0103,0.0039,0.0077,0.1482,0.0135,0.0826,0.0049,0.0057,0.0911,0.0787,0.0038,0.0748,0.4754,0.0047,0.0112,0.0184,1.327,0.7029,0.7185,5.0803,1,1135717536,1994866848,1,0,116476604,2,1,1,1,0,0,0,0
2,0.0481,1.4404,0.8115,0.0034,0.8079,0.8008,0.0048,0.0013,0.2257,0.6169,0.0074,0.0046,0.0111,0.105,0.005,0.0512,0.0031,0.0028,0.0549,0.0624,0.0022,0.0483,0.3218,0.0201,0.0108,0.0181,17.01,0.4739,1.664,21.6015,2,1135717536,1994859808,2,0,116476604,3,2,1,1,0,0,0,0
3,0.1483,3.4423,1.5914,0.0128,1.5779,1.5446,0.0261,0.0036,0.7722,1.813,0.0182,0.0113,0.0244,0.2646,0.0307,0.1298,0.0113,0.0098,0.1515,0.163,0.0079,0.1614,0.8703,0.0184,0.0361,0.0516,0.9532,0.0116,0,4.6158,3,1135717536,1994864736,0,0,116476604,4,2,1,0,0,0,24,0
4,0.0647,2.907,0.9597,0.0038,0.9555,0.946,0.0075,0.0011,0.3089,1.9311,0.0101,0.006,0.0085,0.4731,0.0152,0.3769,0.0075,0.0086,0.2329,0.2204,0.0042,0.2342,1.5375,0.0056,0.0147,0.0191,0.8906,0.1856,0.3477,4.5864,4,1135717536,1994867552,1,0,116476604,5,3,1,1,0,0,0,0
5,0.0624,2.209,1.3104,0.003,1.3064,1.2917,0.0115,0.0014,0.4992,0.8806,0.0169,0.0097,0.0099,0.1303,0.0057,0.0365,0.0051,0.0042,0.0376,0.0499,0.0022,0.0479,0.3022,0.0031,0.0158,0.0314,31.7389,0.166,0.2964,34.6528,5,1135717536,1994865440,2,0,116476604,6,4,1,1,0,0,0,0
6,0.0694,2.5547,1.3488,0.003,1.3454,1.3312,0.0091,0.0026,0.5229,1.1845,0.0133,0.0092,0.011,0.2132,0.0065,0.0902,0.0037,0.0082,0.1002,0.096,0.003,0.0785,0.5781,0.0041,0.0191,0.0303,0.6958,0.0079,0,3.3635,6,1135717536,1994866144,0,0,116476604,7,4,1,0,0,0,24,0
7,0.0448,2.2595,0.83,0.0023,0.8273,0.8169,0.0077,0.0011,0.2598,1.4177,0.0079,0.0048,0.0066,0.3578,0.0054,0.1993,0.0041,0.0041,0.1832,0.1846,0.0038,0.1792,1.1041,0.0043,0.0108,0.0175,26.0012,0.4131,0.3801,29.4409,7,1135717536,1994868960,1,0,116476604,8,5,1,1,0,0,0,0
8,0.0801,2.3206,1.3747,0.0043,1.3698,1.3561,0.0097,0.0013,0.5034,0.9229,0.0203,0.0137,0.0128,0.1167,0.0049,0.0338,0.0045,0.0057,0.0642,0.049,0.0019,0.0525,0.3162,0.0051,0.0207,0.0339,0.6344,0.2284,0.262,3.7605,0,1135717536,1994869664,2,0,116476604,9,6,1,1,0,0,0,0
9,0.0575,1.9769,0.8593,0.003,0.8556,0.8449,0.0073,0.0012,0.4249,1.0962,0.0146,0.0101,0.0191,0.1889,0.0139,0.0768,0.0083,0.007,0.1033,0.0728,0.005,0.1176,0.5594,0.0094,0.0196,0.0366,0.8056,0.6984,0.4573,4.4978,1,1135717536,1994866848,0,0,116476604,10,7,1,1,0,0,0,0
10,0.0521,1.4162,0.8052,0.0024,0.8024,0.7976,0.0036,0.0009,0.1995,0.6064,0.0101,0.0046,0.0063,0.0856,0.0058,0.0647,0.0046,0.0053,0.0699,0.068,0.0016,0.0602,0.3484,0.0031,0.003,0.0313,0.3661,0.2187,0.3435,2.6734,2,1135717536,1994859808,1,0,116476604,11,8,1,1,0,0,0,0
11,0.0612,3.4028,0.9012,0.0039,0.8969,0.8863,0.0078,0.0013,0.2522,2.4427,0.0102,0.0059,0.0055,0.1344,0.0061,0.2489,0.0348,0.0335,0.6234,0.5073,0.0327,0.4849,1.9989,0.0331,0.0549,0.0814,2.0323,0.9783,0.8894,8.3994,3,1135717536,1994864736,2,0,116476604,12,9,1,1,0,0,0,0
12,0.0426,1.4244,0.7957,0.003,0.7925,0.7854,0.0055,0.001,0.2425,0.6082,0.0118,0.0041,0.0052,0.0751,0.0088,0.0468,0.0047,0.0047,0.0618,0.0584,0.0045,0.0593,0.3014,0.0045,0.0189,0.0323,0.3924,0.2322,0.3905,2.7102,4,1135717536,1994867552,0,0,116476604,13,10,1,1,0,0,0,0
13,0.0434,1.4957,0.8109,0.0031,0.8076,0.7974,0.0081,0.0011,0.2508,0.6743,0.0093,0.0046,0.0101,0.122,0.009,0.0698,0.0047,0.0046,0.0618,0.0473,0.0026,0.057,0.3579,0.0045,0.0094,0.0243,0.3129,0.2277,0.3421,2.747,5,1135717536,1994865440,1,0,116476604,14,11,1,1,0,0,0,0
14,0.0447,1.6729,0.8513,0.0022,0.8488,0.8423,0.005,0.0007,0.2346,0.805,0.0128,0.0086,0.0068,0.1247,0.0197,0.0558,0.0052,0.0043,0.0782,0.0993,0.0073,0.117,0.475,0.0063,0.0152,0.0268,2.3582,0.9367,1.2968,7.165,6,1135717536,1994866144,2,0,116476604,15,12,1,1,0,0,0,0
15,0.0469,1.4918,0.7986,0.0035,0.7947,0.7873,0.0058,0.0009,0.2736,0.6656,0.0106,0.0051,0.0078,0.1131,0.0068,0.0444,0.0078,0.0044,0.0568,0.0493,0.0021,0.061,0.3246,0.0077,0.0263,0.0183,0.6107,0.3432,0.2107,2.9529,7,1135717536,1994868960,0,0,116476604,16,13,1,1,0,0,0,0
16,0.0448,3.0208,0.8938,0.003,0.8906,0.8808,0.0078,0.0011,0.2651,2.0164,0.0117,0.0083,0.0091,0.1193,0.0172,0.2559,0.0393,0.0215,0.564,0.3035,0.0149,0.3284,1.5711,0.0223,0.0549,0.0835,1.7604,1.0991,1.2744,8.1666,0,1135717536,1994869664,1,0,116476604,17,14,1,1,0,0,0,0
17,0.0536,1.5031,0.739,0.0045,0.734,0.7226,0.0093,0.0009,0.2453,0.7479,0.0106,0.0067,0.0085,0.1046,0.0067,0.1161,0.0145,0.0033,0.0911,0.0626,0.0026,0.0553,0.4297,0.0022,0.0084,0.0135,0.2559,0.1773,0.4027,2.5811,1,1135717536,1994866848,2,0,116476604,18,15,1,1,0,0,0,0
18,0.0509,1.3954,0.7286,0.0029,0.7254,0.7198,0.0041,0.0007,0.2276,0.6438,0.0106,0.0041,0.0078,0.107,0.0051,0.0649,0.003,0.0044,0.0704,0.0553,0.0022,0.0648,0.3624,0.0028,0.0039,0.0159,0.2644,0.1636,0.225,2.269,2,1135717536,1994859808,0,0,116476604,19,16,1,1,0,0,0,0
19,0.0396,1.3168,0.7227,0.0024,0.72,0.7147,0.004,0.0008,0.1909,0.56,0.0097,0.0051,0.0058,0.0833,0.0043,0.0432,0.0035,0.0047,0.0737,0.0521,0.0052,0.0619,0.3142,0.0036,0.0071,0.0692,0.5178,0.2593,0.3554,2.8079,3,1135717536,1994864736,1,0,116476604,20,17,1,1,0,0,0,0
20,0.0466,1.3756,0.714,0.0033,0.7105,0.7019,0.0064,0.0011,0.2218,0.6182,0.009,0.0057,0.0064,0.115,0.0176,0.052,0.0043,0.004,0.0607,0.0493,0.0048,0.0453,0.3223,0.0048,0.0204,0.0325,0.3223,0.2327,0.3179,2.4986,4,1135717536,1994867552,2,0,116476604,21,18,1,1,0,0,0,0
21,0.0403,1.7498,0.7994,0.0025,0.7967,0.7894,0.0057,0.0009,0.3048,0.9208,0.0117,0.0053,0.0101,0.1776,0.0101,0.0669,0.0112,0.0047,0.0894,0.0672,0.0097,0.1192,0.5203,0.0102,0.0176,0.0329,0.8813,1.3147,1.4759,6.6258,5,1135717536,1994865440,0,0,116476604,22,19,1,1,0,0,0,0
22,0.0451,1.6343,0.8367,0.0022,0.8341,0.823,0.0091,0.0011,0.3277,0.7773,0.0135,0.0083,0.0076,0.1489,0.0064,0.0584,0.0065,0.0096,0.0658,0.0478,0.0034,0.0498,0.3707,0.0046,0.0116,0.0206,0.3079,0.1878,0.3456,2.7206,6,1135717536,1994866144,1,0,116476604,23,20,1,1,0,0,0,0
23,0.0428,1.6804,0.8039,0.0031,0.8006,0.7903,0.0081,0.001,0.2413,0.8584,0.0113,0.0055,0.0068,0.1608,0.0099,0.1104,0.0094,0.0069,0.1055,0.0855,0.0026,0.0813,0.5435,0.004,0.0089,0.0176,0.3855,0.1999,0.3247,2.8563,7,1135717536,1994868960,2,0,116476604,24,21,1,1,0,0,0,0
24,0.0457,1.7713,0.8161,0.0029,0.813,0.8041,0.0064,0.001,0.2347,0.9306,0.0332,0.0064,0.0081,0.2494,0.0167,0.122,0.0101,0.0042,0.0803,0.0755,0.0049,0.0577,0.5849,0.0066,0.0112,0.0258,0.4459,0.4034,0.3175,3.2655,0,1135717536,1994869664,0,0,116476604,25,22,1,1,0,0,0,0
25,0.0478,1.4575,0.7887,0.0032,0.7852,0.7747,0.0085,0.0009,0.2327,0.6496,0.0131,0.0103,0.0075,0.0893,0.0051,0.0744,0.0043,0.0104,0.0686,0.052,0.0034,0.0531,0.3374,0.0052,0.0113,0.0176,0.2646,0.2678,0.2883,2.5386,1,1135717536,1994866848,1,0,116476604,26,23,1,1,0,0,0,0
26,0.0443,1.361,0.7321,0.0024,0.7295,0.7244,0.0039,0.0007,0.1844,0.5978,0.0081,0.0033,0.0052,0.0721,0.0025,0.0452,0.0043,0.0024,0.0729,0.0983,0.0029,0.0704,0.3589,0.0128,0.016,0.0268,0.469,1.341,1.2133,5.3499,2,1135717536,1994859808,2,0,116476604,27,24,1,1,0,0,0,0
27,0.0471,1.5083,0.7233,0.0023,0.7207,0.7145,0.0046,0.0009,0.2725,0.767,0.0125,0.0055,0.0093,0.1121,0.0073,0.0668,0.0096,0.0058,0.1034,0.0705,0.0045,0.0611,0.4139,0.005,0.011,0.0194,0.3735,0.9382,1.2565,5.0792,3,1135717536,1994864736,0,0,116476604,28,25,1,1,0,0,0,0
28,0.0508,1.409,0.7767,0.0025,0.774,0.7658,0.0056,0.0014,0.2277,0.6149,0.0088,0.0047,0.0079,0.072,0.0048,0.0348,0.0028,0.0064,0.0787,0.0727,0.0024,0.0656,0.3238,0.0118,0.0063,0.0276,0.4041,0.1881,0.2514,2.4859,4,1135717536,1994867552,1,0,116476604,29,26,1,1,0,0,0,0
29,0.0415,1.9423,0.9145,0.0032,0.9111,0.8965,0.0115,0.002,0.3669,0.9842,0.0241,0.012,0.0189,0.1794,0.0136,0.0499,0.004,0.0057,0.0893,0.0553,0.0028,0.1043,0.4782,0.009,0.0231,0.041,1.654,1.058,1.1275,6.8965,5,1135717536,1994865440,2,0,116476604,30,27,1,1,0,0,0,0
30,0.0446,2.1485,0.9967,0.0025,0.9939,0.979,0.0127,0.0013,0.3236,1.1115,0.0107,0.0102,0.0062,0.3957,0.0115,0.0437,0.0042,0.0205,0.085,0.0963,0.005,0.065,0.6857,0.0077,0.0229,0.0167,0.3729,0.2201,0.2779,3.291,6,1135717536,1994866144,0,0,116476604,31,28,1,1,0,0,0,0
31,0.0417,1.4174,0.674,0.0022,0.6716,0.664,0.006,0.0009,0.1977,0.7321,0.0088,0.0038,0.0068,0.08,0.0042,0.044,0.0038,0.0124,0.1007,0.1407,0.0065,0.1046,0.47,0.0038,0.0039,0.019,0.8806,0.8123,1.2105,5.1397,7,1135717536,1994868960,1,0,116476604,32,29,1,1,0,0,0,0
32,0.0803,2.4762,1.216,0.0068,1.2087,1.1889,0.016,0.0022,0.4381,1.2216,0.0317,0.017,0.022,0.2534,0.0118,0.0891,0.0068,0.0064,0.0855,0.113,0.0056,0.0971,0.6381,0.0068,0.0138,0.0319,0.5933,0.3307,0.4317,4.271,0,1135717536,1994869664,2,0,116476604,33,30,1,1,0,0,0,0
33,0.042,1.4816,0.8192,0.0029,0.8161,0.8059,0.0067,0.0022,0.2208,0.6373,0.0086,0.0045,0.0069,0.0931,0.0056,0.0555,0.0049,0.0055,0.0852,0.0615,0.0024,0.0579,0.3532,0.01,0.0114,0.0294,0.3491,0.3472,1.2795,3.9171,1,1135717536,1994866848,0,0,116476604,34,31,1,1,0,0,0,0
34,0.0447,1.2847,0.7212,0.0024,0.7184,0.7113,0.0051,0.0011,0.1888,0.5371,0.0081,0.0035,0.0054,0.0613,0.0032,0.0329,0.0048,0.0041,0.0599,0.0463,0.0036,0.0948,0.2952,0.0052,0.0156,0.0308,0.2908,0.1887,0.3629,2.4095,2,1135717536,1994859808,1,0,116476604,35,32,1,1,0,0,0,0
35,0.056,1.677,0.7973,0.0058,0.7912,0.7792,0.009,0.0016,0.3347,0.8565,0.0174,0.0089,0.0118,0.1343,0.0053,0.0522,0.0038,0.0051,0.0756,0.1213,0.0035,0.0481,0.4315,0.0034,0.0129,0.0238,0.3634,0.2535,0.3956,2.9943,3,1135717536,1994864736,2,0,116476604,36,33,1,1,0,0,0,0
36,0.0427,1.2901,0.6924,0.0026,0.6893,0.6799,0.0074,0.0008,0.2126,0.5628,0.0085,0.0048,0.0067,0.089,0.0043,0.0301,0.0041,0.0082,0.0548,0.0545,0.0025,0.0648,0.2932,0.0044,0.0181,0.0255,0.2523,0.1761,0.2751,2.2252,4,1135717536,1994867552,0,0,116476604,37,34,1,1,0,0,0,0
37,0.041,2.0051,0.8884,0.0027,0.8855,0.8749,0.0069,0.0014,0.3723,1.0727,0.0212,0.0128,0.0181,0.1858,0.022,0.1174,0.0081,0.0077,0.0849,0.0575,0.0041,0.1132,0.5588,0.0097,0.0262,0.0377,2.0546,1.3121,1.3875,7.612,5,1135717536,1994865440,1,0,116476604,38,35,1,1,0,0,0,0
38,0.0394,1.7952,0.7295,0.0022,0.7268,0.7142,0.0103,0.0013,0.2957,1.0442,0.0118,0.0074,0.0106,0.2048,0.0149,0.1066,0.0066,0.0201,0.1212,0.0985,0.0055,0.056,0.5871,0.0041,0.0103,0.0187,0.6352,0.3749,2.0155,5.8869,6,1135717536,1994866144,2,0,116476604,39,36,1,1,0,0,0,0
39,0.0451,1.5541,0.8384,0.0027,0.8354,0.8253,0.008,0.0011,0.2771,0.7013,0.0094,0.005,0.0091,0.1088,0.0036,0.0455,0.0038,0.0036,0.0699,0.0655,0.014,0.0642,0.3539,0.0036,0.0052,0.0145,0.2556,0.173,0.4175,2.614,7,1135717536,1994868960,0,0,116476604,40,37,1,1,0,0,0,0
40,0.0468,1.7845,0.8338,0.0031,0.8304,0.8158,0.0112,0.0021,0.4131,0.9321,0.0217,0.0117,0.0144,0.1529,0.0113,0.0566,0.0138,0.0058,0.0561,0.0473,0.0029,0.0732,0.3861,0.0093,0.0074,0.023,0.3065,0.1807,0.3275,2.8753,0,1135717536,1994869664,1,0,116476604,41,38,1,1,0,0,0,0
41,0.0416,1.3859,0.8504,0.0028,0.8472,0.842,0.0036,0.001,0.1808,0.5201,0.0081,0.0031,0.0051,0.0733,0.0026,0.0365,0.0024,0.0026,0.0767,0.0577,0.0019,0.0512,0.2954,0.0034,0.0033,0.0278,0.3281,0.2201,1.135,3.4212,1,1135717536,1994866848,2,0,116476604,42,39,1,1,0,0,0,0
42,0.0468,1.6238,0.874,0.0028,0.871,0.8618,0.0061,0.0021,0.2907,0.7286,0.0109,0.0056,0.0125,0.1272,0.0047,0.045,0.0044,0.0096,0.0652,0.0657,0.0032,0.0637,0.3668,0.0038,0.0113,0.0253,0.4401,0.2915,1.2148,3.9858,2,1135717536,1994859808,0,0,116476604,43,40,1,1,0,0,0,0
43,0.046,1.4633,0.8172,0.0024,0.8146,0.8022,0.01,0.0011,0.2098,0.621,0.0076,0.0035,0.0055,0.0918,0.0062,0.0598,0.0038,0.0161,0.082,0.0695,0.0026,0.044,0.3471,0.0049,0.0095,0.0322,0.4197,0.2382,0.7583,3.2866,3,1135717536,1994864736,1,0,116476604,44,41,1,1,0,0,0,0
44,0.0873,1.7043,0.8155,0.005,0.8099,0.7981,0.0085,0.0016,0.2925,0.8655,0.0173,0.0066,0.0123,0.1476,0.0197,0.109,0.0051,0.0061,0.0857,0.0717,0.0039,0.0594,0.4734,0.0037,0.0119,0.0258,1.0765,1.127,1.456,6.2198,4,1135717536,1994867552,2,0,116476604,45,42,1,1,0,0,0,0
45,0.0451,1.3204,0.6734,0.0019,0.6711,0.661,0.0081,0.0008,0.2151,0.6116,0.0087,0.0046,0.0071,0.0717,0.0031,0.0641,0.0168,0.0046,0.0577,0.0773,0.0076,0.0518,0.3226,0.0036,0.0197,0.0326,0.3143,0.2244,0.3118,2.4419,5,1135717536,1994865440,0,0,116476604,46,43,1,1,0,0,0,0
46,0.0415,1.2612,0.7092,0.0026,0.7064,0.7,0.0049,0.0008,0.1874,0.5295,0.0084,0.0034,0.0049,0.0738,0.0032,0.0546,0.0031,0.0031,0.0475,0.0448,0.0018,0.0777,0.2984,0.003,0.0039,0.0444,1.59,1.18,1.7861,6.68,6,1135717536,1994866144,1,0,116476604,47,44,1,1,0,0,0,0
47,0.0426,1.3021,0.8105,0.0023,0.8078,0.8031,0.0035,0.0008,0.1796,0.4784,0.0076,0.0036,0.0053,0.0713,0.0033,0.0446,0.0035,0.0035,0.047,0.051,0.0019,0.0412,0.2551,0.0032,0.0026,0.0269,0.3117,0.2137,0.3574,2.4269,7,1135717536,1994868960,2,0,116476604,48,45,1,1,0,0,0,0
48,0.0419,1.697,0.7038,0.0026,0.701,0.6945,0.0047,0.0011,0.3601,0.9065,0.0292,0.009,0.0107,0.149,0.0075,0.0407,0.0031,0.0086,0.0986,0.0499,0.0023,0.083,0.4212,0.0157,0.0271,0.0608,1.4295,1.0932,1.3577,6.8479,0,1135717536,1994869664,0,0,116476604,49,46,1,1,0,0,0,0
49,0.0485,1.6206,0.8476,0.0035,0.8436,0.8355,0.0061,0.0013,0.2419,0.7492,0.009,0.0046,0.0078,0.1171,0.0079,0.0713,0.0039,0.0036,0.0675,0.0835,0.0155,0.0885,0.4279,0.0077,0.0143,0.0209,0.4192,0.2724,0.3384,2.9259,1,1135717536,1994866848,1,0,116476604,50,47,1,1,0,0,0,0
50,0.0403,1.1855,0.6662,0.0022,0.6637,0.6586,0.0033,0.0013,0.1742,0.5036,0.0084,0.0033,0.0062,0.0716,0.0032,0.0491,0.0033,0.0029,0.0543,0.0429,0.0019,0.0648,0.2827,0.0045,0.0029,0.0324,0.3614,0.1758,0.5159,2.6012,2,1135717536,1994859808,2,0,116476604,51,48,1,1,0,0,0,0
51,0.0442,1.6155,0.7954,0.0032,0.792,0.7856,0.0046,0.001,0.2323,0.7993,0.0129,0.009,0.0066,0.1712,0.0357,0.0992,0.0104,0.0079,0.076,0.0572,0.0065,0.0451,0.4487,0.0047,0.0121,0.0201,0.3827,0.8239,1.1796,4.7564,3,1135717536,1994864736,0,0,116476604,52,49,1,1,0,0,0,0
52,0.0438,1.1562,0.6933,0.0025,0.6905,0.6854,0.0039,0.0008,0.1837,0.4482,0.0076,0.0032,0.005,0.0696,0.0024,0.0347,0.0028,0.0039,0.0402,0.0375,0.0015,0.0394,0.2214,0.0038,0.0024,0.0281,0.3726,0.2627,0.2585,2.3049,4,1135717536,1994867552,1,0,116476604,53,50,1,1,0,0,0,0
53,0.0459,1.522,0.8361,0.0026,0.8333,0.8219,0.0087,0.0012,0.2559,0.6675,0.0162,0.0087,0.014,0.1311,0.0068,0.0571,0.0049,0.0053,0.0534,0.0456,0.0036,0.0424,0.3296,0.0033,0.0111,0.0175,0.2946,0.1864,0.2016,2.4436,5,1135717536,1994865440,2,0,116476604,54,51,1,1,0,0,0,0
54,0.0418,1.2794,0.7912,0.0023,0.7884,0.7832,0.0042,0.0006,0.1673,0.4699,0.0073,0.0039,0.0052,0.0654,0.0028,0.0342,0.0026,0.0027,0.0399,0.0717,0.0035,0.0488,0.26,0.0038,0.0037,0.0277,0.3356,0.2041,0.3498,2.4091,6,1135717536,1994866144,0,0,116476604,55,52,1,1,0,0,0,0
55,0.0401,1.6546,0.7961,0.0021,0.7937,0.7797,0.0105,0.002,0.3147,0.8488,0.0248,0.0122,0.0169,0.1873,0.0273,0.072,0.0074,0.0035,0.0572,0.0456,0.0043,0.0337,0.3958,0.0032,0.0033,0.0186,0.27,0.1662,0.3255,2.6087,7,1135717536,1994868960,1,0,116476604,56,53,1,1,0,0,0,0
56,0.0392,1.5534,0.6533,0.0023,0.6508,0.6444,0.0047,0.001,0.3751,0.8787,0.019,0.0085,0.0176,0.149,0.0094,0.0672,0.0062,0.0052,0.0604,0.059,0.0047,0.0629,0.3985,0.005,0.012,0.0204,0.3498,0.2007,0.2285,2.5723,0,1135717536,1994869664,2,0,116476604,57,54,1,1,0,0,0,0
57,0.0407,1.7276,0.8357,0.0032,0.8322,0.8191,0.0103,0.0013,0.3163,0.8707,0.0161,0.0098,0.0114,0.1428,0.0109,0.0577,0.0068,0.0055,0.0623,0.1045,0.0109,0.0898,0.4571,0.004,0.0124,0.0189,0.3407,0.2198,0.1784,2.6921,1,1135717536,1994866848,0,0,116476604,58,55,1,1,0,0,0,0
58,0.0398,1.6348,0.68,0.0021,0.6775,0.6696,0.0061,0.0009,0.5345,0.9377,0.0158,0.0101,0.0115,0.131,0.0065,0.0891,0.0042,0.0032,0.0449,0.0299,0.0022,0.0292,0.3241,0.0027,0.0099,0.0162,0.2385,0.2283,0.3477,2.7173,2,1135717536,1994859808,1,0,116476604,59,56,1,1,0,0,0,0
59,0.0499,1.5192,0.6664,0.0023,0.6639,0.656,0.0058,0.0011,0.201,0.8248,0.0087,0.0041,0.007,0.2047,0.0225,0.0806,0.0078,0.0061,0.0649,0.0637,0.0045,0.1223,0.5362,0.0089,0.0163,0.0302,0.4303,0.2339,0.6076,3.1463,3,1135717536,1994864736,2,0,116476604,60,57,1,1,0,0,0,0
60,0.055,1.3496,0.7103,0.0022,0.7078,0.6992,0.0059,0.0012,0.2778,0.6238,0.0181,0.0112,0.0095,0.1293,0.0045,0.0337,0.004,0.0035,0.0347,0.0333,0.0028,0.0299,0.2609,0.0029,0.0088,0.0657,0.2608,0.1472,0.2469,2.287,4,1135717536,1994867552,0,0,116476604,61,58,1,1,0,0,0,0
61,0.0397,2.1116,0.769,0.0023,0.7665,0.7508,0.0125,0.0017,0.5132,1.319,0.0184,0.0136,0.0176,0.2096,0.0089,0.1917,0.0075,0.0102,0.1271,0.0968,0.0078,0.0634,0.6886,0.006,0.0149,0.0207,0.3967,0.2279,0.1862,3.1623,5,1135717536,1994865440,1,0,116476604,62,59,1,1,0,0,0,0
62,0.0393,1.455,0.7285,0.002,0.7263,0.7191,0.005,0.001,0.2069,0.6982,0.0078,0.0048,0.0086,0.0646,0.0035,0.1145,0.0161,0.0077,0.1108,0.0637,0.0049,0.0597,0.4133,0.0069,0.0178,0.0207,0.3421,0.1808,0.3057,2.5226,6,1135717536,1994866144,2,0,116476604,63,60,1,1,0,0,0,0
63,0.0396,1.6528,0.6745,0.0024,0.6719,0.6649,0.0051,0.0008,0.3057,0.951,0.0131,0.0081,0.0154,0.155,0.0087,0.1352,0.0106,0.0091,0.088,0.0745,0.0049,0.0906,0.5433,0.0095,0.0169,0.021,0.3818,0.2611,0.5713,3.1346,7,1135717536,1994868960,0,0,116476604,64,61,1,1,0,0,0,0
64,0.0394,1.4731,0.6936,0.0024,0.691,0.6844,0.0048,0.0008,0.2989,0.7622,0.0113,0.0072,0.0126,0.1383,0.0102,0.0679,0.0063,0.0054,0.0613,0.0566,0.0041,0.0569,0.381,0.0052,0.0108,0.0185,0.3394,0.176,0.4166,2.6572,0,1135717536,1994869664,1,0,116476604,65,62,1,1,0,0,0,0
65,0.0401,1.4664,0.6738,0.0022,0.6712,0.6631,0.006,0.0012,0.3011,0.7744,0.0106,0.0061,0.0124,0.1516,0.0106,0.0647,0.0061,0.0052,0.0597,0.0595,0.0042,0.0564,0.3919,0.0046,0.0114,0.0172,0.3234,0.2092,0.2576,2.4696,1,1135717536,1994866848,2,0,116476604,66,63,1,1,0,0,0,0
66,0.0455,1.4379,0.7121,0.0038,0.708,0.7014,0.0052,0.0008,0.1845,0.707,0.01,0.0038,0.0068,0.1328,0.0055,0.1243,0.0192,0.0048,0.079,0.0538,0.0041,0.0593,0.4492,0.0041,0.0067,0.0284,1.4077,1.1117,1.11,6.0936,2,1135717536,1994859808,0,0,116476604,67,64,1,1,0,0,0,0
67,0.0383,1.2821,0.7068,0.0023,0.7042,0.698,0.0051,0.0006,0.1765,0.5569,0.0081,0.0037,0.0072,0.08,0.0061,0.0578,0.0048,0.0112,0.0652,0.0601,0.0039,0.0548,0.3179,0.0036,0.0042,0.0293,0.5785,1.0809,0.941,4.6854,3,1135717536,1994864736,1,0,116476604,68,65,1,1,0,0,0,0
68,0.0519,1.2601,0.7817,0.0031,0.7784,0.7702,0.0055,0.0009,0.1978,0.4442,0.0079,0.0049,0.0072,0.0594,0.0028,0.0272,0.003,0.0043,0.0456,0.0281,0.0038,0.0365,0.1968,0.0028,0.0191,0.0336,0.4049,0.2282,0.2178,2.4174,4,1135717536,1994867552,2,0,116476604,69,66,1,1,0,0,0,0
69,0.0388,1.5897,0.6591,0.0024,0.6565,0.6502,0.0045,0.0009,0.3332,0.9073,0.0117,0.0075,0.0174,0.2179,0.0179,0.0683,0.0076,0.0048,0.0593,0.0555,0.0041,0.0751,0.4761,0.0046,0.013,0.0258,0.3077,0.2295,0.3271,2.7305,5,1135717536,1994865440,0,0,116476604,70,67,1,1,0,0,0,0
70,0.0402,1.4907,0.657,0.0022,0.6545,0.6484,0.0043,0.0008,0.3294,0.8149,0.0119,0.0076,0.0146,0.1661,0.0097,0.0666,0.0058,0.0054,0.0602,0.0541,0.004,0.0543,0.4013,0.0046,0.0102,0.0201,0.3341,0.1986,0.2385,2.488,6,1135717536,1994866144,1,0,116476604,71,68,1,1,0,0,0,0
71,0.041,1.585,0.8143,0.0028,0.8111,0.7987,0.01,0.0011,0.2589,0.7465,0.0096,0.0064,0.0097,0.1258,0.0205,0.1023,0.0051,0.0091,0.0604,0.0483,0.006,0.0596,0.3964,0.004,0.0121,0.0188,0.3121,0.2358,0.1804,2.5907,7,1135717536,1994868960,2,0,116476604,72,69,1,1,0,0,0,0
72,0.0451,1.5405,0.8112,0.0039,0.8071,0.794,0.0106,0.0011,0.2484,0.7126,0.0106,0.0061,0.009,0.1356,0.0139,0.0905,0.0099,0.0039,0.0648,0.0535,0.0038,0.0391,0.3835,0.0045,0.0096,0.0145,0.2455,0.1715,0.2321,2.4014,0,1135717536,1994869664,0,0,116476604,73,70,1,1,0,0,0,0
73,0.0404,1.8727,0.6787,0.0022,0.6761,0.6683,0.0057,0.0011,0.3621,1.1713,0.021,0.0165,0.0153,0.1817,0.0124,0.1616,0.0087,0.0088,0.1123,0.1257,0.0137,0.0876,0.6689,0.0066,0.0139,0.0211,0.3383,0.2101,0.2319,2.9004,1,1135717536,1994866848,1,0,116476604,74,71,1,1,0,0,0,0
74,0.0391,1.5424,0.7784,0.0026,0.7756,0.7682,0.0054,0.0008,0.2903,0.744,0.0102,0.0067,0.0138,0.1396,0.0097,0.0646,0.0061,0.0055,0.0585,0.056,0.0045,0.0537,0.3724,0.0047,0.0109,0.0196,0.3408,0.2068,0.4961,2.8688,2,1135717536,1994859808,2,0,116476604,75,72,1,1,0,0,0,0
75,0.0537,1.6809,0.8397,0.0033,0.8357,0.8281,0.0055,0.001,0.2153,0.8065,0.0073,0.0046,0.0978,0.1329,0.0102,0.0758,0.0067,0.006,0.0624,0.1029,0.0049,0.0567,0.4307,0.0071,0.0194,0.0387,0.4696,0.2592,1.3166,4.1391,3,1135717536,1994864736,0,0,116476604,76,73,1,1,0,0,0,0
76,0.0397,1.1523,0.6689,0.0021,0.6666,0.6599,0.005,0.0007,0.1984,0.4589,0.0076,0.0038,0.0052,0.0775,0.0045,0.0368,0.0041,0.0051,0.0357,0.0328,0.002,0.0298,0.2126,0.0032,0.014,0.0279,0.3258,0.1461,0.2616,2.0846,4,1135717536,1994867552,1,0,116476604,77,74,1,1,0,0,0,0
77,0.0405,1.5934,0.7004,0.0021,0.698,0.6912,0.0051,0.0009,0.2886,0.8685,0.011,0.0082,0.0182,0.1628,0.011,0.0753,0.0054,0.0055,0.065,0.1159,0.0064,0.0684,0.4874,0.0051,0.0167,0.0205,0.3236,0.2093,0.2578,2.6179,5,1135717536,1994865440,2,0,116476604,78,75,1,1,0,0,0,0
78,0.0398,1.2242,0.6869,0.0023,0.6844,0.6767,0.006,0.0008,0.239,0.5113,0.0084,0.0038,0.0052,0.0833,0.0055,0.0402,0.0031,0.0036,0.0363,0.0323,0.0026,0.0306,0.2227,0.0033,0.0153,0.0293,0.2634,0.1407,0.1758,2.002,6,1135717536,1994866144,0,0,116476604,79,76,1,1,0,0,0,0
79,0.0402,1.867,0.7658,0.0025,0.7632,0.755,0.006,0.0011,0.3934,1.0689,0.0127,0.0075,0.015,0.1629,0.0122,0.0765,0.0059,0.0148,0.1218,0.0903,0.0039,0.1225,0.574,0.0074,0.0212,0.0252,0.3886,0.2259,1.057,4.2244,7,1135717536,1994868960,1,0,116476604,80,77,1,1,0,0,0,0
80,0.0401,1.6542,0.7445,0.003,0.7413,0.7304,0.0085,0.001,0.3183,0.8533,0.0261,0.0145,0.0151,0.1409,0.0053,0.0456,0.0034,0.013,0.0717,0.1018,0.0075,0.0495,0.4095,0.0059,0.0126,0.021,0.372,0.2082,0.3071,2.741,0,1135717536,1994869664,2,0,116476604,81,78,1,1,0,0,0,0
81,0.0405,1.7234,0.6773,0.0025,0.6746,0.6672,0.0057,0.0008,0.5221,1.0291,0.0202,0.0103,0.0189,0.1466,0.0076,0.0676,0.005,0.0055,0.0599,0.0943,0.0035,0.0381,0.4065,0.003,0.0095,0.0162,0.3263,0.2817,1.1243,4.2532,1,1135717536,1994866848,0,0,116476604,82,79,1,1,0,0,0,0
82,0.0404,1.7595,0.6715,0.0025,0.6688,0.6621,0.0052,0.0007,0.3215,1.0655,0.0108,0.008,0.0138,0.1417,0.0077,0.2309,0.0123,0.0052,0.1003,0.1053,0.0075,0.0729,0.6511,0.0061,0.013,0.0204,0.2761,0.2106,0.4832,3.0148,2,1135717536,1994859808,1,0,116476604,83,80,1,1,0,0,0,0
83,0.0434,1.7831,0.6994,0.0024,0.6968,0.6895,0.0053,0.0011,0.2976,1.0644,0.0121,0.0058,0.0089,0.4661,0.0046,0.0401,0.0032,0.0087,0.061,0.0718,0.0047,0.0568,0.6958,0.0049,0.0115,0.0198,0.3229,0.2145,0.258,2.8239,3,1135717536,1994864736,2,0,116476604,84,81,1,1,0,0,0,0
84,0.0391,1.1481,0.6821,0.0023,0.6796,0.6736,0.0046,0.0008,0.2113,0.4411,0.009,0.0044,0.005,0.0606,0.0033,0.0287,0.0035,0.004,0.0319,0.0312,0.0022,0.0292,0.1816,0.0027,0.0125,0.0281,0.3354,0.1436,0.3088,2.1721,4,1135717536,1994867552,0,0,116476604,85,82,1,1,0,0,0,0
85,0.0409,1.5477,0.6993,0.0021,0.697,0.6879,0.0066,0.0009,0.2148,0.7924,0.0205,0.009,0.0102,0.1322,0.0086,0.1334,0.0086,0.0048,0.0778,0.0681,0.0026,0.0649,0.4764,0.0044,0.0171,0.0273,0.5116,0.2302,0.2486,2.7878,5,1135717536,1994865440,1,0,116476604,86,83,1,1,0,0,0,0
86,0.0393,1.4401,0.6721,0.0021,0.6697,0.6626,0.0052,0.0008,0.277,0.7456,0.011,0.0062,0.0128,0.1509,0.0104,0.0663,0.0062,0.0054,0.0589,0.058,0.0043,0.0524,0.3865,0.0046,0.0137,0.0199,0.3377,0.3451,0.3355,2.8691,6,1135717536,1994866144,2,0,116476604,87,84,1,1,0,0,0,0
87,0.0397,1.5477,0.7613,0.0022,0.7589,0.7455,0.011,0.0011,0.3027,0.7677,0.0106,0.0069,0.0131,0.1541,0.0114,0.0614,0.0061,0.0062,0.0568,0.0563,0.0038,0.0528,0.3814,0.0045,0.0112,0.0183,0.3309,0.2127,0.2415,2.5403,7,1135717536,1994868960,0,0,116476604,88,85,1,1,0,0,0,0
88,0.0432,1.4216,0.7716,0.0022,0.7692,0.7628,0.0051,0.0008,0.1864,0.6248,0.0092,0.0044,0.0056,0.0765,0.0027,0.0424,0.0055,0.0173,0.1161,0.0693,0.0044,0.0644,0.3687,0.0058,0.0109,0.0289,0.3126,0.185,0.3236,2.5287,0,1135717536,1994869664,1,0,116476604,89,86,1,1,0,0,0,0
89,0.0373,1.4513,0.6842,0.0024,0.6816,0.6737,0.0059,0.001,0.2811,0.7542,0.0111,0.0088,0.0144,0.157,0.0097,0.0623,0.0063,0.0066,0.0591,0.0543,0.0041,0.0546,0.3873,0.0042,0.0074,0.0133,0.2605,0.236,0.3109,2.5162,1,1135717536,1994866848,2,0,116476604,90,87,1,1,0,0,0,0
90,0.0433,1.6686,0.832,0.0032,0.8285,0.8163,0.0098,0.0013,0.2801,0.818,0.0093,0.0054,0.0104,0.1338,0.0115,0.0537,0.0081,0.0063,0.0639,0.0792,0.014,0.1183,0.4489,0.0041,0.0109,0.0167,0.3896,0.3664,1.1354,4.4211,2,1135717536,1994859808,0,0,116476604,91,88,1,1,0,0,0,0
91,0.0442,1.6182,0.8379,0.0031,0.8344,0.8261,0.0068,0.0009,0.214,0.7352,0.0072,0.0046,0.0068,0.1316,0.0045,0.0805,0.0051,0.0032,0.0737,0.045,0.0072,0.1316,0.4624,0.0072,0.025,0.0308,0.9749,0.9147,0.965,5.1669,3,1135717536,1994864736,1,0,116476604,92,89,1,1,0,0,0,0
92,0.0565,2.0669,1.0726,0.0066,1.0658,1.0454,0.017,0.0016,0.3082,0.9592,0.0108,0.0081,0.0157,0.1672,0.0082,0.1819,0.0116,0.0045,0.0808,0.0604,0.0041,0.0702,0.5605,0.0074,0.0224,0.033,1.0986,0.7992,1.1072,5.8712,4,1135717536,1994867552,2,0,116476604,93,90,1,1,0,0,0,0
93,0.0501,1.7077,1.0393,0.0031,1.0357,1.0255,0.0074,0.001,0.2371,0.634,0.009,0.0049,0.0088,0.1197,0.0069,0.046,0.0057,0.004,0.0637,0.056,0.0023,0.0523,0.3377,0.0038,0.023,0.0314,0.304,0.2657,0.5123,3.2669,5,1135717536,1994865440,0,0,116476604,94,91,1,1,0,0,0,0
94,0.0398,1.5774,0.6712,0.0019,0.6689,0.6602,0.0062,0.0012,0.3533,0.8789,0.0213,0.015,0.0167,0.1448,0.0079,0.0835,0.0052,0.0049,0.07,0.0553,0.0044,0.0553,0.4089,0.0059,0.017,0.0265,0.3919,0.2714,0.3267,2.8369,6,1135717536,1994866144,1,0,116476604,95,92,1,1,0,0,0,0
95,0.0497,1.8027,0.8397,0.0026,0.8369,0.8233,0.0101,0.0018,0.3061,0.9405,0.0115,0.0072,0.0128,0.1665,0.0159,0.1063,0.0063,0.009,0.0692,0.1129,0.0033,0.088,0.5429,0.0044,0.0131,0.022,0.3752,0.2349,0.6249,3.4559,7,1135717536,1994868960,2,0,116476604,96,93,1,1,0,0,0,0
96,0.0389,1.5701,0.6823,0.002,0.68,0.6725,0.0052,0.0009,0.3351,0.8669,0.0119,0.008,0.0153,0.156,0.0091,0.0907,0.0065,0.0064,0.0677,0.0693,0.0042,0.0583,0.442,0.0054,0.0129,0.0214,0.3538,0.2172,0.2552,2.6026,0,1135717536,1994869664,0,0,116476604,97,94,1,1,0,0,0,0
97,0.0417,1.5441,0.6893,0.0022,0.6869,0.6789,0.0061,0.0008,0.324,0.8304,0.0268,0.019,0.012,0.1627,0.0066,0.0657,0.0055,0.0059,0.0604,0.0643,0.0036,0.033,0.3861,0.0032,0.0139,0.0287,0.3575,0.7146,0.9659,4.2469,1,1135717536,1994866848,1,0,116476604,98,95,1,1,0,0,0,0
98,0.04,1.5847,0.7595,0.0023,0.757,0.7409,0.0131,0.0015,0.2841,0.7987,0.0103,0.005,0.0079,0.1888,0.0071,0.0886,0.0048,0.0071,0.0764,0.0541,0.0036,0.0436,0.4515,0.0037,0.0131,0.0316,0.6599,0.795,1.0229,4.7554,2,1135717536,1994859808,2,0,116476604,99,96,1,1,0,0,0,0
99,0.0409,1.2105,0.6938,0.0023,0.6913,0.6833,0.0064,0.0009,0.2009,0.4881,0.0076,0.0046,0.0064,0.0789,0.0038,0.0615,0.005,0.0033,0.0342,0.0314,0.0021,0.0314,0.2374,0.0035,0.0177,0.0252,0.2739,0.1407,0.1878,2.0125,3,1135717536,1994864736,0,0,116476604,100,97,1,1,0,0,0,0
100,0.042,1.43,0.6543,0.0027,0.6513,0.6432,0.0059,0.0011,0.301,0.7583,0.0117,0.006,0.0123,0.1459,0.0107,0.063,0.0055,0.0062,0.0606,0.0542,0.0039,0.0534,0.3771,0.0047,0.0106,0.018,0.3217,0.1963,0.2479,2.472,4,1135717536,1994867552,1,0,116476604,101,98,1,1,0,0,0,0
101,0.0535,1.719,0.7722,0.0026,0.7693,0.7571,0.0092,0.0016,0.3242,0.924,0.0167,0.0088,0.0153,0.1389,0.0119,0.1456,0.0134,0.0033,0.0619,0.07,0.0079,0.0749,0.4913,0.0065,0.0148,0.0223,0.3389,0.1985,0.3791,2.9157,5,1135717536,1994865440,2,0,116476604,102,99,1,1,0,0,0,0
102,0.039,1.2909,0.6818,0.0022,0.6794,0.6722,0.0055,0.0008,0.2882,0.5805,0.0105,0.0065,0.0131,0.0889,0.0039,0.0379,0.0054,0.0047,0.0352,0.0315,0.0022,0.0315,0.225,0.0034,0.0164,0.0392,0.5011,0.2134,0.2777,2.553,6,1135717536,1994866144,0,0,116476604,103,100,1,1,0,0,0,0
103,0.0393,1.526,0.6893,0.0023,0.6868,0.6795,0.0055,0.0008,0.3229,0.8171,0.0117,0.0081,0.0157,0.1442,0.0085,0.0743,0.0063,0.0075,0.0649,0.0613,0.0043,0.059,0.4037,0.0056,0.0114,0.0232,0.3565,0.2167,0.2671,2.6207,7,1135717536,1994868960,1,0,116476604,104,101,1,1,0,0,0,0
104,0.0449,1.5946,0.8215,0.0034,0.8178,0.8037,0.0113,0.0013,0.2182,0.757,0.0079,0.0045,0.0069,0.1489,0.0061,0.1213,0.0046,0.0028,0.0697,0.0568,0.0075,0.0859,0.4826,0.0027,0.0087,0.0155,0.3222,0.2033,0.4116,2.7387,0,1135717536,1994869664,2,0,116476604,105,102,1,1,0,0,0,0
105,0.0469,1.8002,0.7985,0.0032,0.7951,0.7819,0.0106,0.0013,0.2493,0.9809,0.0103,0.0056,0.0077,0.1886,0.0054,0.1156,0.0067,0.0201,0.1248,0.1296,0.0039,0.0931,0.6517,0.0035,0.0115,0.018,0.3303,0.2327,0.2324,2.8648,1,1135717536,1994866848,0,0,116476604,106,103,1,1,0,0,0,0
106,0.0629,1.5621,0.884,0.0045,0.8792,0.8697,0.0067,0.0012,0.2259,0.6528,0.0089,0.0055,0.0092,0.1283,0.011,0.0591,0.0093,0.0093,0.0547,0.0476,0.0043,0.0579,0.3476,0.0038,0.0141,0.0235,0.3226,0.177,0.2904,2.6286,2,1135717536,1994859808,1,0,116476604,107,104,1,1,0,0,0,0
107,0.0437,1.4021,0.6616,0.0023,0.6591,0.6522,0.005,0.0009,0.2656,0.7223,0.0102,0.0058,0.0129,0.1342,0.0093,0.0683,0.0059,0.0058,0.0588,0.0609,0.0046,0.0551,0.3773,0.0047,0.0117,0.0831,0.3363,0.2052,0.2454,2.4901,3,1135717536,1994864736,2,0,116476604,108,105,1,1,0,0,0,0
108,0.0412,1.712,0.805,0.0022,0.8024,0.7946,0.0057,0.0011,0.2831,0.8819,0.0111,0.0065,0.0124,0.216,0.016,0.1052,0.0064,0.0058,0.0662,0.06,0.0044,0.06,0.5074,0.0059,0.0149,0.0219,0.3965,0.285,0.5014,3.2237,4,1135717536,1994867552,0,0,116476604,109,106,1,1,0,0,0,0
109,0.0394,1.1607,0.6544,0.0024,0.6518,0.6452,0.0046,0.0013,0.2107,0.482,0.008,0.0041,0.0089,0.083,0.0052,0.0421,0.0033,0.003,0.0328,0.0324,0.0021,0.0296,0.2199,0.0033,0.0153,0.0221,0.2434,0.1396,0.1949,1.9278,5,1135717536,1994865440,1,0,116476604,110,107,1,1,0,0,0,0
110,0.0401,1.3825,0.6833,0.0026,0.6805,0.6733,0.0048,0.0012,0.2088,0.6712,0.0084,0.0044,0.0059,0.0635,0.0039,0.0852,0.0153,0.0071,0.107,0.068,0.0049,0.0653,0.389,0.0065,0.02,0.0198,0.3153,0.1745,0.2912,2.3923,6,1135717536,1994866144,2,0,116476604,111,108,1,1,0,0,0,0
111,0.0399,1.5473,0.7234,0.0022,0.721,0.7134,0.0056,0.0009,0.2936,0.8069,0.011,0.0062,0.0091,0.1594,0.0165,0.0862,0.0056,0.0053,0.0636,0.0677,0.0048,0.0555,0.4324,0.0038,0.0103,0.0153,0.2354,0.2433,0.2584,2.522,7,1135717536,1994868960,0,0,116476604,112,109,1,1,0,0,0,0
112,0.0396,1.3887,0.6571,0.0024,0.6544,0.648,0.0049,0.0009,0.198,0.7096,0.01,0.0046,0.0072,0.1719,0.0168,0.0764,0.0072,0.0062,0.0635,0.0603,0.0045,0.0579,0.43,0.0066,0.0134,0.0208,0.3648,0.2085,0.2957,2.4709,0,1135717536,1994869664,1,0,116476604,113,110,1,1,0,0,0,0
113,0.0396,1.5057,0.6815,0.0024,0.6789,0.6713,0.0057,0.0008,0.3326,0.8065,0.0104,0.0071,0.0132,0.1459,0.0108,0.0702,0.0054,0.0059,0.0609,0.0588,0.0046,0.0557,0.3915,0.0048,0.011,0.017,0.2583,0.2241,0.3103,2.5576,1,1135717536,1994866848,2,0,116476604,114,111,1,1,0,0,0,0
114,0.04,1.5746,0.6765,0.0022,0.6741,0.6666,0.0057,0.0008,0.2775,0.875,0.0108,0.0059,0.0094,0.1767,0.0098,0.11,0.0041,0.0084,0.0749,0.0932,0.0047,0.065,0.5198,0.0057,0.013,0.0212,0.3362,0.2075,0.2495,2.6064,2,1135717536,1994859808,0,0,116476604,115,112,1,1,0,0,0,0
115,0.045,1.5119,0.7877,0.0025,0.7848,0.7712,0.0104,0.0015,0.2896,0.7073,0.0102,0.0066,0.0135,0.1152,0.0057,0.0337,0.0047,0.004,0.0361,0.085,0.014,0.0622,0.3322,0.004,0.0108,0.0216,0.323,0.2249,0.5253,2.8609,3,1135717536,1994864736,1,0,116476604,116,113,1,1,0,0,0,0
116,0.0402,1.4512,0.6957,0.0023,0.6931,0.6861,0.005,0.0009,0.2757,0.7376,0.0108,0.0066,0.013,0.143,0.0103,0.0671,0.0061,0.0059,0.057,0.0564,0.0043,0.0562,0.3797,0.0049,0.011,0.019,0.3423,0.2156,0.403,2.6918,4,1135717536,1994867552,2,0,116476604,117,114,1,1,0,0,0,0
117,0.0385,1.2742,0.7328,0.0027,0.7299,0.7229,0.0053,0.0009,0.238,0.5068,0.0081,0.0041,0.0073,0.067,0.0059,0.0401,0.0045,0.0058,0.0375,0.0363,0.0022,0.0312,0.2121,0.0026,0.021,0.0317,0.4267,0.2544,0.3663,2.6373,5,1135717536,1994865440,0,0,116476604,118,115,1,1,0,0,0,0
118,0.0395,1.4369,0.6863,0.0025,0.6836,0.6771,0.0048,0.0009,0.3002,0.7255,0.0102,0.0058,0.0097,0.1239,0.0085,0.0537,0.0061,0.0061,0.0611,0.0571,0.004,0.054,0.3498,0.0048,0.016,0.0195,0.3989,0.1807,0.3258,2.5823,6,1135717536,1994866144,1,0,116476604,119,116,1,1,0,0,0,0
119,0.0409,1.4837,0.6853,0.0024,0.6825,0.6747,0.0061,0.0008,0.2264,0.7753,0.0225,0.0186,0.0156,0.1421,0.0083,0.0917,0.0051,0.0054,0.0651,0.0578,0.0044,0.0782,0.4349,0.0048,0.0129,0.0221,0.3725,0.214,0.2461,2.5583,7,1135717536,1994868960,2,0,116476604,120,117,1,1,0,0,0,0
120,0.0427,1.7278,0.691,0.0023,0.6884,0.68,0.0056,0.001,0.344,1.0009,0.0231,0.0146,0.0185,0.1549,0.0092,0.0648,0.006,0.015,0.1326,0.104,0.0064,0.0663,0.5226,0.0073,0.0228,0.035,1.7373,0.8149,0.8774,6.2127,0,1135717536,1994869664,0,0,116476604,121,118,1,1,0,0,0,0
121,0.0406,1.7217,0.6731,0.0021,0.6704,0.6611,0.0061,0.0017,0.3702,1.0172,0.0187,0.0119,0.0137,0.2059,0.0121,0.0806,0.0063,0.0049,0.0657,0.0702,0.0046,0.1207,0.5431,0.0089,0.0196,0.026,0.4617,0.279,0.8902,3.7765,1,1135717536,1994866848,1,0,116476604,122,119,1,1,0,0,0,0
122,0.0573,1.2571,0.774,0.0058,0.7679,0.7585,0.0073,0.0009,0.1987,0.4567,0.008,0.0054,0.0087,0.0637,0.0044,0.0427,0.0039,0.0042,0.0339,0.033,0.0021,0.0308,0.2041,0.0031,0.0158,0.0421,0.469,0.2138,0.2771,2.4844,2,1135717536,1994859808,2,0,116476604,123,120,1,1,0,0,0,0
123,0.0394,1.6336,0.706,0.0024,0.703,0.696,0.0049,0.0008,0.3218,0.9099,0.0134,0.0107,0.017,0.1488,0.008,0.126,0.0086,0.0094,0.0915,0.0703,0.0026,0.0568,0.4934,0.0028,0.0107,0.0173,0.3026,0.3203,0.5226,3.192,3,1135717536,1994864736,0,0,116476604,124,121,1,1,0,0,0,0
124,0.0404,1.2003,0.6818,0.0021,0.6795,0.6725,0.0054,0.0008,0.2085,0.4883,0.0078,0.0043,0.0073,0.0676,0.0033,0.0526,0.0059,0.0057,0.0364,0.0388,0.0022,0.0318,0.2272,0.0036,0.0188,0.0274,0.3225,0.2259,0.3107,2.3241,4,1135717536,1994867552,1,0,116476604,125,122,1,1,0,0,0,0
125,0.0424,1.5893,0.7464,0.0027,0.7435,0.7354,0.0061,0.0009,0.2949,0.8132,0.0133,0.0109,0.0159,0.1688,0.0113,0.0709,0.0063,0.0068,0.0635,0.0596,0.0045,0.0584,0.4212,0.0054,0.0185,0.0231,0.377,0.2297,0.2595,2.7463,5,1135717536,1994865440,2,0,116476604,126,123,1,1,0,0,0,0
126,0.0406,1.5009,0.7201,0.0026,0.7173,0.6698,0.046,0.0008,0.3014,0.7628,0.0126,0.0148,0.0182,0.1339,0.0072,0.0648,0.0062,0.0048,0.06,0.0558,0.0042,0.0535,0.368,0.0048,0.0109,0.0171,0.3081,0.1494,0.2874,2.4818,6,1135717536,1994866144,0,0,116476604,127,124,1,1,0,0,0,0
127,0.0405,1.4568,0.6836,0.0022,0.681,0.6729,0.0059,0.001,0.2817,0.7536,0.0113,0.008,0.0143,0.1477,0.0079,0.0705,0.0061,0.0054,0.0608,0.0562,0.0041,0.0536,0.3888,0.0046,0.0108,0.0181,0.3231,0.2117,0.2094,2.4293,7,1135717536,1994868960,1,0,116476604,128,125,1,1,0,0,0,0
128,0.0408,1.1296,0.6719,0.002,0.6696,0.6632,0.0046,0.0009,0.1903,0.433,0.0076,0.0041,0.0055,0.0637,0.0046,0.0314,0.0038,0.0033,0.0385,0.0307,0.0025,0.0297,0.194,0.0042,0.0144,0.0269,0.2719,0.1378,0.1882,1.9294,0,1135717536,1994869664,2,0,116476604,129,126,1,1,0,0,0,0
129,0.0409,1.5252,0.6734,0.0021,0.6711,0.6635,0.0059,0.0008,0.315,0.8298,0.0123,0.0106,0.017,0.1596,0.0113,0.0767,0.0063,0.0065,0.0642,0.0592,0.0044,0.0578,0.4175,0.0052,0.0127,0.0244,0.3587,0.2246,0.3354,2.662,1,1135717536,1994866848,0,0,116476604,130,127,1,1,0,0,0,0
130,0.0608,1.1917,0.7033,0.0022,0.7008,0.6935,0.0056,0.0009,0.2011,0.4633,0.0089,0.0049,0.0058,0.0812,0.0042,0.0356,0.0041,0.0034,0.0326,0.0329,0.002,0.0299,0.2122,0.0033,0.0148,0.0264,0.2824,0.2102,0.2615,2.1723,2,1135717536,1994859808,1,0,116476604,131,128,1,1,0,0,0,0
131,0.04,1.5075,0.6861,0.0022,0.6836,0.675,0.0067,0.0007,0.3344,0.8038,0.0109,0.007,0.0161,0.1443,0.0081,0.0636,0.0063,0.0054,0.0614,0.0574,0.0042,0.0569,0.3836,0.0047,0.0101,0.0169,0.3246,0.1974,0.2441,2.4969,3,1135717536,1994864736,2,0,116476604,132,129,1,1,0,0,0,0
132,0.0421,1.4213,0.6877,0.0021,0.6854,0.6773,0.0059,0.0011,0.1971,0.7171,0.0163,0.019,0.0121,0.0883,0.0476,0.1462,0.0061,0.0038,0.0753,0.0366,0.0034,0.0472,0.3936,0.0031,0.0096,0.0176,0.2697,0.1579,0.2313,2.337,4,1135717536,1994867552,0,0,116476604,133,130,1,1,0,0,0,0
133,0.0427,1.9424,0.6975,0.0029,0.6943,0.6865,0.0058,0.001,0.5145,1.2156,0.0104,0.0066,0.0105,0.2503,0.0172,0.1316,0.0111,0.0033,0.0947,0.0668,0.009,0.0628,0.6062,0.0061,0.0173,0.0268,0.4232,0.194,0.1962,2.9797,5,1135717536,1994865440,1,0,116476604,134,131,1,1,0,0,0,0
134,0.0394,1.1488,0.6753,0.0021,0.673,0.6656,0.0055,0.001,0.1942,0.4392,0.0086,0.0047,0.0073,0.0612,0.0033,0.0302,0.0043,0.0044,0.0369,0.0335,0.0032,0.0311,0.1929,0.0033,0.0197,0.0287,0.2684,0.1963,0.2556,2.0831,6,1135717536,1994866144,2,0,116476604,135,132,1,1,0,0,0,0
135,0.0426,1.548,0.6826,0.0021,0.6802,0.6724,0.0061,0.0009,0.321,0.844,0.0119,0.0097,0.0162,0.1737,0.0091,0.0814,0.0067,0.0066,0.0627,0.0576,0.0043,0.0563,0.4317,0.0051,0.0123,0.021,0.3841,0.2439,0.2915,2.6934,7,1135717536,1994868960,0,0,116476604,136,133,1,1,0,0,0,0
136,0.0435,1.3385,0.6573,0.0023,0.6548,0.6479,0.0054,0.0008,0.2301,0.6567,0.0116,0.0054,0.0086,0.1147,0.0077,0.0657,0.0064,0.0125,0.0612,0.0575,0.0028,0.0488,0.3479,0.0049,0.0117,0.0278,0.3107,0.2952,0.3363,2.6209,0,1135717536,1994869664,1,0,116476604,137,134,1,1,0,0,0,0
137,0.0428,1.4044,0.7861,0.0021,0.7837,0.7755,0.0062,0.001,0.1896,0.5786,0.0087,0.0046,0.0055,0.0656,0.0027,0.0625,0.0139,0.0091,0.0657,0.0693,0.0073,0.0512,0.3143,0.0068,0.019,0.0358,0.4099,0.2682,0.2996,2.6353,1,1135717536,1994866848,2,0,116476604,138,135,1,1,0,0,0,0
138,0.0393,1.2006,0.6735,0.0026,0.6707,0.6628,0.006,0.0011,0.2076,0.501,0.0083,0.0053,0.0073,0.0756,0.004,0.0557,0.0074,0.0047,0.0399,0.0318,0.0021,0.0308,0.2338,0.0037,0.0142,0.0271,0.2635,0.1503,0.1952,2.0067,2,1135717536,1994859808,0,0,116476604,139,136,1,1,0,0,0,0
139,0.0507,1.5201,0.7157,0.0029,0.7126,0.705,0.0055,0.001,0.2115,0.781,0.0078,0.0046,0.0069,0.1502,0.0167,0.0711,0.0115,0.0066,0.0972,0.0793,0.0076,0.0865,0.4843,0.0062,0.0133,0.0199,0.3547,0.2084,0.5109,2.8809,3,1135717536,1994864736,1,0,116476604,140,137,1,1,0,0,0,0
140,0.0396,1.3993,0.6793,0.0024,0.6766,0.6677,0.007,0.0009,0.2539,0.6995,0.0095,0.0045,0.0092,0.0833,0.0049,0.0447,0.0027,0.006,0.0633,0.1356,0.003,0.0587,0.3856,0.0063,0.0126,0.0159,0.2656,0.1485,0.2675,2.3429,4,1135717536,1994867552,2,0,116476604,141,138,1,1,0,0,0,0
141,0.0416,1.3801,0.6998,0.0026,0.697,0.6867,0.0081,0.001,0.2263,0.6654,0.0086,0.0046,0.0077,0.1017,0.0055,0.1061,0.0039,0.006,0.0569,0.0653,0.003,0.0532,0.3832,0.003,0.0088,0.0151,0.3125,0.2322,0.2767,2.4715,5,1135717536,1994865440,0,0,116476604,142,139,1,1,0,0,0,0
142,0.0421,1.8863,0.8675,0.0025,0.8648,0.8568,0.0064,0.0009,0.3168,0.9979,0.0136,0.0064,0.0084,0.2275,0.0107,0.0987,0.0051,0.013,0.0959,0.0825,0.0049,0.0876,0.5922,0.0051,0.0116,0.0248,0.3245,0.2013,0.2932,2.9826,6,1135717536,1994866144,1,0,116476604,143,140,1,1,0,0,0,0
143,0.0574,1.7926,0.8607,0.0053,0.855,0.8411,0.0107,0.0016,0.34,0.9053,0.0117,0.0067,0.0143,0.1502,0.0111,0.0827,0.0063,0.0056,0.0659,0.0642,0.0047,0.1134,0.4764,0.0059,0.0157,0.0218,0.4235,0.2647,0.381,3.2228,7,1135717536,1994868960,2,0,116476604,144,141,1,1,0,0,0,0
144,0.0386,1.4608,0.6872,0.0024,0.6846,0.677,0.0056,0.0011,0.3129,0.7323,0.0124,0.0105,0.0218,0.1645,0.0101,0.064,0.0056,0.0038,0.0475,0.0265,0.002,0.0261,0.3286,0.0026,0.0085,0.0246,0.3374,0.217,0.231,2.4481,0,1135717536,1994869664,0,0,116476604,145,142,1,1,0,0,0,0
145,0.0516,1.1997,0.7058,0.0021,0.7033,0.6961,0.0053,0.0011,0.2099,0.4676,0.0086,0.0048,0.008,0.0709,0.0052,0.0369,0.0039,0.0034,0.034,0.0311,0.002,0.032,0.2049,0.0031,0.0157,0.0281,0.3059,0.1551,0.1924,2.0667,1,1135717536,1994866848,1,0,116476604,146,143,1,1,0,0,0,0
146,0.0388,1.4168,0.6961,0.0021,0.6938,0.6857,0.0059,0.001,0.2433,0.7011,0.0111,0.0064,0.0131,0.1295,0.0071,0.0696,0.0066,0.0064,0.0628,0.0561,0.0043,0.0588,0.3768,0.0051,0.0129,0.0173,0.4045,0.2037,0.272,2.5334,2,1135717536,1994859808,2,0,116476604,147,144,1,1,0,0,0,0
147,0.0426,1.5071,0.7986,0.0028,0.7955,0.7883,0.0055,0.001,0.1898,0.6788,0.0088,0.0044,0.0069,0.0682,0.0031,0.0946,0.0148,0.0081,0.1232,0.0666,0.005,0.0617,0.4143,0.0074,0.0209,0.0212,0.3334,0.2011,0.4897,2.7829,3,1135717536,1994864736,0,0,116476604,148,145,1,1,0,0,0,0
148,0.0372,2.4968,0.6766,0.002,0.6742,0.6663,0.006,0.0008,0.3896,1.7432,0.0303,0.0136,0.0133,0.1828,0.0071,0.1092,0.0106,0.022,0.1018,0.4031,0.0305,0.3639,1.1608,0.0243,0.0488,0.0658,1.3595,0.9359,0.9869,6.526,4,1135717536,1994867552,1,0,116476604,149,146,1,1,0,0,0,0
149,0.0387,1.2447,0.725,0.0022,0.7226,0.7082,0.0113,0.0015,0.2437,0.4953,0.0087,0.0054,0.0076,0.0628,0.0037,0.0371,0.004,0.0045,0.0348,0.0322,0.0023,0.0319,0.1988,0.0034,0.015,0.0289,0.3066,0.1525,0.2517,2.2425,5,1135717536,1994865440,2,0,116476604,150,147,1,1,0,0,0,0
150,0.0428,1.302,0.6805,0.0027,0.6776,0.6666,0.0075,0.002,0.2263,0.5865,0.0086,0.0054,0.0066,0.0908,0.0053,0.0767,0.0036,0.0047,0.0528,0.0463,0.003,0.0407,0.3073,0.0032,0.0187,0.0321,0.3771,0.5995,1.5934,4.8,6,1135717536,1994866144,0,0,116476604,151,148,1,1,0,0,0,0
151,0.0411,1.5287,0.873,0.0025,0.87,0.8615,0.0065,0.0009,0.1933,0.6298,0.0084,0.0062,0.0069,0.1155,0.0121,0.0809,0.0079,0.0093,0.0635,0.0663,0.0028,0.0373,0.3635,0.0048,0.0158,0.0165,0.4113,0.3117,0.7,3.3846,7,1135717536,1994868960,1,0,116476604,152,149,1,1,0,0,0,0
152,0.045,1.5962,0.8172,0.0029,0.814,0.8071,0.0043,0.0007,0.2493,0.76,0.0101,0.0071,0.0091,0.1297,0.0104,0.1325,0.0165,0.0096,0.0732,0.0449,0.0029,0.0422,0.4225,0.0044,0.0124,0.0164,0.3475,0.2601,0.3765,2.8487,0,1135717536,1994869664,2,0,116476604,153,150,1,1,0,0,0,0
153,0.0486,1.5948,0.7687,0.0028,0.7656,0.76,0.0037,0.0009,0.233,0.8098,0.0103,0.0063,0.0127,0.1247,0.0072,0.0659,0.0102,0.0132,0.1164,0.1082,0.0079,0.0707,0.4859,0.003,0.0091,0.0182,0.3752,0.3564,1.7644,5.7182,1,1135717536,1994866848,0,0,116476604,154,151,1,1,0,0,0,0
154,0.0389,1.4757,0.8015,0.0023,0.7989,0.7916,0.0055,0.001,0.2226,0.6334,0.0116,0.0092,0.0113,0.1128,0.0071,0.0485,0.0033,0.009,0.0616,0.0614,0.0024,0.0513,0.3356,0.0057,0.0245,0.0294,0.3459,0.2185,0.2981,2.613,2,1135717536,1994859808,1,0,116476604,155,152,1,1,0,0,0,0
155,0.0409,1.1632,0.6844,0.0023,0.6819,0.6747,0.0053,0.0011,0.1948,0.4527,0.0085,0.0042,0.0052,0.0717,0.0032,0.0413,0.0054,0.0045,0.0336,0.0329,0.002,0.0294,0.2089,0.0031,0.0147,0.0278,0.2708,0.1813,0.2026,2.0463,3,1135717536,1994864736,2,0,116476604,156,153,1,1,0,0,0,0
156,0.0406,1.725,0.6751,0.0023,0.6726,0.6648,0.0061,0.0007,0.3487,1.0246,0.0108,0.0078,0.0127,0.182,0.0129,0.1704,0.0147,0.0063,0.1005,0.0635,0.005,0.0601,0.5765,0.0071,0.0164,0.0224,0.3936,0.2361,0.2536,2.8777,4,1135717536,1994867552,0,0,116476604,157,154,1,1,0,0,0,0
157,0.0377,1.449,0.6733,0.0019,0.671,0.6619,0.0066,0.0012,0.281,0.7567,0.0123,0.0062,0.0134,0.1613,0.0122,0.0613,0.006,0.0073,0.0587,0.0563,0.004,0.0523,0.3899,0.005,0.0113,0.0175,0.2967,0.1871,0.4886,2.6824,5,1135717536,1994865440,1,0,116476604,158,155,1,1,0,0,0,0
158,0.0406,1.9075,0.827,0.0025,0.8242,0.8164,0.0057,0.0008,0.2749,1.0558,0.0125,0.0067,0.0144,0.2116,0.0076,0.1701,0.0134,0.0103,0.1522,0.0826,0.0052,0.0629,0.6794,0.0075,0.0158,0.0238,0.3213,0.2176,0.3432,3.0796,6,1135717536,1994866144,2,0,116476604,159,156,1,1,0,0,0,0
159,0.0395,1.5436,0.6863,0.0025,0.6836,0.6756,0.0064,0.0008,0.3185,0.8372,0.0118,0.0078,0.0146,0.1463,0.0083,0.0905,0.0066,0.0067,0.072,0.0628,0.0047,0.0589,0.4305,0.0054,0.0126,0.0188,0.5495,0.2354,0.4138,3.0518,7,1135717536,1994868960,0,0,116476604,160,157,1,1,0,0,0,0
160,0.042,1.3832,0.7214,0.0025,0.7187,0.712,0.0048,0.001,0.2021,0.6316,0.009,0.0046,0.0049,0.0716,0.0032,0.0327,0.0028,0.0172,0.0675,0.1189,0.0076,0.0668,0.3575,0.0085,0.0137,0.0373,0.4361,0.3062,0.7512,3.3524,0,1135717536,1994869664,1,0,116476604,161,158,1,1,0,0,0,0
161,0.0398,1.4638,0.6671,0.0025,0.6644,0.657,0.0054,0.001,0.2917,0.7299,0.0115,0.0063,0.0138,0.1353,0.0084,0.0614,0.0062,0.0061,0.057,0.0533,0.0041,0.0491,0.3561,0.0036,0.0615,0.0144,0.3377,0.166,0.7682,3.0901,1,1135717536,1994866848,2,0,116476604,162,159,1,1,0,0,0,0
162,0.0403,1.5933,0.6848,0.0022,0.6824,0.6747,0.0054,0.0013,0.3315,0.8839,0.0126,0.0104,0.0128,0.1809,0.0204,0.1088,0.0072,0.006,0.07,0.0589,0.0033,0.0381,0.4567,0.0033,0.0143,0.0239,2.0609,1.0661,0.9911,6.5111,2,1135717536,1994859808,0,0,116476604,163,160,1,1,0,0,0,0
163,0.0382,1.2255,0.6651,0.0022,0.6627,0.6544,0.0059,0.001,0.1929,0.5409,0.0197,0.0156,0.0094,0.1125,0.0072,0.0585,0.0052,0.0046,0.034,0.0298,0.0022,0.0298,0.2646,0.0033,0.0114,0.0151,0.2215,0.1499,0.2183,2.0166,3,1135717536,1994864736,1,0,116476604,164,161,1,1,0,0,0,0
164,0.0898,1.1742,0.6707,0.0026,0.6677,0.6608,0.0047,0.0014,0.2262,0.475,0.0083,0.0043,0.0063,0.0699,0.0052,0.0333,0.0041,0.0037,0.0336,0.0303,0.0023,0.0319,0.199,0.0034,0.017,0.0356,0.2982,0.1945,0.2413,2.2565,4,1135717536,1994867552,2,0,116476604,165,162,1,1,0,0,0,0
165,0.0387,1.4766,0.7023,0.0023,0.6998,0.6916,0.006,0.0013,0.3018,0.7432,0.0101,0.0062,0.0147,0.1206,0.0078,0.0692,0.0056,0.0054,0.0586,0.0566,0.0045,0.0573,0.3623,0.0047,0.0191,0.0249,0.2822,0.2295,0.397,2.792,5,1135717536,1994865440,0,0,116476604,166,163,1,1,0,0,0,0
166,0.0392,1.3255,0.6857,0.002,0.6835,0.6754,0.006,0.0011,0.2059,0.6098,0.0099,0.0045,0.0051,0.0714,0.0045,0.0315,0.0047,0.0154,0.0777,0.0903,0.0052,0.0618,0.3327,0.0065,0.0185,0.0329,0.3405,0.2258,0.3819,2.5465,6,1135717536,1994866144,1,0,116476604,167,164,1,1,0,0,0,0
167,0.0402,1.4599,0.6909,0.0023,0.6884,0.6808,0.0057,0.0009,0.3271,0.7535,0.012,0.0109,0.0156,0.1693,0.0181,0.0602,0.0051,0.0061,0.0383,0.0326,0.0064,0.0269,0.3273,0.0033,0.0093,0.0155,0.2319,0.1613,0.2237,2.3158,7,1135717536,1994868960,2,0,116476604,168,165,1,1,0,0,0,0
168,0.0461,1.5825,0.6793,0.0026,0.6764,0.6674,0.0071,0.0009,0.2221,0.8546,0.0099,0.0058,0.0089,0.2353,0.0216,0.1161,0.0057,0.0046,0.072,0.0554,0.008,0.0605,0.5393,0.0085,0.0252,0.0682,1.4282,0.8042,1.0908,5.736,0,1135717536,1994869664,0,0,116476604,169,166,1,1,0,0,0,0
169,0.0394,1.9313,0.8259,0.0022,0.8235,0.8063,0.0136,0.0017,0.3799,1.0821,0.01,0.0095,0.0175,0.1927,0.0153,0.101,0.012,0.008,0.0806,0.1176,0.0066,0.0984,0.5903,0.0093,0.0134,0.0209,0.4109,0.2346,0.471,3.3389,1,1135717536,1994866848,1,0,116476604,170,167,1,1,0,0,0,0
170,0.0422,1.4428,0.7217,0.0024,0.719,0.7116,0.0055,0.0008,0.2008,0.7019,0.0121,0.0069,0.0154,0.1521,0.0113,0.0697,0.0064,0.006,0.0638,0.0629,0.0049,0.0608,0.4093,0.0053,0.0117,0.0208,0.3541,0.2278,0.3738,2.6613,2,1135717536,1994859808,2,0,116476604,171,168,1,1,0,0,0,0
171,0.0389,1.466,0.6751,0.0021,0.6728,0.6644,0.0063,0.0008,0.272,0.7702,0.0116,0.0061,0.0128,0.1289,0.0078,0.0688,0.0065,0.0053,0.059,0.0567,0.0041,0.1014,0.4148,0.0063,0.0125,0.0203,0.3416,0.2272,0.2376,2.4991,3,1135717536,1994864736,0,0,116476604,172,169,1,1,0,0,0,0
172,0.0395,1.1813,0.6468,0.0024,0.644,0.6375,0.0049,0.0009,0.2072,0.5054,0.0083,0.0104,0.0108,0.0778,0.0046,0.0361,0.0058,0.0044,0.033,0.0325,0.0027,0.0576,0.237,0.0025,0.0184,0.0297,0.3974,0.198,0.325,2.3865,4,1135717536,1994867552,1,0,116476604,173,170,1,1,0,0,0,0
173,0.0391,1.5092,0.69,0.0021,0.6877,0.6796,0.0062,0.001,0.2928,0.7995,0.0109,0.0073,0.0202,0.1622,0.0079,0.0728,0.0065,0.0065,0.0625,0.0618,0.0046,0.0587,0.418,0.0051,0.0118,0.0191,0.3659,0.2381,0.2667,2.6379,5,1135717536,1994865440,2,0,116476604,174,171,1,1,0,0,0,0
174,0.0418,1.4963,0.7011,0.0026,0.6982,0.6907,0.0054,0.0011,0.3076,0.7746,0.0105,0.0082,0.0153,0.1364,0.0074,0.0774,0.0053,0.0055,0.0629,0.0551,0.004,0.0532,0.385,0.0044,0.012,0.0193,0.3327,0.2418,0.2375,2.5499,6,1135717536,1994866144,0,0,116476604,175,172,1,1,0,0,0,0
175,0.0422,1.3571,0.6053,0.0032,0.6019,0.5938,0.0062,0.0012,0.1927,0.727,0.0079,0.0037,0.0069,0.1101,0.004,0.075,0.0049,0.0183,0.1144,0.1058,0.0037,0.0571,0.4624,0.0074,0.0151,0.0163,0.3025,0.1811,0.3987,2.4903,7,1135717536,1994868960,1,0,116476604,176,173,1,1,0,0,0,0
176,0.0407,1.321,0.675,0.0021,0.6726,0.6632,0.0073,0.001,0.2064,0.6171,0.0083,0.0049,0.0074,0.0731,0.0035,0.0878,0.0062,0.0073,0.073,0.0589,0.0033,0.0617,0.3545,0.0034,0.0169,0.0314,0.3069,0.19,0.2908,2.3669,0,1135717536,1994869664,2,0,116476604,177,174,1,1,0,0,0,0
177,0.0381,1.2063,0.6621,0.0021,0.6598,0.6521,0.0059,0.0009,0.1945,0.5007,0.008,0.0049,0.0156,0.0981,0.0053,0.035,0.0042,0.0066,0.0374,0.0348,0.0022,0.0356,0.2409,0.0043,0.0297,0.0143,0.347,0.317,0.3727,2.5328,1,1135717536,1994866848,0,0,116476604,178,175,1,1,0,0,0,0
178,0.0475,1.3134,0.6358,0.0022,0.6334,0.6256,0.006,0.0009,0.25,0.651,0.0232,0.016,0.0109,0.1261,0.0052,0.0683,0.0078,0.0035,0.0414,0.0316,0.0023,0.0308,0.2982,0.0038,0.0148,0.0241,0.3155,0.249,0.4346,2.583,2,1135717536,1994859808,1,0,116476604,179,176,1,1,0,0,0,0
179,0.0416,1.9709,0.7143,0.0021,0.712,0.7055,0.0051,0.0008,0.307,1.2193,0.0233,0.0107,0.0225,0.2506,0.021,0.1327,0.0145,0.0111,0.1439,0.1342,0.0093,0.1046,0.766,0.0051,0.0251,0.03,0.4393,0.3566,0.3126,3.3925,3,1135717536,1994864736,2,0,116476604,180,177,1,1,0,0,0,0
180,0.0397,1.4361,0.7422,0.0024,0.7395,0.7315,0.0061,0.0008,0.2779,0.6648,0.0112,0.0047,0.0099,0.1572,0.0055,0.0469,0.0119,0.0051,0.0445,0.0326,0.002,0.0312,0.3124,0.005,0.0135,0.0323,0.284,0.1855,0.176,2.3182,4,1135717536,1994867552,0,0,116476604,181,178,1,1,0,0,0,0
181,0.0392,1.6479,0.7151,0.0023,0.7126,0.7052,0.0052,0.0009,0.3459,0.9013,0.0347,0.018,0.0163,0.1665,0.0077,0.0725,0.0062,0.0054,0.0628,0.0611,0.0047,0.0592,0.4221,0.0053,0.0166,0.0287,0.374,0.2457,0.4034,2.9875,5,1135717536,1994865440,1,0,116476604,182,179,1,1,0,0,0,0
182,0.0415,1.6364,0.8233,0.002,0.8211,0.8144,0.0048,0.0009,0.3245,0.7956,0.011,0.0063,0.0134,0.1495,0.0101,0.0661,0.0054,0.0059,0.0593,0.0572,0.004,0.0566,0.3887,0.0048,0.0102,0.0175,0.3265,0.1678,0.2559,2.6281,6,1135717536,1994866144,2,0,116476604,183,180,1,1,0,0,0,0
183,0.0476,1.5459,0.8832,0.0023,0.8804,0.8688,0.0086,0.0014,0.2119,0.6365,0.0089,0.0041,0.0062,0.0927,0.0046,0.081,0.0137,0.0058,0.0605,0.048,0.0037,0.0763,0.3585,0.0045,0.0138,0.0316,0.3083,0.2713,0.4262,3.1729,7,1135717536,1994868960,0,0,116476604,184,181,1,1,0,0,0,0
184,0.0387,1.8783,0.8557,0.0023,0.8532,0.8399,0.0106,0.0016,0.3131,1.0006,0.0125,0.0079,0.015,0.2454,0.0178,0.1019,0.005,0.0071,0.0764,0.0783,0.0036,0.0897,0.5917,0.005,0.0072,0.023,0.2924,0.1385,0.2119,2.7533,0,1135717536,1994869664,1,0,116476604,185,182,1,1,0,0,0,0
185,0.0394,1.4761,0.6612,0.0022,0.6588,0.6504,0.0062,0.0009,0.299,0.7956,0.0107,0.006,0.0094,0.1457,0.0136,0.0934,0.0057,0.0054,0.0624,0.059,0.0051,0.0567,0.4172,0.0048,0.0117,0.0169,0.2807,0.214,0.3358,2.6212,1,1135717536,1994866848,2,0,116476604,186,183,1,1,0,0,0,0
186,0.0382,2.2745,1.124,0.0024,1.1213,1.1058,0.012,0.0018,0.3444,1.1249,0.0102,0.0076,0.0156,0.2274,0.0187,0.1781,0.0075,0.008,0.1198,0.0717,0.0033,0.0801,0.6771,0.0079,0.0141,0.0218,0.3646,0.188,0.3297,3.437,2,1135717536,1994859808,0,0,116476604,187,184,1,1,0,0,0,0
187,0.0493,1.4328,0.6507,0.0025,0.6479,0.6396,0.0065,0.0006,0.2998,0.7515,0.0102,0.0061,0.013,0.1409,0.007,0.0656,0.0059,0.0071,0.0585,0.0545,0.0039,0.0529,0.3724,0.0048,0.0113,0.0177,0.2964,0.1642,0.3754,2.5235,3,1135717536,1994864736,1,0,116476604,188,185,1,1,0,0,0,0
188,0.0397,1.5112,0.6978,0.0019,0.6956,0.6885,0.0052,0.0009,0.2443,0.7901,0.0115,0.0069,0.0134,0.1499,0.0109,0.0678,0.0056,0.0051,0.0621,0.0582,0.0042,0.1217,0.4597,0.0066,0.0123,0.0218,0.3468,0.2035,0.2179,2.512,4,1135717536,1994867552,2,0,116476604,189,186,1,1,0,0,0,0
189,0.0403,1.4535,0.6705,0.0023,0.6679,0.6601,0.0059,0.001,0.2963,0.7652,0.0118,0.0065,0.013,0.1472,0.0104,0.0641,0.0061,0.0056,0.0572,0.0584,0.0041,0.0573,0.3842,0.0053,0.0106,0.018,0.3163,0.1783,0.2876,2.4752,5,1135717536,1994865440,0,0,116476604,190,187,1,1,0,0,0,0
190,0.0455,1.897,1.0727,0.0034,1.069,1.0543,0.0124,0.0014,0.3688,0.8057,0.0078,0.0038,0.0055,0.0819,0.0043,0.1042,0.0081,0.0056,0.0804,0.0582,0.004,0.0551,0.3798,0.0047,0.0109,0.0159,0.3366,0.1928,0.2834,2.9588,6,1135717536,1994866144,1,0,116476604,191,188,1,1,0,0,0,0
191,0.0385,1.4394,0.6653,0.0024,0.6626,0.6549,0.006,0.001,0.2907,0.756,0.0101,0.0066,0.0129,0.1393,0.0081,0.0789,0.0071,0.0064,0.0616,0.055,0.0037,0.0518,0.3866,0.0045,0.0103,0.0172,0.301,0.2417,0.4369,2.7304,7,1135717536,1994868960,2,0,116476604,192,189,1,1,0,0,0,0
192,0.0861,1.4272,0.6832,0.0034,0.6795,0.6669,0.0101,0.0013,0.2888,0.7238,0.0115,0.007,0.0136,0.1265,0.0077,0.0609,0.0062,0.0063,0.0568,0.0553,0.0044,0.0543,0.3538,0.0048,0.0123,0.0184,0.3104,0.2211,0.3023,2.5351,0,1135717536,1994869664,0,0,116476604,193,190,1,1,0,0,0,0
193,0.0383,1.6777,0.6835,0.0023,0.681,0.6727,0.006,0.0011,0.2956,0.978,0.0103,0.007,0.0126,0.4054,0.0075,0.0967,0.0042,0.0026,0.052,0.033,0.0024,0.0288,0.6159,0.0029,0.0096,0.0165,0.2235,0.1512,0.323,2.6408,1,1135717536,1994866848,1,0,116476604,194,191,1,1,0,0,0,0
194,0.0395,1.5208,0.6847,0.0022,0.6824,0.6744,0.0063,0.0007,0.3272,0.8154,0.0107,0.0067,0.0152,0.143,0.0107,0.0708,0.0065,0.0064,0.0646,0.0631,0.0046,0.0573,0.3988,0.0053,0.012,0.0191,0.3057,0.2058,0.4043,2.713,2,1135717536,1994859808,2,0,116476604,195,192,1,1,0,0,0,0
195,0.143,1.7619,0.8948,0.0036,0.8908,0.8793,0.0085,0.0015,0.3042,0.8432,0.0114,0.0067,0.0138,0.1445,0.0115,0.0718,0.0056,0.0057,0.0623,0.0611,0.0044,0.1106,0.4503,0.0084,0.0132,0.024,0.4807,0.4722,1.386,4.9319,3,1135717536,1994864736,0,0,116476604,196,193,1,1,0,0,0,0
196,0.0388,1.168,0.691,0.0022,0.6882,0.6805,0.0061,0.0008,0.204,0.4512,0.0083,0.0049,0.0048,0.0637,0.0034,0.0372,0.004,0.0037,0.0351,0.0309,0.0019,0.0309,0.1978,0.0042,0.0142,0.0303,0.5446,0.3329,0.4001,2.7985,4,1135717536,1994867552,1,0,116476604,197,194,1,1,0,0,0,0
197,0.0404,1.6139,0.69,0.0022,0.6876,0.6798,0.0061,0.0008,0.3406,0.8976,0.0242,0.0133,0.0176,0.1582,0.0113,0.0712,0.0058,0.0067,0.0966,0.0474,0.0052,0.0618,0.4352,0.0062,0.0154,0.0291,0.4496,0.3525,0.6481,3.5021,5,1135717536,1994865440,2,0,116476604,198,195,1,1,0,0,0,0
198,0.0428,1.3616,0.6561,0.0022,0.6537,0.6462,0.0057,0.001,0.2533,0.6554,0.0085,0.0038,0.0051,0.0738,0.0045,0.0501,0.0052,0.0041,0.0445,0.0348,0.0022,0.1455,0.3487,0.0054,0.0258,0.0464,0.4923,0.2362,0.3751,2.8143,6,1135717536,1994866144,0,0,116476604,199,196,1,1,0,0,0,0
199,0.0411,1.1811,0.7556,0.0022,0.7532,0.7487,0.0029,0.0009,0.1663,0.4046,0.0077,0.0039,0.0051,0.0602,0.0027,0.0353,0.0022,0.0017,0.0317,0.0395,0.0034,0.0307,0.1974,0.0022,0.0087,0.0279,0.2911,0.2171,0.2882,2.2631,7,1135717536,1994868960,1,0,116476604,200,197,1,1,0,0,0,0
200,0.0386,1.4763,0.7011,0.0024,0.6982,0.6908,0.0056,0.001,0.2913,0.7558,0.0109,0.0072,0.0124,0.1502,0.0094,0.0682,0.0057,0.0059,0.057,0.0542,0.0038,0.0542,0.3838,0.0047,0.0107,0.0191,0.3368,0.2643,0.4329,2.822,0,1135717536,1994869664,2,0,116476604,201,198,1,1,0,0,0,0
201,0.0392,1.306,0.7436,0.0025,0.7408,0.7336,0.0055,0.0011,0.2027,0.5434,0.0092,0.0041,0.0064,0.1031,0.0059,0.0566,0.0027,0.0028,0.0434,0.0428,0.0024,0.0427,0.2886,0.0033,0.0047,0.0348,0.2636,0.1882,0.3451,2.3358,1,1135717536,1994866848,0,0,116476604,202,199,1,1,0,0,0,0
202,0.0381,1.2306,0.7565,0.0023,0.754,0.7467,0.0054,0.0008,0.2031,0.4501,0.0086,0.0047,0.0074,0.0626,0.0041,0.0355,0.0045,0.0041,0.0322,0.0302,0.0023,0.0325,0.193,0.004,0.0131,0.0256,0.2774,0.1958,0.365,2.3437,2,1135717536,1994859808,1,0,116476604,203,200,1,1,0,0,0,0
203,0.0394,1.1746,0.6856,0.0024,0.683,0.6759,0.0053,0.0012,0.1978,0.4609,0.0086,0.0044,0.0072,0.0646,0.0046,0.0395,0.0064,0.0039,0.0405,0.0338,0.0022,0.0296,0.208,0.0037,0.0167,0.027,0.333,0.2799,0.5786,2.7156,3,1135717536,1994864736,2,0,116476604,204,201,1,1,0,0,0,0
204,0.0395,1.4058,0.6989,0.0023,0.6964,0.6889,0.0055,0.0012,0.2298,0.6846,0.0111,0.0072,0.0129,0.1283,0.0076,0.0709,0.006,0.0055,0.0586,0.0599,0.0047,0.0563,0.374,0.0053,0.0145,0.0192,0.4226,0.2359,0.2997,2.6157,4,1135717536,1994867552,0,0,116476604,205,202,1,1,0,0,0,0
205,0.0395,1.4601,0.6599,0.0025,0.6572,0.6502,0.0053,0.0007,0.3085,0.7825,0.0152,0.0133,0.0218,0.1436,0.0113,0.062,0.005,0.0054,0.0576,0.0534,0.0043,0.054,0.3706,0.0046,0.0103,0.0192,0.3324,0.2414,0.3299,2.601,5,1135717536,1994865440,1,0,116476604,206,203,1,1,0,0,0,0
206,0.0395,1.5461,0.7934,0.0022,0.791,0.7784,0.0102,0.001,0.275,0.7351,0.0116,0.0063,0.0124,0.1511,0.0099,0.0656,0.0057,0.0057,0.0555,0.0545,0.0047,0.0527,0.3794,0.0045,0.011,0.018,0.3053,0.156,0.3684,2.7083,6,1135717536,1994866144,2,0,116476604,207,204,1,1,0,0,0,0
207,0.044,1.3543,0.733,0.0024,0.73,0.723,0.0054,0.0008,0.202,0.5894,0.0084,0.0047,0.0051,0.0895,0.0042,0.068,0.0062,0.0055,0.06,0.0565,0.0042,0.0563,0.3303,0.005,0.0178,0.0305,0.4015,0.2417,0.2962,2.5515,7,1135717536,1994868960,0,0,116476604,208,205,1,1,0,0,0,0
208,0.0413,1.2343,0.6794,0.0025,0.6766,0.669,0.0056,0.0009,0.23,0.5271,0.0088,0.0052,0.0069,0.0775,0.0068,0.054,0.0048,0.0046,0.0407,0.0327,0.0021,0.0345,0.2394,0.0037,0.018,0.0265,0.2458,0.1562,0.202,2.0553,0,1135717536,1994869664,1,0,116476604,209,206,1,1,0,0,0,0
209,0.0407,1.7812,0.7215,0.0022,0.719,0.7108,0.0062,0.0008,0.2089,1.035,0.0084,0.0049,0.0068,0.4594,0.0213,0.1039,0.006,0.0065,0.0658,0.0573,0.0044,0.0582,0.7446,0.0067,0.0155,0.0253,0.4682,0.3147,0.4333,3.3289,1,1135717536,1994866848,2,0,116476604,210,207,1,1,0,0,0,0
210,0.0591,1.5849,0.8627,0.0037,0.8586,0.8472,0.0088,0.0012,0.2358,0.6842,0.0079,0.0055,0.0082,0.1253,0.0059,0.0932,0.0085,0.0055,0.0671,0.0487,0.0025,0.0501,0.3844,0.0027,0.0198,0.0239,0.309,0.252,1.4073,4.1998,2,1135717536,1994859808,0,0,116476604,211,208,1,1,0,0,0,0
211,0.052,1.5184,0.6714,0.0021,0.669,0.6621,0.0052,0.001,0.3064,0.8174,0.0122,0.0076,0.0175,0.1621,0.0124,0.0713,0.0062,0.0057,0.0651,0.06,0.0048,0.06,0.4185,0.0052,0.0157,0.0252,0.442,0.1907,0.6212,3.2664,3,1135717536,1994864736,1,0,116476604,212,209,1,1,0,0,0,0
212,0.0408,1.2753,0.6863,0.0024,0.6837,0.677,0.0055,0.0007,0.182,0.575,0.0085,0.0045,0.0068,0.0854,0.0112,0.0729,0.0052,0.0061,0.0642,0.0557,0.0029,0.0515,0.3297,0.003,0.0034,0.0241,0.2824,0.2071,0.9745,3.0827,4,1135717536,1994867552,2,0,116476604,213,210,1,1,0,0,0,0
213,0.0449,1.6255,0.7033,0.0021,0.7009,0.6904,0.0081,0.0014,0.2994,0.8872,0.0153,0.0073,0.0116,0.1491,0.006,0.0686,0.0083,0.0076,0.0745,0.0883,0.0185,0.101,0.4815,0.006,0.0191,0.034,1.2011,1.5393,2.0342,8.1234,5,1135717536,1994865440,0,0,116476604,214,211,1,1,0,0,0,0
214,0.0385,1.6968,0.6921,0.0025,0.6894,0.6813,0.0061,0.0008,0.3353,0.9801,0.0224,0.0126,0.0187,0.2046,0.0184,0.0563,0.0102,0.006,0.1384,0.0576,0.0041,0.0569,0.5138,0.006,0.0148,0.022,0.368,0.2925,0.4814,3.2841,6,1135717536,1994866144,1,0,116476604,215,212,1,1,0,0,0,0
215,0.039,1.6309,0.6612,0.0027,0.6583,0.6516,0.0051,0.0008,0.3273,0.9406,0.0111,0.0061,0.0159,0.2068,0.0141,0.081,0.0058,0.0049,0.0624,0.0585,0.0042,0.1143,0.523,0.0076,0.0164,0.027,0.419,0.253,1.3385,4.0919,7,1135717536,1994868960,2,0,116476604,216,213,1,1,0,0,0,0
216,0.0408,1.4681,0.6929,0.0027,0.6899,0.682,0.0059,0.0011,0.3136,0.7577,0.0104,0.0073,0.0131,0.1319,0.0074,0.0631,0.0059,0.006,0.0565,0.0536,0.0042,0.0577,0.3628,0.0052,0.0107,0.0173,0.276,0.1971,0.4586,2.6781,0,1135717536,1994869664,0,0,116476604,217,214,1,1,0,0,0,0
217,0.0398,1.449,0.7648,0.002,0.7626,0.756,0.005,0.0006,0.1835,0.6694,0.0092,0.0047,0.0051,0.0812,0.0027,0.1281,0.007,0.016,0.0851,0.0649,0.0042,0.0556,0.4149,0.0046,0.0037,0.0251,0.2604,0.1672,0.3254,2.4233,1,1135717536,1994866848,1,0,116476604,218,215,1,1,0,0,0,0
218,0.0409,1.5922,0.6943,0.0021,0.692,0.684,0.0056,0.0009,0.325,0.8737,0.012,0.0084,0.0162,0.1675,0.0084,0.0702,0.0066,0.0062,0.0627,0.058,0.0046,0.0994,0.4578,0.0068,0.013,0.0211,0.3504,0.2372,0.5083,3.0005,2,1135717536,1994859808,2,0,116476604,219,216,1,1,0,0,0,0
219,0.0493,1.5975,0.7564,0.0038,0.7522,0.7366,0.0126,0.0015,0.307,0.8265,0.0095,0.0092,0.0153,0.1658,0.0133,0.0654,0.0062,0.0044,0.0592,0.0409,0.0155,0.0912,0.4225,0.0041,0.0086,0.0144,0.2975,0.2155,0.1923,2.5671,3,1135717536,1994864736,0,0,116476604,220,217,1,1,0,0,0,0
220,0.0398,1.264,0.6736,0.0019,0.6714,0.6635,0.0061,0.0009,0.2054,0.5605,0.0077,0.0046,0.0072,0.0751,0.005,0.0442,0.0057,0.0062,0.0614,0.0568,0.0043,0.0555,0.293,0.0068,0.0173,0.033,0.3365,0.2319,0.2824,2.4014,4,1135717536,1994867552,1,0,116476604,221,218,1,1,0,0,0,0
221,0.041,1.4813,0.6948,0.0023,0.6923,0.6834,0.0064,0.0014,0.2986,0.7663,0.01,0.0062,0.0137,0.1374,0.0104,0.0621,0.0063,0.0058,0.0638,0.0633,0.005,0.0577,0.3843,0.0049,0.0102,0.0197,0.3287,0.2996,0.4373,2.9215,5,1135717536,1994865440,2,0,116476604,222,219,1,1,0,0,0,0
222,0.0386,1.2907,0.7366,0.0022,0.7342,0.7258,0.006,0.0009,0.2617,0.5286,0.0077,0.0047,0.0051,0.0659,0.0034,0.0506,0.0045,0.0041,0.0403,0.0332,0.0019,0.0308,0.2208,0.0027,0.0162,0.0283,0.3574,0.1653,0.2067,2.2369,6,1135717536,1994866144,0,0,116476604,223,220,1,1,0,0,0,0
223,0.0421,1.8503,0.7116,0.0024,0.709,0.7009,0.006,0.0011,0.3399,1.1086,0.0104,0.0057,0.0124,0.2849,0.0221,0.1166,0.0103,0.0059,0.0787,0.0606,0.0048,0.1261,0.6669,0.0087,0.0201,0.0241,0.4006,0.2456,0.3774,3.1371,7,1135717536,1994868960,1,0,116476604,224,221,1,1,0,0,0,0
224,0.0406,2.0172,0.9142,0.0021,0.9119,0.9025,0.0069,0.0012,0.273,1.0759,0.0103,0.0048,0.0051,0.183,0.0068,0.1735,0.0173,0.0118,0.1445,0.1206,0.005,0.0956,0.7172,0.0058,0.0174,0.0238,0.4846,0.5232,1.0342,5.2776,0,1135717536,1994869664,2,0,116476604,225,222,1,1,0,0,0,0
225,0.0398,1.2551,0.7148,0.0022,0.7123,0.7044,0.0057,0.0013,0.2068,0.5124,0.0085,0.0048,0.0074,0.0722,0.0046,0.0376,0.0054,0.0054,0.0413,0.0568,0.0035,0.0391,0.247,0.0032,0.0148,0.0256,0.2694,0.1402,0.1623,2.06,1,1135717536,1994866848,0,0,116476604,226,223,1,1,0,0,0,0
226,0.0416,1.5518,0.6864,0.0024,0.6838,0.6735,0.0077,0.0013,0.2988,0.8471,0.0109,0.0068,0.0133,0.1368,0.006,0.1351,0.0039,0.005,0.0853,0.0376,0.0072,0.0782,0.473,0.003,0.0109,0.0179,0.2664,0.2111,0.3008,2.602,2,1135717536,1994859808,1,0,116476604,227,224,1,1,0,0,0,0
227,0.0397,1.2087,0.7226,0.0023,0.72,0.7129,0.0055,0.0008,0.2046,0.4575,0.0092,0.0038,0.0054,0.0677,0.0042,0.0355,0.003,0.0031,0.0364,0.0335,0.0022,0.0315,0.2046,0.0036,0.0177,0.0371,0.361,0.2131,0.3604,2.4428,3,1135717536,1994864736,2,0,116476604,228,225,1,1,0,0,0,0
228,0.0415,1.6554,0.672,0.0026,0.6692,0.6633,0.0043,0.0008,0.291,0.9586,0.0091,0.0054,0.0089,0.2393,0.0195,0.0978,0.0085,0.0055,0.0645,0.0597,0.0051,0.1161,0.5774,0.0063,0.0152,0.0241,0.3761,0.2397,0.2629,2.7985,4,1135717536,1994867552,0,0,116476604,229,226,1,1,0,0,0,0
229,0.0395,1.5202,0.6911,0.0022,0.6886,0.6809,0.006,0.0009,0.3405,0.81,0.0158,0.0092,0.0172,0.1449,0.0079,0.0643,0.0055,0.0054,0.0568,0.0553,0.0039,0.0533,0.3746,0.0047,0.012,0.0168,0.3319,0.1699,0.3484,2.6549,5,1135717536,1994865440,1,0,116476604,230,227,1,1,0,0,0,0
230,0.0359,2.1487,0.8506,0.0023,0.848,0.8349,0.0098,0.0017,0.644,1.2699,0.0108,0.0046,0.0103,0.1401,0.0111,0.1409,0.0218,0.0108,0.0911,0.0965,0.0043,0.0509,0.5195,0.0049,0.0164,0.021,0.5075,0.328,0.3536,3.8349,6,1135717536,1994866144,2,0,116476604,231,228,1,1,0,0,0,0
231,0.0396,1.4382,0.6717,0.0025,0.669,0.6615,0.006,0.0009,0.2119,0.7203,0.0105,0.0063,0.008,0.1213,0.0146,0.0989,0.0097,0.0104,0.0846,0.051,0.0072,0.0576,0.4134,0.0105,0.0311,0.0239,0.4614,0.2951,0.2562,2.7354,7,1135717536,1994868960,0,0,116476604,232,229,1,1,0,0,0,0
232,0.0407,1.3189,0.7251,0.0021,0.7228,0.7157,0.0056,0.001,0.1776,0.5709,0.0087,0.0045,0.0064,0.1262,0.0171,0.0869,0.0061,0.0049,0.0361,0.0384,0.0032,0.034,0.3216,0.005,0.0098,0.0247,0.2903,0.2056,0.2166,2.305,0,1135717536,1994869664,1,0,116476604,233,230,1,1,0,0,0,0
233,0.0407,1.4988,0.7293,0.0024,0.7267,0.7167,0.0078,0.0012,0.2543,0.7485,0.01,0.0077,0.0072,0.106,0.0098,0.0993,0.0054,0.0131,0.0662,0.0846,0.0035,0.057,0.4131,0.0061,0.013,0.0175,0.3182,0.2127,0.4854,2.8084,1,1135717536,1994866848,2,0,116476604,234,231,1,1,0,0,0,0
234,0.0444,1.4804,0.7869,0.003,0.7835,0.7748,0.0073,0.0006,0.2098,0.667,0.0097,0.0045,0.0084,0.0982,0.0045,0.064,0.0034,0.0044,0.1073,0.068,0.0019,0.0656,0.4031,0.0036,0.0156,0.0298,0.3422,0.1788,0.3278,2.5864,2,1135717536,1994859808,0,0,116476604,235,232,1,1,0,0,0,0
235,0.0452,1.237,0.6608,0.0033,0.6573,0.6492,0.0057,0.0014,0.252,0.5461,0.0084,0.0049,0.0077,0.0681,0.0062,0.0368,0.0055,0.0063,0.0543,0.0414,0.0024,0.0336,0.2342,0.0035,0.0181,0.0295,0.2927,0.1545,0.3221,2.2543,3,1135717536,1994864736,1,0,116476604,236,233,1,1,0,0,0,0
236,0.0412,1.3323,0.6832,0.0022,0.6808,0.6741,0.0051,0.0009,0.2294,0.619,0.0087,0.0054,0.0085,0.0683,0.0079,0.0669,0.0057,0.0054,0.0592,0.0581,0.0045,0.0671,0.3196,0.0072,0.0173,0.0285,0.3474,0.2445,0.3207,2.5828,4,1135717536,1994867552,2,0,116476604,237,234,1,1,0,0,0,0
237,0.0408,1.5193,0.685,0.0023,0.6825,0.6751,0.0053,0.0008,0.2103,0.807,0.0082,0.0043,0.0065,0.2086,0.0206,0.0841,0.0071,0.0078,0.0718,0.0626,0.0047,0.0873,0.5144,0.005,0.0161,0.0268,0.3345,0.2675,0.3549,2.7616,5,1135717536,1994865440,0,0,116476604,238,235,1,1,0,0,0,0
238,0.0386,1.4317,0.6628,0.002,0.6606,0.6535,0.0052,0.0008,0.2922,0.7531,0.0105,0.0055,0.01,0.1268,0.0081,0.09,0.0093,0.0064,0.0663,0.0562,0.004,0.0451,0.3844,0.0031,0.0089,0.0135,0.2613,0.2134,0.2478,2.4227,6,1135717536,1994866144,1,0,116476604,239,236,1,1,0,0,0,0
239,0.0394,1.6509,0.7016,0.0029,0.6985,0.6903,0.0061,0.0011,0.2947,0.9276,0.0108,0.006,0.0128,0.135,0.0074,0.0621,0.0056,0.0064,0.0598,0.1222,0.0042,0.1736,0.5527,0.0071,0.0128,0.0222,0.3396,0.2147,0.305,2.7601,7,1135717536,1994868960,2,0,116476604,240,237,1,1,0,0,0,0
240,0.0411,1.5049,0.8186,0.0024,0.8159,0.8065,0.0076,0.0007,0.2402,0.6554,0.0085,0.0051,0.0066,0.0876,0.0051,0.0576,0.0083,0.003,0.0574,0.0494,0.0018,0.1063,0.3583,0.0032,0.0165,0.0343,0.2925,0.1929,0.3716,2.6334,0,1135717536,1994869664,0,0,116476604,241,238,1,1,0,0,0,0
241,0.0401,1.107,0.644,0.0023,0.6306,0.622,0.0066,0.0008,0.1971,0.436,0.0091,0.0051,0.0051,0.0656,0.0031,0.0318,0.0036,0.0028,0.0325,0.0316,0.002,0.0299,0.1914,0.0034,0.0155,0.0235,0.3172,0.2285,0.3217,2.2521,1,1135717536,1994866848,1,0,116476604,242,239,1,1,0,0,0,0
242,0.0384,1.9229,0.7514,0.0025,0.7487,0.734,0.0113,0.0017,0.2985,1.1395,0.0126,0.0078,0.0175,0.1729,0.0126,0.1403,0.0222,0.009,0.1581,0.124,0.0046,0.122,0.7173,0.0125,0.0195,0.0272,0.4761,0.2469,0.51,3.4864,2,1135717536,1994859808,2,0,116476604,243,240,1,1,0,0,0,0
243,0.0389,1.4948,0.6891,0.0024,0.6865,0.6799,0.0046,0.0009,0.2892,0.78,0.0112,0.0073,0.0151,0.1485,0.0102,0.0631,0.0069,0.0066,0.0701,0.0595,0.0043,0.0571,0.3983,0.0056,0.0138,0.0246,0.38,0.2994,0.494,3.0179,3,1135717536,1994864736,0,0,116476604,244,241,1,1,0,0,0,0
244,0.0393,2.149,0.707,0.0022,0.7046,0.6968,0.0055,0.0012,0.2921,1.4165,0.0109,0.0067,0.0128,0.5571,0.0065,0.1132,0.0046,0.0109,0.1446,0.1126,0.0138,0.1031,1.0306,0.0083,0.0171,0.0251,0.3666,0.2448,0.2792,3.3272,4,1135717536,1994867552,1,0,116476604,245,242,1,1,0,0,0,0
245,0.0412,1.6636,0.8264,0.0024,0.8238,0.815,0.0061,0.0013,0.2302,0.8208,0.011,0.005,0.017,0.1002,0.0081,0.089,0.0169,0.0091,0.1199,0.1223,0.0053,0.0672,0.4986,0.004,0.0096,0.0159,0.2633,0.1595,0.3427,2.7035,5,1135717536,1994865440,2,0,116476604,246,243,1,1,0,0,0,0
246,0.0387,1.2092,0.7933,0.0023,0.7908,0.7826,0.0065,0.0008,0.176,0.387,0.008,0.005,0.0068,0.0606,0.0026,0.0255,0.0033,0.0023,0.0273,0.0273,0.0015,0.0252,0.1659,0.0035,0.0178,0.0452,0.3239,0.1858,0.2534,2.2672,6,1135717536,1994866144,0,0,116476604,247,244,1,1,0,0,0,0
247,0.0409,1.5879,0.6826,0.0025,0.6798,0.67,0.0074,0.0009,0.2006,0.8799,0.0072,0.004,0.0054,0.0889,0.007,0.1642,0.0085,0.0076,0.1587,0.1001,0.0123,0.0946,0.6065,0.0071,0.015,0.0219,0.3341,0.2069,0.3535,2.7421,7,1135717536,1994868960,1,0,116476604,248,245,1,1,0,0,0,0
248,0.0525,1.7285,0.9305,0.003,0.9272,0.9142,0.011,0.0009,0.2479,0.7736,0.0105,0.0064,0.007,0.1152,0.0168,0.0806,0.011,0.0107,0.073,0.0888,0.0053,0.0766,0.4342,0.0076,0.0155,0.0859,0.3781,0.2619,0.3241,3.0899,0,1135717536,1994869664,2,0,116476604,249,246,1,1,0,0,0,0
249,0.0404,1.6014,0.678,0.0021,0.6757,0.6691,0.0047,0.0009,0.3301,0.9024,0.0113,0.007,0.0133,0.1288,0.0078,0.0653,0.0063,0.0073,0.0596,0.0584,0.0044,0.1707,0.4828,0.0097,0.0126,0.0254,0.3568,0.2229,0.265,2.6978,1,1135717536,1994866848,0,0,116476604,250,247,1,1,0,0,0,0
250,0.047,1.6167,0.8178,0.0022,0.8154,0.8032,0.0098,0.0011,0.2991,0.7791,0.0094,0.0055,0.0119,0.1576,0.0126,0.0561,0.0054,0.0102,0.0772,0.0671,0.0081,0.0353,0.3933,0.0045,0.0123,0.018,0.3315,0.2221,0.3338,2.8219,2,1135717536,1994859808,1,0,116476604,251,248,1,1,0,0,0,0
251,0.0407,1.7166,0.7163,0.0024,0.7137,0.7058,0.0062,0.0008,0.2937,0.9824,0.0102,0.0066,0.0128,0.2856,0.0214,0.1178,0.0064,0.006,0.0692,0.0757,0.0057,0.0474,0.5957,0.0033,0.0108,0.0169,0.2364,0.236,0.397,2.8765,3,1135717536,1994864736,2,0,116476604,252,249,1,1,0,0,0,0
252,0.0401,1.4856,0.6776,0.0023,0.6751,0.6674,0.0057,0.001,0.2082,0.7846,0.0229,0.013,0.0154,0.1669,0.0081,0.0903,0.0051,0.0057,0.0647,0.0582,0.0063,0.0829,0.463,0.0049,0.0124,0.021,0.374,0.2466,0.2817,2.628,4,1135717536,1994867552,0,0,116476604,253,250,1,1,0,0,0,0
253,0.0388,1.6828,0.7035,0.0023,0.701,0.693,0.006,0.0009,0.3646,0.9554,0.018,0.0113,0.0196,0.1452,0.0105,0.0888,0.006,0.0056,0.0652,0.0584,0.0045,0.1192,0.4768,0.008,0.0143,0.0219,0.527,0.2206,0.3795,3.1112,5,1135717536,1994865440,1,0,116476604,254,251,1,1,0,0,0,0
254,0.0369,1.5351,0.6972,0.0022,0.6948,0.6816,0.0108,0.0013,0.2846,0.8202,0.0092,0.0057,0.0093,0.1654,0.0202,0.0866,0.0096,0.0065,0.0857,0.0558,0.0042,0.054,0.4475,0.0046,0.0104,0.0183,0.2955,0.2151,0.5535,2.8691,6,1135717536,1994866144,2,0,116476604,255,252,1,1,0,0,0,0
255,0.0398,1.4697,0.6788,0.0023,0.6763,0.6677,0.0067,0.0012,0.2982,0.7686,0.0105,0.0065,0.0141,0.1438,0.0105,0.0723,0.0072,0.0059,0.0606,0.0566,0.0042,0.0532,0.3865,0.0047,0.0127,0.0188,0.3368,0.2166,0.2837,2.5654,7,1135717536,1994868960,0,0,116476604,256,253,1,1,0,0,0,0
256,0.0403,1.4036,0.6953,0.0021,0.6929,0.6849,0.0061,0.001,0.2966,0.6808,0.0109,0.007,0.013,0.1614,0.0056,0.0595,0.0035,0.003,0.0347,0.0302,0.0023,0.0313,0.3171,0.0039,0.015,0.0299,0.2704,0.1584,0.4125,2.5002,0,1135717536,1994869664,1,0,116476604,257,254,1,1,0,0,0,0
257,0.0405,1.4701,0.7889,0.002,0.7865,0.7792,0.005,0.0009,0.2301,0.647,0.008,0.0043,0.0051,0.1175,0.0122,0.0665,0.0082,0.0079,0.0558,0.0524,0.0042,0.0542,0.3464,0.0053,0.0203,0.0291,0.2842,0.1767,0.2337,2.3878,1,1135717536,1994866848,2,0,116476604,258,255,1,1,0,0,0,0
258,0.0416,1.1696,0.6694,0.0024,0.6663,0.6589,0.0056,0.0007,0.1928,0.4706,0.0098,0.0049,0.006,0.0878,0.0042,0.0441,0.004,0.0037,0.036,0.0305,0.0022,0.029,0.2274,0.003,0.0147,0.0265,0.2812,0.145,0.2283,2.0311,2,1135717536,1994859808,0,0,116476604,259,256,1,1,0,0,0,0
259,0.0398,1.6019,0.8388,0.0025,0.8361,0.8274,0.0063,0.0012,0.2149,0.742,0.0287,0.0129,0.0129,0.1319,0.0071,0.0846,0.0145,0.002,0.05,0.0391,0.0019,0.11,0.4156,0.004,0.01,0.0257,0.392,0.2912,0.3509,2.8955,3,1135717536,1994864736,1,0,116476604,260,257,1,1,0,0,0,0
260,0.0404,1.3295,0.8482,0.0033,0.8447,0.8379,0.0049,0.001,0.2005,0.4523,0.0084,0.0054,0.0068,0.0674,0.004,0.0376,0.0047,0.0035,0.0324,0.031,0.0021,0.031,0.1994,0.0025,0.0189,0.027,0.2936,0.1565,0.3842,2.4102,4,1135717536,1994867552,2,0,116476604,261,258,1,1,0,0,0,0
261,0.041,1.717,0.7224,0.0024,0.7198,0.7114,0.006,0.0013,0.3406,0.9624,0.0227,0.017,0.0166,0.1612,0.0085,0.0613,0.1077,0.006,0.0655,0.0555,0.004,0.0558,0.3993,0.005,0.0168,0.0275,0.4813,0.3814,0.3286,3.2003,5,1135717536,1994865440,0,0,116476604,262,259,1,1,0,0,0,0
262,0.0403,1.4459,0.6712,0.0025,0.6685,0.6611,0.0055,0.0011,0.2983,0.756,0.009,0.0075,0.0141,0.1494,0.0074,0.0666,0.0051,0.0055,0.0558,0.0552,0.0042,0.0523,0.3793,0.0046,0.0103,0.0164,0.3721,0.3469,0.4514,2.9706,6,1135717536,1994866144,1,0,116476604,263,260,1,1,0,0,0,0
263,0.0418,1.5636,0.7091,0.0024,0.7065,0.6981,0.0068,0.0007,0.3294,0.8337,0.0109,0.0068,0.0146,0.1615,0.0111,0.0708,0.0065,0.0066,0.0664,0.0598,0.0042,0.059,0.4175,0.005,0.0118,0.0195,0.4664,0.1742,0.3043,2.7943,7,1135717536,1994868960,2,0,116476604,264,261,1,1,0,0,0,0
264,0.0394,1.7412,0.7596,0.002,0.7573,0.742,0.0121,0.0015,0.3003,0.9398,0.0146,0.016,0.0149,0.1582,0.0107,0.1237,0.0162,0.0056,0.0961,0.0746,0.0061,0.0644,0.517,0.0136,0.0228,0.0365,0.6474,0.3346,0.3597,3.4379,0,1135717536,1994869664,0,0,116476604,265,262,1,1,0,0,0,0
265,0.0397,1.2482,0.6981,0.0022,0.6956,0.6868,0.0066,0.0012,0.2472,0.5207,0.009,0.0053,0.0089,0.083,0.0056,0.0375,0.0037,0.004,0.0321,0.0318,0.0021,0.034,0.2184,0.0031,0.0179,0.0339,0.2972,0.19,0.41,2.4745,1,1135717536,1994866848,1,0,116476604,266,263,1,1,0,0,0,0
266,0.0417,1.4311,0.7721,0.0022,0.7697,0.7629,0.0053,0.0011,0.1834,0.641,0.0083,0.0041,0.0073,0.0852,0.0108,0.0937,0.005,0.0069,0.0721,0.0768,0.0049,0.058,0.3858,0.0076,0.0059,0.031,0.3299,0.2364,0.3315,2.5923,2,1135717536,1994859808,2,0,116476604,267,264,1,1,0,0,0,0
267,0.0406,1.5662,0.6911,0.0022,0.6887,0.6811,0.0058,0.0009,0.3295,0.8509,0.0122,0.0069,0.0147,0.1603,0.0087,0.093,0.006,0.0061,0.0663,0.0586,0.0044,0.0579,0.4361,0.0053,0.0129,0.0227,0.34,0.221,0.3759,2.8045,3,1135717536,1994864736,0,0,116476604,268,265,1,1,0,0,0,0
268,0.0363,1.432,0.6809,0.0023,0.6784,0.6648,0.0106,0.0015,0.2841,0.7336,0.0103,0.006,0.0129,0.1269,0.0085,0.0636,0.0061,0.0057,0.0638,0.0576,0.0042,0.0581,0.37,0.0046,0.0106,0.0179,0.2455,0.2895,0.2922,2.5567,4,1135717536,1994867552,1,0,116476604,269,266,1,1,0,0,0,0
269,0.0415,1.3019,0.6654,0.0021,0.6631,0.6556,0.0052,0.0012,0.2387,0.606,0.0081,0.0054,0.0085,0.0882,0.0085,0.0833,0.0042,0.004,0.0585,0.0411,0.002,0.0398,0.3109,0.0023,0.0171,0.0319,0.2395,0.1838,0.2124,2.1929,5,1135717536,1994865440,2,0,116476604,270,267,1,1,0,0,0,0
270,0.0436,1.3333,0.7534,0.0022,0.751,0.7428,0.0063,0.0009,0.2058,0.5567,0.0124,0.0058,0.0075,0.0923,0.0188,0.0585,0.0075,0.0047,0.0521,0.0366,0.0024,0.03,0.2695,0.0037,0.0117,0.0337,0.3905,0.768,1.3826,4.8532,6,1135717536,1994866144,0,0,116476604,271,268,1,1,0,0,0,0
271,0.0349,1.3208,0.6591,0.0023,0.6563,0.6485,0.0052,0.0013,0.2404,0.6386,0.0227,0.0106,0.0101,0.0965,0.0058,0.0374,0.0058,0.0055,0.0353,0.0324,0.0019,0.0998,0.3014,0.0036,0.0123,0.0255,0.3016,0.3677,0.4137,2.7289,7,1135717536,1994868960,1,0,116476604,272,269,1,1,0,0,0,0
272,0.0397,1.7011,0.795,0.0022,0.7926,0.777,0.0124,0.0017,0.3078,0.8435,0.0115,0.012,0.0165,0.1777,0.0083,0.0522,0.0083,0.0059,0.0586,0.0954,0.0029,0.0635,0.4474,0.0028,0.0085,0.0167,0.4399,0.232,0.4328,3.1051,0,1135717536,1994869664,2,0,116476604,273,270,1,1,0,0,0,0
273,0.0528,2.0735,0.7154,0.0025,0.7127,0.706,0.005,0.0008,0.8182,1.3375,0.0112,0.0073,0.0134,0.1821,0.012,0.0707,0.0059,0.0058,0.0627,0.0592,0.0043,0.0576,0.4323,0.0055,0.0121,0.0245,0.3557,0.3056,0.5203,3.6352,1,1135717536,1994866848,0,0,116476604,274,271,1,1,0,0,0,0
274,0.0421,1.4327,0.7448,0.0026,0.7419,0.7339,0.0061,0.0009,0.2028,0.6639,0.02,0.0149,0.0124,0.1512,0.0063,0.047,0.0052,0.0041,0.0433,0.0863,0.0029,0.0324,0.3602,0.0038,0.0132,0.0231,0.346,0.2666,0.368,2.7235,2,1135717536,1994859808,1,0,116476604,275,272,1,1,0,0,0,0
275,0.0399,1.1013,0.6196,0.0024,0.617,0.6103,0.0046,0.0008,0.202,0.4561,0.008,0.0045,0.0073,0.0654,0.0035,0.0375,0.0033,0.0039,0.0383,0.0309,0.0023,0.0326,0.2047,0.0035,0.0143,0.0333,0.2876,0.1664,0.326,2.1116,3,1135717536,1994864736,2,0,116476604,276,273,1,1,0,0,0,0
276,0.0529,1.1862,0.6732,0.0028,0.67,0.6628,0.0057,0.0007,0.2224,0.4851,0.0082,0.0048,0.0068,0.0749,0.0053,0.039,0.0039,0.0043,0.0328,0.033,0.0021,0.0318,0.2115,0.0024,0.0182,0.0254,0.3044,0.2327,0.2966,2.3821,4,1135717536,1994867552,0,0,116476604,277,274,1,1,0,0,0,0
277,0.0405,1.2066,0.6841,0.0024,0.6815,0.6739,0.006,0.0008,0.2021,0.4946,0.0092,0.0037,0.0052,0.0799,0.0057,0.0519,0.0046,0.0028,0.0417,0.0334,0.0024,0.0317,0.2386,0.0054,0.0177,0.0273,0.3204,0.1632,0.3167,2.2445,5,1135717536,1994865440,1,0,116476604,278,275,1,1,0,0,0,0
278,0.049,1.5671,0.8158,0.0046,0.8109,0.7976,0.0104,0.0013,0.2921,0.7311,0.0102,0.006,0.0089,0.1091,0.0074,0.0806,0.0081,0.0053,0.0575,0.0633,0.0047,0.0538,0.3643,0.0053,0.0118,0.0252,0.3252,0.2344,0.4037,2.8173,6,1135717536,1994866144,2,0,116476604,279,276,1,1,0,0,0,0
279,0.0398,1.4075,0.6511,0.0033,0.6475,0.6413,0.0045,0.001,0.1981,0.7393,0.0177,0.0117,0.0142,0.1619,0.0056,0.1136,0.0039,0.007,0.1038,0.0446,0.003,0.0341,0.458,0.004,0.0067,0.0246,1.0647,0.8709,1.0917,5.2094,7,1135717536,1994868960,0,0,116476604,280,277,1,1,0,0,0,0
280,0.0444,1.5785,0.8191,0.0028,0.8161,0.8039,0.0093,0.0015,0.2845,0.7398,0.0109,0.0071,0.0129,0.1332,0.0074,0.0653,0.006,0.006,0.0578,0.055,0.004,0.0617,0.373,0.0081,0.0125,0.0182,0.7105,0.8105,1.0879,5.0417,0,1135717536,1994869664,1,0,116476604,281,278,1,1,0,0,0,0
281,0.0376,1.4027,0.6929,0.0025,0.6901,0.683,0.0051,0.0009,0.2825,0.6967,0.01,0.0082,0.0161,0.1325,0.008,0.0805,0.0065,0.0046,0.0607,0.033,0.0023,0.0286,0.3353,0.0027,0.0077,0.0125,0.2847,0.2386,0.2285,2.3824,1,1135717536,1994866848,2,0,116476604,282,279,1,1,0,0,0,0
282,0.0441,1.6759,0.8098,0.0037,0.8058,0.7929,0.0103,0.0012,0.2386,0.8285,0.0086,0.0048,0.011,0.1321,0.0076,0.1155,0.006,0.0195,0.079,0.1025,0.0037,0.0721,0.5012,0.0112,0.0227,0.032,0.4863,0.2616,0.9015,3.7131,2,1135717536,1994859808,0,0,116476604,283,280,1,1,0,0,0,0
283,0.0413,1.3072,0.6675,0.0032,0.6641,0.655,0.0069,0.0007,0.2295,0.6133,0.0083,0.0052,0.0087,0.0852,0.0048,0.0344,0.0053,0.0071,0.1047,0.0469,0.0033,0.0526,0.3238,0.0041,0.0135,0.0223,0.2341,0.1498,0.2057,2.1086,3,1135717536,1994864736,1,0,116476604,284,281,1,1,0,0,0,0
284,0.0393,1.3805,0.6992,0.0026,0.6964,0.6898,0.005,0.0011,0.2162,0.649,0.009,0.0041,0.0058,0.1006,0.0071,0.1126,0.0071,0.0037,0.0588,0.0334,0.0015,0.0693,0.3747,0.0052,0.0181,0.0344,0.3878,0.2404,0.2258,2.5154,4,1135717536,1994867552,2,0,116476604,285,282,1,1,0,0,0,0
285,0.0381,1.4747,0.6882,0.0022,0.6858,0.679,0.0051,0.001,0.2892,0.7681,0.0098,0.0058,0.0101,0.1448,0.0085,0.0826,0.0092,0.0058,0.0611,0.0592,0.0048,0.0528,0.4005,0.0052,0.0106,0.0173,0.3166,0.2236,0.2448,2.4648,5,1135717536,1994865440,0,0,116476604,286,283,1,1,0,0,0,0
286,0.0411,1.4276,0.6982,0.0023,0.6952,0.687,0.0065,0.0007,0.2986,0.701,0.0102,0.0065,0.0136,0.1451,0.0079,0.0844,0.0059,0.0042,0.0382,0.0331,0.002,0.0279,0.3287,0.0035,0.0191,0.0127,0.3147,0.243,0.2398,2.4704,6,1135717536,1994866144,1,0,116476604,287,284,1,1,0,0,0,0
287,0.0391,1.1732,0.6684,0.0023,0.6659,0.6589,0.0055,0.0008,0.2256,0.4807,0.0086,0.0044,0.0077,0.0682,0.0064,0.0335,0.0047,0.0037,0.0351,0.0313,0.0034,0.0292,0.1973,0.0031,0.0138,0.0283,0.3217,0.2968,0.2826,2.406,7,1135717536,1994868960,2,0,116476604,288,285,1,1,0,0,0,0
288,0.0412,1.7842,0.8144,0.0022,0.8115,0.8034,0.0063,0.0008,0.3333,0.9497,0.0111,0.008,0.0091,0.1325,0.0136,0.1105,0.0051,0.0097,0.0793,0.1126,0.0076,0.0877,0.5226,0.0069,0.0127,0.0181,0.3035,0.2148,0.5027,3.0831,0,1135717536,1994869664,0,0,116476604,289,286,1,1,0,0,0,0
289,0.0378,1.4694,0.6794,0.0021,0.677,0.669,0.0061,0.0011,0.2536,0.769,0.0105,0.0076,0.0128,0.1613,0.0101,0.0645,0.0058,0.0062,0.0583,0.0571,0.0043,0.0906,0.4318,0.0049,0.0123,0.0229,0.3557,0.2659,0.2898,2.6333,1,1135717536,1994866848,1,0,116476604,290,287,1,1,0,0,0,0
290,0.0395,1.6305,0.6522,0.0023,0.6497,0.6415,0.0065,0.0007,0.335,0.9506,0.0218,0.0132,0.0187,0.1717,0.0077,0.0693,0.0064,0.0067,0.0623,0.0868,0.0101,0.0954,0.4855,0.0082,0.0168,0.0321,0.4882,0.325,0.4511,3.2688,2,1135717536,1994859808,2,0,116476604,291,288,1,1,0,0,0,0
291,0.0428,1.6871,0.6847,0.0024,0.6819,0.674,0.0059,0.0011,0.4045,0.9788,0.019,0.0104,0.0152,0.1585,0.0107,0.084,0.0065,0.0059,0.0629,0.0604,0.0045,0.0947,0.4605,0.0113,0.0134,0.0222,0.3712,0.2672,0.4401,3.2021,3,1135717536,1994864736,0,0,116476604,292,289,1,1,0,0,0,0
292,0.0398,1.1738,0.6406,0.0028,0.6376,0.6311,0.0047,0.0007,0.2028,0.5021,0.0073,0.0043,0.0054,0.0998,0.0066,0.0489,0.004,0.0038,0.0368,0.0323,0.0023,0.0289,0.2467,0.0038,0.0165,0.0294,0.3669,0.2209,0.2572,2.3076,4,1135717536,1994867552,1,0,116476604,293,290,1,1,0,0,0,0
293,0.0387,1.8422,1.0143,0.0026,1.0115,1.002,0.0076,0.0008,0.4261,0.8014,0.0103,0.0066,0.0101,0.1377,0.0068,0.0637,0.0054,0.0035,0.0445,0.0332,0.0025,0.03,0.3091,0.0038,0.0156,0.0259,0.2431,0.166,0.2074,2.6708,5,1135717536,1994865440,2,0,116476604,294,291,1,1,0,0,0,0
294,0.0399,1.4401,0.668,0.0024,0.6654,0.659,0.0047,0.001,0.3039,0.7534,0.0099,0.0052,0.0092,0.141,0.0065,0.0692,0.0057,0.0054,0.0574,0.0576,0.0038,0.0553,0.3805,0.0049,0.0105,0.0176,0.3222,0.2194,0.2432,2.4617,6,1135717536,1994866144,0,0,116476604,295,292,1,1,0,0,0,0
295,0.0413,1.6628,0.6973,0.0025,0.6943,0.6871,0.005,0.0013,0.3586,0.9396,0.0161,0.014,0.0201,0.1721,0.0104,0.0872,0.0061,0.0055,0.064,0.0599,0.0045,0.0884,0.4716,0.0103,0.0164,0.0215,0.3793,0.3096,0.4595,3.1641,7,1135717536,1994868960,1,0,116476604,296,293,1,1,0,0,0,0
296,0.0402,1.453,0.6081,0.0023,0.6056,0.5992,0.0048,0.0009,0.3239,0.8169,0.0109,0.0069,0.015,0.155,0.011,0.0708,0.0063,0.0055,0.0634,0.0587,0.0044,0.059,0.4069,0.0052,0.0166,0.0222,0.3606,0.2297,0.256,2.5129,0,1135717536,1994869664,2,0,116476604,297,294,1,1,0,0,0,0
297,0.0393,1.2251,0.6765,0.0021,0.6742,0.666,0.0065,0.0008,0.2406,0.5232,0.0093,0.0052,0.0074,0.0772,0.0046,0.0508,0.0052,0.004,0.0371,0.0314,0.0025,0.0311,0.2276,0.0035,0.0149,0.0247,0.2633,0.1441,0.2671,2.1031,1,1135717536,1994866848,0,0,116476604,298,295,1,1,0,0,0,0
298,0.0413,1.5345,0.7103,0.0022,0.7079,0.6999,0.006,0.0012,0.2985,0.8007,0.011,0.0066,0.0158,0.1515,0.0102,0.0634,0.0065,0.0075,0.057,0.0556,0.0046,0.0885,0.416,0.005,0.0136,0.0223,0.3586,0.2825,0.4168,2.9074,2,1135717536,1994859808,1,0,116476604,299,296,1,1,0,0,0,0
299,0.0407,1.6011,0.743,0.0022,0.7406,0.7258,0.0123,0.0013,0.3074,0.8364,0.0107,0.0062,0.013,0.1615,0.011,0.073,0.0065,0.0056,0.0632,0.0575,0.0042,0.0909,0.4461,0.0049,0.0135,0.0216,0.3539,0.2788,0.642,3.2583,3,1135717536,1994864736,2,0,116476604,300,297,1,1,0,0,0,0
300,0.0458,1.9061,0.7613,0.0026,0.7585,0.749,0.007,0.0011,0.222,1.0454,0.0112,0.0054,0.0078,0.1679,0.0081,0.0602,0.0062,0.0171,0.0659,0.1071,0.0258,0.2848,0.6859,0.0314,0.0602,0.0779,1.629,1.1801,0.9853,6.6467,4,1135717536,1994867552,0,0,116476604,301,298,1,1,0,0,0,0
301,0.0434,1.5721,0.6569,0.0022,0.6544,0.648,0.0049,0.0009,0.3244,0.8976,0.0107,0.0069,0.0137,0.22,0.0175,0.069,0.0064,0.0111,0.0603,0.0584,0.0047,0.0699,0.4776,0.0038,0.0094,0.0162,0.2402,0.1544,0.2317,2.4023,5,1135717536,1994865440,1,0,116476604,302,299,1,1,0,0,0,0
302,0.0408,1.5963,0.6902,0.0021,0.6879,0.6807,0.0055,0.0008,0.3676,0.8851,0.0119,0.0072,0.0136,0.1457,0.0084,0.095,0.0063,0.0064,0.0716,0.0602,0.0045,0.0589,0.4314,0.005,0.0122,0.0236,0.3726,0.2694,0.3083,2.8355,6,1135717536,1994866144,2,0,116476604,303,300,1,1,0,0,0,0
303,0.0359,1.3936,0.6367,0.0021,0.6344,0.6257,0.0068,0.001,0.2914,0.7328,0.0108,0.0062,0.013,0.13,0.0102,0.0634,0.0056,0.0052,0.0577,0.0559,0.004,0.0562,0.3632,0.0047,0.0152,0.0177,0.31,0.188,0.6185,2.8462,7,1135717536,1994868960,0,0,116476604,304,301,1,1,0,0,0,0
304,0.0426,1.2072,0.707,0.002,0.7047,0.6964,0.006,0.0008,0.2219,0.4772,0.0093,0.005,0.0083,0.0605,0.0049,0.0384,0.0041,0.0037,0.0364,0.0346,0.0023,0.0315,0.2014,0.0032,0.014,0.0319,0.3212,0.2476,0.2081,2.2815,0,1135717536,1994869664,1,0,116476604,305,302,1,1,0,0,0,0
305,0.0447,1.295,0.7782,0.003,0.775,0.7573,0.0144,0.0015,0.2321,0.4905,0.0091,0.0049,0.0057,0.064,0.0034,0.0435,0.0048,0.0049,0.0336,0.0332,0.0023,0.0311,0.2054,0.0042,0.0167,0.0264,0.3182,0.156,0.1939,2.1707,1,1135717536,1994866848,2,0,116476604,306,303,1,1,0,0,0,0
306,0.0456,1.1891,0.7241,0.0034,0.7204,0.7145,0.0047,0.0009,0.1758,0.4321,0.0088,0.0054,0.0057,0.0689,0.0034,0.0404,0.0045,0.0043,0.0342,0.0314,0.0022,0.029,0.2039,0.0049,0.0149,0.0314,0.544,0.2794,0.4457,3.0159,2,1135717536,1994859808,0,0,116476604,307,304,1,1,0,0,0,0
307,0.0479,1.2745,0.7177,0.0026,0.7149,0.7098,0.0037,0.0009,0.2046,0.5359,0.0092,0.0039,0.0063,0.0889,0.0043,0.0433,0.0067,0.0044,0.0756,0.0351,0.0021,0.0324,0.2753,0.0035,0.0078,0.0277,0.3595,0.1651,0.1827,2.2105,3,1135717536,1994864736,1,0,116476604,308,305,1,1,0,0,0,0
308,0.0507,1.2562,0.7961,0.0034,0.7922,0.7829,0.0071,0.0008,0.1889,0.4323,0.0081,0.0035,0.0056,0.0617,0.0034,0.0361,0.003,0.0059,0.0306,0.0339,0.002,0.033,0.1953,0.0037,0.016,0.0291,0.4377,0.2907,0.3172,2.6189,4,1135717536,1994867552,2,0,116476604,309,306,1,1,0,0,0,0
309,0.0564,1.2459,0.6599,0.0028,0.6569,0.65,0.005,0.0008,0.1926,0.5638,0.008,0.0045,0.0052,0.0927,0.0082,0.0547,0.0053,0.0047,0.0782,0.0369,0.0025,0.0545,0.317,0.0032,0.0064,0.0411,0.3024,0.2111,0.2969,2.3495,5,1135717536,1994865440,0,0,116476604,310,307,1,1,0,0,0,0
310,0.0392,1.5969,0.676,0.0021,0.6736,0.6666,0.0049,0.0012,0.3008,0.8928,0.0108,0.0062,0.0133,0.1414,0.0074,0.1122,0.0156,0.0067,0.0984,0.0664,0.0052,0.0776,0.496,0.0083,0.0177,0.0274,0.389,0.2306,0.2963,2.8028,6,1135717536,1994866144,1,0,116476604,311,308,1,1,0,0,0,0
311,0.0396,1.169,0.6594,0.0022,0.657,0.65,0.0056,0.0008,0.2248,0.4825,0.0096,0.0043,0.0091,0.068,0.005,0.0365,0.0038,0.0042,0.0344,0.0334,0.0021,0.0302,0.2025,0.0031,0.0172,0.0251,0.268,0.1597,0.3277,2.1681,7,1135717536,1994868960,2,0,116476604,312,309,1,1,0,0,0,0
312,0.0401,1.1495,0.6647,0.0022,0.6623,0.6555,0.0051,0.0007,0.1955,0.4571,0.0087,0.0053,0.007,0.0696,0.0034,0.0443,0.0035,0.0037,0.0337,0.0311,0.0021,0.0303,0.209,0.0042,0.0165,0.031,0.2702,0.1549,0.1901,1.9707,0,1135717536,1994869664,0,0,116476604,313,310,1,1,0,0,0,0
313,0.0469,1.1597,0.6725,0.0043,0.6679,0.6603,0.0057,0.0007,0.1951,0.4588,0.0078,0.0047,0.0082,0.066,0.0058,0.0408,0.0061,0.0041,0.0363,0.0316,0.0022,0.0305,0.2052,0.0052,0.0155,0.0246,0.269,0.218,0.2591,2.1755,1,1135717536,1994866848,1,0,116476604,314,311,1,1,0,0,0,0
314,0.0433,1.2878,0.7623,0.0022,0.7597,0.7552,0.0034,0.0008,0.1762,0.5049,0.0088,0.0039,0.0071,0.0758,0.0033,0.0385,0.0041,0.0033,0.0736,0.0503,0.0025,0.0432,0.2814,0.0023,0.0045,0.0313,0.4379,0.2328,0.9276,3.4119,2,1135717536,1994859808,2,0,116476604,315,312,1,1,0,0,0,0
315,0.0406,1.1642,0.6505,0.0021,0.6479,0.642,0.0041,0.001,0.2355,0.4852,0.0085,0.0041,0.0081,0.0687,0.0055,0.0371,0.0036,0.0027,0.0321,0.0314,0.0028,0.0301,0.1994,0.0024,0.0144,0.0265,0.3286,0.158,0.1867,2.0455,3,1135717536,1994864736,0,0,116476604,316,313,1,1,0,0,0,0
316,0.0367,1.4472,0.6749,0.0026,0.672,0.6654,0.0045,0.0011,0.3066,0.7546,0.009,0.0065,0.0094,0.1465,0.0076,0.0641,0.0062,0.0061,0.0569,0.056,0.0041,0.0526,0.3761,0.0046,0.0102,0.0171,0.2471,0.2297,0.2135,2.3992,4,1135717536,1994867552,1,0,116476604,317,314,1,1,0,0,0,0
317,0.0405,1.6827,0.8025,0.0033,0.7989,0.7887,0.0083,0.001,0.36,0.8627,0.0131,0.0119,0.0151,0.1903,0.0114,0.0973,0.0123,0.0031,0.0508,0.0374,0.0016,0.032,0.4078,0.0034,0.0109,0.0184,0.2477,0.1557,0.3015,2.6447,5,1135717536,1994865440,2,0,116476604,318,315,1,1,0,0,0,0
318,0.0402,1.371,0.6449,0.0026,0.642,0.6313,0.0088,0.0009,0.2486,0.7048,0.0081,0.0046,0.0077,0.1282,0.0086,0.0689,0.0049,0.0066,0.0657,0.063,0.0029,0.0639,0.3897,0.0077,0.0155,0.0145,0.3554,0.196,0.3142,2.5039,6,1135717536,1994866144,0,0,116476604,319,316,1,1,0,0,0,0
319,0.05,1.6774,0.7991,0.0038,0.7947,0.7849,0.0077,0.001,0.2232,0.8441,0.0176,0.0058,0.0067,0.142,0.0287,0.141,0.0115,0.0067,0.0838,0.0844,0.0051,0.06,0.5112,0.0062,0.0206,0.0352,2.0229,1.1027,1.0108,6.7064,7,1135717536,1994868960,1,0,116476604,320,317,1,1,0,0,0,0
320,0.0391,1.1449,0.6721,0.0021,0.6698,0.6626,0.0054,0.0009,0.2034,0.4479,0.0083,0.0053,0.0067,0.0661,0.0039,0.0348,0.0039,0.0034,0.0331,0.0301,0.0022,0.0312,0.1953,0.0031,0.0144,0.0289,0.3811,0.2885,0.2413,2.2989,0,1135717536,1994869664,2,0,116476604,321,318,1,1,0,0,0,0
321,0.0383,1.3322,0.6599,0.0022,0.6575,0.6504,0.0055,0.0007,0.2059,0.6415,0.0207,0.0099,0.0087,0.1103,0.0065,0.0504,0.0074,0.0075,0.0679,0.0569,0.0042,0.0569,0.3424,0.0058,0.0194,0.0318,0.4467,0.2823,0.355,2.6819,1,1135717536,1994866848,0,0,116476604,322,319,1,1,0,0,0,0
322,0.0402,1.1716,0.6613,0.0022,0.6589,0.6526,0.0048,0.0008,0.2254,0.4827,0.0084,0.0041,0.007,0.0722,0.0043,0.037,0.0045,0.0037,0.0344,0.0318,0.0022,0.0304,0.2058,0.0029,0.0169,0.0256,0.2668,0.1704,0.2517,2.0731,2,1135717536,1994859808,1,0,116476604,323,320,1,1,0,0,0,0
323,0.0452,1.3394,0.8876,0.0035,0.8834,0.8704,0.0104,0.0013,0.1925,0.4183,0.0067,0.0034,0.005,0.0611,0.0035,0.0297,0.0031,0.0026,0.0288,0.0308,0.002,0.0331,0.1835,0.0027,0.0188,0.031,0.3222,0.1455,0.2434,2.2849,3,1135717536,1994864736,2,0,116476604,324,321,1,1,0,0,0,0
324,0.0408,1.4449,0.6786,0.0025,0.6759,0.6688,0.0051,0.0013,0.2999,0.741,0.0109,0.0063,0.0134,0.1251,0.0078,0.0678,0.006,0.0058,0.0578,0.0549,0.0039,0.0559,0.3615,0.0052,0.0166,0.0185,0.3886,0.2257,0.2888,2.5991,4,1135717536,1994867552,0,0,116476604,325,322,1,1,0,0,0,0
325,0.0429,1.4035,0.7503,0.0033,0.7467,0.7365,0.0071,0.002,0.2914,0.6275,0.0106,0.0061,0.0125,0.1039,0.0054,0.0469,0.0047,0.0054,0.0404,0.0384,0.0034,0.0376,0.2672,0.0039,0.0149,0.0256,0.3397,0.191,0.2426,2.4066,5,1135717536,1994865440,1,0,116476604,326,323,1,1,0,0,0,0
326,0.0409,1.1907,0.6903,0.0021,0.688,0.68,0.0061,0.001,0.2064,0.4706,0.0088,0.0047,0.0071,0.0736,0.0048,0.0388,0.0046,0.0055,0.0338,0.0318,0.002,0.0319,0.2099,0.0031,0.0165,0.0307,0.308,0.1807,0.2878,2.2119,6,1135717536,1994866144,2,0,116476604,327,324,1,1,0,0,0,0
327,0.0417,1.4836,0.6613,0.0023,0.6588,0.6517,0.0054,0.0009,0.1927,0.7982,0.0083,0.0043,0.0088,0.0751,0.0106,0.0862,0.0061,0.0064,0.0621,0.1332,0.0208,0.1593,0.5159,0.0068,0.0133,0.0234,0.5435,0.8022,1.1537,4.956,7,1135717536,1994868960,0,0,116476604,328,325,1,1,0,0,0,0
328,0.0387,1.8583,1.0974,0.0024,1.0948,1.0808,0.0111,0.0014,0.2937,0.7437,0.0104,0.0074,0.0139,0.1361,0.0075,0.0688,0.0062,0.0063,0.0569,0.0551,0.0042,0.0539,0.3708,0.0044,0.0103,0.0817,0.3306,0.2362,0.2336,2.9431,0,1135717536,1994869664,1,0,116476604,329,326,1,1,0,0,0,0
329,0.0442,1.4955,0.7423,0.0032,0.7388,0.727,0.0094,0.0013,0.2734,0.7321,0.0115,0.0065,0.0123,0.143,0.0159,0.0648,0.0084,0.0072,0.0608,0.0517,0.0065,0.0411,0.3614,0.0093,0.0124,0.0163,0.3456,0.2597,0.2507,2.6499,1,1135717536,1994866848,2,0,116476604,330,327,1,1,0,0,0,0
330,0.0429,1.5569,0.7833,0.0023,0.7808,0.7698,0.0091,0.0011,0.2515,0.7634,0.0113,0.0062,0.0099,0.1412,0.0061,0.0825,0.0026,0.0223,0.0909,0.0707,0.0032,0.0441,0.4294,0.0035,0.0028,0.0141,0.3292,0.7985,1.4256,5.0511,2,1135717536,1994859808,0,0,116476604,331,328,1,1,0,0,0,0
331,0.0502,1.2305,0.6341,0.0022,0.6317,0.6244,0.0057,0.0008,0.1891,0.5698,0.0081,0.0048,0.0075,0.1542,0.0086,0.0644,0.0053,0.004,0.0391,0.034,0.0023,0.031,0.3227,0.0035,0.0148,0.0279,0.3259,0.2597,0.2629,2.3676,3,1135717536,1994864736,1,0,116476604,332,329,1,1,0,0,0,0
332,0.0446,1.265,0.7129,0.0029,0.7098,0.7021,0.0058,0.0009,0.221,0.5209,0.0219,0.0132,0.0088,0.077,0.0047,0.0322,0.0037,0.0047,0.0362,0.0309,0.0028,0.0313,0.2076,0.0033,0.0177,0.0151,0.2026,0.1823,0.233,2.1362,4,1135717536,1994867552,2,0,116476604,333,330,1,1,0,0,0,0
333,0.039,1.345,0.6911,0.0022,0.6887,0.6817,0.0053,0.001,0.2251,0.6212,0.0074,0.0042,0.0089,0.095,0.0074,0.0663,0.0061,0.0054,0.0563,0.0567,0.0042,0.0576,0.3319,0.0048,0.0178,0.0256,0.4864,0.4642,0.4882,3.3893,5,1135717536,1994865440,0,0,116476604,334,331,1,1,0,0,0,0
334,0.0406,1.1837,0.699,0.0023,0.6964,0.6889,0.0058,0.0008,0.2056,0.454,0.0086,0.0041,0.0071,0.065,0.0038,0.0349,0.0034,0.0044,0.0361,0.0323,0.0024,0.03,0.1983,0.0024,0.0176,0.0267,0.3067,0.1691,0.3421,2.2489,6,1135717536,1994866144,1,0,116476604,335,332,1,1,0,0,0,0
335,0.0394,1.1909,0.7038,0.0026,0.7009,0.6936,0.0058,0.0008,0.2062,0.4592,0.0082,0.0035,0.0054,0.0745,0.0045,0.0323,0.0036,0.0037,0.0364,0.0332,0.0021,0.0298,0.2062,0.0023,0.0194,0.0279,0.3474,0.1938,0.4325,2.476,7,1135717536,1994868960,2,0,116476604,336,333,1,1,0,0,0,0
336,0.0422,1.5555,0.6723,0.0025,0.6696,0.6621,0.0059,0.0007,0.3265,0.8633,0.0107,0.0068,0.0128,0.1388,0.0084,0.0713,0.0065,0.0056,0.0602,0.0575,0.0042,0.125,0.4528,0.0064,0.0126,0.0184,0.3131,0.2355,0.8067,3.331,0,1135717536,1994869664,0,0,116476604,337,334,1,1,0,0,0,0
337,0.0394,1.4575,0.7168,0.0023,0.7142,0.7053,0.0065,0.0011,0.3138,0.7131,0.0123,0.007,0.0153,0.1763,0.0156,0.0415,0.0038,0.0036,0.0345,0.0308,0.0021,0.0314,0.3145,0.0052,0.0171,0.0237,0.3796,0.4178,1.3441,4.4112,1,1135717536,1994866848,1,0,116476604,338,335,1,1,0,0,0,0
338,0.0408,1.6958,0.6777,0.0021,0.6753,0.6676,0.0058,0.0008,0.2806,0.9924,0.0112,0.006,0.0132,0.2474,0.0188,0.1208,0.0073,0.0059,0.0676,0.0894,0.0071,0.0881,0.6133,0.0074,0.0161,0.0261,0.4709,0.3403,1.2524,4.1805,2,1135717536,1994859808,2,0,116476604,339,336,1,1,0,0,0,0
339,0.04,1.7431,0.7639,0.0025,0.7611,0.7535,0.0058,0.001,0.2822,0.9505,0.0072,0.0052,0.0075,0.1758,0.0191,0.1444,0.0082,0.011,0.0953,0.0607,0.0075,0.0981,0.5743,0.0087,0.0183,0.0266,0.3266,0.2285,0.4875,3.1242,3,1135717536,1994864736,0,0,116476604,340,337,1,1,0,0,0,0
340,0.0399,1.649,0.7948,0.0022,0.7923,0.777,0.0122,0.0012,0.2589,0.8318,0.0084,0.0049,0.0068,0.1737,0.0161,0.0859,0.0064,0.0065,0.0643,0.0612,0.0044,0.058,0.4431,0.0601,0.0131,0.0214,0.3723,0.3538,0.2754,2.9015,4,1135717536,1994867552,1,0,116476604,341,338,1,1,0,0,0,0
341,0.0394,1.3939,0.6928,0.0022,0.6903,0.6801,0.0079,0.0012,0.2012,0.6694,0.0079,0.0048,0.0062,0.1478,0.0121,0.0689,0.0055,0.0064,0.0635,0.0606,0.0044,0.0577,0.3985,0.0061,0.0198,0.0233,0.4383,0.2174,0.4014,2.7374,5,1135717536,1994865440,2,0,116476604,342,339,1,1,0,0,0,0
342,0.0389,1.4589,0.6943,0.0023,0.6918,0.6831,0.0067,0.0008,0.2937,0.7449,0.0113,0.0068,0.0134,0.1414,0.0091,0.0606,0.0051,0.0057,0.057,0.0561,0.004,0.0547,0.3698,0.005,0.0109,0.0202,0.3499,0.254,0.3059,2.6284,6,1135717536,1994866144,0,0,116476604,343,340,1,1,0,0,0,0
343,0.0373,1.7988,0.8279,0.0023,0.8252,0.8162,0.0069,0.0011,0.3373,0.9511,0.0115,0.0077,0.0135,0.1846,0.0115,0.0665,0.0043,0.0058,0.1225,0.1004,0.0023,0.0586,0.5326,0.0039,0.0136,0.0177,0.2618,0.236,0.302,2.8904,7,1135717536,1994868960,1,0,116476604,344,341,1,1,0,0,0,0
344,0.0408,1.4575,0.6967,0.0024,0.6941,0.6863,0.0059,0.001,0.3009,0.7459,0.0169,0.0099,0.0179,0.1327,0.008,0.0799,0.0053,0.0061,0.0627,0.047,0.0018,0.0274,0.3497,0.0026,0.0086,0.0187,0.3128,0.2363,0.3931,2.7008,0,1135717536,1994869664,2,0,116476604,345,342,1,1,0,0,0,0
345,0.0401,1.5045,0.68,0.0021,0.6776,0.6701,0.0055,0.0009,0.3341,0.8072,0.0111,0.0083,0.0151,0.1531,0.0108,0.0655,0.0064,0.0055,0.0578,0.0563,0.0042,0.0535,0.3862,0.0049,0.0103,0.018,0.5246,0.1973,0.2686,2.7119,1,1135717536,1994866848,0,0,116476604,346,343,1,1,0,0,0,0
346,0.0417,1.4827,0.84,0.0022,0.8376,0.8309,0.0051,0.0009,0.1858,0.6203,0.0086,0.0045,0.0054,0.0828,0.0028,0.073,0.0057,0.0158,0.0898,0.065,0.0036,0.0588,0.3694,0.0043,0.0067,0.0265,0.2817,0.3405,0.2973,2.7531,2,1135717536,1994859808,1,0,116476604,347,344,1,1,0,0,0,0
347,0.0398,1.4602,0.7135,0.0022,0.711,0.7032,0.0063,0.0008,0.2003,0.729,0.0085,0.0047,0.0084,0.0757,0.0087,0.1379,0.0111,0.0089,0.1036,0.0794,0.0045,0.0561,0.4527,0.0049,0.0107,0.018,0.326,0.2322,0.3303,2.6119,3,1135717536,1994864736,2,0,116476604,348,345,1,1,0,0,0,0
348,0.0523,1.5773,0.6875,0.0029,0.6842,0.6691,0.0119,0.0015,0.2541,0.8696,0.0092,0.0059,0.0069,0.107,0.0084,0.0994,0.0039,0.0241,0.1051,0.1485,0.006,0.0722,0.5322,0.0037,0.0122,0.0157,0.3367,0.3906,1.1989,4.2823,4,1135717536,1994867552,0,0,116476604,349,346,1,1,0,0,0,0
349,0.0485,1.4016,0.6475,0.0025,0.6448,0.6379,0.0047,0.0014,0.269,0.7371,0.0112,0.0064,0.0135,0.1821,0.0055,0.09,0.0108,0.0051,0.0547,0.0326,0.0025,0.0297,0.3891,0.0036,0.011,0.0138,0.2257,0.1736,0.3423,2.3614,5,1135717536,1994865440,1,0,116476604,350,347,1,1,0,0,0,0
350,0.0402,1.1651,0.6612,0.0022,0.6588,0.6524,0.005,0.0009,0.1994,0.4772,0.0103,0.0045,0.005,0.0787,0.006,0.0457,0.0051,0.0055,0.0404,0.0286,0.0021,0.0311,0.2245,0.0036,0.0175,0.0264,0.439,0.2368,0.3302,2.4442,6,1135717536,1994866144,2,0,116476604,351,348,1,1,0,0,0,0
351,0.0398,1.2324,0.7013,0.0021,0.6989,0.6922,0.0051,0.0007,0.2318,0.5055,0.0091,0.0047,0.0085,0.0763,0.0046,0.0421,0.0052,0.0039,0.0349,0.0319,0.0023,0.0332,0.2184,0.0035,0.0158,0.0314,0.2928,0.1957,0.4002,2.4369,7,1135717536,1994868960,0,0,116476604,352,349,1,1,0,0,0,0
352,0.038,1.7421,0.6664,0.0021,0.6641,0.6559,0.0063,0.0011,0.3088,1.0532,0.0135,0.008,0.015,0.1645,0.0085,0.1431,0.0142,0.018,0.107,0.1203,0.0078,0.0961,0.631,0.0074,0.0133,0.0228,0.3932,0.4066,0.3617,3.2231,0,1135717536,1994869664,1,0,116476604,353,350,1,1,0,0,0,0
353,0.0494,1.4234,0.702,0.0047,0.697,0.6859,0.0089,0.0013,0.2332,0.7024,0.0088,0.0047,0.0092,0.1294,0.0157,0.0718,0.0058,0.0092,0.0541,0.0541,0.0065,0.0733,0.3827,0.0053,0.0114,0.0195,0.3457,0.7663,1.2373,4.5486,1,1135717536,1994866848,2,0,116476604,354,351,1,1,0,0,0,0
354,0.0522,1.5552,0.733,0.0034,0.7293,0.7179,0.0081,0.0017,0.316,0.8087,0.01,0.0062,0.0111,0.1728,0.0138,0.0801,0.0102,0.004,0.0555,0.0438,0.0035,0.0607,0.4129,0.0039,0.0072,0.0142,0.2685,0.1938,0.2404,2.4982,2,1135717536,1994859808,0,0,116476604,355,352,1,1,0,0,0,0
355,0.0423,1.5896,0.7105,0.0034,0.7068,0.6949,0.0101,0.0007,0.3534,0.8608,0.0175,0.0116,0.0125,0.152,0.0067,0.0722,0.0045,0.0044,0.06,0.0702,0.0112,0.0497,0.4041,0.0048,0.0106,0.019,0.3225,0.2337,0.3744,2.9629,3,1135717536,1994864736,1,0,116476604,356,353,1,1,0,0,0,0
356,0.0468,1.2431,0.6546,0.0023,0.652,0.6449,0.0053,0.0008,0.213,0.5444,0.0072,0.0044,0.0092,0.0726,0.0071,0.0852,0.0058,0.0062,0.0436,0.0335,0.0022,0.0335,0.2684,0.0047,0.0248,0.0345,0.3064,0.2915,1.0958,3.365,4,1135717536,1994867552,2,0,116476604,357,354,1,1,0,0,0,0
357,0.0439,1.5431,0.6666,0.0023,0.6641,0.6572,0.0055,0.0007,0.2956,0.8523,0.0105,0.0053,0.0081,0.2128,0.0184,0.0699,0.007,0.0075,0.0639,0.0608,0.0043,0.0589,0.4663,0.0064,0.0151,0.0245,0.384,0.3038,0.405,2.9959,5,1135717536,1994865440,0,0,116476604,358,355,1,1,0,0,0,0
358,0.041,1.6192,0.6983,0.0021,0.696,0.6887,0.0054,0.0011,0.2967,0.8923,0.0109,0.0065,0.0125,0.2222,0.0207,0.0705,0.0063,0.0059,0.0634,0.0641,0.0047,0.0785,0.4987,0.0086,0.0176,0.0298,0.3663,0.2232,0.391,2.8923,6,1135717536,1994866144,1,0,116476604,359,356,1,1,0,0,0,0
359,0.0368,1.5222,0.7159,0.0021,0.7135,0.7049,0.0065,0.0013,0.3653,0.7919,0.0174,0.0122,0.0164,0.1545,0.0103,0.0846,0.0047,0.0053,0.0331,0.0293,0.002,0.0268,0.3283,0.0028,0.0078,0.0216,0.6663,0.702,1.1932,5.288,7,1135717536,1994868960,2,0,116476604,360,357,1,1,0,0,0,0
360,0.0502,1.5638,0.7122,0.0042,0.7074,0.7005,0.0054,0.0009,0.2147,0.8197,0.0229,0.0111,0.0106,0.2063,0.006,0.095,0.0087,0.0092,0.0857,0.0638,0.0036,0.0476,0.4984,0.004,0.0157,0.0302,1.0974,1.231,1.1985,6.0114,0,1135717536,1994869664,0,0,116476604,361,358,1,1,0,0,0,0
361,0.0394,1.6412,0.6639,0.0022,0.6612,0.6539,0.0054,0.001,0.2912,0.9577,0.0113,0.0066,0.0133,0.1403,0.008,0.0659,0.0051,0.0056,0.0575,0.148,0.0075,0.1734,0.5851,0.0044,0.0118,0.0183,0.4097,0.6245,1.333,4.8792,1,1135717536,1994866848,1,0,116476604,362,359,1,1,0,0,0,0
362,0.0409,1.6384,0.8315,0.0024,0.8289,0.8153,0.0105,0.0014,0.2371,0.7892,0.0121,0.0055,0.0061,0.1266,0.0076,0.068,0.0061,0.0079,0.0644,0.091,0.0206,0.1134,0.4634,0.0055,0.0114,0.0178,1.163,1.0919,1.1563,5.962,2,1135717536,1994859808,2,0,116476604,363,360,1,1,0,0,0,0
363,0.0431,1.4002,0.6799,0.0023,0.677,0.6707,0.0043,0.0009,0.2954,0.6995,0.0114,0.0059,0.0128,0.1401,0.0082,0.0693,0.0055,0.0035,0.057,0.0328,0.0018,0.0314,0.3306,0.0031,0.0139,0.0159,0.2913,0.4116,0.4452,2.9069,3,1135717536,1994864736,0,0,116476604,364,361,1,1,0,0,0,0
364,0.04,1.1414,0.6511,0.0021,0.6488,0.6426,0.0049,0.0007,0.2,0.4622,0.0089,0.0055,0.0069,0.0649,0.0044,0.0429,0.0039,0.0044,0.0354,0.0332,0.0022,0.03,0.2064,0.0051,0.0167,0.0276,0.259,0.1708,0.3178,2.1833,4,1135717536,1994867552,1,0,116476604,365,362,1,1,0,0,0,0
365,0.0408,1.3539,0.6762,0.0024,0.6736,0.6657,0.0055,0.0008,0.2832,0.6507,0.0115,0.0064,0.0141,0.145,0.0115,0.0426,0.0043,0.0051,0.0356,0.0316,0.0024,0.0329,0.2877,0.0049,0.0151,0.0306,0.3085,0.3171,0.4179,2.7327,5,1135717536,1994865440,2,0,116476604,366,363,1,1,0,0,0,0
366,0.0393,1.2654,0.671,0.0027,0.6681,0.6608,0.0055,0.001,0.2343,0.5621,0.0083,0.0045,0.0084,0.0809,0.0052,0.0404,0.0042,0.0062,0.0531,0.0522,0.0038,0.04,0.2666,0.0045,0.0191,0.0353,0.2698,0.269,0.3883,2.5078,6,1135717536,1994866144,0,0,116476604,367,364,1,1,0,0,0,0
367,0.0405,1.5891,0.8045,0.0023,0.8016,0.7915,0.0073,0.0015,0.2188,0.7652,0.0063,0.0051,0.0052,0.0968,0.0076,0.0779,0.0089,0.0064,0.1206,0.0943,0.0046,0.0886,0.4782,0.007,0.0122,0.0181,0.3176,0.2927,0.2367,2.7584,7,1135717536,1994868960,1,0,116476604,368,365,1,1,0,0,0,0
368,0.0388,2.0181,0.6984,0.0024,0.6958,0.6888,0.0055,0.001,0.2055,1.2954,0.0078,0.0053,0.0069,0.6352,0.0083,0.0889,0.0085,0.015,0.1225,0.098,0.0059,0.064,1.0086,0.0066,0.0147,0.0243,0.364,0.2472,0.3154,3.2124,0,1135717536,1994869664,2,0,116476604,369,366,1,1,0,0,0,0
369,0.0443,1.2886,0.6233,0.0027,0.6204,0.6117,0.0064,0.0009,0.2255,0.652,0.0072,0.0038,0.006,0.1199,0.0088,0.0637,0.0055,0.0055,0.061,0.0597,0.0044,0.0595,0.3638,0.0049,0.0067,0.0177,0.3322,0.2417,0.3156,2.4105,1,1135717536,1994866848,0,0,116476604,370,367,1,1,0,0,0,0
370,0.0413,1.9811,0.701,0.0024,0.6984,0.6902,0.0065,0.0009,0.2986,1.2474,0.011,0.0067,0.0136,0.3597,0.0234,0.1978,0.0055,0.0034,0.1112,0.0692,0.0098,0.1044,0.8423,0.009,0.0195,0.0318,0.5282,0.3469,1.1932,5.1117,2,1135717536,1994859808,1,0,116476604,371,368,1,1,0,0,0,0
371,0.0394,1.6951,1.0034,0.0027,1.0005,0.9872,0.0105,0.0015,0.2571,0.6691,0.0108,0.0063,0.0101,0.1116,0.0078,0.0982,0.0069,0.0064,0.0495,0.0425,0.0026,0.0348,0.3366,0.0046,0.0113,0.0339,0.2763,0.2335,0.2633,2.7272,3,1135717536,1994864736,2,0,116476604,372,369,1,1,0,0,0,0
372,0.0391,1.4416,0.5909,0.0024,0.5882,0.5815,0.0049,0.0007,0.3345,0.8337,0.0253,0.0099,0.0189,0.164,0.0083,0.0619,0.0042,0.0055,0.0548,0.0545,0.004,0.0529,0.3881,0.0049,0.008,0.021,0.3396,0.244,0.2908,2.539,4,1135717536,1994867552,0,0,116476604,373,370,1,1,0,0,0,0
373,0.0397,1.8526,0.8371,0.0022,0.8346,0.8174,0.0137,0.0017,0.3456,0.9781,0.0172,0.0134,0.0185,0.2008,0.0164,0.0969,0.0048,0.0054,0.0725,0.048,0.004,0.1034,0.5216,0.0081,0.0209,0.0582,1.6921,1.0844,1.1566,6.6099,5,1135717536,1994865440,1,0,116476604,374,371,1,1,0,0,0,0
374,0.0442,1.2183,0.6779,0.0023,0.6753,0.6681,0.0053,0.0008,0.2058,0.5115,0.0101,0.0058,0.0069,0.084,0.0053,0.0539,0.0063,0.0031,0.0425,0.0337,0.0021,0.0313,0.2454,0.0048,0.0165,0.0292,0.3545,0.1952,0.2343,2.2395,6,1135717536,1994866144,2,0,116476604,375,372,1,1,0,0,0,0
375,0.04,1.4888,0.706,0.0025,0.7033,0.6958,0.0057,0.0009,0.2978,0.7639,0.0115,0.0062,0.0123,0.1505,0.0119,0.0652,0.0057,0.0053,0.0585,0.0547,0.0041,0.054,0.3829,0.0046,0.0116,0.0194,0.3446,0.2305,0.3191,2.6528,7,1135717536,1994868960,0,0,116476604,376,373,1,1,0,0,0,0
376,0.0395,1.372,0.6822,0.0025,0.6795,0.6719,0.0058,0.0009,0.1972,0.669,0.0099,0.0052,0.0077,0.063,0.0035,0.1333,0.0149,0.0071,0.0822,0.0606,0.0046,0.0575,0.3966,0.0057,0.0121,0.0191,0.2581,0.2548,0.2087,2.341,0,1135717536,1994869664,1,0,116476604,377,374,1,1,0,0,0,0
377,0.0389,1.4488,0.6833,0.0019,0.6811,0.6752,0.0044,0.001,0.3021,0.756,0.0168,0.0144,0.0166,0.1682,0.0118,0.0682,0.0101,0.0032,0.0478,0.0365,0.0017,0.0353,0.356,0.0032,0.0029,0.0128,0.2551,0.1588,0.2834,2.3615,1,1135717536,1994866848,2,0,116476604,378,375,1,1,0,0,0,0
378,0.04,1.1527,0.7091,0.0022,0.7066,0.7003,0.0045,0.0007,0.1743,0.4188,0.0081,0.0048,0.006,0.059,0.0034,0.0409,0.0044,0.0032,0.0296,0.0331,0.0021,0.0327,0.1953,0.0033,0.0137,0.0281,0.2935,0.1295,0.2758,2.0583,2,1135717536,1994859808,0,0,116476604,379,376,1,1,0,0,0,0
379,0.0384,1.3178,0.6882,0.0022,0.6858,0.677,0.0068,0.0012,0.2067,0.6007,0.0215,0.0146,0.0107,0.1201,0.0087,0.0612,0.0063,0.0042,0.0558,0.036,0.0028,0.032,0.3051,0.0036,0.017,0.026,0.3143,0.2728,1.2453,3.5768,3,1135717536,1994864736,1,0,116476604,380,377,1,1,0,0,0,0
380,0.0391,1.5384,0.7192,0.0025,0.7165,0.6997,0.014,0.0016,0.3166,0.7881,0.009,0.0054,0.0088,0.1121,0.0073,0.0918,0.0115,0.0062,0.0639,0.0861,0.003,0.0441,0.398,0.007,0.0209,0.1081,0.5969,0.2564,0.3417,3.2042,4,1135717536,1994867552,2,0,116476604,381,378,1,1,0,0,0,0
381,0.0401,1.4919,0.6714,0.0022,0.669,0.6617,0.0057,0.0007,0.2758,0.8015,0.0104,0.007,0.0145,0.1309,0.0075,0.0664,0.0056,0.0065,0.0597,0.0553,0.0043,0.131,0.4433,0.0047,0.0111,0.0175,0.32,0.183,0.315,2.5689,5,1135717536,1994865440,0,0,116476604,382,379,1,1,0,0,0,0
382,0.0568,1.5636,0.8214,0.0024,0.8184,0.8112,0.005,0.0011,0.3082,0.7289,0.0176,0.0113,0.0151,0.1378,0.0076,0.092,0.0058,0.0042,0.0415,0.0331,0.002,0.0274,0.3318,0.0026,0.0063,0.0136,0.2572,0.2939,0.3421,2.7649,6,1135717536,1994866144,1,0,116476604,383,380,1,1,0,0,0,0
383,0.0393,1.5285,0.6916,0.0022,0.6892,0.682,0.0056,0.0008,0.2589,0.8175,0.0116,0.0059,0.0137,0.1491,0.0106,0.0677,0.0064,0.0065,0.0609,0.0608,0.0046,0.1349,0.4734,0.0058,0.0115,0.0201,0.4901,0.536,0.3938,3.48,7,1135717536,1994868960,2,0,116476604,384,381,1,1,0,0,0,0
384,0.0386,1.8554,0.6929,0.0021,0.6905,0.6829,0.0055,0.0012,0.4225,1.1429,0.0224,0.0163,0.066,0.1708,0.0168,0.0929,0.0075,0.0131,0.1805,0.069,0.0024,0.0299,0.5431,0.0034,0.0117,0.0179,0.3503,0.3128,1.1655,4.6331,0,1135717536,1994869664,0,0,116476604,385,382,1,1,0,0,0,0
385,0.0387,1.2291,0.6708,0.0021,0.6684,0.661,0.0054,0.001,0.2064,0.5286,0.0088,0.0039,0.009,0.0632,0.0063,0.0333,0.0051,0.006,0.0399,0.0565,0.0041,0.0643,0.2572,0.0073,0.0179,0.0332,0.3242,0.1707,0.1934,2.1436,1,1135717536,1994866848,1,0,116476604,386,383,1,1,0,0,0,0
386,0.0394,1.4927,0.7234,0.0022,0.721,0.7139,0.0053,0.0007,0.2947,0.7487,0.0109,0.0069,0.0139,0.1355,0.0102,0.0651,0.0059,0.0054,0.0587,0.0566,0.004,0.055,0.3709,0.0059,0.0135,0.0176,0.4814,0.7042,1.0036,4.4052,2,1135717536,1994859808,2,0,116476604,387,384,1,1,0,0,0,0
387,0.0486,1.3028,0.7856,0.0024,0.7829,0.7767,0.005,0.0008,0.187,0.499,0.0069,0.0033,0.0052,0.0945,0.008,0.0459,0.0052,0.0025,0.0462,0.0372,0.0016,0.0403,0.2641,0.0028,0.0059,0.0358,0.3553,0.2522,1.0855,3.7776,3,1135717536,1994864736,0,0,116476604,388,385,1,1,0,0,0,0
388,0.0399,1.1143,0.6081,0.0023,0.6056,0.5995,0.0045,0.0009,0.1743,0.4663,0.0083,0.0068,0.0078,0.1028,0.0051,0.0344,0.0055,0.0034,0.0361,0.0328,0.0016,0.0302,0.2363,0.0029,0.0226,0.0189,0.3023,0.2812,0.3792,2.3168,4,1135717536,1994867552,1,0,116476604,389,386,1,1,0,0,0,0
389,0.053,1.4611,0.7133,0.0023,0.7108,0.7031,0.0053,0.0011,0.1757,0.7231,0.0071,0.0031,0.0054,0.0825,0.0104,0.0538,0.0059,0.0096,0.1229,0.138,0.0053,0.0846,0.4818,0.0066,0.0132,0.0199,0.3593,0.3781,1.1436,4.7895,5,1135717536,1994865440,2,0,116476604,390,387,1,1,0,0,0,0
390,0.0467,1.3954,0.7793,0.0031,0.7758,0.7689,0.0051,0.0011,0.2128,0.5877,0.0078,0.0046,0.0069,0.0794,0.0045,0.0692,0.0065,0.0055,0.0643,0.0554,0.0028,0.049,0.3173,0.0043,0.0142,0.0321,0.5033,0.2034,0.4641,2.9139,6,1135717536,1994866144,0,0,116476604,391,388,1,1,0,0,0,0
391,0.0392,1.152,0.6694,0.0023,0.6668,0.6598,0.0055,0.0007,0.1915,0.4588,0.0086,0.0041,0.0073,0.0712,0.0046,0.0478,0.0025,0.0036,0.0368,0.0312,0.0024,0.03,0.217,0.0031,0.0142,0.0274,0.3462,0.372,0.3959,2.5966,7,1135717536,1994868960,1,0,116476604,392,389,1,1,0,0,0,0
392,0.0396,1.4813,0.6713,0.0022,0.6689,0.663,0.004,0.0012,0.2884,0.7918,0.0111,0.0065,0.0129,0.1497,0.0106,0.0892,0.0061,0.006,0.0722,0.0569,0.0039,0.0531,0.4211,0.0047,0.0105,0.0165,0.3196,0.1726,0.33,2.5689,0,1135717536,1994869664,2,0,116476604,393,390,1,1,0,0,0,0
393,0.0469,1.2328,0.6897,0.0037,0.6858,0.6781,0.0056,0.0009,0.1804,0.5063,0.0082,0.0042,0.0052,0.07,0.0077,0.0478,0.0052,0.0034,0.04,0.0622,0.003,0.0514,0.2714,0.0039,0.0218,0.0357,0.2985,0.2623,0.3406,2.55,1,1135717536,1994866848,0,0,116476604,394,391,1,1,0,0,0,0
394,0.0397,1.4621,0.659,0.0021,0.6567,0.6491,0.0056,0.0011,0.2018,0.7814,0.0087,0.0047,0.0076,0.1852,0.0198,0.1206,0.0069,0.0076,0.0666,0.0627,0.0044,0.0603,0.4954,0.0068,0.0131,0.0215,0.3726,0.1934,0.3326,2.6064,2,1135717536,1994859808,1,0,116476604,395,392,1,1,0,0,0,0
395,0.0428,1.4734,0.6427,0.0021,0.6404,0.6336,0.0049,0.0008,0.3528,0.8096,0.0099,0.0063,0.0149,0.1482,0.0096,0.0635,0.0055,0.0052,0.0562,0.0545,0.0043,0.0522,0.3746,0.0049,0.0127,0.0205,0.328,0.1575,0.3507,2.5694,3,1135717536,1994864736,2,0,116476604,396,393,1,1,0,0,0,0
396,0.0554,1.3667,0.7893,0.0038,0.7848,0.7765,0.0066,0.0008,0.1779,0.5253,0.0082,0.0042,0.0049,0.089,0.0137,0.0516,0.0068,0.0039,0.0587,0.0478,0.0042,0.0376,0.2847,0.0039,0.0458,0.0134,0.3354,0.2711,0.2902,2.5598,4,1135717536,1994867552,0,0,116476604,397,394,1,1,0,0,0,0
397,0.0408,1.8398,0.9004,0.0025,0.8976,0.8874,0.0076,0.0015,0.2012,0.9096,0.0099,0.0048,0.0063,0.1418,0.0279,0.1839,0.01,0.0051,0.1241,0.0611,0.0077,0.1002,0.6111,0.0063,0.0165,0.0264,1.8166,0.8943,0.9763,6.2851,5,1135717536,1994865440,1,0,116476604,398,395,1,1,0,0,0,0
398,0.0398,1.2301,0.6602,0.0025,0.6575,0.652,0.0034,0.0012,0.1844,0.5523,0.0091,0.0048,0.0073,0.0834,0.0087,0.0769,0.0046,0.0041,0.0605,0.047,0.0016,0.0437,0.3115,0.0024,0.005,0.0279,0.3233,0.2315,0.3493,2.3948,6,1135717536,1994866144,2,0,116476604,399,396,1,1,0,0,0,0
399,0.0399,1.4493,0.6863,0.0022,0.6839,0.6743,0.0076,0.0009,0.2908,0.7469,0.0093,0.0053,0.0096,0.1367,0.0066,0.08,0.0046,0.0027,0.0563,0.0568,0.0071,0.0626,0.3924,0.0023,0.0087,0.0141,0.2486,0.1637,0.1789,2.2485,7,1135717536,1994868960,0,0,116476604,400,397,1,1,0,0,0,0
400,0.0415,1.6147,0.8239,0.0028,0.8208,0.8065,0.0117,0.0013,0.2145,0.7738,0.0097,0.0049,0.0076,0.1728,0.0222,0.0968,0.0053,0.0065,0.0974,0.05,0.0022,0.0644,0.4814,0.0029,0.0085,0.0157,0.3651,0.2674,0.3301,2.8442,0,1135717536,1994869664,1,0,116476604,401,398,1,1,0,0,0,0
401,0.041,1.3164,0.6762,0.0023,0.6737,0.6645,0.0062,0.0015,0.2394,0.6116,0.0074,0.0046,0.0068,0.0939,0.0056,0.0644,0.0054,0.0038,0.0571,0.0554,0.0022,0.0494,0.3202,0.0032,0.016,0.0306,0.2724,0.1904,0.491,2.6022,1,1135717536,1994866848,2,0,116476604,402,399,1,1,0,0,0,0
402,0.0561,1.2376,0.645,0.0033,0.6415,0.6353,0.0049,0.0008,0.2076,0.5718,0.0073,0.0042,0.0077,0.1021,0.0049,0.0499,0.0063,0.0061,0.0521,0.0599,0.002,0.0446,0.3086,0.0029,0.0071,0.0301,0.3816,0.2422,0.3326,2.5098,2,1135717536,1994859808,0,0,116476604,403,400,1,1,0,0,0,0
403,0.0427,1.6806,0.8751,0.0041,0.8708,0.8601,0.0086,0.0009,0.2274,0.7857,0.0088,0.0044,0.0082,0.1046,0.0065,0.0862,0.0175,0.006,0.1214,0.1127,0.0028,0.0576,0.4825,0.0026,0.0125,0.017,0.3358,0.2488,0.3453,2.9238,3,1135717536,1994864736,1,0,116476604,404,401,1,1,0,0,0,0
404,0.0425,1.2193,0.7881,0.0023,0.7856,0.7809,0.0031,0.0009,0.1717,0.4124,0.0078,0.0042,0.0051,0.0661,0.0029,0.0292,0.0028,0.004,0.0396,0.0314,0.0019,0.0307,0.197,0.0028,0.0078,0.0329,0.2934,0.164,0.2017,2.1051,4,1135717536,1994867552,2,0,116476604,405,402,1,1,0,0,0,0
405,0.043,1.3379,0.7898,0.0023,0.7873,0.7719,0.012,0.0015,0.2681,0.5185,0.0089,0.0041,0.008,0.0705,0.0039,0.0356,0.0034,0.0027,0.0349,0.031,0.002,0.0287,0.2007,0.0034,0.0171,0.0277,0.2874,0.1636,0.2184,2.2502,5,1135717536,1994865440,0,0,116476604,406,403,1,1,0,0,0,0
406,0.0398,1.3425,0.6083,0.003,0.605,0.5997,0.0038,0.0008,0.213,0.6971,0.0085,0.0038,0.0069,0.124,0.0047,0.0765,0.0064,0.0034,0.0605,0.0869,0.0023,0.0707,0.4186,0.0122,0.0213,0.0228,0.361,0.1865,0.2655,2.4817,6,1135717536,1994866144,1,0,116476604,407,404,1,1,0,0,0,0
407,0.0412,1.418,0.593,0.0032,0.5895,0.5837,0.0041,0.0009,0.2122,0.807,0.0157,0.0042,0.0072,0.161,0.0051,0.0877,0.0043,0.0034,0.0918,0.0556,0.0065,0.1109,0.507,0.0057,0.0103,0.0209,0.2965,0.229,0.2028,2.3586,7,1135717536,1994868960,2,0,116476604,408,405,1,1,0,0,0,0
408,0.049,1.4022,0.6661,0.0022,0.6636,0.6514,0.0099,0.0013,0.2427,0.7158,0.0087,0.0059,0.0071,0.1564,0.0178,0.0863,0.0055,0.0049,0.0543,0.0494,0.0017,0.0546,0.401,0.0034,0.0131,0.016,0.3431,0.2057,0.3401,2.7598,0,1135717536,1994869664,0,0,116476604,409,406,1,1,0,0,0,0
409,0.0405,1.1945,0.5668,0.0026,0.5638,0.5581,0.0044,0.0008,0.188,0.604,0.0087,0.004,0.0066,0.1014,0.0082,0.0776,0.0047,0.0047,0.0733,0.0672,0.0033,0.0377,0.3572,0.0044,0.011,0.1667,0.3028,0.1615,0.3241,2.4089,1,1135717536,1994866848,1,0,116476604,410,407,1,1,0,0,0,0
410,0.0428,1.4879,0.6558,0.003,0.6526,0.6429,0.0073,0.0013,0.2179,0.7953,0.0086,0.0053,0.0089,0.0921,0.006,0.1189,0.0117,0.0103,0.0904,0.0481,0.0033,0.1458,0.4953,0.0088,0.0226,0.0329,0.4882,0.3635,0.3929,3.1259,2,1135717536,1994859808,2,0,116476604,411,408,1,1,0,0,0,0
411,0.0414,1.6116,0.6974,0.0026,0.6946,0.6849,0.0077,0.0008,0.3292,0.8907,0.0104,0.007,0.0117,0.1395,0.0096,0.0497,0.0076,0.0066,0.0951,0.0826,0.0123,0.1018,0.4687,0.0075,0.0142,0.0212,0.4124,0.2987,0.3824,3.0261,3,1135717536,1994864736,0,0,116476604,412,409,1,1,0,0,0,0
412,0.0463,1.5148,0.7102,0.0024,0.7075,0.7003,0.0051,0.0011,0.3181,0.7828,0.0096,0.0058,0.0098,0.1405,0.0116,0.0436,0.0064,0.0067,0.0762,0.0631,0.0119,0.0594,0.3828,0.003,0.0099,0.03,0.3521,0.2321,0.3135,2.641,4,1135717536,1994867552,1,0,116476604,413,410,1,1,0,0,0,0
413,0.0419,1.562,0.9046,0.0026,0.9018,0.884,0.0149,0.0016,0.2324,0.6243,0.0083,0.0042,0.0074,0.1091,0.004,0.0766,0.0043,0.0038,0.0463,0.0638,0.0019,0.0441,0.3399,0.0044,0.0197,0.038,0.2935,0.1739,0.4334,2.7268,5,1135717536,1994865440,2,0,116476604,414,411,1,1,0,0,0,0
414,0.0416,1.4776,0.7005,0.0024,0.6979,0.6901,0.0053,0.0014,0.2761,0.7596,0.0094,0.0056,0.0096,0.1451,0.0115,0.0955,0.0103,0.005,0.0668,0.0479,0.0067,0.0444,0.3997,0.0055,0.0104,0.0165,0.3002,0.1859,0.29,2.4635,6,1135717536,1994866144,0,0,116476604,415,412,1,1,0,0,0,0
415,0.0414,1.7293,0.8116,0.0033,0.8078,0.7915,0.0126,0.0017,0.3039,0.8942,0.0138,0.0099,0.0139,0.1601,0.0179,0.0516,0.0095,0.0069,0.0884,0.0618,0.0031,0.1241,0.486,0.0057,0.0151,0.0246,0.3875,0.2609,0.2506,2.8766,7,1135717536,1994868960,1,0,116476604,416,413,1,1,0,0,0,0
416,0.0399,1.6814,0.7956,0.002,0.7933,0.7865,0.0048,0.0009,0.4326,0.8532,0.0107,0.0056,0.0077,0.1662,0.0053,0.0811,0.0068,0.0031,0.0475,0.0324,0.0016,0.031,0.3582,0.005,0.0194,0.0242,0.24,0.1955,0.2804,2.6499,0,1135717536,1994869664,2,0,116476604,417,414,1,1,0,0,0,0
417,0.0544,1.491,0.8899,0.0032,0.8865,0.8786,0.0058,0.0009,0.2,0.5685,0.0114,0.005,0.0068,0.0828,0.0045,0.0715,0.0057,0.011,0.0638,0.0506,0.0025,0.033,0.3017,0.0069,0.0177,0.0475,0.4674,0.1738,0.3048,2.7055,1,1135717536,1994866848,0,0,116476604,418,415,1,1,0,0,0,0
418,0.0405,1.3245,0.7556,0.0032,0.7521,0.7419,0.007,0.0016,0.2458,0.5372,0.0095,0.0048,0.0108,0.0641,0.007,0.0444,0.0093,0.0063,0.038,0.0364,0.0056,0.0341,0.217,0.0041,0.0169,0.0319,0.3034,0.1839,0.2802,2.3573,2,1135717536,1994859808,1,0,116476604,419,416,1,1,0,0,0,0
419,0.0407,1.245,0.7106,0.0022,0.7082,0.7014,0.005,0.0009,0.1935,0.5068,0.007,0.0039,0.0049,0.0734,0.0117,0.0903,0.0066,0.0036,0.036,0.0278,0.0016,0.0272,0.2547,0.0038,0.0169,0.0293,0.3262,0.1919,0.3163,2.3435,3,1135717536,1994864736,2,0,116476604,420,417,1,1,0,0,0,0
420,0.0471,1.4982,0.7067,0.0037,0.7027,0.6948,0.0063,0.0008,0.1993,0.7686,0.0087,0.005,0.007,0.111,0.0131,0.1113,0.0063,0.0084,0.1151,0.0934,0.0019,0.062,0.4928,0.008,0.0144,0.0191,0.5059,1.1549,1.0455,5.0734,4,1135717536,1994867552,0,0,116476604,421,418,1,1,0,0,0,0
421,0.04,1.3704,0.7666,0.0023,0.7641,0.7554,0.0067,0.001,0.2682,0.5775,0.0098,0.0055,0.01,0.0946,0.0055,0.0428,0.0029,0.0031,0.0431,0.039,0.0018,0.0346,0.2541,0.0029,0.0163,0.0219,0.3579,0.3267,1.1879,3.7852,5,1135717536,1994865440,1,0,116476604,422,419,1,1,0,0,0,0
422,0.0389,1.2175,0.6877,0.0024,0.6851,0.6731,0.0099,0.0009,0.2026,0.4997,0.0087,0.0057,0.0069,0.0798,0.0032,0.0576,0.0044,0.0035,0.043,0.0345,0.0018,0.0335,0.2484,0.0027,0.0161,0.0312,0.2974,0.203,0.217,2.2215,6,1135717536,1994866144,2,0,116476604,423,420,1,1,0,0,0,0
423,0.043,1.4523,0.8029,0.0018,0.8009,0.7908,0.0076,0.0012,0.216,0.6045,0.0092,0.0053,0.0075,0.1111,0.0073,0.0615,0.006,0.0039,0.066,0.0525,0.0038,0.0345,0.3256,0.0042,0.0253,0.0417,0.28,0.2338,0.448,2.8214,7,1135717536,1994868960,0,0,116476604,424,421,1,1,0,0,0,0
424,0.0402,1.2045,0.7822,0.0029,0.7791,0.7709,0.0053,0.0011,0.1761,0.3948,0.0076,0.0036,0.0054,0.0594,0.0026,0.0315,0.0025,0.0025,0.0305,0.0287,0.0014,0.027,0.1771,0.0022,0.0161,0.0276,0.4148,0.2083,0.28,2.3596,0,1135717536,1994869664,1,0,116476604,425,422,1,1,0,0,0,0
425,0.0468,1.38,0.7627,0.0033,0.7591,0.7512,0.0057,0.0011,0.2249,0.5829,0.0085,0.0048,0.0052,0.1202,0.015,0.0615,0.0053,0.0025,0.0469,0.0279,0.0015,0.0379,0.2944,0.0052,0.0187,0.0341,0.2873,0.1678,0.1865,2.2491,1,1135717536,1994866848,2,0,116476604,426,423,1,1,0,0,0,0
426,0.0527,1.4424,0.7591,0.0032,0.7555,0.7461,0.0077,0.0008,0.224,0.6586,0.0081,0.0044,0.0084,0.1766,0.0053,0.0607,0.0055,0.0061,0.0541,0.0459,0.0025,0.0411,0.3784,0.0034,0.013,0.0175,0.3546,0.1932,0.2615,2.5218,2,1135717536,1994859808,0,0,116476604,427,424,1,1,0,0,0,0
427,0.0437,1.3566,0.7679,0.0032,0.7644,0.7511,0.0103,0.0016,0.2374,0.5695,0.0084,0.0046,0.007,0.0868,0.0089,0.0563,0.0046,0.0042,0.0551,0.0378,0.0015,0.0377,0.2737,0.0046,0.0125,0.0185,0.2914,0.1635,0.2511,2.3235,3,1135717536,1994864736,1,0,116476604,428,425,1,1,0,0,0,0
428,0.0442,1.357,0.7908,0.0024,0.7881,0.7822,0.0045,0.0009,0.2117,0.5448,0.0109,0.0112,0.0069,0.0798,0.0026,0.0757,0.0044,0.0034,0.042,0.0392,0.0018,0.0404,0.2771,0.003,0.0124,0.0232,0.3201,0.2088,0.1718,2.3425,4,1135717536,1994867552,2,0,116476604,429,426,1,1,0,0,0,0
429,0.2075,4.5192,2.7665,0.0352,2.729,2.6824,0.0374,0.0046,0.6596,1.7076,0.0224,0.0142,0.0286,0.2416,0.0153,0.2358,0.0276,0.0084,0.1603,0.1195,0.0078,0.1151,0.8723,0.0107,0.0273,0.0378,0.7765,0.4477,0.4054,6.7395,5,1135717536,1994865440,0,0,116476604,430,427,1,1,0,0,0,0
430,0.047,1.6486,0.8003,0.0026,0.7973,0.7739,0.0196,0.0016,0.2794,0.827,0.0064,0.0052,0.0065,0.1291,0.0179,0.0923,0.0069,0.0115,0.0952,0.0938,0.0056,0.0542,0.4646,0.005,0.0134,0.017,0.3331,0.1793,0.2821,2.7281,6,1135717536,1994866144,1,0,116476604,431,428,1,1,0,0,0,0
431,0.0456,1.5373,0.8064,0.0027,0.8034,0.7978,0.0038,0.0011,0.1882,0.7098,0.0084,0.0057,0.0065,0.1274,0.0184,0.0823,0.0082,0.005,0.083,0.0937,0.0042,0.0559,0.4423,0.0043,0.0125,0.0187,0.3413,0.2175,0.4094,2.8137,7,1135717536,1994868960,2,0,116476604,432,429,1,1,0,0,0,0
432,0.0403,1.3649,0.6798,0.0038,0.6758,0.6706,0.0038,0.0007,0.1945,0.6623,0.0076,0.0049,0.0068,0.0769,0.0037,0.1317,0.0105,0.0056,0.0805,0.0588,0.002,0.0599,0.4078,0.0039,0.008,0.0248,0.2743,0.1816,0.2804,2.3385,0,1135717536,1994869664,0,0,116476604,433,430,1,1,0,0,0,0
433,0.0453,1.4104,0.6976,0.0037,0.6936,0.6875,0.0044,0.001,0.1942,0.6807,0.0079,0.0042,0.0073,0.0945,0.0042,0.0853,0.0142,0.0036,0.104,0.0902,0.0037,0.0478,0.4218,0.0044,0.0158,0.0172,0.275,0.181,0.2663,2.3691,1,1135717536,1994866848,1,0,116476604,434,431,1,1,0,0,0,0
434,0.0408,1.7434,0.6818,0.0027,0.6788,0.6717,0.0055,0.0008,0.3282,1.028,0.011,0.0065,0.0102,0.1695,0.0082,0.0943,0.0126,0.0093,0.1373,0.0847,0.005,0.1236,0.6094,0.0081,0.0182,0.0232,0.4616,0.3393,0.2561,3.0989,2,1135717536,1994859808,2,0,116476604,435,432,1,1,0,0,0,0
435,0.0402,1.3849,0.7713,0.0027,0.768,0.7626,0.0039,0.0007,0.1835,0.5841,0.0072,0.0044,0.0062,0.0654,0.0024,0.0804,0.0056,0.0047,0.0553,0.0675,0.0154,0.0684,0.337,0.0039,0.016,0.0306,0.2953,0.1554,0.2167,2.2983,3,1135717536,1994864736,0,0,116476604,436,433,1,1,0,0,0,0
436,0.041,1.3119,0.7471,0.0028,0.7441,0.7367,0.0057,0.0008,0.2046,0.5342,0.008,0.0042,0.0067,0.0821,0.0032,0.0399,0.0027,0.0038,0.0873,0.0331,0.0042,0.0371,0.2795,0.0037,0.0146,0.0293,0.3297,0.1876,0.2336,2.2986,4,1135717536,1994867552,1,0,116476604,437,434,1,1,0,0,0,0
437,0.0477,1.2185,0.6968,0.0041,0.6924,0.6852,0.0053,0.0012,0.2253,0.4988,0.009,0.0044,0.0069,0.082,0.0128,0.0369,0.0038,0.003,0.0347,0.0329,0.0019,0.0292,0.2157,0.0024,0.0104,0.0374,0.3091,0.2101,0.427,2.4754,5,1135717536,1994865440,2,0,116476604,438,435,1,1,0,0,0,0
438,0.1002,1.8396,1.0688,0.0025,1.0657,1.0558,0.0076,0.0008,0.2234,0.7301,0.0095,0.0058,0.0059,0.1841,0.0082,0.0595,0.0054,0.0068,0.0659,0.0784,0.0025,0.0551,0.443,0.0039,0.021,0.0316,0.4939,0.277,0.2309,3.1717,6,1135717536,1994866144,0,0,116476604,439,436,1,1,0,0,0,0
439,0.0448,1.541,0.8722,0.0031,0.8688,0.854,0.0119,0.0015,0.2585,0.6425,0.0103,0.0045,0.0079,0.1007,0.0035,0.0561,0.0051,0.0053,0.058,0.0547,0.0026,0.056,0.3255,0.0031,0.0072,0.0347,0.5991,0.594,1.2587,4.7367,7,1135717536,1994868960,1,0,116476604,440,437,1,1,0,0,0,0
440,0.0402,1.4248,0.7181,0.0028,0.7151,0.7087,0.0046,0.0012,0.2056,0.6897,0.0081,0.0042,0.0067,0.101,0.011,0.1158,0.0067,0.0061,0.078,0.0538,0.0031,0.072,0.4206,0.0035,0.0063,0.0639,0.3165,0.4323,1.2134,4.2594,0,1135717536,1994869664,2,0,116476604,441,438,1,1,0,0,0,0
441,0.0529,1.3871,0.796,0.0028,0.7927,0.7864,0.005,0.0006,0.232,0.571,0.009,0.0041,0.0061,0.0716,0.0031,0.0671,0.0041,0.0039,0.0562,0.05,0.0025,0.0466,0.2915,0.0028,0.0084,0.0283,0.409,0.2665,0.3492,2.7366,1,1135717536,1994866848,0,0,116476604,442,439,1,1,0,0,0,0
442,0.0433,1.3625,0.732,0.0035,0.7283,0.7218,0.0047,0.0012,0.1884,0.6078,0.0074,0.004,0.0081,0.0751,0.0028,0.0583,0.0143,0.0056,0.1027,0.0619,0.0018,0.0591,0.3571,0.0039,0.0089,0.0284,0.4306,0.2634,0.3523,2.739,2,1135717536,1994859808,1,0,116476604,443,440,1,1,0,0,0,0
443,0.0475,1.524,0.7833,0.0045,0.7785,0.7719,0.005,0.0009,0.2433,0.7014,0.0088,0.0049,0.0067,0.1011,0.0083,0.0948,0.0061,0.0075,0.0608,0.0615,0.0039,0.0707,0.3889,0.0058,0.0245,0.0228,0.4646,0.2316,0.3679,2.868,3,1135717536,1994864736,2,0,116476604,444,441,1,1,0,0,0,0
444,0.0465,1.6057,0.8343,0.0035,0.8306,0.8198,0.0071,0.0022,0.2534,0.753,0.0101,0.0053,0.0071,0.1515,0.0208,0.0879,0.0072,0.008,0.0908,0.0315,0.0018,0.0562,0.4179,0.0026,0.0106,0.0161,0.2292,0.1784,0.2299,2.4791,4,1135717536,1994867552,0,0,116476604,445,442,1,1,0,0,0,0
445,0.0385,1.3162,0.6888,0.0023,0.686,0.6802,0.0041,0.0013,0.2182,0.611,0.0065,0.004,0.0052,0.114,0.0064,0.0378,0.0036,0.0033,0.0544,0.0816,0.002,0.0567,0.3445,0.003,0.005,0.0268,0.3473,0.213,0.2139,2.3632,5,1135717536,1994865440,1,0,116476604,446,443,1,1,0,0,0,0
446,0.0474,1.3433,0.6693,0.0029,0.6661,0.6582,0.006,0.0009,0.2162,0.6397,0.0085,0.0058,0.0073,0.074,0.0104,0.0865,0.0084,0.0076,0.0948,0.0482,0.0024,0.0473,0.3508,0.0054,0.0201,0.038,0.362,0.5532,1.5229,4.7167,6,1135717536,1994866144,2,0,116476604,447,444,1,1,0,0,0,0
447,0.0445,1.5882,0.8309,0.0026,0.828,0.8187,0.0075,0.0007,0.211,0.7249,0.0136,0.0099,0.0089,0.1308,0.0136,0.0548,0.0077,0.0085,0.0438,0.0757,0.0024,0.1119,0.417,0.0085,0.0193,0.033,0.5132,0.3248,0.3138,3.0362,7,1135717536,1994868960,0,0,116476604,448,445,1,1,0,0,0,0
448,0.0403,1.3563,0.6637,0.0022,0.6612,0.6547,0.0045,0.001,0.1983,0.661,0.0081,0.0042,0.0052,0.064,0.0047,0.0736,0.0145,0.0047,0.0919,0.051,0.0033,0.1118,0.3923,0.0076,0.0202,0.0223,0.5104,0.2588,0.2628,2.6441,0,1135717536,1994869664,1,0,116476604,449,446,1,1,0,0,0,0
449,0.0405,1.94,0.7565,0.0027,0.7536,0.7396,0.0111,0.0015,0.332,1.1551,0.0112,0.0062,0.0134,0.2149,0.0159,0.1476,0.0083,0.0062,0.1142,0.158,0.0085,0.0909,0.7256,0.0067,0.0122,0.0384,0.4477,0.2326,0.3673,3.278,1,1135717536,1994866848,2,0,116476604,450,447,1,1,0,0,0,0
450,0.049,1.8995,0.7679,0.0038,0.7634,0.7558,0.0061,0.0008,0.3371,1.107,0.0234,0.0161,0.0222,0.2182,0.0094,0.1944,0.0099,0.0076,0.0623,0.0887,0.0083,0.0753,0.6389,0.0053,0.0154,0.0181,0.336,0.2156,0.4366,3.2336,2,1135717536,1994859808,0,0,116476604,451,448,1,1,0,0,0,0
451,0.0385,1.3122,0.6275,0.0022,0.6251,0.618,0.0052,0.0009,0.1891,0.6451,0.0078,0.0046,0.006,0.0651,0.0053,0.0688,0.0236,0.0096,0.1285,0.0678,0.0075,0.0373,0.3675,0.0058,0.0224,0.0225,0.7731,1.6072,1.1805,6.0736,3,1135717536,1994864736,1,0,116476604,452,449,1,1,0,0,0,0
452,0.0404,2.0287,0.7765,0.0025,0.7736,0.7615,0.0094,0.0015,0.2277,1.1683,0.0077,0.0043,0.0061,0.2243,0.0359,0.1616,0.0118,0.0129,0.0836,0.1582,0.0101,0.1639,0.7916,0.0338,0.0541,0.0896,1.9948,1.1462,1.0972,7.3267,4,1135717536,1994867552,2,0,116476604,453,450,1,1,0,0,0,0
453,0.0418,1.4655,0.9008,0.0024,0.8982,0.8916,0.0047,0.0008,0.1988,0.533,0.0083,0.0047,0.0055,0.0693,0.0033,0.0959,0.0136,0.0051,0.041,0.0325,0.0023,0.0321,0.2708,0.0049,0.0186,0.0362,0.3167,0.2137,0.5021,2.899,5,1135717536,1994865440,0,0,116476604,454,451,1,1,0,0,0,0
454,0.0435,1.418,0.7664,0.0022,0.764,0.7549,0.0069,0.001,0.2112,0.6268,0.0089,0.0055,0.0074,0.1521,0.0096,0.0735,0.0061,0.0057,0.0552,0.0357,0.0014,0.0322,0.3487,0.004,0.0111,0.0325,0.334,0.2799,0.3531,2.7408,6,1135717536,1994866144,1,0,116476604,455,452,1,1,0,0,0,0
455,0.0443,1.4263,0.8945,0.0023,0.892,0.8846,0.0055,0.0009,0.2015,0.507,0.0097,0.0049,0.0066,0.1093,0.0057,0.0332,0.0033,0.0034,0.0327,0.0379,0.003,0.0332,0.2463,0.0032,0.0086,0.0286,0.3819,0.8293,1.0829,4.5515,7,1135717536,1994868960,2,0,116476604,456,453,1,1,0,0,0,0
456,0.0502,1.5304,0.7825,0.0034,0.7787,0.7713,0.0056,0.0009,0.2461,0.7201,0.0087,0.005,0.0073,0.1165,0.015,0.1283,0.0045,0.0042,0.0571,0.0508,0.002,0.0532,0.4059,0.0041,0.0173,0.0746,0.4739,0.3936,1.0919,4.3462,0,1135717536,1994869664,0,0,116476604,457,454,1,1,0,0,0,0
457,0.0447,1.7199,0.8356,0.0024,0.8329,0.8231,0.0077,0.0009,0.2569,0.8554,0.0122,0.0058,0.0069,0.1669,0.0204,0.0928,0.0103,0.0113,0.1233,0.0662,0.0019,0.056,0.5052,0.0037,0.0125,0.021,0.3635,0.2289,0.4032,3.1552,1,1135717536,1994866848,1,0,116476604,458,455,1,1,0,0,0,0
458,0.0475,1.3947,0.7286,0.0052,0.7231,0.7147,0.0066,0.0011,0.2372,0.6426,0.0081,0.0046,0.0099,0.1207,0.0058,0.0678,0.0045,0.005,0.053,0.0533,0.0034,0.0504,0.3452,0.0039,0.0098,0.0275,0.3456,0.2082,0.4431,2.6702,2,1135717536,1994859808,2,0,116476604,459,456,1,1,0,0,0,0
459,0.0442,1.5439,0.8297,0.0032,0.8262,0.8195,0.0052,0.0009,0.2425,0.6904,0.0085,0.0049,0.0072,0.1385,0.0068,0.0641,0.0049,0.0046,0.0768,0.0572,0.0025,0.0547,0.3913,0.004,0.0092,0.0277,0.3039,0.1987,0.1847,2.4762,3,1135717536,1994864736,0,0,116476604,460,457,1,1,0,0,0,0
460,0.0711,2.8662,1.0511,0.0032,1.0477,1.0386,0.0067,0.0011,0.2235,1.7081,0.0111,0.0061,0.0073,0.1296,0.0044,0.1351,0.0083,0.0576,0.1526,0.3843,0.0316,0.4663,1.2679,0.0588,0.0679,0.0838,1.6782,1.1608,1.1028,7.9526,4,1135717536,1994867552,1,0,116476604,461,458,1,1,0,0,0,0
461,0.0931,3.4309,1.6234,0.0131,1.6098,1.5876,0.0166,0.0028,0.7506,1.7707,0.0231,0.0179,0.0229,0.2837,0.0108,0.1698,0.016,0.0087,0.1679,0.1196,0.0111,0.1146,0.8556,0.0108,0.0217,0.0366,0.5911,0.3921,0.3765,5.3188,5,1135717536,1994865440,2,0,116476604,462,459,1,1,0,0,0,0
462,0.0747,1.6187,0.947,0.0038,0.9429,0.9345,0.0063,0.0011,0.2265,0.6392,0.0095,0.0051,0.0088,0.1133,0.0071,0.0625,0.0055,0.0059,0.0566,0.0529,0.0025,0.0582,0.3435,0.0052,0.0129,0.0356,0.3712,0.2413,0.4255,3.0498,6,1135717536,1994866144,0,0,116476604,463,460,1,1,0,0,0,0
463,0.0731,2.467,1.0936,0.0092,1.0839,1.0727,0.0085,0.0017,0.4145,1.3501,0.0123,0.0084,0.0169,0.2735,0.0274,0.1003,0.0063,0.0118,0.2699,0.1018,0.0035,0.071,0.8165,0.0046,0.0135,0.0281,0.5243,0.3592,0.3525,4.1378,7,1135717536,1994868960,1,0,116476604,464,461,1,1,0,0,0,0
464,0.0556,1.6593,0.8333,0.0064,0.8261,0.814,0.0093,0.0008,0.2797,0.8061,0.017,0.0155,0.0131,0.2267,0.0085,0.0609,0.0051,0.0049,0.0552,0.0468,0.0022,0.0444,0.434,0.0032,0.0105,0.0209,0.4253,0.2724,0.4478,3.2671,0,1135717536,1994869664,2,0,116476604,465,462,1,1,0,0,0,0
465,0.1908,3.5849,1.9915,0.0194,1.9711,1.9476,0.0179,0.0031,0.6045,1.554,0.0257,0.0153,0.0297,0.253,0.0098,0.1431,0.0078,0.0073,0.1776,0.1195,0.0062,0.1035,0.7967,0.0075,0.0223,0.0365,0.6096,0.3867,0.4238,5.532,1,1135717536,1994866848,0,0,116476604,466,463,1,1,0,0,0,0
466,0.0811,2.1311,1.265,0.0039,1.2604,1.2483,0.0096,0.001,0.3289,0.8447,0.0096,0.0069,0.0125,0.144,0.0054,0.0649,0.0038,0.006,0.0799,0.0776,0.0021,0.0785,0.4449,0.003,0.012,0.021,0.4119,0.2681,0.2806,3.41,2,1135717536,1994859808,1,0,116476604,467,464,1,1,0,0,0,0
467,0.0647,2.0913,1.4404,0.004,1.4359,1.4195,0.0118,0.0018,0.3078,0.6144,0.0141,0.0072,0.0064,0.0924,0.0064,0.0383,0.004,0.0039,0.0453,0.0345,0.0016,0.0312,0.2417,0.0034,0.0187,0.0309,0.5071,0.7223,1.9825,6.3368,3,1135717536,1994864736,2,0,116476604,468,465,1,1,0,0,0,0
468,0.0536,1.5593,0.8813,0.0041,0.8764,0.8615,0.0107,0.002,0.3188,0.6522,0.0102,0.0055,0.0071,0.0904,0.0038,0.0422,0.0024,0.0049,0.0442,0.0412,0.002,0.0573,0.2753,0.0038,0.015,0.0306,0.4963,0.6252,0.9495,3.9348,4,1135717536,1994867552,0,0,116476604,469,466,1,1,0,0,0,0
469,0.0723,2.3446,1.1206,0.006,1.1142,1.0974,0.0128,0.0021,0.3907,1.1832,0.0137,0.0084,0.0118,0.1804,0.0111,0.1295,0.0065,0.0327,0.1349,0.1271,0.0042,0.1005,0.6724,0.0083,0.0216,0.0367,0.7748,0.5939,0.3812,4.5189,5,1135717536,1994865440,1,0,116476604,470,467,1,1,0,0,0,0
470,0.0513,1.5791,1.0075,0.0035,1.0037,0.9948,0.0069,0.001,0.2414,0.5536,0.0101,0.0055,0.0078,0.086,0.0119,0.044,0.004,0.0032,0.0403,0.0384,0.0021,0.0396,0.2483,0.0026,0.0083,0.018,0.3389,0.1922,0.1951,2.5645,6,1135717536,1994866144,2,0,116476604,471,468,1,1,0,0,0,0
471,0.0748,1.9217,1.1232,0.0025,1.1203,1.1122,0.0061,0.0014,0.2692,0.7811,0.0208,0.0092,0.0147,0.1643,0.0062,0.0671,0.0074,0.0027,0.0525,0.0806,0.0026,0.0523,0.4168,0.0033,0.0049,0.0265,0.4508,0.3805,0.365,3.507,7,1135717536,1994868960,0,0,116476604,472,469,1,1,0,0,0,0
472,0.0588,1.8728,0.9913,0.0036,0.9873,0.9792,0.006,0.0009,0.2894,0.8586,0.0131,0.0121,0.0101,0.1408,0.0046,0.0774,0.0045,0.0105,0.1254,0.096,0.0028,0.05,0.4896,0.0045,0.0132,0.0177,0.3246,0.3332,0.3252,3.1992,0,1135717536,1994869664,1,0,116476604,473,470,1,1,0,0,0,0
473,0.0803,2.2689,1.5948,0.0026,1.5917,1.5832,0.0063,0.0013,0.2583,0.6491,0.01,0.0053,0.0086,0.1036,0.0039,0.0613,0.0045,0.0089,0.0591,0.052,0.0041,0.0464,0.3224,0.0035,0.0035,0.0389,0.6243,0.4543,0.3889,4.1464,1,1135717536,1994866848,2,0,116476604,474,471,1,1,0,0,0,0
474,0.0741,1.987,1.0452,0.0047,1.0401,1.033,0.0051,0.001,0.2698,0.9111,0.0308,0.0195,0.0189,0.2029,0.0075,0.0849,0.01,0.0054,0.1032,0.0534,0.011,0.0523,0.4967,0.0054,0.0194,0.0288,0.4076,0.2626,0.4278,3.4472,2,1135717536,1994859808,0,0,116476604,475,472,1,1,0,0,0,0
475,0.042,1.5603,0.8264,0.0026,0.8235,0.8102,0.0103,0.0013,0.2194,0.7105,0.0083,0.0038,0.0074,0.0888,0.0196,0.1206,0.0095,0.0093,0.0756,0.063,0.0047,0.059,0.407,0.0057,0.0142,0.0211,0.4023,0.275,0.3444,2.8472,3,1135717536,1994864736,1,0,116476604,476,473,1,1,0,0,0,0
476,0.0592,1.1924,0.6196,0.0033,0.6157,0.6081,0.0057,0.0007,0.2002,0.5529,0.0088,0.0048,0.0086,0.084,0.0101,0.0977,0.0053,0.0053,0.038,0.0344,0.0025,0.0296,0.2837,0.005,0.0043,0.0287,0.321,0.2978,0.2324,2.4371,4,1135717536,1994867552,2,0,116476604,477,474,1,1,0,0,0,0
477,0.0403,1.4814,0.7324,0.0023,0.7298,0.7216,0.0062,0.001,0.2115,0.7312,0.0075,0.0042,0.0079,0.1262,0.0048,0.0829,0.0123,0.004,0.0679,0.0835,0.0035,0.096,0.4565,0.0036,0.0104,0.0161,0.3314,0.2339,0.5282,2.9931,5,1135717536,1994865440,0,0,116476604,478,475,1,1,0,0,0,0
478,0.0458,1.4055,0.7139,0.0022,0.7115,0.7055,0.0048,0.0008,0.2139,0.6714,0.0098,0.0046,0.0066,0.1557,0.0156,0.0684,0.0061,0.0028,0.0465,0.0604,0.0022,0.0578,0.3888,0.0042,0.0049,0.0323,0.6884,1.0097,1.1579,5.1179,6,1135717536,1994866144,1,0,116476604,479,476,1,1,0,0,0,0
479,0.0419,1.569,0.8565,0.0022,0.8541,0.8474,0.0048,0.0008,0.2928,0.6795,0.0121,0.0062,0.0127,0.1687,0.014,0.0365,0.0043,0.0049,0.0347,0.0314,0.002,0.0317,0.303,0.0054,0.0202,0.0226,0.2366,0.1894,0.3437,2.6658,7,1135717536,1994868960,2,0,116476604,480,477,1,1,0,0,0,0
480,0.0587,1.5796,0.9595,0.0037,0.9556,0.9433,0.0094,0.0014,0.2454,0.5805,0.0099,0.0057,0.0069,0.0904,0.005,0.0451,0.003,0.0107,0.0363,0.0587,0.0028,0.0407,0.2712,0.0042,0.0191,0.0624,1.6475,1.1631,1.2721,6.7137,0,1135717536,1994869664,0,0,116476604,481,478,1,1,0,0,0,0
481,0.0457,1.5021,0.7716,0.0024,0.7689,0.7619,0.0056,0.0008,0.241,0.7115,0.0072,0.0045,0.0069,0.1261,0.0053,0.0743,0.0177,0.0044,0.0712,0.0653,0.004,0.0595,0.3964,0.0045,0.0116,0.0153,0.3196,0.2149,0.6549,2.9913,1,1135717536,1994866848,1,0,116476604,482,479,1,1,0,0,0,0
482,0.0433,1.2185,0.7772,0.003,0.774,0.7675,0.0047,0.0009,0.1757,0.4147,0.0075,0.0039,0.0053,0.0622,0.0041,0.0343,0.0028,0.0033,0.0316,0.0343,0.0023,0.0329,0.1953,0.0032,0.0153,0.0295,0.325,0.1747,0.3103,2.3272,2,1135717536,1994859808,2,0,116476604,483,480,1,1,0,0,0,0
483,0.0421,1.4489,0.7733,0.0035,0.7695,0.7641,0.0038,0.0007,0.2074,0.6491,0.0077,0.004,0.0068,0.0802,0.0052,0.0735,0.0173,0.0048,0.0979,0.0429,0.0058,0.0731,0.3676,0.0059,0.012,0.0294,0.3527,0.2988,0.5535,3.0043,3,1135717536,1994864736,0,0,116476604,484,481,1,1,0,0,0,0
484,0.0408,1.4667,0.7362,0.0023,0.7337,0.7274,0.0051,0.0008,0.198,0.7137,0.0093,0.0054,0.0063,0.0825,0.0038,0.1127,0.0164,0.0114,0.0953,0.0821,0.0049,0.0632,0.4358,0.0069,0.0098,0.0195,0.39,0.2769,0.258,2.6996,4,1135717536,1994867552,1,0,116476604,485,482,1,1,0,0,0,0
485,0.0405,1.5452,0.6686,0.0028,0.6656,0.6571,0.0066,0.0009,0.2319,0.8594,0.0111,0.0083,0.0072,0.1245,0.0153,0.2154,0.0116,0.0098,0.1247,0.0513,0.0024,0.0255,0.5414,0.0035,0.0088,0.0206,0.2895,0.2008,0.318,2.6355,5,1135717536,1994865440,2,0,116476604,486,483,1,1,0,0,0,0
486,0.0436,1.2923,0.6938,0.0023,0.6911,0.684,0.0051,0.0009,0.1994,0.5806,0.011,0.004,0.0066,0.0751,0.0098,0.0383,0.0049,0.004,0.0398,0.0598,0.0038,0.1012,0.3142,0.0074,0.0067,0.0314,0.4313,0.3204,0.3716,2.6992,6,1135717536,1994866144,0,0,116476604,487,484,1,1,0,0,0,0
487,0.117,3.7754,1.76,0.0157,1.7436,1.7152,0.0229,0.0026,0.7022,1.9733,0.0293,0.0177,0.0233,0.4585,0.0185,0.1991,0.0132,0.0134,0.1403,0.158,0.0115,0.1344,1.0903,0.0118,0.0259,0.0364,0.9423,0.4394,0.5989,6.3505,7,1135717536,1994868960,1,0,116476604,488,485,1,1,0,0,0,0
488,0.0397,1.2544,0.7065,0.0024,0.7037,0.694,0.0076,0.001,0.2309,0.5262,0.0113,0.0048,0.0054,0.0777,0.01,0.0402,0.0054,0.0035,0.0371,0.0435,0.0025,0.0351,0.2336,0.0039,0.0125,0.023,0.3368,0.1842,1.0735,3.5747,0,1135717536,1994869664,2,0,116476604,489,486,1,1,0,0,0,0
489,0.0419,1.3265,0.783,0.003,0.7798,0.774,0.0039,0.0008,0.2005,0.5173,0.0087,0.0052,0.0059,0.0811,0.0029,0.0454,0.0048,0.0038,0.0493,0.0455,0.0017,0.0423,0.2636,0.0029,0.0122,0.0358,0.3371,0.2093,0.3289,2.52,1,1135717536,1994866848,0,0,116476604,490,487,1,1,0,0,0,0
490,0.0395,1.4561,0.7708,0.0022,0.7684,0.7572,0.0085,0.0015,0.2535,0.6533,0.0096,0.0056,0.0103,0.1161,0.0071,0.0509,0.0046,0.0041,0.0509,0.0564,0.0033,0.059,0.3333,0.0044,0.0154,0.0282,0.3716,0.2176,0.4392,2.7092,2,1135717536,1994859808,1,0,116476604,491,488,1,1,0,0,0,0
491,0.0413,1.3961,0.6506,0.0021,0.6483,0.6429,0.0039,0.0008,0.1764,0.7218,0.0089,0.0044,0.0057,0.0826,0.0037,0.0617,0.0042,0.0052,0.0723,0.1181,0.0033,0.149,0.4837,0.0118,0.0135,0.0225,0.4285,0.3437,1.4305,4.2004,3,1135717536,1994864736,2,0,116476604,492,489,1,1,0,0,0,0
492,0.0442,3.1117,0.7424,0.0034,0.7387,0.7322,0.0048,0.001,0.2659,2.2706,0.01,0.006,0.0126,0.2688,0.0207,0.1436,0.0131,0.0408,0.2462,0.5987,0.0605,0.5142,1.7715,0.0298,0.056,0.0957,2.1038,1.051,0.9197,8.2225,4,1135717536,1994867552,0,0,116476604,493,490,1,1,0,0,0,0
493,0.0444,1.3473,0.7073,0.0033,0.7037,0.6965,0.0056,0.001,0.2093,0.6146,0.008,0.0043,0.0079,0.1005,0.0047,0.0707,0.0043,0.0036,0.0604,0.0533,0.0026,0.0667,0.3516,0.0032,0.0108,0.0313,0.6705,1.0441,1.0642,5.001,5,1135717536,1994865440,1,0,116476604,494,491,1,1,0,0,0,0
494,0.0441,1.3587,0.6813,0.0036,0.6775,0.6726,0.0037,0.0006,0.1716,0.6602,0.0085,0.004,0.0058,0.097,0.0101,0.0958,0.0088,0.009,0.0808,0.0812,0.0036,0.0666,0.4214,0.003,0.0046,0.017,0.2419,0.163,0.2596,2.2437,6,1135717536,1994866144,2,0,116476604,495,492,1,1,0,0,0,0
495,0.0407,1.266,0.7714,0.003,0.7681,0.7612,0.0051,0.0009,0.215,0.4735,0.0081,0.0038,0.0067,0.0762,0.0038,0.0344,0.0028,0.0025,0.0265,0.0298,0.0015,0.0456,0.2125,0.0025,0.0085,0.0274,0.2742,0.1754,0.2877,2.2406,7,1135717536,1994868960,0,0,116476604,496,493,1,1,0,0,0,0
496,0.0413,1.3181,0.6819,0.0029,0.6787,0.6731,0.0042,0.0009,0.1768,0.6185,0.0087,0.0048,0.0055,0.0955,0.0102,0.112,0.0045,0.0028,0.0722,0.0542,0.0022,0.051,0.3849,0.0029,0.0047,0.029,0.2772,0.1648,0.3714,2.3692,0,1135717536,1994869664,1,0,116476604,497,494,1,1,0,0,0,0
497,0.0533,1.4939,0.8441,0.0032,0.8403,0.8318,0.0061,0.001,0.1976,0.6359,0.0074,0.006,0.0063,0.1433,0.0059,0.0542,0.0049,0.005,0.0713,0.0651,0.0023,0.05,0.3839,0.0022,0.0081,0.0175,0.3139,0.2774,0.3344,2.7043,1,1135717536,1994866848,2,0,116476604,498,495,1,1,0,0,0,0
498,0.0433,1.763,0.6657,0.0023,0.6632,0.6557,0.0052,0.0012,0.3884,1.064,0.0246,0.0147,0.0166,0.2019,0.009,0.0739,0.0136,0.0051,0.0816,0.0977,0.0079,0.0983,0.5534,0.0078,0.0212,0.0315,0.4273,0.1987,0.7012,3.4224,2,1135717536,1994859808,0,0,116476604,499,496,1,1,0,0,0,0
499,0.0401,1.3462,0.6636,0.0024,0.6609,0.6548,0.0048,0.0007,0.1783,0.654,0.0091,0.0044,0.0066,0.0902,0.0047,0.0738,0.0043,0.0158,0.0881,0.0723,0.0039,0.0791,0.4035,0.0085,0.0146,0.0274,0.3738,0.2607,0.2206,2.4921,3,1135717536,1994864736,1,0,116476604,500,497,1,1,0,0,0,0
500,0.0393,1.6186,0.8777,0.0024,0.8751,0.8642,0.0078,0.0013,0.2999,0.7191,0.0111,0.0068,0.0105,0.1618,0.0127,0.084,0.0034,0.0031,0.0387,0.0341,0.0017,0.0319,0.3505,0.0034,0.0149,0.0225,0.2636,0.1778,0.2107,2.4986,4,1135717536,1994867552,2,0,116476604,501,498,1,1,0,0,0,0
501,0.0521,1.4073,0.7328,0.0065,0.7254,0.7185,0.0043,0.001,0.2237,0.642,0.008,0.004,0.0053,0.1149,0.0061,0.0772,0.015,0.0041,0.0517,0.0417,0.004,0.0647,0.3502,0.0051,0.0199,0.0178,0.2308,0.1843,0.3124,2.4258,5,1135717536,1994865440,0,0,116476604,502,499,1,1,0,0,0,0
502,0.0387,1.4115,0.6824,0.0021,0.68,0.6729,0.0053,0.0009,0.3122,0.6986,0.0116,0.0061,0.0106,0.1651,0.0146,0.0409,0.004,0.0034,0.0366,0.0285,0.0016,0.043,0.3141,0.0036,0.0175,0.0173,0.2563,0.1899,0.4198,2.5428,6,1135717536,1994866144,1,0,116476604,503,500,1,1,0,0,0,0
503,0.0403,1.346,0.7023,0.0025,0.6996,0.6931,0.0051,0.0008,0.1875,0.6206,0.0085,0.0043,0.0075,0.1138,0.0123,0.0616,0.0077,0.0067,0.0772,0.0468,0.0041,0.0573,0.3567,0.0043,0.0113,0.0303,0.3015,0.2004,0.3267,2.4591,7,1135717536,1994868960,2,0,116476604,504,501,1,1,0,0,0,0
504,0.0406,1.7077,0.7893,0.0027,0.7864,0.7717,0.0115,0.0015,0.2859,0.9005,0.0097,0.0067,0.0229,0.1779,0.0183,0.0831,0.0083,0.0067,0.0615,0.0726,0.0022,0.1168,0.5119,0.0082,0.0086,0.0233,0.4393,0.288,0.5944,3.3881,0,1135717536,1994869664,0,0,116476604,505,502,1,1,0,0,0,0
505,0.0405,1.4751,0.8419,0.0023,0.8393,0.8327,0.005,0.0009,0.2145,0.607,0.0081,0.0054,0.0063,0.1543,0.0143,0.0702,0.0048,0.0033,0.0361,0.0325,0.0024,0.0296,0.3227,0.005,0.0149,0.0322,0.2469,0.1542,0.2242,2.3336,1,1135717536,1994866848,1,0,116476604,506,503,1,1,0,0,0,0
506,0.0374,1.513,0.8149,0.0022,0.8125,0.8046,0.0056,0.0014,0.2231,0.6691,0.0082,0.0047,0.0055,0.0982,0.0053,0.0954,0.0075,0.0039,0.0542,0.0656,0.0155,0.0645,0.3779,0.0044,0.0131,0.0395,0.2766,0.1993,0.3136,2.601,2,1135717536,1994859808,2,0,116476604,507,504,1,1,0,0,0,0
507,0.043,1.2191,0.7051,0.0022,0.7026,0.6952,0.0057,0.0008,0.1972,0.4876,0.0086,0.0041,0.0071,0.0766,0.0033,0.036,0.0048,0.0077,0.0505,0.0316,0.0015,0.0396,0.2343,0.0038,0.0118,0.0351,0.327,0.1943,0.2063,2.1839,3,1135717536,1994864736,0,0,116476604,508,505,1,1,0,0,0,0
508,0.0451,1.5372,0.6848,0.0028,0.6817,0.6663,0.012,0.0018,0.3138,0.8204,0.0132,0.0146,0.0183,0.133,0.0114,0.0601,0.0083,0.0062,0.0877,0.0482,0.0045,0.0727,0.4017,0.0051,0.0139,0.0333,0.567,0.2802,1.7988,4.6337,4,1135717536,1994867552,1,0,116476604,509,506,1,1,0,0,0,0
509,0.0379,1.5611,0.767,0.0024,0.7643,0.75,0.0113,0.0015,0.3195,0.7838,0.0103,0.0058,0.0108,0.1478,0.0094,0.1175,0.013,0.0058,0.0456,0.0382,0.003,0.0352,0.3843,0.0043,0.0045,0.0132,0.2892,0.2914,0.1915,2.5455,5,1135717536,1994865440,2,0,116476604,510,507,1,1,0,0,0,0
510,0.0483,1.6158,0.8199,0.0034,0.8158,0.8074,0.0059,0.0014,0.2147,0.7684,0.0097,0.0065,0.0073,0.1256,0.0172,0.1152,0.0075,0.0064,0.1279,0.0598,0.0023,0.0479,0.4764,0.0035,0.0163,0.0292,0.3748,0.2458,0.3748,2.8887,6,1135717536,1994866144,0,0,116476604,511,508,1,1,0,0,0,0
511,0.0406,1.4004,0.6685,0.0028,0.6652,0.6583,0.0055,0.0008,0.1932,0.7133,0.0085,0.0043,0.005,0.0631,0.0026,0.0803,0.0398,0.014,0.0725,0.1235,0.0075,0.0777,0.4171,0.0075,0.0109,0.0179,0.3453,0.2209,0.3501,2.5844,7,1135717536,1994868960,1,0,116476604,512,509,1,1,0,0,0,0
512,0.0475,1.9185,0.7456,0.0025,0.7427,0.7342,0.0063,0.0012,0.253,1.1524,0.0074,0.0055,0.0078,0.6297,0.0072,0.0517,0.0037,0.0034,0.0394,0.0718,0.0075,0.047,0.8396,0.004,0.01,0.0177,0.2852,0.1728,0.3101,3.0058,0,1135717536,1994869664,2,0,116476604,513,510,1,1,0,0,0,0
513,0.0426,1.2622,0.702,0.0026,0.6991,0.6922,0.0054,0.0009,0.1746,0.5304,0.0094,0.0053,0.0051,0.0803,0.0128,0.0748,0.0064,0.0048,0.0501,0.0427,0.0018,0.0447,0.2926,0.0037,0.0156,0.0328,0.4585,0.2887,0.5045,3.006,1,1135717536,1994866848,0,0,116476604,514,511,1,1,0,0,0,0
514,0.0473,1.6899,0.7351,0.0027,0.7321,0.7263,0.0044,0.001,0.2301,0.9241,0.0131,0.0058,0.0059,0.1603,0.0104,0.1162,0.0149,0.0067,0.0915,0.1098,0.0046,0.1286,0.6064,0.0055,0.0182,0.0243,0.4281,0.4026,1.0755,4.3137,2,1135717536,1994859808,1,0,116476604,515,512,1,1,0,0,0,0
515,0.0419,1.6056,0.8057,0.0034,0.802,0.7944,0.006,0.0009,0.2456,0.7704,0.0242,0.0117,0.0093,0.1613,0.0179,0.0747,0.0088,0.0037,0.0543,0.0686,0.0029,0.0487,0.4076,0.0068,0.0168,0.0264,1.2077,0.9594,0.9998,5.6605,3,1135717536,1994864736,2,0,116476604,516,513,1,1,0,0,0,0
516,0.043,1.3834,0.7713,0.0032,0.7678,0.76,0.0058,0.001,0.2172,0.5779,0.0068,0.0044,0.0049,0.0885,0.0066,0.0405,0.0038,0.0048,0.0375,0.0464,0.0017,0.0864,0.2993,0.0132,0.0198,0.0358,0.3478,0.1784,0.2738,2.4861,4,1135717536,1994867552,0,0,116476604,517,514,1,1,0,0,0,0
517,0.0481,1.5422,0.8448,0.0037,0.8408,0.8317,0.0075,0.0008,0.2205,0.6599,0.009,0.0062,0.0106,0.0788,0.0036,0.0776,0.0042,0.0047,0.0585,0.0809,0.0051,0.0698,0.3656,0.013,0.0237,0.0376,0.3586,0.2139,0.2947,2.7622,5,1135717536,1994865440,1,0,116476604,518,515,1,1,0,0,0,0
518,0.0425,1.4919,0.8811,0.0029,0.8779,0.864,0.0114,0.0013,0.2404,0.5795,0.0082,0.0092,0.0054,0.1046,0.0136,0.0401,0.0052,0.0049,0.0471,0.0379,0.0029,0.0385,0.2682,0.0047,0.0196,0.0307,0.3523,0.205,0.3205,2.6598,6,1135717536,1994866144,2,0,116476604,519,516,1,1,0,0,0,0
519,0.0461,1.5232,0.8245,0.0038,0.82,0.8123,0.0058,0.0008,0.2172,0.6664,0.0079,0.0047,0.0052,0.0777,0.005,0.0775,0.0141,0.0106,0.093,0.0665,0.0046,0.0626,0.3773,0.0071,0.0184,0.0253,0.3153,0.1894,0.2538,2.5668,7,1135717536,1994868960,0,0,116476604,520,517,1,1,0,0,0,0
520,0.0461,1.2636,0.6802,0.004,0.6759,0.6709,0.0036,0.0008,0.1808,0.5599,0.0083,0.0036,0.005,0.0791,0.0056,0.0581,0.0052,0.0044,0.0476,0.0782,0.0025,0.0614,0.3244,0.0042,0.0092,0.0336,0.3739,0.2004,0.2788,2.3718,0,1135717536,1994869664,1,0,116476604,521,518,1,1,0,0,0,0
521,0.0461,1.3769,0.7385,0.0037,0.7344,0.7258,0.0064,0.001,0.238,0.6024,0.01,0.005,0.0079,0.0991,0.0076,0.0517,0.0064,0.0048,0.0479,0.0515,0.0031,0.0491,0.2993,0.0037,0.018,0.0341,0.303,0.1762,0.2091,2.3466,1,1135717536,1994866848,2,0,116476604,522,519,1,1,0,0,0,0
522,0.0486,1.7803,0.9736,0.0027,0.9702,0.9584,0.009,0.0012,0.263,0.7867,0.0101,0.0059,0.0064,0.1229,0.0128,0.0903,0.0081,0.0049,0.064,0.0907,0.0031,0.0845,0.4524,0.0037,0.0113,0.018,0.4202,0.3236,0.3159,3.2736,2,1135717536,1994859808,0,0,116476604,523,520,1,1,0,0,0,0
523,0.045,1.6611,0.8229,0.003,0.8196,0.8111,0.0067,0.0008,0.2323,0.8001,0.009,0.0052,0.0082,0.0923,0.0043,0.0541,0.0044,0.0048,0.0561,0.0542,0.003,0.2504,0.5071,0.0054,0.0117,0.0147,0.5202,0.4137,0.3296,3.419,3,1135717536,1994864736,1,0,116476604,524,521,1,1,0,0,0,0
524,0.0988,2.2817,0.7716,0.0035,0.7678,0.7546,0.0107,0.0011,0.2962,1.3718,0.0118,0.0099,0.0113,0.1309,0.0064,0.0605,0.0152,0.026,0.072,0.1774,0.033,0.4633,0.9041,0.0286,0.108,0.0677,1.9923,1.1513,1.2965,7.6491,4,1135717536,1994867552,2,0,116476604,525,522,1,1,0,0,0,0
525,0.0599,1.7155,0.8823,0.0051,0.8768,0.8701,0.0046,0.0009,0.2423,0.7995,0.0079,0.0047,0.0072,0.1677,0.0055,0.1065,0.004,0.0043,0.0689,0.0711,0.0025,0.0811,0.4953,0.0118,0.0212,0.0305,0.4525,0.3286,0.2624,3.0634,5,1135717536,1994865440,0,0,116476604,526,523,1,1,0,0,0,0
526,0.0476,1.4381,0.7198,0.0038,0.7158,0.7068,0.0066,0.001,0.2373,0.6803,0.0094,0.0068,0.0087,0.1096,0.0105,0.0632,0.0048,0.0407,0.0513,0.0624,0.0033,0.0504,0.3369,0.005,0.0227,0.037,0.3782,0.3186,0.3747,2.899,6,1135717536,1994866144,1,0,116476604,527,524,1,1,0,0,0,0
527,0.0573,1.6723,0.8487,0.003,0.8454,0.8332,0.0092,0.0014,0.2188,0.8007,0.0102,0.0049,0.0071,0.0783,0.01,0.0891,0.016,0.0043,0.0567,0.0469,0.002,0.231,0.502,0.0061,0.0138,0.0174,0.3214,0.2662,0.989,4.5817,7,1135717536,1994868960,2,0,116476604,528,525,1,1,0,0,0,0
528,0.0402,1.5798,0.8028,0.0023,0.8003,0.793,0.0049,0.0008,0.3386,0.7089,0.008,0.0055,0.0059,0.1234,0.0052,0.0446,0.0043,0.0055,0.0629,0.0481,0.0026,0.0374,0.3164,0.0032,0.0163,0.0138,0.2589,0.2047,0.1798,2.4275,0,1135717536,1994869664,0,0,116476604,529,526,1,1,0,0,0,0
529,0.0559,1.639,0.8231,0.0037,0.8191,0.8056,0.011,0.0014,0.2364,0.7953,0.0097,0.0059,0.007,0.1506,0.0071,0.0855,0.0168,0.0084,0.0979,0.0545,0.0033,0.0828,0.4713,0.0112,0.0125,0.0172,0.3036,0.2094,0.1839,2.5861,1,1135717536,1994866848,1,0,116476604,530,527,1,1,0,0,0,0
530,0.0483,1.524,0.7903,0.0038,0.7863,0.779,0.0056,0.0007,0.1997,0.6987,0.0078,0.0047,0.0064,0.1343,0.0065,0.088,0.006,0.0038,0.0662,0.0854,0.0094,0.0598,0.4337,0.004,0.019,0.027,0.4117,0.3519,0.2722,2.8522,2,1135717536,1994859808,2,0,116476604,531,528,1,1,0,0,0,0
531,0.0478,1.4089,0.8114,0.004,0.8071,0.7997,0.0057,0.0009,0.2052,0.5613,0.0078,0.0046,0.0093,0.0887,0.0068,0.0647,0.0058,0.0028,0.0513,0.044,0.0021,0.0487,0.2974,0.0042,0.0195,0.0372,0.3121,0.2133,0.8861,3.2317,3,1135717536,1994864736,0,0,116476604,532,529,1,1,0,0,0,0
532,0.0497,1.3684,0.7487,0.0034,0.7451,0.7373,0.0062,0.0008,0.2111,0.5911,0.0078,0.0053,0.0068,0.0753,0.0043,0.1108,0.0134,0.0036,0.0544,0.0427,0.0018,0.0381,0.3213,0.0021,0.0176,0.0298,0.3446,1.0723,0.9675,4.4988,4,1135717536,1994867552,1,0,116476604,533,530,1,1,0,0,0,0
533,0.0425,1.3833,0.7867,0.0034,0.783,0.7732,0.0075,0.0011,0.2145,0.5588,0.0111,0.0046,0.0071,0.0932,0.0038,0.0532,0.0034,0.0034,0.0472,0.0469,0.0027,0.0477,0.2882,0.0045,0.0211,0.0354,0.3008,0.2325,0.2009,2.4245,5,1135717536,1994865440,2,0,116476604,534,531,1,1,0,0,0,0
534,0.0383,1.7995,0.7017,0.0026,0.6989,0.6915,0.0048,0.0012,0.3548,1.0687,0.0109,0.0071,0.0105,0.1515,0.0082,0.2052,0.0133,0.0049,0.0949,0.0982,0.0045,0.0764,0.6262,0.0049,0.0179,0.0263,0.4619,0.746,1.0707,4.9646,6,1135717536,1994866144,0,0,116476604,535,532,1,1,0,0,0,0
535,0.0474,1.4504,0.7858,0.0025,0.7831,0.7762,0.0056,0.0007,0.1987,0.6323,0.0094,0.0054,0.0077,0.0994,0.0054,0.0642,0.0043,0.0039,0.0544,0.0497,0.0024,0.0951,0.3628,0.015,0.0189,0.0395,0.3083,0.2164,1.4526,4.7358,7,1135717536,1994868960,1,0,116476604,536,533,1,1,0,0,0,0
536,0.0545,1.8462,0.8933,0.0073,0.8856,0.875,0.0083,0.0012,0.2945,0.9214,0.0106,0.0078,0.0114,0.2335,0.0111,0.0998,0.0077,0.0054,0.0561,0.0807,0.0033,0.0727,0.5428,0.0069,0.0186,0.0298,0.4429,0.3479,0.3051,3.4397,0,1135717536,1994869664,2,0,116476604,537,534,1,1,0,0,0,0
537,0.0416,1.319,0.6848,0.0034,0.6812,0.6737,0.0056,0.0007,0.2427,0.5954,0.0082,0.0047,0.0069,0.0832,0.0044,0.0609,0.0055,0.0167,0.0612,0.0433,0.0035,0.0368,0.2854,0.0039,0.0227,0.0249,0.3526,0.2784,0.1566,2.4428,1,1135717536,1994866848,0,0,116476604,538,535,1,1,0,0,0,0
538,0.0603,2.1045,1.2724,0.0034,1.2684,1.2515,0.0126,0.0021,0.3889,0.8013,0.0096,0.0065,0.0121,0.0858,0.004,0.0423,0.0032,0.0034,0.0442,0.0466,0.0029,0.1177,0.3366,0.0161,0.0212,0.0236,0.3416,0.1732,0.4546,3.4282,2,1135717536,1994859808,1,0,116476604,539,536,1,1,0,0,0,0
539,0.045,1.6638,0.9033,0.0032,0.8998,0.8909,0.0076,0.0009,0.2149,0.7296,0.0088,0.0049,0.0069,0.1557,0.0209,0.0891,0.0075,0.0057,0.0664,0.0612,0.0042,0.0574,0.4298,0.0071,0.0189,0.0202,0.3271,0.7198,1.2202,4.9103,3,1135717536,1994864736,2,0,116476604,540,537,1,1,0,0,0,0
540,0.0449,1.3347,0.7689,0.0029,0.7657,0.7586,0.0054,0.0011,0.2387,0.5392,0.0095,0.0045,0.0069,0.0775,0.0039,0.041,0.0029,0.003,0.0396,0.0401,0.0023,0.0506,0.2488,0.004,0.0158,0.0213,0.3965,0.2313,0.1855,2.3874,4,1135717536,1994867552,0,0,116476604,541,538,1,1,0,0,0,0
541,0.0478,1.3804,0.7158,0.0029,0.7126,0.7045,0.0065,0.0009,0.2072,0.6292,0.0079,0.0045,0.0083,0.1105,0.0041,0.0657,0.0158,0.007,0.0692,0.0526,0.0049,0.05,0.348,0.0046,0.0083,0.0384,0.3332,0.2494,0.2574,2.5539,5,1135717536,1994865440,1,0,116476604,542,539,1,1,0,0,0,0
542,0.0406,1.5002,0.7346,0.0032,0.7312,0.7204,0.0085,0.001,0.2329,0.7342,0.025,0.0106,0.0106,0.1681,0.0141,0.045,0.0038,0.0039,0.0377,0.0781,0.0036,0.068,0.3969,0.0036,0.0166,0.0256,0.453,0.3514,0.3067,2.8987,6,1135717536,1994866144,2,0,116476604,543,540,1,1,0,0,0,0
543,0.0468,1.7999,0.8578,0.0032,0.8543,0.8379,0.0131,0.0015,0.3585,0.9158,0.021,0.0127,0.0124,0.1512,0.0084,0.0686,0.0069,0.0076,0.0642,0.0571,0.0043,0.0987,0.4398,0.0114,0.0165,0.0218,0.347,0.4717,0.5419,4.0121,7,1135717536,1994868960,0,0,116476604,544,541,1,1,0,0,0,0
544,0.0392,1.2139,0.6619,0.0024,0.6593,0.6516,0.0055,0.0012,0.195,0.5213,0.0078,0.005,0.0067,0.1332,0.0036,0.0422,0.0048,0.0035,0.0363,0.0335,0.0027,0.0291,0.2743,0.0035,0.0177,0.0265,0.3104,0.1705,0.1651,2.2341,0,1135717536,1994869664,1,0,116476604,545,542,1,1,0,0,0,0
545,0.0407,2.0778,0.7325,0.002,0.7302,0.721,0.007,0.0008,0.7308,1.3264,0.0133,0.0162,0.0159,0.2127,0.0151,0.1036,0.0047,0.0048,0.1066,0.0423,0.0028,0.0298,0.495,0.0044,0.0112,0.0179,0.2392,0.1588,0.1366,2.8097,1,1135717536,1994866848,2,0,116476604,546,543,1,1,0,0,0,0
546,0.0402,1.6768,0.6847,0.0022,0.6822,0.6749,0.0053,0.0011,0.289,0.9551,0.0124,0.0065,0.014,0.2246,0.0075,0.1125,0.0157,0.0049,0.0915,0.0586,0.0093,0.075,0.5622,0.0086,0.0221,0.035,0.6895,0.665,1.1214,5.4302,2,1135717536,1994859808,0,0,116476604,547,544,1,1,0,0,0,0
547,0.0401,1.4864,0.709,0.0022,0.7064,0.6995,0.0054,0.0007,0.2961,0.7594,0.0111,0.0068,0.0131,0.1403,0.0102,0.0661,0.006,0.0052,0.0596,0.0584,0.0048,0.0553,0.3797,0.0048,0.0106,0.0167,0.3462,0.2485,0.2412,2.5767,3,1135717536,1994864736,1,0,116476604,548,545,1,1,0,0,0,0
548,0.0408,1.5955,0.6852,0.0026,0.6824,0.674,0.0055,0.0013,0.2948,0.8933,0.0105,0.0061,0.0131,0.1303,0.0075,0.1351,0.017,0.012,0.1075,0.0619,0.005,0.0673,0.5021,0.004,0.0085,0.019,0.2421,0.2347,0.2411,2.5804,4,1135717536,1994867552,2,0,116476604,549,546,1,1,0,0,0,0
549,0.0379,1.4146,0.6767,0.0023,0.6742,0.6665,0.0058,0.0008,0.3167,0.7081,0.0125,0.0075,0.0166,0.1606,0.0112,0.061,0.0043,0.0036,0.0315,0.0294,0.002,0.029,0.3115,0.003,0.0211,0.0142,0.4379,0.2783,0.2289,2.5796,5,1135717536,1994865440,0,0,116476604,550,547,1,1,0,0,0,0
550,0.0396,1.1868,0.6816,0.0027,0.6786,0.671,0.0052,0.0015,0.2308,0.479,0.0088,0.0049,0.0086,0.0617,0.0037,0.0365,0.0038,0.0041,0.034,0.032,0.0019,0.031,0.1952,0.0036,0.0155,0.0271,0.3136,0.2012,0.2002,2.1923,6,1135717536,1994866144,1,0,116476604,551,548,1,1,0,0,0,0
551,0.0387,1.2294,0.6984,0.0024,0.6958,0.6894,0.005,0.0008,0.1798,0.5165,0.0066,0.0034,0.0059,0.114,0.0052,0.0494,0.0036,0.0026,0.0451,0.0405,0.0019,0.0422,0.2912,0.0031,0.0039,0.0262,0.3203,0.1916,0.3212,2.2839,7,1135717536,1994868960,2,0,116476604,552,549,1,1,0,0,0,0
552,0.0387,1.2145,0.7904,0.0025,0.7876,0.7831,0.0033,0.0007,0.1648,0.4059,0.0076,0.0045,0.0052,0.0614,0.0031,0.0345,0.0027,0.0029,0.0431,0.0311,0.0025,0.029,0.1991,0.0023,0.007,0.031,0.3351,0.182,0.2865,2.244,0,1135717536,1994869664,0,0,116476604,553,550,1,1,0,0,0,0
553,0.0384,1.2366,0.7917,0.0023,0.7891,0.7827,0.0043,0.0013,0.1773,0.4202,0.0063,0.0035,0.0054,0.0616,0.0026,0.0359,0.0033,0.0025,0.0392,0.0365,0.0016,0.0302,0.2034,0.0031,0.0105,0.0257,0.2806,0.1937,0.2846,2.3277,1,1135717536,1994866848,1,0,116476604,554,551,1,1,0,0,0,0
554,0.0378,1.4914,0.7017,0.0022,0.6993,0.6912,0.0059,0.0007,0.3004,0.7709,0.0128,0.0064,0.0136,0.1411,0.0083,0.0751,0.0059,0.0066,0.0625,0.0557,0.004,0.0534,0.3878,0.0044,0.0112,0.0191,0.3744,0.3449,1.0235,3.6563,2,1135717536,1994859808,2,0,116476604,555,552,1,1,0,0,0,0
555,0.0417,1.8257,0.7124,0.0023,0.7099,0.703,0.0049,0.0009,0.2066,1.0794,0.0082,0.0042,0.0067,0.2634,0.0186,0.1636,0.0098,0.0093,0.1438,0.0841,0.0091,0.1241,0.779,0.0083,0.0223,0.0284,0.5756,0.4034,1.24,4.4468,3,1135717536,1994864736,0,0,116476604,556,553,1,1,0,0,0,0
556,0.0389,1.1478,0.6517,0.0021,0.6492,0.6417,0.0056,0.0009,0.218,0.4666,0.0084,0.0048,0.0082,0.0723,0.0035,0.0337,0.0036,0.004,0.0332,0.0291,0.0023,0.0287,0.197,0.0029,0.0149,0.026,0.3134,0.281,0.1945,2.2086,4,1135717536,1994867552,1,0,116476604,557,554,1,1,0,0,0,0
557,0.0448,1.5958,0.7585,0.0031,0.7552,0.7478,0.0058,0.0009,0.2252,0.815,0.0078,0.0071,0.0072,0.1298,0.0115,0.123,0.0095,0.0047,0.0667,0.1029,0.0057,0.0951,0.5175,0.0052,0.0125,0.0233,0.4211,0.2196,0.3161,2.931,5,1135717536,1994865440,2,0,116476604,558,555,1,1,0,0,0,0
558,0.0387,1.9355,0.8028,0.0022,0.8004,0.7852,0.0122,0.0017,0.2917,1.092,0.0104,0.0077,0.0095,0.2426,0.0103,0.1111,0.0073,0.0208,0.1197,0.1323,0.0087,0.0934,0.6991,0.0069,0.0254,0.0341,0.4692,0.2328,0.3732,3.2815,6,1135717536,1994866144,0,0,116476604,559,556,1,1,0,0,0,0
559,0.0408,1.402,0.693,0.0031,0.6896,0.683,0.0049,0.0008,0.1963,0.6836,0.008,0.0044,0.0052,0.1567,0.007,0.0566,0.0041,0.0031,0.0373,0.1063,0.0074,0.0699,0.4268,0.0062,0.0168,0.0593,0.3757,0.3612,0.3344,2.8581,7,1135717536,1994868960,1,0,116476604,560,557,1,1,0,0,0,0
560,0.0388,1.5368,0.6674,0.0022,0.665,0.6573,0.006,0.0008,0.3552,0.8504,0.0131,0.0105,0.0159,0.1515,0.0113,0.0729,0.0064,0.0056,0.0623,0.0564,0.0044,0.0576,0.4007,0.0051,0.0109,0.0221,0.4057,0.252,0.2514,2.8006,0,1135717536,1994869664,2,0,116476604,561,558,1,1,0,0,0,0
561,0.0381,1.2236,0.6697,0.0023,0.6672,0.6594,0.0061,0.0008,0.2039,0.5256,0.0094,0.0124,0.0112,0.1101,0.0056,0.0395,0.0055,0.0037,0.0367,0.0325,0.0027,0.0332,0.252,0.0042,0.0212,0.0135,0.2887,0.1759,0.1432,2.0244,1,1135717536,1994866848,0,0,116476604,562,559,1,1,0,0,0,0
562,0.039,1.8888,0.7934,0.0025,0.7906,0.7734,0.0137,0.0019,0.3667,1.0544,0.0245,0.0152,0.0183,0.2519,0.0047,0.1028,0.0135,0.0105,0.0768,0.0707,0.0043,0.0523,0.5545,0.0068,0.0273,0.0551,2.1885,1.8952,0.8381,8.4035,2,1135717536,1994859808,1,0,116476604,563,560,1,1,0,0,0,0
563,0.0394,1.6566,0.71,0.0022,0.7075,0.6999,0.006,0.0007,0.3518,0.9185,0.0207,0.011,0.0167,0.148,0.0082,0.0885,0.0059,0.0054,0.0675,0.059,0.0045,0.1014,0.4644,0.007,0.0163,0.0208,0.479,0.3295,1.3082,4.4382,3,1135717536,1994864736,2,0,116476604,564,561,1,1,0,0,0,0
564,0.0479,1.7805,0.6788,0.0024,0.6761,0.6688,0.0056,0.0008,0.2975,1.0657,0.0108,0.0068,0.0127,0.2111,0.0095,0.0936,0.0115,0.0051,0.1466,0.1053,0.0167,0.1045,0.6611,0.0099,0.0239,0.0326,1.2453,0.8533,1.0547,5.639,4,1135717536,1994867552,0,0,116476604,565,562,1,1,0,0,0,0
565,0.0422,1.5437,0.8484,0.0037,0.8444,0.8327,0.0089,0.0013,0.1941,0.6767,0.0073,0.0036,0.0057,0.0865,0.0068,0.1214,0.0068,0.0136,0.0823,0.0589,0.0049,0.066,0.4151,0.0046,0.0114,0.0172,0.4161,0.2799,0.1948,2.7286,5,1135717536,1994865440,1,0,116476604,566,563,1,1,0,0,0,0
566,0.0478,1.8031,1.0115,0.0036,1.0077,0.9951,0.0102,0.001,0.2718,0.77,0.0099,0.0067,0.0105,0.1762,0.0082,0.0682,0.006,0.0037,0.0595,0.0596,0.0023,0.0673,0.4308,0.0042,0.012,0.0238,0.3664,0.2381,0.2608,2.9308,6,1135717536,1994866144,2,0,116476604,567,564,1,1,0,0,0,0
567,0.044,1.3511,0.7011,0.0032,0.6977,0.6915,0.0044,0.0009,0.2692,0.6305,0.0098,0.0055,0.0135,0.1392,0.0111,0.049,0.0045,0.0039,0.0374,0.0315,0.0025,0.0325,0.2896,0.0032,0.0121,0.0256,0.2763,0.2205,0.1686,2.244,7,1135717536,1994868960,0,0,116476604,568,565,1,1,0,0,0,0
568,0.0394,1.1904,0.6813,0.0021,0.6788,0.6718,0.0053,0.0009,0.1989,0.4804,0.0082,0.0051,0.0068,0.0835,0.0111,0.039,0.006,0.0052,0.0376,0.0308,0.0023,0.0291,0.22,0.0039,0.0169,0.0315,0.3906,0.2958,0.3804,2.5687,0,1135717536,1994869664,1,0,116476604,569,566,1,1,0,0,0,0
569,0.0394,1.5225,0.7471,0.002,0.7448,0.7286,0.0131,0.0017,0.2999,0.7604,0.0097,0.005,0.0089,0.1516,0.0095,0.0659,0.0055,0.0055,0.0591,0.0567,0.004,0.0559,0.3892,0.0047,0.0081,0.0179,0.4917,0.2587,0.3359,2.8963,1,1135717536,1994866848,2,0,116476604,570,567,1,1,0,0,0,0
570,0.043,1.2686,0.6543,0.0022,0.6518,0.6477,0.0031,0.0008,0.2057,0.5974,0.0072,0.0031,0.0055,0.106,0.0089,0.0864,0.0057,0.0051,0.0502,0.0478,0.0023,0.0468,0.3372,0.0039,0.0029,0.0316,0.4303,0.2205,0.2496,2.4372,2,1135717536,1994859808,0,0,116476604,571,568,1,1,0,0,0,0
571,0.0394,1.8329,0.6747,0.0023,0.6722,0.6655,0.005,0.0009,0.372,1.1131,0.0077,0.0052,0.0066,0.2438,0.0178,0.1315,0.0075,0.0113,0.0823,0.1039,0.0042,0.0962,0.6577,0.0065,0.0289,0.0232,0.4435,0.1842,0.2093,2.8883,3,1135717536,1994864736,1,0,116476604,572,569,1,1,0,0,0,0
572,0.0409,1.1674,0.6671,0.0022,0.6647,0.6576,0.0053,0.0008,0.2102,0.4678,0.0091,0.0046,0.0075,0.0678,0.0035,0.0385,0.0044,0.0039,0.0386,0.0295,0.0019,0.0306,0.205,0.0036,0.0181,0.0269,0.2699,0.1829,0.233,2.1019,4,1135717536,1994867552,2,0,116476604,573,570,1,1,0,0,0,0
573,0.0517,1.7372,0.7225,0.0021,0.7202,0.7121,0.0062,0.0009,0.37,0.9898,0.024,0.0132,0.0142,0.1796,0.0183,0.0841,0.0095,0.0202,0.0863,0.0691,0.0061,0.0638,0.4829,0.0063,0.0149,0.0219,0.3929,0.3546,1.9423,5.2408,5,1135717536,1994865440,0,0,116476604,574,571,1,1,0,0,0,0
574,0.04,1.5597,0.6568,0.0021,0.6545,0.6484,0.0045,0.001,0.328,0.8852,0.0115,0.0058,0.0134,0.1613,0.0104,0.1308,0.011,0.0088,0.0912,0.0535,0.0022,0.0359,0.4727,0.0032,0.0109,0.0171,0.3121,0.234,0.1552,2.4469,6,1135717536,1994866144,1,0,116476604,575,572,1,1,0,0,0,0
575,0.0506,1.6884,0.9061,0.0032,0.9025,0.895,0.0054,0.001,0.1918,0.7647,0.0071,0.0036,0.0054,0.0986,0.0087,0.1658,0.0069,0.0093,0.0716,0.1039,0.0122,0.0594,0.4993,0.004,0.0114,0.0138,0.2248,0.2135,0.2251,2.5895,7,1135717536,1994868960,2,0,116476604,576,573,1,1,0,0,0,0
576,0.0384,1.6107,0.6689,0.0026,0.6661,0.6569,0.007,0.0011,0.3337,0.9106,0.012,0.0076,0.0147,0.1362,0.01,0.0707,0.0059,0.0061,0.0603,0.0577,0.0039,0.1653,0.4902,0.0057,0.0177,0.032,0.4668,0.3113,0.2917,3.0341,0,1135717536,1994869664,0,0,116476604,577,574,1,1,0,0,0,0
577,0.0506,1.2981,0.7624,0.0033,0.7589,0.7467,0.009,0.0016,0.2683,0.5074,0.0082,0.0044,0.0068,0.0646,0.0037,0.0352,0.004,0.0029,0.0318,0.0304,0.0019,0.0301,0.1921,0.0029,0.0174,0.0199,0.2604,0.1452,0.1481,2.0441,1,1135717536,1994866848,1,0,116476604,578,575,1,1,0,0,0,0
578,0.0424,1.3284,0.6743,0.0024,0.6717,0.6651,0.0048,0.001,0.3025,0.6217,0.0116,0.0064,0.0135,0.1164,0.0074,0.0369,0.004,0.0033,0.0325,0.0307,0.0022,0.0304,0.2469,0.0035,0.0172,0.0363,0.242,0.1622,0.1271,2.0738,2,1135717536,1994859808,2,0,116476604,579,576,1,1,0,0,0,0
579,0.0431,1.4877,0.6961,0.0023,0.6935,0.6861,0.0055,0.0007,0.3098,0.7715,0.0112,0.0065,0.0137,0.1406,0.0095,0.066,0.0051,0.0056,0.0597,0.0579,0.004,0.0565,0.3807,0.0045,0.0128,0.0174,0.3224,0.1799,0.2537,2.4936,3,1135717536,1994864736,0,0,116476604,580,577,1,1,0,0,0,0
580,0.0385,1.1837,0.7114,0.0027,0.7084,0.7007,0.0056,0.001,0.199,0.4471,0.0084,0.0044,0.0067,0.0627,0.0037,0.034,0.0048,0.004,0.0337,0.0324,0.0023,0.0347,0.1975,0.003,0.0155,0.0317,0.2835,0.1579,0.2318,2.0619,4,1135717536,1994867552,1,0,116476604,581,578,1,1,0,0,0,0
581,0.0427,1.7814,0.8062,0.0036,0.8023,0.7907,0.0084,0.0018,0.2441,0.9378,0.0076,0.0048,0.0081,0.186,0.0105,0.1032,0.0042,0.0039,0.0705,0.0628,0.0058,0.1322,0.5547,0.0065,0.0228,0.0374,1.7428,0.9238,1.0268,6.1511,5,1135717536,1994865440,2,0,116476604,582,579,1,1,0,0,0,0
582,0.0381,1.2386,0.6655,0.0024,0.6628,0.6563,0.005,0.0008,0.2008,0.5396,0.0079,0.0047,0.0073,0.0644,0.0036,0.0495,0.0142,0.0046,0.0806,0.044,0.0029,0.035,0.2735,0.0048,0.0204,0.0302,0.2857,0.1797,0.2694,2.2236,6,1135717536,1994866144,0,0,116476604,583,580,1,1,0,0,0,0
583,0.0394,1.2273,0.7625,0.0021,0.7601,0.7546,0.0043,0.0008,0.1682,0.4495,0.008,0.0034,0.0059,0.068,0.0026,0.0472,0.0033,0.0028,0.0443,0.0398,0.0019,0.0383,0.2376,0.0032,0.0042,0.0255,0.3085,0.1819,0.2527,2.1661,7,1135717536,1994868960,1,0,116476604,584,581,1,1,0,0,0,0
584,0.0389,1.4586,0.6708,0.0023,0.6682,0.6603,0.0059,0.0012,0.2992,0.7692,0.0109,0.0071,0.0128,0.149,0.0113,0.0662,0.0065,0.0052,0.0608,0.0568,0.0042,0.0548,0.3876,0.0047,0.0104,0.0201,0.3314,0.2312,0.2611,2.5052,0,1135717536,1994869664,2,0,116476604,585,582,1,1,0,0,0,0
585,0.0382,1.8191,0.6974,0.0021,0.6951,0.6886,0.0046,0.0011,0.4036,1.0957,0.0233,0.0131,0.016,0.2216,0.0092,0.1126,0.014,0.0087,0.0811,0.0817,0.0028,0.0706,0.5676,0.0079,0.0163,0.0215,0.4488,0.5592,0.7864,4.2948,1,1135717536,1994866848,0,0,116476604,586,583,1,1,0,0,0,0
586,0.039,1.5457,0.8055,0.0023,0.8029,0.7911,0.0089,0.0015,0.2524,0.7093,0.0101,0.0056,0.0079,0.1769,0.0131,0.0835,0.0071,0.0039,0.0544,0.0362,0.0024,0.0333,0.3843,0.005,0.0191,0.0323,0.2656,0.1598,0.2222,2.4028,2,1135717536,1994859808,1,0,116476604,587,584,1,1,0,0,0,0
587,0.0498,1.2734,0.8059,0.0023,0.8032,0.7985,0.0032,0.0007,0.1695,0.4431,0.0075,0.004,0.0053,0.0836,0.0053,0.0411,0.0035,0.0027,0.0362,0.0375,0.0013,0.0298,0.2282,0.0029,0.0086,0.0304,0.2966,0.1605,0.2004,2.1484,3,1135717536,1994864736,2,0,116476604,588,585,1,1,0,0,0,0
588,0.0376,1.2441,0.6295,0.0025,0.6268,0.62,0.0052,0.0008,0.2266,0.599,0.023,0.0089,0.0099,0.1037,0.0071,0.0516,0.0081,0.0044,0.0444,0.0284,0.0018,0.0481,0.2762,0.0043,0.0089,0.0145,0.2327,0.1591,0.2082,2.0184,4,1135717536,1994867552,0,0,116476604,589,586,1,1,0,0,0,0
589,0.0397,1.2512,0.6847,0.0024,0.682,0.674,0.0062,0.0009,0.1939,0.5399,0.0083,0.0053,0.0117,0.1512,0.0059,0.0394,0.0041,0.0039,0.032,0.0326,0.0019,0.0306,0.2858,0.0033,0.017,0.0154,0.2123,0.1545,0.1705,1.9707,5,1135717536,1994865440,1,0,116476604,590,587,1,1,0,0,0,0
590,0.0408,1.9899,0.688,0.0026,0.6852,0.6778,0.0055,0.001,0.3197,1.2798,0.0191,0.0107,0.0157,0.1484,0.0081,0.069,0.0058,0.0058,0.0653,0.4653,0.0132,0.1047,0.8527,0.005,0.0127,0.0203,0.3681,0.2709,0.3146,3.2859,6,1135717536,1994866144,2,0,116476604,591,588,1,1,0,0,0,0
591,0.0396,1.7263,0.6733,0.0022,0.6707,0.6632,0.0057,0.001,0.3358,1.0337,0.0104,0.0069,0.0128,0.1252,0.0075,0.0664,0.0057,0.0167,0.2475,0.0857,0.0039,0.0852,0.61,0.0038,0.011,0.0201,0.2567,0.1559,0.1278,2.4572,7,1135717536,1994868960,0,0,116476604,592,589,1,1,0,0,0,0
592,0.0458,1.678,0.889,0.0027,0.8858,0.8735,0.0094,0.0016,0.3071,0.7695,0.0113,0.0065,0.0098,0.1245,0.0088,0.0722,0.0062,0.0068,0.0637,0.0607,0.0045,0.0607,0.3818,0.0051,0.012,0.0194,0.3393,0.1881,0.2136,2.6686,0,1135717536,1994869664,1,0,116476604,593,590,1,1,0,0,0,0
593,0.0381,1.4878,0.7265,0.0024,0.7238,0.7152,0.0065,0.001,0.2892,0.7403,0.0101,0.006,0.0126,0.1439,0.0107,0.0615,0.0058,0.0054,0.0571,0.0545,0.0041,0.0544,0.3714,0.0051,0.0134,0.0187,0.3405,0.2192,0.2141,2.4795,1,1135717536,1994866848,2,0,116476604,594,591,1,1,0,0,0,0
594,0.0413,1.6191,0.7053,0.0021,0.7024,0.695,0.0058,0.0007,0.2944,0.8933,0.0112,0.006,0.0131,0.1477,0.0097,0.1291,0.0174,0.0068,0.1042,0.0635,0.0049,0.0589,0.5034,0.0037,0.0101,0.0171,0.2388,0.1995,0.3531,2.6464,2,1135717536,1994859808,0,0,116476604,595,592,1,1,0,0,0,0
595,0.0392,1.1312,0.6578,0.002,0.6556,0.6489,0.0052,0.0008,0.1973,0.4457,0.0083,0.0047,0.0069,0.0671,0.0036,0.0347,0.0048,0.0043,0.0362,0.0296,0.0021,0.0295,0.1971,0.0034,0.0158,0.0331,0.3225,0.1642,0.2164,2.0381,3,1135717536,1994864736,1,0,116476604,596,593,1,1,0,0,0,0
596,0.043,1.5682,0.8083,0.0035,0.8045,0.7949,0.0074,0.0009,0.2281,0.7276,0.0244,0.0135,0.0129,0.157,0.0081,0.0795,0.0029,0.0118,0.047,0.0537,0.0035,0.0526,0.3898,0.0057,0.0199,0.0265,0.4799,0.3473,0.3662,3.055,4,1135717536,1994867552,2,0,116476604,597,594,1,1,0,0,0,0
597,0.0399,1.3996,0.6541,0.0022,0.6517,0.6447,0.005,0.0012,0.3289,0.7293,0.0118,0.0065,0.0143,0.1446,0.0085,0.0834,0.0048,0.004,0.036,0.0318,0.0019,0.0286,0.3244,0.0037,0.0093,0.0149,0.2916,0.1831,0.1965,2.3731,5,1135717536,1994865440,0,0,116476604,598,595,1,1,0,0,0,0
598,0.04,1.9045,0.6732,0.0021,0.6707,0.663,0.0055,0.001,0.3532,1.1974,0.013,0.0085,0.0153,0.2105,0.0114,0.1178,0.0076,0.0094,0.213,0.1319,0.0047,0.073,0.7462,0.0065,0.0216,0.0227,0.2918,0.2292,0.324,3.0618,6,1135717536,1994866144,1,0,116476604,599,596,1,1,0,0,0,0
599,0.0408,1.5965,0.7518,0.002,0.7495,0.7362,0.0105,0.0014,0.302,0.8267,0.0098,0.0087,0.0133,0.1921,0.005,0.0714,0.005,0.0123,0.0496,0.079,0.0019,0.0537,0.4458,0.0024,0.0097,0.0233,0.3102,0.1835,0.2123,2.5154,7,1135717536,1994868960,2,0,116476604,600,597,1,1,0,0,0,0
600,0.0408,1.2737,0.7295,0.0022,0.7271,0.7187,0.0067,0.0007,0.2296,0.5235,0.0083,0.0053,0.0073,0.079,0.0051,0.0596,0.0052,0.0033,0.0385,0.0318,0.0018,0.0319,0.2408,0.0036,0.0108,0.0288,0.3334,0.279,0.2043,2.3989,0,1135717536,1994869664,0,0,116476604,601,598,1,1,0,0,0,0
601,0.0481,1.4271,0.8659,0.0024,0.8633,0.8538,0.0074,0.0013,0.2118,0.5336,0.0073,0.0041,0.0051,0.0963,0.013,0.0608,0.0056,0.0039,0.0435,0.0308,0.0022,0.0299,0.2613,0.0037,0.0185,0.0267,0.268,0.1985,0.2259,2.3973,1,1135717536,1994866848,1,0,116476604,602,599,1,1,0,0,0,0
602,0.0397,1.5081,0.7913,0.0022,0.7889,0.7771,0.0089,0.0013,0.3043,0.6939,0.0099,0.0062,0.0113,0.1254,0.0062,0.0508,0.0055,0.0052,0.0502,0.0484,0.0034,0.0443,0.3191,0.0036,0.0136,0.0189,0.3593,0.3253,0.5212,3.082,2,1135717536,1994859808,2,0,116476604,603,600,1,1,0,0,0,0
603,0.0399,1.5403,0.7043,0.0028,0.7012,0.6939,0.0055,0.0009,0.251,0.8089,0.0107,0.0058,0.0129,0.2045,0.0149,0.083,0.007,0.0074,0.0632,0.0582,0.0044,0.0566,0.4655,0.0062,0.016,0.0254,0.3853,0.3863,0.3578,3.2285,3,1135717536,1994864736,0,0,116476604,604,601,1,1,0,0,0,0
604,0.0385,1.6264,0.6858,0.0024,0.6831,0.6755,0.0056,0.0007,0.2925,0.9145,0.0107,0.006,0.013,0.1962,0.0189,0.0738,0.0069,0.0056,0.067,0.0705,0.0049,0.1167,0.5242,0.0097,0.0167,0.0233,0.4301,0.2356,0.42,2.9759,4,1135717536,1994867552,1,0,116476604,605,602,1,1,0,0,0,0
605,0.0389,1.2152,0.7137,0.0024,0.711,0.7031,0.0056,0.001,0.2244,0.4747,0.0093,0.0045,0.0095,0.0673,0.0048,0.0334,0.0047,0.0045,0.0312,0.0328,0.0022,0.0294,0.1941,0.003,0.0167,0.0287,0.3438,0.2341,0.4088,2.4688,5,1135717536,1994865440,2,0,116476604,606,603,1,1,0,0,0,0
606,0.0381,1.5255,0.7048,0.0021,0.7024,0.6949,0.0057,0.0009,0.3052,0.7908,0.0141,0.0144,0.0162,0.1439,0.0085,0.0728,0.0065,0.006,0.0595,0.0567,0.0044,0.0566,0.3895,0.0054,0.0169,0.0237,0.3718,0.2398,0.2444,2.5899,6,1135717536,1994866144,0,0,116476604,607,604,1,1,0,0,0,0
607,0.0391,1.6078,0.6673,0.0021,0.6648,0.6574,0.0057,0.0009,0.3178,0.9227,0.0105,0.0065,0.0134,0.22,0.0172,0.0995,0.0061,0.0054,0.0605,0.0698,0.0068,0.0661,0.5159,0.0036,0.0106,0.0184,0.2448,0.1844,0.2394,2.4944,7,1135717536,1994868960,1,0,116476604,608,605,1,1,0,0,0,0
608,0.0421,1.6048,0.6551,0.0023,0.6524,0.6453,0.0052,0.0008,0.3605,0.9122,0.0122,0.0067,0.0141,0.1967,0.0164,0.0675,0.0063,0.0096,0.0626,0.0645,0.0047,0.0609,0.4522,0.0079,0.0231,0.0335,0.4793,0.3173,1.0287,4.0742,0,1135717536,1994869664,2,0,116476604,609,606,1,1,0,0,0,0
609,0.0395,1.497,0.6679,0.0024,0.6651,0.6584,0.0051,0.0007,0.2889,0.8106,0.0099,0.0054,0.0098,0.1814,0.0099,0.0845,0.0055,0.0059,0.0626,0.0585,0.0047,0.0588,0.4458,0.0056,0.011,0.0182,0.4669,0.2278,0.201,2.5993,1,1135717536,1994866848,0,0,116476604,610,607,1,1,0,0,0,0
610,0.0393,1.4487,0.7322,0.0025,0.7293,0.7212,0.006,0.0011,0.2476,0.6953,0.012,0.0062,0.0109,0.1434,0.0091,0.1097,0.0118,0.0057,0.042,0.0347,0.0031,0.0324,0.3622,0.0043,0.0136,0.0164,0.2462,0.1715,0.3544,2.4176,2,1135717536,1994859808,1,0,116476604,611,608,1,1,0,0,0,0
611,0.0439,1.6327,0.8146,0.0037,0.8106,0.7962,0.0116,0.0012,0.3104,0.799,0.0097,0.0057,0.0101,0.1597,0.015,0.0703,0.0048,0.0049,0.0684,0.0508,0.008,0.056,0.4052,0.0061,0.0116,0.0173,0.3326,0.275,0.6403,3.2503,3,1135717536,1994864736,2,0,116476604,612,609,1,1,0,0,0,0
612,0.0383,1.6306,0.6526,0.0022,0.6502,0.643,0.0052,0.0009,0.3339,0.9433,0.0124,0.0089,0.0164,0.2468,0.0109,0.1078,0.0033,0.0049,0.046,0.0532,0.0079,0.0644,0.5182,0.006,0.0201,0.0287,0.4596,0.2269,0.2017,2.7459,4,1135717536,1994867552,0,0,116476604,613,610,1,1,0,0,0,0
613,0.0409,1.3724,0.6928,0.0025,0.6901,0.6825,0.0051,0.0017,0.2981,0.654,0.0103,0.0074,0.014,0.1426,0.0141,0.0381,0.0042,0.004,0.0337,0.0313,0.002,0.0299,0.2756,0.0058,0.0148,0.0307,0.245,0.1693,0.2033,2.1943,5,1135717536,1994865440,1,0,116476604,614,611,1,1,0,0,0,0
614,0.0404,1.4147,0.6631,0.0027,0.6602,0.6541,0.0045,0.0007,0.31,0.7325,0.0112,0.0064,0.0096,0.147,0.0073,0.0684,0.0038,0.0036,0.0526,0.0459,0.0032,0.0434,0.3573,0.0034,0.0123,0.0154,0.339,0.3339,0.2028,2.4781,6,1135717536,1994866144,2,0,116476604,615,612,1,1,0,0,0,0
615,0.0442,1.188,0.7401,0.0036,0.7362,0.7296,0.0047,0.001,0.1762,0.4199,0.0091,0.0046,0.0053,0.0608,0.003,0.0429,0.0053,0.0043,0.0313,0.0287,0.002,0.0288,0.1925,0.003,0.0159,0.0259,0.5725,0.2798,0.2419,2.6,7,1135717536,1994868960,0,0,116476604,616,613,1,1,0,0,0,0
616,0.049,1.5315,0.7733,0.0072,0.7657,0.7582,0.0048,0.0011,0.1866,0.7389,0.0108,0.0055,0.007,0.1365,0.0216,0.0927,0.0046,0.0106,0.0933,0.0966,0.004,0.0473,0.4664,0.0045,0.0118,0.0146,0.2516,0.159,0.1855,2.3315,0,1135717536,1994869664,1,0,116476604,617,614,1,1,0,0,0,0
617,0.0399,1.1791,0.672,0.0022,0.6696,0.6556,0.0053,0.0008,0.2174,0.478,0.0082,0.0044,0.0088,0.0682,0.0046,0.0352,0.005,0.0048,0.0375,0.0354,0.0022,0.03,0.2063,0.0033,0.0172,0.0259,0.363,0.2361,0.2111,2.2295,1,1135717536,1994866848,2,0,116476604,618,615,1,1,0,0,0,0
618,0.0401,1.5785,0.7545,0.0025,0.7518,0.7414,0.0087,0.0006,0.2739,0.7997,0.0076,0.0041,0.0054,0.0945,0.0063,0.0617,0.0045,0.0201,0.093,0.1255,0.0044,0.0767,0.4514,0.0051,0.0155,0.0203,0.4121,0.2209,0.2478,2.7349,2,1135717536,1994859808,0,0,116476604,619,616,1,1,0,0,0,0
619,0.0401,1.3235,0.6667,0.0024,0.6642,0.6564,0.0063,0.0008,0.2008,0.6287,0.0071,0.0046,0.0058,0.0898,0.0052,0.08,0.0066,0.0046,0.0622,0.0835,0.0016,0.0577,0.3732,0.0058,0.0166,0.0301,0.5025,0.3217,0.41,2.8722,3,1135717536,1994864736,1,0,116476604,620,617,1,1,0,0,0,0
620,0.0354,1.1744,0.6373,0.0022,0.6349,0.6263,0.0065,0.001,0.2178,0.5152,0.008,0.0045,0.008,0.071,0.0052,0.0358,0.0053,0.0039,0.0586,0.0486,0.0018,0.0301,0.2441,0.0034,0.0123,0.024,0.3133,0.1576,0.1313,1.9755,4,1135717536,1994867552,2,0,116476604,621,618,1,1,0,0,0,0
621,0.0517,1.3398,0.8555,0.0037,0.8515,0.8406,0.0082,0.0014,0.2097,0.4627,0.0072,0.0039,0.0056,0.0627,0.0036,0.0457,0.0057,0.0029,0.0362,0.0301,0.0023,0.0298,0.2045,0.0034,0.0112,0.0286,0.2648,0.1534,0.2053,2.1842,5,1135717536,1994865440,0,0,116476604,622,619,1,1,0,0,0,0
622,0.0416,1.1362,0.6695,0.0022,0.6671,0.6607,0.0047,0.0008,0.1993,0.4381,0.0076,0.0045,0.0071,0.061,0.0038,0.0336,0.0036,0.0047,0.031,0.0305,0.0026,0.0318,0.1879,0.0031,0.015,0.0346,0.2794,0.1738,0.224,2.0285,6,1135717536,1994866144,1,0,116476604,623,620,1,1,0,0,0,0
623,0.0399,1.1586,0.675,0.0023,0.6725,0.6664,0.0043,0.0009,0.1957,0.4563,0.0085,0.0046,0.0071,0.0611,0.0038,0.0455,0.0051,0.0045,0.0388,0.0319,0.0023,0.029,0.2063,0.0029,0.0145,0.0271,0.2766,0.1665,0.2294,2.0482,7,1135717536,1994868960,2,0,116476604,624,621,1,1,0,0,0,0
624,0.04,1.5968,0.7338,0.0027,0.7309,0.7237,0.0052,0.0009,0.3244,0.7784,0.0112,0.0072,0.0145,0.1468,0.008,0.0613,0.0059,0.005,0.0568,0.0557,0.004,0.0529,0.3735,0.0046,0.0768,0.0178,0.3343,0.2227,0.2793,2.6716,0,1135717536,1994869664,0,0,116476604,625,622,1,1,0,0,0,0
625,0.0397,1.4604,0.6777,0.0024,0.6751,0.6672,0.0055,0.0011,0.3053,0.7639,0.0111,0.0076,0.0136,0.1431,0.0098,0.0633,0.006,0.0063,0.0562,0.0567,0.0045,0.0545,0.3738,0.0047,0.0102,0.0193,0.309,0.2246,0.2965,2.5676,1,1135717536,1994866848,1,0,116476604,626,623,1,1,0,0,0,0
626,0.0516,1.2121,0.6453,0.0025,0.6422,0.6361,0.0046,0.0007,0.1959,0.541,0.0101,0.006,0.0054,0.0811,0.003,0.0406,0.0056,0.0037,0.0782,0.0487,0.0018,0.0439,0.2925,0.0022,0.0128,0.0257,0.2834,0.2009,0.2508,2.1723,2,1135717536,1994859808,2,0,116476604,627,624,1,1,0,0,0,0
627,0.0394,1.382,0.7249,0.0024,0.7223,0.7145,0.006,0.0008,0.3137,0.636,0.0117,0.0052,0.0127,0.1194,0.0146,0.0354,0.0037,0.005,0.0317,0.0296,0.002,0.0292,0.2453,0.0034,0.01,0.0283,0.291,0.2005,0.3514,2.4918,3,1135717536,1994864736,0,0,116476604,628,625,1,1,0,0,0,0
628,0.0407,1.3792,0.7141,0.0023,0.7115,0.7038,0.006,0.0007,0.3033,0.6371,0.01,0.0067,0.013,0.1204,0.0121,0.0409,0.0046,0.0041,0.0349,0.0303,0.002,0.0293,0.2558,0.0049,0.0167,0.0295,0.2799,0.2812,0.3011,2.5575,4,1135717536,1994867552,1,0,116476604,629,626,1,1,0,0,0,0
629,0.0392,1.4769,0.6935,0.0024,0.6909,0.6826,0.0062,0.0008,0.2982,0.7652,0.01,0.0067,0.0141,0.1285,0.0082,0.0804,0.0047,0.0058,0.0654,0.0586,0.0042,0.054,0.3869,0.0046,0.0107,0.0162,0.3035,0.2193,0.251,2.505,5,1135717536,1994865440,2,0,116476604,630,627,1,1,0,0,0,0
630,0.0419,1.2996,0.7211,0.0023,0.7186,0.7118,0.0056,0.0007,0.236,0.556,0.0105,0.0067,0.0068,0.1017,0.0178,0.0468,0.0051,0.004,0.033,0.0313,0.0029,0.0306,0.2434,0.0051,0.0127,0.0273,0.2877,0.1585,0.2768,2.2384,6,1135717536,1994866144,0,0,116476604,631,628,1,1,0,0,0,0
631,0.0382,1.4364,0.662,0.0022,0.6594,0.6521,0.0053,0.0009,0.3829,0.7514,0.012,0.0071,0.0142,0.1452,0.0152,0.0439,0.0038,0.0044,0.0339,0.0321,0.002,0.031,0.2861,0.0035,0.0133,0.0172,0.2234,0.1562,0.1592,2.1659,7,1135717536,1994868960,1,0,116476604,632,629,1,1,0,0,0,0
632,0.0398,1.3893,0.6846,0.0021,0.6822,0.6746,0.0057,0.0011,0.2956,0.6743,0.011,0.0067,0.009,0.1699,0.0076,0.046,0.0046,0.0047,0.0345,0.0296,0.0021,0.0307,0.3107,0.0039,0.0171,0.0195,0.2331,0.1605,0.2325,2.2073,0,1135717536,1994869664,2,0,116476604,633,630,1,1,0,0,0,0
633,0.0406,1.422,0.661,0.0021,0.6587,0.6518,0.0051,0.0009,0.3062,0.747,0.0189,0.0144,0.0193,0.1297,0.0078,0.0685,0.0054,0.0062,0.0606,0.056,0.0025,0.0266,0.3414,0.0026,0.0083,0.0139,0.2853,0.4571,0.2969,2.8745,1,1135717536,1994866848,0,0,116476604,634,631,1,1,0,0,0,0
634,0.0382,1.921,0.7025,0.0022,0.6999,0.6918,0.006,0.0011,0.3338,1.1948,0.0116,0.0118,0.0153,0.4038,0.0095,0.1213,0.0133,0.0089,0.0898,0.0712,0.003,0.0735,0.7596,0.0048,0.014,0.0196,0.4337,0.3762,0.3428,3.3566,2,1135717536,1994859808,1,0,116476604,635,632,1,1,0,0,0,0
635,0.0409,1.5638,0.7073,0.0028,0.7043,0.6976,0.0049,0.001,0.3257,0.7701,0.0101,0.0056,0.0091,0.1297,0.0075,0.0676,0.0068,0.0057,0.0601,0.0575,0.0043,0.0581,0.373,0.0047,0.0112,0.0171,0.382,0.4055,0.8309,3.5727,3,1135717536,1994864736,2,0,116476604,636,633,1,1,0,0,0,0
636,0.0373,1.547,0.7081,0.0025,0.7054,0.6988,0.0052,0.0007,0.2891,0.7531,0.01,0.006,0.0129,0.132,0.0113,0.0791,0.0075,0.0055,0.0588,0.0564,0.0039,0.0545,0.3808,0.0046,0.0773,0.0165,0.3363,0.2548,0.4494,2.8787,4,1135717536,1994867552,0,0,116476604,637,634,1,1,0,0,0,0
637,0.0404,1.7831,0.6791,0.0024,0.6765,0.6694,0.005,0.0014,0.3217,1.0753,0.014,0.0098,0.017,0.1412,0.0094,0.1802,0.013,0.0103,0.1317,0.1104,0.0078,0.0798,0.6433,0.0076,0.0167,0.0307,1.0449,1.4249,0.9719,5.8987,5,1135717536,1994865440,1,0,116476604,638,635,1,1,0,0,0,0
638,0.0375,1.858,0.7065,0.0023,0.704,0.6968,0.0057,0.0007,0.3225,1.1252,0.012,0.0065,0.0159,0.4052,0.0119,0.053,0.0041,0.0122,0.0962,0.0921,0.0048,0.0615,0.708,0.0065,0.0164,0.0195,0.2906,0.2724,0.3926,3.1018,6,1135717536,1994866144,2,0,116476604,639,636,1,1,0,0,0,0
639,0.0397,1.3981,0.6914,0.0021,0.6891,0.6819,0.0054,0.0009,0.2938,0.6782,0.0112,0.0057,0.0088,0.1697,0.007,0.047,0.0047,0.0035,0.033,0.0341,0.0028,0.035,0.3188,0.0032,0.0163,0.0163,0.3449,0.2668,0.2131,2.4693,7,1135717536,1994868960,0,0,116476604,640,637,1,1,0,0,0,0
640,0.0526,1.4254,0.6695,0.0022,0.667,0.6601,0.0051,0.0007,0.2904,0.724,0.0106,0.0075,0.0132,0.1245,0.0095,0.0621,0.0054,0.0051,0.0569,0.0538,0.0041,0.0548,0.3521,0.0061,0.0197,0.0259,0.3524,0.3085,0.431,2.84,0,1135717536,1994869664,1,0,116476604,641,638,1,1,0,0,0,0
641,0.0401,1.5094,0.8164,0.0033,0.8129,0.7988,0.0113,0.0012,0.2451,0.6673,0.0063,0.004,0.005,0.0893,0.0153,0.0802,0.005,0.0061,0.0726,0.0538,0.0027,0.0589,0.3548,0.0067,0.0176,0.0176,0.3072,0.1985,0.2193,2.4824,1,1135717536,1994866848,2,0,116476604,642,639,1,1,0,0,0,0
642,0.0404,1.5306,0.738,0.0021,0.7357,0.7275,0.0059,0.001,0.3053,0.7733,0.0106,0.0068,0.0138,0.1422,0.008,0.0751,0.0067,0.0066,0.0625,0.055,0.0039,0.0519,0.3867,0.005,0.0113,0.0172,0.2712,0.2211,0.4589,2.7357,2,1135717536,1994859808,0,0,116476604,643,640,1,1,0,0,0,0
643,0.0389,1.534,0.7092,0.0026,0.7064,0.7012,0.0037,0.0009,0.2077,0.7931,0.0072,0.004,0.0067,0.1041,0.0044,0.083,0.0163,0.0111,0.1184,0.1165,0.0056,0.0826,0.5046,0.0066,0.0183,0.0264,0.9589,1.0422,1.3283,6.0591,3,1135717536,1994864736,1,0,116476604,644,641,1,1,0,0,0,0
644,0.041,1.6708,0.6435,0.0023,0.641,0.6357,0.004,0.0007,0.332,1.0092,0.0111,0.0063,0.0132,0.148,0.0107,0.1428,0.0061,0.0111,0.1772,0.0736,0.0045,0.0475,0.5891,0.0037,0.0096,0.0163,0.2845,0.2764,0.5483,3.1743,4,1135717536,1994867552,2,0,116476604,645,642,1,1,0,0,0,0
645,0.0391,1.4589,0.6765,0.0027,0.6734,0.6655,0.0059,0.0008,0.2978,0.766,0.0117,0.0068,0.0146,0.1384,0.0085,0.078,0.0055,0.0053,0.0627,0.0558,0.0046,0.0532,0.3881,0.0045,0.0101,0.0183,0.339,0.1533,0.2734,2.4796,5,1135717536,1994865440,0,0,116476604,646,643,1,1,0,0,0,0
646,0.0408,1.644,0.6723,0.0025,0.6696,0.6623,0.005,0.0013,0.3335,0.9478,0.0135,0.0117,0.0171,0.1607,0.0083,0.0883,0.0071,0.0054,0.0668,0.0588,0.0043,0.1382,0.5128,0.0102,0.015,0.0211,0.4004,0.315,0.3523,3.0059,6,1135717536,1994866144,1,0,116476604,647,644,1,1,0,0,0,0
647,0.0477,1.1219,0.6615,0.0026,0.6587,0.6517,0.0054,0.0008,0.2014,0.4328,0.0081,0.0039,0.0052,0.0612,0.0033,0.0321,0.0042,0.0039,0.0309,0.0302,0.0019,0.0284,0.1828,0.0036,0.0166,0.0268,0.3865,0.2504,0.2712,2.3076,7,1135717536,1994868960,2,0,116476604,648,645,1,1,0,0,0,0
648,0.0415,1.246,0.6448,0.0031,0.6415,0.636,0.0043,0.0007,0.2266,0.5806,0.007,0.0038,0.0071,0.1198,0.0032,0.0391,0.004,0.0035,0.0528,0.0425,0.0017,0.0496,0.3038,0.0066,0.0067,0.0256,0.4313,0.1988,0.2699,2.4203,0,1135717536,1994869664,0,0,116476604,649,646,1,1,0,0,0,0
649,0.0582,2.0064,0.9453,0.0062,0.9388,0.9265,0.0093,0.0013,0.4147,1.029,0.0228,0.0162,0.0145,0.1746,0.0083,0.1451,0.0149,0.0047,0.0716,0.0488,0.0041,0.0498,0.4899,0.006,0.0194,0.0297,0.5217,0.2639,0.2073,3.2805,1,1135717536,1994866848,1,0,116476604,650,647,1,1,0,0,0,0
650,0.0393,1.1569,0.6853,0.0026,0.6825,0.6748,0.0058,0.001,0.1964,0.4459,0.0083,0.0048,0.0079,0.0617,0.0037,0.0385,0.0042,0.0041,0.033,0.0332,0.0021,0.03,0.1964,0.0042,0.0139,0.0272,0.2736,0.1472,0.1434,1.9255,2,1135717536,1994859808,2,0,116476604,651,648,1,1,0,0,0,0
651,0.0395,1.5677,0.6847,0.0021,0.6824,0.6752,0.0055,0.0009,0.3281,0.8639,0.011,0.0062,0.0134,0.1615,0.0096,0.0622,0.0059,0.0054,0.0572,0.056,0.004,0.1164,0.4533,0.0053,0.0104,0.0198,0.3211,0.1914,0.2634,2.6027,3,1135717536,1994864736,0,0,116476604,652,649,1,1,0,0,0,0
652,0.0387,3.658,0.6706,0.0024,0.668,0.6596,0.0067,0.0008,0.2677,2.9156,0.0101,0.0118,0.0113,0.4127,0.0086,0.2765,0.0547,0.0652,0.6456,0.5851,0.0319,0.4699,2.3898,0.0297,0.0445,0.0639,1.5423,1.0136,0.7842,7.7074,4,1135717536,1994867552,1,0,116476604,653,650,1,1,0,0,0,0
653,0.039,1.5363,0.6644,0.0022,0.6618,0.6539,0.006,0.0008,0.1983,0.8522,0.0075,0.0851,0.0075,0.1546,0.0054,0.1039,0.0093,0.0176,0.1029,0.0621,0.0034,0.075,0.4985,0.0033,0.0107,0.0178,0.3639,0.2747,0.8391,3.4352,5,1135717536,1994865440,2,0,116476604,654,651,1,1,0,0,0,0
654,0.0408,1.6096,0.7133,0.0034,0.7097,0.6971,0.0101,0.0011,0.2927,0.8642,0.0225,0.0126,0.0125,0.1768,0.0154,0.0805,0.0092,0.0081,0.0657,0.068,0.0036,0.0612,0.4522,0.0046,0.0199,0.0232,1.1725,1.1703,0.9642,5.7258,6,1135717536,1994866144,0,0,116476604,655,652,1,1,0,0,0,0
655,0.0498,3.0733,0.7886,0.0027,0.7855,0.7681,0.0136,0.0018,0.2793,2.1959,0.0118,0.0062,0.0079,0.1293,0.0104,0.0625,0.0071,0.0754,0.434,0.5859,0.0371,0.4851,1.6968,0.0361,0.0541,0.0794,1.4956,1.0157,1.3938,7.7476,7,1135717536,1994868960,1,0,116476604,656,653,1,1,0,0,0,0
656,0.047,1.4536,0.6966,0.0025,0.694,0.6827,0.0092,0.0009,0.212,0.7382,0.0081,0.0054,0.0079,0.1532,0.0223,0.0918,0.0094,0.0043,0.059,0.0723,0.0073,0.0619,0.4382,0.0031,0.0097,0.0184,0.347,0.1949,0.2249,2.4618,0,1135717536,1994869664,2,0,116476604,657,654,1,1,0,0,0,0
657,0.0394,1.5711,0.7018,0.0022,0.6993,0.6924,0.0052,0.0007,0.3256,0.8523,0.0134,0.0068,0.0136,0.1482,0.0081,0.0829,0.0057,0.0031,0.0396,0.035,0.0024,0.1441,0.4498,0.0041,0.01,0.021,0.4552,0.3836,0.4384,3.2007,1,1135717536,1994866848,0,0,116476604,658,655,1,1,0,0,0,0
658,0.0412,1.1792,0.6841,0.002,0.6819,0.6752,0.0051,0.0009,0.1984,0.4675,0.0084,0.005,0.0071,0.0726,0.0047,0.043,0.0058,0.0046,0.0354,0.0333,0.0018,0.0306,0.2149,0.0033,0.0175,0.0313,0.2657,0.1526,0.1555,1.9506,2,1135717536,1994859808,1,0,116476604,659,656,1,1,0,0,0,0
659,0.0407,1.7064,0.7183,0.0021,0.716,0.709,0.0051,0.001,0.1987,0.9572,0.0083,0.0041,0.0069,0.1749,0.0218,0.128,0.0105,0.0095,0.147,0.1317,0.0075,0.083,0.6646,0.0077,0.0185,0.0319,0.4301,0.2864,0.3577,3.0908,3,1135717536,1994864736,2,0,116476604,660,657,1,1,0,0,0,0
660,0.0416,1.4597,0.6354,0.0025,0.6325,0.6261,0.0045,0.0009,0.3248,0.8059,0.0115,0.0084,0.0159,0.1421,0.0078,0.0843,0.0056,0.0058,0.0635,0.0552,0.0041,0.0525,0.3976,0.0043,0.0111,0.0174,0.3269,0.2345,0.1882,2.408,4,1135717536,1994867552,0,0,116476604,661,658,1,1,0,0,0,0
661,0.0397,1.5533,0.653,0.0023,0.6505,0.6429,0.0058,0.0013,0.374,0.8775,0.0125,0.0074,0.0148,0.1649,0.0118,0.0694,0.0067,0.0062,0.0625,0.059,0.0046,0.0571,0.4129,0.0056,0.0142,0.023,0.3713,0.2648,0.211,2.6401,5,1135717536,1994865440,1,0,116476604,662,659,1,1,0,0,0,0
662,0.0446,1.7196,0.9909,0.0025,0.9882,0.9809,0.0054,0.0009,0.2393,0.6975,0.0085,0.0058,0.0073,0.1021,0.0034,0.1155,0.0045,0.0063,0.0853,0.0583,0.0047,0.0368,0.398,0.0051,0.0164,0.0375,0.3371,0.1999,0.2526,2.7765,6,1135717536,1994866144,2,0,116476604,663,660,1,1,0,0,0,0
663,0.0463,1.732,0.8752,0.0034,0.8715,0.8567,0.011,0.0016,0.3076,0.8384,0.0132,0.0085,0.0128,0.11,0.0092,0.0979,0.0182,0.0095,0.0858,0.0589,0.0043,0.0718,0.4244,0.0058,0.0114,0.0174,0.2974,0.4665,2.1549,5.2449,7,1135717536,1994868960,0,0,116476604,664,661,1,1,0,0,0,0
664,0.0389,2.0849,1.0628,0.0023,1.0603,1.0417,0.0155,0.0016,0.374,1.0037,0.0193,0.0132,0.014,0.1947,0.0222,0.1085,0.0073,0.0052,0.0706,0.0655,0.004,0.0732,0.5125,0.0043,0.0122,0.0151,0.2907,0.1634,0.1165,2.8416,0,1135717536,1994869664,1,0,116476604,665,662,1,1,0,0,0,0
665,0.0532,1.4542,0.6821,0.0022,0.6796,0.673,0.005,0.0008,0.2198,0.7522,0.011,0.0066,0.0129,0.1894,0.0172,0.077,0.0066,0.0062,0.0591,0.0567,0.0041,0.0574,0.4396,0.0059,0.0124,0.0196,0.3331,0.185,0.202,2.4498,1,1135717536,1994866848,2,0,116476604,666,663,1,1,0,0,0,0
666,0.04,1.3872,0.6916,0.0022,0.6891,0.6823,0.0048,0.001,0.1984,0.673,0.0079,0.0053,0.0088,0.063,0.0036,0.1421,0.0159,0.0075,0.0723,0.0614,0.0048,0.0578,0.3966,0.0063,0.0135,0.0191,0.3629,0.2119,0.1375,2.3259,2,1135717536,1994859808,0,0,116476604,667,664,1,1,0,0,0,0
667,0.0403,1.5873,0.7045,0.0023,0.702,0.6949,0.005,0.0011,0.3608,0.8669,0.0189,0.0111,0.0184,0.1395,0.0079,0.0743,0.0061,0.0053,0.06,0.0535,0.0039,0.0763,0.4036,0.0035,0.0092,0.0156,0.2361,0.1344,0.2581,2.486,3,1135717536,1994864736,1,0,116476604,668,665,1,1,0,0,0,0
668,0.0384,1.3311,0.6624,0.0029,0.6592,0.651,0.0064,0.0007,0.2018,0.6411,0.0079,0.0056,0.0107,0.1749,0.019,0.0778,0.0063,0.0043,0.0415,0.0343,0.0022,0.0324,0.3609,0.005,0.0163,0.03,0.3214,0.2412,0.3044,2.4707,4,1135717536,1994867552,2,0,116476604,669,666,1,1,0,0,0,0
669,0.041,1.5615,0.7023,0.0022,0.6999,0.6907,0.0073,0.0012,0.3289,0.833,0.0146,0.0118,0.0172,0.1537,0.0084,0.0722,0.0064,0.0069,0.065,0.0588,0.0044,0.0583,0.408,0.0054,0.0136,0.0267,0.367,0.2511,0.1791,2.5985,5,1135717536,1994865440,0,0,116476604,670,667,1,1,0,0,0,0
670,0.0426,1.4069,0.6268,0.0025,0.6239,0.6173,0.0051,0.0007,0.2995,0.7558,0.0107,0.0063,0.0125,0.1478,0.0099,0.0612,0.0056,0.0068,0.0562,0.0553,0.004,0.0537,0.3742,0.0054,0.0158,0.0182,0.48,0.2738,0.2935,2.7339,6,1135717536,1994866144,1,0,116476604,671,668,1,1,0,0,0,0
671,0.037,1.5295,0.6845,0.0022,0.6821,0.6743,0.0059,0.0007,0.3164,0.822,0.012,0.0061,0.0121,0.1636,0.0069,0.0859,0.0066,0.0066,0.0693,0.055,0.0041,0.0534,0.4272,0.0044,0.014,0.0215,0.3381,0.1556,0.2448,2.5043,7,1135717536,1994868960,2,0,116476604,672,669,1,1,0,0,0,0
672,0.0472,1.3712,0.7459,0.0034,0.7422,0.7356,0.0047,0.0011,0.1679,0.5925,0.0076,0.0044,0.0053,0.0906,0.016,0.0826,0.0067,0.0057,0.0627,0.0554,0.0074,0.0557,0.347,0.0085,0.0196,0.0322,0.4073,0.3072,0.2417,2.5866,0,1135717536,1994869664,0,0,116476604,673,670,1,1,0,0,0,0
673,0.0419,1.4947,0.7026,0.0027,0.6997,0.6919,0.0058,0.0011,0.341,0.7785,0.0109,0.0068,0.0156,0.1743,0.0084,0.0882,0.0056,0.0035,0.0443,0.0275,0.0019,0.0274,0.3617,0.0027,0.0079,0.0132,0.3213,0.2781,0.2252,2.531,1,1135717536,1994866848,1,0,116476604,674,671,1,1,0,0,0,0
674,0.0379,1.3742,0.5912,0.0024,0.5886,0.5819,0.0049,0.001,0.3308,0.766,0.0096,0.0081,0.0138,0.1224,0.0071,0.0695,0.0054,0.0055,0.057,0.0553,0.0042,0.0527,0.3569,0.0044,0.0101,0.0161,0.432,0.2919,0.1822,2.4821,2,1135717536,1994859808,2,0,116476604,675,672,1,1,0,0,0,0
675,0.0407,1.7715,0.6876,0.0022,0.6853,0.6769,0.0066,0.001,0.3721,1.0447,0.0189,0.0115,0.0157,0.1411,0.0179,0.0383,0.0052,0.0099,0.0853,0.1269,0.0388,0.1243,0.5159,0.0068,0.0222,0.0524,0.469,0.3795,0.3229,3.3209,3,1135717536,1994864736,0,0,116476604,676,673,1,1,0,0,0,0
676,0.0417,1.4661,0.7748,0.0027,0.7719,0.7572,0.0116,0.0018,0.2373,0.649,0.0084,0.0046,0.005,0.0681,0.0028,0.0962,0.0085,0.0056,0.0666,0.0583,0.0047,0.0611,0.3503,0.0063,0.0264,0.0408,0.3777,0.1798,0.2269,2.5158,4,1135717536,1994867552,1,0,116476604,677,674,1,1,0,0,0,0
677,0.0399,1.4067,0.6699,0.0023,0.6674,0.6604,0.0055,0.0008,0.3363,0.7056,0.0115,0.0068,0.016,0.1533,0.015,0.0362,0.0048,0.004,0.0341,0.0305,0.0023,0.0307,0.2848,0.0042,0.0192,0.0282,0.3233,0.1548,0.2455,2.3593,5,1135717536,1994865440,2,0,116476604,678,675,1,1,0,0,0,0
678,0.0401,1.7554,0.7053,0.0024,0.7027,0.6932,0.0074,0.001,0.3654,1.026,0.0108,0.0088,0.0147,0.1512,0.0075,0.1289,0.0054,0.0031,0.0696,0.0692,0.0132,0.1467,0.5656,0.008,0.0155,0.0226,0.4012,0.2315,0.2211,2.8447,6,1135717536,1994866144,0,0,116476604,679,676,1,1,0,0,0,0
679,0.0427,1.8988,0.837,0.0021,0.8347,0.8274,0.0054,0.001,0.3446,1.0278,0.0093,0.0067,0.0101,0.2296,0.0115,0.092,0.0071,0.0034,0.1232,0.0717,0.0099,0.0813,0.5978,0.0053,0.0196,0.0314,0.4645,0.1875,0.1866,2.9619,7,1135717536,1994868960,1,0,116476604,680,677,1,1,0,0,0,0
680,0.0412,1.7053,0.7062,0.0022,0.7035,0.6964,0.0055,0.0009,0.2969,0.97,0.0198,0.0078,0.0131,0.1426,0.0082,0.1495,0.0154,0.006,0.1051,0.0624,0.005,0.1095,0.5691,0.0064,0.0189,0.0228,0.4579,0.3079,0.2192,2.9667,0,1135717536,1994869664,2,0,116476604,681,678,1,1,0,0,0,0
681,0.0385,1.4298,0.6849,0.0028,0.6817,0.6742,0.0049,0.0016,0.2249,0.7109,0.0094,0.0045,0.0057,0.1631,0.0071,0.098,0.0063,0.0042,0.0634,0.047,0.0034,0.0551,0.4266,0.0039,0.0222,0.0167,0.2537,0.1669,0.1532,2.194,1,1135717536,1994866848,0,0,116476604,682,679,1,1,0,0,0,0
682,0.0471,1.2186,0.7275,0.0045,0.7227,0.7165,0.0045,0.0009,0.221,0.4664,0.0078,0.0042,0.0088,0.0623,0.004,0.0345,0.0033,0.0042,0.0362,0.0312,0.002,0.0302,0.1944,0.0035,0.0141,0.0309,0.4236,0.2449,0.4383,2.6214,2,1135717536,1994859808,1,0,116476604,683,680,1,1,0,0,0,0
683,0.0417,1.6335,0.7456,0.0021,0.7432,0.7357,0.0055,0.001,0.2642,0.8599,0.0092,0.0053,0.0071,0.1508,0.0077,0.0902,0.007,0.0226,0.0994,0.0998,0.0035,0.0723,0.5125,0.0066,0.017,0.0252,0.504,0.2065,0.1856,2.7884,3,1135717536,1994864736,2,0,116476604,684,681,1,1,0,0,0,0
684,0.0418,1.6959,0.7314,0.0023,0.7289,0.722,0.005,0.0011,0.3517,0.9359,0.0119,0.0076,0.0145,0.1504,0.0086,0.1578,0.015,0.0064,0.0741,0.0535,0.0044,0.0528,0.4886,0.0058,0.0178,0.0232,0.31,0.2633,0.2569,2.8241,4,1135717536,1994867552,0,0,116476604,685,682,1,1,0,0,0,0
685,0.042,1.6283,0.7002,0.0023,0.6977,0.6899,0.0058,0.0011,0.2853,0.9017,0.0108,0.0064,0.0141,0.1287,0.0082,0.0741,0.006,0.0051,0.2357,0.0644,0.003,0.0358,0.5387,0.004,0.0149,0.0316,0.3464,0.7257,0.7512,4.197,5,1135717536,1994865440,1,0,116476604,686,683,1,1,0,0,0,0
686,0.0389,1.1591,0.6844,0.0025,0.6817,0.6758,0.0044,0.0008,0.1968,0.4499,0.0099,0.0044,0.0053,0.0721,0.0045,0.0351,0.0041,0.0045,0.0327,0.0312,0.002,0.0308,0.2019,0.0032,0.0134,0.0347,0.4532,0.2639,0.2983,2.4587,6,1135717536,1994866144,2,0,116476604,687,684,1,1,0,0,0,0
687,0.0418,1.0966,0.7033,0.0027,0.7003,0.6958,0.0031,0.0007,0.1625,0.3775,0.0079,0.0037,0.0052,0.059,0.0027,0.0282,0.0039,0.0025,0.0368,0.0248,0.0014,0.025,0.1738,0.0022,0.0067,0.0227,0.2535,0.123,0.1932,1.8552,7,1135717536,1994868960,0,0,116476604,688,685,1,1,0,0,0,0
688,0.0415,1.2623,0.7764,0.0024,0.7738,0.7688,0.0033,0.0011,0.1702,0.4718,0.0083,0.0048,0.005,0.07,0.005,0.0877,0.0027,0.0018,0.0338,0.0349,0.003,0.0308,0.2572,0.0021,0.0065,0.0188,0.2486,0.1625,0.155,2.0135,0,1135717536,1994869664,1,0,116476604,689,686,1,1,0,0,0,0
689,0.0408,1.7348,0.6766,0.0022,0.6742,0.6643,0.0078,0.0009,0.3543,1.0337,0.0434,0.0171,0.0203,0.1817,0.0104,0.0833,0.005,0.0111,0.0883,0.0807,0.0079,0.0883,0.5223,0.0061,0.0154,0.0218,0.4076,0.2136,0.2507,2.8959,1,1135717536,1994866848,2,0,116476604,690,687,1,1,0,0,0,0
690,0.0388,1.2264,0.6956,0.0025,0.6927,0.6873,0.0041,0.0009,0.1893,0.5099,0.0078,0.0033,0.0069,0.0895,0.0055,0.051,0.0034,0.0032,0.0482,0.0424,0.0017,0.0408,0.2719,0.0037,0.0061,0.0297,0.3492,0.1843,0.1351,2.1649,2,1135717536,1994859808,0,0,116476604,691,688,1,1,0,0,0,0
691,0.039,1.1989,0.6387,0.0025,0.6359,0.6282,0.0059,0.001,0.2456,0.5374,0.0088,0.0051,0.0098,0.0751,0.0045,0.0513,0.0058,0.0047,0.0371,0.0341,0.0025,0.0348,0.2324,0.0033,0.0139,0.0237,0.5143,0.2771,0.2837,2.5541,3,1135717536,1994864736,1,0,116476604,692,689,1,1,0,0,0,0
692,0.0392,1.5752,0.7104,0.0024,0.7078,0.7002,0.0056,0.001,0.2941,0.7808,0.012,0.0072,0.0133,0.1472,0.0116,0.0621,0.006,0.008,0.0802,0.056,0.0044,0.0529,0.3984,0.0045,0.0765,0.0195,0.3346,0.2287,0.2201,2.5908,4,1135717536,1994867552,2,0,116476604,693,690,1,1,0,0,0,0
693,0.0399,1.3033,0.6514,0.002,0.6492,0.6416,0.0058,0.001,0.2889,0.6167,0.0098,0.0067,0.0137,0.1105,0.0092,0.0358,0.0036,0.0028,0.0339,0.0449,0.003,0.0318,0.2569,0.0033,0.0215,0.0261,0.2375,0.277,0.3654,2.5966,5,1135717536,1994865440,0,0,116476604,694,691,1,1,0,0,0,0
694,0.0408,1.4955,0.6997,0.0021,0.6974,0.6886,0.007,0.0008,0.3,0.7785,0.0105,0.0066,0.0125,0.1531,0.0099,0.0671,0.0062,0.0073,0.0611,0.0579,0.0042,0.055,0.3942,0.0052,0.0103,0.0172,0.3286,0.1514,0.1791,2.3668,6,1135717536,1994866144,1,0,116476604,695,692,1,1,0,0,0,0
695,0.0394,1.4757,0.6832,0.0022,0.6808,0.6726,0.0063,0.001,0.2998,0.7742,0.0114,0.0068,0.0141,0.1485,0.0099,0.0669,0.0061,0.0064,0.0593,0.0603,0.0045,0.055,0.39,0.0047,0.0113,0.0192,0.3185,0.1805,0.1955,2.4121,7,1135717536,1994868960,2,0,116476604,696,693,1,1,0,0,0,0
696,0.0451,1.6871,0.8473,0.0024,0.8442,0.8361,0.006,0.0011,0.2127,0.8157,0.0085,0.0048,0.0049,0.182,0.0186,0.0727,0.0099,0.0092,0.0932,0.0761,0.0047,0.0908,0.5148,0.0068,0.0136,0.0299,0.4304,0.2104,0.2239,2.7794,0,1135717536,1994869664,0,0,116476604,697,694,1,1,0,0,0,0
697,0.0391,1.4623,0.6868,0.0022,0.6843,0.6771,0.0054,0.001,0.2964,0.757,0.0118,0.0074,0.014,0.1407,0.0085,0.064,0.005,0.0058,0.0608,0.0559,0.0044,0.0563,0.3777,0.0047,0.0114,0.017,0.2724,0.1804,0.2979,2.4478,1,1135717536,1994866848,1,0,116476604,698,695,1,1,0,0,0,0
698,0.0413,1.5359,0.7056,0.0023,0.7031,0.6955,0.0059,0.0009,0.2848,0.8111,0.0108,0.0068,0.014,0.1417,0.0083,0.0683,0.0064,0.005,0.0609,0.0576,0.004,0.1157,0.4442,0.0044,0.0105,0.019,0.3337,0.181,0.2953,2.6002,2,1135717536,1994859808,2,0,116476604,699,696,1,1,0,0,0,0
699,0.0394,1.6904,0.7004,0.0022,0.6979,0.6906,0.0057,0.0009,0.3028,0.9626,0.0104,0.0072,0.0137,0.174,0.0073,0.0652,0.0047,0.0098,0.1279,0.0925,0.0072,0.107,0.5666,0.0117,0.0163,0.0237,0.4976,0.3035,0.4743,3.3242,3,1135717536,1994864736,0,0,116476604,700,697,1,1,0,0,0,0
700,0.0401,1.1785,0.6786,0.0021,0.6763,0.6704,0.0042,0.0009,0.2008,0.4674,0.0079,0.0041,0.0055,0.0632,0.004,0.034,0.0057,0.0039,0.0515,0.034,0.0021,0.0318,0.2145,0.0032,0.0185,0.028,0.3264,0.1796,0.2277,2.1455,4,1135717536,1994867552,1,0,116476604,701,698,1,1,0,0,0,0
701,0.0419,1.1945,0.71,0.0022,0.7076,0.6994,0.0063,0.0011,0.2,0.4599,0.0086,0.0047,0.0074,0.0725,0.0044,0.0331,0.0037,0.004,0.035,0.0287,0.0025,0.0381,0.2074,0.0038,0.0147,0.029,0.2847,0.124,0.1643,1.9596,5,1135717536,1994865440,2,0,116476604,702,699,1,1,0,0,0,0
702,0.0383,1.5423,0.6854,0.0021,0.6831,0.6754,0.0053,0.0012,0.3231,0.8379,0.011,0.0096,0.0166,0.1433,0.0072,0.0626,0.0062,0.0061,0.0588,0.057,0.0038,0.1069,0.4286,0.0044,0.0106,0.0193,0.3221,0.1798,0.33,2.783,6,1135717536,1994866144,0,0,116476604,703,700,1,1,0,0,0,0
703,0.0406,1.5939,0.7467,0.0032,0.7433,0.7303,0.01,0.001,0.2775,0.8219,0.0098,0.0058,0.01,0.1643,0.0125,0.0665,0.0089,0.0143,0.077,0.0785,0.0083,0.0629,0.4492,0.0074,0.0137,0.0219,0.3637,0.1661,0.1932,2.5511,7,1135717536,1994868960,1,0,116476604,704,701,1,1,0,0,0,0
704,0.0407,1.4787,0.6971,0.002,0.6948,0.6868,0.0065,0.0009,0.2953,0.7602,0.0114,0.0099,0.0153,0.14,0.0079,0.0665,0.0051,0.0062,0.0583,0.0574,0.0039,0.0546,0.3768,0.0047,0.0125,0.0216,0.3087,0.1278,0.2254,2.3793,0,1135717536,1994869664,2,0,116476604,705,702,1,1,0,0,0,0
705,0.0415,1.5374,0.6713,0.0021,0.669,0.6614,0.006,0.0008,0.3786,0.839,0.0233,0.0149,0.02,0.1451,0.0079,0.0906,0.006,0.0042,0.0403,0.037,0.0024,0.0286,0.3416,0.0032,0.0165,0.0257,0.3243,0.1601,0.2725,2.5036,1,1135717536,1994866848,0,0,116476604,706,703,1,1,0,0,0,0
706,0.0405,1.7829,0.6829,0.0022,0.6804,0.6733,0.0053,0.001,0.2912,1.0639,0.011,0.0062,0.014,0.2385,0.0082,0.1108,0.0182,0.0099,0.1217,0.1055,0.0081,0.092,0.6685,0.006,0.0222,0.033,1.1144,0.9868,0.7437,5.2715,2,1135717536,1994859808,1,0,116476604,707,704,1,1,0,0,0,0
707,0.0388,1.4386,0.6813,0.0022,0.6787,0.672,0.005,0.0007,0.2945,0.7398,0.0105,0.0066,0.013,0.1439,0.008,0.0808,0.0054,0.0053,0.0668,0.047,0.0025,0.0304,0.3689,0.0032,0.0102,0.0174,0.2952,0.2231,0.1676,2.3391,3,1135717536,1994864736,2,0,116476604,708,705,1,1,0,0,0,0
708,0.0394,1.4916,0.7106,0.0022,0.7082,0.7002,0.0062,0.001,0.2968,0.7627,0.0116,0.0069,0.0134,0.1389,0.0093,0.0754,0.0055,0.0052,0.0605,0.0558,0.0041,0.0536,0.3842,0.0048,0.0107,0.0171,0.2936,0.161,0.2946,2.4687,4,1135717536,1994867552,0,0,116476604,709,706,1,1,0,0,0,0
709,0.0412,1.663,0.6805,0.0025,0.6777,0.6701,0.0058,0.0008,0.2956,0.9498,0.0105,0.007,0.0154,0.1499,0.0101,0.066,0.0058,0.0101,0.2047,0.0874,0.0037,0.0586,0.5666,0.0058,0.0216,0.0322,0.5457,0.7682,0.7241,4.3622,5,1135717536,1994865440,1,0,116476604,710,707,1,1,0,0,0,0
710,0.0397,1.5621,0.6719,0.002,0.6697,0.6629,0.0052,0.0009,0.2869,0.8651,0.0154,0.0149,0.0216,0.1753,0.0119,0.0702,0.0074,0.0053,0.0642,0.0589,0.0045,0.1022,0.4708,0.0056,0.016,0.0237,0.4367,0.1581,0.1647,2.5221,6,1135717536,1994866144,2,0,116476604,711,708,1,1,0,0,0,0
711,0.0392,1.5389,0.743,0.0022,0.7405,0.7332,0.0055,0.0007,0.2951,0.7797,0.0104,0.005,0.0091,0.1759,0.0059,0.1105,0.008,0.0052,0.0607,0.0403,0.0028,0.0301,0.4175,0.0027,0.0096,0.0139,0.2857,0.1798,0.2016,2.3945,7,1135717536,1994868960,0,0,116476604,712,709,1,1,0,0,0,0
712,0.0381,1.6391,0.7337,0.0029,0.7305,0.7154,0.0124,0.0015,0.2628,0.885,0.0087,0.005,0.0065,0.1022,0.0052,0.0934,0.0128,0.0186,0.1797,0.109,0.0042,0.0572,0.5415,0.0047,0.0132,0.0214,0.3381,0.2234,0.216,2.6497,0,1135717536,1994869664,1,0,116476604,713,710,1,1,0,0,0,0
713,0.0406,1.4881,0.6999,0.0024,0.6971,0.69,0.0051,0.0007,0.3115,0.77,0.0114,0.0062,0.0131,0.1401,0.0095,0.0686,0.0058,0.0063,0.0601,0.0568,0.004,0.0511,0.3767,0.0043,0.0101,0.0171,0.3121,0.1759,0.1646,2.3988,1,1135717536,1994866848,2,0,116476604,714,711,1,1,0,0,0,0
714,0.0391,1.1671,0.6637,0.0022,0.6608,0.6541,0.0048,0.0008,0.2035,0.4787,0.0082,0.0043,0.0052,0.0804,0.0037,0.0497,0.0031,0.0035,0.0348,0.0304,0.0021,0.0334,0.2287,0.003,0.0132,0.0322,0.3218,0.1353,0.2066,2.0342,2,1135717536,1994859808,0,0,116476604,715,712,1,1,0,0,0,0
715,0.0405,1.5414,0.7129,0.0022,0.7104,0.7036,0.0052,0.0008,0.3218,0.8109,0.011,0.0067,0.0142,0.1433,0.0083,0.0891,0.0076,0.0064,0.0657,0.0558,0.004,0.052,0.4059,0.0049,0.0104,0.019,0.281,0.1649,0.2626,2.4679,3,1135717536,1994864736,1,0,116476604,716,713,1,1,0,0,0,0
716,0.0402,1.5323,0.7387,0.0023,0.7362,0.728,0.0057,0.0012,0.2968,0.7726,0.0108,0.0063,0.0123,0.1525,0.0108,0.0672,0.007,0.0053,0.0616,0.0578,0.0041,0.0553,0.3944,0.0047,0.0128,0.0196,0.3407,0.1805,0.1832,2.4462,4,1135717536,1994867552,2,0,116476604,717,714,1,1,0,0,0,0
717,0.04,1.3429,0.6506,0.0026,0.6477,0.641,0.0052,0.0007,0.2934,0.6631,0.01,0.006,0.0101,0.1532,0.0075,0.0549,0.0046,0.0027,0.0336,0.0345,0.0026,0.0296,0.3058,0.0026,0.0162,0.0248,0.2134,0.1235,0.1349,1.9935,5,1135717536,1994865440,0,0,116476604,718,715,1,1,0,0,0,0
718,0.0393,1.5465,0.7472,0.0024,0.7446,0.7384,0.005,0.0007,0.1788,0.775,0.0078,0.0046,0.0055,0.1279,0.0043,0.1142,0.019,0.0141,0.0732,0.0953,0.0046,0.1012,0.5118,0.0074,0.0052,0.0357,2.0949,0.7506,0.6988,5.7212,6,1135717536,1994866144,1,0,116476604,719,716,1,1,0,0,0,0
719,0.0397,1.158,0.6846,0.002,0.6823,0.675,0.0055,0.0008,0.1971,0.4474,0.0079,0.0048,0.0068,0.0643,0.003,0.0387,0.0045,0.0053,0.0345,0.0323,0.002,0.0295,0.1993,0.003,0.015,0.0308,0.2739,0.1223,0.1617,1.9018,7,1135717536,1994868960,2,0,116476604,720,717,1,1,0,0,0,0
720,0.0408,1.34,0.7147,0.0026,0.7119,0.7018,0.0081,0.0012,0.2206,0.5881,0.0083,0.0056,0.0065,0.1138,0.0046,0.0448,0.0084,0.0179,0.0445,0.0487,0.0033,0.0371,0.2889,0.0064,0.0199,0.0332,0.3227,0.1963,0.2551,2.3221,0,1135717536,1994869664,0,0,116476604,721,718,1,1,0,0,0,0
721,0.0409,1.1789,0.6417,0.0019,0.6395,0.6339,0.0043,0.0008,0.198,0.5058,0.0084,0.0047,0.0053,0.0783,0.0052,0.0429,0.0043,0.004,0.0327,0.043,0.0045,0.0555,0.2524,0.005,0.0199,0.026,0.3516,0.2362,0.1888,2.2098,1,1135717536,1994866848,1,0,116476604,722,719,1,1,0,0,0,0
722,0.0385,1.3104,0.8249,0.0024,0.8223,0.8132,0.0064,0.0013,0.2043,0.456,0.0076,0.0038,0.0059,0.0643,0.0053,0.0358,0.0044,0.0035,0.0439,0.0329,0.0013,0.0293,0.2062,0.0027,0.0149,0.028,0.3061,0.1618,0.2537,2.2746,2,1135717536,1994859808,2,0,116476604,723,720,1,1,0,0,0,0
723,0.0409,1.7117,0.7815,0.0022,0.7785,0.7743,0.0029,0.0007,0.1742,0.9037,0.0082,0.0046,0.0068,0.2099,0.0083,0.1449,0.0198,0.008,0.1398,0.1038,0.0027,0.0474,0.6458,0.0052,0.0171,0.0221,0.4291,1.367,1.9811,7.5031,3,1135717536,1994864736,0,0,116476604,724,721,1,1,0,0,0,0
724,0.0452,1.3102,0.6016,0.0031,0.5982,0.5913,0.0048,0.0012,0.2053,0.6734,0.0074,0.0046,0.0073,0.1149,0.0034,0.047,0.0096,0.0052,0.1103,0.0561,0.0049,0.0768,0.4051,0.006,0.0184,0.0475,0.492,0.1521,0.2117,2.4613,4,1135717536,1994867552,1,0,116476604,725,722,1,1,0,0,0,0
725,0.0384,1.8704,0.7369,0.0021,0.7344,0.7265,0.0052,0.0014,0.688,1.1049,0.0113,0.0063,0.0142,0.1481,0.0103,0.0672,0.0059,0.0045,0.0568,0.0346,0.0027,0.032,0.3387,0.0037,0.0149,0.0168,0.2309,0.122,0.1273,2.5214,5,1135717536,1994865440,2,0,116476604,726,723,1,1,0,0,0,0
726,0.0396,1.2565,0.6888,0.0025,0.6861,0.6785,0.0053,0.0012,0.2847,0.5376,0.009,0.0051,0.0085,0.0659,0.004,0.0356,0.0058,0.0029,0.0326,0.0314,0.002,0.0303,0.1958,0.0033,0.02,0.0283,0.3237,0.1216,0.1328,2.0164,6,1135717536,1994866144,0,0,116476604,727,724,1,1,0,0,0,0
727,0.0408,1.4158,0.7118,0.0025,0.709,0.7014,0.0058,0.0011,0.215,0.6829,0.0112,0.0068,0.0128,0.1389,0.0119,0.0637,0.0057,0.0053,0.0603,0.0586,0.0043,0.0591,0.3806,0.0056,0.0124,0.0176,0.3466,0.186,0.1738,2.3279,7,1135717536,1994868960,1,0,116476604,728,725,1,1,0,0,0,0
728,0.0405,1.5872,0.7242,0.0021,0.7218,0.715,0.0047,0.0012,0.3231,0.8425,0.0115,0.0092,0.0155,0.1572,0.0086,0.0847,0.0065,0.0069,0.065,0.0603,0.0045,0.0579,0.4251,0.0051,0.0127,0.0248,0.3317,0.1478,0.2512,2.5543,0,1135717536,1994869664,2,0,116476604,729,726,1,1,0,0,0,0
729,0.0399,1.5689,0.6951,0.0027,0.6922,0.6839,0.0064,0.0008,0.3172,0.8514,0.0163,0.0094,0.02,0.1282,0.0076,0.1191,0.0073,0.0029,0.0771,0.0594,0.0022,0.0595,0.4433,0.0034,0.0131,0.0179,0.4109,0.2072,0.1788,2.5669,1,1135717536,1994866848,0,0,116476604,730,727,1,1,0,0,0,0
730,0.0387,1.2469,0.6575,0.0023,0.6549,0.6474,0.0059,0.0008,0.2122,0.5619,0.0217,0.0098,0.0105,0.1187,0.0079,0.0439,0.0055,0.0052,0.0398,0.0367,0.0029,0.0277,0.2668,0.0027,0.0139,0.0324,0.3326,0.2038,0.1474,2.1197,2,1135717536,1994859808,1,0,116476604,731,728,1,1,0,0,0,0
731,0.0414,2.2114,0.7228,0.0023,0.7203,0.7049,0.0121,0.0018,0.6723,1.4654,0.01,0.0064,0.01,0.2116,0.0203,0.156,0.0063,0.0056,0.1323,0.1283,0.0085,0.069,0.6972,0.0062,0.0138,0.0227,0.36,0.1877,0.3365,3.2983,3,1135717536,1994864736,2,0,116476604,732,729,1,1,0,0,0,0
732,0.0401,1.45,0.6945,0.0024,0.6919,0.6852,0.0049,0.0009,0.2873,0.7377,0.0118,0.0067,0.0132,0.1381,0.0086,0.0666,0.006,0.0053,0.0567,0.0556,0.004,0.0531,0.3701,0.0048,0.0104,0.0173,0.2882,0.1602,0.2569,2.3751,4,1135717536,1994867552,0,0,116476604,733,730,1,1,0,0,0,0
733,0.0438,1.4768,0.7311,0.0035,0.7273,0.7189,0.0067,0.001,0.2263,0.7347,0.0123,0.0045,0.0087,0.1375,0.016,0.1277,0.0109,0.0072,0.067,0.0542,0.002,0.0405,0.4269,0.0023,0.0046,0.0155,0.2873,0.1233,0.222,2.3465,5,1135717536,1994865440,1,0,116476604,734,731,1,1,0,0,0,0
734,0.0508,1.2651,0.7089,0.0022,0.7065,0.7001,0.005,0.0007,0.2039,0.5278,0.0091,0.0053,0.005,0.0672,0.0035,0.0818,0.0133,0.004,0.0433,0.034,0.0024,0.0317,0.258,0.0062,0.0171,0.0335,0.2654,0.1358,0.2422,2.1595,6,1135717536,1994866144,2,0,116476604,735,732,1,1,0,0,0,0
735,0.0544,1.6451,0.9204,0.0035,0.9166,0.908,0.0059,0.0014,0.2026,0.7023,0.0079,0.0048,0.0067,0.2114,0.0181,0.0691,0.0078,0.0064,0.0621,0.0395,0.0018,0.0451,0.4272,0.0033,0.0117,0.0229,0.3096,0.1998,0.2163,2.6161,7,1135717536,1994868960,0,0,116476604,736,733,1,1,0,0,0,0
736,0.0392,1.6045,0.7159,0.0026,0.7131,0.7039,0.007,0.001,0.3042,0.8622,0.0104,0.0069,0.0099,0.1276,0.0091,0.1402,0.0138,0.0082,0.0657,0.0603,0.0047,0.0715,0.4653,0.0079,0.0152,0.0248,0.3675,0.1974,0.1717,2.566,0,1135717536,1994869664,1,0,116476604,737,734,1,1,0,0,0,0
737,0.0385,1.3929,0.8267,0.0031,0.8234,0.8126,0.0079,0.0011,0.2434,0.5354,0.009,0.0053,0.0102,0.0827,0.0092,0.0394,0.0048,0.0044,0.0365,0.0332,0.003,0.031,0.2228,0.0038,0.0199,0.0293,0.3362,0.2593,0.703,3.2426,1,1135717536,1994866848,2,0,116476604,738,735,1,1,0,0,0,0
738,0.0397,1.201,0.6379,0.0021,0.6356,0.6297,0.0044,0.001,0.1717,0.5479,0.0076,0.004,0.007,0.0853,0.0093,0.11,0.0049,0.0036,0.046,0.0392,0.0018,0.0397,0.3202,0.0025,0.0044,0.0267,0.2927,0.1992,0.3849,2.3502,2,1135717536,1994859808,0,0,116476604,739,736,1,1,0,0,0,0
739,0.0409,1.8557,0.9532,0.0031,0.9498,0.9318,0.0146,0.0016,0.4027,0.8855,0.0222,0.0111,0.0165,0.1731,0.0112,0.0881,0.0044,0.0033,0.0393,0.0294,0.0021,0.0497,0.3796,0.0033,0.0093,0.0165,0.31,0.1609,0.1754,2.6883,3,1135717536,1994864736,1,0,116476604,740,737,1,1,0,0,0,0
740,0.039,1.4402,0.6778,0.0025,0.675,0.6669,0.0059,0.0011,0.2941,0.7444,0.0109,0.0069,0.0142,0.1339,0.0075,0.0676,0.0056,0.0065,0.0599,0.0545,0.0044,0.0542,0.3701,0.0049,0.0116,0.0181,0.2621,0.153,0.2565,2.3294,4,1135717536,1994867552,2,0,116476604,741,738,1,1,0,0,0,0
741,0.0384,1.4918,0.6999,0.0021,0.6976,0.6894,0.0063,0.0009,0.2965,0.7724,0.0114,0.006,0.0148,0.1507,0.0101,0.0704,0.0056,0.0052,0.059,0.0572,0.0043,0.0555,0.3928,0.0048,0.0117,0.018,0.3281,0.1872,0.1734,2.3839,5,1135717536,1994865440,0,0,116476604,742,739,1,1,0,0,0,0
742,0.0415,1.4944,0.7771,0.0021,0.7748,0.7634,0.0091,0.0011,0.2358,0.7025,0.0097,0.0056,0.0127,0.1511,0.0064,0.0495,0.0077,0.015,0.0776,0.0525,0.0068,0.0481,0.3788,0.0056,0.0058,0.0179,0.2961,0.1849,0.2007,2.363,6,1135717536,1994866144,1,0,116476604,743,740,1,1,0,0,0,0
743,0.0401,1.4489,0.7109,0.0022,0.7085,0.6994,0.0062,0.0016,0.3244,0.705,0.0108,0.0069,0.014,0.1651,0.0188,0.0343,0.0046,0.0045,0.0322,0.0307,0.002,0.0312,0.2935,0.0051,0.0201,0.0225,0.292,0.1317,0.1428,2.2008,7,1135717536,1994868960,2,0,116476604,744,741,1,1,0,0,0,0
744,0.0405,1.499,0.7472,0.0023,0.7447,0.7287,0.013,0.0017,0.2614,0.709,0.0095,0.0057,0.0069,0.0752,0.0056,0.0648,0.0065,0.0187,0.0742,0.0973,0.0038,0.0534,0.3649,0.0098,0.0271,0.0315,0.5145,0.267,0.2015,2.7298,0,1135717536,1994869664,0,0,116476604,745,742,1,1,0,0,0,0
745,0.0402,1.5181,0.6651,0.0021,0.6627,0.6561,0.0051,0.0007,0.3013,0.8296,0.0114,0.0066,0.014,0.1886,0.0168,0.0683,0.0056,0.0069,0.0628,0.0548,0.0095,0.0535,0.428,0.0065,0.0143,0.0255,0.4786,0.2815,0.2988,2.8532,1,1135717536,1994866848,1,0,116476604,746,743,1,1,0,0,0,0
746,0.04,1.4724,0.6665,0.0021,0.664,0.6565,0.0057,0.0008,0.2425,0.7586,0.0242,0.012,0.0105,0.1105,0.0064,0.043,0.0085,0.005,0.0451,0.0313,0.002,0.1683,0.3982,0.0184,0.029,0.0356,1.6537,0.7383,0.6524,5.1934,2,1135717536,1994859808,2,0,116476604,747,744,1,1,0,0,0,0
747,0.0384,1.301,0.7021,0.0027,0.6991,0.6919,0.0057,0.0008,0.2051,0.5679,0.0082,0.0042,0.0068,0.0654,0.0034,0.0625,0.0068,0.0051,0.0585,0.0581,0.0042,0.0596,0.3041,0.0058,0.0178,0.0346,0.4081,0.1909,0.1901,2.3152,3,1135717536,1994864736,0,0,116476604,748,745,1,1,0,0,0,0
748,0.0515,1.1891,0.7087,0.0023,0.7062,0.6977,0.0056,0.0017,0.2094,0.4528,0.0076,0.0045,0.0053,0.0659,0.0033,0.0332,0.0034,0.0046,0.0342,0.0309,0.0026,0.0295,0.1937,0.0032,0.0141,0.0278,0.3198,0.1256,0.3424,2.1793,4,1135717536,1994867552,1,0,116476604,749,746,1,1,0,0,0,0
749,0.0404,1.3477,0.7492,0.0024,0.7464,0.7416,0.0035,0.0007,0.2256,0.5811,0.0093,0.0045,0.0106,0.0884,0.0051,0.0541,0.0042,0.0047,0.0528,0.0504,0.003,0.0468,0.2925,0.0044,0.0051,0.0309,0.3365,0.1773,0.1927,2.2559,5,1135717536,1994865440,2,0,116476604,750,747,1,1,0,0,0,0
750,0.0411,1.4445,0.7589,0.0027,0.7559,0.7485,0.0058,0.0011,0.2478,0.6592,0.0081,0.0046,0.009,0.123,0.0053,0.068,0.0059,0.0053,0.0574,0.0616,0.0016,0.0443,0.3543,0.0046,0.0102,0.0268,0.247,0.1351,0.2671,2.3483,6,1135717536,1994866144,0,0,116476604,751,748,1,1,0,0,0,0
751,0.0395,1.4578,0.6513,0.0022,0.6489,0.641,0.0059,0.0009,0.3121,0.7882,0.011,0.0069,0.0142,0.1401,0.0078,0.0724,0.0058,0.0053,0.0622,0.0619,0.0043,0.0588,0.3954,0.0049,0.011,0.0182,0.319,0.1489,0.2719,2.4149,7,1135717536,1994868960,1,0,116476604,752,749,1,1,0,0,0,0
752,0.0402,1.2656,0.6376,0.0035,0.6338,0.6266,0.0054,0.0011,0.2492,0.6137,0.0081,0.0046,0.007,0.1281,0.0077,0.0565,0.0088,0.0047,0.0456,0.0364,0.0028,0.0337,0.3003,0.0036,0.0093,0.1055,0.3313,0.2063,0.3003,2.4636,0,1135717536,1994869664,2,0,116476604,753,750,1,1,0,0,0,0
753,0.0405,1.6583,0.6954,0.0021,0.6931,0.6863,0.0051,0.0008,0.2352,0.9403,0.0087,0.0039,0.0078,0.0654,0.0038,0.3032,0.0065,0.0044,0.0778,0.0894,0.0023,0.1136,0.6494,0.0046,0.0127,0.0218,0.2912,0.4023,1.9176,5.0569,1,1135717536,1994866848,0,0,116476604,754,751,1,1,0,0,0,0
754,0.0375,1.2762,0.7535,0.002,0.7513,0.7442,0.0053,0.0008,0.2034,0.4962,0.0079,0.0047,0.0072,0.0738,0.0046,0.0332,0.0043,0.0065,0.0511,0.0417,0.0034,0.0365,0.2363,0.004,0.0164,0.0284,0.275,0.1259,0.2192,2.1011,2,1135717536,1994859808,1,0,116476604,755,752,1,1,0,0,0,0
755,0.0395,1.5414,0.7515,0.0021,0.7491,0.7357,0.0102,0.0018,0.3175,0.7761,0.0106,0.005,0.0087,0.1388,0.0108,0.0688,0.0062,0.0054,0.0604,0.0572,0.0042,0.0582,0.3834,0.0052,0.0065,0.0179,0.3168,0.1864,0.1894,2.4419,3,1135717536,1994864736,2,0,116476604,756,753,1,1,0,0,0,0
756,0.039,1.455,0.6749,0.0024,0.6721,0.6649,0.0052,0.001,0.3002,0.7618,0.012,0.0069,0.0126,0.1497,0.0108,0.0598,0.0055,0.0063,0.0578,0.057,0.0041,0.0528,0.3771,0.0048,0.0112,0.0167,0.3231,0.185,0.1947,2.371,4,1135717536,1994867552,0,0,116476604,757,754,1,1,0,0,0,0
757,0.0519,1.6827,0.9678,0.0033,0.9643,0.9561,0.0064,0.0009,0.2405,0.6989,0.0077,0.0054,0.0075,0.1632,0.0064,0.0756,0.0063,0.0058,0.0502,0.0536,0.0027,0.055,0.3976,0.0037,0.0081,0.0144,0.2709,0.163,0.2112,2.564,5,1135717536,1994865440,1,0,116476604,758,755,1,1,0,0,0,0
758,0.0439,1.2962,0.711,0.0031,0.7076,0.6961,0.0088,0.0011,0.2389,0.5604,0.0087,0.0055,0.0095,0.0814,0.0051,0.0484,0.0034,0.0037,0.0466,0.0432,0.0029,0.0422,0.2618,0.0044,0.0138,0.0254,0.3086,0.135,0.317,2.2764,6,1135717536,1994866144,2,0,116476604,759,756,1,1,0,0,0,0
759,0.0434,1.3062,0.7352,0.0021,0.7328,0.7252,0.0056,0.001,0.2025,0.5538,0.0218,0.011,0.0087,0.1192,0.0052,0.0367,0.0056,0.0051,0.039,0.0346,0.0023,0.0307,0.2602,0.0029,0.0069,0.0272,0.3105,0.2103,0.1683,2.1963,7,1135717536,1994868960,0,0,116476604,760,757,1,1,0,0,0,0
760,0.0426,1.9869,0.821,0.0027,0.8181,0.8028,0.012,0.0014,0.4003,1.1294,0.0121,0.0093,0.0156,0.2403,0.0155,0.0879,0.0114,0.0082,0.1266,0.0715,0.0065,0.0936,0.6199,0.0064,0.0214,0.0333,1.8394,0.8931,0.8111,6.2241,0,1135717536,1994869664,1,0,116476604,761,758,1,1,0,0,0,0
761,0.0598,1.6656,0.774,0.0028,0.7709,0.7605,0.0085,0.001,0.2235,0.7929,0.0096,0.0059,0.0068,0.1146,0.0523,0.1009,0.0204,0.0094,0.0793,0.1002,0.0042,0.0439,0.4389,0.0048,0.0131,0.0338,0.3419,0.2142,0.2069,2.7674,1,1135717536,1994866848,2,0,116476604,762,759,1,1,0,0,0,0
762,0.0401,1.4681,0.6944,0.0024,0.6915,0.6846,0.005,0.0009,0.2931,0.7546,0.0107,0.0065,0.0139,0.1413,0.0106,0.067,0.0065,0.0067,0.0586,0.0554,0.0039,0.054,0.3763,0.0049,0.0113,0.0186,0.3273,0.1785,0.1986,2.3816,2,1135717536,1994859808,0,0,116476604,763,760,1,1,0,0,0,0
763,0.0507,6.2333,1.8116,0.002,1.8093,1.7521,0.0424,0.0096,1.6941,4.3484,0.0436,0.0247,0.0394,0.6929,0.046,0.5693,0.0187,0.0317,0.3915,0.3185,0.0281,0.3142,2.2864,0.0291,0.0442,0.064,1.4815,0.8232,0.4547,9.493,3,1135717536,1994864736,1,0,116476604,764,761,1,1,0,0,0,0
764,0.0445,1.3253,0.6934,0.0034,0.6898,0.6821,0.0064,0.0008,0.2018,0.6021,0.0078,0.0038,0.0063,0.0915,0.0185,0.0824,0.0051,0.0078,0.0689,0.0439,0.0025,0.0353,0.322,0.0052,0.0137,0.0313,0.3613,0.2349,0.28,2.4649,4,1135717536,1994867552,2,0,116476604,765,762,1,1,0,0,0,0
765,0.0398,1.4174,0.7382,0.002,0.7359,0.7297,0.0049,0.0006,0.1833,0.6456,0.0094,0.0039,0.0076,0.0845,0.0031,0.0917,0.0132,0.0049,0.0866,0.046,0.007,0.0823,0.3911,0.0042,0.0188,0.0269,0.3034,0.1653,0.1784,2.2697,5,1135717536,1994865440,0,0,116476604,766,763,1,1,0,0,0,0
766,0.0397,1.39,0.6665,0.0019,0.6643,0.6563,0.0054,0.0015,0.2063,0.694,0.0094,0.0044,0.0051,0.1965,0.0197,0.0915,0.0075,0.0029,0.0617,0.0324,0.0026,0.0324,0.4145,0.0042,0.0174,0.0257,0.3182,0.2267,0.2782,2.4647,6,1135717536,1994866144,1,0,116476604,767,764,1,1,0,0,0,0
767,0.0387,1.7334,0.6978,0.0022,0.6953,0.6886,0.0051,0.0009,0.2954,1.0075,0.0107,0.0068,0.0132,0.1235,0.0072,0.0683,0.0072,0.0092,0.2788,0.1148,0.0035,0.0474,0.6328,0.0028,0.015,0.0283,0.4786,0.7379,1.0886,4.7142,7,1135717536,1994868960,2,0,116476604,768,765,1,1,0,0,0,0
768,0.0406,1.4623,0.678,0.0023,0.6755,0.668,0.005,0.001,0.2992,0.7654,0.0114,0.0073,0.0132,0.146,0.0109,0.0644,0.0063,0.0052,0.0577,0.0575,0.0042,0.0563,0.3819,0.0056,0.0113,0.018,0.3172,0.1859,0.191,2.3641,0,1135717536,1994869664,0,0,116476604,769,766,1,1,0,0,0,0
769,0.0381,1.446,0.8069,0.0028,0.8039,0.7963,0.0052,0.0015,0.1997,0.6131,0.01,0.0063,0.0077,0.1215,0.0138,0.0537,0.0067,0.0034,0.0648,0.0466,0.002,0.0571,0.3437,0.0042,0.0144,0.0248,0.2495,0.1399,0.75,2.9002,1,1135717536,1994866848,1,0,116476604,770,767,1,1,0,0,0,0
770,0.0475,1.6523,0.7979,0.0056,0.7917,0.784,0.0056,0.001,0.3417,0.8396,0.0119,0.0068,0.0136,0.1771,0.008,0.041,0.0059,0.0038,0.1023,0.0302,0.002,0.0736,0.4242,0.0026,0.0084,0.0145,0.2508,0.1449,0.1582,2.3813,2,1135717536,1994859808,2,0,116476604,771,768,1,1,0,0,0,0
771,0.0484,1.3411,0.8022,0.0036,0.7982,0.7854,0.0105,0.0011,0.1849,0.5039,0.0091,0.005,0.0049,0.0649,0.0034,0.027,0.0027,0.0029,0.0281,0.0832,0.0038,0.068,0.2712,0.0042,0.0183,0.0329,0.4394,0.2048,0.2084,2.4639,3,1135717536,1994864736,0,0,116476604,772,769,1,1,0,0,0,0
772,0.0393,1.2037,0.6926,0.0025,0.6896,0.6829,0.0052,0.0008,0.2333,0.4817,0.0087,0.0042,0.0087,0.0653,0.0037,0.0374,0.0053,0.004,0.032,0.0315,0.0022,0.0296,0.1958,0.0022,0.0191,0.0263,0.3506,0.1254,0.2663,2.1647,4,1135717536,1994867552,1,0,116476604,773,770,1,1,0,0,0,0
773,0.0398,1.3254,0.668,0.0022,0.6656,0.658,0.0051,0.0014,0.3084,0.6351,0.0098,0.006,0.0096,0.13,0.0055,0.0438,0.0047,0.0037,0.0321,0.0291,0.0022,0.0291,0.2641,0.0036,0.0119,0.0268,0.2413,0.1552,0.2314,2.1601,5,1135717536,1994865440,2,0,116476604,774,771,1,1,0,0,0,0
774,0.0391,1.6344,0.681,0.0022,0.6783,0.6712,0.0048,0.0015,0.3283,0.9326,0.0114,0.01,0.0173,0.1957,0.0093,0.1012,0.008,0.0052,0.1008,0.059,0.0041,0.0577,0.5144,0.0048,0.0114,0.0181,0.3334,0.3446,0.7742,4.0177,6,1135717536,1994866144,0,0,116476604,775,772,1,1,0,0,0,0
775,0.0401,1.1733,0.6676,0.0021,0.6653,0.6593,0.0042,0.0009,0.2054,0.4756,0.008,0.0035,0.0049,0.0632,0.0034,0.0461,0.0051,0.0044,0.0495,0.032,0.002,0.029,0.2198,0.0035,0.0179,0.0276,0.2609,0.1391,0.189,1.9633,7,1135717536,1994868960,1,0,116476604,776,773,1,1,0,0,0,0
776,0.0529,1.6392,0.8911,0.0042,0.8866,0.8792,0.0053,0.001,0.2088,0.715,0.0071,0.004,0.0065,0.1343,0.005,0.08,0.0149,0.0094,0.1013,0.0597,0.0042,0.056,0.4313,0.0069,0.0192,0.0299,0.2849,0.2325,0.1831,2.5906,0,1135717536,1994869664,2,0,116476604,777,774,1,1,0,0,0,0
777,0.0392,1.5656,0.683,0.0022,0.6806,0.6728,0.0058,0.0007,0.2984,0.8639,0.0107,0.0064,0.0126,0.1518,0.0109,0.0725,0.0059,0.0062,0.0613,0.0586,0.0045,0.1354,0.4796,0.0055,0.0115,0.0191,0.3463,0.2104,0.2763,2.6188,1,1135717536,1994866848,0,0,116476604,778,775,1,1,0,0,0,0
778,0.049,1.3764,0.8544,0.0034,0.8507,0.8429,0.0056,0.0013,0.2147,0.4941,0.0087,0.0046,0.0054,0.0837,0.0033,0.0474,0.0062,0.0039,0.0347,0.0295,0.0028,0.0297,0.225,0.0034,0.015,0.0235,0.3051,0.1543,0.1243,2.1603,2,1135717536,1994859808,1,0,116476604,779,776,1,1,0,0,0,0
779,0.0402,1.2106,0.6796,0.0023,0.6771,0.6695,0.0059,0.0008,0.2346,0.5032,0.0084,0.0042,0.0085,0.0674,0.0068,0.0422,0.0056,0.004,0.0376,0.0303,0.0023,0.032,0.2095,0.0045,0.0182,0.026,0.3055,0.2104,0.1844,2.1399,3,1135717536,1994864736,2,0,116476604,780,777,1,1,0,0,0,0
780,0.0463,1.2076,0.6922,0.0024,0.6891,0.6799,0.0071,0.001,0.2178,0.4816,0.0086,0.0058,0.0073,0.0713,0.0042,0.0401,0.0044,0.0029,0.035,0.0327,0.0019,0.0317,0.2108,0.0035,0.0174,0.0367,0.3934,0.7821,0.7586,3.873,4,1135717536,1994867552,0,0,116476604,781,778,1,1,0,0,0,0
781,0.0388,1.1766,0.6478,0.0022,0.6454,0.6377,0.0058,0.0012,0.1944,0.5135,0.0085,0.0079,0.0114,0.1213,0.0046,0.0393,0.0037,0.0048,0.0352,0.0342,0.0021,0.0301,0.2601,0.0026,0.0093,0.0132,0.2131,0.1437,0.1915,1.8925,5,1135717536,1994865440,1,0,116476604,782,779,1,1,0,0,0,0
782,0.0392,1.6974,0.7109,0.0022,0.7085,0.7015,0.0054,0.001,0.2408,0.9626,0.0078,0.0046,0.0073,0.2519,0.0226,0.1006,0.0095,0.01,0.0872,0.1039,0.0078,0.0842,0.6278,0.0064,0.0152,0.0199,0.3226,0.1736,0.2245,2.6291,6,1135717536,1994866144,2,0,116476604,783,780,1,1,0,0,0,0
783,0.0399,1.1501,0.6727,0.0021,0.6704,0.6642,0.0045,0.0007,0.1978,0.4519,0.0084,0.0047,0.0069,0.07,0.0046,0.0377,0.004,0.0032,0.0336,0.0307,0.0021,0.031,0.203,0.0034,0.015,0.0275,0.3139,0.2443,0.2869,2.2489,7,1135717536,1994868960,0,0,116476604,784,781,1,1,0,0,0,0
784,0.0392,1.1495,0.6604,0.0026,0.6575,0.6504,0.0054,0.0009,0.2059,0.4563,0.008,0.0051,0.0071,0.0646,0.0035,0.0348,0.0047,0.0047,0.0353,0.0322,0.0024,0.0305,0.1974,0.0033,0.0198,0.0287,0.3069,0.2005,0.175,2.0435,0,1135717536,1994869664,1,0,116476604,785,782,1,1,0,0,0,0
785,0.0386,1.5013,0.7185,0.0022,0.7161,0.7072,0.0071,0.0008,0.2984,0.7537,0.0103,0.0072,0.0126,0.133,0.0097,0.0635,0.0059,0.0063,0.0606,0.0564,0.0041,0.0566,0.3701,0.0055,0.0181,0.0179,0.3403,0.1831,0.2534,2.4948,1,1135717536,1994866848,2,0,116476604,786,783,1,1,0,0,0,0
786,0.0379,1.4812,0.6907,0.0026,0.6876,0.6793,0.0062,0.0009,0.3023,0.7724,0.0117,0.0064,0.0135,0.146,0.0107,0.0667,0.0058,0.0055,0.061,0.058,0.0042,0.055,0.3867,0.0048,0.0108,0.0208,0.3457,0.2118,0.1922,2.4585,2,1135717536,1994859808,0,0,116476604,787,784,1,1,0,0,0,0
787,0.0501,1.2122,0.6349,0.0022,0.6323,0.6238,0.0062,0.0012,0.2015,0.5489,0.0082,0.005,0.0079,0.1397,0.0051,0.0403,0.0047,0.0064,0.0403,0.0353,0.0022,0.033,0.2886,0.0035,0.0203,0.0143,0.4024,0.2264,0.1994,2.2679,3,1135717536,1994864736,1,0,116476604,788,785,1,1,0,0,0,0
788,0.0448,1.5791,0.6874,0.0022,0.6849,0.6771,0.0058,0.001,0.3026,0.8734,0.0111,0.0064,0.0139,0.15,0.0096,0.0712,0.0056,0.006,0.0595,0.0697,0.0033,0.1369,0.4873,0.0053,0.0106,0.0186,0.3435,0.2187,0.1955,2.565,4,1135717536,1994867552,2,0,116476604,789,786,1,1,0,0,0,0
789,0.0399,2.1012,0.6603,0.0023,0.6578,0.6495,0.0063,0.0009,0.3978,1.3657,0.0245,0.0131,0.0214,0.2204,0.0092,0.0963,0.0045,0.0101,0.0755,0.1608,0.0204,0.2446,0.7976,0.0219,0.0469,0.0646,1.3043,0.8969,0.6516,5.6336,5,1135717536,1994865440,0,0,116476604,790,787,1,1,0,0,0,0
790,0.0474,1.3238,0.8722,0.0032,0.8687,0.8612,0.0057,0.0009,0.1963,0.4272,0.0081,0.0049,0.0058,0.0662,0.0033,0.0309,0.0027,0.0029,0.0288,0.0299,0.0023,0.0295,0.1853,0.003,0.0126,0.0277,0.32,0.2066,0.336,2.4291,6,1135717536,1994866144,1,0,116476604,791,788,1,1,0,0,0,0
791,0.0418,1.5261,0.6635,0.0024,0.6609,0.654,0.0053,0.0007,0.3282,0.8366,0.0175,0.0141,0.016,0.1519,0.0083,0.0741,0.0064,0.0058,0.0638,0.0595,0.0044,0.058,0.4073,0.0051,0.0166,0.0245,0.3763,0.2199,0.172,2.5226,7,1135717536,1994868960,2,0,116476604,792,789,1,1,0,0,0,0
792,0.0388,1.4963,0.7075,0.0026,0.7048,0.6962,0.0061,0.0013,0.3,0.7652,0.0114,0.0071,0.0123,0.1377,0.0101,0.0655,0.0057,0.006,0.0622,0.0593,0.0041,0.0563,0.381,0.0061,0.0164,0.0179,0.3274,0.2018,0.2519,2.4601,0,1135717536,1994869664,0,0,116476604,793,790,1,1,0,0,0,0
793,0.0392,1.4924,0.6593,0.0022,0.6566,0.6495,0.005,0.0014,0.3343,0.8145,0.0125,0.0076,0.0148,0.1392,0.0079,0.0841,0.0058,0.0065,0.0629,0.0561,0.0039,0.0532,0.3955,0.0043,0.0115,0.0183,0.3222,0.184,0.2599,2.4996,1,1135717536,1994866848,1,0,116476604,794,791,1,1,0,0,0,0
794,0.0394,1.3607,0.6844,0.0024,0.6818,0.6751,0.0053,0.001,0.1819,0.6473,0.0078,0.0041,0.0075,0.0832,0.0124,0.0967,0.006,0.0041,0.0707,0.0597,0.0052,0.0825,0.3928,0.0081,0.016,0.0195,0.3806,0.2668,0.172,2.4188,2,1135717536,1994859808,2,0,116476604,795,792,1,1,0,0,0,0
795,0.0396,1.422,0.7133,0.0022,0.7109,0.7004,0.0079,0.0013,0.2549,0.6887,0.0087,0.0052,0.0098,0.1527,0.0107,0.0672,0.0084,0.0083,0.0448,0.0551,0.0025,0.0395,0.3593,0.0059,0.011,0.017,0.3067,0.2171,0.1439,2.2801,3,1135717536,1994864736,0,0,116476604,796,793,1,1,0,0,0,0
796,0.0439,1.6358,0.8793,0.0031,0.8759,0.8675,0.0067,0.001,0.249,0.7324,0.0156,0.0074,0.0111,0.1818,0.0124,0.0577,0.0043,0.003,0.0392,0.081,0.0022,0.0418,0.4015,0.0038,0.0145,0.0196,0.3552,0.2087,0.2621,2.702,4,1135717536,1994867552,1,0,116476604,797,794,1,1,0,0,0,0
797,0.0384,1.526,0.6732,0.0028,0.6702,0.6637,0.0048,0.0007,0.3421,0.8304,0.0114,0.0065,0.0149,0.1428,0.0076,0.0879,0.0092,0.0061,0.0624,0.055,0.0041,0.054,0.4021,0.005,0.0127,0.0208,0.3477,0.1955,0.1921,2.5455,5,1135717536,1994865440,2,0,116476604,798,795,1,1,0,0,0,0
798,0.0379,1.446,0.6683,0.0022,0.6658,0.6584,0.0057,0.0007,0.2997,0.7584,0.0103,0.0065,0.0134,0.1328,0.0077,0.0763,0.0066,0.0053,0.0617,0.0546,0.0042,0.0536,0.379,0.0048,0.0119,0.0174,0.3342,0.2195,0.2076,2.4243,6,1135717536,1994866144,0,0,116476604,799,796,1,1,0,0,0,0
799,0.0382,1.1739,0.6432,0.002,0.641,0.6328,0.0066,0.0007,0.2022,0.4939,0.0083,0.0046,0.0071,0.0679,0.0053,0.0539,0.0076,0.0063,0.0446,0.0348,0.0024,0.0322,0.2334,0.0033,0.0228,0.041,0.3196,0.2574,0.2019,2.1915,7,1135717536,1994868960,1,0,116476604,800,797,1,1,0,0,0,0
800,0.0398,1.9601,0.6785,0.0024,0.676,0.6695,0.0048,0.0009,0.3255,1.248,0.0121,0.0075,0.0144,0.2188,0.0074,0.3524,0.0092,0.0054,0.1267,0.0665,0.0026,0.0649,0.8293,0.0146,0.0222,0.0237,0.6112,0.3777,0.8204,4.1156,0,1135717536,1994869664,2,0,116476604,801,798,1,1,0,0,0,0
801,0.0388,1.4987,0.6584,0.002,0.656,0.6492,0.0047,0.0011,0.3029,0.8079,0.0115,0.008,0.0154,0.1692,0.011,0.0683,0.0066,0.0064,0.0623,0.0573,0.0044,0.0566,0.4137,0.0059,0.0211,0.026,0.2963,0.2488,0.3436,2.7161,1,1135717536,1994866848,0,0,116476604,802,799,1,1,0,0,0,0
802,0.042,1.4729,0.7162,0.0031,0.7129,0.7064,0.0048,0.001,0.298,0.7286,0.0093,0.0056,0.0103,0.1199,0.0079,0.0633,0.0065,0.0063,0.0612,0.0577,0.0046,0.0559,0.358,0.0052,0.0172,0.0249,0.3168,0.2158,0.1873,2.3916,2,1135717536,1994859808,1,0,116476604,803,800,1,1,0,0,0,0
803,0.0386,1.4711,0.6771,0.0021,0.6746,0.6679,0.0051,0.001,0.2969,0.7764,0.0104,0.0066,0.0131,0.1674,0.0106,0.0664,0.0062,0.0059,0.0569,0.0551,0.0041,0.0525,0.3983,0.0046,0.0099,0.0167,0.3235,0.179,0.3342,2.5326,3,1135717536,1994864736,2,0,116476604,804,801,1,1,0,0,0,0
804,0.0387,1.9237,0.9771,0.0027,0.974,0.9602,0.0111,0.0013,0.3543,0.9173,0.0142,0.0087,0.0161,0.1878,0.0082,0.076,0.0095,0.0123,0.0775,0.0608,0.0075,0.0592,0.4613,0.0046,0.0153,0.0254,1.1893,0.8018,0.7138,5.2463,4,1135717536,1994867552,0,0,116476604,805,802,1,1,0,0,0,0
805,0.0404,1.8986,0.7414,0.0023,0.7389,0.7221,0.0133,0.0019,0.3341,1.1326,0.0122,0.0082,0.0131,0.282,0.0104,0.1424,0.0127,0.0098,0.1,0.0827,0.0088,0.0859,0.693,0.0072,0.0163,0.0229,0.4056,0.3053,0.2804,3.16,5,1135717536,1994865440,1,0,116476604,806,803,1,1,0,0,0,0
806,0.0432,1.8778,0.8294,0.0026,0.8266,0.817,0.0065,0.0017,0.4295,1.017,0.0207,0.011,0.012,0.1892,0.0104,0.0955,0.0035,0.0099,0.0651,0.0729,0.0033,0.0602,0.4829,0.005,0.0175,0.0478,1.719,1.1345,0.8609,6.3115,6,1135717536,1994866144,2,0,116476604,807,804,1,1,0,0,0,0
807,0.0393,1.237,0.7099,0.0021,0.7077,0.7003,0.0047,0.0008,0.171,0.4784,0.0077,0.004,0.0054,0.1092,0.0056,0.0405,0.0046,0.0064,0.0371,0.0336,0.0022,0.033,0.2534,0.0035,0.0293,0.0246,1.1724,0.8894,0.7004,4.6029,7,1135717536,1994868960,0,0,116476604,808,805,1,1,0,0,0,0
808,0.0395,1.1414,0.6573,0.0022,0.6549,0.6481,0.0053,0.0008,0.1898,0.4593,0.0085,0.0046,0.0079,0.0784,0.0049,0.0396,0.0048,0.0045,0.0359,0.0311,0.002,0.0306,0.2156,0.0035,0.0148,0.0288,0.7637,0.7556,0.761,4.1519,0,1135717536,1994869664,1,0,116476604,809,806,1,1,0,0,0,0
809,0.039,1.4845,0.7114,0.002,0.7092,0.7019,0.0054,0.0011,0.2928,0.7442,0.0108,0.0058,0.0133,0.1274,0.0098,0.065,0.0057,0.0062,0.0588,0.0606,0.0043,0.0571,0.3689,0.0053,0.0167,0.0191,0.3403,0.2794,0.2953,2.6632,1,1135717536,1994866848,2,0,116476604,810,807,1,1,0,0,0,0
810,0.0433,1.255,0.7371,0.0025,0.7344,0.7253,0.007,0.001,0.1906,0.4904,0.0075,0.0034,0.006,0.087,0.0103,0.0381,0.0067,0.0043,0.0451,0.0351,0.0017,0.0342,0.2395,0.0056,0.0133,0.0327,0.3654,0.2632,1.118,3.7065,2,1135717536,1994859808,0,0,116476604,811,808,1,1,0,0,0,0
811,0.164,5.0486,2.7957,0.0191,2.7756,2.7421,0.0272,0.0034,0.694,2.1999,0.0276,0.0149,0.0317,0.4539,0.0238,0.2854,0.0196,0.0168,0.1907,0.1728,0.0147,0.1907,1.2935,0.016,0.032,0.0408,0.8193,0.4136,0.3233,7.054,3,1135717536,1994864736,1,0,116476604,812,809,1,1,0,0,0,0
812,0.0536,1.7735,0.7701,0.0057,0.7639,0.7542,0.0068,0.0014,0.3054,0.976,0.0299,0.0142,0.0167,0.1955,0.0077,0.0686,0.0047,0.005,0.1675,0.0868,0.0032,0.042,0.5604,0.0057,0.0161,0.0269,0.4776,0.3153,0.2094,3.0522,4,1135717536,1994867552,2,0,116476604,813,810,1,1,0,0,0,0
813,0.0551,1.6774,0.7971,0.0053,0.7913,0.7807,0.0078,0.0016,0.3316,0.8573,0.0112,0.0066,0.0103,0.177,0.0201,0.0798,0.0094,0.0088,0.0668,0.054,0.0042,0.0525,0.4301,0.0055,0.0142,0.0231,0.3646,0.3388,0.5055,3.3125,5,1135717536,1994865440,0,0,116476604,814,811,1,1,0,0,0,0
814,0.0423,1.3788,0.7747,0.0024,0.772,0.7588,0.0106,0.0015,0.2365,0.5736,0.0097,0.0054,0.0055,0.0672,0.0039,0.0431,0.0026,0.0032,0.0657,0.0528,0.0016,0.061,0.2898,0.0025,0.0178,0.0364,0.5337,0.4311,0.2348,2.871,6,1135717536,1994866144,1,0,116476604,815,812,1,1,0,0,0,0
815,0.04,1.2627,0.6609,0.0019,0.6588,0.6524,0.0046,0.0007,0.3008,0.5769,0.0074,0.0048,0.0054,0.0951,0.0055,0.0389,0.004,0.0042,0.0334,0.0306,0.0019,0.0292,0.2272,0.0028,0.0152,0.0299,0.369,0.3171,0.341,2.6073,7,1135717536,1994868960,2,0,116476604,816,813,1,1,0,0,0,0
816,0.0414,1.6489,0.7033,0.0024,0.7006,0.6924,0.0062,0.0011,0.3115,0.9213,0.0117,0.007,0.0142,0.2118,0.0191,0.09,0.0098,0.0055,0.0771,0.0689,0.0058,0.0573,0.5051,0.0069,0.0149,0.0217,0.3156,0.1912,0.2454,2.6301,0,1135717536,1994869664,0,0,116476604,817,814,1,1,0,0,0,0
817,0.0401,1.6227,0.6983,0.002,0.6961,0.6886,0.0056,0.0008,0.3026,0.8828,0.0117,0.0062,0.0136,0.2171,0.0175,0.0672,0.0067,0.0088,0.0705,0.0654,0.0046,0.0606,0.4808,0.0074,0.0242,0.0387,0.4893,0.3128,0.2185,2.8737,1,1135717536,1994866848,1,0,116476604,818,815,1,1,0,0,0,0
818,0.0418,1.3832,0.6833,0.0021,0.681,0.6742,0.0053,0.0008,0.3009,0.6706,0.0109,0.0059,0.0138,0.159,0.0124,0.0368,0.0035,0.004,0.0333,0.0301,0.0027,0.0305,0.2897,0.0045,0.0166,0.0298,0.4586,0.3726,0.1794,2.7129,2,1135717536,1994859808,2,0,116476604,819,816,1,1,0,0,0,0
819,0.04,1.5852,0.6735,0.0023,0.6707,0.6642,0.005,0.0009,0.3392,0.8887,0.0208,0.0104,0.0179,0.1478,0.0083,0.0694,0.0066,0.0059,0.0617,0.0562,0.0044,0.1058,0.4409,0.0063,0.0133,0.0217,0.3674,0.2355,0.1729,2.5926,3,1135717536,1994864736,0,0,116476604,820,817,1,1,0,0,0,0
820,0.0404,1.2728,0.676,0.0022,0.6736,0.666,0.0055,0.0008,0.1925,0.57,0.0083,0.005,0.007,0.1536,0.0054,0.0579,0.0065,0.0042,0.0481,0.0311,0.0021,0.0295,0.3202,0.0042,0.0153,0.0278,0.2564,0.1526,0.2269,2.1036,4,1135717536,1994867552,1,0,116476604,821,818,1,1,0,0,0,0
821,0.0407,1.5926,0.6645,0.0025,0.6617,0.6536,0.0062,0.0008,0.3366,0.9026,0.0099,0.0075,0.015,0.1348,0.0077,0.0653,0.0059,0.0065,0.0598,0.0539,0.0041,0.1629,0.4767,0.0112,0.0158,0.0226,0.3906,0.2252,0.3057,2.851,5,1135717536,1994865440,2,0,116476604,822,819,1,1,0,0,0,0
822,0.0386,1.4145,0.6728,0.0023,0.6703,0.6635,0.0051,0.0008,0.329,0.7183,0.0109,0.0077,0.0149,0.1309,0.0078,0.0844,0.006,0.0038,0.0377,0.0308,0.0024,0.029,0.3128,0.0035,0.0121,0.0139,0.3496,0.2889,0.3835,2.7335,6,1135717536,1994866144,0,0,116476604,823,820,1,1,0,0,0,0
823,0.0386,1.929,1.0844,0.002,1.0822,1.065,0.0139,0.0013,0.3197,0.8253,0.0124,0.0079,0.0138,0.1638,0.012,0.0685,0.0063,0.0052,0.0654,0.0602,0.0045,0.0587,0.4166,0.0051,0.0117,0.0211,0.3639,0.2338,0.2754,3.0154,7,1135717536,1994868960,1,0,116476604,824,821,1,1,0,0,0,0
824,0.0391,1.2594,0.6896,0.0025,0.6868,0.6792,0.0054,0.0009,0.2109,0.5357,0.0091,0.0089,0.0119,0.122,0.005,0.0381,0.0061,0.0045,0.0342,0.0326,0.0026,0.0304,0.2573,0.0042,0.024,0.014,0.3887,0.1649,0.1337,2.1659,0,1135717536,1994869664,2,0,116476604,825,822,1,1,0,0,0,0
825,0.0414,1.5204,0.675,0.0028,0.672,0.6651,0.0053,0.0008,0.3068,0.7597,0.0116,0.0062,0.0135,0.1382,0.0074,0.0662,0.0068,0.0054,0.0577,0.0563,0.0041,0.0533,0.3717,0.0044,0.0781,0.0197,0.3369,0.2378,0.2346,2.6166,1,1135717536,1994866848,0,0,116476604,826,823,1,1,0,0,0,0
826,0.0408,1.4791,0.7532,0.0024,0.7505,0.7449,0.0039,0.0008,0.2148,0.7155,0.0088,0.0039,0.0072,0.1065,0.009,0.1215,0.0066,0.0137,0.064,0.0762,0.0063,0.0576,0.4258,0.0026,0.0035,0.0143,0.2552,0.1614,0.2007,2.2877,2,1135717536,1994859808,1,0,116476604,827,824,1,1,0,0,0,0
827,0.0451,1.6107,0.8562,0.0035,0.8524,0.839,0.0104,0.0013,0.2138,0.7262,0.008,0.0045,0.007,0.1067,0.0036,0.1148,0.0076,0.0044,0.0897,0.0599,0.007,0.0822,0.4533,0.0035,0.0171,0.0167,0.329,0.2249,0.2553,2.6408,3,1135717536,1994864736,2,0,116476604,828,825,1,1,0,0,0,0
828,0.0409,1.5047,0.681,0.0022,0.6786,0.6684,0.0079,0.0012,0.2429,0.8023,0.0185,0.0093,0.0081,0.1655,0.0067,0.0899,0.0086,0.0039,0.0473,0.1091,0.0031,0.0654,0.4772,0.0037,0.0111,0.0216,0.3251,0.2414,0.3344,2.6701,4,1135717536,1994867552,0,0,116476604,829,826,1,1,0,0,0,0
829,0.056,1.6193,0.6808,0.0022,0.6784,0.6719,0.005,0.0006,0.2112,0.9182,0.0091,0.004,0.0073,0.219,0.0089,0.1164,0.0049,0.0125,0.1502,0.0684,0.0029,0.0814,0.6354,0.0064,0.0108,0.0251,0.412,0.1707,0.2557,2.7218,5,1135717536,1994865440,1,0,116476604,830,827,1,1,0,0,0,0
830,0.0474,1.2883,0.7077,0.0038,0.7035,0.6945,0.0068,0.0011,0.2178,0.5629,0.0234,0.0112,0.0101,0.1052,0.0045,0.0404,0.0048,0.0065,0.039,0.0356,0.0026,0.0317,0.2519,0.0026,0.0096,0.0231,0.3188,0.2282,0.3238,2.4169,6,1135717536,1994866144,2,0,116476604,831,828,1,1,0,0,0,0
831,0.042,1.7264,0.8009,0.0027,0.7979,0.7889,0.007,0.0008,0.2893,0.9044,0.0099,0.0059,0.0093,0.1826,0.0163,0.1123,0.0133,0.0075,0.0799,0.0634,0.0037,0.082,0.5202,0.0088,0.0124,0.0189,0.3787,0.2855,0.281,2.9423,7,1135717536,1994868960,0,0,116476604,832,829,1,1,0,0,0,0
832,0.0408,1.5803,0.6963,0.0023,0.6938,0.6862,0.0055,0.0011,0.3231,0.8528,0.0114,0.0075,0.0133,0.1378,0.0077,0.0683,0.0061,0.0057,0.0579,0.0562,0.004,0.1197,0.4399,0.0123,0.0179,0.0255,0.563,0.5069,1.2626,4.6756,0,1135717536,1994869664,1,0,116476604,833,830,1,1,0,0,0,0
833,0.0399,1.1845,0.6829,0.0024,0.6803,0.6739,0.0046,0.0009,0.2008,0.4716,0.0083,0.0045,0.0071,0.07,0.0047,0.0344,0.0041,0.0048,0.037,0.0428,0.0031,0.0323,0.2165,0.0036,0.0185,0.0302,0.3217,0.1532,0.287,2.1931,1,1135717536,1994866848,2,0,116476604,834,831,1,1,0,0,0,0
834,0.0402,1.096,0.665,0.0023,0.6625,0.6554,0.0054,0.0007,0.1795,0.4069,0.008,0.004,0.0054,0.0606,0.0035,0.0308,0.0025,0.0031,0.0334,0.0309,0.002,0.0291,0.1848,0.0029,0.0135,0.0247,0.3295,0.1927,0.3014,2.1916,2,1135717536,1994859808,0,0,116476604,835,832,1,1,0,0,0,0
835,0.038,1.4861,0.7421,0.0024,0.7394,0.7275,0.0099,0.0011,0.2959,0.7299,0.0165,0.0132,0.0158,0.1541,0.0102,0.0627,0.0061,0.0062,0.0586,0.0383,0.0024,0.0279,0.3416,0.0028,0.0083,0.0136,0.2748,0.2264,0.1492,2.365,3,1135717536,1994864736,1,0,116476604,836,833,1,1,0,0,0,0
836,0.039,1.1295,0.6577,0.0024,0.6551,0.6484,0.0048,0.0007,0.1932,0.4496,0.0084,0.005,0.007,0.0597,0.0035,0.029,0.0042,0.0043,0.0374,0.0389,0.0033,0.0381,0.2031,0.0042,0.0128,0.0293,0.3093,0.3208,0.3804,2.4848,4,1135717536,1994867552,2,0,116476604,837,834,1,1,0,0,0,0
837,0.0407,1.1546,0.6686,0.0025,0.6659,0.6584,0.0056,0.001,0.1982,0.4612,0.0089,0.0051,0.0081,0.0625,0.0036,0.0326,0.0038,0.0037,0.0349,0.0345,0.0023,0.0455,0.21,0.0033,0.0151,0.0293,0.3225,0.255,0.2252,2.2551,5,1135717536,1994865440,0,0,116476604,838,835,1,1,0,0,0,0
838,0.0381,1.5272,0.698,0.0022,0.6956,0.6876,0.0062,0.0009,0.2865,0.7465,0.01,0.0062,0.0132,0.1364,0.008,0.0658,0.0075,0.0055,0.0569,0.0565,0.004,0.0529,0.3685,0.0052,0.011,0.0176,0.324,0.1888,0.3128,2.7393,6,1135717536,1994866144,1,0,116476604,839,836,1,1,0,0,0,0
839,0.0394,1.4994,0.7224,0.0024,0.7193,0.7125,0.0049,0.0009,0.2983,0.7582,0.0107,0.0062,0.0121,0.15,0.01,0.0646,0.0066,0.0054,0.059,0.0525,0.0041,0.053,0.3791,0.0053,0.0102,0.0177,0.3462,0.2427,0.2344,2.5675,7,1135717536,1994868960,2,0,116476604,840,837,1,1,0,0,0,0
840,0.0421,1.4942,0.7462,0.0026,0.7434,0.732,0.009,0.0014,0.2408,0.7325,0.009,0.0052,0.0099,0.1524,0.0125,0.0794,0.0137,0.0096,0.0562,0.0715,0.0053,0.0444,0.4039,0.0057,0.0058,0.0188,0.3218,0.3175,0.307,2.7305,0,1135717536,1994869664,0,0,116476604,841,838,1,1,0,0,0,0
841,0.0389,1.471,0.727,0.0026,0.7241,0.7131,0.0091,0.0011,0.2311,0.7219,0.0087,0.0051,0.01,0.129,0.0155,0.0545,0.0078,0.0098,0.094,0.0718,0.004,0.0565,0.4058,0.0043,0.0146,0.0174,0.4395,0.1899,0.173,2.4624,1,1135717536,1994866848,1,0,116476604,842,839,1,1,0,0,0,0
842,0.0465,1.427,0.695,0.0031,0.6917,0.678,0.0108,0.0015,0.2959,0.7191,0.0158,0.0091,0.0159,0.1549,0.0098,0.0658,0.0053,0.0039,0.0572,0.0317,0.002,0.0283,0.3379,0.0024,0.007,0.0138,0.2185,0.174,0.196,2.2086,2,1135717536,1994859808,2,0,116476604,843,840,1,1,0,0,0,0
843,0.046,1.5045,0.7346,0.0024,0.732,0.7221,0.0074,0.0011,0.2992,0.7455,0.0104,0.0123,0.0121,0.1344,0.0093,0.0602,0.0066,0.0106,0.0672,0.0571,0.0024,0.0388,0.3577,0.0059,0.0125,0.0272,0.4119,0.4263,0.4492,3.3716,3,1135717536,1994864736,0,0,116476604,844,841,1,1,0,0,0,0
844,0.0385,1.1993,0.6415,0.0022,0.639,0.6321,0.0051,0.0008,0.2861,0.5343,0.0088,0.0046,0.0079,0.0662,0.0047,0.0341,0.0045,0.0039,0.0341,0.0296,0.0023,0.0319,0.1959,0.0033,0.0122,0.026,0.3103,0.142,0.1584,2.0005,4,1135717536,1994867552,1,0,116476604,845,842,1,1,0,0,0,0
845,0.0398,1.4108,0.636,0.0023,0.6334,0.6264,0.0053,0.0009,0.2295,0.7456,0.0099,0.005,0.0088,0.0753,0.0063,0.119,0.018,0.007,0.1048,0.0704,0.0061,0.0618,0.4313,0.0062,0.0173,0.0328,0.4675,0.2623,0.3689,2.7741,5,1135717536,1994865440,2,0,116476604,846,843,1,1,0,0,0,0
846,0.04,1.9318,0.6987,0.0139,0.6846,0.6765,0.006,0.001,0.3217,1.197,0.01,0.0065,0.012,0.4333,0.0127,0.1064,0.0033,0.0087,0.0523,0.0672,0.0064,0.1146,0.7738,0.0213,0.0232,0.03,0.5282,0.2673,0.2028,3.1974,6,1135717536,1994866144,0,0,116476604,847,844,1,1,0,0,0,0
847,0.0418,1.5634,0.7348,0.0024,0.7322,0.7252,0.0048,0.001,0.3015,0.8109,0.0104,0.0059,0.013,0.1836,0.0092,0.0785,0.0055,0.0059,0.0589,0.0561,0.0038,0.0528,0.4299,0.0053,0.0115,0.0166,0.3651,0.9635,0.7669,4.9604,7,1135717536,1994868960,1,0,116476604,848,845,1,1,0,0,0,0
848,0.0379,1.9471,0.7059,0.002,0.7037,0.6963,0.0058,0.0007,0.3512,1.2172,0.0114,0.0078,0.0127,0.2653,0.0117,0.1724,0.0101,0.005,0.1181,0.0956,0.002,0.1285,0.7799,0.0077,0.0157,0.0203,0.3627,0.1953,0.1796,2.9664,0,1135717536,1994869664,2,0,116476604,849,846,1,1,0,0,0,0
849,0.045,1.8061,0.7606,0.0025,0.7578,0.7488,0.0067,0.0012,0.291,1.027,0.0097,0.0054,0.0092,0.1578,0.0102,0.0777,0.0066,0.019,0.1032,0.2209,0.0099,0.0798,0.6394,0.0063,0.0107,0.0211,0.3547,0.2783,0.381,3.0882,1,1135717536,1994866848,0,0,116476604,850,847,1,1,0,0,0,0
850,0.0394,1.4383,0.6704,0.0022,0.668,0.661,0.0051,0.001,0.2954,0.749,0.011,0.0062,0.0136,0.1351,0.0078,0.0679,0.0059,0.0054,0.0583,0.0551,0.0039,0.0582,0.3746,0.0048,0.012,0.0826,0.3169,0.215,0.2669,2.6335,2,1135717536,1994859808,1,0,116476604,851,848,1,1,0,0,0,0
851,0.0403,1.3013,0.6883,0.0023,0.6857,0.6785,0.0052,0.0008,0.1965,0.5762,0.0085,0.0041,0.0051,0.0867,0.0056,0.064,0.004,0.0028,0.0662,0.059,0.0018,0.0558,0.3317,0.0027,0.0221,0.0314,0.256,0.171,0.1904,2.136,3,1135717536,1994864736,2,0,116476604,852,849,1,1,0,0,0,0
852,0.04,1.5598,0.6747,0.0024,0.672,0.6625,0.0077,0.001,0.3442,0.8692,0.0143,0.0123,0.016,0.1368,0.008,0.0839,0.0088,0.0062,0.0588,0.0544,0.004,0.0935,0.4274,0.0049,0.0088,0.0148,0.2416,0.1713,0.1496,2.3219,4,1135717536,1994867552,0,0,116476604,853,850,1,1,0,0,0,0
853,0.0524,1.3478,0.6861,0.0023,0.6835,0.6755,0.005,0.0022,0.2971,0.6331,0.0111,0.0065,0.0124,0.1197,0.0131,0.0435,0.0044,0.0031,0.0333,0.0298,0.0023,0.0312,0.2575,0.0062,0.0178,0.0277,0.2617,0.1787,0.3102,2.3479,5,1135717536,1994865440,1,0,116476604,854,851,1,1,0,0,0,0
854,0.0411,1.4504,0.8157,0.0027,0.8128,0.7995,0.0105,0.0014,0.2995,0.609,0.0102,0.0063,0.0132,0.1119,0.0049,0.0325,0.0032,0.0046,0.0315,0.0329,0.0022,0.0318,0.2406,0.0047,0.0097,0.037,0.79,1.0466,0.9586,5.0024,6,1135717536,1994866144,2,0,116476604,855,852,1,1,0,0,0,0
855,0.0391,1.6967,0.7919,0.0021,0.7895,0.7816,0.0058,0.0009,0.3219,0.8757,0.0119,0.0079,0.0144,0.163,0.0109,0.0705,0.0065,0.0067,0.0624,0.0605,0.0043,0.1023,0.4587,0.008,0.0159,0.0294,0.5105,0.319,0.3256,3.2481,7,1135717536,1994868960,0,0,116476604,856,853,1,1,0,0,0,0
856,0.0528,1.5621,0.9073,0.003,0.9041,0.8962,0.0057,0.0009,0.2083,0.6196,0.0085,0.0049,0.0066,0.08,0.0046,0.071,0.0063,0.0105,0.0834,0.0618,0.0087,0.0444,0.3406,0.0048,0.0187,0.03,0.3191,0.3084,0.2728,2.8121,0,1135717536,1994869664,1,0,116476604,857,854,1,1,0,0,0,0
857,0.0394,1.308,0.7012,0.0021,0.6988,0.691,0.0051,0.0015,0.2359,0.5743,0.0109,0.0051,0.0079,0.0645,0.0031,0.1031,0.0114,0.0045,0.0382,0.0314,0.0029,0.0329,0.2701,0.0046,0.0178,0.0271,0.2952,0.1821,0.2384,2.2269,1,1135717536,1994866848,2,0,116476604,858,855,1,1,0,0,0,0
858,0.0409,1.7919,0.6994,0.0023,0.6969,0.689,0.0061,0.001,0.328,1.0687,0.0121,0.0089,0.0149,0.2776,0.0121,0.1729,0.0076,0.0061,0.068,0.0651,0.0043,0.0592,0.6428,0.0088,0.015,0.019,0.4164,0.3522,0.3755,3.2781,2,1135717536,1994859808,0,0,116476604,859,856,1,1,0,0,0,0
859,0.0406,1.7819,0.6907,0.0022,0.6883,0.68,0.0064,0.0009,0.3284,1.0683,0.015,0.0131,0.016,0.3171,0.0125,0.1399,0.0066,0.0058,0.0671,0.0556,0.0045,0.056,0.6357,0.0058,0.0127,0.021,0.3631,0.3949,0.9907,4.3267,3,1135717536,1994864736,1,0,116476604,860,857,1,1,0,0,0,0
860,0.0381,1.7385,0.6941,0.0027,0.6912,0.6828,0.0064,0.0011,0.3024,1.0146,0.0106,0.0055,0.0094,0.1953,0.0214,0.1473,0.0095,0.0072,0.1508,0.0561,0.0052,0.0704,0.6199,0.0045,0.0167,0.0275,0.4161,0.3259,0.3277,3.1127,4,1135717536,1994867552,2,0,116476604,861,858,1,1,0,0,0,0
861,0.0437,1.5668,0.8502,0.0765,0.7733,0.765,0.0061,0.0007,0.1755,0.69,0.0073,0.0052,0.0061,0.1632,0.0064,0.0612,0.0079,0.0078,0.057,0.036,0.0017,0.1358,0.4532,0.0037,0.0148,0.0281,1.6774,1.4089,1.049,6.5832,5,1135717536,1994865440,0,0,116476604,862,859,1,1,0,0,0,0
862,0.0397,2.2522,0.8249,0.0023,0.8224,0.813,0.0075,0.001,0.7706,1.4055,0.021,0.0145,0.0195,0.1677,0.0077,0.124,0.0097,0.0043,0.1162,0.049,0.0077,0.0591,0.516,0.0047,0.0139,0.018,0.3271,0.2427,0.2975,3.4001,6,1135717536,1994866144,1,0,116476604,863,860,1,1,0,0,0,0
863,0.0355,1.5606,0.6753,0.0023,0.6727,0.6653,0.0055,0.0008,0.335,0.8594,0.0103,0.0073,0.0144,0.1555,0.0112,0.072,0.0061,0.0058,0.0649,0.0597,0.0046,0.0842,0.4363,0.0077,0.0182,0.0196,0.2958,0.198,0.2991,2.5985,7,1135717536,1994868960,2,0,116476604,864,861,1,1,0,0,0,0
864,0.0513,1.7223,0.8022,0.0033,0.7986,0.7883,0.0075,0.0012,0.2878,0.8934,0.0248,0.0061,0.009,0.206,0.0171,0.0954,0.0075,0.0083,0.075,0.0642,0.0044,0.0586,0.4992,0.0063,0.0163,0.0227,0.4482,0.2924,0.3581,3.1114,0,1135717536,1994869664,0,0,116476604,865,862,1,1,0,0,0,0
865,0.0385,1.8279,0.6702,0.0022,0.6678,0.6602,0.0059,0.0007,0.4394,1.1228,0.0249,0.0172,0.0153,0.2428,0.0063,0.0799,0.0051,0.0082,0.079,0.0692,0.0037,0.0844,0.5553,0.0125,0.021,0.0283,0.4177,0.2709,0.3896,3.2769,1,1135717536,1994866848,1,0,116476604,866,863,1,1,0,0,0,0
866,0.0402,1.2503,0.6629,0.0022,0.6605,0.6542,0.0046,0.0008,0.1899,0.5498,0.0076,0.0048,0.0075,0.0632,0.0034,0.0328,0.0039,0.0231,0.0352,0.0581,0.0074,0.0898,0.2791,0.0077,0.0214,0.0387,0.4214,0.3065,0.2406,2.5227,2,1135717536,1994859808,2,0,116476604,867,864,1,1,0,0,0,0
867,0.0388,1.4871,0.8105,0.0028,0.8075,0.8008,0.0046,0.0012,0.2349,0.6478,0.0083,0.0055,0.0054,0.068,0.0036,0.0293,0.0046,0.0156,0.0832,0.1013,0.0054,0.0608,0.3426,0.0061,0.0135,0.0316,0.6434,0.9538,0.8945,4.8616,3,1135717536,1994864736,0,0,116476604,868,865,1,1,0,0,0,0
868,0.0416,1.667,0.6763,0.002,0.6738,0.6682,0.0039,0.0007,0.3922,0.9665,0.0186,0.0093,0.0166,0.1505,0.0083,0.093,0.0064,0.0054,0.0653,0.0773,0.0081,0.0774,0.4635,0.0062,0.0134,0.0211,0.277,0.2475,0.2726,2.7404,4,1135717536,1994867552,1,0,116476604,869,866,1,1,0,0,0,0
869,0.0392,1.4856,0.6505,0.0021,0.6478,0.6411,0.0051,0.0009,0.3304,0.8216,0.0114,0.0068,0.0164,0.1709,0.0124,0.0697,0.0056,0.0058,0.0628,0.0604,0.0046,0.0408,0.4046,0.0029,0.0078,0.0143,0.2581,0.2272,0.1753,2.4453,5,1135717536,1994865440,2,0,116476604,870,867,1,1,0,0,0,0
870,0.0441,2.0107,0.7903,0.0022,0.7877,0.7802,0.0056,0.0008,0.3432,1.19,0.0115,0.0088,0.0157,0.252,0.0159,0.1668,0.0084,0.0102,0.1315,0.0939,0.007,0.0921,0.7363,0.0084,0.0184,0.028,0.4878,0.409,0.6006,3.9078,6,1135717536,1994866144,0,0,116476604,871,868,1,1,0,0,0,0
871,0.0379,1.3824,0.6382,0.0022,0.6358,0.6242,0.0093,0.0009,0.2226,0.7263,0.0085,0.0044,0.0082,0.084,0.0059,0.066,0.0037,0.0218,0.0783,0.1367,0.0038,0.0652,0.4302,0.0035,0.0113,0.0153,0.3112,0.1955,0.1788,2.2954,7,1135717536,1994868960,1,0,116476604,872,869,1,1,0,0,0,0
872,0.0394,1.4731,0.7064,0.0025,0.7037,0.6956,0.0063,0.0009,0.2972,0.7418,0.0108,0.0077,0.0129,0.1197,0.0104,0.0733,0.006,0.0053,0.0587,0.0563,0.0043,0.0545,0.3625,0.0054,0.0166,0.0173,0.357,0.2885,0.38,2.9062,0,1135717536,1994869664,2,0,116476604,873,870,1,1,0,0,0,0
873,0.0402,1.5587,0.6766,0.0025,0.6739,0.6653,0.0066,0.0009,0.3326,0.8618,0.0147,0.0073,0.0154,0.1552,0.0088,0.0965,0.0061,0.0068,0.0682,0.0612,0.0046,0.0588,0.4399,0.0052,0.0123,0.0246,0.3564,0.3973,0.3339,3.1864,1,1135717536,1994866848,0,0,116476604,874,871,1,1,0,0,0,0
874,0.0392,1.6888,0.6912,0.0021,0.6888,0.6822,0.0049,0.0009,0.3403,0.9726,0.011,0.0079,0.0184,0.1466,0.0083,0.0707,0.0064,0.0124,0.168,0.096,0.0076,0.0532,0.5345,0.0043,0.0139,0.0177,0.2444,0.1396,0.1379,2.3859,2,1135717536,1994859808,1,0,116476604,875,872,1,1,0,0,0,0
875,0.0414,1.4608,0.6892,0.0026,0.6863,0.6782,0.0061,0.0011,0.3584,0.7565,0.0112,0.0071,0.0162,0.1358,0.0079,0.0881,0.0061,0.0044,0.0383,0.0295,0.002,0.028,0.3197,0.0029,0.0085,0.0132,0.2356,0.1726,0.3197,2.4525,3,1135717536,1994864736,2,0,116476604,876,873,1,1,0,0,0,0
876,0.0378,1.7773,0.6704,0.002,0.6682,0.6602,0.0058,0.001,0.1958,1.0368,0.008,0.0058,0.0123,0.1514,0.0311,0.2082,0.0051,0.0143,0.1103,0.1191,0.0094,0.1263,0.7153,0.0174,0.0447,0.0601,1.4442,0.8392,0.866,5.8736,4,1135717536,1994867552,0,0,116476604,877,874,1,1,0,0,0,0
877,0.0448,1.8791,0.7857,0.0035,0.7819,0.7688,0.0106,0.0011,0.365,1.0587,0.0133,0.0081,0.0127,0.2769,0.012,0.0958,0.0055,0.0106,0.0658,0.0588,0.0047,0.0965,0.5938,0.0079,0.0231,0.0284,0.4664,0.2347,0.333,3.2139,5,1135717536,1994865440,1,0,116476604,878,875,1,1,0,0,0,0
878,0.041,1.5193,0.7651,0.0023,0.7626,0.7479,0.0123,0.0012,0.3324,0.735,0.0118,0.007,0.0142,0.1615,0.0171,0.051,0.0037,0.0054,0.0374,0.0342,0.0022,0.0302,0.3143,0.0044,0.0133,0.0176,0.2328,0.1442,0.2549,2.3701,6,1135717536,1994866144,2,0,116476604,879,876,1,1,0,0,0,0
879,0.0395,1.4504,0.7019,0.0024,0.6993,0.6913,0.0061,0.0011,0.3585,0.7233,0.0166,0.0086,0.0172,0.1469,0.0166,0.0323,0.0041,0.0043,0.031,0.029,0.0019,0.0285,0.2677,0.0036,0.0151,0.0242,0.235,0.1561,0.1635,2.2034,7,1135717536,1994868960,0,0,116476604,880,877,1,1,0,0,0,0
880,0.0433,1.3765,0.591,0.0035,0.5872,0.58,0.0054,0.0008,0.2549,0.7689,0.0214,0.012,0.0112,0.1303,0.0065,0.054,0.0073,0.005,0.0574,0.1059,0.012,0.0554,0.403,0.0052,0.0038,0.0297,1.3072,1.1297,0.8924,5.544,0,1135717536,1994869664,1,0,116476604,881,878,1,1,0,0,0,0
881,0.0384,1.4127,0.6932,0.0022,0.6908,0.6828,0.0059,0.0012,0.2931,0.6922,0.0106,0.0061,0.0138,0.1226,0.0082,0.0878,0.0062,0.0033,0.0487,0.0336,0.0021,0.0335,0.3262,0.0043,0.0164,0.0265,0.2184,0.1577,0.1202,2.1049,1,1135717536,1994866848,2,0,116476604,882,879,1,1,0,0,0,0
882,0.0417,1.5983,0.6614,0.0025,0.6587,0.6522,0.0047,0.0011,0.2948,0.9128,0.0101,0.0059,0.0093,0.158,0.0107,0.0969,0.004,0.0042,0.07,0.0936,0.0129,0.1043,0.5228,0.0078,0.0152,0.0212,0.3648,0.1877,0.3073,2.7056,2,1135717536,1994859808,0,0,116476604,883,880,1,1,0,0,0,0
883,0.0391,1.8305,0.6966,0.0021,0.6943,0.6849,0.007,0.0011,0.4208,1.1085,0.0142,0.0095,0.0167,0.2588,0.027,0.1197,0.0049,0.006,0.0695,0.0895,0.0048,0.0413,0.5788,0.0047,0.0149,0.0221,0.3169,0.2674,0.2516,2.9322,3,1135717536,1994864736,1,0,116476604,884,881,1,1,0,0,0,0
884,0.0381,1.895,0.7183,0.0021,0.7159,0.7064,0.0074,0.001,0.3454,1.1373,0.0096,0.0053,0.0089,0.1642,0.01,0.1827,0.01,0.0084,0.1093,0.0887,0.007,0.1554,0.7003,0.0128,0.0246,0.0314,0.5202,0.3879,0.1977,3.3178,4,1135717536,1994867552,2,0,116476604,885,882,1,1,0,0,0,0
885,0.0391,1.5349,0.6786,0.0021,0.6762,0.6693,0.005,0.0011,0.3102,0.8305,0.0119,0.0083,0.0177,0.1757,0.0125,0.072,0.0061,0.0063,0.064,0.0572,0.0045,0.0578,0.4267,0.0053,0.0148,0.0256,0.3664,0.2357,0.2335,2.579,5,1135717536,1994865440,0,0,116476604,886,883,1,1,0,0,0,0
886,0.0382,1.7868,0.6803,0.0022,0.6779,0.6702,0.006,0.001,0.3798,1.0806,0.0234,0.0143,0.0187,0.2383,0.0116,0.1399,0.0082,0.0068,0.076,0.0632,0.0043,0.0577,0.5751,0.0056,0.0153,0.0259,0.4038,0.3162,0.249,3.1867,6,1135717536,1994866144,1,0,116476604,887,884,1,1,0,0,0,0
887,0.0448,1.6414,0.7535,0.0024,0.7508,0.7328,0.0152,0.0012,0.3772,0.8657,0.0203,0.0125,0.0162,0.1303,0.0135,0.0519,0.0092,0.0047,0.083,0.0609,0.0036,0.048,0.3741,0.0055,0.0136,0.0211,0.3087,0.3921,0.8701,3.973,7,1135717536,1994868960,2,0,116476604,888,885,1,1,0,0,0,0
888,0.0456,1.4882,0.8287,0.0023,0.8259,0.814,0.0096,0.0014,0.2748,0.6275,0.0098,0.0065,0.0132,0.1303,0.0157,0.0433,0.0051,0.0043,0.0332,0.0316,0.0025,0.0311,0.2695,0.0046,0.0141,0.0366,0.3089,0.2478,0.1652,2.4377,0,1135717536,1994869664,0,0,116476604,889,886,1,1,0,0,0,0
889,0.0505,1.5678,0.7307,0.0056,0.7247,0.7163,0.0063,0.001,0.2921,0.8173,0.01,0.0057,0.0092,0.1954,0.0094,0.0799,0.0053,0.0064,0.0645,0.0561,0.0041,0.0528,0.4487,0.0044,0.0119,0.0172,0.2993,0.2337,0.1755,2.544,1,1135717536,1994866848,1,0,116476604,890,887,1,1,0,0,0,0
890,0.0412,1.5548,0.7413,0.0022,0.7389,0.7314,0.0054,0.0011,0.2085,0.7908,0.0081,0.0044,0.0066,0.1187,0.0101,0.1709,0.0192,0.0082,0.0848,0.0628,0.0049,0.061,0.4982,0.0061,0.0147,0.0208,0.3284,0.2158,0.3131,2.6626,2,1135717536,1994859808,2,0,116476604,891,888,1,1,0,0,0,0
891,0.0401,1.6021,0.654,0.0033,0.6504,0.6432,0.0051,0.0011,0.3543,0.9229,0.016,0.0205,0.0149,0.1474,0.0108,0.0915,0.0078,0.006,0.0716,0.0592,0.0043,0.0848,0.4545,0.0109,0.0159,0.021,0.3833,0.2625,0.3333,2.8545,3,1135717536,1994864736,0,0,116476604,892,889,1,1,0,0,0,0
892,0.0391,1.6803,0.6712,0.0023,0.6685,0.661,0.0057,0.0008,0.2993,0.9768,0.0291,0.0151,0.016,0.1607,0.0074,0.0826,0.0063,0.0065,0.0622,0.129,0.0139,0.1015,0.536,0.0079,0.0201,0.0314,0.4964,0.3269,0.3293,3.0964,4,1135717536,1994867552,1,0,116476604,893,890,1,1,0,0,0,0
893,0.0429,1.5686,0.8326,0.0026,0.8298,0.8207,0.0066,0.0009,0.3169,0.7122,0.01,0.0059,0.0103,0.1168,0.0065,0.1066,0.0086,0.0041,0.039,0.0308,0.0021,0.0304,0.3236,0.0036,0.015,0.0209,0.253,0.1523,0.1791,2.351,5,1135717536,1994865440,2,0,116476604,894,891,1,1,0,0,0,0
894,0.0405,1.4973,0.6992,0.0025,0.6962,0.6882,0.0062,0.001,0.3198,0.7807,0.0107,0.0069,0.0139,0.1397,0.0075,0.0671,0.0068,0.006,0.0601,0.0569,0.0043,0.0543,0.3781,0.0046,0.0102,0.0803,0.5044,0.3703,0.4755,3.3817,6,1135717536,1994866144,0,0,116476604,895,892,1,1,0,0,0,0
895,0.0396,1.4743,0.7058,0.0023,0.7032,0.6956,0.0056,0.0009,0.2966,0.7497,0.0103,0.0064,0.0127,0.1314,0.0077,0.0679,0.0072,0.0069,0.0613,0.0572,0.0044,0.0561,0.3739,0.0044,0.0112,0.017,0.4993,0.9677,0.8234,4.5591,7,1135717536,1994868960,1,0,116476604,896,893,1,1,0,0,0,0
896,0.0444,1.5067,0.8387,0.0027,0.8358,0.8237,0.0093,0.0012,0.2247,0.6349,0.0082,0.0052,0.0076,0.0958,0.0064,0.0625,0.0048,0.0049,0.0616,0.0597,0.0023,0.0709,0.3505,0.0044,0.0199,0.0283,0.2847,0.1922,0.255,2.5072,0,1135717536,1994869664,2,0,116476604,897,894,1,1,0,0,0,0
897,0.0391,1.6306,0.717,0.0031,0.7137,0.7049,0.0063,0.0008,0.2235,0.8833,0.0082,0.0045,0.0071,0.1374,0.0054,0.1112,0.0078,0.0042,0.0496,0.1255,0.0036,0.168,0.5917,0.0127,0.0196,0.0252,0.5003,0.2111,0.2219,2.883,1,1135717536,1994866848,0,0,116476604,898,895,1,1,0,0,0,0
898,0.0425,1.4327,0.6857,0.0021,0.6833,0.6769,0.0044,0.001,0.3129,0.7253,0.0115,0.0073,0.0156,0.1671,0.0196,0.0386,0.0051,0.0044,0.0341,0.0381,0.0038,0.0422,0.3201,0.0053,0.0157,0.0219,0.2535,0.2188,0.3138,2.4749,2,1135717536,1994859808,1,0,116476604,899,896,1,1,0,0,0,0
899,0.0386,1.6461,0.6857,0.0021,0.6834,0.6748,0.0059,0.0017,0.2934,0.9362,0.0097,0.0056,0.0092,0.1713,0.0061,0.1441,0.0151,0.011,0.1129,0.064,0.0051,0.0607,0.553,0.007,0.0158,0.0221,0.4091,0.3179,0.255,2.9628,3,1135717536,1994864736,2,0,116476604,900,897,1,1,0,0,0,0
900,0.081,2.2628,1.0189,0.0078,1.0108,0.9939,0.0131,0.0018,0.3325,1.2071,0.0103,0.0066,0.0089,0.2998,0.0297,0.1149,0.0058,0.0053,0.0626,0.1432,0.0112,0.1401,0.7606,0.0082,0.0211,0.0361,0.6068,0.3768,0.348,3.9949,4,1135717536,1994867552,0,0,116476604,901,898,1,1,0,0,0,0
