frame,ready,disjoint,freq,begin_ts,blt_ts,range_ts,charts_ts,gauge_ts,map_ts,hud_ts,end_ts,read_latency,span_ms,vp_ms,range_ms,charts_ms,gauge_ms,map_ms,hud_ms
0,1,0,1e+08,23413024660560,23413028228154,23413034719296,23413044170104,23413044190264,23413045173473,23413045402341,23413045402401,16,207.418,35.6759,64.9114,94.5081,0.2016,9.83209,2.28868
1,1,0,1e+08,23413050935683,23413055476198,23413055888785,23413055970013,23413055997365,23413056307229,23413056575989,23413056576109,16,56.4043,45.4051,4.12587,0.81228,0.27352,3.09864,2.6876
2,1,0,1e+08,23413059805736,23413061361644,23413070850678,23413077890862,23413077919206,23413078460982,23413079067517,23413079067692,16,192.62,15.5591,94.8903,70.4018,0.28344,5.41776,6.06535
3,1,0,1e+08,23413081664092,23413083509848,23413087440565,23413090576038,23413090599642,23413091515532,23413091770162,23413091770222,16,101.061,18.4576,39.3072,31.3547,0.23604,9.1589,2.5463
4,1,0,1e+08,23413093898915,23413097151455,23413103336854,23413109304135,23413109329287,23413110304761,23413110648400,23413110648612,16,167.497,32.5254,61.854,59.6728,0.25152,9.75474,3.43639
5,1,0,1e+08,23413112727751,23413115753676,23413119099510,23413123657188,23413123679430,23413124495937,23413124749989,23413124750049,16,120.223,30.2593,33.4583,45.5768,0.22242,8.16507,2.54052
6,1,0,1e+08,23413126751051,23413128694386,23413133381436,23413136513095,23413136532591,23413137366241,23413137626017,23413137626077,16,108.75,19.4333,46.8705,31.3166,0.19496,8.3365,2.59776
7,1,0,1e+08,23413139799390,23413142284139,23413146994432,23413151629273,23413151654345,23413151932365,23413152101581,23413152101617,16,123.022,24.8475,47.1029,46.3484,0.25072,2.7802,1.69216
8,1,0,1e+08,23413153479867,23413153709947,23413158408066,23413163081231,23413163111371,23413163667254,23413163827210,23413163827250,16,103.474,2.3008,46.9812,46.7317,0.3014,5.55883,1.59956
9,1,0,1e+08,23413165250095,23413165503652,23413168890506,23413174516742,23413174540342,23413174857228,23413175437269,23413175437434,16,101.873,2.53557,33.8685,56.2624,0.236,3.16886,5.80041
10,1,0,1e+08,23413176662832,23413176904100,23413177148232,23413177283113,23413177300497,23413178272205,23413178499702,23413178499754,16,18.3692,2.41268,2.44132,1.34881,0.17384,9.71708,2.27497
11,1,0,1e+08,23413180073317,23413181051297,23413181416201,23413181579641,23413181599949,23413181887805,23413182072361,23413182072397,16,19.9908,9.7798,3.64904,1.6344,0.20308,2.87856,1.84556
12,1,0,1e+08,23413183554747,23413183858889,23413184252905,23413184339593,23413184420901,23413185204544,23413185447197,23413185447265,16,18.9252,3.04142,3.94016,0.86688,0.81308,7.83643,2.42653
13,1,0,1e+08,23413187097808,23413187813263,23413188304172,23413188460952,23413188484256,23413188806372,23413188965944,23413188965984,16,18.6818,7.15455,4.90909,1.5678,0.23304,3.22116,1.59572
14,1,0,1e+08,23413190534222,23413191147401,23413191749297,23413191898250,23413191920286,23413192253606,23413192422290,23413192422330,16,18.8811,6.13179,6.01896,1.48953,0.22036,3.3332,1.68684
15,1,0,1e+08,23413193911053,23413194430220,23413195108714,23413195258348,23413195281053,23413195622073,23413195837241,23413195837349,16,19.263,5.19167,6.78494,1.49634,0.22705,3.4102,2.15168
16,1,0,1e+08,23413199145899,23413199952704,23413200315502,23413200419642,23413200455606,23413200736754,23413200927082,23413200927118,16,17.8122,8.06805,3.62798,1.0414,0.35964,2.81148,1.90328
17,1,0,1e+08,23413202369733,23413202701853,23413203088527,23413203193171,23413203230411,23413203592534,23413204197907,23413204198003,16,18.2827,3.3212,3.86674,1.04644,0.3724,3.62123,6.05373
18,1,0,1e+08,23413206207940,23413206675182,23413207139628,23413207234308,23413207267232,23413207696612,23413207911248,23413207911296,16,17.0336,4.67242,4.64446,0.9468,0.32924,4.2938,2.14636
19,1,0,1e+08,23413209202422,23413209569406,23413209846574,23413209934262,23413209957922,23413210195278,23413210369830,23413210369858,16,11.6744,3.66984,2.77168,0.87688,0.2366,2.37356,1.74552
20,1,0,1e+08,23413212866277,23413213092513,23413213705763,23413213911133,23413213961448,23413215154277,23413215457292,23413215457360,16,25.9108,2.26236,6.1325,2.0537,0.50315,11.9283,3.03015
21,1,0,1e+08,23413215806763,23413216108591,23413216337891,23413216406323,23413216438207,23413216646415,23413216800075,23413216800103,16,9.9334,3.01828,2.293,0.68432,0.31884,2.08208,1.5366
22,1,0,1e+08,23413218640879,23413218917903,23413226576494,23413232712973,23413232745937,23413233157163,23413233588775,23413233588940,16,149.481,2.77024,76.5859,61.3648,0.32964,4.11226,4.31612
23,1,0,1e+08,23413234758852,23413235143044,23413235532476,23413235623250,23413235653838,23413236598760,23413236831314,23413236831378,16,20.7253,3.84192,3.89432,0.90774,0.30588,9.44922,2.32554
24,1,0,1e+08,23413238276121,23413238633843,23413238998073,23413239119735,23413239238655,23413240136146,23413240388208,23413240388272,16,21.1215,3.57722,3.6423,1.21662,1.1892,8.97491,2.52062
25,1,0,1e+08,23413242023121,23413242705372,23413249826899,23413256007576,23413256032896,23413256348893,23413256746949,23413256747114,16,147.24,6.82251,71.2153,61.8068,0.2532,3.15997,3.98056
26,1,0,1e+08,23413258061847,23413258494380,23413258801384,23413258869712,23413258891180,23413259713480,23413259940320,23413259940380,16,18.7853,4.32533,3.07004,0.68328,0.21468,8.223,2.2684
27,1,0,1e+08,23413261649471,23413261993872,23413262363961,23413262466605,23413262565452,23413263343774,23413263606007,23413263606071,16,19.566,3.44401,3.70089,1.02644,0.98847,7.78322,2.62233
28,1,0,1e+08,23413265160183,23413265430860,23413265833029,23413265923269,23413266008674,23413266505964,23413266673000,23413266673036,16,15.1285,2.70677,4.02169,0.9024,0.85405,4.9729,1.67036
29,1,0,1e+08,23413267534630,23413268311266,23413268711309,23413268788037,23413268807557,23413269189537,23413269363541,23413269363581,16,18.2895,7.76636,4.00043,0.76728,0.1952,3.8198,1.74004
30,1,0,1e+08,23413271291004,23413271504228,23413277911973,23413281029266,23413281052658,23413281406513,23413282010231,23413282010319,16,107.193,2.13224,64.0774,31.1729,0.23392,3.53855,6.03718
31,1,0,1e+08,23413284265881,23413285419261,23413286084667,23413286174667,23413286287984,23413287151131,23413287418520,23413287418584,16,31.527,11.5338,6.65406,0.9,1.13317,8.63147,2.67389
32,1,0,1e+08,23413287560980,23413287908896,23413288163100,23413288230348,23413288247848,23413288466732,23413288612376,23413288612404,16,10.5142,3.47916,2.54204,0.67248,0.175,2.18884,1.45644
33,1,0,1e+08,23413291089586,23413291340306,23413291810183,23413291931410,23413291953486,23413292978793,23413293255601,23413293255769,16,21.6618,2.5072,4.69877,1.21227,0.22076,10.2531,2.76808
34,1,0,1e+08,23413294392919,23413294651403,23413295279562,23413295484582,23413295534937,23413296423521,23413296644809,23413296644865,16,22.5195,2.58484,6.28159,2.0502,0.50355,8.88584,2.21288
35,1,0,1e+08,23413296970873,23413297859606,23413298241193,23413298411641,23413298433589,23413298729017,23413298889361,23413298889397,16,19.1852,8.88733,3.81587,1.70448,0.21948,2.95428,1.60344
36,1,0,1e+08,23413300349602,23413301821468,23413302042776,23413302135936,23413302171256,23413303084980,23413303328966,23413303329030,16,29.7943,14.7187,2.21308,0.9316,0.3532,9.13724,2.43986
37,1,0,1e+08,23413303572098,23413303850450,23413304085702,23413304164682,23413304239010,23413304451502,23413304618890,23413304618938,16,10.4684,2.78352,2.35252,0.7898,0.74328,2.12492,1.67388
38,1,0,1e+08,23413307395517,23413308235565,23413308625587,23413308703223,23413308722775,23413309053127,23413309233315,23413309233351,16,18.3783,8.40048,3.90022,0.77636,0.19552,3.30352,1.80188
39,1,0,1e+08,23413311079430,23413312054888,23413312417401,23413312487773,23413312583989,23413312858605,23413313004905,23413313004937,16,19.2551,9.75458,3.62513,0.70372,0.96216,2.74616,1.463
40,1,0,1e+08,23413314362869,23413314676519,23413314997239,23413315078267,23413315105331,23413315389383,23413315577403,23413315577435,16,12.1457,3.1365,3.2072,0.81028,0.27064,2.84052,1.8802
41,1,0,1e+08,23413316537762,23413316783998,23413317007518,23413317082342,23413317099858,23413317945333,23413318239332,23413318239396,16,17.0163,2.46236,2.2352,0.74824,0.17516,8.45475,2.93999
42,1,0,1e+08,23413319949379,23413320567141,23413321157377,23413321245753,23413321363793,23413321686181,23413321837517,23413321837553,16,18.8817,6.17762,5.90236,0.88376,1.1804,3.22388,1.51336
43,1,0,1e+08,23413323275878,23413324244980,23413324609194,23413324696298,23413324805046,23413325073790,23413325218430,23413325218462,16,19.4258,9.69102,3.64214,0.87104,1.08748,2.68744,1.4464
44,1,0,1e+08,23413326578769,23413326794289,23413326990269,23413327063501,23413327087625,23413327611542,23413328064889,23413328064977,16,14.8621,2.1552,1.9598,0.73232,0.24124,5.23917,4.53347
45,1,0,1e+08,23413330016941,23413330295957,23413336578495,23413341913621,23413341938657,23413342268241,23413342444845,23413342444881,16,124.279,2.79016,62.8254,53.3513,0.25036,3.29584,1.76604
46,1,0,1e+08,23413344174945,23413345179964,23413345556004,23413345727980,23413345755288,23413346044980,23413346191456,23413346191492,16,20.1655,10.0502,3.7604,1.71976,0.27308,2.89692,1.46476
47,1,0,1e+08,23413347663563,23413348015239,23413348334220,23413348421171,23413348450035,23413348670955,23413348843279,23413348843307,16,11.7974,3.51676,3.18981,0.86951,0.28864,2.2092,1.72324
48,1,0,1e+08,23413349780818,23413350757636,23413351120409,23413351347889,23413351369513,23413351630501,23413351796573,23413351796605,16,20.1579,9.76818,3.62773,2.2748,0.21624,2.60988,1.66072
49,1,0,1e+08,23413353035571,23413353559898,23413354222820,23413354302289,23413354418113,23413354761733,23413354940873,23413354940909,16,19.0534,5.24327,6.62922,0.79469,1.15824,3.4362,1.7914
50,1,0,1e+08,23413356412652,23413356655888,23413362632879,23413368122015,23413368142955,23413368406067,23413368574939,23413368574971,16,121.623,2.43236,59.7699,54.8914,0.2094,2.63112,1.68872
51,1,0,1e+08,23413370371441,23413371072861,23413371661653,23413371843198,23413371871210,23413372196090,23413372413742,23413372413866,16,20.4243,7.0142,5.88792,1.81545,0.28012,3.2488,2.17652
52,1,0,1e+08,23413373895614,23413374895025,23413375250671,23413375340839,23413375374955,23413375718859,23413375894039,23413375894075,16,19.9846,9.99411,3.55646,0.90168,0.34116,3.43904,1.7518
53,1,0,1e+08,23413377193274,23413378189391,23413378536332,23413378624864,23413378660160,23413378995776,23413379215324,23413379215352,16,20.2208,9.96117,3.46941,0.88532,0.35296,3.35616,2.19548
54,1,0,1e+08,23413380662602,23413381503204,23413381907412,23413381991324,23413382015228,23413382400308,23413382585000,23413382585036,16,19.2243,8.40602,4.04208,0.83912,0.23904,3.8508,1.84692
55,1,0,1e+08,23413383972884,23413384872956,23413385231670,23413385318962,23413385341574,23413385718454,23413385921662,23413385921774,16,19.4889,9.00072,3.58714,0.87292,0.22612,3.7688,2.03208
56,1,0,1e+08,23413388794136,23413389210112,23413389972786,23413390058864,23413390192557,23413390589069,23413390780361,23413390780397,16,19.8626,4.15976,7.62674,0.86078,1.33693,3.96512,1.91292
57,1,0,1e+08,23413392189166,23413392582344,23413393020703,23413393089435,23413393129947,23413393312015,23413393459691,23413393459719,16,12.7055,3.93178,4.38359,0.68732,0.40512,1.82068,1.47676
58,1,0,1e+08,23413394407708,23413395042177,23413395652273,23413395820458,23413395847426,23413396173354,23413396344382,23413396344418,16,19.3671,6.34469,6.10096,1.68185,0.26968,3.25928,1.71028
59,1,0,1e+08,23413397888430,23413398103408,23413398315248,23413398381992,23413398408936,23413398629180,23413398793004,23413398793040,16,9.0461,2.14978,2.1184,0.66744,0.26944,2.20244,1.63824
60,1,0,1e+08,23413400233896,23413401071535,23413401491633,23413401724533,23413401751153,23413402034645,23413402188625,23413402188657,16,19.5476,8.37639,4.20098,2.329,0.2662,2.83492,1.5398
61,1,0,1e+08,23413403518279,23413404450022,23413404876593,23413405043165,23413405064829,23413405370257,23413405528849,23413405528885,16,20.1061,9.31743,4.26571,1.66572,0.21664,3.05428,1.58592
62,1,0,1e+08,23413406902262,23413407977726,23413408562112,23413408744145,23413408769989,23413409166337,23413409328041,23413409328077,16,24.2582,10.7546,5.84386,1.82033,0.25844,3.96348,1.61704
63,1,0,1e+08,23413410400477,23413411144906,23413411620578,23413411796102,23413411824970,23413412129222,23413412295706,23413412295746,16,18.9527,7.44429,4.75672,1.75524,0.28868,3.04252,1.66484
64,1,0,1e+08,23413413675643,23413414274129,23413414862748,23413415029085,23413415055957,23413415380793,23413415543825,23413415543865,16,18.6822,5.98486,5.88619,1.66337,0.26872,3.24836,1.63032
65,1,0,1e+08,23413417038475,23413417828540,23413418261169,23413418418645,23413418447977,23413418801845,23413419022713,23413419022881,16,19.8441,7.90065,4.32629,1.57476,0.29332,3.53868,2.20868
66,1,0,1e+08,23413420319075,23413420973225,23413421562904,23413421718245,23413421748185,23413422069805,23413422243129,23413422243165,16,19.2409,6.5415,5.89679,1.55341,0.2994,3.2162,1.73324
67,1,0,1e+08,23413423710187,23413424531429,23413429734288,23413433882277,23413433910297,23413434173465,23413434375341,23413434375521,16,106.653,8.21242,52.0286,41.4799,0.2802,2.63168,2.01876
68,1,0,1e+08,23413435948044,23413436296053,23413436522941,23413436591333,23413436608917,23413436912197,23413437060801,23413437060829,16,11.1279,3.48009,2.26888,0.68392,0.17584,3.0328,1.48604
69,1,0,1e+08,23413438488244,23413438800702,23413439302623,23413439404838,23413439478494,23413440277520,23413440546632,23413440546692,16,20.5845,3.12458,5.01921,1.02215,0.73656,7.99026,2.69112
70,1,0,1e+08,23413442323069,23413442946798,23413443208566,23413443286810,23413443306210,23413443592346,23413443777454,23413443777498,16,14.5443,6.23729,2.61768,0.78244,0.194,2.86136,1.85108
71,1,0,1e+08,23413444596874,23413444908566,23413445332492,23413445406016,23413445451460,23413446382412,23413446626470,23413446626650,16,20.2978,3.11692,4.23926,0.73524,0.45444,9.30952,2.44058
72,1,0,1e+08,23413448010878,23413448473856,23413449198600,23413449288176,23413449490340,23413449814244,23413449967444,23413449967480,16,19.566,4.62978,7.24744,0.89576,2.02164,3.23904,1.532
73,1,0,1e+08,23413451368001,23413452176898,23413452593714,23413452675586,23413452810238,23413453109630,23413453251626,23413453251662,16,18.8366,8.08897,4.16816,0.81872,1.34652,2.99392,1.41996
74,1,0,1e+08,23413454793550,23413455137478,23413455949554,23413456039193,23413456180521,23413456533142,23413456691818,23413456691858,16,18.9831,3.43928,8.12076,0.89639,1.41328,3.52621,1.58676
75,1,0,1e+08,23413458234295,23413458464235,23413461714636,23413466919957,23413466945729,23413467273337,23413467432345,23413467432381,16,91.9809,2.2994,32.504,52.0532,0.25772,3.27608,1.59008
76,1,0,1e+08,23413469353880,23413469646763,23413469911727,23413469975847,23413469993971,23413470225963,23413470429531,23413470429559,16,10.7568,2.92883,2.64964,0.6412,0.18124,2.31992,2.03568
77,1,0,1e+08,23413472771278,23413473080742,23413474199949,23413474400677,23413474515577,23413474862986,23413475042082,23413475042114,16,22.7084,3.09464,11.1921,2.00728,1.149,3.47409,1.79096
78,1,0,1e+08,23413475163374,23413475380806,23413475572294,23413475656302,23413475762042,23413476614000,23413476859926,23413476859994,16,16.9662,2.17432,1.91488,0.84008,1.0574,8.51958,2.45926
79,1,0,1e+08,23413478815357,23413479499871,23413479770503,23413479839051,23413479856127,23413480063623,23413480234671,23413480234843,16,14.1949,6.84514,2.70632,0.68548,0.17076,2.07496,1.71048
80,1,0,1e+08,23413481039483,23413481691376,23413482273703,23413482455088,23413482478908,23413482801476,23413482988964,23413482988996,16,19.4951,6.51893,5.82327,1.81385,0.2382,3.22568,1.87488
81,1,0,1e+08,23413485658574,23413485911474,23413486271398,23413486353599,23413486387402,23413487713195,23413488185684,23413488185876,16,25.273,2.529,3.59924,0.82201,0.33803,13.2579,4.72489
82,1,0,1e+08,23413489482434,23413489923698,23413490811760,23413490975189,23413491029833,23413491395817,23413491565905,23413491565945,16,20.8351,4.41264,8.88062,1.63429,0.54644,3.65984,1.70088
83,1,0,1e+08,23413493060513,23413493991768,23413494383941,23413494537345,23413494556233,23413495436048,23413495791608,23413495791816,16,27.313,9.31255,3.92173,1.53404,0.18888,8.79815,3.5556
84,1,0,1e+08,23413496376400,23413496613584,23413496841380,23413496925804,23413496959132,23413498000730,23413498241575,23413498241635,16,18.6524,2.37184,2.27796,0.84424,0.33328,10.416,2.40845
85,1,0,1e+08,23413499767086,23413500139410,23413500412118,23413500504126,23413500534098,23413500774110,23413500952578,23413500952614,16,11.8553,3.72324,2.72708,0.92008,0.29972,2.40012,1.78468
86,1,0,1e+08,23413502291710,23413503114637,23413503516029,23413503611409,23413503646093,23413503965513,23413504178597,23413504178633,16,18.8692,8.22927,4.01392,0.9538,0.34684,3.1942,2.13084
87,1,0,1e+08,23413505985500,23413506540541,23413507090528,23413507283084,23413507309406,23413508262564,23413508484686,23413508484738,16,24.9924,5.55041,5.49987,1.92556,0.26322,9.53158,2.22122
88,1,0,1e+08,23413509000706,23413509293834,23413509565902,23413509643366,23413509670258,23413510236786,23413510456183,23413510456227,16,14.5552,2.93128,2.72068,0.77464,0.26892,5.66528,2.19397
89,1,0,1e+08,23413511272153,23413511493097,23413517170771,23413524429559,23413524463079,23413524692491,23413524872607,23413524872639,16,136.005,2.20944,56.7767,72.5879,0.3352,2.29412,1.80116
90,1,0,1e+08,23413527787330,23413528315279,23413529012644,23413529107517,23413529171177,23413529586837,23413529743525,23413529743569,16,19.5624,5.27949,6.97365,0.94873,0.6366,4.1566,1.56688
91,1,0,1e+08,23413531193738,23413531477567,23413531802436,23413531879588,23413531900800,23413532323066,23413532608469,23413532608557,16,14.1482,2.83829,3.24869,0.77152,0.21212,4.22266,2.85403
92,1,0,1e+08,23413533361357,23413533624621,23413533916085,23413533992177,23413534072541,23413534963358,23413535203986,23413535204050,16,18.4269,2.63264,2.91464,0.76092,0.80364,8.90817,2.40628
93,1,0,1e+08,23413536676480,23413536940577,23413537722004,23413537914110,23413538076174,23413538515885,23413538714149,23413538714189,16,20.3771,2.64097,7.81427,1.92106,1.62064,4.39711,1.98264
94,1,0,1e+08,23413540008260,23413540700078,23413541209021,23413541366989,23413541395193,23413541703881,23413541853009,23413541853045,16,18.4478,6.91818,5.08943,1.57968,0.28204,3.08688,1.49128
95,1,0,1e+08,23413543260333,23413543940965,23413544489820,23413544669816,23413544697312,23413545014608,23413545168032,23413545168068,16,19.0773,6.80632,5.48855,1.79996,0.27496,3.17296,1.53424
96,1,0,1e+08,23413547733104,23413548000940,23413548285636,23413548395146,23413548438766,23413549582461,23413549855805,23413549855957,16,21.2285,2.67836,2.84696,1.0951,0.4362,11.4369,2.73344
97,1,0,1e+08,23413552269358,23413552636472,23413552910720,23413552986452,23413553009544,23413553248992,23413553412416,23413553412448,16,11.4309,3.67114,2.74248,0.75732,0.23092,2.39448,1.63424
98,1,0,1e+08,23413554726110,23413554988586,23413555217790,23413555282286,23413555298762,23413556115786,23413556411676,23413556411828,16,16.8572,2.62476,2.29204,0.64496,0.16476,8.17024,2.9589
99,1,0,1e+08,23413558485974,23413558722562,23413563750729,23413566704299,23413566732075,23413567875062,23413568088466,23413568088518,16,96.0254,2.36588,50.2817,29.5357,0.27776,11.4299,2.13404
100,1,0,1e+08,23413569784076,23413570745087,23413571110734,23413571277034,23413571306154,23413571581142,23413571733362,23413571733398,16,19.4932,9.61011,3.65647,1.663,0.2912,2.74988,1.5222
101,1,0,1e+08,23413573181845,23413573508849,23413573948477,23413574032217,23413574135697,23413574392265,23413574562717,23413574562741,16,13.809,3.27004,4.39628,0.8374,1.0348,2.56568,1.70452
102,1,0,1e+08,23413575357817,23413575761639,23413576055455,23413576127391,23413576153159,23413576384447,23413576540547,23413576540579,16,11.8276,4.03822,2.93816,0.71936,0.25768,2.31288,1.561
103,1,0,1e+08,23413577705341,23413578445877,23413578928934,23413579023374,23413579127122,23413579434766,23413579606298,23413579606334,16,19.0099,7.40536,4.83057,0.9444,1.03748,3.07644,1.71532
104,1,0,1e+08,23413581019839,23413581517442,23413582214761,23413582402422,23413582425742,23413582754514,23413582923878,23413582923914,16,19.0407,4.97603,6.97319,1.87661,0.2332,3.28772,1.69364
105,1,0,1e+08,23413584393836,23413584647989,23413584924062,23413584993226,23413585018222,23413585284126,23413585478722,23413585478766,16,10.8493,2.54153,2.76073,0.69164,0.24996,2.65904,1.94596
106,1,0,1e+08,23413587778477,23413588002321,23413588265061,23413588340417,23413588404529,23413588770069,23413588978829,23413588978877,16,12.004,2.23844,2.6274,0.75356,0.64112,3.6554,2.0876
107,1,0,1e+08,23413589883976,23413590153397,23413590435509,23413590510597,23413590597257,23413590983221,23413591140785,23413591140821,16,12.5685,2.69421,2.82112,0.75088,0.8666,3.85964,1.57564
108,1,0,1e+08,23413591924796,23413592654956,23413593127913,23413593287721,23413593309589,23413593620669,23413593798937,23413593798973,16,18.7418,7.3016,4.72957,1.59808,0.21868,3.1108,1.78268
109,1,0,1e+08,23413595271358,23413596072896,23413596568956,23413596757696,23413596788424,23413597187436,23413597339360,23413597339396,16,20.6804,8.01538,4.9606,1.8874,0.30728,3.99012,1.51924
110,1,0,1e+08,23413598594973,23413599539012,23413599906030,23413600141286,23413600169018,23413600499802,23413600642918,23413600642950,16,20.4798,9.44039,3.67018,2.35256,0.27732,3.30784,1.43116
111,1,0,1e+08,23413601763350,23413602293583,23413602940288,23413603142869,23413603170409,23413603511853,23413603689661,23413603689693,16,19.2634,5.30233,6.46705,2.02581,0.2754,3.41444,1.77808
112,1,0,1e+08,23413605068635,23413605544045,23413606260558,23413606344826,23413606477330,23413606826530,23413606989902,23413606989942,16,19.2131,4.7541,7.16513,0.84268,1.32504,3.492,1.63372
113,1,0,1e+08,23413608575058,23413609537852,23413609915826,23413610007578,23413610043462,23413610387970,23413610547670,23413610547706,16,19.7265,9.62794,3.77974,0.91752,0.35884,3.44508,1.597
114,1,0,1e+08,23413611866201,23413612677027,23413613138556,23413613297348,23413613317808,23413613648336,23413613860548,23413613860672,16,19.9447,8.10826,4.61529,1.58792,0.2046,3.30528,2.12212
115,1,0,1e+08,23413615112490,23413615810211,23413616316001,23413616505673,23413616537937,23413616852657,23413617008945,23413617008985,16,18.965,6.97721,5.0579,1.89672,0.32264,3.1472,1.56288
116,1,0,1e+08,23413618278802,23413618805435,23413619444321,23413619628947,23413619659083,23413619991623,23413620147059,23413620147099,16,18.683,5.26633,6.38886,1.84626,0.30136,3.3254,1.55436
117,1,0,1e+08,23413621761974,23413622249382,23413622859513,23413623013593,23413623040461,23413623369781,23413623529637,23413623529681,16,17.6771,4.87408,6.10131,1.5408,0.26868,3.2932,1.59856
118,1,0,1e+08,23413625130679,23413625784000,23413626303974,23413626496242,23413626522718,23413626832382,23413626996694,23413626996726,16,18.6605,6.53321,5.19974,1.92268,0.26476,3.09664,1.64312
119,1,0,1e+08,23413628343640,23413629200150,23413629611027,23413629754391,23413629779995,23413630079899,23413630229031,23413630229067,16,18.8543,8.5651,4.10877,1.43364,0.25604,2.99904,1.49132
120,1,0,1e+08,23413631858146,23413632675877,23413633094710,23413633242294,23413633275226,23413633565894,23413633740506,23413633740546,16,18.824,8.17731,4.18833,1.47584,0.32932,2.90668,1.74612
121,1,0,1e+08,23413634999157,23413635604059,23413636178397,23413636331447,23413636356627,23413636686067,23413636846959,23413636846999,16,18.4784,6.04902,5.74338,1.5305,0.2518,3.2944,1.60892
122,1,0,1e+08,23413638355193,23413639335545,23413639704573,23413639901453,23413639932509,23413640198861,23413640363845,23413640363881,16,20.0869,9.80352,3.69028,1.9688,0.31056,2.66352,1.64984
123,1,0,1e+08,23413641635865,23413642072942,23413642799536,23413642964001,23413642993041,23413643331889,23413643494529,23413643494569,16,18.587,4.37077,7.26594,1.64465,0.2904,3.38848,1.6264
124,1,0,1e+08,23413644887676,23413645727142,23413646165644,23413646360232,23413646381656,23413646684472,23413646831840,23413646831876,16,19.442,8.39466,4.38502,1.94588,0.21424,3.02816,1.47368
125,1,0,1e+08,23413648101264,23413648748725,23413649294454,23413649544843,23413649573303,23413649866723,23413650018827,23413650018863,16,19.176,6.47461,5.45729,2.50389,0.2846,2.9342,1.52104
126,1,0,1e+08,23413651347574,23413651821046,23413652518558,23413652608566,23413652753170,23413653089718,23413653239450,23413653239486,16,18.9191,4.73472,6.97512,0.90008,1.44604,3.36548,1.49732
127,1,0,1e+08,23413654825167,23413655067059,23413655243843,23413655337003,23413655409023,23413656302008,23413656542457,23413656542625,16,17.1746,2.41892,1.76784,0.9316,0.7202,8.92985,2.40449
128,1,0,1e+08,23413658310917,23413658713334,23413659481292,23413659706222,23413659740702,23413660091706,23413660268022,23413660268062,16,19.5715,4.02417,7.67958,2.2493,0.3448,3.51004,1.76316
129,1,0,1e+08,23413663465346,23413664047363,23413664660821,23413664862866,23413664884206,23413665201154,23413665367554,23413665367594,16,19.0225,5.82017,6.13458,2.02045,0.2134,3.16948,1.664
130,1,0,1e+08,23413666713780,23413667427653,23413667926933,23413668108957,23413668135813,23413668439173,23413668595685,23413668595725,16,18.8194,7.13873,4.9928,1.82024,0.26856,3.0336,1.56512
131,1,0,1e+08,23413669970581,23413670202810,23413670597424,23413670706654,23413670736546,23413671212302,23413671816550,23413671816646,16,18.4606,2.32229,3.94614,1.0923,0.29892,4.75756,6.04248
132,1,0,1e+08,23413673477945,23413674063011,23413674665808,23413674856740,23413674886544,23413675216996,23413675406288,23413675406328,16,19.2838,5.85066,6.02797,1.90932,0.29804,3.30452,1.89292
133,1,0,1e+08,23413676755741,23413677256894,23413677931530,23413678124958,23413678151882,23413678478278,23413678638558,23413678638598,16,18.8286,5.01153,6.74636,1.93428,0.26924,3.26396,1.6028
134,1,0,1e+08,23413679995026,23413680284526,23413680854225,23413680997237,23413681027925,23413681880988,23413682139558,23413682139770,16,21.4474,2.895,5.69699,1.43012,0.30688,8.53063,2.5857
135,1,0,1e+08,23413683578453,23413684588588,23413684960752,23413685062380,23413685099844,23413685441392,23413685609720,23413685609756,16,20.313,10.1014,3.72164,1.01628,0.37464,3.41548,1.68328
136,1,0,1e+08,23413688310168,23413689014590,23413689520086,23413689628338,23413689755550,23413690063370,23413690229770,23413690229810,16,19.1964,7.04422,5.05496,1.08252,1.27212,3.0782,1.664
137,1,0,1e+08,23413693022423,23413693288583,23413694218806,23413694715164,23413694766639,23413695320446,23413695542806,23413695543010,16,25.2059,2.6616,9.30223,4.96358,0.51475,5.53807,2.2236
138,1,0,1e+08,23413696500385,23413697256969,23413697732656,23413697886464,23413697944152,23413698262856,23413698470280,23413698470316,16,19.6993,7.56584,4.75687,1.53808,0.57688,3.18704,2.07424
139,1,0,1e+08,23413701590976,23413702354076,23413702866792,23413703072080,23413703105132,23413703436240,23413703626236,23413703626276,16,20.353,7.631,5.12716,2.05288,0.33052,3.31108,1.89996
140,1,0,1e+08,23413706872855,23413707800228,23413708176929,23413708396005,23413708427209,23413708787317,23413708977709,23413708977741,16,21.0489,9.27373,3.76701,2.19076,0.31204,3.60108,1.90392
141,1,0,1e+08,23413711887804,23413712851881,23413713293230,23413713369902,23413713397466,23413713825566,23413713976662,23413713976702,16,20.889,9.64077,4.41349,0.76672,0.27564,4.281,1.51096
142,1,0,1e+08,23413715192249,23413715773900,23413716057810,23413716586637,23413716620617,23413717209399,23413717400259,23413717400299,16,22.0805,5.81651,2.8391,5.28827,0.3398,5.88782,1.9086
143,1,0,1e+08,23413718369629,23413718997547,23413719578856,23413719745812,23413719766964,23413720095824,23413720275068,23413720275216,16,19.0559,6.27918,5.81309,1.66956,0.21152,3.2886,1.79244
144,1,0,1e+08,23413721869758,23413723298778,23413723769440,23413723859756,23413723990612,23413724310336,23413724558020,23413724558052,16,26.8829,14.2902,4.70662,0.90316,1.30856,3.19724,2.47684
145,1,0,1e+08,23413727200855,23413727431319,23413727749940,23413727895821,23413727946176,23413729278264,23413729496317,23413729496373,16,22.9552,2.30464,3.18621,1.45881,0.50355,13.3209,2.18053
146,1,0,1e+08,23413730783010,23413731679254,23413732061644,23413732287204,23413732316508,23413732607368,23413732813548,23413732813584,16,20.3057,8.96244,3.8239,2.2556,0.29304,2.9086,2.0618
147,1,0,1e+08,23413735838366,23413736705419,23413737115681,23413737208669,23413737236545,23413737683721,23413737879133,23413737879309,16,20.4094,8.67053,4.10262,0.92988,0.27876,4.47176,1.95412
148,1,0,1e+08,23413740150232,23413740415697,23413740627453,23413740723873,23413740751817,23413741393954,23413741860750,23413741860838,16,17.1061,2.65465,2.11756,0.9642,0.27944,6.42137,4.66796
149,1,0,1e+08,23413744433867,23413744837624,23413745113172,23413745214864,23413745310076,23413745569688,23413745796112,23413745796172,16,13.623,4.03757,2.75548,1.01692,0.95212,2.59612,2.26424
150,1,0,1e+08,23413750414266,23413750830991,23413751832734,23413751935612,23413751969688,23413752475106,23413752657286,23413752657326,16,22.4306,4.16725,10.0174,1.02878,0.34076,5.05418,1.8218
151,1,0,1e+08,23413755551797,23413755970732,23413756953358,23413757103592,23413757169548,23413757556776,23413757733312,23413757733356,16,21.8156,4.18935,9.82626,1.50234,0.65956,3.87228,1.76536
152,1,0,1e+08,23413760394210,23413760647910,23413760918283,23413761025919,23413761072279,23413762178426,23413762407000,23413762407064,16,20.1285,2.537,2.70373,1.07636,0.4636,11.0615,2.28574
153,1,0,1e+08,23413765351871,23413765649615,23413765891159,23413765956191,23413765988683,23413766378975,23413766569527,23413766569567,16,12.177,2.97744,2.41544,0.65032,0.32492,3.90292,1.90552
154,1,0,1e+08,23413769340471,23413770301982,23413770678254,23413770778418,23413771274678,23413771508066,23413771704582,23413771704626,16,23.6416,9.61511,3.76272,1.00164,4.9626,2.33388,1.96516
155,1,0,1e+08,23413774608251,23413775523262,23413775895443,23413775977043,23413776088655,23413776371075,23413776528071,23413776528107,16,19.1986,9.15011,3.72181,0.816,1.11612,2.8242,1.56996
156,1,0,1e+08,23413779206394,23413779974324,23413780440710,23413780625146,23413780653930,23413780971814,23413781128318,23413781128358,16,19.2196,7.6793,4.66386,1.84436,0.28784,3.17884,1.56504
157,1,0,1e+08,23413782700769,23413783443926,23413783829065,23413783895165,23413783953317,23413784430192,23413784893762,23413784893850,16,21.9308,7.43157,3.85139,0.661,0.58152,4.76875,4.6357
158,1,0,1e+08,23413785800671,23413786034739,23413786243023,23413786310191,23413786328383,23413786592675,23413786771815,23413786771867,16,9.71196,2.34068,2.08284,0.67168,0.18192,2.64292,1.7914
159,1,0,1e+08,23413788357831,23413788918268,23413789557069,23413789673753,23413789708613,23413790044397,23413790218521,23413790218561,16,18.6073,5.60437,6.38801,1.16684,0.3486,3.35784,1.74124
160,1,0,1e+08,23413791677923,23413792215077,23413792853285,23413792991565,23413793039373,23413793370757,23413793566745,23413793566861,16,18.8894,5.37154,6.38208,1.3828,0.47808,3.31384,1.95988
161,1,0,1e+08,23413796134512,23413796403513,23413796590341,23413796653341,23413796670577,23413796876913,23413797065993,23413797066141,16,9.31629,2.69001,1.86828,0.63,0.17236,2.06336,1.8908
162,1,0,1e+08,23413798356422,23413799202994,23413799614418,23413799757378,23413799780474,23413800104710,23413800283494,23413800283530,16,19.2711,8.46572,4.11424,1.4296,0.23096,3.24236,1.78784
163,1,0,1e+08,23413801616558,23413802225235,23413802857581,23413802991329,23413803015033,23413803360625,23413803554661,23413803554697,16,19.3814,6.08677,6.32346,1.33748,0.23704,3.45592,1.94036
164,1,0,1e+08,23413805048203,23413805875073,23413806298870,23413806458210,23413806482690,23413806774882,23413806948010,23413806948042,16,18.9984,8.2687,4.23797,1.5934,0.2448,2.92192,1.73128
165,1,0,1e+08,23413808311088,23413808757412,23413809435028,23413809586565,23413809625297,23413809961077,23413810116437,23413810116473,16,18.0539,4.46324,6.77616,1.51537,0.38732,3.3578,1.5536
166,1,0,1e+08,23413811620503,23413812309656,23413812819202,23413812940506,23413812979750,23413813294086,23413813445698,23413813445734,16,18.2523,6.89153,5.09546,1.21304,0.39244,3.14336,1.51612
167,1,0,1e+08,23413814755690,23413814991119,23413815814379,23413815919020,23413815993268,23413816390173,23413816560653,23413816560697,16,18.0501,2.35429,8.2326,1.04641,0.74248,3.96905,1.7048
168,1,0,1e+08,23413818035303,23413818337574,23413819160220,23413819242136,23413819304577,23413819685833,23413819862777,23413819862817,16,18.2751,3.02271,8.22646,0.81916,0.62441,3.81256,1.76944
169,1,0,1e+08,23413821337448,23413821998112,23413822518204,23413822656748,23413822679824,23413823003800,23413823190176,23413823190288,16,18.5284,6.60664,5.20092,1.38544,0.23076,3.23976,1.86376
170,1,0,1e+08,23413824576591,23413824807089,23413825623462,23413825727806,23413825835646,23413826232482,23413826421406,23413826421526,16,18.4493,2.30498,8.16373,1.04344,1.0784,3.96836,1.88924
171,1,0,1e+08,23413827823047,23413828340732,23413829028971,23413829117948,23413829180617,23413829552077,23413829711145,23413829711185,16,18.8814,5.17685,6.88239,0.88977,0.62669,3.7146,1.59068
172,1,0,1e+08,23413831087498,23413831894106,23413832350572,23413832486840,23413832515312,23413832839068,23413832984844,23413832984880,16,18.9738,8.06608,4.56466,1.36268,0.28472,3.23756,1.45776
173,1,0,1e+08,23413834295174,23413834609526,23413835416102,23413835524558,23413835587926,23413835993254,23413836164106,23413836164150,16,18.6898,3.14352,8.06576,1.08456,0.63368,4.05328,1.70852
174,1,0,1e+08,23413837732345,23413838162734,23413838902777,23413838992913,23413839073430,23413839431850,23413839602322,23413839602430,16,18.7009,4.30389,7.40043,0.90136,0.80517,3.5842,1.70472
175,1,0,1e+08,23413841056700,23413841313180,23413841560424,23413841636556,23413841690348,23413842622683,23413842874563,23413842874627,16,18.1793,2.5648,2.47244,0.76132,0.53792,9.32335,2.5188
176,1,0,1e+08,23413844381286,23413844946930,23413845569003,23413845716388,23413845765760,23413846101056,23413846286540,23413846286576,16,19.0529,5.65644,6.22073,1.47385,0.49372,3.35296,1.85484
177,1,0,1e+08,23413848326008,23413849186077,23413849639204,23413849794240,23413849817984,23413850145572,23413850337780,23413850337884,16,20.1188,8.60069,4.53127,1.55036,0.23744,3.27588,1.92208
178,1,0,1e+08,23413851642721,23413852342638,23413852869117,23413853011786,23413853055850,23413853380054,23413853569970,23413853570006,16,19.2729,6.99917,5.26479,1.42669,0.44064,3.24204,1.89916
179,1,0,1e+08,23413854941292,23413855357127,23413856102834,23413856195730,23413856266182,23413856618938,23413856797286,23413856797450,16,18.5616,4.15835,7.45707,0.92896,0.70452,3.52756,1.78348
180,1,0,1e+08,23413858272371,23413859158406,23413859549294,23413859689362,23413859717394,23413860004418,23413860173438,23413860173474,16,19.011,8.86035,3.90888,1.40068,0.28032,2.87024,1.6902
181,1,0,1e+08,23413861457397,23413861933371,23413862627872,23413862748213,23413862779281,23413863129493,23413863286605,23413863286645,16,18.2925,4.75974,6.94501,1.20341,0.31068,3.50212,1.57112
182,1,0,1e+08,23413864703715,23413864932489,23413865149245,23413865345258,23413865476683,23413866196185,23413866410922,23413866410974,16,17.0726,2.28774,2.16756,1.96013,1.31425,7.19502,2.14737
183,1,0,1e+08,23413868009419,23413868536955,23413869168101,23413869326486,23413869350810,23413869754582,23413869915754,23413869915794,16,19.0638,5.27536,6.31146,1.58385,0.24324,4.03772,1.61172
184,1,0,1e+08,23413871334683,23413872284213,23413872706609,23413872835393,23413872873109,23413873170065,23413873347601,23413873347701,16,20.1302,9.4953,4.22396,1.28784,0.37716,2.96956,1.77536
185,1,0,1e+08,23413874644871,23413875431857,23413875868480,23413876030228,23413876063048,23413876374544,23413876541688,23413876541724,16,18.9685,7.86986,4.36623,1.61748,0.3282,3.11496,1.67144
186,1,0,1e+08,23413877893682,23413878109902,23413878309606,23413878377666,23413878403342,23413879309924,23413879564961,23413879565129,16,16.7145,2.1622,1.99704,0.6806,0.25676,9.06582,2.55037
187,1,0,1e+08,23413881249892,23413881646708,23413882397630,23413882485059,23413882580000,23413882931600,23413883093500,23413883093544,16,18.4365,3.96816,7.50922,0.87429,0.94941,3.516,1.619
188,1,0,1e+08,23413884511469,23413885473892,23413885837928,23413885969536,23413886008280,23413886273988,23413886426624,23413886426660,16,19.1519,9.62423,3.64036,1.31608,0.38744,2.65708,1.52636
189,1,0,1e+08,23413887988523,23413888723583,23413889229646,23413889344050,23413889365074,23413889687510,23413889854798,23413889854910,16,18.6639,7.3506,5.06063,1.14404,0.21024,3.22436,1.67288
190,1,0,1e+08,23413891172309,23413891877702,23413892413965,23413892551305,23413892580317,23413892930297,23413893105333,23413893105473,16,19.3316,7.05393,5.36263,1.3734,0.29012,3.4998,1.75036
191,1,0,1e+08,23413894367722,23413894609267,23413894789299,23413894846555,23413894868307,23413895522023,23413895935465,23413895935621,16,15.679,2.41545,1.80032,0.57256,0.21752,6.53716,4.13442
192,1,0,1e+08,23413897779646,23413898485425,23413899014252,23413899152828,23413899182212,23413899509588,23413899703020,23413899703172,16,19.2353,7.05779,5.28827,1.38576,0.29384,3.27376,1.93432
193,1,0,1e+08,23413901054442,23413901322876,23413901596824,23413901670832,23413901723936,23413902093112,23413902302524,23413902302656,16,12.4821,2.68434,2.73948,0.74008,0.53104,3.69176,2.09412
194,1,0,1e+08,23413903209427,23413903909607,23413904423712,23413904582080,23413904630340,23413904969256,23413905133744,23413905133784,16,19.2436,7.0018,5.14105,1.58368,0.4826,3.38916,1.64488
195,1,0,1e+08,23413906547710,23413907058725,23413907735857,23413907877042,23413907905927,23413908251303,23413908447919,23413908447959,16,19.0025,5.11015,6.77132,1.41185,0.28885,3.45376,1.96616
196,1,0,1e+08,23413909947227,23413910746429,23413911178725,23413911328725,23413911352045,23413911656381,23413911835465,23413911835645,16,18.8842,7.99202,4.32296,1.5,0.2332,3.04336,1.79084
197,1,0,1e+08,23413913177365,23413913596385,23413914323021,23413914457061,23413914503681,23413914851841,23413915039509,23413915039637,16,18.6227,4.1902,7.26636,1.3404,0.4662,3.4816,1.87668
198,1,0,1e+08,23413916525265,23413917232400,23413917729948,23413917830920,23413917876316,23413918196956,23413918366420,23413918366560,16,18.413,7.07135,4.97548,1.00972,0.45396,3.2064,1.69464
199,1,0,1e+08,23413919804840,23413920023944,23413920788171,23413920940688,23413920965472,23413921345220,23413921514236,23413921514276,16,17.0944,2.19104,7.64227,1.52517,0.24784,3.79748,1.69016
200,1,0,1e+08,23413923099993,23413924065748,23413924430158,23413924577410,23413924620006,23413924894522,23413925060794,23413925060830,16,19.6084,9.65755,3.6441,1.47252,0.42596,2.74516,1.66272
201,1,0,1e+08,23413926225828,23413926486293,23413927049287,23413927239580,23413927320631,23413927776633,23413927970989,23413927971041,16,17.4521,2.60465,5.62994,1.90293,0.81051,4.56002,1.94356
202,1,0,1e+08,23413930476058,23413930835295,23413931095619,23413931181379,23413931224583,23413931461315,23413931662443,23413931662471,16,11.8641,3.59237,2.60324,0.8576,0.43204,2.36732,2.01128
203,1,0,1e+08,23413933193370,23413933544875,23413934299632,23413934434218,23413934473538,23413934825398,23413935013034,23413935013070,16,18.197,3.51505,7.54757,1.34586,0.3932,3.5186,1.87636
204,1,0,1e+08,23413936338761,23413936770608,23413937508990,23413937654158,23413937678226,23413938026939,23413938199343,23413938199487,16,18.6073,4.31847,7.38382,1.45168,0.24068,3.48713,1.72404
205,1,0,1e+08,23413939690620,23413939907930,23413940153134,23413940228698,23413940265254,23413941139534,23413941407895,23413941407955,16,17.1733,2.1731,2.45204,0.75564,0.36556,8.7428,2.68361
206,1,0,1e+08,23413943218822,23413944214468,23413944587345,23413944704133,23413944746373,23413945055357,23413945259137,23413945259273,16,20.4045,9.95646,3.72877,1.16788,0.4224,3.08984,2.0378
207,1,0,1e+08,23413946566049,23413947289147,23413947753088,23413947858897,23413947904653,23413948233605,23413948405721,23413948405881,16,18.3983,7.23098,4.63941,1.05809,0.45756,3.28952,1.72116
208,1,0,1e+08,23413949893853,23413950428343,23413951061775,23413951179936,23413951220044,23413951578284,23413951758960,23413951758996,16,18.6514,5.3449,6.33432,1.18161,0.40108,3.5824,1.80676
209,1,0,1e+08,23413953388248,23413954216216,23413954676249,23413954769485,23413954806309,23413955146381,23413955328109,23413955328249,16,19.4,8.27968,4.60033,0.93236,0.36824,3.40072,1.81728
210,1,0,1e+08,23413956874821,23413957112105,23413957368913,23413957450117,23413957527377,23413958120906,23413958539552,23413958539648,16,16.6483,2.37284,2.56808,0.81204,0.7726,5.93529,4.18646
211,1,0,1e+08,23413960150348,23413960413652,23413960719076,23413960795992,23413960884924,23413961197060,23413961366512,23413961366544,16,12.162,2.63304,3.05424,0.76916,0.88932,3.12136,1.69452
212,1,0,1e+08,23413962351268,23413962634458,23413962894366,23413962962210,23413962982442,23413963260718,23413963475886,23413963475926,16,11.2466,2.8319,2.59908,0.67844,0.20232,2.78276,2.15168
213,1,0,1e+08,23413964671415,23413965406035,23413965957575,23413966134785,23413966160765,23413966508217,23413966669529,23413966669569,16,19.9815,7.3462,5.5154,1.7721,0.2598,3.47452,1.61312
214,1,0,1e+08,23413968333876,23413968703323,23413969197204,23413969294993,23413969398857,23413969793457,23413969982345,23413969982385,16,16.4851,3.69447,4.93881,0.97789,1.03864,3.946,1.88888
215,1,0,1e+08,23413970528131,23413971158714,23413971773101,23413971866930,23413971920410,23413972262006,23413972440462,23413972440498,16,19.1237,6.30583,6.14387,0.93829,0.5348,3.41596,1.78456
216,1,0,1e+08,23413974068146,23413974829225,23413975303884,23413975392445,23413975463805,23413975803205,23413975957049,23413975957089,16,18.8894,7.61079,4.74659,0.88561,0.7136,3.394,1.53844
217,1,0,1e+08,23413977610351,23413977832096,23413978062184,23413978148056,23413978173336,23413978918387,23413979340900,23413979341132,16,17.3078,2.21745,2.30088,0.85872,0.2528,7.45051,4.22513
218,1,0,1e+08,23413981072262,23413981868250,23413982298397,23413982426397,23413982468165,23413982776169,23413982939825,23413982939961,16,18.677,7.95988,4.30147,1.28,0.41768,3.08004,1.63656
219,1,0,1e+08,23413984753108,23413985381748,23413985915330,23413986090471,23413986135567,23413986481299,23413986637795,23413986637831,16,18.8472,6.2864,5.33582,1.75141,0.45096,3.45732,1.56496
220,1,0,1e+08,23413988033433,23413988305402,23413989052195,23413989230886,23413989257354,23413989690593,23413989869653,23413989869701,16,18.3627,2.71969,7.46793,1.78691,0.26468,4.33239,1.7906
221,1,0,1e+08,23413991463966,23413991870817,23413992611239,23413992749932,23413992774492,23413993126400,23413993290016,23413993290060,16,18.2609,4.06851,7.40422,1.38693,0.2456,3.51908,1.63616
222,1,0,1e+08,23413994754595,23413995372257,23413995911749,23413996026713,23413996052837,23413996383837,23413996561885,23413996562033,16,18.0744,6.17662,5.39492,1.14964,0.26124,3.31,1.78048
223,1,0,1e+08,23413997914312,23413998128825,23413998967828,23413999062318,23413999122234,23413999514823,23413999705071,23413999705195,16,17.9088,2.14513,8.39003,0.9449,0.59916,3.92589,1.90248
224,1,0,1e+08,23414001191721,23414001404201,23414002008623,23414002171041,23414002285677,23414002719803,23414002919219,23414002919263,16,17.2754,2.1248,6.04422,1.62418,1.14636,4.34126,1.99416
225,1,0,1e+08,23414004496328,23414004709476,23414011642950,23414017155693,23414017182149,23414017937525,23414018278720,23414018278784,16,137.825,2.13148,69.3347,55.1274,0.26456,7.55376,3.41195
226,1,0,1e+08,23414019997913,23414021018944,23414021698545,23414021905518,23414021942026,23414022268506,23414022410802,23414022410834,16,24.1292,10.2103,6.79601,2.06973,0.36508,3.2648,1.42296
227,1,0,1e+08,23414022442170,23414022644186,23414022859238,23414022933198,23414022953562,23414023216836,23414023774772,23414023774947,16,13.3278,2.02016,2.15052,0.7396,0.20364,2.63274,5.57936
228,1,0,1e+08,23414025568598,23414026115426,23414026767889,23414026857937,23414026912245,23414027272837,23414027436069,23414027436109,16,18.6751,5.46828,6.52463,0.90048,0.54308,3.60592,1.63232
229,1,0,1e+08,23414028937374,23414029757244,23414030189212,23414030315204,23414030356844,23414030669152,23414030826692,23414030826728,16,18.8935,8.1987,4.31968,1.25992,0.4164,3.12308,1.5754
230,1,0,1e+08,23414032262502,23414032546587,23414032841612,23414032911092,23414032937316,23414033215220,23414033396684,23414033396716,16,11.3421,2.84085,2.95025,0.6948,0.26224,2.77904,1.81464
231,1,0,1e+08,23414034402842,23414034648724,23414034925940,23414035006236,23414035048264,23414035961185,23414036190949,23414036191009,16,17.8817,2.45882,2.77216,0.80296,0.42028,9.12921,2.29764
232,1,0,1e+08,23414037704234,23414037974815,23414038357763,23414038463359,23414038510179,23414038885830,23414039483475,23414039483699,16,17.7946,2.70581,3.82948,1.05596,0.4682,3.75651,5.97645
233,1,0,1e+08,23414040931756,23414041180613,23414041376793,23414041448953,23414041469569,23414042060047,23414042541766,23414042541922,16,16.1017,2.48857,1.9618,0.7216,0.20616,5.90478,4.81719
234,1,0,1e+08,23414044390376,23414044602148,23414044817404,23414044887760,23414044909488,23414045855386,23414046116926,23414046117082,16,17.2671,2.11772,2.15256,0.70356,0.21728,9.45898,2.6154
235,1,0,1e+08,23414047752898,23414048168956,23414048911312,23414049036944,23414049080296,23414049432620,23414049606608,23414049606720,16,18.5382,4.16058,7.42356,1.25632,0.43352,3.52324,1.73988
236,1,0,1e+08,23414051247436,23414051939462,23414052473900,23414052600924,23414052649632,23414053008128,23414053180588,23414053180628,16,19.3319,6.92026,5.34438,1.27024,0.48708,3.58496,1.7246
237,1,0,1e+08,23414054702613,23414054933981,23414055764053,23414055920176,23414055945904,23414056358860,23414056536452,23414056536496,16,18.3388,2.31368,8.30072,1.56123,0.25728,4.12956,1.77592
238,1,0,1e+08,23414058078021,23414058416371,23414059191934,23414059314658,23414059355816,23414059715437,23414059894333,23414059894465,16,18.1644,3.3835,7.75563,1.22724,0.41158,3.59621,1.78896
239,1,0,1e+08,23414061553735,23414062454042,23414062900596,23414062984373,23414063008869,23414063342501,23414063522345,23414063522453,16,19.6872,9.00307,4.46554,0.83777,0.24496,3.33632,1.79844
240,1,0,1e+08,23414064998990,23414065961640,23414066328766,23414066411874,23414066436326,23414066777182,23414066963098,23414066963134,16,19.6414,9.6265,3.67126,0.83108,0.24452,3.40856,1.85916
241,1,0,1e+08,23414068318818,23414069291100,23414069652332,23414069738516,23414069760460,23414070110356,23414070276228,23414070276264,16,19.5745,9.72282,3.61232,0.86184,0.21944,3.49896,1.65872
242,1,0,1e+08,23414072657895,23414072945039,23414073159483,23414073245995,23414073275507,23414074152103,23414074468305,23414074468473,16,18.1058,2.87144,2.14444,0.86512,0.29512,8.76596,3.16202
243,1,0,1e+08,23414076897535,23414077426914,23414077756782,23414077839830,23414077871710,23414078148046,23414078335018,23414078335050,16,14.3751,5.29379,3.29868,0.83048,0.3188,2.76336,1.86972
244,1,0,1e+08,23414080938373,23414081203687,23414081394311,23414081467359,23414081486779,23414082016922,23414082607959,23414082608134,16,16.6976,2.65314,1.90624,0.73048,0.1942,5.30143,5.91037
245,1,0,1e+08,23414084426705,23414084822137,23414085598228,23414085738956,23414085784796,23414086143508,23414086310228,23414086310268,16,18.8356,3.95432,7.76091,1.40728,0.4584,3.58712,1.6672
246,1,0,1e+08,23414087887727,23414088611880,23414089128934,23414089270958,23414089289998,23414089608346,23414089764162,23414089764202,16,18.7647,7.24153,5.17054,1.42024,0.1904,3.18348,1.55816
247,1,0,1e+08,23414091195817,23414091418681,23414091882271,23414092088203,23414092264705,23414092773897,23414092983773,23414092983825,16,17.8801,2.22864,4.6359,2.05932,1.76502,5.09192,2.09876
248,1,0,1e+08,23414094538596,23414095275169,23414095818356,23414095905288,23414095977688,23414096301856,23414096494540,23414096494648,16,19.5605,7.36573,5.43187,0.86932,0.724,3.24168,1.92684
249,1,0,1e+08,23414098009741,23414098232561,23414099098813,23414099244657,23414099267781,23414099648337,23414099825609,23414099825721,16,18.1598,2.2282,8.66252,1.45844,0.23124,3.80556,1.77272
250,1,0,1e+08,23414101292438,23414102266313,23414102633590,23414102784090,23414102830558,23414103101254,23414103279566,23414103279670,16,19.8723,9.73875,3.67277,1.505,0.46468,2.70696,1.78312
251,1,0,1e+08,23414104583009,23414104827803,23414105664194,23414105764826,23414105832534,23414106224682,23414106399550,23414106399594,16,18.1659,2.44794,8.36391,1.00632,0.67708,3.92148,1.74868
252,1,0,1e+08,23414107958872,23414108361058,23414109109716,23414109278221,23414109302469,23414109643898,23414109807694,23414109807734,16,18.4886,4.02186,7.48658,1.68505,0.24248,3.41429,1.63796
253,1,0,1e+08,23414111335038,23414111974065,23414112516390,23414112621731,23414112651343,23414112979651,23414113147031,23414113147139,16,18.121,6.39027,5.42325,1.05341,0.29612,3.28308,1.6738
254,1,0,1e+08,23414114465621,23414114707493,23414115017708,23414115226204,23414115357588,23414115996446,23414116225642,23414116225782,16,17.6016,2.41872,3.10215,2.08496,1.31384,6.38858,2.29196
255,1,0,1e+08,23414117819751,23414118023952,23414118359916,23414118566200,23414118684053,23414119330300,23414119548733,23414119548793,16,17.2904,2.04201,3.35964,2.06284,1.17853,6.46247,2.18433
256,1,0,1e+08,23414121292453,23414122173392,23414122569152,23414122675264,23414122714984,23414123011056,23414123162592,23414123162628,16,18.7018,8.80939,3.9576,1.06112,0.3972,2.96072,1.51536
257,1,0,1e+08,23414124477662,23414124717594,23414124997029,23414125205078,23414125361126,23414125987833,23414126212230,23414126212414,16,17.3475,2.39932,2.79435,2.08049,1.56048,6.26707,2.24397
258,1,0,1e+08,23414127811753,23414128747910,23414129118914,23414129253706,23414129298146,23414129573902,23414129735134,23414129735298,16,19.2355,9.36157,3.71004,1.34792,0.4444,2.75756,1.61232
259,1,0,1e+08,23414130929588,23414131788607,23414132244300,23414132397644,23414132427440,23414132744368,23414132907856,23414132908056,16,19.7847,8.59019,4.55693,1.53344,0.29796,3.16928,1.63488
260,1,0,1e+08,23414134207754,23414134474323,23414134735803,23414134813771,23414134861259,23414135796433,23414136017554,23414136017614,16,18.0986,2.66569,2.6148,0.77968,0.47488,9.35174,2.21121
261,1,0,1e+08,23414137561583,23414137810207,23414138676826,23414138773926,23414138835912,23414139231016,23414139414608,23414139414740,16,18.5316,2.48624,8.66619,0.971,0.61986,3.95104,1.83592
262,1,0,1e+08,23414140817612,23414141478537,23414142016933,23414142104905,23414142199417,23414142526129,23414142710025,23414142710169,16,18.9256,6.60925,5.38396,0.87972,0.94512,3.26712,1.83896
263,1,0,1e+08,23414144035626,23414144537794,23414145236636,23414145324100,23414145384609,23414145740605,23414145926637,23414145926785,16,18.9116,5.02168,6.98842,0.87464,0.60509,3.55996,1.86032
264,1,0,1e+08,23414147354527,23414147834136,23414148535281,23414148627214,23414148713726,23414149069030,23414149247310,23414149247462,16,18.9293,4.79609,7.01145,0.91933,0.86512,3.55304,1.7828
265,1,0,1e+08,23414150784469,23414151393734,23414151993258,23414152080522,23414152140491,23414152504183,23414152667555,23414152667595,16,18.8313,6.09265,5.99524,0.87264,0.59969,3.63692,1.63372
266,1,0,1e+08,23414154061561,23414154348295,23414154683812,23414154759488,23414154814892,23414155203056,23414155381116,23414155381260,16,13.197,2.86734,3.35517,0.75676,0.55404,3.88164,1.7806
267,1,0,1e+08,23414156128016,23414156608679,23414157326628,23414157494761,23414157538293,23414157913918,23414158091946,23414158091986,16,19.6397,4.80663,7.17949,1.68133,0.43532,3.75625,1.78028
268,1,0,1e+08,23414159464025,23414159715409,23414159978937,23414160056737,23414160096113,23414160377745,23414160540925,23414160540957,16,10.7693,2.51384,2.63528,0.778,0.39376,2.81632,1.6318
269,1,0,1e+08,23414161818044,23414162679706,23414163066444,23414163147724,23414163177204,23414163532816,23414163674700,23414163674732,16,18.5669,8.61662,3.86738,0.8128,0.2948,3.55612,1.41884
270,1,0,1e+08,23414165204709,23414165664295,23414165993043,23414166092471,23414166129035,23414166476319,23414167067004,23414167067092,16,18.6238,4.59586,3.28748,0.99428,0.36564,3.47284,5.90685
271,1,0,1e+08,23414168067964,23414168337197,23414168540385,23414168616857,23414168641817,23414168953929,23414169137129,23414169137261,16,10.693,2.69233,2.03188,0.76472,0.2496,3.12112,1.832
272,1,0,1e+08,23414170161892,23414170633490,23414171334181,23414171420838,23414171445126,23414171861878,23414172040382,23414172040418,16,18.7853,4.71598,7.00691,0.86657,0.24288,4.16752,1.78504
273,1,0,1e+08,23414173426203,23414173825146,23414174600410,23414174688116,23414174724236,23414175164612,23414175314900,23414175314940,16,18.8874,3.98943,7.75264,0.87706,0.3612,4.40376,1.50288
274,1,0,1e+08,23414176625421,23414177601168,23414177961254,23414178054702,23414178084674,23414178367650,23414178509814,23414178509850,16,18.8443,9.75747,3.60086,0.93448,0.29972,2.82976,1.42164
275,1,0,1e+08,23414179781663,23414180602980,23414181053798,23414181189698,23414181218954,23414181552630,23414181723658,23414181723698,16,19.4203,8.21317,4.50818,1.359,0.29256,3.33676,1.71028
276,1,0,1e+08,23414183032608,23414183825416,23414184234394,23414184339886,23414184368582,23414184674470,23414184861770,23414184861942,16,18.2933,7.92808,4.08978,1.05492,0.28696,3.05888,1.873
277,1,0,1e+08,23414186248917,23414186943476,23414187440472,23414187550164,23414187578292,23414187905748,23414188071396,23414188071540,16,18.2262,6.94559,4.96996,1.09692,0.28128,3.27456,1.65648
278,1,0,1e+08,23414189509450,23414190579688,23414190954885,23414191055229,23414191085917,23414191363101,23414191521337,23414191521373,16,20.1192,10.7024,3.75197,1.00344,0.30688,2.77184,1.58236
279,1,0,1e+08,23414193246876,23414194038838,23414194441775,23414194533179,23414194565095,23414194923175,23414195087063,23414195087095,16,18.4022,7.91962,4.02937,0.91404,0.31916,3.5808,1.63888
280,1,0,1e+08,23414196537978,23414196808810,23414197048630,23414197126130,23414197147654,23414197393942,23414197585398,23414197585430,16,10.4745,2.70832,2.3982,0.775,0.21524,2.46288,1.91456
281,1,0,1e+08,23414198668913,23414198919721,23414199713334,23414199869784,23414199926465,23414200328905,23414200527185,23414200527345,16,18.5843,2.50808,7.93613,1.5645,0.56681,4.0244,1.9828
282,1,0,1e+08,23414202153035,23414203011154,23414203431137,23414203583441,23414203656429,23414203961977,23414204138797,23414204138829,16,19.8579,8.58119,4.19983,1.52304,0.72988,3.05548,1.7682
283,1,0,1e+08,23414205557797,23414206242478,23414206744674,23414206834530,23414206899646,23414207215614,23414207382462,23414207382606,16,18.2481,6.84681,5.02196,0.89856,0.65116,3.15968,1.66848
284,1,0,1e+08,23414208824886,23414209778296,23414210143703,23414210296023,23414210317523,23414210590587,23414210741035,23414210741071,16,19.1619,9.5341,3.65407,1.5232,0.215,2.73064,1.50448
285,1,0,1e+08,23414212973976,23414213279636,23414213502020,23414213576740,23414213606440,23414213865512,23414214084684,23414214084848,16,11.1087,3.0566,2.22384,0.7472,0.297,2.59072,2.19172
286,1,0,1e+08,23414216655816,23414217309346,23414217897285,23414217994721,23414218029637,23414218421533,23414218588261,23414218588297,16,19.3248,6.5353,5.87939,0.97436,0.34916,3.91896,1.66728
287,1,0,1e+08,23414221170139,23414221408351,23414221747374,23414222028360,23414222080080,23414222946625,23414223169429,23414223169489,16,19.9935,2.38212,3.39023,2.80986,0.5172,8.66545,2.22804
288,1,0,1e+08,23414224518200,23414225161127,23414225714154,23414225892190,23414225920754,23414226235178,23414226405422,23414226405462,16,18.8726,6.42927,5.53027,1.78036,0.28564,3.14424,1.70244
289,1,0,1e+08,23414229004742,23414229238532,23414229438176,23414229521208,23414229552628,23414230480000,23414230733906,23414230734070,16,17.2933,2.3379,1.99644,0.83032,0.3142,9.27372,2.53906
290,1,0,1e+08,23414233287414,23414233607891,23414233852811,23414233930011,23414233957607,23414234182103,23414234350323,23414234350359,16,10.6295,3.20477,2.4492,0.772,0.27596,2.24496,1.6822
291,1,0,1e+08,23414236924796,23414237368617,23414238246128,23414238403493,23414238450554,23414238823466,23414238990778,23414238990818,16,20.6602,4.43821,8.77511,1.57365,0.47061,3.72912,1.67312
292,1,0,1e+08,23414240333845,23414241042821,23414241543729,23414241683993,23414241731969,23414242048077,23414242201289,23414242201329,16,18.6748,7.08976,5.00908,1.40264,0.47976,3.16108,1.53212
293,1,0,1e+08,23414243676011,23414244263573,23414244884164,23414245046945,23414245086925,23414245406789,23414245570677,23414245570717,16,18.9471,5.87562,6.20591,1.62781,0.3998,3.19864,1.63888
294,1,0,1e+08,23414246922374,23414247172634,23414247395406,23414247475914,23414247526562,23414247772498,23414247953598,23414247953626,16,10.3125,2.5026,2.22772,0.80508,0.50648,2.45936,1.811
295,1,0,1e+08,23414250544738,23414251060984,23414251748209,23414251833554,23414251862302,23414252240366,23414252440014,23414252440122,16,18.9538,5.16246,6.87225,0.85345,0.28748,3.78064,1.99648
296,1,0,1e+08,23414255113817,23414255357641,23414255985901,23414256190353,23414256281272,23414257030013,23414257242041,23414257242089,16,21.2827,2.43824,6.2826,2.04452,0.90919,7.48741,2.12028
297,1,0,1e+08,23414261941244,23414262321190,23414262586286,23414262676934,23414262714098,23414263033498,23414263620876,23414263621051,16,16.7981,3.79946,2.65096,0.90648,0.37164,3.194,5.87378
298,1,0,1e+08,23414267625004,23414267884380,23414268931008,23414269083917,23414269188550,23414269629426,23414269821954,23414269822002,16,21.97,2.59376,10.4663,1.52909,1.04633,4.40876,1.92528
299,1,0,1e+08,23414271438412,23414272517482,23414272918369,23414273042829,23414273138265,23414273433629,23414273643965,23414273643997,16,22.0558,10.7907,4.00887,1.2446,0.95436,2.95364,2.10336
300,1,0,1e+08,23414276949672,23414277913448,23414278291950,23414278430098,23414278467666,23414278751206,23414278904190,23414278904226,16,19.5455,9.63776,3.78502,1.38148,0.37568,2.8354,1.52984
301,1,0,1e+08,23414280371955,23414281475052,23414281920305,23414282557581,23414282585513,23414282807293,23414282991457,23414282991493,16,26.1954,11.031,4.45253,6.37276,0.27932,2.2178,1.84164
302,1,0,1e+08,23414284200910,23414285057803,23414286182797,23414286903843,23414287000069,23414287432581,23414287614125,23414287614173,16,34.1326,8.56893,11.2499,7.21046,0.96226,4.32512,1.81544
303,1,0,1e+08,23414289783762,23414290832186,23414291425813,23414291563229,23414291649701,23414291988609,23414292210513,23414292210549,16,24.2679,10.4842,5.93627,1.37416,0.86472,3.38908,2.21904
304,1,0,1e+08,23414296533997,23414296903597,23414297167061,23414297273881,23414297323993,23414297598929,23414297962770,23414297962935,16,14.2894,3.696,2.63464,1.0682,0.50112,2.74936,3.63841
305,1,0,1e+08,23414302541102,23414303168439,23414303917132,23414304035168,23414304129257,23414304491777,23414304708437,23414304708477,16,21.6737,6.27337,7.48693,1.18036,0.94089,3.6252,2.1666
306,1,0,1e+08,23414308054245,23414309004153,23414309381301,23414309479745,23414309512549,23414309816317,23414310064789,23414310064929,16,20.1068,9.49908,3.77148,0.98444,0.32804,3.03768,2.48472
307,1,0,1e+08,23414313975978,23414314371410,23414314668822,23414314773694,23414314819994,23414315083258,23414315282854,23414315282886,16,13.0691,3.95432,2.97412,1.04872,0.463,2.63264,1.99596
308,1,0,1e+08,23414317727109,23414317971713,23414318295717,23414318478033,23414318566981,23414319508773,23414319735209,23414319735265,16,20.0816,2.44604,3.24004,1.82316,0.88948,9.41792,2.26436
309,1,0,1e+08,23414321985315,23414322937602,23414323346065,23414323481221,23414323514237,23414323829609,23414324004745,23414324004781,16,20.1947,9.52287,4.08463,1.35156,0.33016,3.15372,1.75136
310,1,0,1e+08,23414325656783,23414326427621,23414326815463,23414326960999,23414326990695,23414327888904,23414328139080,23414328139140,16,24.8236,7.70838,3.87842,1.45536,0.29696,8.98209,2.50176
311,1,0,1e+08,23414329116110,23414329393884,23414329909234,23414330117975,23414330190009,23414330706176,23414330976864,23414330976920,16,18.6081,2.77774,5.1535,2.08741,0.72034,5.16167,2.70688
312,1,0,1e+08,23414331864366,23414332584700,23414333062753,23414333203114,23414333246742,23414333589262,23414333787406,23414333787442,16,19.2308,7.20334,4.78053,1.40361,0.43628,3.4252,1.98144
313,1,0,1e+08,23414335461448,23414336667713,23414337072023,23414337182507,23414337219279,23414337528055,23414337908234,23414337908409,16,24.4696,12.0626,4.0431,1.10484,0.36772,3.08776,3.80179
314,1,0,1e+08,23414337982328,23414338722941,23414339073574,23414339160790,23414339200586,23414339479438,23414339672118,23414339672146,16,16.8982,7.40613,3.50633,0.87216,0.39796,2.78852,1.9268
315,1,0,1e+08,23414341315208,23414341989649,23414342434906,23414342759107,23414342882684,23414343420805,23414343635381,23414343635533,16,23.2033,6.74441,4.45257,3.24201,1.23577,5.38121,2.14576
316,1,0,1e+08,23414344810046,23414345660120,23414346029090,23414346116654,23414346139170,23414346474942,23414346677158,23414346677194,16,18.6715,8.50074,3.6897,0.87564,0.22516,3.35772,2.02216
317,1,0,1e+08,23414348238666,23414348686483,23414349193781,23414349350616,23414349376880,23414350523368,23414350745353,23414350745413,16,25.0675,4.47817,5.07298,1.56835,0.26264,11.4649,2.21985
318,1,0,1e+08,23414351728301,23414352003957,23414353115197,23414353396503,23414353481053,23414353924368,23414354104580,23414354104628,16,23.7633,2.75656,11.1124,2.81306,0.8455,4.43315,1.80212
319,1,0,1e+08,23414355090391,23414355610819,23414356264885,23414356420995,23414356479159,23414356818747,23414356974711,23414356974751,16,18.8436,5.20428,6.54066,1.5611,0.58164,3.39588,1.55964
320,1,0,1e+08,23414358519232,23414358779041,23414359095617,23414359197441,23414359224417,23414359738499,23414360375698,23414360375873,16,18.5664,2.59809,3.16576,1.01824,0.26976,5.14082,6.37199
321,1,0,1e+08,23414361914437,23414362117301,23414362423725,23414362514205,23414362546221,23414363515897,23414363774434,23414363774646,16,18.6021,2.02864,3.06424,0.9048,0.32016,9.69676,2.58537
322,1,0,1e+08,23414365478245,23414366263930,23414366698153,23414366787153,23414366851041,23414367169621,23414367327513,23414367327553,16,18.4931,7.85685,4.34223,0.89,0.63888,3.1858,1.57892
323,1,0,1e+08,23414368730834,23414369571790,23414369965522,23414370056794,23414370120442,23414370424766,23414370611202,23414370611234,16,18.804,8.40956,3.93732,0.91272,0.63648,3.04324,1.86436
324,1,0,1e+08,23414373049905,23414373291377,23414373586825,23414373681410,23414373712810,23414374765476,23414375077318,23414375077586,16,20.2768,2.41472,2.95448,0.94585,0.314,10.5267,3.11842
325,1,0,1e+08,23414378298353,23414378560794,23414379286732,23414379492185,23414379542339,23414380398169,23414380627379,23414380627427,16,23.2907,2.62441,7.25938,2.05453,0.50154,8.5583,2.2921
326,1,0,1e+08,23414380660927,23414381183828,23414381790632,23414381908693,23414381950925,23414382289705,23414382455337,23414382455369,16,17.9444,5.22901,6.06804,1.18061,0.42232,3.3878,1.65632
327,1,0,1e+08,23414383862389,23414384590407,23414385063246,23414385152218,23414385230482,23414385547918,23414385702238,23414385702274,16,18.3989,7.28018,4.72839,0.88972,0.78264,3.17436,1.5432
328,1,0,1e+08,23414387174289,23414387979473,23414388368357,23414388513205,23414388537401,23414388824673,23414388999169,23414388999337,16,18.2505,8.05184,3.88884,1.44848,0.24196,2.87272,1.74496
329,1,0,1e+08,23414390427601,23414391391516,23414391754857,23414391884741,23414391929405,23414392208733,23414392384661,23414392384693,16,19.5709,9.63915,3.63341,1.29884,0.44664,2.79328,1.75928
330,1,0,1e+08,23414395086718,23414395311111,23414395540671,23414395627027,23414395667011,23414396090240,23414396346238,23414396346298,16,12.5958,2.24393,2.2956,0.86356,0.39984,4.23229,2.55998
331,1,0,1e+08,23414398459940,23414398689760,23414399001201,23414399177448,23414399227883,23414400345787,23414400658108,23414400658324,16,21.9838,2.2982,3.11441,1.76247,0.50435,11.179,3.12321
332,1,0,1e+08,23414401701680,23414401959421,23414402754611,23414402962363,23414403083427,23414403866211,23414404041963,23414404041995,16,23.4032,2.57741,7.9519,2.07752,1.21064,7.82784,1.75752
333,1,0,1e+08,23414404157459,23414404372295,23414404584271,23414404661271,23414404691807,23414405550292,23414405794995,23414405795055,16,16.376,2.14836,2.11976,0.77,0.30536,8.58485,2.44703
334,1,0,1e+08,23414407807190,23414408671080,23414409041149,23414409165945,23414409221109,23414409504149,23414409685509,23414409685545,16,18.7835,8.6389,3.70069,1.24796,0.55164,2.8304,1.8136
335,1,0,1e+08,23414410993005,23414411231117,23414412076071,23414412171088,23414412266552,23414412651130,23414412812850,23414412812962,16,18.1996,2.38112,8.44954,0.95017,0.95464,3.84578,1.6172
336,1,0,1e+08,23414414349087,23414414889538,23414415495657,23414415638227,23414415684987,23414416008435,23414416160591,23414416160627,16,18.1154,5.40451,6.06119,1.4257,0.4676,3.23448,1.52156
337,1,0,1e+08,23414417564604,23414417984368,23414418727818,23414418854802,23414418893162,23414419241003,23414419400371,23414419400415,16,18.3581,4.19764,7.4345,1.26984,0.3836,3.47841,1.59368
338,1,0,1e+08,23414420895979,23414421146549,23414422023160,23414422110848,23414422197309,23414422576861,23414422742521,23414422742561,16,18.4658,2.5057,8.76611,0.87688,0.86461,3.79552,1.6566
339,1,0,1e+08,23414424478697,23414425173694,23414425659606,23414425800498,23414425843482,23414426185130,23414426353706,23414426353742,16,18.7504,6.94997,4.85912,1.40892,0.42984,3.41648,1.68576
340,1,0,1e+08,23414427727449,23414427960034,23414428828126,23414428977136,23414429003208,23414429380477,23414429554217,23414429554365,16,18.2692,2.32585,8.68092,1.4901,0.26072,3.77269,1.7374
341,1,0,1e+08,23414431036501,23414431469107,23414432156479,23414432314364,23414432341496,23414432694636,23414432862960,23414432863000,16,18.265,4.32606,6.87372,1.57885,0.27132,3.5314,1.68324
342,1,0,1e+08,23414434276911,23414435110552,23414435530945,23414435633209,23414435674417,23414435977313,23414436133213,23414436133249,16,18.5634,8.33641,4.20393,1.02264,0.41208,3.02896,1.559
343,1,0,1e+08,23414437545111,23414437769807,23414437995003,23414438085939,23414438111515,23414439079230,23414439355868,23414439356084,16,18.1097,2.24696,2.25196,0.90936,0.25576,9.67715,2.76638
344,1,0,1e+08,23414440926047,23414441127068,23414441327284,23414441399824,23414441434308,23414442292260,23414442526033,23414442526093,16,16.0005,2.01021,2.00216,0.7254,0.34484,8.57952,2.33773
345,1,0,1e+08,23414444293168,23414444623415,23414445443027,23414445587115,23414445636820,23414446005404,23414446171236,23414446171276,16,18.7811,3.30247,8.19612,1.44088,0.49705,3.68584,1.65832
346,1,0,1e+08,23414447609708,23414447938432,23414448785252,23414448932809,23414448961094,23414449329042,23414449520954,23414449521106,16,19.114,3.28724,8.4682,1.47557,0.28285,3.67948,1.91912
347,1,0,1e+08,23414450947485,23414451199589,23414451938603,23414452048952,23414452145014,23414452562828,23414452739748,23414452739792,16,17.9231,2.52104,7.39014,1.10349,0.96062,4.17814,1.7692
348,1,0,1e+08,23414454322480,23414454702508,23414455501005,23414455656602,23414455685146,23414456041530,23414456240718,23414456240894,16,19.1841,3.80028,7.98497,1.55597,0.28544,3.56384,1.99188
349,1,0,1e+08,23414457679821,23414457948826,23414458780313,23414458946299,23414458974920,23414459365792,23414459531284,23414459531324,16,18.515,2.69005,8.31487,1.65986,0.28621,3.90872,1.65492
350,1,0,1e+08,23414460993076,23414461299682,23414462096861,23414462240107,23414462268448,23414462656904,23414462846116,23414462846280,16,18.532,3.06606,7.97179,1.43246,0.28341,3.88456,1.89212
351,1,0,1e+08,23414464361871,23414464947377,23414465515467,23414465653968,23414465702376,23414466027524,23414466188220,23414466188260,16,18.2639,5.85506,5.6809,1.38501,0.48408,3.25148,1.60696
352,1,0,1e+08,23414467755851,23414468571532,23414469037697,23414469173825,23414469220829,23414469589845,23414469768569,23414469768701,16,20.1285,8.15681,4.66165,1.36128,0.47004,3.69016,1.78724
353,1,0,1e+08,23414471164720,23414471984061,23414472415616,23414472604804,23414472632064,23414472939028,23414473129600,23414473129696,16,19.6498,8.19341,4.31555,1.89188,0.2726,3.06964,1.90572
354,1,0,1e+08,23414474582347,23414475218296,23414475815056,23414475900052,23414475953108,23414476293612,23414476512892,23414476512928,16,19.3058,6.35949,5.9676,0.84996,0.53056,3.40504,2.1928
355,1,0,1e+08,23414478085810,23414479029849,23414479387602,23414479468474,23414479507506,23414479834374,23414480006470,23414480006506,16,19.207,9.44039,3.57753,0.80872,0.39032,3.26868,1.72096
356,1,0,1e+08,23414482129416,23414482413188,23414482645892,23414482740732,23414482764552,23414482993616,23414483209700,23414483209816,16,10.804,2.83772,2.32704,0.9484,0.2382,2.29064,2.16084
357,1,0,1e+08,23414485614121,23414485819523,23414486441829,23414486604001,23414486717757,23414487143729,23414487334885,23414487335013,16,17.2089,2.05402,6.22306,1.62172,1.13756,4.25972,1.91156
358,1,0,1e+08,23414488878120,23414489672625,23414490103782,23414490228926,23414490270654,23414490584694,23414490747114,23414490747146,16,18.6903,7.94505,4.31157,1.25144,0.41728,3.1404,1.6242
359,1,0,1e+08,23414492190713,23414492609359,23414493402022,23414493490055,23414493626581,23414494012197,23414494190893,23414494191009,16,20.003,4.18646,7.92663,0.88033,1.36526,3.85616,1.78696
360,1,0,1e+08,23414495651780,23414496382189,23414496866330,23414497008902,23414497047726,23414497357702,23414497517738,23414497517778,16,18.66,7.30409,4.84141,1.42572,0.38824,3.09976,1.60036
361,1,0,1e+08,23414498945509,23414499611301,23414500144666,23414500236030,23414500299438,23414500619914,23414500782106,23414500782146,16,18.3664,6.65792,5.33365,0.91364,0.63408,3.20476,1.62192
362,1,0,1e+08,23414502280308,23414503003582,23414503538626,23414503655162,23414503677326,23414504009078,23414504169998,23414504170038,16,18.8973,7.23274,5.35044,1.16536,0.22164,3.31752,1.6092
363,1,0,1e+08,23414505561708,23414506176502,23414506831624,23414506916712,23414506985280,23414507335957,23414507503369,23414507503409,16,19.417,6.14794,6.55122,0.85088,0.68568,3.50677,1.67412
364,1,0,1e+08,23414509049072,23414509735874,23414510246458,23414510380210,23414510420054,23414510735442,23414510895774,23414510895814,16,18.4674,6.86802,5.10584,1.33752,0.39844,3.15388,1.60332
365,1,0,1e+08,23414512236039,23414512451613,23414513294582,23414513388662,23414513461078,23414513852903,23414514025847,23414514025891,16,17.8985,2.15574,8.42969,0.9408,0.72416,3.91825,1.72944
366,1,0,1e+08,23414515510449,23414516001734,23414516670753,23414516756314,23414516823818,23414518328018,23414518533974,23414518534002,16,30.2355,4.91285,6.69019,0.85561,0.67504,15.042,2.05956
367,1,0,1e+08,23414518931592,23414519176401,23414519422253,23414519491361,23414519538033,23414520456808,23414520708899,23414520708959,16,17.7737,2.44809,2.45852,0.69108,0.46672,9.18775,2.52091
368,1,0,1e+08,23414522294574,23414522672722,23414523357361,23414523447541,23414523516174,23414524059033,23414524263709,23414524263749,16,19.6918,3.78148,6.84639,0.9018,0.68633,5.42859,2.04676
369,1,0,1e+08,23414525621498,23414525968263,23414526225391,23414526305483,23414526333263,23414526567911,23414526742003,23414526742031,16,11.2053,3.46765,2.57128,0.80092,0.2778,2.34648,1.74092
370,1,0,1e+08,23414528059620,23414528897963,23414529322746,23414529411003,23414529440999,23414529760447,23414529902143,23414529902179,16,18.4256,8.38343,4.24783,0.88257,0.29996,3.19448,1.41696
371,1,0,1e+08,23414531363671,23414531592731,23414531826783,23414531906507,23414531929707,23414532175175,23414532352235,23414532352267,16,9.88596,2.2906,2.34052,0.79724,0.232,2.45468,1.7706
372,1,0,1e+08,23414533522766,23414533741066,23414533932178,23414533993430,23414534008998,23414534211310,23414534400202,23414534400238,16,8.77472,2.183,1.91112,0.61252,0.15568,2.02312,1.88892
373,1,0,1e+08,23414535719489,23414536379479,23414536927824,23414537013472,23414537092804,23414537430064,23414537582568,23414537582604,16,18.6311,6.5999,5.48345,0.85648,0.79332,3.3726,1.52504
374,1,0,1e+08,23414538957682,23414539639865,23414540149474,23414540310706,23414540331866,23414540655970,23414540803874,23414540803910,16,18.4623,6.82183,5.09609,1.61232,0.2116,3.24104,1.47904
375,1,0,1e+08,23414542143346,23414543159865,23414543530981,23414543700865,23414543762085,23414544090213,23414544235197,23414544235229,16,20.9188,10.1652,3.71116,1.69884,0.6122,3.28128,1.44984
376,1,0,1e+08,23414545555515,23414545814015,23414546548437,23414546658396,23414546824314,23414547225807,23414547407471,23414547407591,16,18.5208,2.585,7.34422,1.09959,1.65918,4.01493,1.81664
377,1,0,1e+08,23414548968552,23414549357700,23414550119448,23414550254072,23414550288708,23414550641080,23414550802300,23414550802340,16,18.3379,3.89148,7.61748,1.34624,0.34636,3.52372,1.6122
378,1,0,1e+08,23414552303028,23414552775173,23414553464114,23414553550570,23414553619650,23414553966015,23414554123543,23414554123587,16,18.2056,4.72145,6.88941,0.86456,0.6908,3.46365,1.57528
379,1,0,1e+08,23414555551275,23414556139511,23414556718249,23414556803297,23414556880870,23414557221662,23414557377650,23414557377690,16,18.2642,5.88236,5.78738,0.85048,0.77573,3.40792,1.55988
380,1,0,1e+08,23414558825214,23414559082035,23414559300247,23414559381007,23414559408035,23414559847432,23414560061476,23414560061512,16,12.363,2.56821,2.18212,0.8076,0.27028,4.39397,2.14044
381,1,0,1e+08,23414560979520,23414561230258,23414561996479,23414562199225,23414562219461,23414562649179,23414562840651,23414562840691,16,18.6117,2.50738,7.66221,2.02746,0.20236,4.29718,1.91472
382,1,0,1e+08,23414564412121,23414565288547,23414565717154,23414565846863,23414565887891,23414566226291,23414566408747,23414566408847,16,19.9673,8.76426,4.28607,1.29709,0.41028,3.384,1.82456
383,1,0,1e+08,23414567741574,23414568354981,23414568922470,23414569053394,23414569099086,23414569434294,23414569609482,23414569609518,16,18.6794,6.13407,5.67489,1.30924,0.45692,3.35208,1.75188
384,1,0,1e+08,23414571016195,23414571915245,23414572276070,23414572407282,23414572434698,23414572711302,23414572879650,23414572879794,16,18.636,8.9905,3.60825,1.31212,0.27416,2.76604,1.68348
385,1,0,1e+08,23414574153784,23414574891096,23414575368754,23414575535926,23414575572346,23414575878998,23414576039946,23414576039986,16,18.862,7.37312,4.77658,1.67172,0.3642,3.06652,1.60948
386,1,0,1e+08,23414577456632,23414577808628,23414578604804,23414578694072,23414578787925,23414579143866,23414579303422,23414579303462,16,18.4683,3.51996,7.96176,0.89268,0.93853,3.55941,1.59556
387,1,0,1e+08,23414580824162,23414581266603,23414581955433,23414582082257,23414582129101,23414582472881,23414582667277,23414582667313,16,18.4315,4.42441,6.8883,1.26824,0.46844,3.4378,1.94396
388,1,0,1e+08,23414584123476,23414585096629,23414585458724,23414585574972,23414585622772,23414585902332,23414586060624,23414586060656,16,19.3718,9.73153,3.62095,1.16248,0.478,2.7956,1.58292
389,1,0,1e+08,23414587395937,23414587644859,23414588464290,23414588565724,23414588632396,23414589052114,23414589228674,23414589228722,16,18.3278,2.48922,8.19431,1.01434,0.66672,4.19718,1.7656
390,1,0,1e+08,23414590860724,23414591333419,23414592046048,23414592183769,23414592226081,23414592568209,23414592741933,23414592741969,16,18.8125,4.72695,7.12629,1.37721,0.42312,3.42128,1.73724
391,1,0,1e+08,23414594085065,23414594322759,23414594592039,23414594675367,23414594719327,23414595615680,23414595870327,23414595870387,16,17.8532,2.37694,2.6928,0.83328,0.4396,8.96353,2.54647
392,1,0,1e+08,23414597517323,23414598130007,23414598713756,23414598801477,23414598862601,23414599193969,23414599352493,23414599352533,16,18.3521,6.12684,5.83749,0.87721,0.61124,3.31368,1.58524
393,1,0,1e+08,23414600781362,23414601258293,23414601955194,23414602107806,23414602158418,23414602509326,23414602680654,23414602680694,16,18.9933,4.76931,6.96901,1.52612,0.50612,3.50908,1.71328
394,1,0,1e+08,23414604118642,23414604546494,23414605254204,23414605428002,23414605475810,23414605847978,23414606032838,23414606032874,16,19.1423,4.27852,7.0771,1.73798,0.47808,3.72168,1.8486
395,1,0,1e+08,23414607524974,23414607948315,23414608716852,23414608852318,23414608910894,23414609273866,23414609437026,23414609437066,16,19.1209,4.23341,7.68537,1.35466,0.58576,3.62972,1.6316
396,1,0,1e+08,23414611502910,23414611936953,23414612245933,23414612331317,23414612370261,23414612631281,23414612841209,23414612841237,16,13.3833,4.34043,3.0898,0.85384,0.38944,2.6102,2.09928
397,1,0,1e+08,23414614348877,23414615078905,23414615632761,23414615772801,23414615798085,23414616137065,23414616336401,23414616336537,16,19.8766,7.30028,5.53856,1.4004,0.25284,3.3898,1.99336
398,1,0,1e+08,23414617681191,23414618273251,23414618898572,23414619029341,23414619074850,23414619452358,23414619656222,23414619656410,16,19.7522,5.9206,6.25321,1.30769,0.45509,3.77508,2.03864
399,1,0,1e+08,23414621479978,23414622340647,23414622787409,23414622927841,23414622978161,23414623288117,23414623444713,23414623444825,16,19.6485,8.60669,4.46762,1.40432,0.5032,3.09956,1.56596
400,1,0,1e+08,23414624827893,23414625068763,23414625893073,23414625987228,23414626046480,23414626468381,23414626643301,23414626643345,16,18.1545,2.4087,8.2431,0.94155,0.59252,4.21901,1.7492
401,1,0,1e+08,23414628240157,23414628886077,23414629435410,23414629533450,23414629565030,23414629900522,23414630056034,23414630056074,16,18.1592,6.4592,5.49333,0.9804,0.3158,3.35492,1.55512
402,1,0,1e+08,23414632321825,23414632637621,23414632881749,23414632956213,23414632992429,23414633216337,23414633384829,23414633384861,16,10.6304,3.15796,2.44128,0.74464,0.36216,2.23908,1.68492
403,1,0,1e+08,23414634786493,23414635054242,23414635403222,23414635489954,23414635517270,23414636446928,23414636671876,23414636671940,16,18.8545,2.67749,3.4898,0.86732,0.27316,9.29658,2.24948
404,1,0,1e+08,23414638048974,23414638497920,23414639235257,23414639326813,23414639353394,23414639762002,23414639922694,23414639922730,16,18.7376,4.48946,7.37337,0.91556,0.26581,4.08608,1.60692
405,1,0,1e+08,23414641314622,23414641518846,23414641734426,23414641809126,23414641834174,23414642073002,23414642261486,23414642261642,16,9.4702,2.04224,2.1558,0.747,0.25048,2.38828,1.88484
406,1,0,1e+08,23414643486963,23414644169229,23414644662044,23414644746421,23414644810689,23414645201597,23414645351637,23414645351677,16,18.6471,6.82266,4.92815,0.84377,0.64268,3.90908,1.5004
407,1,0,1e+08,23414646689578,23414646939723,23414647233304,23414647313480,23414647400852,23414647710392,23414647885476,23414647885512,16,11.9593,2.50145,2.93581,0.80176,0.87372,3.0954,1.75084
408,1,0,1e+08,23414648719678,23414649142402,23414649917684,23414650058170,23414650103482,23414650465763,23414650631279,23414650631319,16,19.1164,4.22724,7.75282,1.40486,0.45312,3.62281,1.65516
409,1,0,1e+08,23414652005474,23414652722506,23414653249969,23414653357862,23414653432534,23414653753570,23414653912574,23414653912610,16,19.0714,7.17032,5.27463,1.07893,0.74672,3.21036,1.59004
410,1,0,1e+08,23414655256477,23414655510455,23414656267159,23414656381631,23414656485416,23414656893840,23414657064264,23414657064304,16,18.0783,2.53978,7.56704,1.14472,1.03785,4.08424,1.70424
411,1,0,1e+08,23414658520168,23414658741004,23414659041188,23414659120096,23414659148176,23414659464792,23414659726320,23414659726496,16,12.0633,2.20836,3.00184,0.78908,0.2808,3.16616,2.61528
412,1,0,1e+08,23414660467826,23414660729886,23414660984550,23414661053262,23414661087374,23414661960532,23414662209325,23414662209525,16,17.417,2.6206,2.54664,0.68712,0.34112,8.73158,2.48793
413,1,0,1e+08,23414663819208,23414664044689,23414664829325,23414664937041,23414665000798,23414665403872,23414665571264,23414665571304,16,17.521,2.25481,7.84636,1.07716,0.63757,4.03074,1.67392
414,1,0,1e+08,23414667075421,23414667323499,23414667917569,23414668089961,23414668196061,23414668634254,23414668815494,23414668815538,16,17.4012,2.48078,5.9407,1.72392,1.061,4.38193,1.8124
415,1,0,1e+08,23414670421298,23414671383909,23414671751822,23414671880386,23414671923822,23414672197118,23414672353746,23414672353778,16,19.3248,9.62611,3.67913,1.28564,0.43436,2.73296,1.56628
416,1,0,1e+08,23414673677476,23414674205395,23414674882032,23414675080121,23414675104245,23414675437721,23414675607921,23414675607957,16,19.3048,5.27919,6.76637,1.98089,0.24124,3.33476,1.702
417,1,0,1e+08,23414676907749,23414677202289,23414678059648,23414678145536,23414678219896,23414678595541,23414678780685,23414678780845,16,18.731,2.9454,8.57359,0.85888,0.7436,3.75645,1.85144
418,1,0,1e+08,23414680357077,23414680603701,23414681018669,23414681226287,23414681300216,23414681881077,23414682117269,23414682117397,16,17.6032,2.46624,4.14968,2.07618,0.73929,5.80861,2.36192
419,1,0,1e+08,23414683744158,23414684658166,23414685030150,23414685145210,23414685190894,23414685472706,23414685622466,23414685622502,16,18.7834,9.14008,3.71984,1.1506,0.45684,2.81812,1.4976
420,1,0,1e+08,23414686960293,23414687744450,23414688190032,23414688327332,23414688354540,23414688683272,23414688835452,23414688835492,16,18.752,7.84157,4.45582,1.373,0.27208,3.28732,1.5218
421,1,0,1e+08,23414690133040,23414691061144,23414691433513,23414691559637,23414691603653,23414691897069,23414692043437,23414692043473,16,19.1043,9.28104,3.72369,1.26124,0.44016,2.93416,1.46368
422,1,0,1e+08,23414693299113,23414693537174,23414693754678,23414693829462,23414693850366,23414694102522,23414694277730,23414694277762,16,9.78649,2.38061,2.17504,0.74784,0.20904,2.52156,1.75208
423,1,0,1e+08,23414695440409,23414695672886,23414695867682,23414695934190,23414695963442,23414696655155,23414697032880,23414697033040,16,15.9263,2.32477,1.94796,0.66508,0.29252,6.91713,3.77725
424,1,0,1e+08,23414698800866,23414699022238,23414699206206,23414699280286,23414699313026,23414700263645,23414700529081,23414700529241,16,17.2838,2.21372,1.83968,0.7408,0.3274,9.50619,2.65436
425,1,0,1e+08,23414702297653,23414702594662,23414703436763,23414703526184,23414703608233,23414703988397,23414704166733,23414704166889,16,18.6924,2.97009,8.42101,0.89421,0.82049,3.80164,1.78336
426,1,0,1e+08,23414705688328,23414706270097,23414706894769,23414707034694,23414707073347,23414707413227,23414707570259,23414707570299,16,18.8197,5.81769,6.24672,1.39925,0.38653,3.3988,1.57032
427,1,0,1e+08,23414708969149,23414709630443,23414710149381,23414710296930,23414710334898,23414710647746,23414710802454,23414710802494,16,18.3335,6.61294,5.18938,1.47549,0.37968,3.12848,1.54708
428,1,0,1e+08,23414712133831,23414712597248,23414713271745,23414713402533,23414713445185,23414713796309,23414713960933,23414713960969,16,18.2714,4.63417,6.74497,1.30788,0.42652,3.51124,1.64624
429,1,0,1e+08,23414715727088,23414715952484,23414716191664,23414716274264,23414716318836,23414717197416,23414717441683,23414717441747,16,17.1466,2.25396,2.3918,0.826,0.44572,8.7858,2.44267
430,1,0,1e+08,23414719069061,23414719724336,23414720291841,23414720415333,23414720447509,23414720787621,23414720960045,23414720960153,16,18.9109,6.55275,5.67505,1.23492,0.32176,3.40112,1.72424
431,1,0,1e+08,23414722465984,23414723299041,23414723733205,23414723843085,23414723873757,23414724186093,23414724349685,23414724349721,16,18.8374,8.33057,4.34164,1.0988,0.30672,3.12336,1.63592
432,1,0,1e+08,23414725706649,23414726711746,23414727075078,23414727196234,23414727253134,23414727519866,23414727675782,23414727675818,16,19.6917,10.051,3.63332,1.21156,0.569,2.66732,1.55916
433,1,0,1e+08,23414729119219,23414729599586,23414730276841,23414730426805,23414730466734,23414730808238,23414730993998,23414730994034,16,18.7482,4.80367,6.77255,1.49964,0.39929,3.41504,1.8576
434,1,0,1e+08,23414732425291,23414733091274,23414733640722,23414733773850,23414733818566,23414734172746,23414734331734,23414734331778,16,19.0649,6.65983,5.49448,1.33128,0.44716,3.5418,1.58988
435,1,0,1e+08,23414735667374,23414735928843,23414736748516,23414736861004,23414736966256,23414737383121,23414737559073,23414737559117,16,18.9174,2.61469,8.19673,1.12488,1.05252,4.16865,1.75952
436,1,0,1e+08,23414739123693,23414739529549,23414740315310,23414740467078,23414740496958,23414740849362,23414741026002,23414741026134,16,19.0244,4.05856,7.85761,1.51768,0.2988,3.52404,1.7664
437,1,0,1e+08,23414742518731,23414743293708,23414743773478,23414743908954,23414743944474,23414744266054,23414744442102,23414744442138,16,19.2341,7.74977,4.7977,1.35476,0.3552,3.2158,1.76048
438,1,0,1e+08,23414745941181,23414746923140,23414747284730,23414747436342,23414747468578,23414747751514,23414747986226,23414747986254,16,20.4507,9.81959,3.6159,1.51612,0.32236,2.82936,2.34712
439,1,0,1e+08,23414749644847,23414750609648,23414750972416,23414751060692,23414751088448,23414751378456,23414751594204,23414751594232,16,19.4938,9.64801,3.62768,0.88276,0.27756,2.90008,2.15748
440,1,0,1e+08,23414754083561,23414754333409,23414754553121,23414754633461,23414754662601,23414755343666,23414755973546,23414755973726,16,18.9017,2.49848,2.19712,0.8034,0.2914,6.81065,6.2988
441,1,0,1e+08,23414757313331,23414757549891,23414757831471,23414757914559,23414757962819,23414758897956,23414759119856,23414759119920,16,18.0659,2.3656,2.8158,0.83088,0.4826,9.35137,2.219
442,1,0,1e+08,23414760912685,23414761301833,23414761934537,23414762119366,23414762152610,23414763067592,23414763344973,23414763345125,16,24.3244,3.89148,6.32704,1.84829,0.33244,9.14982,2.77381
443,1,0,1e+08,23414764753286,23414765726717,23414766533840,23414766677736,23414766718876,23414767068168,23414767284064,23414767284160,16,25.3087,9.73431,8.07123,1.43896,0.4114,3.49292,2.15896
444,1,0,1e+08,23414767452292,23414768383839,23414768817630,23414768961914,23414769007142,23414769315286,23414769577302,23414769577434,16,21.2514,9.31547,4.33791,1.44284,0.45228,3.08144,2.62016
445,1,0,1e+08,23414772010228,23414772364128,23414772633444,23414772754932,23414772807288,23414773040812,23414773281504,23414773281540,16,12.7131,3.539,2.69316,1.21488,0.52356,2.33524,2.40692
446,1,0,1e+08,23414775814417,23414776083335,23414776297771,23414776427791,23414776455867,23414776806224,23414777084864,23414777084924,16,12.7051,2.68918,2.14436,1.3002,0.28076,3.50357,2.7864
447,1,0,1e+08,23414778533144,23414779408740,23414779772237,23414779870121,23414779899293,23414780191169,23414780348329,23414780348365,16,18.1522,8.75596,3.63497,0.97884,0.29172,2.91876,1.5716
448,1,0,1e+08,23414781848828,23414782817684,23414783179041,23414783303293,23414783344225,23414783614725,23414783780193,23414783780225,16,19.314,9.68856,3.61357,1.24252,0.40932,2.705,1.65468
449,1,0,1e+08,23414786445146,23414786680430,23414787029385,23414787227970,23414787319487,23414788453495,23414788733179,23414788733403,16,22.8826,2.35284,3.48955,1.98585,0.91517,11.3401,2.79684
450,1,0,1e+08,23414789142329,23414789440935,23414797854723,23414803854181,23414803880085,23414804893162,23414805208524,23414805208732,16,160.664,2.98606,84.1379,59.9946,0.25904,10.1308,3.15362
451,1,0,1e+08,23414806998023,23414808098312,23414808645366,23414808786327,23414808812199,23414809137187,23414809298827,23414809298867,16,23.0084,11.0029,5.47054,1.40961,0.25872,3.24988,1.6164
452,1,0,1e+08,23414810223576,23414810862347,23414811333345,23414811443949,23414811468985,23414811838146,23414812056530,23414812056562,16,18.3299,6.38771,4.70998,1.10604,0.25036,3.69161,2.18384
453,1,0,1e+08,23414812507863,23414813125286,23414813718017,23414813854050,23414813897170,23414814226682,23414814437206,23414814437242,16,19.2938,6.17423,5.92731,1.36033,0.4312,3.29512,2.10524
454,1,0,1e+08,23414816160869,23414816495185,23414816783818,23414816866674,23414816895874,23414817188574,23414817360842,23414817360878,16,12.0001,3.34316,2.88633,0.82856,0.292,2.927,1.72268
455,1,0,1e+08,23414818445084,23414819421720,23414819784310,23414819896138,23414819940022,23414820227522,23414820404294,23414820404326,16,19.5924,9.76636,3.6259,1.11828,0.43884,2.875,1.76772
456,1,0,1e+08,23414821768866,23414822490415,23414822976613,23414823072690,23414823142414,23414823460382,23414823625898,23414823625934,16,18.5707,7.21549,4.86198,0.96077,0.69724,3.17968,1.65516
457,1,0,1e+08,23414825679047,23414826253858,23414826584974,23414826736342,23414826767630,23414827032790,23414827224798,23414827224826,16,15.4578,5.74811,3.31116,1.51368,0.31288,2.6516,1.92008
458,1,0,1e+08,23414829940800,23414830158372,23414831047380,23414831215329,23414831271121,23414831645781,23414831813745,23414831813785,16,18.7298,2.17572,8.89008,1.67949,0.55792,3.7466,1.67964
459,1,0,1e+08,23414834920590,23414835147058,23414836067687,23414836332650,23414836384454,23414836874718,23414837058930,23414837058962,16,21.3837,2.26468,9.20629,2.64963,0.51804,4.90264,1.84212
460,1,0,1e+08,23414837196026,23414837992849,23414838384174,23414838460402,23414838511474,23414838809474,23414838961914,23414838961950,16,17.6592,7.96823,3.91325,0.76228,0.51072,2.98,1.5244
461,1,0,1e+08,23414840436021,23414840710365,23414841292755,23414841499846,23414841621217,23414842101581,23414842298825,23414842298869,16,18.6285,2.74344,5.8239,2.07091,1.21371,4.80364,1.97244
462,1,0,1e+08,23414843783676,23414844177339,23414844933796,23414845089458,23414845121186,23414845467675,23414845648763,23414845648887,16,18.6521,3.93663,7.56457,1.55662,0.31728,3.46489,1.81088
463,1,0,1e+08,23414847250252,23414848215492,23414848578185,23414848705629,23414848752997,23414849029953,23414849186945,23414849187049,16,19.368,9.6524,3.62693,1.27444,0.47368,2.76956,1.56992
464,1,0,1e+08,23414850444195,23414850722163,23414851229111,23414851326893,23414851375317,23414852225226,23414852460018,23414852460082,16,20.1589,2.77968,5.06948,0.97782,0.48424,8.49909,2.34792
465,1,0,1e+08,23414853638074,23414853864146,23414854739380,23414854825900,23414854907893,23414855302993,23414855464513,23414855464553,16,18.2648,2.26072,8.75234,0.8652,0.81993,3.951,1.6152
466,1,0,1e+08,23414857023832,23414857877961,23414858633168,23414858748846,23414858791626,23414859147670,23414859309054,23414859309094,16,22.8526,8.54129,7.55207,1.15678,0.4278,3.56044,1.61384
467,1,0,1e+08,23414860407991,23414861048299,23414861889120,23414862012440,23414862046929,23414862418637,23414862602493,23414862602537,16,21.9455,6.40308,8.40821,1.2332,0.34489,3.71708,1.83856
468,1,0,1e+08,23414863800245,23414864316692,23414864980270,23414865110766,23414865139030,23414865494214,23414865661190,23414865661226,16,18.6098,5.16447,6.63578,1.30496,0.28264,3.55184,1.66976
469,1,0,1e+08,23414867082281,23414867808434,23414868281961,23414868423857,23414868450109,23414868771973,23414868945093,23414868945269,16,18.6299,7.26153,4.73527,1.41896,0.26252,3.21864,1.7312
470,1,0,1e+08,23414870282913,23414870619170,23414871480072,23414871571076,23414871660154,23414872027254,23414872182554,23414872182594,16,18.9968,3.36257,8.60902,0.91004,0.89078,3.671,1.553
471,1,0,1e+08,23414873632092,23414873876968,23414874192640,23414874307348,23414874456282,23414874920701,23414875070053,23414875070089,16,14.38,2.44876,3.15672,1.14708,1.48934,4.64419,1.49352
472,1,0,1e+08,23414875746088,23414876403234,23414876944442,23414877058046,23414877095034,23414877432602,23414877623138,23414877623174,16,18.7709,6.57146,5.41208,1.13604,0.36988,3.37568,1.90536
473,1,0,1e+08,23414879025192,23414879479856,23414880208698,23414880353702,23414880379879,23414880753471,23414880913619,23414880913655,16,18.8846,4.54664,7.28842,1.45004,0.26177,3.73592,1.60148
474,1,0,1e+08,23414882372281,23414883014895,23414883552117,23414883721841,23414883779725,23414884098237,23414884299625,23414884299661,16,19.2738,6.42614,5.37222,1.69724,0.57884,3.18512,2.01388
475,1,0,1e+08,23414885975784,23414886852697,23414887225042,23414887307582,23414887333610,23414887680902,23414887862022,23414887862054,16,18.8627,8.76913,3.72345,0.8254,0.26028,3.47292,1.8112
476,1,0,1e+08,23414889215667,23414890253053,23414890618617,23414890700073,23414890731309,23414891021205,23414891196065,23414891196193,16,19.8053,10.3739,3.65564,0.81456,0.31236,2.89896,1.7486
477,1,0,1e+08,23414892415436,23414893199597,23414893632081,23414893772745,23414893820521,23414894131829,23414894307945,23414894307985,16,18.9255,7.84161,4.32484,1.40664,0.47776,3.11308,1.76116
478,1,0,1e+08,23414895638868,23414896606120,23414896969036,23414897079712,23414897118544,23414897398120,23414897566704,23414897566736,16,19.2787,9.67252,3.62916,1.10676,0.38832,2.79576,1.68584
479,1,0,1e+08,23414898889269,23414899312175,23414900083720,23414900227828,23414900274205,23414900641565,23414900800093,23414900800129,16,19.1086,4.22906,7.71545,1.44108,0.46377,3.6736,1.58528
480,1,0,1e+08,23414903656341,23414903908961,23414904671637,23414905020026,23414905077899,23414905600716,23414905791112,23414905791160,16,21.3482,2.5262,7.62676,3.48389,0.57873,5.22817,1.90396
481,1,0,1e+08,23414907009024,23414907783637,23414908218986,23414908373946,23414908413034,23414908709934,23414908861826,23414908861866,16,18.5284,7.74613,4.35349,1.5496,0.39088,2.969,1.51892
482,1,0,1e+08,23414910175785,23414910806518,23414911346638,23414911434758,23414911497390,23414911834058,23414911991270,23414911991310,16,18.1553,6.30733,5.4012,0.8812,0.62632,3.36668,1.57212
483,1,0,1e+08,23414913435759,23414913670384,23414914002486,23414914100422,23414914129826,23414914625499,23414914852451,23414914852595,16,14.1684,2.34625,3.32102,0.97936,0.29404,4.95673,2.26952
484,1,0,1e+08,23414915544583,23414916311407,23414916696241,23414916816349,23414916842109,23414917139037,23414917313433,23414917313465,16,17.6888,7.66824,3.84834,1.20108,0.2576,2.96928,1.74396
485,1,0,1e+08,23414918670521,23414919561632,23414919934233,23414920066157,23414920124525,23414920430385,23414920600037,23414920600069,16,19.2955,8.91111,3.72601,1.31924,0.58368,3.0586,1.69652
486,1,0,1e+08,23414923812215,23414924676508,23414925078122,23414925206118,23414925237814,23414925543426,23414925706654,23414925706694,16,18.9448,8.64293,4.01614,1.27996,0.31696,3.05612,1.63228
487,1,0,1e+08,23414928630330,23414929403612,23414930144312,23414930275457,23414930297509,23414930666317,23414930832405,23414930832449,16,22.0212,7.73282,7.407,1.31145,0.22052,3.68808,1.66088
488,1,0,1e+08,23414932080128,23414933194747,23414933627373,23414933745185,23414933786445,23414934097749,23414934274221,23414934274257,16,21.9413,11.1462,4.32626,1.17812,0.4126,3.11304,1.76472
489,1,0,1e+08,23414937031013,23414937348177,23414938257460,23414938351589,23414938426101,23414938817562,23414938987962,23414938988002,16,19.5699,3.17164,9.09283,0.94129,0.74512,3.91461,1.704
490,1,0,1e+08,23414941451466,23414941698506,23414941911610,23414941992490,23414942021042,23414942474487,23414943010278,23414943010453,16,15.5899,2.4704,2.13104,0.8088,0.28552,4.53445,5.35791
491,1,0,1e+08,23414945132525,23414946055904,23414946429326,23414946520390,23414946574446,23414946859898,23414947026626,23414947026666,16,18.9414,9.23379,3.73422,0.91064,0.54056,2.85452,1.66728
492,1,0,1e+08,23414948481620,23414949295225,23414949728126,23414949869167,23414949912955,23414950209423,23414950362135,23414950362175,16,18.8056,8.13605,4.32901,1.41041,0.43788,2.96468,1.52712
493,1,0,1e+08,23414951760715,23414952298677,23414953212105,23414953610806,23414953636650,23414954023163,23414954629971,23414954630063,16,28.6935,5.37962,9.13428,3.98701,0.25844,3.86513,6.06808
494,1,0,1e+08,23414955229890,23414955792011,23414956409304,23414956489368,23414956690741,23414957006617,23414957162009,23414957162045,16,19.3215,5.62121,6.17293,0.80064,2.01373,3.15876,1.55392
495,1,0,1e+08,23414958818656,23414959174058,23414960000032,23414960120690,23414960162954,23414960544522,23414960762114,23414960762150,16,19.4349,3.55402,8.25974,1.20658,0.42264,3.81568,2.17592
496,1,0,1e+08,23414962224495,23414962925399,23414963456356,23414963619712,23414963650192,23414963983868,23414964145888,23414964145924,16,19.2143,7.00904,5.30957,1.63356,0.3048,3.33676,1.6202
497,1,0,1e+08,23414965601107,23414966521785,23414966989762,23414967112210,23414967161674,23414967487366,23414967669270,23414967669402,16,20.6829,9.20678,4.67977,1.22448,0.49464,3.25692,1.81904
498,1,0,1e+08,23414968924573,23414969769579,23414970210065,23414970381689,23414970401593,23414970713205,23414970870441,23414970870477,16,19.459,8.45006,4.40486,1.71624,0.19904,3.11612,1.57236
499,1,0,1e+08,23414972218991,23414972536757,23414973207680,23414973336237,23414973360697,23414973703358,23414973854898,23414973854926,16,16.3594,3.17766,6.70923,1.28557,0.2446,3.42661,1.5154
500,1,0,1e+08,23414974341730,23414975312924,23414975675777,23414975750985,23414975776905,23414976122849,23414976336153,23414976336253,16,19.9452,9.71194,3.62853,0.75208,0.2592,3.45944,2.13304
501,1,0,1e+08,23414977683236,23414978060353,23414978830920,23414978917236,23414978941960,23414979346245,23414979530289,23414979530393,16,18.4716,3.77117,7.70567,0.86316,0.24724,4.04285,1.84044
502,1,0,1e+08,23414980984249,23414981933389,23414982293006,23414982383882,23414982420522,23414982762594,23414982947982,23414982948018,16,19.6377,9.4914,3.59617,0.90876,0.3664,3.42072,1.85388
503,1,0,1e+08,23414985270753,23414985581305,23414985832973,23414985936849,23414985967985,23414986189049,23414986332541,23414986332573,16,10.6182,3.10552,2.51668,1.03876,0.31136,2.21064,1.43492
504,1,0,1e+08,23414987651313,23414988303370,23414988849581,23414988952158,23414988994386,23414989331182,23414989475658,23414989475698,16,18.2438,6.52057,5.46211,1.02577,0.42228,3.36796,1.44476
505,1,0,1e+08,23414990933023,23414991765857,23414992171620,23414992254556,23414992287232,23414992723756,23414992873108,23414992873144,16,19.4012,8.32834,4.05763,0.82936,0.32676,4.36524,1.49352
506,1,0,1e+08,23414994223555,23414995163285,23414995516285,23414995598261,23414995619801,23414995941437,23414996123537,23414996123569,16,19.0001,9.3973,3.53,0.81976,0.2154,3.21636,1.821
507,1,0,1e+08,23414997440733,23414998467348,23414998830032,23414998914844,23414998948952,23414999240324,23414999425196,23414999425328,16,19.846,10.2661,3.62684,0.84812,0.34108,2.91372,1.84872
508,1,0,1e+08,23415000738615,23415001631210,23415002023689,23415002109097,23415002132525,23415002446433,23415002656101,23415002656249,16,19.1763,8.92595,3.92479,0.85408,0.23428,3.13908,2.09668
509,1,0,1e+08,23415004093345,23415005032596,23415005403076,23415005486884,23415005520072,23415005833744,23415006038256,23415006038360,16,19.4502,9.39251,3.7048,0.83808,0.33188,3.13672,2.04512
510,1,0,1e+08,23415007371087,23415008107550,23415008650746,23415008774250,23415008808722,23415009143510,23415009322054,23415009322194,16,19.5111,7.36463,5.43196,1.23504,0.34472,3.34788,1.78544
511,1,0,1e+08,23415010734696,23415011730921,23415012103426,23415012190082,23415012219498,23415012524062,23415012701162,23415012701290,16,19.6659,9.96225,3.72505,0.86656,0.29416,3.04564,1.771
512,1,0,1e+08,23415014063490,23415014361630,23415015215356,23415015313056,23415015357821,23415015769934,23415015978802,23415015978994,16,19.155,2.9814,8.53726,0.977,0.44765,4.12113,2.08868
513,1,0,1e+08,23415017499511,23415017760004,23415018113361,23415018202889,23415018228293,23415020747051,23415021069798,23415021070343,16,35.7083,2.60493,3.53357,0.89528,0.25404,25.1876,3.22747
514,1,0,1e+08,23415021784521,23415022176529,23415022454209,23415022534785,23415022600849,23415022834677,23415022985757,23415022985789,16,12.0127,3.92008,2.7768,0.80576,0.66064,2.33828,1.5108
515,1,0,1e+08,23415024442822,23415025400044,23415025765949,23415025891765,23415025929617,23415026215737,23415026387457,23415026387489,16,19.4467,9.57222,3.65905,1.25816,0.37852,2.8612,1.7172
516,1,0,1e+08,23415027669245,23415027991986,23415028304354,23415028390622,23415028427178,23415028731886,23415028924606,23415028924646,16,12.554,3.22741,3.12368,0.86268,0.36556,3.04708,1.9272
517,1,0,1e+08,23415029743817,23415029984741,23415030210501,23415030279673,23415030312401,23415030566385,23415030760329,23415030760369,16,10.1655,2.40924,2.2576,0.69172,0.32728,2.53984,1.93944
518,1,0,1e+08,23415031945510,23415032208207,23415032607060,23415032811295,23415032921578,23415033577318,23415033808670,23415033808722,16,18.6321,2.62697,3.98853,2.04235,1.10283,6.5574,2.31352
519,1,0,1e+08,23415035640780,23415036586320,23415036956677,23415037080469,23415037118549,23415037405061,23415037574837,23415037574993,16,19.3421,9.4554,3.70357,1.23792,0.3808,2.86512,1.69776
520,1,0,1e+08,23415038865500,23415039547484,23415040065442,23415040213243,23415040258067,23415040572215,23415040733079,23415040733119,16,18.6762,6.81984,5.17958,1.47801,0.44824,3.14148,1.60864
521,1,0,1e+08,23415042100320,23415042533359,23415043258348,23415043403804,23415043454640,23415043808916,23415043988260,23415043988296,16,18.8798,4.33039,7.24989,1.45456,0.50836,3.54276,1.79344
522,1,0,1e+08,23415045466891,23415046149576,23415046667474,23415046825019,23415046854379,23415047181767,23415047336611,23415047336647,16,18.6976,6.82685,5.17898,1.57545,0.2936,3.27388,1.54844
523,1,0,1e+08,23415048687177,23415048975533,23415049382873,23415049468177,23415049535089,23415050340187,23415050637400,23415050637468,16,19.5029,2.88356,4.0734,0.85304,0.66912,8.05098,2.97213
524,1,0,1e+08,23415052132318,23415052702481,23415053321297,23415053492927,23415053518943,23415053908727,23415054089251,23415054089291,16,19.5697,5.70163,6.18816,1.7163,0.26016,3.89784,1.80524
525,1,0,1e+08,23415056438130,23415056823321,23415057121953,23415057238693,23415057286489,23415057563641,23415057821753,23415057821789,16,13.8366,3.85191,2.98632,1.1674,0.47796,2.77152,2.58112
526,1,0,1e+08,23415060759932,23415061643596,23415062017193,23415062143665,23415062191149,23415062511625,23415062763597,23415062763749,16,20.0382,8.83664,3.73597,1.26472,0.47484,3.20476,2.51972
527,1,0,1e+08,23415066209994,23415066825169,23415067167463,23415067268507,23415067305975,23415067643987,23415067862743,23415067862871,16,16.5288,6.15175,3.42294,1.01044,0.37468,3.38012,2.18756
528,1,0,1e+08,23415070661807,23415071575400,23415071947006,23415072053486,23415072091934,23415072394974,23415072604590,23415072604758,16,19.4295,9.13593,3.71606,1.0648,0.38448,3.0304,2.09616
529,1,0,1e+08,23415073960889,23415074761933,23415075216321,23415075342277,23415075373425,23415075691261,23415075923189,23415075923393,16,19.625,8.01044,4.54388,1.25956,0.31148,3.17836,2.31928
530,1,0,1e+08,23415077185613,23415077758211,23415078400321,23415078516637,23415078560957,23415078908045,23415079100889,23415079100925,16,19.1531,5.72598,6.4211,1.16316,0.4432,3.47088,1.92844
531,1,0,1e+08,23415080471612,23415081124975,23415081657517,23415081798545,23415081822265,23415082144677,23415082315369,23415082315405,16,18.4379,6.53363,5.32542,1.41028,0.2372,3.22412,1.70692
532,1,0,1e+08,23415083666116,23415084271268,23415084839669,23415084956909,23415084982925,23415085322529,23415085490801,23415085490837,16,18.2472,6.05152,5.68401,1.1724,0.26016,3.39604,1.68272
533,1,0,1e+08,23415086951970,23415087253805,23415088125618,23415088217884,23415088288336,23415088706128,23415088874696,23415088874736,16,19.2277,3.01835,8.71813,0.92266,0.70452,4.17792,1.68568
534,1,0,1e+08,23415090389002,23415090752101,23415091064239,23415091194555,23415091221311,23415092114766,23415092332210,23415092332270,16,19.4327,3.63099,3.12138,1.30316,0.26756,8.93455,2.17444
535,1,0,1e+08,23415093650209,23415093869658,23415094131142,23415094216887,23415094262183,23415094674152,23415094850768,23415094850804,16,12.006,2.19449,2.61484,0.85745,0.45296,4.11969,1.76616
536,1,0,1e+08,23415095700958,23415095982852,23415096280153,23415096346829,23415096419889,23415096723317,23415096892817,23415096892849,16,11.9189,2.81894,2.97301,0.66676,0.7306,3.03428,1.695
537,1,0,1e+08,23415097732897,23415098129962,23415098861860,23415098941948,23415098982324,23415099367120,23415099599460,23415099599648,16,18.6675,3.97065,7.31898,0.80088,0.40376,3.84796,2.3234
538,1,0,1e+08,23415101006380,23415101415144,23415101731197,23415101799329,23415101824829,23415102064229,23415102218637,23415102218673,16,12.1229,4.08764,3.16053,0.68132,0.255,2.394,1.54408
539,1,0,1e+08,23415103199294,23415104145653,23415104522279,23415104659231,23415104686455,23415104985515,23415105159907,23415105159939,16,19.6065,9.46359,3.76626,1.36952,0.27224,2.9906,1.74392
540,1,0,1e+08,23415106558695,23415107245303,23415107765825,23415107858885,23415107926793,23415108261153,23415108415269,23415108415305,16,18.5661,6.86608,5.20522,0.9306,0.67908,3.3436,1.54116
541,1,0,1e+08,23415109634321,23415110323700,23415110860330,23415110991454,23415111028842,23415111346070,23415111499330,23415111499366,16,18.6504,6.89379,5.3663,1.31124,0.37388,3.17228,1.5326
542,1,0,1e+08,23415112768616,23415113451705,23415113969598,23415114100835,23415114140087,23415114458051,23415114604471,23415114604503,16,18.3589,6.83089,5.17893,1.31237,0.39252,3.17964,1.4642
543,1,0,1e+08,23415115904742,23415116126578,23415116363114,23415116438030,23415116465694,23415116747046,23415116936754,23415116936794,16,10.3205,2.21836,2.36536,0.74916,0.27664,2.81352,1.89708
544,1,0,1e+08,23415118070077,23415118880779,23415119319426,23415119461386,23415119503654,23415119811450,23415119975010,23415119975046,16,19.0497,8.10702,4.38647,1.4196,0.42268,3.07796,1.6356
545,1,0,1e+08,23415121270936,23415121984300,23415122482218,23415122592482,23415122657538,23415123013038,23415123166106,23415123166142,16,18.9521,7.13364,4.97918,1.10264,0.65056,3.555,1.53068
546,1,0,1e+08,23415124485939,23415124882799,23415125642924,23415125789865,23415125841221,23415126184257,23415126338061,23415126338097,16,18.5216,3.9686,7.60125,1.46941,0.51356,3.43036,1.53804
547,1,0,1e+08,23415127686490,23415128290860,23415128848069,23415128937137,23415128975305,23415129402909,23415129569349,23415129569389,16,18.829,6.0437,5.57209,0.89068,0.38168,4.27604,1.6644
548,1,0,1e+08,23415130902096,23415131844962,23415132203024,23415132281360,23415132320696,23415132651988,23415132819748,23415132819780,16,19.1768,9.42866,3.58062,0.78336,0.39336,3.31292,1.6776
549,1,0,1e+08,23415134304752,23415135090954,23415135584442,23415135739370,23415135782962,23415136108454,23415136276722,23415136276758,16,19.7201,7.86202,4.93488,1.54928,0.43592,3.25492,1.68268
550,1,0,1e+08,23415139212001,23415140011223,23415140438226,23415140523310,23415140553498,23415140923130,23415141122714,23415141122746,16,19.1075,7.99222,4.27003,0.85084,0.30188,3.69632,1.99584
551,1,0,1e+08,23415144564593,23415145277501,23415145631046,23415145731142,23415145764918,23415146050890,23415146242182,23415146242214,16,16.7762,7.12908,3.53545,1.00096,0.33776,2.85972,1.91292
552,1,0,1e+08,23415149330127,23415149903045,23415150946900,23415151054814,23415151098242,23415151549938,23415151752086,23415151752198,16,24.2207,5.72918,10.4385,1.07914,0.43428,4.51696,2.02148
553,1,0,1e+08,23415152846552,23415153520009,23415154063909,23415154222393,23415154272505,23415154607301,23415154783881,23415154783917,16,19.3736,6.73457,5.439,1.58484,0.50112,3.34796,1.7658
554,1,0,1e+08,23415157803586,23415158381693,23415159015075,23415159160640,23415159206292,23415159547856,23415159788656,23415159788688,16,19.851,5.78107,6.33382,1.45565,0.45652,3.41564,2.408
555,1,0,1e+08,23415162834068,23415163076634,23415163338806,23415163416458,23415163441890,23415164347524,23415164573698,23415164573758,16,17.3969,2.42566,2.62172,0.77652,0.25432,9.05634,2.26174
556,1,0,1e+08,23415166198819,23415166602594,23415167350648,23415167477421,23415167530973,23415167894197,23415168066897,23415168066933,16,18.6811,4.03775,7.48054,1.26773,0.53552,3.63224,1.727
557,1,0,1e+08,23415169490927,23415169787975,23415170087411,23415170174211,23415170213407,23415170478719,23415170638307,23415170638343,16,11.4742,2.97048,2.99436,0.868,0.39196,2.65312,1.59588
558,1,0,1e+08,23415171575527,23415172069535,23415172776084,23415172855952,23415172931413,23415173293994,23415173458158,23415173458194,16,18.8267,4.94008,7.06549,0.79868,0.75461,3.62581,1.64164
559,1,0,1e+08,23415174797151,23415175057196,23415175286200,23415175358912,23415175428648,23415176192432,23415176510901,23415176511085,16,17.1393,2.60045,2.29004,0.72712,0.69736,7.63784,3.18469
560,1,0,1e+08,23415178060448,23415179041820,23415179421074,23415179555878,23415179593886,23415179890082,23415180048146,23415180048182,16,19.8773,9.81372,3.79254,1.34804,0.38008,2.96196,1.58064
561,1,0,1e+08,23415181200832,23415181486081,23415181763241,23415181841877,23415181871021,23415182229965,23415182398477,23415182398517,16,11.9769,2.85249,2.7716,0.78636,0.29144,3.58944,1.68512
562,1,0,1e+08,23415183336057,23415184221195,23415184645902,23415184766030,23415184807566,23415185140410,23415185300838,23415185300874,16,19.6482,8.85138,4.24707,1.20128,0.41536,3.32844,1.60428
563,1,0,1e+08,23415186661892,23415187623964,23415188027845,23415188100429,23415188134041,23415188407261,23415188564965,23415188564997,16,19.0311,9.62072,4.03881,0.72584,0.33612,2.7322,1.57704
564,1,0,1e+08,23415189846478,23415190426893,23415191029276,23415191113448,23415191176616,23415191516624,23415191685080,23415191685116,16,18.3864,5.80415,6.02383,0.84172,0.63168,3.40008,1.68456
565,1,0,1e+08,23415193262636,23415194232860,23415194594201,23415194701369,23415194738045,23415195008465,23415195161749,23415195161781,16,18.9915,9.70224,3.61341,1.07168,0.36676,2.7042,1.53284
566,1,0,1e+08,23415196288626,23415196734461,23415197462988,23415197548576,23415197585312,23415197982797,23415198167993,23415198168089,16,18.7946,4.45835,7.28527,0.85588,0.36736,3.97485,1.85196
567,1,0,1e+08,23415199645484,23415199952632,23415200235028,23415200329256,23415200359668,23415201275742,23415201517004,23415201517068,16,18.7158,3.07148,2.82396,0.94228,0.30412,9.16074,2.41262
568,1,0,1e+08,23415202821527,23415203048836,23415203848627,23415204011776,23415204057533,23415204462051,23415204635171,23415204635211,16,18.1368,2.27309,7.99791,1.63149,0.45757,4.04518,1.7312
569,1,0,1e+08,23415206203032,23415206611203,23415207431839,23415207628000,23415207659332,23415208075310,23415208262830,23415208262874,16,20.5984,4.08171,8.20636,1.96161,0.31332,4.15978,1.8752
570,1,0,1e+08,23415209483176,23415210192541,23415210686133,23415210809477,23415210844497,23415211160589,23415211334225,23415211334265,16,18.5109,7.09365,4.93592,1.23344,0.3502,3.16092,1.73636
571,1,0,1e+08,23415212714583,23415213330303,23415213903950,23415214035394,23415214096378,23415214423322,23415214596302,23415214596398,16,18.8181,6.1572,5.73647,1.31444,0.60984,3.26944,1.7298
572,1,0,1e+08,23415215995241,23415216496099,23415217184560,23415217331780,23415217363925,23415217705741,23415217879117,23415217879225,16,18.8398,5.00858,6.88461,1.4722,0.32145,3.41816,1.73376
573,1,0,1e+08,23415219250419,23415219474292,23415220329545,23415220421470,23415220454958,23415220859770,23415221015774,23415221015818,16,17.654,2.23873,8.55253,0.91925,0.33488,4.04812,1.56004
574,1,0,1e+08,23415222451021,23415222654945,23415222879197,23415222951521,23415222976649,23415223272529,23415223455641,23415223455677,16,10.0466,2.03924,2.24252,0.72324,0.25128,2.9588,1.83112
575,1,0,1e+08,23415224509930,23415225231035,23415225701489,23415225784398,23415225825970,23415226178298,23415226371422,23415226371542,16,18.6161,7.21105,4.70454,0.82909,0.41572,3.52328,1.93124
576,1,0,1e+08,23415227634230,23415227877524,23415228717564,23415228804996,23415228846896,23415229300464,23415229459308,23415229459348,16,18.2512,2.43294,8.4004,0.87432,0.419,4.53568,1.58844
577,1,0,1e+08,23415230890098,23415231259089,23415232038961,23415232123971,23415232187539,23415232596900,23415232782968,23415232783128,16,18.9303,3.68991,7.79872,0.8501,0.63568,4.09361,1.86068
578,1,0,1e+08,23415234278332,23415235101001,23415235533554,23415235672275,23415235714431,23415236014915,23415236166575,23415236166615,16,18.8828,8.22669,4.32553,1.38721,0.42156,3.00484,1.5166
579,1,0,1e+08,23415237879495,23415238458607,23415239041545,23415239185505,23415239232825,23415239559053,23415239743757,23415239743905,16,18.6441,5.79112,5.82938,1.4396,0.4732,3.26228,1.84704
580,1,0,1e+08,23415241118753,23415241560387,23415242274022,23415242423962,23415242483770,23415242827482,23415242982554,23415242982594,16,18.6384,4.41634,7.13635,1.4994,0.59808,3.43712,1.55072
581,1,0,1e+08,23415244498558,23415244750822,23415245479099,23415245662817,23415245743958,23415246179085,23415246387465,23415246387629,16,18.8907,2.52264,7.28277,1.83718,0.81141,4.35127,2.0838
582,1,0,1e+08,23415247960928,23415248184049,23415248436397,23415248522473,23415248558869,23415248854089,23415249053769,23415249053805,16,10.9288,2.23121,2.52348,0.86076,0.36396,2.9522,1.9968
583,1,0,1e+08,23415249996650,23415250494892,23415251184838,23415251269402,23415251331354,23415251695682,23415251879146,23415251879182,16,18.8253,4.98242,6.89946,0.84564,0.61952,3.64328,1.83464
584,1,0,1e+08,23415253392662,23415253796266,23415254553773,23415254640711,23415254757896,23415255097860,23415255256880,23415255256916,16,18.6425,4.03604,7.57507,0.86938,1.17185,3.39964,1.5902
585,1,0,1e+08,23415256602172,23415257059264,23415257772431,23415257923072,23415257969676,23415258303560,23415258468140,23415258468268,16,18.661,4.57092,7.13167,1.50641,0.46604,3.33884,1.6458
586,1,0,1e+08,23415259888406,23415260323130,23415261062612,23415261195245,23415261241965,23415261593138,23415261773362,23415261773514,16,18.8511,4.34724,7.39482,1.32633,0.4672,3.51173,1.80224
587,1,0,1e+08,23415263227855,23415263446329,23415263593593,23415263659209,23415263692757,23415263862613,23415264075453,23415264075553,16,8.47698,2.18474,1.47264,0.65616,0.33548,1.69856,2.1284
588,1,0,1e+08,23415265377019,23415266081793,23415266582048,23415266710340,23415266738908,23415267067648,23415267273940,23415267274100,16,18.9708,7.04774,5.00255,1.28292,0.28568,3.2874,2.06292
589,1,0,1e+08,23415268543369,23415269045741,23415269741132,23415269881032,23415269908812,23415270273156,23415270441356,23415270441488,16,18.9812,5.02372,6.95391,1.399,0.2778,3.64344,1.682
590,1,0,1e+08,23415271969468,23415272632987,23415273167429,23415273292765,23415273325113,23415273651469,23415273802945,23415273802985,16,18.3352,6.63519,5.34442,1.25336,0.32348,3.26356,1.51476
591,1,0,1e+08,23415275146150,23415275493318,23415276253562,23415276339702,23415276413030,23415276767306,23415276937542,23415276937690,16,17.9154,3.47168,7.60244,0.8614,0.73328,3.54276,1.70236
592,1,0,1e+08,23415278293805,23415278957557,23415279475028,23415279624248,23415279651756,23415279971384,23415280137268,23415280137412,16,18.4361,6.63752,5.17471,1.4922,0.27508,3.19628,1.65884
593,1,0,1e+08,23415281451119,23415282015364,23415282627813,23415282720513,23415282790501,23415283124877,23415283282977,23415283283013,16,18.3189,5.64245,6.12449,0.927,0.69988,3.34376,1.581
594,1,0,1e+08,23415284651935,23415284870459,23415285016151,23415285083915,23415285119927,23415285281891,23415285452263,23415285452367,16,8.00432,2.18524,1.45692,0.67764,0.36012,1.61964,1.70372
595,1,0,1e+08,23415286815737,23415287308378,23415287991995,23415288139861,23415288166489,23415288523341,23415288680473,23415288680509,16,18.6477,4.92641,6.83617,1.47866,0.26628,3.56852,1.57132
596,1,0,1e+08,23415290028934,23415290470825,23415291111048,23415291196149,23415291273521,23415291621225,23415291777249,23415291777285,16,17.4835,4.41891,6.40223,0.85101,0.77372,3.47704,1.56024
597,1,0,1e+08,23415294232730,23415294498350,23415294715610,23415294798574,23415294823698,23415295023102,23415295186762,23415295186786,16,9.54056,2.6562,2.1726,0.82964,0.25124,1.99404,1.6366
598,1,0,1e+08,23415297876819,23415298546735,23415299071702,23415299199559,23415299246391,23415299563679,23415299735387,23415299735519,16,18.587,6.69916,5.24967,1.27857,0.46832,3.17288,1.71708
599,1,0,1e+08,23415302306218,23415302517482,23415302728810,23415302824110,23415302852550,23415303771629,23415304011465,23415304011529,16,17.0531,2.11264,2.11328,0.953,0.2844,9.19079,2.39836
600,1,0,1e+08,23415305946762,23415306608828,23415306959057,23415307050969,23415307086385,23415307370233,23415307567513,23415307567541,16,16.2078,6.62066,3.50229,0.91912,0.35416,2.83848,1.9728
601,1,0,1e+08,23415310006008,23415310249760,23415310476068,23415310565720,23415310640200,23415311573794,23415311796878,23415311796942,16,17.9093,2.43752,2.26308,0.89652,0.7448,9.33594,2.23084
602,1,0,1e+08,23415313232617,23415313837473,23415314368237,23415314474029,23415314503905,23415314834621,23415315002893,23415315002933,16,17.7032,6.04856,5.30764,1.05792,0.29876,3.30716,1.68272
603,1,0,1e+08,23415316319252,23415316555016,23415316790820,23415316864940,23415316890580,23415317549966,23415317982678,23415317982894,16,16.6364,2.35764,2.35804,0.7412,0.2564,6.59386,4.32712
604,1,0,1e+08,23415319709260,23415320371533,23415320881633,23415320972670,23415321038566,23415321360254,23415321527654,23415321527838,16,18.1858,6.62273,5.101,0.91037,0.65896,3.21688,1.674
605,1,0,1e+08,23415322988506,23415323242626,23415323985603,23415324099217,23415324228592,23415324632848,23415324801116,23415324801156,16,18.1265,2.5412,7.42977,1.13614,1.29375,4.04256,1.68268
606,1,0,1e+08,23415326211728,23415326607301,23415327356648,23415327443593,23415327514230,23415327871879,23415328037507,23415328037551,16,18.2582,3.95573,7.49347,0.86945,0.70637,3.57649,1.65628
607,1,0,1e+08,23415329405949,23415329958122,23415330609573,23415330759821,23415330806749,23415331193437,23415331351357,23415331351401,16,19.4545,5.52173,6.51451,1.50248,0.46928,3.86688,1.5792
608,1,0,1e+08,23415332664408,23415333300329,23415333858981,23415333952789,23415333984653,23415334355397,23415334557945,23415334558061,16,18.9365,6.35921,5.58652,0.93808,0.31864,3.70744,2.02548
609,1,0,1e+08,23415336239750,23415336462562,23415336759456,23415336833732,23415336854648,23415337177456,23415337419352,23415337419516,16,11.7977,2.22812,2.96894,0.74276,0.20916,3.22808,2.41896
610,1,0,1e+08,23415338245872,23415338477672,23415338693376,23415338767164,23415338794196,23415339328654,23415339775903,23415339776333,16,15.3046,2.318,2.15704,0.73788,0.27032,5.34458,4.47249
611,1,0,1e+08,23415341600557,23415341855798,23415342399100,23415342603766,23415342786887,23415343276145,23415343472637,23415343472681,16,18.7212,2.55241,5.43302,2.04666,1.83121,4.89258,1.96492
612,1,0,1e+08,23415344984593,23415345677186,23415346183714,23415346338042,23415346367346,23415346687714,23415346842222,23415346842258,16,18.5767,6.92593,5.06528,1.54328,0.29304,3.20368,1.54508
613,1,0,1e+08,23415348258621,23415348549481,23415349015936,23415349119404,23415349170060,23415350031726,23415350262773,23415350262833,16,20.0421,2.9086,4.66455,1.03468,0.50656,8.61666,2.31047
614,1,0,1e+08,23415351695282,23415352377191,23415352882948,23415352993788,23415353027592,23415353353268,23415353514676,23415353514716,16,18.1943,6.81909,5.05757,1.1084,0.33804,3.25676,1.61408
615,1,0,1e+08,23415354856667,23415355066767,23415355308899,23415355382219,23415355403907,23415356136610,23415356481749,23415356481905,16,16.2524,2.101,2.42132,0.7332,0.21688,7.32703,3.45139
616,1,0,1e+08,23415358025660,23415358653460,23415359177360,23415359266809,23415359318029,23415359669013,23415359841197,23415359841309,16,18.1565,6.278,5.239,0.89449,0.5122,3.50984,1.72184
617,1,0,1e+08,23415361158019,23415361775505,23415362386272,23415362551435,23415362607067,23415362966807,23415363127255,23415363127299,16,19.6928,6.17486,6.10767,1.65163,0.55632,3.5974,1.60448
618,1,0,1e+08,23415364517940,23415364954326,23415365706376,23415365849157,23415365889525,23415366269669,23415366429441,23415366429481,16,19.1154,4.36386,7.5205,1.42781,0.40368,3.80144,1.59772
619,1,0,1e+08,23415367909892,23415368489049,23415369122209,23415369212878,23415369281927,23415369615079,23415369780179,23415369780219,16,18.7033,5.79157,6.3316,0.90669,0.69049,3.33152,1.651
620,1,0,1e+08,23415371153544,23415371515074,23415372302184,23415372480026,23415372527854,23415372880306,23415373064878,23415373064994,16,19.1145,3.6153,7.8711,1.77842,0.47828,3.52452,1.84572
621,1,0,1e+08,23415374621044,23415375367345,23415375881693,23415375971709,23415376033057,23415376357845,23415376522173,23415376522209,16,19.0117,7.46301,5.14348,0.90016,0.61348,3.24788,1.64328
622,1,0,1e+08,23415377898126,23415378409681,23415379127344,23415379298213,23415379330557,23415379691329,23415379863785,23415379863897,16,19.6577,5.11555,7.17663,1.70869,0.32344,3.60772,1.72456
623,1,0,1e+08,23415381257687,23415381554235,23415381815387,23415381892659,23415381917631,23415382262231,23415382471839,23415382471943,16,12.1426,2.96548,2.61152,0.77272,0.24972,3.446,2.09608
624,1,0,1e+08,23415383455392,23415383740134,23415384031358,23415384128658,23415384149486,23415385028048,23415385257332,23415385257392,16,18.02,2.84742,2.91224,0.973,0.20828,8.78562,2.29284
625,1,0,1e+08,23415386747928,23415386986418,23415387319934,23415387404862,23415387488618,23415387812794,23415387990622,23415387990690,16,12.4276,2.3849,3.33516,0.84928,0.83756,3.24176,1.77828
626,1,0,1e+08,23415388796954,23415389467940,23415389982188,23415390063144,23415390087625,23415390465389,23415390696885,23415390697013,16,19.0006,6.70986,5.14248,0.80956,0.24481,3.77764,2.31496
627,1,0,1e+08,23415392098555,23415393003364,23415393372096,23415393480424,23415393528588,23415393849320,23415393995532,23415393995564,16,18.9701,9.04809,3.68732,1.08328,0.48164,3.20732,1.46212
628,1,0,1e+08,23415395228558,23415395922893,23415396399338,23415396520239,23415396569495,23415396881587,23415397043303,23415397043339,16,18.1478,6.94335,4.76445,1.20901,0.49256,3.12092,1.61716
629,1,0,1e+08,23415398447989,23415398798160,23415399622385,23415399789683,23415399812348,23415400177172,23415400359564,23415400359604,16,19.1161,3.50171,8.24225,1.67298,0.22665,3.64824,1.82392
630,1,0,1e+08,23415402023046,23415402970792,23415403345280,23415403489268,23415403534464,23415403832640,23415404018120,23415404018224,16,19.9518,9.47746,3.74488,1.43988,0.45196,2.98176,1.8548
631,1,0,1e+08,23415405315437,23415405983542,23415406307975,23415406432479,23415406466847,23415407336494,23415407605205,23415407605357,16,22.8992,6.68105,3.24433,1.24504,0.34368,8.69647,2.68711
632,1,0,1e+08,23415408390739,23415408663840,23415408890192,23415408963008,23415408997628,23415409874144,23415410136629,23415410136689,16,17.4595,2.73101,2.26352,0.72816,0.3462,8.76516,2.62485
633,1,0,1e+08,23415411658776,23415412691316,23415413053658,23415413133194,23415413170310,23415413454690,23415413625786,23415413625818,16,19.6704,10.3254,3.62342,0.79536,0.37116,2.8438,1.71096
634,1,0,1e+08,23415414802371,23415415790516,23415416163326,23415416298874,23415416342766,23415416626734,23415416787854,23415416787890,16,19.8552,9.88145,3.7281,1.35548,0.43892,2.83968,1.6112
635,1,0,1e+08,23415418060501,23415418942731,23415419398223,23415419518444,23415419548920,23415419869884,23415420021256,23415420021292,16,19.6079,8.8223,4.55492,1.20221,0.30476,3.20964,1.51372
636,1,0,1e+08,23415421327107,23415421853572,23415422508558,23415422635302,23415422673214,23415423016218,23415423208794,23415423208830,16,18.8172,5.26465,6.54986,1.26744,0.37912,3.43004,1.92576
637,1,0,1e+08,23415424638427,23415425384643,23415425890824,23415425979881,23415426044661,23415426368245,23415426541129,23415426541169,16,19.0274,7.46216,5.06181,0.89057,0.6478,3.23584,1.72884
638,1,0,1e+08,23415429211974,23415429449566,23415429648886,23415429725862,23415429747834,23415430032426,23415430215442,23415430215478,16,10.035,2.37592,1.9932,0.76976,0.21972,2.84592,1.83016
639,1,0,1e+08,23415431519922,23415432047206,23415432705954,23415432833890,23415432878882,23415433226234,23415433406774,23415433406810,16,18.8689,5.27284,6.58748,1.27936,0.44992,3.47352,1.8054
640,1,0,1e+08,23415434747036,23415434978485,23415435807149,23415435906790,23415435969706,23415436371272,23415436550328,23415436550484,16,18.0345,2.31449,8.28664,0.99641,0.62916,4.01566,1.79056
641,1,0,1e+08,23415437994688,23415438610652,23415439162568,23415439251120,23415439355177,23415439698809,23415439863453,23415439863577,16,18.6889,6.15964,5.51916,0.88552,1.04057,3.43632,1.64644
642,1,0,1e+08,23415441155059,23415441885330,23415442425336,23415442517386,23415442581902,23415442919570,23415443089210,23415443089334,16,19.3427,7.30271,5.40006,0.9205,0.64516,3.37668,1.6964
643,1,0,1e+08,23415444498104,23415445091891,23415445757477,23415445846545,23415445969099,23415446340443,23415446516519,23415446516671,16,20.1857,5.93787,6.65586,0.89068,1.22554,3.71344,1.76076
644,1,0,1e+08,23415447914185,23415448595266,23415449158980,23415449250224,23415449345572,23415449693492,23415449876144,23415449876300,16,19.6212,6.81081,5.63714,0.91244,0.95348,3.4792,1.82652
645,1,0,1e+08,23415451208170,23415451885797,23415452426482,23415452516166,23415452635970,23415452959490,23415453118282,23415453118322,16,19.1015,6.77627,5.40685,0.89684,1.19804,3.2352,1.58792
646,1,0,1e+08,23415454532654,23415455025717,23415455700697,23415455784854,23415455852110,23415456207890,23415456389970,23415456390006,16,18.5735,4.93063,6.7498,0.84157,0.67256,3.5578,1.8208
647,1,0,1e+08,23415457893974,23415458550183,23415459078117,23415459225026,23415459272826,23415459588378,23415459763914,23415459764062,16,18.7009,6.56209,5.27934,1.46909,0.478,3.15552,1.75536
648,1,0,1e+08,23415461249963,23415461936427,23415462472844,23415462612000,23415462657384,23415462978472,23415463156044,23415463156192,16,19.0623,6.86464,5.36417,1.39156,0.45384,3.21088,1.77572
649,1,0,1e+08,23415464512229,23415464757107,23415464980571,23415465055699,23415465148279,23415465516092,23415466116233,23415466116513,16,16.0428,2.44878,2.23464,0.75128,0.9258,3.67813,6.00141
650,1,0,1e+08,23415467715484,23415468045238,23415468840952,23415468993322,23415469043894,23415469391962,23415469546686,23415469546726,16,18.3124,3.29754,7.95714,1.5237,0.50572,3.48068,1.54724
651,1,0,1e+08,23415470975028,23415471913183,23415472281741,23415472367533,23415472402365,23415472721285,23415472895229,23415472895361,16,19.2033,9.38155,3.68558,0.85792,0.34832,3.1892,1.73944
652,1,0,1e+08,23415474257334,23415474524280,23415474765776,23415474839128,23415474863692,23415475133052,23415475306128,23415475306160,16,10.4883,2.66946,2.41496,0.73352,0.24564,2.6936,1.73076
653,1,0,1e+08,23415476381814,23415477090666,23415477595174,23415477713318,23415477754274,23415478081606,23415478296538,23415478296674,16,19.1486,7.08852,5.04508,1.18144,0.40956,3.27332,2.14932
654,1,0,1e+08,23415479661215,23415480620849,23415481015949,23415481131733,23415481166229,23415481462953,23415481629349,23415481629513,16,19.683,9.59634,3.951,1.15784,0.34496,2.96724,1.66396
655,1,0,1e+08,23415482884270,23415483204068,23415484027092,23415484164564,23415484211113,23415484591001,23415484747029,23415484747141,16,18.6287,3.19798,8.23024,1.37472,0.46549,3.79888,1.56028
656,1,0,1e+08,23415486183924,23415487147198,23415487532472,23415487642476,23415487692632,23415487988532,23415488130044,23415488130076,16,19.4615,9.63274,3.85274,1.10004,0.50156,2.959,1.41512
657,1,0,1e+08,23415489382210,23415490064193,23415490620229,23415490755129,23415490803129,23415491162409,23415491342113,23415491342265,16,19.6006,6.81983,5.56036,1.349,0.48,3.5928,1.79704
658,1,0,1e+08,23415492790353,23415493068345,23415493400086,23415493478838,23415493508966,23415494300479,23415494666422,23415494666618,16,18.7626,2.77992,3.31741,0.78752,0.30128,7.91513,3.65943
659,1,0,1e+08,23415496133496,23415496601706,23415497294525,23415497391670,23415497467479,23415497810875,23415497970307,23415497970347,16,18.3685,4.6821,6.92819,0.97145,0.75809,3.43396,1.59432
660,1,0,1e+08,23415499394069,23415500105800,23415500598642,23415500698614,23415500775626,23415501093830,23415501256410,23415501256446,16,18.6238,7.11731,4.92842,0.99972,0.77012,3.18204,1.6258
661,1,0,1e+08,23415502645221,23415503515536,23415503911286,23415504047294,23415504103690,23415504397158,23415504547486,23415504547522,16,19.023,8.70315,3.9575,1.36008,0.56396,2.93468,1.50328
662,1,0,1e+08,23415506698867,23415507004864,23415507230244,23415507333488,23415507379424,23415507605496,23415507798896,23415507798936,16,11.0007,3.05997,2.2538,1.03244,0.45936,2.26072,1.934
663,1,0,1e+08,23415508976427,23415509946352,23415510308480,23415510444232,23415510485380,23415510758944,23415510901140,23415510901176,16,19.2475,9.69925,3.62128,1.35752,0.41148,2.73564,1.42196
664,1,0,1e+08,23415512162343,23415512948793,23415513370192,23415513449448,23415513480588,23415513853324,23415514034408,23415514034440,16,18.721,7.8645,4.21399,0.79256,0.3114,3.72736,1.81084
665,1,0,1e+08,23415515427869,23415515962469,23415516614411,23415516702780,23415516758484,23415517127128,23415517304920,23415517305060,16,18.7719,5.346,6.51942,0.88369,0.55704,3.68644,1.77792
666,1,0,1e+08,23415518665673,23415519555755,23415519933058,23415520014758,23415521524517,23415522448526,23415522709466,23415522709658,16,40.4398,8.90082,3.77303,0.817,15.0976,9.24009,2.6094
667,1,0,1e+08,23415522743006,23415523063950,23415523308262,23415523371710,23415523391170,23415523613858,23415523787138,23415523787270,16,10.4426,3.20944,2.44312,0.63448,0.1946,2.22688,1.7328
668,1,0,1e+08,23415525963471,23415526210851,23415526412327,23415526480443,23415526505583,23415526780567,23415526945335,23415526945375,16,9.81904,2.4738,2.01476,0.68116,0.2514,2.74984,1.64768
669,1,0,1e+08,23415528419602,23415528859371,23415529579656,23415529709965,23415529754553,23415530104037,23415530270665,23415530270701,16,18.511,4.39769,7.20285,1.30309,0.44588,3.49484,1.66628
670,1,0,1e+08,23415531714364,23415531968106,23415532855244,23415532988745,23415533041613,23415533430586,23415533628914,23415533629054,16,19.1469,2.53742,8.87138,1.33501,0.52868,3.88973,1.98328
671,1,0,1e+08,23415534994416,23415535590549,23415536160052,23415536272416,23415536303740,23415536631136,23415536792788,23415536792888,16,17.9847,5.96133,5.69503,1.12364,0.31324,3.27396,1.61652
672,1,0,1e+08,23415538109604,23415538565902,23415539280900,23415539361568,23415539432372,23415539789632,23415539975980,23415539976016,16,18.6641,4.56298,7.14998,0.80668,0.70804,3.5726,1.86348
673,1,0,1e+08,23415541366268,23415541811762,23415542598438,23415542689287,23415542782643,23415543177096,23415543353260,23415543353372,16,19.871,4.45494,7.86676,0.90849,0.93356,3.94453,1.76164
674,1,0,1e+08,23415544761691,23415545621075,23415546052240,23415546252841,23415546273033,23415546590889,23415546746661,23415546746705,16,19.8501,8.59384,4.31165,2.00601,0.20192,3.17856,1.55772
675,1,0,1e+08,23415547965971,23415548241676,23415553761172,23415556866424,23415556886694,23415557889221,23415558154569,23415558154717,16,101.887,2.75705,55.195,31.0525,0.2027,10.0253,2.65348
676,1,0,1e+08,23415559990573,23415560637360,23415561174601,23415561280286,23415561318742,23415561645434,23415561806698,23415561806738,16,18.1617,6.46787,5.37241,1.05685,0.38456,3.26692,1.61264
677,1,0,1e+08,23415563292714,23415563561758,23415563857217,23415564062068,23415564171690,23415564885913,23415565095733,23415565095785,16,18.0307,2.69044,2.95459,2.04851,1.09622,7.14223,2.0982
678,1,0,1e+08,23415566793121,23415567679017,23415568053375,23415568175035,23415568198959,23415568500439,23415568715075,23415568715107,16,19.2199,8.85896,3.74358,1.2166,0.23924,3.0148,2.14636
679,1,0,1e+08,23415571018547,23415571298975,23415571502423,23415571573347,23415571598443,23415572154957,23415572628108,23415572628292,16,16.0974,2.80428,2.03448,0.70924,0.25096,5.56514,4.73151
680,1,0,1e+08,23415574477366,23415575452305,23415575813649,23415575946789,23415575990437,23415576276361,23415576425621,23415576425657,16,19.4829,9.74939,3.61344,1.3314,0.43648,2.85924,1.4926
681,1,0,1e+08,23415577751908,23415578726597,23415579159364,23415579297625,23415579320965,23415579627897,23415579778729,23415579778769,16,20.2686,9.74689,4.32767,1.38261,0.2334,3.06932,1.50832
682,1,0,1e+08,23415581142095,23415581393423,23415581606623,23415581671179,23415581689047,23415581903999,23415582311243,23415582311678,16,11.6958,2.51328,2.132,0.64556,0.17868,2.14952,4.07244
683,1,0,1e+08,23415584377703,23415584590391,23415585436044,23415585572191,23415585615032,23415586007409,23415586193109,23415586193149,16,18.1545,2.12688,8.45653,1.36147,0.42841,3.92377,1.857
684,1,0,1e+08,23415587688135,23415588411202,23415588901093,23415588989693,23415589046677,23415589364481,23415589524561,23415589524661,16,18.3653,7.23067,4.89891,0.886,0.56984,3.17804,1.6008
685,1,0,1e+08,23415590889873,23415591526780,23415592108156,23415592241404,23415592287940,23415592623360,23415592794948,23415592795052,16,19.0518,6.36907,5.81376,1.33248,0.46536,3.3542,1.71588
686,1,0,1e+08,23415594210615,23415594484472,23415594829231,23415594923143,23415594959351,23415595350280,23415595514900,23415595514940,16,13.0432,2.73857,3.44759,0.93912,0.36208,3.90929,1.6462
687,1,0,1e+08,23415596266363,23415597013478,23415597503885,23415597621109,23415597662921,23415597995501,23415598171525,23415598171561,16,19.052,7.47115,4.90407,1.17224,0.41812,3.3258,1.76024
688,1,0,1e+08,23415599490237,23415600211330,23415600700418,23415600816330,23415600871266,23415601194438,23415601353798,23415601353834,16,18.636,7.21093,4.89088,1.15912,0.54936,3.23172,1.5936
689,1,0,1e+08,23415602825030,23415603343716,23415604011312,23415604144560,23415604192209,23415604537525,23415604709481,23415604709517,16,18.8449,5.18686,6.67596,1.33248,0.47649,3.45316,1.71956
690,1,0,1e+08,23415607159687,23415607385687,23415607624135,23415607718779,23415607745967,23415608794085,23415608993761,23415608993801,16,18.3411,2.26,2.38448,0.94644,0.27188,10.4812,1.99676
691,1,0,1e+08,23415609398621,23415610064840,23415610583592,23415610660372,23415610722477,23415611051517,23415611227457,23415611227493,16,18.2887,6.66219,5.18752,0.7678,0.62105,3.2904,1.7594
692,1,0,1e+08,23415612555765,23415612786425,23415613624899,23415613777173,23415613834229,23415614229226,23415614412734,23415614412774,16,18.5701,2.3066,8.38474,1.52274,0.57056,3.94997,1.83508
693,1,0,1e+08,23415615785455,23415616104858,23415616899690,23415617038594,23415617089584,23415617469661,23415617647725,23415617647761,16,18.6231,3.19403,7.94832,1.38904,0.5099,3.80077,1.78064
694,1,0,1e+08,23415619071844,23415620046180,23415620409689,23415620536793,23415620580417,23415620859133,23415621008925,23415621008961,16,19.3712,9.74336,3.63509,1.27104,0.43624,2.78716,1.49792
695,1,0,1e+08,23415622264988,23415622751875,23415623413848,23415623502000,23415623527280,23415623916384,23415624078128,23415624078168,16,18.1318,4.86887,6.61973,0.88152,0.2528,3.89104,1.61744
696,1,0,1e+08,23415625442435,23415625705566,23415626529968,23415626611005,23415626636085,23415627066662,23415627251594,23415627251634,16,18.092,2.63131,8.24402,0.81037,0.2508,4.30577,1.84932
697,1,0,1e+08,23415628667734,23415629483054,23415629892813,23415629980649,23415630006065,23415630363545,23415630540193,23415630540233,16,18.725,8.1532,4.09759,0.87836,0.25416,3.5748,1.76648
698,1,0,1e+08,23415631796141,23415632567223,23415632983260,23415633092504,23415633123156,23415633434296,23415633590404,23415633590440,16,17.943,7.71082,4.16037,1.09244,0.30652,3.1114,1.56108
699,1,0,1e+08,23415635208694,23415636108477,23415636517806,23415636603390,23415636637754,23415636960126,23415637164178,23415637164278,16,19.5558,8.99783,4.09329,0.85584,0.34364,3.22372,2.04052
700,1,0,1e+08,23415638360830,23415638781430,23415639490120,23415639605656,23415639635220,23415639992344,23415640147644,23415640147684,16,17.8685,4.206,7.0869,1.15536,0.29564,3.57124,1.553
701,1,0,1e+08,23415641540757,23415641773610,23415641992306,23415642066454,23415642099442,23415642961409,23415643204918,23415643205078,16,16.6432,2.32853,2.18696,0.74148,0.32988,8.61967,2.43509
702,1,0,1e+08,23415644644060,23415645066010,23415645787397,23415645875841,23415645946254,23415646298454,23415646464434,23415646464538,16,18.2048,4.2195,7.21387,0.88444,0.70413,3.522,1.6598
703,1,0,1e+08,23415647742662,23415647963415,23415648113475,23415648181271,23415648210271,23415648370127,23415648562439,23415648562507,16,8.19845,2.20753,1.5006,0.67796,0.29,1.59856,1.92312
704,1,0,1e+08,23415649831376,23415650352067,23415650948669,23415651079781,23415651125817,23415651471269,23415651637165,23415651637201,16,18.0583,5.20691,5.96602,1.31112,0.46036,3.45452,1.65896
705,1,0,1e+08,23415652867894,23415653117412,23415653964354,23415654106910,23415654153578,23415654530558,23415654710642,23415654710782,16,18.4289,2.49518,8.46942,1.42556,0.46668,3.7698,1.80084
706,1,0,1e+08,23415656086325,23415656479263,23415657291812,23415657431400,23415657480389,23415657869133,23415658037237,23415658037281,16,19.5096,3.92938,8.12549,1.39588,0.48989,3.88744,1.68104
707,1,0,1e+08,23415659310831,23415660148249,23415660573939,23415660696468,23415660730372,23415661032788,23415661181264,23415661181300,16,18.7047,8.37418,4.2569,1.22529,0.33904,3.02416,1.48476
708,1,0,1e+08,23415662424416,23415662856459,23415663617296,23415663786545,23415663834641,23415664193098,23415664360274,23415664360318,16,19.359,4.32043,7.60837,1.69249,0.48096,3.58457,1.67176
709,1,0,1e+08,23415666648229,23415666931959,23415667156839,23415667244231,23415667276431,23415667498763,23415667735523,23415667735659,16,10.8743,2.8373,2.2488,0.87392,0.322,2.22332,2.3676
710,1,0,1e+08,23415670210035,23415670916191,23415671406361,23415671510985,23415671551633,23415671923769,23415672103613,23415672103649,16,18.9361,7.06156,4.9017,1.04624,0.40648,3.72136,1.79844
711,1,0,1e+08,23415673722738,23415674411245,23415674762590,23415674851326,23415674885510,23415675194626,23415675425414,23415675425582,16,17.0284,6.88507,3.51345,0.88736,0.34184,3.09116,2.30788
712,1,0,1e+08,23415676667748,23415677534010,23415677924285,23415678048409,23415678081665,23415678388145,23415678548337,23415678548377,16,18.8063,8.66262,3.90275,1.24124,0.33256,3.0648,1.60192
713,1,0,1e+08,23415680711703,23415681014300,23415681241544,23415681325640,23415681355984,23415681573300,23415681786324,23415681786368,16,10.7467,3.02597,2.27244,0.84096,0.30344,2.17316,2.13024
714,1,0,1e+08,23415684160244,23415684372176,23415685008676,23415685274981,23415685327076,23415686264788,23415686492916,23415686492976,16,23.3273,2.11932,6.365,2.66305,0.52095,9.37712,2.28128
715,1,0,1e+08,23415687326339,23415687601371,23415688475307,23415688698407,23415688745651,23415689183610,23415689378702,23415689378746,16,20.5241,2.75032,8.73936,2.231,0.47244,4.37959,1.95092
716,1,0,1e+08,23415690653902,23415690900054,23415691210106,23415691312753,23415691344945,23415691751199,23415691957943,23415691957987,16,13.0408,2.46152,3.10052,1.02647,0.32192,4.06254,2.06744
717,1,0,1e+08,23415692626267,23415693171555,23415693822445,23415693898165,23415693919201,23415694314909,23415694530661,23415694530841,16,19.0457,5.45288,6.5089,0.7572,0.21036,3.95708,2.15752
718,1,0,1e+08,23415695769645,23415696668089,23415697042918,23415697152982,23415697190410,23415697487478,23415697659382,23415697659414,16,18.8977,8.98444,3.74829,1.10064,0.37428,2.97068,1.71904
719,1,0,1e+08,23415700453244,23415700735960,23415701396359,23415701504789,23415701557197,23415701995007,23415702202683,23415702202835,16,17.4959,2.82716,6.60399,1.0843,0.52408,4.3781,2.07676
720,1,0,1e+08,23415704629046,23415704988863,23415705256511,23415705356299,23415705403523,23415705635311,23415705819003,23415705819031,16,11.8999,3.59817,2.67648,0.99788,0.47224,2.31788,1.83692
721,1,0,1e+08,23415708073654,23415708298350,23415708678393,23415708835320,23415708964464,23415709485642,23415709645062,23415709645098,16,15.7144,2.24696,3.80043,1.56927,1.29144,5.21178,1.5942
722,1,0,1e+08,23415710147920,23415710457358,23415710749274,23415710818782,23415710837962,23415711077078,23415711224642,23415711224678,16,10.7676,3.09438,2.91916,0.69508,0.1918,2.39116,1.47564
723,1,0,1e+08,23415712111731,23415712930819,23415713358446,23415713435682,23415713489130,23415713806698,23415713956898,23415713956934,16,18.452,8.19088,4.27627,0.77236,0.53448,3.17568,1.502
724,1,0,1e+08,23415715198563,23415716142994,23415716506196,23415716581988,23415716603368,23415716953436,23415717132172,23415717132204,16,19.3364,9.44431,3.63202,0.75792,0.2138,3.50068,1.78736
725,1,0,1e+08,23415718306067,23415719031792,23415719513745,23415719637685,23415719680977,23415719998389,23415720176225,23415720176341,16,18.7027,7.25725,4.81953,1.2394,0.43292,3.17412,1.77836
726,1,0,1e+08,23415721435649,23415722342486,23415722730725,23415722888141,23415722917513,23415723209597,23415723355837,23415723355873,16,19.2022,9.06837,3.88239,1.57416,0.29372,2.92084,1.4624
727,1,0,1e+08,23415724566076,23415725110111,23415725738377,23415725877094,23415725906966,23415726242602,23415726393946,23415726393982,16,18.2791,5.44035,6.28266,1.38717,0.29872,3.35636,1.51344
728,1,0,1e+08,23415727744544,23415728705828,23415729079929,23415729643077,23415729665757,23415729888265,23415730055681,23415730055709,16,23.1117,9.61284,3.74101,5.63148,0.2268,2.22508,1.67416
729,1,0,1e+08,23415732610225,23415733269795,23415733827021,23415733902886,23415733932194,23415734314018,23415734492798,23415734492946,16,18.8272,6.5957,5.57226,0.75865,0.29308,3.81824,1.7878
730,1,0,1e+08,23415736911866,23415737170158,23415737376118,23415737439214,23415737463190,23415737658298,23415737822674,23415737822706,16,9.1084,2.58292,2.0596,0.63096,0.23976,1.95108,1.64376
731,1,0,1e+08,23415739107758,23415739929323,23415740360528,23415740572945,23415740612181,23415740901325,23415741073825,23415741073861,16,19.661,8.21565,4.31205,2.12417,0.39236,2.89144,1.725
732,1,0,1e+08,23415742255009,23415743027488,23415743511350,23415743671306,23415743713914,23415744019910,23415744175858,23415744175894,16,19.2088,7.72479,4.83862,1.59956,0.42608,3.05996,1.55948
733,1,0,1e+08,23415745453978,23415745738584,23415746544024,23415746629428,23415746653848,23415747070209,23415747228213,23415747228249,16,17.7427,2.84606,8.0544,0.85404,0.2442,4.16361,1.58004
734,1,0,1e+08,23415748567826,23415748814954,23415749084166,23415749167214,23415749196302,23415749499190,23415749682518,23415749682550,16,11.1472,2.47128,2.69212,0.83048,0.29088,3.02888,1.83328
735,1,0,1e+08,23415750590034,23415751590074,23415751964490,23415752050434,23415752075162,23415752386534,23415752554382,23415752554482,16,19.6445,10.0004,3.74416,0.85944,0.24728,3.11372,1.67848
736,1,0,1e+08,23415753825790,23415754126538,23415754940372,23415755024372,23415755082257,23415755494454,23415755685138,23415755685254,16,18.5946,3.00748,8.13834,0.84,0.57885,4.12197,1.90684
737,1,0,1e+08,23415757031931,23415757225355,23415757973018,23415758080060,23415758125476,23415758605373,23415758767969,23415758768009,16,17.3608,1.93424,7.47663,1.07042,0.45416,4.79897,1.62596
738,1,0,1e+08,23415760167356,23415761062238,23415761442830,23415761526462,23415761575082,23415761959326,23415762121142,23415762121178,16,19.5382,8.94882,3.80592,0.83632,0.4862,3.84244,1.61816
739,1,0,1e+08,23415763358164,23415764219270,23415764653196,23415764799889,23415764844713,23415765166509,23415765347909,23415765348045,16,19.8988,8.61106,4.33926,1.46693,0.44824,3.21796,1.814
740,1,0,1e+08,23415766574003,23415766858147,23415767142055,23415767246403,23415767275343,23415767571039,23415767749071,23415767749103,16,11.751,2.84144,2.83908,1.04348,0.2894,2.95696,1.78032
741,1,0,1e+08,23415768610722,23415769496740,23415769868054,23415769948574,23415769970806,23415770305034,23415770501478,23415770501510,16,18.9079,8.86018,3.71314,0.8052,0.22232,3.34228,1.96444
742,1,0,1e+08,23415771769809,23415772524856,23415773021208,23415773106380,23415773150440,23415773496584,23415773695608,23415773695700,16,19.2589,7.55047,4.96352,0.85172,0.4406,3.46144,1.99024
743,1,0,1e+08,23415775240700,23415776161072,23415776521750,23415776612122,23415776638450,23415776969086,23415777130366,23415777130402,16,18.897,9.20372,3.60678,0.90372,0.26328,3.30636,1.6128
744,1,0,1e+08,23415778358309,23415779173979,23415779589089,23415779690177,23415779732153,23415780045745,23415780259173,23415780259273,16,19.0096,8.1567,4.1511,1.01088,0.41976,3.13592,2.13428
745,1,0,1e+08,23415781547041,23415782005126,23415782734520,23415782875064,23415782902628,23415783299725,23415783501985,23415783502161,16,19.5512,4.58085,7.29394,1.40544,0.27564,3.97097,2.0226
746,1,0,1e+08,23415784895397,23415785746216,23415786171852,23415786283524,23415786327296,23415786634184,23415786784320,23415786784356,16,18.8896,8.50819,4.25636,1.11672,0.43772,3.06888,1.50136
747,1,0,1e+08,23415788029868,23415788807395,23415789308828,23415789465485,23415789494297,23415789815773,23415789962241,23415789962277,16,19.3241,7.77527,5.01433,1.56657,0.28812,3.21476,1.46468
748,1,0,1e+08,23415791331962,23415791984836,23415792530296,23415792659357,23415792680905,23415793041725,23415793199493,23415793199529,16,18.6757,6.52874,5.4546,1.29061,0.21548,3.6082,1.57768
749,1,0,1e+08,23415794700427,23415795366977,23415795890296,23415795999344,23415796037532,23415796375660,23415796550472,23415796550508,16,18.5008,6.6655,5.23319,1.09048,0.38188,3.38128,1.74812
750,1,0,1e+08,23415798050046,23415799007444,23415799381845,23415799520121,23415799568069,23415799846465,23415800010637,23415800010669,16,19.6062,9.57398,3.74401,1.38276,0.47948,2.78396,1.64172
751,1,0,1e+08,23415801351566,23415801886891,23415802595941,23415802719913,23415802751221,23415803098761,23415803257029,23415803257065,16,19.055,5.35325,7.0905,1.23972,0.31308,3.4754,1.58268
752,1,0,1e+08,23415805470308,23415805759768,23415805994616,23415806077240,23415806099068,23415806318864,23415806502312,23415806502348,16,10.3204,2.8946,2.34848,0.82624,0.21828,2.19796,1.83448
753,1,0,1e+08,23415807929500,23415808312735,23415808948789,23415809048584,23415809097229,23415809528145,23415809712025,23415809712069,16,17.8257,3.83235,6.36054,0.99795,0.48645,4.30916,1.8388
754,1,0,1e+08,23415809974250,23415810671555,23415811191734,23415811292790,23415811319354,23415811656994,23415811852318,23415811852354,16,18.781,6.97305,5.20179,1.01056,0.26564,3.3764,1.95324
755,1,0,1e+08,23415813299254,23415814056490,23415814521050,23415814632687,23415814665219,23415814995623,23415815161967,23415815162003,16,18.6275,7.57236,4.6456,1.11637,0.32532,3.30404,1.66344
756,1,0,1e+08,23415816507681,23415817219739,23415817709933,23415817866394,23415817898506,23415818206482,23415818356766,23415818356802,16,18.4912,7.12058,4.90194,1.56461,0.32112,3.07976,1.50284
757,1,0,1e+08,23415819827108,23415820915777,23415821350234,23415821455650,23415821491830,23415821833706,23415822013886,23415822013982,16,21.8687,10.8867,4.34457,1.05416,0.3618,3.41876,1.8018
758,1,0,1e+08,23415823147087,23415824038154,23415824467377,23415824621085,23415824650565,23415824965669,23415825139893,23415825139933,16,19.9285,8.91067,4.29223,1.53708,0.2948,3.15104,1.74224
759,1,0,1e+08,23415826943505,23415828096192,23415828652666,23415828757142,23415828800138,23415829206582,23415829457010,23415829457150,16,25.1364,11.5269,5.56474,1.04476,0.42996,4.06444,2.50428
760,1,0,1e+08,23415829515654,23415829956223,23415830686109,23415830819354,23415830864002,23415831215038,23415831375130,23415831375166,16,18.5951,4.40569,7.29886,1.33245,0.44648,3.51036,1.60092
761,1,0,1e+08,23415832839709,23415833636275,23415834064142,23415834179510,23415834216494,23415834534154,23415834731678,23415834731806,16,18.921,7.96566,4.27867,1.15368,0.36984,3.1766,1.97524
762,1,0,1e+08,23415837370693,23415837853143,23415838520146,23415838666690,23415838703086,23415839050150,23415839265358,23415839265398,16,18.9471,4.8245,6.67003,1.46544,0.36396,3.47064,2.15208
763,1,0,1e+08,23415840948110,23415842063198,23415842788616,23415842933428,23415842995209,23415843375197,23415843604029,23415843604169,16,26.5606,11.1509,7.25418,1.44812,0.61781,3.79988,2.28832
764,1,0,1e+08,23415845874645,23415846168537,23415846422309,23415846524505,23415846563913,23415846875637,23415847280627,23415847281057,16,14.0641,2.93892,2.53772,1.02196,0.39408,3.11724,4.0499
765,1,0,1e+08,23415851114880,23415851414998,23415851655354,23415851804674,23415851859010,23415852859917,23415853260056,23415853260228,16,21.4535,3.00118,2.40356,1.4932,0.54336,10.0091,4.00139
766,1,0,1e+08,23415855613216,23415856118670,23415856445363,23415856545691,23415856583343,23415856909375,23415857133911,23415857133939,16,15.2072,5.05454,3.26693,1.00328,0.37652,3.26032,2.24536
767,1,0,1e+08,23415859892084,23415860846216,23415861211456,23415861342460,23415861399752,23415861688488,23415861900204,23415861900320,16,20.0824,9.54132,3.6524,1.31004,0.57292,2.88736,2.11716
768,1,0,1e+08,23415863280470,23415864307085,23415864677381,23415864776069,23415864820069,23415865120977,23415865370641,23415865370793,16,20.9032,10.2661,3.70296,0.98688,0.44,3.00908,2.49664
769,1,0,1e+08,23415867627047,23415868039796,23415868322528,23415868426168,23415868516484,23415868773232,23415868991500,23415868991532,16,13.6448,4.12749,2.82732,1.0364,0.90316,2.56748,2.18268
770,1,0,1e+08,23415870704628,23415871430107,23415871915967,23415872013403,23415872036155,23415872405455,23415872725219,23415872725355,16,20.2073,7.25479,4.8586,0.97436,0.22752,3.693,3.19764
771,1,0,1e+08,23415874211185,23415874907766,23415875407022,23415875525278,23415875562818,23415875885110,23415876081518,23415876081554,16,18.7037,6.96581,4.99256,1.18256,0.3754,3.22292,1.96408
772,1,0,1e+08,23415877485243,23415877759959,23415878083868,23415878167996,23415878201104,23415878657391,23415878898984,23415878899036,16,14.1379,2.74716,3.23909,0.84128,0.33108,4.56287,2.41593
773,1,0,1e+08,23415879569400,23415879831748,23415880075380,23415880197625,23415880324421,23415881131089,23415881353062,23415881353114,16,17.8371,2.62348,2.43632,1.22245,1.26796,8.06668,2.21973
774,1,0,1e+08,23415883038422,23415883875267,23415884291129,23415884407561,23415884438785,23415884755781,23415884907145,23415884907181,16,18.6876,8.36845,4.15862,1.16432,0.31224,3.16996,1.51364
775,1,0,1e+08,23415886255384,23415887144563,23415887605576,23415887732457,23415887777025,23415888094173,23415888246637,23415888246673,16,19.9129,8.89179,4.61013,1.26881,0.44568,3.17148,1.52464
776,1,0,1e+08,23415889589639,23415890453366,23415890924201,23415891054662,23415891094758,23415891429574,23415891605206,23415891605246,16,20.1561,8.63727,4.70835,1.30461,0.40096,3.34816,1.75632
777,1,0,1e+08,23415892914878,23415893597730,23415894107377,23415894244069,23415894283285,23415894596081,23415894749161,23415894749201,16,18.3432,6.82852,5.09647,1.36692,0.39216,3.12796,1.5308
778,1,0,1e+08,23415896126289,23415896755174,23415897288825,23415897406238,23415897445534,23415897779654,23415897935370,23415897935406,16,18.0912,6.28885,5.33651,1.17413,0.39296,3.3412,1.55716
779,1,0,1e+08,23415899582446,23415900714015,23415901152820,23415901306168,23415901355492,23415901666240,23415901857092,23415901857228,16,22.7478,11.3157,4.38805,1.53348,0.49324,3.10748,1.90852
780,1,0,1e+08,23415902879127,23415903738964,23415904105221,23415904230953,23415904276817,23415904565509,23415904772953,23415904772989,16,18.9386,8.59837,3.66257,1.25732,0.45864,2.88692,2.07444
781,1,0,1e+08,23415906104553,23415906465689,23415907265976,23415907502682,23415907544874,23415907975429,23415908152137,23415908152181,16,20.4763,3.61136,8.00287,2.36706,0.42192,4.30555,1.76708
782,1,0,1e+08,23415909282009,23415910262188,23415910623862,23415910739122,23415910774042,23415911044714,23415911200854,23415911200886,16,19.1888,9.80179,3.61674,1.1526,0.3492,2.70672,1.5614
783,1,0,1e+08,23415913900036,23415914792503,23415915239626,23415915366990,23415915397590,23415915704402,23415915871090,23415915871222,16,19.7119,8.92467,4.47123,1.27364,0.306,3.06812,1.66688
784,1,0,1e+08,23415917178449,23415917458392,23415918322348,23415918470372,23415918520884,23415918882332,23415919056960,23415919057004,16,18.7856,2.79943,8.63956,1.48024,0.50512,3.61448,1.74628
785,1,0,1e+08,23415920436712,23415920927216,23415921292009,23415921388849,23415921425189,23415921609005,23415921811829,23415921812013,16,13.753,4.90504,3.64793,0.9684,0.3634,1.83816,2.02824
786,1,0,1e+08,23415922517639,23415922775812,23415923551633,23415923659621,23415923725762,23415924139378,23415924338818,23415924338970,16,18.2133,2.58173,7.75821,1.07988,0.66141,4.13616,1.9944
787,1,0,1e+08,23415925781336,23415926007526,23415926250138,23415926325938,23415926353058,23415926589706,23415926794698,23415926794730,16,10.1339,2.2619,2.42612,0.758,0.2712,2.36648,2.04992
788,1,0,1e+08,23415927843150,23415928509850,23415929075915,23415929236636,23415929266092,23415929586892,23415929738172,23415929738208,16,18.9506,6.667,5.66065,1.60721,0.29456,3.208,1.5128
789,1,0,1e+08,23415931372922,23415932206448,23415932647176,23415932794292,23415932824364,23415933151556,23415933303860,23415933303896,16,19.3097,8.33526,4.40728,1.47116,0.30072,3.27192,1.52304
790,1,0,1e+08,23415934593737,23415935587721,23415935961683,23415936104527,23415936147267,23415936430511,23415936577763,23415936577799,16,19.8406,9.93984,3.73962,1.42844,0.4274,2.83244,1.47252
791,1,0,1e+08,23415937789685,23415938765105,23415939126029,23415939248425,23415939292313,23415939572745,23415939738617,23415939738757,16,19.4907,9.7542,3.60924,1.22396,0.43888,2.80432,1.65872
792,1,0,1e+08,23415940911482,23415941289202,23415942067226,23415942153131,23415942264282,23415942653659,23415942818959,23415942818995,16,19.0751,3.7772,7.78024,0.85905,1.11151,3.89377,1.653
793,1,0,1e+08,23415944278789,23415944619433,23415945379222,23415945464303,23415945584892,23415945971592,23415946131268,23415946131312,16,18.5252,3.40644,7.59789,0.85081,1.20589,3.867,1.59676
794,1,0,1e+08,23415947476747,23415947770491,23415948599564,23415948748928,23415948796981,23415949169805,23415949332833,23415949332873,16,18.5613,2.93744,8.29073,1.49364,0.48053,3.72824,1.63028
795,1,0,1e+08,23415950730187,23415951219397,23415951953476,23415952040396,23415952083908,23415952493797,23415952695425,23415952695593,16,19.6541,4.8921,7.34079,0.8692,0.43512,4.09889,2.01628
796,1,0,1e+08,23415954018710,23415954514703,23415955210868,23415955296396,23415955384264,23415955723184,23415955894912,23415955895056,16,18.7635,4.95993,6.96165,0.85528,0.87868,3.3892,1.71728
797,1,0,1e+08,23415957386306,23415957601839,23415958435654,23415958535796,23415958601421,23415958995548,23415959186764,23415959186920,16,18.0061,2.15533,8.33815,1.00142,0.65625,3.94127,1.91216
798,1,0,1e+08,23415960637848,23415961363480,23415961894949,23415962023582,23415962063542,23415962410358,23415962584042,23415962584202,16,19.4635,7.25632,5.31469,1.28633,0.3996,3.46816,1.73684
799,1,0,1e+08,23415963856523,23415964308322,23415965008889,23415965157929,23415965199110,23415965537802,23415965686426,23415965686462,16,18.2994,4.51799,7.00567,1.4904,0.41181,3.38692,1.48624
800,1,0,1e+08,23415967009349,23415967692602,23415968206961,23415968349138,23415968408510,23415968721678,23415968882502,23415968882542,16,18.7319,6.83253,5.14359,1.42177,0.59372,3.13168,1.60824
801,1,0,1e+08,23415970061368,23415970978624,23415971353784,23415971437872,23415971462296,23415971805112,23415972045616,23415972045648,16,19.8428,9.17256,3.7516,0.84088,0.24424,3.42816,2.40504
802,1,0,1e+08,23415973275705,23415974231052,23415974599649,23415974714865,23415974740145,23415975072277,23415975236121,23415975236157,16,19.6045,9.55347,3.68597,1.15216,0.2528,3.32132,1.63844
803,1,0,1e+08,23415977504373,23415977784253,23415977973649,23415978061765,23415978088189,23415978931754,23415979206385,23415979206553,16,17.0218,2.7988,1.89396,0.88116,0.26424,8.43565,2.74631
804,1,0,1e+08,23415980886889,23415981494541,23415982005546,23415982092831,23415982153115,23415982481387,23415982651547,23415982651583,16,17.6469,6.07652,5.11005,0.87285,0.60284,3.28272,1.7016
805,1,0,1e+08,23415983933818,23415984385377,23415985102860,23415985239636,23415985288180,23415985626884,23415985798588,23415985798716,16,18.649,4.51559,7.17483,1.36776,0.48544,3.38704,1.71704
806,1,0,1e+08,23415987037751,23415987488539,23415988204835,23415988346260,23415988399105,23415988739705,23415988899813,23415988899853,16,18.621,4.50788,7.16296,1.41425,0.52845,3.406,1.60108
807,1,0,1e+08,23415990190955,23415990429873,23415991316697,23415991402655,23415991436447,23415991861045,23415992020861,23415992020897,16,18.2994,2.38918,8.86824,0.85958,0.33792,4.24598,1.59816
808,1,0,1e+08,23415993342520,23415993586653,23415993784697,23415993848869,23415993872689,23415994279781,23415994789019,23415994789119,16,14.466,2.44133,1.98044,0.64172,0.2382,4.07092,5.09238
809,1,0,1e+08,23415996683734,23415997459561,23415997884131,23415997966800,23415998054608,23415998397272,23415998578120,23415998578260,16,18.9453,7.75827,4.2457,0.82669,0.87808,3.42664,1.80848
810,1,0,1e+08,23415999867261,23416000802502,23416001186683,23416001273507,23416001303895,23416001608507,23416001807711,23416001807803,16,19.4054,9.35241,3.84181,0.86824,0.30388,3.04612,1.99204
811,1,0,1e+08,23416003020569,23416003695052,23416004205354,23416004315163,23416004346379,23416004671483,23416004831283,23416004831319,16,18.1075,6.74483,5.10302,1.09809,0.31216,3.25104,1.598
812,1,0,1e+08,23416006108666,23416007026605,23416007394942,23416007525014,23416007554674,23416007851218,23416008030770,23416008030802,16,19.2214,9.17939,3.68337,1.30072,0.2966,2.96544,1.79552
813,1,0,1e+08,23416009242343,23416009779056,23416010434028,23416010517528,23416010584236,23416010934268,23416011125060,23416011125096,16,18.8275,5.36713,6.54972,0.835,0.66708,3.50032,1.90792
814,1,0,1e+08,23416012461314,23416013108385,23416013680814,23416013768034,23416013852106,23416014204614,23416014361706,23416014361750,16,19.0044,6.47071,5.72429,0.8722,0.84072,3.52508,1.57092
815,1,0,1e+08,23416015674847,23416016081925,23416016836044,23416016924389,23416016996866,23416017366838,23416017526278,23416017526318,16,18.5147,4.07078,7.54119,0.88345,0.72477,3.69972,1.5944
816,1,0,1e+08,23416018791061,23416019738064,23416020105793,23416020224425,23416020255745,23416020551093,23416021825585,23416021825689,16,30.3463,9.47003,3.67729,1.18632,0.3132,2.95348,12.7449
817,1,0,1e+08,23416022002081,23416022588301,23416023105672,23416023185196,23416023257744,23416023646628,23416023807628,23416023807664,16,18.0558,5.8622,5.17371,0.79524,0.72548,3.88884,1.61
818,1,0,1e+08,23416025074783,23416025296116,23416025632500,23416025701960,23416025776376,23416026101960,23416026244200,23416026244224,16,11.6944,2.21333,3.36384,0.6946,0.74416,3.25584,1.4224
819,1,0,1e+08,23416027307255,23416027979004,23416028543040,23416028705657,23416028728729,23416029061001,23416029236493,23416029236529,16,19.2927,6.71749,5.64036,1.62617,0.23072,3.32272,1.75492
820,1,0,1e+08,23416030530215,23416031033895,23416031717928,23416031855080,23416031905568,23416032267108,23416032482232,23416032482268,16,19.5205,5.0368,6.84033,1.37152,0.50488,3.6154,2.15124
821,1,0,1e+08,23416036340767,23416036778045,23416037087625,23416037181613,23416037223009,23416037487365,23416037672173,23416037672205,16,13.3144,4.37278,3.0958,0.93988,0.41396,2.64356,1.84808
822,1,0,1e+08,23416041723593,23416042094937,23416042355361,23416042447509,23416042477189,23416042723361,23416042936581,23416042936641,16,12.1305,3.71344,2.60424,0.92148,0.2968,2.46172,2.1322
823,1,0,1e+08,23416045728523,23416046449960,23416046927038,23416047022970,23416047078270,23416047396642,23416047553282,23416047553322,16,18.248,7.21437,4.77078,0.95932,0.553,3.18372,1.5664
824,1,0,1e+08,23416050329490,23416050988906,23416051570760,23416051704486,23416051735922,23416052062302,23416052216678,23416052216718,16,18.8723,6.59416,5.81854,1.33726,0.31436,3.2638,1.54376
825,1,0,1e+08,23416053464919,23416053770408,23416054080065,23416054160961,23416054183069,23416054469817,23416054640597,23416054640629,16,11.7571,3.05489,3.09657,0.80896,0.22108,2.86748,1.7078
826,1,0,1e+08,23416055468077,23416055692649,23416055912353,23416055977069,23416055998505,23416056240685,23416056393537,23416056393569,16,9.25492,2.24572,2.19704,0.64716,0.21436,2.4218,1.52852
827,1,0,1e+08,23416057632255,23416058292948,23416058805792,23416058884516,23416058962348,23416059288676,23416059471668,23416059471800,16,18.3955,6.60693,5.12844,0.78724,0.77832,3.26328,1.82992
828,1,0,1e+08,23416060707557,23416061361099,23416061895830,23416062030042,23416062072242,23416062441358,23416062618062,23416062618098,16,19.1054,6.53542,5.34731,1.34212,0.422,3.69116,1.76704
829,1,0,1e+08,23416063960680,23416064437335,23416065123248,23416065206792,23416065278216,23416065652769,23416065802601,23416065802637,16,18.4196,4.76655,6.85913,0.83544,0.71424,3.74553,1.49832
830,1,0,1e+08,23416067070686,23416067294891,23416068090092,23416068252044,23416068304461,23416068713629,23416068875885,23416068875925,16,18.0524,2.24205,7.95201,1.61952,0.52417,4.09168,1.62256
831,1,0,1e+08,23416070325646,23416070960978,23416071497907,23416071642448,23416071697368,23416072036068,23416072199972,23416072200068,16,18.7442,6.35332,5.36929,1.44541,0.5492,3.387,1.63904
832,1,0,1e+08,23416073404095,23416074134398,23416074621674,23416074708846,23416074734674,23416075100842,23416075253210,23416075253246,16,18.4915,7.30303,4.87276,0.87172,0.25828,3.66168,1.52368
833,1,0,1e+08,23416076615742,23416076825442,23416077013614,23416077084558,23416077108878,23416077867079,23416078130746,23416078130806,16,15.1506,2.097,1.88172,0.70944,0.2432,7.58201,2.63667
834,1,0,1e+08,23416079783269,23416080765980,23416081127804,23416081229532,23416081258888,23416081559560,23416081746460,23416081746588,16,19.6332,9.82711,3.61824,1.01728,0.29356,3.00672,1.869
835,1,0,1e+08,23416082893973,23416083904237,23416084276077,23416084390073,23416084428301,23416084718169,23416084897569,23416084897729,16,20.0376,10.1026,3.7184,1.13996,0.38228,2.89868,1.794
836,1,0,1e+08,23416086110591,23416086776983,23416087301640,23416087473616,23416087501448,23416087854380,23416088023608,23416088023648,16,19.1306,6.66392,5.24657,1.71976,0.27832,3.52932,1.69228
837,1,0,1e+08,23416089280620,23416089740957,23416090424241,23416090516302,23416090586758,23416090930814,23416091087150,23416091087186,16,18.0657,4.60337,6.83284,0.92061,0.70456,3.44056,1.56336
838,1,0,1e+08,23416092404833,23416093055828,23416093596633,23416093716605,23416093759137,23416094093141,23416094254789,23416094254829,16,18.5,6.50995,5.40805,1.19972,0.42532,3.34004,1.61648
839,1,0,1e+08,23416095583756,23416095823789,23416096724767,23416096882020,23416096938617,23416097349670,23416097533662,23416097533698,16,19.4994,2.40033,9.00978,1.57253,0.56597,4.11053,1.83992
840,1,0,1e+08,23416099024543,23416099918252,23416100290989,23416100414949,23416100450193,23416100737513,23416100909545,23416100909577,16,18.8503,8.93709,3.72737,1.2396,0.35244,2.8732,1.72032
841,1,0,1e+08,23416102125978,23416102926369,23416103363342,23416103495142,23416103537346,23416103848754,23416104001046,23416104001082,16,18.751,8.00391,4.36973,1.318,0.42204,3.11408,1.52292
842,1,0,1e+08,23416106027689,23416106328201,23416106569297,23416106649017,23416106694601,23416106915673,23416107126445,23416107126473,16,10.9878,3.00512,2.41096,0.7972,0.45584,2.21072,2.10772
843,1,0,1e+08,23416109277916,23416109550740,23416109773624,23416109859788,23416109884304,23416110431414,23416110914233,23416110914429,16,16.3651,2.72824,2.22884,0.86164,0.24516,5.4711,4.82819
844,1,0,1e+08,23416112699908,23416113755261,23416114129958,23416114209198,23416114261442,23416114543978,23416114725250,23416114725390,16,20.2548,10.5535,3.74697,0.7924,0.52244,2.82536,1.81272
845,1,0,1e+08,23416116020700,23416116750790,23416117298670,23416117411066,23416117444126,23416117770274,23416117935266,23416117935306,16,19.1461,7.3009,5.4788,1.12396,0.3306,3.26148,1.64992
846,1,0,1e+08,23416119451664,23416119878438,23416120602332,23416120738504,23416120783160,23416121137648,23416121316992,23416121317028,16,18.6536,4.26774,7.23894,1.36172,0.44656,3.54488,1.79344
847,1,0,1e+08,23416122692509,23416123430010,23416123923232,23416124064004,23416124094900,23416124409148,23416124564180,23416124564280,16,18.7177,7.37501,4.93222,1.40772,0.30896,3.14248,1.55032
848,1,0,1e+08,23416125771493,23416126277595,23416126939025,23416127026614,23416127100282,23416127451502,23416127640222,23416127640262,16,18.6877,5.06102,6.6143,0.87589,0.73668,3.5122,1.8872
849,1,0,1e+08,23416129274066,23416130159514,23416130586978,23416130721819,23416130777407,23416131146287,23416131298595,23416131298631,16,20.2457,8.85448,4.27464,1.34841,0.55588,3.6888,1.52308
850,1,0,1e+08,23416132411210,23416132912226,23416133615320,23416133798408,23416133826732,23416134186276,23416134358716,23416134358864,16,19.4765,5.01016,7.03094,1.83088,0.28324,3.59544,1.7244
851,1,0,1e+08,23416135676344,23416135965370,23416136831321,23416136916261,23416136951185,23416137366901,23416137552177,23416137552309,16,18.7597,2.89026,8.65951,0.8494,0.34924,4.15716,1.85276
852,1,0,1e+08,23416138900385,23416139375933,23416140103428,23416140193008,23416140278664,23416140625996,23416140790752,23416140790876,16,18.9049,4.75548,7.27495,0.8958,0.85656,3.47332,1.64756
853,1,0,1e+08,23416142104574,23416142359574,23416142610398,23416142687366,23416142711026,23416143631108,23416143848306,23416143848366,16,17.4379,2.55,2.50824,0.76968,0.2366,9.20082,2.17198
854,1,0,1e+08,23416145149178,23416145555094,23416146295960,23416146378016,23416146458697,23416146888245,23416147054261,23416147054301,16,19.0512,4.05916,7.40866,0.82056,0.80681,4.29548,1.66016
855,1,0,1e+08,23416148395693,23416148634349,23416148881393,23416148957645,23416148982309,23416149864148,23416150120684,23416150120884,16,17.2519,2.38656,2.47044,0.76252,0.24664,8.81839,2.56536
856,1,0,1e+08,23416151465805,23416152073350,23416152680195,23416152763832,23416152827096,23416153212120,23416153412644,23416153412768,16,19.4696,6.07545,6.06845,0.83637,0.63264,3.85024,2.00524
857,1,0,1e+08,23416154677939,23416154941329,23416155269794,23416155393490,23416155420570,23416155751422,23416155986086,23416155986210,16,13.0827,2.6339,3.28465,1.23696,0.2708,3.30852,2.34664
858,1,0,1e+08,23416156736094,23416157735881,23416158104650,23416158224698,23416158258046,23416158543842,23416158727926,23416158728066,16,19.9197,9.99787,3.68769,1.20048,0.33348,2.85796,1.84084
859,1,0,1e+08,23416159858926,23416160149086,23416160432274,23416160509402,23416160536142,23416160874086,23416161061314,23416161061446,16,12.0252,2.9016,2.83188,0.77128,0.2674,3.37944,1.87228
860,1,0,1e+08,23416161890034,23416162138340,23416162380432,23416162448120,23416162472644,23416162702048,23416162867528,23416162867556,16,9.77522,2.48306,2.42092,0.67688,0.24524,2.29404,1.6548
861,1,0,1e+08,23416163888411,23416164152997,23416164414077,23416164484781,23416164512041,23416164931906,23416165453564,23416165453864,16,15.6545,2.64586,2.6108,0.70704,0.2726,4.19865,5.21658
862,1,0,1e+08,23416167066300,23416167604527,23416168245552,23416168330596,23416168364136,23416168745465,23416168942637,23416168942793,16,18.7649,5.38227,6.41025,0.85044,0.3354,3.81329,1.97172
863,1,0,1e+08,23416171092903,23416171381516,23416171615456,23416171747256,23416171769928,23416171977864,23416172147056,23416172147088,16,10.5419,2.88613,2.3394,1.318,0.22672,2.07936,1.69192
864,1,0,1e+08,23416173255022,23416173509938,23416173765766,23416173836862,23416173858062,23416174756596,23416175042190,23416175042346,16,17.8732,2.54916,2.55828,0.71096,0.212,8.98534,2.85594
865,1,0,1e+08,23416176401991,23416177212015,23416177666078,23416177750602,23416177776570,23416178107754,23416178291166,23416178291274,16,18.8928,8.10024,4.54063,0.84524,0.25968,3.31184,1.83412
866,1,0,1e+08,23416179558602,23416180396981,23416180847366,23416180952042,23416180983302,23416181296482,23416181457262,23416181457298,16,18.987,8.38379,4.50385,1.04676,0.3126,3.1318,1.6078
867,1,0,1e+08,23416182745522,23416183035247,23416183855406,23416183941987,23416184014592,23416184384188,23416184542556,23416184542596,16,17.9707,2.89725,8.20159,0.86581,0.72605,3.69596,1.58368
868,1,0,1e+08,23416185989606,23416186224262,23416186455486,23416186523394,23416186570570,23416186840970,23416186996258,23416186996286,16,10.0668,2.34656,2.31224,0.67908,0.47176,2.704,1.55288
869,1,0,1e+08,23416188406311,23416188631759,23416188859055,23416188925895,23416188949619,23416189156483,23416189295003,23416189295035,16,8.88724,2.25448,2.27296,0.6684,0.23724,2.06864,1.3852
870,1,0,1e+08,23416190601883,23416191575956,23416191936990,23416192063102,23416192098954,23416192383122,23416192563298,23416192563330,16,19.6145,9.74073,3.61034,1.26112,0.35852,2.84168,1.80176
871,1,0,1e+08,23416193875976,23416194626622,23416195189917,23416195283321,23416195351089,23416195683173,23416195831513,23416195831549,16,19.5557,7.50646,5.63295,0.93404,0.67768,3.32084,1.4834
872,1,0,1e+08,23416197170907,23416198139512,23416198511545,23416198654009,23416198704093,23416198974265,23416199120789,23416199120821,16,19.4991,9.68605,3.72033,1.42464,0.50084,2.70172,1.46524
873,1,0,1e+08,23416200397888,23416201378256,23416201781930,23416201864430,23416201895614,23416202178142,23416202325642,23416202325678,16,19.2779,9.80368,4.03674,0.825,0.31184,2.82528,1.475
874,1,0,1e+08,23416204517724,23416204821284,23416205035948,23416205154340,23416205184952,23416205412228,23416205611208,23416205611244,16,10.9352,3.0356,2.14664,1.18392,0.30612,2.27276,1.9898
875,1,0,1e+08,23416206804085,23416207058637,23416207251325,23416207312541,23416207332377,23416207580497,23416207738357,23416207738381,16,9.34296,2.54552,1.92688,0.61216,0.19836,2.4812,1.5786
876,1,0,1e+08,23416208887422,23416209590082,23416210111276,23416210230025,23416210272825,23416210655257,23416210835061,23416210835097,16,19.4768,7.0266,5.21194,1.18749,0.428,3.82432,1.79804
877,1,0,1e+08,23416212135666,23416212877652,23416213376228,23416213467508,23416213546616,23416213874060,23416214022780,23416214022816,16,18.8715,7.41986,4.98576,0.9128,0.79108,3.27444,1.4872
878,1,0,1e+08,23416215458405,23416215684941,23416215900829,23416215975165,23416216056269,23416216918264,23416217168106,23416217168258,16,17.0985,2.26536,2.15888,0.74336,0.81104,8.61995,2.49842
879,1,0,1e+08,23416218946454,23416219617004,23416220120182,23416220211759,23416220285175,23416220600847,23416220763431,23416220763467,16,18.1701,6.7055,5.03178,0.91577,0.73416,3.15672,1.62584
880,1,0,1e+08,23416222050468,23416222305488,23416223150254,23416223297798,23416223324862,23416223686974,23416223860510,23416223860622,16,18.1015,2.5502,8.44766,1.47544,0.27064,3.62112,1.73536
881,1,0,1e+08,23416225132228,23416225801995,23416226354001,23416226457345,23416226486709,23416226830054,23416226980726,23416226980770,16,18.4854,6.69767,5.52006,1.03344,0.29364,3.43345,1.50672
882,1,0,1e+08,23416228316924,23416228977147,23416229508594,23416229594738,23416229616419,23416229958983,23416230126343,23416230126379,16,18.0946,6.60223,5.31447,0.86144,0.21681,3.42564,1.6736
883,1,0,1e+08,23416231388543,23416231681316,23416232512638,23416232618502,23416232661930,23416233104198,23416233269606,23416233269646,16,18.811,2.92773,8.31322,1.05864,0.43428,4.42268,1.65408
884,1,0,1e+08,23416234487136,23416234785117,23416235573502,23416235712482,23416235739394,23416236107215,23416236258731,23416236258771,16,17.7163,2.97981,7.88385,1.3898,0.26912,3.67821,1.51516
885,1,0,1e+08,23416237590522,23416237829915,23416238120007,23416238223343,23416238265739,23416239182302,23416239411561,23416239411621,16,18.211,2.39393,2.90092,1.03336,0.42396,9.16563,2.29259
